timestamp,CH1,CH2,CH3,CH4,CH5,CH6,CH7,CH8,X,Y,Z,TEMP
2025-09-01 15:44:31.319000,-53.82,-42.315000000000005,69.03,-36.855,-22.425,50.895,83.85000000000001,57.915,18,69,-941,1216
2025-09-01 15:44:31.321125,-44.265,-35.88,53.625,-33.15,-18.135,46.02,68.055,48.36,17,73,-941,1216
2025-09-01 15:44:31.323250,-69.61500000000001,-68.64,34.905,-59.67,-48.945,24.765,56.940000000000005,35.685,22,78,-947,1216
2025-09-01 15:44:31.325375,-50.31,-47.385000000000005,63.96,-41.535,-29.835,51.09,96.72,61.035,23,79,-933,1152
2025-09-01 15:44:31.327500,-51.285,-46.215,51.675,-41.145,-31.98,39.39,65.325,40.56,20,78,-938,1152
2025-09-01 15:44:31.329625,-58.695,-45.045,45.045,-41.925,-29.25,33.345,56.940000000000005,39.585,19,78,-937,1216
2025-09-01 15:44:31.331750,-54.015,-44.85,56.16,-38.61,-23.985,36.465,64.935,44.265,23,75,-945,1152
2025-09-01 15:44:31.336000,-43.485,-37.05,59.67,-29.25,-11.31,45.045,63.18,51.48,23,75,-945,1152
2025-09-01 15:44:31.337750,-57.330000000000005,-53.04,44.85,-43.095,-31.005000000000003,32.370000000000005,52.455,29.64,30,76,-951,1216
2025-09-01 15:44:31.339500,-52.260000000000005,-46.02,49.725,-41.34,-29.64,37.44,63.375,40.17,27,78,-949,1216
2025-09-01 15:44:31.341250,-63.57,-54.405,46.215,-51.870000000000005,-44.265,34.71,54.99,37.245000000000005,26,74,-949,1216
2025-09-01 15:44:31.343000,-84.045,-71.565,43.485,-68.25,-57.915,30.42,50.895,36.075,24,72,-946,1216
2025-09-01 15:44:31.344750,-76.44,-63.18,50.505,-53.235,-40.95,42.705,65.52,37.05,24,72,-946,1216
2025-09-01 15:44:31.346500,-52.260000000000005,-40.95,71.76,-31.98,-11.505,65.715,84.63000000000001,62.595,27,70,-942,1280
2025-09-01 15:44:31.350000,-46.995000000000005,-39.585,71.565,-27.885,-11.7,65.91,80.535,59.67,28,71,-943,1216
2025-09-01 15:44:31.352875,-54.795,-37.83,68.64,-34.71,-10.725,58.305,71.76,61.23,28,73,-946,1216
2025-09-01 15:44:31.355750,-51.870000000000005,-36.075,74.685,-35.88,-12.87,74.295,89.7,69.42,26,74,-947,1216
2025-09-01 15:44:31.358625,-47.190000000000005,-32.565,81.12,-28.86,-8.385,77.61,89.895,72.54,26,74,-947,1216
2025-09-01 15:44:31.361500,-65.325,-47.775,68.25,-53.235,-21.06,65.52,74.88,59.865,24,76,-948,1216
2025-09-01 15:44:31.364375,-64.35000000000001,-53.235,64.155,-42.315000000000005,-20.865,62.595,72.54,60.645,24,74,-950,1216
2025-09-01 15:44:31.367250,-65.52,-57.330000000000005,64.155,-44.85,-22.62,61.035,64.35000000000001,53.625,25,72,-947,1216
2025-09-01 15:44:31.373000,-76.245,-69.61500000000001,49.14,-62.595,-39.585,37.44,59.475,33.54,25,74,-947,1216
2025-09-01 15:44:31.373875,-79.56,-69.81,46.215,-64.935,-35.49,37.83,54.405,40.17,25,74,-947,1216
2025-09-01 15:44:31.374750,-68.83500000000001,-51.675,65.325,-49.14,-20.865,59.67,72.15,57.72,26,70,-960,1216
2025-09-01 15:44:31.375625,-78.0,-61.815000000000005,62.010000000000005,-60.255,-30.225,49.53,63.96,43.095,17,71,-957,1216
2025-09-01 15:44:31.376500,-73.71000000000001,-60.06,55.575,-62.010000000000005,-28.08,49.335,63.765,45.435,22,72,-953,1216
2025-09-01 15:44:31.377375,-61.23,-56.745000000000005,67.86,-44.265,-18.915,57.525,76.83,52.455,23,72,-951,1280
2025-09-01 15:44:31.378250,-55.965,-49.14,82.68,-36.66,-7.995,67.86,86.19,67.665,23,72,-951,1280
2025-09-01 15:44:31.380000,-76.44,-67.665,63.375,-56.355,-32.955,43.29,68.25,39.975,16,77,-945,1216
2025-09-01 15:44:31.388125,-73.71000000000001,-61.425,57.72,-53.43,-23.595,43.095,60.84,39.39,21,76,-948,1216
2025-09-01 15:44:31.396250,-68.83500000000001,-59.67,61.620000000000005,-50.115,-26.52,43.485,62.010000000000005,47.775,23,75,-946,1280
2025-09-01 15:44:31.404375,-80.145,-67.275,54.6,-59.28,-37.05,32.175000000000004,52.260000000000005,31.98,23,75,-948,1216
2025-09-01 15:44:31.412500,-89.50500000000001,-75.465,41.925,-67.665,-49.92,23.595,43.29,22.815,23,75,-948,1216
2025-09-01 15:44:31.420625,-70.59,-65.91,57.915,-51.675,-32.565,43.095,60.06,40.17,27,78,-946,1216
2025-09-01 15:44:31.428750,-72.735,-60.255,48.75,-50.895,-33.15,36.66,60.45,34.905,22,77,-946,1216
2025-09-01 15:44:31.445000,-77.415,-63.57,48.75,-55.77,-29.835,39.585,60.255,31.785,22,74,-947,1280
2025-09-01 15:44:31.445000,-64.74000000000001,-51.870000000000005,60.255,-43.095,-22.23,46.02,68.25,41.535,20,72,-947,1280
2025-09-01 15:44:31.445000,-68.25,-60.255,59.28,-53.625,-30.03,33.15,65.13,37.83,14,75,-947,1216
2025-09-01 15:44:31.445000,-63.375,-55.77,50.505,-45.045,-25.155,34.32,59.085,32.370000000000005,23,73,-958,1216
2025-09-01 15:44:31.445000,-59.865,-54.795,47.775,-50.31,-27.495,31.785,53.235,30.81,19,76,-954,1216
2025-09-01 15:44:31.445000,-72.54,-67.275,42.315000000000005,-63.765,-40.17,19.695,50.7,20.865,21,75,-956,1152
2025-09-01 15:44:31.445000,-82.875,-76.83,35.1,-63.57,-43.29,22.62,52.065000000000005,26.52,21,75,-956,1152
2025-09-01 15:44:31.445000,-64.545,-50.31,60.06,-44.07,-19.695,35.88,56.16,39.39,20,79,-956,1216
2025-09-01 15:44:31.446000,-66.885,-59.28,53.04,-57.135000000000005,-29.445,31.005000000000003,52.065000000000005,30.615,18,78,-950,1216
2025-09-01 15:44:31.447000,-70.395,-54.21,56.355,-53.235,-28.275,35.49,52.65,33.93,17,77,-952,1216
2025-09-01 15:44:31.448000,-53.43,-35.1,56.55,-37.05,-11.115,42.9,61.23,43.485,16,76,-955,1280
2025-09-01 15:44:31.449000,-46.215,-34.905,65.91,-30.225,-8.385,48.36,76.635,56.940000000000005,16,76,-955,1280
2025-09-01 15:44:31.450000,-50.895,-45.435,46.605,-42.705,-20.865,28.47,54.6,31.98,10,76,-935,1152
2025-09-01 15:44:31.451000,-52.845,-44.07,49.335,-46.605,-21.45,32.565,56.745000000000005,34.125,16,79,-940,1280
2025-09-01 15:44:31.453000,-55.185,-48.555,39.975,-49.92,-24.18,26.52,51.285,25.35,13,77,-945,1280
2025-09-01 15:44:31.457875,-62.985,-57.135000000000005,40.56,-54.795,-27.69,22.425,51.09,28.47,15,80,-946,1216
2025-09-01 15:44:31.462750,-74.49000000000001,-69.22500000000001,33.15,-62.595,-41.925,5.265000000000001,31.005000000000003,9.36,14,74,-952,1216
2025-09-01 15:44:31.467625,-54.21,-38.61,51.285,-40.755,-16.965,25.935,53.625,30.03,21,78,-949,1280
2025-09-01 15:44:31.472500,-59.475,-46.605,38.22,-43.68,-33.15,11.505,52.065000000000005,13.065,19,80,-950,1280
2025-09-01 15:44:31.477375,-61.035,-55.575,40.17,-43.875,-25.935,15.21,44.07,20.67,16,79,-953,1216
2025-09-01 15:44:31.482250,-53.82,-36.855,49.725,-36.075,-20.67,21.84,47.97,24.57,18,80,-953,1216
2025-09-01 15:44:31.492000,-42.120000000000005,-29.055,53.04,-26.325,-7.995,31.98,56.745000000000005,33.93,18,80,-953,1216
2025-09-01 15:44:31.492125,-61.23,-47.190000000000005,43.485,-52.845,-28.275,22.23,43.485,20.67,15,77,-943,1216
2025-09-01 15:44:31.492250,-35.49,-29.055,24.18,-25.35,-12.87,27.105,24.765,11.505,10,79,-949,1216
2025-09-01 15:44:31.492375,-28.665000000000003,-17.55,36.66,-13.065,3.315,32.955,40.56,19.89,12,74,-946,1280
2025-09-01 15:44:31.492500,-19.89,-17.745,42.315000000000005,-19.5,-2.9250000000000003,37.635,42.120000000000005,21.255,12,74,-946,1216
2025-09-01 15:44:31.492625,-44.655,-38.415,27.885,-33.345,-17.745,10.92,26.130000000000003,8.775,10,78,-937,1216
2025-09-01 15:44:31.492750,-41.535,-31.98,24.57,-28.665000000000003,-11.115,11.115,28.86,12.09,17,83,-942,1216
2025-09-01 15:44:31.493000,-36.27,-34.32,12.09,-32.955,-18.525,1.56,16.185000000000002,-0.975,17,82,-940,1216
2025-09-01 15:44:31.493750,-51.48,-47.58,2.535,-41.145,-29.445,-11.115,11.115,-11.505,14,80,-944,1216
2025-09-01 15:44:31.494500,-63.96,-54.6,4.095,-52.65,-38.025,-4.68,9.75,-14.625,14,80,-944,1216
2025-09-01 15:44:31.495250,-20.085,-23.4,36.27,-15.21,-4.095,21.06,41.73,15.21,16,80,-945,1216
2025-09-01 15:44:31.496000,-29.64,-29.25,23.79,-24.375,-10.725,11.505,29.055,8.19,12,75,-932,1216
2025-09-01 15:44:31.496750,-31.785,-28.275,17.16,-25.155,-15.405,2.73,29.835,7.215,13,79,-943,1216
2025-09-01 15:44:31.497500,-18.915,-24.375,25.74,-16.38,-0.39,14.04,31.395,14.235,15,77,-943,1280
2025-09-01 15:44:31.499000,-17.55,-16.965,34.515,-12.87,-4.68,28.665000000000003,34.125,20.28,10,77,-943,1216
2025-09-01 15:44:31.501625,-38.805,-37.635,23.595,-30.03,-16.185000000000002,14.82,21.84,6.24,10,78,-946,1216
2025-09-01 15:44:31.504250,-36.855,-37.05,8.97,-31.005000000000003,-21.645,0.195,17.745,-4.29,7,79,-951,1280
2025-09-01 15:44:31.506875,-31.395,-27.69,17.55,-29.25,-17.16,5.46,19.305,0.78,8,80,-946,1152
2025-09-01 15:44:31.509500,-43.29,-31.395,1.56,-45.825,-31.59,-1.755,0.195,-11.895,10,80,-946,1216
2025-09-01 15:44:31.512125,-52.845,-44.46,-4.875,-45.63,-35.49,-7.41,-1.95,-16.77,11,79,-948,1280
2025-09-01 15:44:31.514750,-36.465,-25.935,10.335,-33.15,-16.77,4.29,11.31,-5.265000000000001,11,79,-948,1280
2025-09-01 15:44:31.520000,-37.245000000000005,-30.81,15.21,-32.370000000000005,-18.135,6.63,15.99,-3.315,21,76,-937,1216
2025-09-01 15:44:31.520000,-22.62,-18.915,27.3,-24.765,-4.29,19.695,28.47,15.405,16,77,-943,1216
2025-09-01 15:44:31.520000,-19.11,-16.575,25.545,-22.62,-6.825,19.695,36.075,12.285,10,79,-942,1216
2025-09-01 15:44:31.520000,-15.21,-12.09,25.935,-21.255,-3.705,22.62,26.91,7.0200000000000005,11,81,-942,1152
2025-09-01 15:44:31.520000,-31.98,-27.69,8.385,-33.54,-16.185000000000002,8.97,7.41,-5.265000000000001,11,81,-942,1152
2025-09-01 15:44:31.520000,-34.125,-24.375,12.87,-34.32,-15.405,3.315,12.09,-0.585,8,83,-937,1152
2025-09-01 15:44:31.520000,-27.105,-27.69,16.965,-31.98,-15.405,11.115,19.305,10.53,10,82,-943,1216
2025-09-01 15:44:31.520000,-39.39,-34.71,11.895,-42.9,-24.375,-5.07,10.53,-3.51,8,80,-948,1280
2025-09-01 15:44:31.523000,-39.39,-36.27,-1.755,-38.805,-21.06,-11.115,2.73,-7.800000000000001,6,80,-947,1216
2025-09-01 15:44:31.526000,-32.565,-31.200000000000003,15.795,-33.15,-27.885,1.755,14.625,1.95,9,80,-953,1152
2025-09-01 15:44:31.529000,-37.245000000000005,-28.08,16.965,-39.39,-19.89,8.19,15.6,6.4350000000000005,4,74,-941,1216
2025-09-01 15:44:31.532000,-32.370000000000005,-18.72,12.87,-35.88,-14.43,6.63,18.135,4.485,4,73,-947,1280
2025-09-01 15:44:31.535000,-31.200000000000003,-28.665000000000003,-7.995,-33.345,-20.865,-16.575,-3.12,-17.745,4,75,-947,1216
2025-09-01 15:44:31.538000,-25.935,-23.79,-16.575,-29.64,-19.5,-23.01,-26.52,-30.03,6,77,-947,1216
2025-09-01 15:44:31.544000,10.53,1.365,4.485,1.95,6.63,0.195,5.07,-5.265000000000001,6,77,-947,1216
2025-09-01 15:44:31.546250,-4.875,-16.38,4.875,-8.385,-5.8500000000000005,-5.8500000000000005,-3.705,-7.41,10,84,-955,1152
2025-09-01 15:44:31.548500,-21.645,-27.105,9.555,-31.59,-13.065,4.29,10.92,-0.195,6,77,-953,1152
2025-09-01 15:44:31.550750,-14.235,-15.015,35.49,-30.81,-3.9,19.305,28.47,12.285,4,76,-951,1152
2025-09-01 15:44:31.553000,-7.995,-4.29,31.005000000000003,-26.91,0.585,18.72,21.06,9.555,6,73,-951,1216
2025-09-01 15:44:31.555250,-17.355,-13.26,12.48,-31.59,-22.23,-6.045,-0.195,-8.775,6,73,-951,1216
2025-09-01 15:44:31.557500,-4.68,-10.53,-2.145,-9.165,-11.895,-13.65,-5.07,-20.085,9,73,-944,1088
2025-09-01 15:44:31.562000,13.845,4.095,-0.195,6.825,2.73,-15.405,-10.92,-19.89,12,77,-944,1216
2025-09-01 15:44:31.562375,10.53,-0.975,-20.67,-5.655,-3.51,-29.445,-22.62,-46.41,11,80,-945,1216
2025-09-01 15:44:31.562750,-6.045,-15.21,-28.08,-18.915,-23.4,-41.34,-31.785,-45.63,10,80,-948,1152
2025-09-01 15:44:31.563125,23.985,13.65,-11.895,18.72,7.0200000000000005,-23.01,-14.04,-35.1,10,80,-948,1152
2025-09-01 15:44:31.563500,38.805,15.21,-25.35,26.52,19.305,-37.83,-27.105,-45.045,11,85,-946,1216
2025-09-01 15:44:31.563875,36.465,22.23,-26.325,24.57,13.26,-46.995000000000005,-33.93,-57.135000000000005,10,81,-948,1216
2025-09-01 15:44:31.564250,60.45,38.61,-30.225,46.41,35.49,-45.045,-35.88,-56.355,10,84,-951,1216
2025-09-01 15:44:31.565000,72.735,51.48,-35.685,56.355,37.635,-51.09,-46.605,-62.010000000000005,10,82,-949,1280
2025-09-01 15:44:31.570625,61.035,38.415,-64.155,42.51,24.375,-78.78,-59.475,-86.97,10,82,-949,1280
2025-09-01 15:44:31.576250,72.54,42.315000000000005,-57.330000000000005,51.285,31.395,-65.715,-71.565,-84.045,13,80,-956,1280
2025-09-01 15:44:31.581875,80.73,42.315000000000005,-56.940000000000005,55.77,33.735,-62.205000000000005,-75.855,-90.87,11,78,-953,1280
2025-09-01 15:44:31.587500,84.24000000000001,42.315000000000005,-85.02,51.48,26.91,-91.65,-90.285,-112.32,9,79,-950,1280
2025-09-01 15:44:31.593125,83.46000000000001,40.365,-89.7,52.455,19.11,-100.035,-102.57,-117.585,10,77,-948,1216
2025-09-01 15:44:31.598750,105.3,63.57,-74.49000000000001,74.295,50.115,-84.825,-91.65,-101.79,10,77,-948,1216
2025-09-01 15:44:31.610000,103.35,61.815000000000005,-78.19500000000001,66.3,38.415,-90.87,-93.795,-104.91,10,82,-953,1216
2025-09-01 15:44:31.610000,102.765,62.205000000000005,-85.215,66.495,45.825,-100.62,-99.06,-110.955,12,79,-953,1216
2025-09-01 15:44:31.610000,117.975,74.10000000000001,-81.12,82.68,56.55,-91.455,-89.895,-113.49,12,80,-951,1280
2025-09-01 15:44:31.610000,117.975,77.025,-82.485,80.34,55.38,-100.23,-93.21,-112.32,11,77,-949,1152
2025-09-01 15:44:31.610000,109.2,64.74000000000001,-107.445,70.785,45.825,-124.995,-136.5,-141.96,11,77,-949,1152
2025-09-01 15:44:31.610000,103.935,58.5,-107.055,66.69,37.635,-119.145,-129.87,-136.11,19,79,-943,1216
2025-09-01 15:44:31.610000,119.34,71.565,-93.21,76.05,48.36,-105.885,-117.195,-128.115,17,84,-946,1216
2025-09-01 15:44:31.610000,113.295,63.96,-105.105,69.61500000000001,39.0,-122.85,-131.43,-148.395,15,83,-947,1216
2025-09-01 15:44:31.613125,106.08,58.695,-111.735,67.665,38.22,-119.34,-132.015,-144.495,14,84,-947,1280
2025-09-01 15:44:31.616250,125.385,82.68,-90.285,91.065,58.5,-105.105,-106.275,-131.235,14,84,-947,1280
2025-09-01 15:44:31.619375,128.115,74.88,-91.65,84.63000000000001,48.945,-113.1,-121.29,-134.55,12,84,-941,1216
2025-09-01 15:44:31.622500,123.435,68.44500000000001,-92.04,84.24000000000001,49.725,-115.635,-117.975,-132.99,19,79,-950,1280
2025-09-01 15:44:31.625625,119.73,74.295,-84.045,83.46000000000001,48.945,-101.79,-107.25,-121.095,16,77,-951,1280
2025-09-01 15:44:31.628750,133.57500000000002,86.58,-83.85000000000001,92.625,59.085,-96.33,-107.055,-126.555,14,82,-953,1216
2025-09-01 15:44:31.635000,116.025,66.885,-100.62,73.515,41.73,-118.365,-123.63,-133.185,14,82,-953,1216
2025-09-01 15:44:31.637000,122.85,75.855,-98.085,75.27,50.7,-111.93,-115.05,-132.21,21,80,-963,1216
2025-09-01 15:44:31.639000,129.09,84.045,-79.56,88.33500000000001,61.425,-87.94500000000001,-92.235,-110.175,15,78,-946,1216
2025-09-01 15:44:31.641000,123.045,77.22,-82.485,83.07000000000001,54.405,-96.72,-109.785,-125.19,13,81,-936,1216
2025-09-01 15:44:31.643000,129.285,77.61,-82.29,84.045,52.065000000000005,-99.45,-116.025,-123.24,15,82,-945,1152
2025-09-01 15:44:31.645000,132.015,81.705,-68.64,84.825,58.305,-86.19,-98.085,-110.76,13,79,-952,1280
2025-09-01 15:44:31.647000,135.525,87.75,-67.665,92.04,66.495,-75.27,-85.02,-102.18,11,76,-955,1216
2025-09-01 15:44:31.651000,113.295,69.61500000000001,-86.58,72.345,48.165,-97.5,-108.615,-125.19,11,76,-955,1216
2025-09-01 15:44:31.651875,111.345,68.44500000000001,-95.16,69.03,47.190000000000005,-95.355,-118.56,-127.335,17,76,-959,1216
2025-09-01 15:44:31.652750,123.63,75.27,-83.46000000000001,78.97500000000001,53.235,-87.75,-109.005,-117.585,13,74,-950,1216
2025-09-01 15:44:31.653625,109.59,59.085,-93.99,66.495,42.120000000000005,-93.405,-117.585,-124.02,13,75,-950,1216
2025-09-01 15:44:31.654500,109.98,52.65,-97.5,61.620000000000005,34.32,-95.16,-118.95,-122.07,12,74,-952,1280
2025-09-01 15:44:31.655375,127.92,77.025,-74.88,76.05,57.330000000000005,-75.66,-101.205,-102.57,12,74,-952,1280
2025-09-01 15:44:31.656250,120.9,71.76,-85.995,76.245,56.355,-87.555,-104.91,-112.125,7,77,-952,1280
2025-09-01 15:44:31.658000,114.27,64.935,-81.9,63.57,40.56,-83.85000000000001,-94.185,-108.42,12,74,-960,1280
2025-09-01 15:44:31.663250,128.895,79.95,-73.905,74.88,56.355,-71.955,-92.43,-102.96,11,74,-956,1216
2025-09-01 15:44:31.668500,138.06,92.43,-63.18,86.385,68.64,-63.18,-91.065,-95.355,11,77,-954,1280
2025-09-01 15:44:31.673750,119.535,69.42,-79.95,65.325,51.285,-80.535,-105.495,-110.565,11,77,-954,1280
2025-09-01 15:44:31.679000,119.34,67.86,-79.17,72.15,54.405,-72.15,-95.745,-97.11,17,82,-956,1216
2025-09-01 15:44:31.684250,110.76,60.84,-84.435,61.035,38.805,-81.705,-105.885,-109.395,22,79,-942,1280
2025-09-01 15:44:31.689500,100.62,46.02,-78.19500000000001,48.36,31.005000000000003,-86.385,-104.52,-102.96,19,79,-942,1280
2025-09-01 15:44:31.700000,96.135,44.07,-82.875,54.405,25.155,-92.82,-108.03,-109.98,17,81,-943,1280
2025-09-01 15:44:31.703000,112.32,62.79,-70.395,73.125,51.675,-76.83,-93.405,-100.425,17,81,-943,1280
2025-09-01 15:44:31.706000,109.785,62.400000000000006,-76.83,64.545,46.8,-75.075,-91.455,-104.52,13,77,-946,1216
2025-09-01 15:44:31.709000,108.03,57.330000000000005,-75.27,64.935,46.215,-82.29,-99.255,-105.3,11,81,-953,1280
2025-09-01 15:44:31.712000,117.78,65.91,-72.735,70.785,54.405,-68.055,-88.14,-95.16,15,82,-951,1216
2025-09-01 15:44:31.715000,123.045,74.685,-64.935,81.9,60.45,-60.06,-91.065,-86.775,16,77,-950,1216
2025-09-01 15:44:31.718000,101.79,52.65,-75.66,61.815000000000005,39.585,-81.9,-105.105,-108.42,16,77,-950,1216
2025-09-01 15:44:31.724000,103.935,55.77,-75.465,62.985,46.605,-82.68,-98.865,-100.815,14,81,-958,1152
2025-09-01 15:44:31.727625,106.665,59.865,-74.295,62.985,46.605,-74.88,-98.67,-100.62,11,73,-955,1216
2025-09-01 15:44:31.731250,92.625,39.975,-75.075,49.14,29.25,-83.85000000000001,-99.645,-112.515,16,76,-950,1216
2025-09-01 15:44:31.734875,87.75,37.83,-87.555,41.535,26.325,-93.795,-108.03,-113.295,15,75,-950,1280
2025-09-01 15:44:31.738500,101.595,57.330000000000005,-65.91,61.035,52.260000000000005,-59.67,-85.605,-92.04,15,75,-950,1280
2025-09-01 15:44:31.742125,96.72,57.135000000000005,-65.13,48.75,41.34,-69.22500000000001,-90.285,-95.745,18,78,-935,1216
2025-09-01 15:44:31.745750,94.185,58.305,-56.745000000000005,52.455,39.0,-50.31,-85.02,-86.775,16,82,-940,1216
2025-09-01 15:44:31.753000,106.665,64.545,-43.29,66.495,49.14,-45.045,-75.465,-76.05,20,84,-943,1216
2025-09-01 15:44:31.753000,122.07,73.515,-48.36,73.32000000000001,62.595,-45.24,-78.78,-78.97500000000001,17,80,-946,1216
2025-09-01 15:44:31.753000,94.38,48.36,-73.32000000000001,50.7,33.345,-69.03,-103.74,-97.5,17,80,-946,1216
2025-09-01 15:44:31.753000,85.215,37.44,-69.22500000000001,47.775,27.885,-63.375,-94.965,-89.895,17,83,-949,1216
2025-09-01 15:44:31.753000,89.895,50.895,-63.765,50.505,35.49,-62.205000000000005,-88.14,-93.99,19,78,-948,1280
2025-09-01 15:44:31.753000,79.95,43.485,-74.10000000000001,41.145,21.84,-69.61500000000001,-96.915,-100.035,15,76,-946,1216
2025-09-01 15:44:31.753000,79.56,36.465,-78.58500000000001,41.145,19.5,-74.88,-107.055,-99.06,15,80,-943,1216
2025-09-01 15:44:31.753000,91.455,62.79,-53.43,61.425,44.46,-43.875,-75.66,-73.71000000000001,15,80,-943,1216
2025-09-01 15:44:31.754750,93.405,55.575,-54.795,58.89,40.365,-49.92,-85.02,-73.32000000000001,12,74,-943,1216
2025-09-01 15:44:31.756500,89.50500000000001,54.99,-50.7,58.695,37.245000000000005,-48.75,-80.73,-72.54,5,75,-947,1216
2025-09-01 15:44:31.758250,92.235,57.915,-47.385000000000005,59.865,40.365,-42.705,-76.635,-64.935,10,76,-949,1280
2025-09-01 15:44:31.760000,104.715,72.54,-34.71,69.22500000000001,50.7,-36.855,-66.885,-63.96,12,77,-948,1216
2025-09-01 15:44:31.761750,87.75,50.7,-51.285,48.75,34.125,-53.235,-83.655,-76.83,12,77,-948,1216
2025-09-01 15:44:31.763500,88.72500000000001,46.995000000000005,-51.48,47.190000000000005,32.565,-55.38,-71.955,-73.125,8,77,-944,1216
2025-09-01 15:44:31.767000,88.53,53.04,-46.8,51.285,41.34,-57.330000000000005,-63.57,-66.3,15,76,-952,1280
2025-09-01 15:44:31.770375,71.955,35.88,-73.125,43.68,31.785,-68.44500000000001,-107.055,-92.82,16,77,-949,1216
2025-09-01 15:44:31.773750,60.06,31.005000000000003,-45.825,30.81,18.72,-53.04,-71.76,-57.525,13,80,-950,1216
2025-09-01 15:44:31.777125,61.815000000000005,35.1,-43.29,38.025,24.18,-52.065000000000005,-73.71000000000001,-57.525,8,84,-955,1216
2025-09-01 15:44:31.780500,50.895,25.74,-61.23,24.96,18.72,-65.325,-86.19,-73.905,9,78,-953,1216
2025-09-01 15:44:31.783875,46.02,20.475,-68.83500000000001,20.28,10.725,-62.79,-85.995,-78.97500000000001,12,79,-954,1280
2025-09-01 15:44:31.787250,63.18,36.27,-48.36,37.05,27.885,-39.78,-70.395,-55.38,9,83,-956,1216
2025-09-01 15:44:31.794000,60.255,28.47,-57.72,31.785,16.965,-47.58,-73.125,-65.715,9,83,-956,1216
2025-09-01 15:44:31.795375,56.16,28.665000000000003,-47.97,32.565,17.745,-39.975,-62.985,-58.305,12,76,-945,1216
2025-09-01 15:44:31.796750,71.76,37.83,-46.02,44.07,27.3,-37.635,-81.315,-53.625,10,76,-947,1216
2025-09-01 15:44:31.798125,73.71000000000001,45.24,-38.22,44.07,33.54,-36.075,-68.44500000000001,-52.455,11,79,-949,1216
2025-09-01 15:44:31.799500,53.625,23.4,-56.16,18.135,18.525,-51.48,-79.95,-68.44500000000001,13,77,-947,1216
2025-09-01 15:44:31.800875,47.58,23.4,-43.485,23.985,16.77,-41.73,-72.345,-60.45,13,77,-947,1216
2025-09-01 15:44:31.802250,62.205000000000005,31.395,-35.295,32.175000000000004,27.885,-33.54,-66.105,-55.575,11,79,-943,1280
2025-09-01 15:44:31.805000,53.625,24.375,-46.995000000000005,16.185000000000002,11.31,-51.675,-72.54,-66.69,12,81,-943,1216
2025-09-01 15:44:31.805625,43.29,15.015,-58.305,12.675,2.535,-56.16,-82.29,-71.76,11,83,-945,1216
2025-09-01 15:44:31.806250,55.38,27.495,-35.49,30.03,22.23,-36.855,-57.135000000000005,-50.895,11,81,-942,1152
2025-09-01 15:44:31.806875,50.505,25.155,-44.07,23.79,11.31,-39.39,-65.715,-62.400000000000006,11,81,-942,1152
2025-09-01 15:44:31.807500,47.97,24.18,-38.025,18.72,14.625,-34.515,-62.010000000000005,-56.16,11,79,-952,1216
2025-09-01 15:44:31.808125,53.43,37.05,-31.200000000000003,26.91,26.325,-32.565,-48.75,-47.775,9,81,-948,1280
2025-09-01 15:44:31.808750,55.185,40.17,-34.71,39.0,26.91,-33.15,-62.985,-49.725,10,79,-949,1216
2025-09-01 15:44:31.810000,43.875,15.405,-49.92,15.6,5.46,-51.48,-80.73,-67.665,8,79,-950,1216
2025-09-01 15:44:31.813500,36.075,14.43,-42.315000000000005,3.12,1.755,-45.24,-71.175,-59.28,8,79,-950,1216
2025-09-01 15:44:31.817000,48.165,26.715,-30.42,23.595,15.795,-32.370000000000005,-60.645,-44.85,9,80,-948,1280
2025-09-01 15:44:31.820500,36.66,19.5,-35.88,13.65,5.8500000000000005,-40.95,-70.2,-55.77,9,80,-948,1280
2025-09-01 15:44:31.824000,41.145,25.74,-33.93,17.745,10.335,-35.295,-53.04,-49.335,10,81,-950,1280
2025-09-01 15:44:31.827500,47.385000000000005,31.98,-18.915,26.715,16.38,-28.86,-45.24,-39.0,6,80,-949,1216
2025-09-01 15:44:31.831000,56.940000000000005,44.265,-8.775,32.955,23.79,-20.475,-42.51,-33.735,6,77,-948,1216
2025-09-01 15:44:31.838000,42.705,23.4,-30.03,17.16,3.705,-41.925,-55.185,-47.190000000000005,3,79,-950,1216
2025-09-01 15:44:31.840625,41.73,23.205,-33.735,17.355,5.265000000000001,-40.755,-62.985,-58.11,3,79,-950,1216
2025-09-01 15:44:31.843250,44.46,22.62,-27.495,25.74,13.26,-34.32,-64.545,-47.775,4,79,-949,1280
2025-09-01 15:44:31.845875,35.295,14.43,-29.25,12.48,-1.17,-38.805,-60.06,-56.940000000000005,3,78,-950,1152
2025-09-01 15:44:31.848500,24.375,7.0200000000000005,-33.735,-0.975,-7.995,-39.0,-60.255,-57.72,3,79,-947,1280
2025-09-01 15:44:31.851125,41.535,30.03,-8.97,26.130000000000003,12.675,-16.965,-32.175000000000004,-31.785,7,82,-949,1216
2025-09-01 15:44:31.853750,45.24,32.76,-17.355,18.72,13.455,-24.57,-42.9,-39.0,7,82,-949,1216
2025-09-01 15:44:31.859000,41.34,29.64,-32.76,13.26,2.34,-28.665000000000003,-65.325,-53.235,10,78,-962,1280
2025-09-01 15:44:31.859125,51.285,37.635,-27.105,34.125,17.745,-28.47,-56.355,-43.68,3,78,-956,1216
2025-09-01 15:44:31.859250,59.67,44.07,-16.575,38.61,29.445,-20.475,-49.725,-34.71,6,80,-953,1216
2025-09-01 15:44:31.859375,48.945,25.74,-25.155,26.325,12.87,-28.275,-61.815000000000005,-48.165,2,78,-949,1280
2025-09-01 15:44:31.859500,50.895,26.91,-23.985,23.01,13.845,-24.18,-49.335,-34.71,2,78,-949,1280
2025-09-01 15:44:31.859625,39.39,23.4,-24.18,15.21,0.39,-29.445,-61.425,-41.73,-3,84,-944,1216
2025-09-01 15:44:31.859750,26.325,11.31,-29.445,4.095,-7.995,-39.0,-63.18,-47.385000000000005,-1,81,-947,1216
2025-09-01 15:44:31.860000,18.33,8.775,-41.34,-5.265000000000001,-17.55,-41.535,-66.495,-56.16,2,80,-950,1216
2025-09-01 15:44:31.862500,31.98,29.055,-23.4,16.575,7.995,-17.16,-46.215,-28.08,2,81,-949,1216
2025-09-01 15:44:31.865000,40.17,34.125,-13.455,23.4,12.285,-11.7,-41.145,-25.935,2,81,-949,1216
2025-09-01 15:44:31.867500,41.535,35.1,-16.575,26.91,9.555,-11.31,-39.975,-21.645,11,80,-954,1216
2025-09-01 15:44:31.870000,50.7,38.415,-1.755,33.735,23.205,-3.51,-25.155,-9.36,4,77,-952,1216
2025-09-01 15:44:31.872500,57.330000000000005,50.115,11.895,42.120000000000005,26.325,3.9,-7.800000000000001,-2.145,0,80,-950,1280
2025-09-01 15:44:31.875000,41.925,26.52,-7.995,22.62,5.07,-12.285,-34.32,-21.84,2,81,-948,1216
2025-09-01 15:44:31.880000,38.22,31.200000000000003,-14.82,23.595,12.87,-13.845,-40.17,-27.105,2,81,-948,1216
2025-09-01 15:44:31.883625,40.755,28.665000000000003,-4.485,22.23,11.7,-16.185000000000002,-30.03,-25.74,-2,78,-946,1152
2025-09-01 15:44:31.887250,31.395,13.65,-14.82,5.655,-5.8500000000000005,-24.765,-40.365,-40.365,3,81,-949,1216
2025-09-01 15:44:31.890875,18.525,3.705,-29.445,-7.0200000000000005,-14.43,-36.465,-52.065000000000005,-39.975,4,82,-950,1152
2025-09-01 15:44:31.894500,36.855,29.055,-9.555,23.4,10.14,-14.625,-28.275,-19.305,3,78,-947,1216
2025-09-01 15:44:31.898125,35.1,18.33,-11.31,19.5,4.095,-16.185000000000002,-47.775,-35.1,3,78,-947,1216
2025-09-01 15:44:31.901750,32.565,15.795,-8.385,19.11,4.485,-12.48,-37.245000000000005,-24.18,4,84,-960,1216
2025-09-01 15:44:31.909000,40.95,27.885,-4.095,30.225,15.99,-5.07,-29.835,-14.235,7,74,-953,1216
2025-09-01 15:44:31.909000,56.16,38.61,8.385,47.190000000000005,29.835,4.29,-16.185000000000002,-4.68,2,77,-948,1216
2025-09-01 15:44:31.909000,30.81,21.84,-16.965,17.94,10.53,-21.255,-57.330000000000005,-33.735,5,82,-951,1280
2025-09-01 15:44:31.909000,36.075,25.545,-15.6,17.16,10.335,-12.87,-29.835,-21.45,5,82,-951,1280
2025-09-01 15:44:31.909000,37.44,25.74,-6.4350000000000005,17.55,13.26,-6.045,-23.205,-16.38,3,77,-942,1216
2025-09-01 15:44:31.909000,23.595,19.305,-16.38,4.875,-1.365,-18.72,-29.445,-26.325,2,79,-944,1216
2025-09-01 15:44:31.909000,17.94,7.605,-29.25,0.78,-10.725,-27.495,-47.58,-39.78,0,78,-946,1216
2025-09-01 15:44:31.909000,39.78,27.105,-6.825,29.25,16.965,-9.36,-30.42,-21.84,2,77,-948,1216
2025-09-01 15:44:31.910875,37.635,25.74,-9.945,23.595,16.38,-15.99,-38.025,-27.105,2,77,-948,1216
2025-09-01 15:44:31.912750,27.885,20.67,-8.775,14.625,4.875,-15.795,-34.71,-26.52,-7,78,-950,1280
2025-09-01 15:44:31.914625,35.49,25.74,-1.755,8.19,16.575,-7.0200000000000005,-23.01,-13.845,3,78,-959,1216
2025-09-01 15:44:31.916500,36.465,34.515,7.605,21.84,23.4,-1.365,-22.23,-8.19,6,77,-954,1152
2025-09-01 15:44:31.918375,26.325,19.5,-9.945,-1.365,0.975,-21.84,-53.43,-29.835,3,81,-952,1216
2025-09-01 15:44:31.920250,1.17,12.675,-12.285,-22.425,-8.19,-22.035,-36.27,-23.79,3,81,-952,1216
2025-09-01 15:44:31.924000,-4.875,15.21,-3.9,-8.19,-6.825,-16.185000000000002,-28.08,-21.06,9,78,-952,1216
2025-09-01 15:44:31.927875,4.875,8.58,-13.065,-7.605,-12.285,-24.57,-50.895,-35.1,-1,77,-939,1152
2025-09-01 15:44:31.931750,12.09,8.58,-33.735,3.315,-4.29,-36.465,-71.76,-53.82,2,79,-943,1216
2025-09-01 15:44:31.935625,26.130000000000003,24.765,-19.5,14.43,6.24,-23.985,-53.625,-38.22,2,81,-944,1216
2025-09-01 15:44:31.939500,5.46,8.19,-13.065,-48.555,-14.04,-17.745,-50.31,-38.805,2,81,-944,1216
2025-09-01 15:44:31.943375,-21.06,-0.195,-23.4,-52.845,-20.865,-29.445,-63.96,-44.46,-1,84,-946,1280
2025-09-01 15:44:31.947250,-10.335,4.68,-7.41,-33.15,-8.58,-4.875,-56.355,-26.52,12,78,-941,1280
2025-09-01 15:44:31.955000,-19.695,7.800000000000001,-9.555,-24.375,-9.555,-7.215,-65.91,-36.075,6,78,-946,1216
2025-09-01 15:44:31.955750,-31.395,5.655,-38.22,-125.19,-33.15,-39.0,-101.01,-66.885,3,79,-948,1216
2025-09-01 15:44:31.956500,-24.96,-22.425,-68.64,11.115,-19.695,-51.870000000000005,-178.62,-91.65,5,77,-953,1216
2025-09-01 15:44:31.957250,-32.955,-5.46,-35.295,-130.845,-51.09,-30.81,-95.16,-67.47,1,78,-942,1216
2025-09-01 15:44:31.958000,-280.02,-96.135,-110.37,-452.01,-169.455,-89.11500000000001,-237.51,-135.72,1,79,-948,1216
2025-09-01 15:44:31.958750,-72.54,-66.885,-39.585,-24.765,-47.190000000000005,-35.295,-73.32000000000001,-64.74000000000001,-1,80,-946,1216
2025-09-01 15:44:31.959500,-130.455,-65.715,-27.69,-93.405,-85.02,-28.86,-24.57,-44.265,-1,80,-946,1216
2025-09-01 15:44:31.961000,-2.145,-8.58,-39.975,24.375,-12.285,-40.95,-111.345,-75.855,-5,81,-943,1216
2025-09-01 15:44:31.961875,-101.595,-49.725,-36.075,-168.09,-73.905,-27.885,-69.42,-50.115,-7,75,-942,1216
2025-09-01 15:44:31.962750,21.645,8.775,-13.26,50.7,-7.41,-14.625,-41.535,-44.85,-1,76,-945,1216
2025-09-01 15:44:31.963625,-79.56,-53.04,-69.22500000000001,-132.79500000000002,-80.145,-62.010000000000005,-133.185,-89.11500000000001,0,76,-943,1280
2025-09-01 15:44:31.964500,-118.365,-81.705,-68.055,-66.885,-91.455,-61.035,-153.66,-94.77,0,76,-943,1280
2025-09-01 15:44:31.965375,-62.595,-53.82,-76.83,-93.795,-78.78,-68.83500000000001,-148.98000000000002,-104.13,11,78,-941,1216
2025-09-01 15:44:31.966250,-121.875,-83.265,-83.265,-192.27,-122.85,-84.045,-118.365,-104.91,4,82,-930,1216
2025-09-01 15:44:31.968000,-187.005,-99.06,-83.46000000000001,-273.975,-156.195,-76.635,-102.765,-89.50500000000001,3,83,-940,1216
2025-09-01 15:44:31.973750,-129.48000000000002,-83.46000000000001,-82.68,-181.935,-117.78,-69.42,-138.645,-104.52,-1,79,-940,1216
2025-09-01 15:44:31.979500,-97.305,-106.275,-149.955,-110.955,-136.5,-129.48000000000002,-293.28000000000003,-165.75,-1,79,-940,1216
2025-09-01 15:44:31.985250,-185.25,-148.785,-134.745,-253.11,-192.855,-125.58,-177.645,-127.92,2,77,-957,1216
2025-09-01 15:44:31.991000,-139.23000000000002,-88.33500000000001,-104.13,-179.4,-134.745,-96.33,-148.395,-121.095,5,79,-952,1216
2025-09-01 15:44:31.996750,-207.09,-134.745,-150.15,-371.865,-210.99,-130.65,-227.76,-157.365,3,82,-951,1280
2025-09-01 15:44:32.002500,-268.32,-160.29,-175.695,-365.04,-231.27,-152.49,-270.27,-185.055,1,80,-952,1216
2025-09-01 15:44:32.014000,-232.05,-177.645,-231.66,-354.90000000000003,-245.115,-205.92,-369.72,-246.87,1,80,-952,1216
2025-09-01 15:44:32.014375,-207.48,-151.905,-187.395,-296.985,-213.525,-159.9,-254.475,-184.275,-4,81,-951,1216
2025-09-01 15:44:32.014750,-256.035,-195.585,-203.97,-396.24,-266.37,-184.275,-275.535,-212.745,-11,81,-956,1280
2025-09-01 15:44:32.015125,-358.605,-248.04,-258.18,-538.98,-342.03000000000003,-225.81,-366.99,-268.515,-8,81,-953,1152
2025-09-01 15:44:32.015500,-335.985,-236.535,-262.08,-447.525,-305.76,-220.545,-387.66,-257.595,-1,83,-951,1152
2025-09-01 15:44:32.015875,-319.8,-235.365,-264.615,-498.615,-318.24,-224.835,-360.36,-261.495,-1,83,-951,1280
2025-09-01 15:44:32.016250,-353.535,-255.06,-278.46000000000004,-507.39,-335.79,-235.56,-376.155,-281.385,3,89,-941,1280
2025-09-01 15:44:32.017000,-358.995,-256.425,-299.91,-497.25,-330.915,-244.335,-446.355,-297.57,5,90,-938,1216
2025-09-01 15:44:32.019875,-352.95,-248.235,-296.40000000000003,-482.82,-325.065,-246.09,-417.105,-290.745,5,85,-942,1216
2025-09-01 15:44:32.022750,-352.56,-272.61,-312.195,-529.23,-353.14500000000004,-266.76,-434.07,-315.12,4,83,-946,1216
2025-09-01 15:44:32.025625,-388.05,-292.89,-327.6,-529.035,-365.04,-271.44,-468.585,-321.165,4,83,-946,1152
2025-09-01 15:44:32.028500,-384.735,-290.745,-329.55,-534.69,-372.255,-277.29,-444.795,-324.285,2,86,-940,1152
2025-09-01 15:44:32.031375,-397.605,-296.40000000000003,-335.40000000000003,-561.405,-381.81,-282.36,-443.43,-325.065,5,79,-933,1216
2025-09-01 15:44:32.034250,-411.84,-306.93,-346.515,-580.515,-397.41,-289.575,-472.68,-339.495,5,81,-941,1216
2025-09-01 15:44:32.040000,-399.555,-292.305,-330.915,-574.47,-391.56,-276.315,-462.15,-322.33500000000004,3,83,-945,1280
2025-09-01 15:44:32.043000,-414.57,-300.105,-333.45,-593.97,-394.29,-284.115,-466.245,-336.375,-1,83,-945,1216
2025-09-01 15:44:32.046000,-405.21,-303.03000000000003,-344.565,-578.955,-390.39,-280.21500000000003,-469.56,-334.62,-1,82,-949,1216
2025-09-01 15:44:32.049000,-394.095,-293.475,-331.695,-575.0550000000001,-379.275,-274.95,-465.075,-323.7,0,77,-964,1216
2025-09-01 15:44:32.052000,-393.705,-286.065,-328.185,-571.155,-373.035,-274.365,-462.15,-324.87,4,82,-952,1216
2025-09-01 15:44:32.055000,-411.645,-310.05,-343.785,-589.29,-394.875,-290.94,-476.19,-335.985,3,82,-951,1280
2025-09-01 15:44:32.058000,-420.615,-306.735,-349.05,-583.245,-392.145,-284.7,-474.045,-335.595,-1,83,-950,1216
2025-09-01 15:44:32.064000,-397.605,-287.43,-326.625,-563.745,-369.135,-277.485,-460.98,-323.89500000000004,-1,83,-950,1216
2025-09-01 15:44:32.064000,-403.065,-302.83500000000004,-330.72,-574.47,-382.2,-279.435,-460.395,-333.84000000000003,-2,87,-939,1216
2025-09-01 15:44:32.064000,-377.52,-280.8,-304.2,-528.84,-353.14500000000004,-254.475,-416.91,-300.885,0,81,-945,1280
2025-09-01 15:44:32.064000,-355.485,-258.375,-288.21000000000004,-505.635,-329.745,-236.925,-406.77,-291.33,0,79,-955,1216
2025-09-01 15:44:32.064000,-330.52500000000003,-244.53,-278.65500000000003,-474.825,-309.46500000000003,-223.86,-392.34,-284.505,-2,79,-952,1216
2025-09-01 15:44:32.064000,-343.98,-264.42,-280.8,-492.96,-326.43,-229.32,-398.775,-284.505,-2,80,-949,1216
2025-09-01 15:44:32.064000,-330.72,-253.5,-271.44,-470.535,-308.1,-218.595,-374.4,-266.76,3,81,-953,1280
2025-09-01 15:44:32.064000,-327.015,-247.455,-262.86,-460.785,-299.52,-213.33,-368.16,-264.225,3,81,-953,1280
2025-09-01 15:44:32.069375,-318.045,-242.97,-266.565,-440.31,-297.765,-212.745,-362.31,-260.52,5,77,-946,1280
2025-09-01 15:44:32.074750,-48.75,-52.455,-56.355,-91.455,-48.75,-36.855,-80.145,-58.305,4,83,-950,1152
2025-09-01 15:44:32.080125,-38.805,-36.465,-48.75,-78.0,-37.05,-27.69,-65.715,-48.36,3,84,-948,1216
2025-09-01 15:44:32.085500,-31.200000000000003,-30.615,-41.535,-69.42,-39.585,-23.595,-60.45,-45.63,3,84,-948,1216
2025-09-01 15:44:32.090875,-37.44,-31.785,-50.115,-66.105,-37.245000000000005,-32.76,-59.865,-46.02,9,79,-950,1216
2025-09-01 15:44:32.096250,-39.975,-45.63,-56.355,-70.005,-48.36,-36.855,-71.37,-55.185,1,83,-950,1152
2025-09-01 15:44:32.107000,-18.72,-19.11,-25.155,-41.925,-17.55,-3.51,-38.805,-29.64,5,80,-950,1216
2025-09-01 15:44:32.108000,-24.18,-30.225,-27.495,-44.655,-27.885,-8.58,-40.95,-32.175000000000004,8,79,-948,1280
2025-09-01 15:44:32.109000,4.485,-2.34,-8.775,-9.165,6.4350000000000005,13.845,-15.6,-9.555,3,83,-951,1216
2025-09-01 15:44:32.110000,3.12,-4.485,-11.7,-9.165,-0.975,5.655,-25.155,-12.48,9,82,-948,1216
2025-09-01 15:44:32.111000,-6.045,-7.41,-16.185000000000002,-11.31,-5.07,-1.95,-27.495,-20.28,11,80,-948,1280
2025-09-01 15:44:32.112000,17.355,13.845,6.045,13.65,16.77,22.425,7.0200000000000005,7.0200000000000005,9,85,-946,1216
2025-09-01 15:44:32.113000,18.135,17.16,14.235,11.505,16.185000000000002,28.08,9.165,5.46,8,81,-947,1280
2025-09-01 15:44:32.115000,4.095,3.51,0.78,4.095,7.995,16.965,3.51,-2.535,8,81,-947,1280
2025-09-01 15:44:32.116500,21.645,13.845,13.65,19.5,19.89,33.54,18.72,16.965,0,80,-940,1216
2025-09-01 15:44:32.118000,31.005000000000003,14.625,13.455,32.175000000000004,34.125,31.005000000000003,24.375,16.575,12,83,-951,1216
2025-09-01 15:44:32.119500,32.175000000000004,26.715,22.815,33.15,31.59,36.66,32.370000000000005,23.4,12,83,-951,1216
2025-09-01 15:44:32.121000,28.665000000000003,7.995,12.09,28.275,19.5,25.35,17.355,11.31,10,87,-953,1216
2025-09-01 15:44:32.122500,21.06,1.365,2.145,20.28,13.455,13.455,7.995,1.365,13,85,-946,1216
2025-09-01 15:44:32.124000,35.1,16.185000000000002,23.205,45.435,31.98,25.935,30.225,23.79,11,84,-946,1216
2025-09-01 15:44:32.127000,37.83,17.55,23.205,38.22,32.76,31.200000000000003,36.075,26.130000000000003,9,81,-946,1216
2025-09-01 15:44:32.130125,41.535,21.84,22.425,47.58,36.075,37.44,46.215,30.225,9,81,-946,1216
2025-09-01 15:44:32.133250,54.6,34.32,34.125,60.06,45.63,45.045,50.895,37.83,7,80,-932,1216
2025-09-01 15:44:32.136375,57.525,39.0,43.68,68.055,51.48,56.16,58.5,48.555,10,81,-940,1280
2025-09-01 15:44:32.139500,45.825,28.08,26.130000000000003,52.260000000000005,38.805,39.39,41.925,28.665000000000003,5,81,-943,1216
2025-09-01 15:44:32.142625,35.49,21.645,26.325,55.185,42.120000000000005,40.365,46.8,29.25,7,83,-946,1216
2025-09-01 15:44:32.145750,47.58,26.715,34.71,56.745000000000005,43.875,47.190000000000005,58.11,35.49,7,83,-946,1216
2025-09-01 15:44:32.152000,38.22,19.305,26.715,46.8,33.54,35.685,41.73,21.255,2,85,-956,1280
2025-09-01 15:44:32.154750,34.125,16.185000000000002,16.575,39.39,31.200000000000003,31.005000000000003,43.29,22.62,0,82,-945,1216
2025-09-01 15:44:32.157500,72.735,62.79,58.305,96.33,69.81,63.18,73.905,50.895,10,83,-945,1216
2025-09-01 15:44:32.160250,76.83,68.055,58.11,98.865,69.61500000000001,66.885,74.88,50.115,9,84,-949,1216
2025-09-01 15:44:32.163000,79.75500000000001,72.54,54.6,107.445,76.245,61.425,75.855,50.7,9,84,-949,1216
2025-09-01 15:44:32.165750,82.68,74.88,62.205000000000005,103.935,77.025,69.61500000000001,83.46000000000001,60.84,7,81,-938,1216
2025-09-01 15:44:32.168500,81.51,82.29,73.32000000000001,116.61,81.705,80.925,99.45,65.715,5,86,-945,1152
2025-09-01 15:44:32.174000,70.785,66.885,56.55,101.79,61.815000000000005,60.84,73.71000000000001,49.53,5,84,-949,1216
2025-09-01 15:44:32.174000,65.52,54.795,52.65,93.015,56.940000000000005,65.325,69.22500000000001,48.36,5,83,-952,1280
2025-09-01 15:44:32.174000,80.535,60.45,69.42,113.685,74.685,67.86,91.065,60.06,7,79,-950,1216
2025-09-01 15:44:32.174000,77.22,59.28,62.205000000000005,112.515,76.245,61.620000000000005,82.095,58.305,7,79,-950,1216
2025-09-01 15:44:32.174000,84.63000000000001,68.44500000000001,77.025,116.22,74.10000000000001,80.535,104.13,75.66,7,77,-952,1152
2025-09-01 15:44:32.174000,87.75,71.565,79.95,120.51,80.925,78.97500000000001,107.64,75.66,-2,83,-958,1216
2025-09-01 15:44:32.174000,79.17,59.28,53.43,107.64,70.395,57.135000000000005,71.565,52.65,-1,84,-955,1216
2025-09-01 15:44:32.174000,76.83,59.67,55.77,111.735,71.37,59.865,76.44,53.43,5,81,-954,1216
2025-09-01 15:44:32.177250,79.75500000000001,63.96,67.08,113.88,77.805,60.84,79.95,50.505,5,81,-954,1152
2025-09-01 15:44:32.180500,91.065,66.3,71.955,116.415,75.465,74.295,106.08,71.76,6,87,-949,1280
2025-09-01 15:44:32.183750,96.915,78.78,83.85000000000001,123.045,90.675,76.635,100.23,79.56,5,82,-935,1280
2025-09-01 15:44:32.187000,78.19500000000001,58.5,67.86,108.42,69.03,58.305,80.145,53.04,4,82,-945,1280
2025-09-01 15:44:32.190250,83.655,63.96,66.495,110.37,79.36500000000001,62.400000000000006,82.485,55.185,4,86,-949,1216
2025-09-01 15:44:32.193500,86.97,70.395,81.9,117.585,77.22,75.66,93.99,67.665,2,84,-949,1216
2025-09-01 15:44:32.200000,74.10000000000001,55.38,70.59,101.79,57.135000000000005,62.595,85.215,52.65,2,84,-949,1216
2025-09-01 15:44:32.201875,67.86,45.045,57.72,96.525,48.75,49.53,74.295,44.655,2,84,-946,1216
2025-09-01 15:44:32.203750,76.05,63.375,65.52,109.005,69.03,63.765,87.555,58.11,7,85,-948,1216
2025-09-01 15:44:32.205625,89.31,69.61500000000001,66.3,106.86,67.275,63.57,87.555,54.6,8,82,-950,1280
2025-09-01 15:44:32.207500,81.315,61.620000000000005,65.91,104.13,70.785,63.375,84.825,49.335,7,83,-953,1280
2025-09-01 15:44:32.209375,85.02,68.44500000000001,75.855,116.22,81.12,73.905,88.33500000000001,69.03,7,83,-953,1280
2025-09-01 15:44:32.211250,85.605,69.42,82.095,122.265,85.02,80.535,108.03,70.2,15,79,-947,1216
2025-09-01 15:44:32.215000,79.17,62.79,65.325,109.785,70.59,63.765,94.77,57.525,12,84,-943,1216
2025-09-01 15:44:32.217875,73.515,62.985,65.91,110.37,64.545,64.74000000000001,91.26,60.84,15,85,-943,1216
2025-09-01 15:44:32.220750,83.46000000000001,61.425,68.25,113.295,69.22500000000001,65.715,89.50500000000001,62.595,17,77,-947,1216
2025-09-01 15:44:32.223625,61.815000000000005,51.09,57.72,101.79,59.67,58.5,82.485,58.89,17,77,-947,1216
2025-09-01 15:44:32.226500,60.255,44.85,55.38,100.62,54.015,55.185,75.075,51.870000000000005,11,82,-945,1152
2025-09-01 15:44:32.229375,79.75500000000001,60.645,67.665,110.565,72.15,69.81,97.695,68.83500000000001,15,82,-945,1280
2025-09-01 15:44:32.232250,82.485,61.620000000000005,69.42,116.415,66.495,63.18,97.5,70.98,14,79,-948,1216
2025-09-01 15:44:32.238000,61.620000000000005,54.795,54.99,97.5,56.16,50.115,84.63000000000001,60.45,16,81,-950,1216
2025-09-01 15:44:32.241125,73.515,61.035,68.44500000000001,109.785,69.42,58.695,96.135,66.69,16,81,-950,1216
2025-09-01 15:44:32.244250,85.995,79.56,75.465,122.265,83.07000000000001,73.905,104.13,81.315,19,80,-958,1216
2025-09-01 15:44:32.247375,70.005,60.06,54.405,104.13,65.13,49.335,78.0,60.06,15,78,-953,1216
2025-09-01 15:44:32.250500,62.595,53.82,51.675,97.305,64.74000000000001,42.120000000000005,74.49000000000001,54.6,13,80,-946,1216
2025-09-01 15:44:32.253625,68.83500000000001,60.255,62.205000000000005,98.67,62.79,55.185,95.55,65.91,12,77,-950,1216
2025-09-01 15:44:32.256750,60.45,50.895,50.31,98.28,58.11,44.265,89.11500000000001,50.895,12,77,-950,1216
2025-09-01 15:44:32.263000,58.5,53.82,45.24,93.795,58.5,39.39,87.36,45.24,3,82,-951,1216
2025-09-01 15:44:32.269375,69.42,68.44500000000001,68.25,114.465,70.98,62.205000000000005,94.575,63.57,5,83,-949,1216
2025-09-01 15:44:32.275750,68.25,64.545,66.69,109.98,69.61500000000001,64.155,91.65,55.77,7,81,-949,1152
2025-09-01 15:44:32.282125,56.55,53.625,65.91,98.67,58.5,61.035,101.205,59.28,7,85,-950,1152
2025-09-01 15:44:32.288500,65.715,65.715,62.985,107.64,65.13,61.425,100.23,63.18,7,85,-950,1152
2025-09-01 15:44:32.294875,78.19500000000001,75.66,73.515,122.265,82.485,76.44,102.57,75.075,11,78,-944,1216
2025-09-01 15:44:32.301250,62.400000000000006,57.72,59.28,98.28,59.28,52.260000000000005,98.28,60.06,10,83,-944,1216
2025-09-01 15:44:32.314000,56.745000000000005,52.845,60.645,101.205,59.67,54.405,79.17,53.625,8,82,-948,1216
2025-09-01 15:44:32.315750,62.205000000000005,58.305,62.400000000000006,106.665,63.57,63.765,87.36,53.43,5,83,-948,1280
2025-09-01 15:44:32.317500,62.400000000000006,46.8,48.165,84.24000000000001,58.11,45.24,67.08,41.535,-5,82,-948,1216
2025-09-01 15:44:32.319250,68.055,54.795,58.5,95.94,67.47,58.5,72.15,53.04,-5,82,-948,1216
2025-09-01 15:44:32.321000,74.88,63.765,68.44500000000001,98.28,69.81,69.81,90.09,62.205000000000005,-13,80,-943,1216
2025-09-01 15:44:32.322750,63.96,46.02,53.82,84.045,60.255,48.165,76.83,47.58,-9,81,-939,1280
2025-09-01 15:44:32.324500,61.815000000000005,41.34,49.14,85.995,55.77,54.015,64.155,38.22,-7,83,-942,1216
2025-09-01 15:44:32.328000,56.16,36.465,50.115,82.68,51.285,49.92,64.935,47.385000000000005,-7,82,-948,1216
2025-09-01 15:44:32.332375,49.335,32.76,36.66,77.805,43.68,40.56,57.525,28.275,-7,82,-948,1216
2025-09-01 15:44:32.336750,39.195,22.23,32.76,66.105,34.905,34.125,51.870000000000005,28.08,-4,83,-937,1216
2025-09-01 15:44:32.341125,54.99,40.365,51.285,82.29,55.38,49.725,69.81,47.190000000000005,0,83,-951,1216
2025-09-01 15:44:32.345500,61.620000000000005,41.34,55.965,90.48,57.525,46.215,64.545,40.95,-5,87,-945,1216
2025-09-01 15:44:32.349875,49.92,40.365,45.825,78.0,46.995000000000005,41.535,66.495,47.775,-6,85,-945,1152
2025-09-01 15:44:32.354250,54.21,43.875,48.945,77.805,54.015,54.6,67.275,48.75,-6,85,-945,1152
2025-09-01 15:44:32.363000,61.035,54.21,54.99,85.02,59.085,60.255,82.485,52.455,0,77,-954,1216
2025-09-01 15:44:32.364375,51.48,36.075,48.945,69.03,43.68,44.07,63.18,38.22,-6,80,-948,1216
2025-09-01 15:44:32.365750,48.36,30.615,44.655,73.905,42.9,45.63,63.57,46.8,-6,83,-948,1152
2025-09-01 15:44:32.367125,60.84,37.245000000000005,45.435,87.555,55.77,42.51,62.985,40.56,-6,79,-950,1152
2025-09-01 15:44:32.368500,43.875,31.98,42.120000000000005,73.905,39.195,31.59,56.355,36.075,-6,79,-950,1152
2025-09-01 15:44:32.369875,38.415,21.06,29.64,68.44500000000001,33.93,27.885,46.995000000000005,28.47,-13,82,-960,1280
2025-09-01 15:44:32.371250,47.97,32.565,44.265,77.61,46.8,40.365,63.18,42.120000000000005,-12,79,-964,1216
2025-09-01 15:44:32.374000,44.85,36.465,41.925,74.10000000000001,43.29,34.125,58.11,39.0,-4,78,-959,1280
2025-09-01 15:44:32.374375,47.190000000000005,39.78,43.68,78.0,53.82,36.075,63.18,38.61,-3,78,-952,1216
2025-09-01 15:44:32.374750,51.09,35.49,58.305,79.36500000000001,51.285,46.995000000000005,80.925,52.260000000000005,-3,78,-952,1216
2025-09-01 15:44:32.375125,62.595,48.75,61.23,91.845,55.185,59.28,71.37,52.260000000000005,2,80,-954,1280
2025-09-01 15:44:32.375500,41.925,31.005000000000003,35.295,72.15,36.465,30.81,49.53,23.01,-4,81,-946,1280
2025-09-01 15:44:32.375875,38.805,26.52,28.08,72.54,38.415,29.445,46.215,27.105,-2,83,-951,1216
2025-09-01 15:44:32.376250,47.97,32.955,35.88,67.86,39.39,42.120000000000005,56.940000000000005,30.81,-4,84,-950,1280
2025-09-01 15:44:32.377000,34.71,24.57,28.86,60.84,30.225,24.18,48.945,22.62,-4,84,-950,1280
2025-09-01 15:44:32.380375,28.47,11.7,12.48,53.43,14.43,14.04,33.345,11.895,0,87,-948,1216
2025-09-01 15:44:32.383750,40.365,31.785,38.415,71.565,38.22,35.685,61.23,28.86,11,84,-943,1216
2025-09-01 15:44:32.387125,41.73,31.98,35.49,66.69,33.735,27.105,54.015,26.91,7,83,-944,1216
2025-09-01 15:44:32.390500,35.49,25.545,31.200000000000003,54.99,25.155,25.935,52.260000000000005,25.545,5,83,-943,1280
2025-09-01 15:44:32.393875,46.995000000000005,35.685,46.41,71.565,45.045,42.9,65.13,40.17,5,83,-943,1280
2025-09-01 15:44:32.397250,59.28,45.63,65.13,91.26,58.695,57.135000000000005,79.75500000000001,52.65,6,79,-943,1216
2025-09-01 15:44:32.404000,48.75,35.685,34.905,77.025,42.315000000000005,35.295,41.145,26.130000000000003,3,84,-944,1280
2025-09-01 15:44:32.405875,46.41,30.81,42.315000000000005,74.295,41.925,33.54,61.620000000000005,32.955,5,82,-947,1152
2025-09-01 15:44:32.407750,44.07,35.685,38.61,72.345,38.61,35.49,48.945,27.105,7,83,-951,1280
2025-09-01 15:44:32.409625,38.025,34.905,36.27,59.475,34.515,32.76,48.945,27.3,7,83,-951,1280
2025-09-01 15:44:32.411500,27.69,16.575,22.035,46.995000000000005,16.38,20.475,41.925,14.625,6,87,-952,1280
2025-09-01 15:44:32.413375,37.635,26.91,38.025,70.98,33.15,38.805,57.72,33.15,4,79,-945,1216
2025-09-01 15:44:32.415250,42.315000000000005,31.59,37.44,65.91,37.245000000000005,41.925,52.845,28.86,7,84,-944,1216
2025-09-01 15:44:32.419000,40.365,35.1,31.785,69.03,39.39,40.95,54.6,32.565,5,85,-950,1152
2025-09-01 15:44:32.419875,43.29,39.195,44.07,70.59,40.17,44.46,68.25,39.39,5,85,-950,1152
2025-09-01 15:44:32.420750,48.75,42.9,55.77,71.175,47.58,51.09,78.97500000000001,50.115,13,81,-942,1216
2025-09-01 15:44:32.421625,47.775,35.49,40.17,69.22500000000001,35.295,38.61,59.28,25.935,1,83,-943,1216
2025-09-01 15:44:32.422500,39.78,30.615,34.71,57.72,27.495,40.56,65.52,26.91,4,85,-946,1280
2025-09-01 15:44:32.423375,36.855,33.15,48.75,61.425,32.175000000000004,44.655,72.735,40.95,7,84,-953,1216
2025-09-01 15:44:32.424250,38.415,26.91,35.88,61.425,24.375,32.565,41.34,26.52,7,84,-953,1216
2025-09-01 15:44:32.426000,27.495,17.16,28.665000000000003,47.775,19.11,19.11,40.17,17.355,9,84,-952,1216
2025-09-01 15:44:32.429500,36.66,31.200000000000003,50.115,61.815000000000005,39.975,41.34,62.400000000000006,39.195,6,81,-940,1280
2025-09-01 15:44:32.433000,46.41,35.49,48.165,71.175,45.045,41.535,61.035,37.83,9,77,-947,1216
2025-09-01 15:44:32.436500,39.195,28.275,35.88,61.425,31.200000000000003,31.98,62.595,35.49,9,80,-950,1216
2025-09-01 15:44:32.440000,48.75,36.66,46.605,76.05,41.34,40.17,59.28,42.120000000000005,9,80,-950,1216
2025-09-01 15:44:32.443500,58.305,44.265,57.72,88.92,49.14,46.41,64.935,45.435,9,78,-950,1216
2025-09-01 15:44:32.447000,38.415,30.225,37.05,72.15,35.1,32.370000000000005,51.285,26.130000000000003,6,83,-959,1216
2025-09-01 15:44:32.454000,45.045,27.105,45.24,62.010000000000005,33.735,31.98,64.74000000000001,31.395,5,82,-959,1216
2025-09-01 15:44:32.455500,45.045,29.835,46.02,64.35000000000001,31.98,31.98,68.055,30.42,5,81,-957,1280
2025-09-01 15:44:32.457000,38.805,28.86,28.665000000000003,63.765,27.885,24.18,34.125,15.99,5,81,-957,1280
2025-09-01 15:44:32.458500,22.23,12.48,26.52,44.265,7.0200000000000005,24.96,39.0,19.11,3,83,-969,1280
2025-09-01 15:44:32.460000,38.22,25.545,46.215,65.13,31.005000000000003,43.095,66.105,40.755,6,81,-959,1216
2025-09-01 15:44:32.461500,44.46,30.42,51.285,62.985,35.88,40.56,68.055,37.44,6,81,-955,1216
2025-09-01 15:44:32.463000,39.195,33.54,40.365,66.105,30.81,34.125,57.330000000000005,30.225,2,81,-954,1216
2025-09-01 15:44:32.466000,49.92,33.93,45.825,74.88,37.635,40.56,57.525,31.005000000000003,2,81,-954,1216
2025-09-01 15:44:32.469000,49.53,41.925,57.915,75.465,43.095,54.015,78.39,40.365,4,83,-945,1216
2025-09-01 15:44:32.472000,33.93,22.23,33.15,50.7,26.52,25.155,51.09,16.185000000000002,3,90,-949,1216
2025-09-01 15:44:32.475000,25.155,17.55,32.565,50.7,18.135,33.345,53.235,24.765,6,84,-948,1216
2025-09-01 15:44:32.478000,43.68,32.175000000000004,51.48,67.275,30.03,37.245000000000005,62.400000000000006,33.93,4,83,-949,1216
2025-09-01 15:44:32.481000,32.175000000000004,21.06,32.955,53.625,15.405,23.985,41.925,20.865,4,83,-949,1280
2025-09-01 15:44:32.484000,13.065,7.0200000000000005,25.155,36.855,5.46,16.965,26.325,13.065,4,83,-951,1280
2025-09-01 15:44:32.490000,21.645,18.72,32.76,49.53,16.965,27.69,63.18,27.3,7,81,-950,1280
2025-09-01 15:44:32.493625,38.22,28.86,41.145,57.72,26.52,35.88,57.72,34.71,9,85,-949,1216
2025-09-01 15:44:32.497250,29.64,15.405,41.145,51.675,17.745,28.86,60.255,33.15,10,84,-951,1216
2025-09-01 15:44:32.500875,40.365,27.105,47.190000000000005,64.545,33.54,43.095,74.295,42.9,11,81,-951,1280
2025-09-01 15:44:32.504500,49.92,39.195,45.045,70.59,42.705,39.585,62.79,36.66,11,81,-951,1280
2025-09-01 15:44:32.508125,23.985,14.43,35.1,44.655,20.865,22.815,50.505,21.645,10,80,-952,1280
2025-09-01 15:44:32.511750,21.06,4.68,38.22,42.9,13.26,21.06,46.8,17.94,6,80,-948,1280
2025-09-01 15:44:32.519000,17.745,10.53,40.365,41.925,13.845,23.01,52.065000000000005,24.375,8,85,-947,1216
2025-09-01 15:44:32.519000,24.57,14.625,31.395,42.9,23.595,17.55,44.07,23.79,8,88,-951,1216
2025-09-01 15:44:32.519000,30.81,20.28,39.39,54.21,26.52,20.865,49.53,32.370000000000005,14,87,-948,1280
2025-09-01 15:44:32.519000,42.315000000000005,29.25,43.68,54.99,33.54,27.495,56.16,33.93,11,87,-946,1280
2025-09-01 15:44:32.519000,37.635,30.225,44.46,56.55,29.835,37.83,59.475,33.735,9,85,-949,1216
2025-09-01 15:44:32.519000,39.195,32.565,55.965,62.595,39.39,43.29,68.055,47.775,7,85,-950,1152
2025-09-01 15:44:32.519000,49.53,43.29,67.86,73.71000000000001,43.095,51.09,74.685,54.795,7,85,-950,1152
2025-09-01 15:44:32.519000,32.955,21.45,49.53,57.135000000000005,26.52,29.835,57.525,35.1,0,88,-947,1216
2025-09-01 15:44:32.520750,24.375,7.800000000000001,29.64,41.34,14.82,15.99,40.17,18.135,1,86,-946,1280
2025-09-01 15:44:32.522500,24.57,13.065,36.66,46.02,14.625,26.91,49.53,28.47,2,85,-946,1216
2025-09-01 15:44:32.524250,17.94,8.775,26.52,35.49,8.385,16.77,38.415,15.015,0,79,-955,1216
2025-09-01 15:44:32.526000,11.31,-0.975,17.94,31.005000000000003,6.825,6.825,25.155,11.115,0,79,-955,1216
2025-09-01 15:44:32.527750,30.81,16.185000000000002,39.78,52.260000000000005,23.595,37.245000000000005,50.7,34.905,4,74,-948,1280
2025-09-01 15:44:32.529500,30.42,16.38,38.61,55.38,30.42,32.565,57.915,31.59,6,79,-948,1216
2025-09-01 15:44:32.533000,30.225,8.775,30.225,51.675,27.495,29.64,42.705,26.325,6,77,-950,1216
2025-09-01 15:44:32.536875,33.345,14.625,45.63,52.065000000000005,23.01,40.17,56.745000000000005,40.365,8,80,-947,1280
2025-09-01 15:44:32.540750,36.855,21.06,54.99,51.870000000000005,33.735,42.315000000000005,66.885,46.995000000000005,8,80,-947,1280
2025-09-01 15:44:32.544625,31.98,16.965,33.93,47.775,28.275,24.765,40.17,18.915,7,86,-944,1088
2025-09-01 15:44:32.548500,29.64,9.75,26.715,45.435,26.130000000000003,24.765,41.73,20.475,10,85,-943,1280
2025-09-01 15:44:32.552375,32.175000000000004,20.67,30.03,48.36,23.595,24.375,38.61,18.72,6,82,-946,1152
2025-09-01 15:44:32.556250,21.06,13.065,21.06,34.515,10.335,12.48,23.205,5.07,5,80,-946,1280
2025-09-01 15:44:32.564000,11.7,0.195,7.215,26.130000000000003,1.56,0.39,22.62,0.0,5,80,-946,1280
2025-09-01 15:44:32.564000,20.28,7.605,25.35,42.315000000000005,14.235,22.23,38.22,14.235,11,79,-942,1152
2025-09-01 15:44:32.564000,23.4,15.795,29.835,46.8,22.425,24.57,41.34,17.355,3,79,-946,1216
2025-09-01 15:44:32.564000,18.135,4.68,24.57,39.0,21.84,21.255,42.315000000000005,14.04,4,80,-950,1216
2025-09-01 15:44:32.564000,30.03,19.5,30.42,55.575,33.735,29.64,49.335,24.96,4,78,-948,1216
2025-09-01 15:44:32.564000,38.805,26.130000000000003,35.685,51.48,42.120000000000005,34.905,54.405,30.615,4,78,-948,1216
2025-09-01 15:44:32.564000,27.495,14.04,25.74,41.145,37.245000000000005,22.62,34.71,10.335,1,79,-957,1216
2025-09-01 15:44:32.564000,20.28,7.41,21.645,42.9,34.905,16.185000000000002,30.615,7.0200000000000005,6,80,-954,1280
2025-09-01 15:44:32.570750,16.965,7.995,26.715,39.39,37.05,22.425,25.155,14.04,7,80,-953,1216
2025-09-01 15:44:32.577500,7.41,-6.045,8.385,26.91,36.855,1.17,12.48,-5.46,6,79,-949,1216
2025-09-01 15:44:32.584250,1.95,-10.53,2.145,21.645,22.23,-0.195,20.865,-8.58,6,79,-949,1216
2025-09-01 15:44:32.591000,13.065,1.17,25.155,29.055,36.855,16.185000000000002,35.1,11.115,10,76,-947,1152
2025-09-01 15:44:32.597750,15.6,6.825,28.275,41.73,49.335,21.255,33.345,10.53,8,80,-948,1280
2025-09-01 15:44:32.604500,15.6,3.315,26.91,38.22,41.73,22.23,37.44,13.845,9,84,-950,1216
2025-09-01 15:44:32.618000,28.86,16.185000000000002,35.295,51.675,56.940000000000005,32.955,52.65,28.08,5,81,-949,1152
2025-09-01 15:44:32.618750,33.345,23.985,36.855,57.525,61.815000000000005,31.59,53.43,28.86,5,81,-949,1152
2025-09-01 15:44:32.619500,22.815,7.41,25.935,45.825,51.285,19.11,28.86,15.99,4,83,-945,1280
2025-09-01 15:44:32.620250,18.72,7.605,22.23,39.195,41.34,18.915,36.855,16.185000000000002,6,84,-946,1152
2025-09-01 15:44:32.621000,23.4,20.28,32.565,45.24,52.845,24.375,49.53,27.105,4,80,-948,1216
2025-09-01 15:44:32.621750,21.84,4.095,24.96,41.925,46.41,11.7,35.295,10.53,5,82,-946,1280
2025-09-01 15:44:32.622500,9.945,-2.145,15.795,26.325,32.565,7.41,26.715,0.585,5,82,-946,1280
2025-09-01 15:44:32.624000,13.455,3.51,19.305,37.635,42.315000000000005,21.645,35.685,15.99,7,80,-965,1280
2025-09-01 15:44:32.630625,22.62,13.65,22.62,45.045,40.56,18.915,31.98,15.99,4,80,-957,1216
2025-09-01 15:44:32.637250,25.545,7.0200000000000005,18.135,41.34,39.585,18.525,36.66,12.675,3,81,-943,1280
2025-09-01 15:44:32.643875,14.04,5.46,9.75,28.08,28.08,15.6,27.3,10.14,8,84,-946,1216
2025-09-01 15:44:32.650500,19.5,7.215,15.6,28.86,32.76,21.45,39.39,22.035,5,81,-946,1216
2025-09-01 15:44:32.657125,10.14,4.485,12.285,32.175000000000004,26.715,14.235,29.445,12.87,5,82,-945,1216
2025-09-01 15:44:32.663750,-1.56,-2.9250000000000003,4.29,16.575,12.285,9.165,27.885,9.75,5,82,-945,1216
2025-09-01 15:44:32.677000,15.21,7.215,9.555,39.78,23.79,19.5,33.15,18.915,4,84,-954,1280
2025-09-01 15:44:32.677125,3.705,4.29,12.48,28.47,19.305,24.57,26.91,17.94,4,79,-951,1216
2025-09-01 15:44:32.677250,9.945,1.365,-4.29,35.49,11.115,11.31,17.94,9.165,6,86,-936,1216
2025-09-01 15:44:32.677375,22.815,13.065,7.215,43.29,22.035,15.21,25.935,15.99,6,82,-941,1216
2025-09-01 15:44:32.677500,21.84,7.41,-9.36,34.515,15.795,1.755,3.315,-2.73,5,82,-948,1216
2025-09-01 15:44:32.677625,5.46,0.585,-14.04,27.885,7.605,-7.215,-2.34,-6.63,5,82,-948,1216
2025-09-01 15:44:32.677750,22.035,12.87,-2.9250000000000003,35.1,27.105,4.29,19.5,2.73,2,89,-955,1216
2025-09-01 15:44:32.678000,31.395,15.6,6.4350000000000005,51.09,25.935,9.36,17.745,6.045,0,80,-943,1216
2025-09-01 15:44:32.682625,17.94,11.505,4.095,42.120000000000005,16.575,2.145,19.305,5.655,1,83,-945,1216
2025-09-01 15:44:32.687250,31.98,15.21,15.99,48.75,25.935,14.43,26.52,18.33,0,84,-946,1216
2025-09-01 15:44:32.691875,28.47,19.89,15.6,44.655,26.91,14.43,25.35,15.21,0,84,-946,1216
2025-09-01 15:44:32.696500,12.285,4.29,-0.78,21.06,7.800000000000001,-1.755,7.215,0.0,-2,79,-940,1152
2025-09-01 15:44:32.701125,8.97,2.145,-14.04,26.91,8.775,-15.015,-2.73,-13.845,2,72,-949,1216
2025-09-01 15:44:32.705750,28.275,7.215,-9.36,42.120000000000005,25.935,-5.07,1.56,-7.605,4,77,-948,1152
2025-09-01 15:44:32.715000,21.645,0.195,-15.405,40.56,17.745,-10.14,3.705,-11.31,3,81,-951,1280
2025-09-01 15:44:32.717750,4.095,-8.19,-15.795,15.21,-0.585,-17.55,-1.95,-15.795,3,81,-951,1280
2025-09-01 15:44:32.720500,28.47,11.7,-8.58,44.07,28.08,-2.145,4.68,-3.705,2,84,-940,1216
2025-09-01 15:44:32.723250,19.695,0.195,-10.335,35.49,14.235,-8.19,4.29,-9.36,0,80,-947,1216
2025-09-01 15:44:32.726000,30.615,12.87,3.315,49.14,28.86,5.265000000000001,14.04,9.36,-3,79,-949,1216
2025-09-01 15:44:32.728750,37.83,22.23,11.895,52.065000000000005,38.415,15.6,21.45,11.115,-3,79,-949,1216
2025-09-01 15:44:32.731500,17.94,2.73,-6.825,37.44,17.355,-10.335,-5.07,-18.33,3,83,-945,1216
2025-09-01 15:44:32.737000,18.135,4.29,-9.36,36.075,18.33,-10.335,1.56,-8.97,10,81,-950,1216
2025-09-01 15:44:32.737125,21.06,8.19,-0.975,37.245000000000005,20.67,-1.755,-5.655,-7.41,10,80,-950,1216
2025-09-01 15:44:32.737250,12.48,0.39,-5.265000000000001,37.05,21.255,-0.39,-0.39,-4.29,5,72,-956,1216
2025-09-01 15:44:32.737375,23.01,7.215,-0.975,37.245000000000005,22.23,-0.975,9.36,-7.0200000000000005,-2,78,-951,1216
2025-09-01 15:44:32.737500,16.77,0.195,-9.165,37.635,19.11,-4.875,-0.585,-10.53,-3,78,-948,1216
2025-09-01 15:44:32.737625,29.445,11.895,-2.535,41.73,29.835,-1.95,1.17,-2.535,2,80,-949,1280
2025-09-01 15:44:32.737750,37.44,29.835,7.0200000000000005,53.43,33.735,8.385,9.75,5.07,2,80,-949,1280
2025-09-01 15:44:32.738000,28.665000000000003,10.14,0.975,41.73,20.865,-1.95,2.535,-9.555,-1,82,-945,1280
2025-09-01 15:44:32.741250,16.38,2.34,-5.46,33.54,17.16,-9.36,0.0,-7.41,3,83,-949,1216
2025-09-01 15:44:32.744500,20.865,6.63,0.585,40.755,18.72,-3.9,6.63,-3.51,4,80,-946,1216
2025-09-01 15:44:32.747750,13.455,2.145,-8.775,34.32,13.065,-16.575,-7.995,-15.21,4,83,-947,1280
2025-09-01 15:44:32.751000,4.875,-6.045,-14.625,24.18,0.975,-14.04,-5.07,-13.65,4,83,-947,1280
2025-09-01 15:44:32.754250,19.5,9.555,3.51,43.68,27.3,2.9250000000000003,16.185000000000002,6.63,8,85,-949,1280
2025-09-01 15:44:32.757500,26.715,7.995,10.14,46.605,25.935,-1.365,7.215,-1.17,1,87,-932,1280
2025-09-01 15:44:32.764000,14.82,2.145,3.315,34.32,12.285,3.12,0.585,-3.12,3,86,-941,1216
2025-09-01 15:44:32.765875,20.475,16.575,12.675,42.705,30.81,4.29,10.53,4.875,0,83,-946,1216
2025-09-01 15:44:32.767750,36.075,25.35,23.985,53.04,38.22,23.01,32.565,27.885,0,83,-946,1216
2025-09-01 15:44:32.769625,25.545,1.95,11.895,40.56,23.79,3.12,17.55,9.165,2,81,-943,1152
2025-09-01 15:44:32.771500,15.99,-4.095,-4.095,39.585,24.57,-1.95,-2.73,-9.36,0,85,-956,1152
2025-09-01 15:44:32.773375,16.185000000000002,1.95,0.195,35.88,22.815,-1.95,2.535,-3.315,0,83,-955,1216
2025-09-01 15:44:32.775250,3.705,-12.48,-4.29,23.4,0.0,-10.335,1.17,-10.14,0,85,-950,1216
2025-09-01 15:44:32.779000,-3.9,-18.135,-13.26,21.84,-1.365,-15.015,-15.795,-14.82,0,85,-950,1216
2025-09-01 15:44:32.779625,7.800000000000001,2.535,9.555,36.66,19.5,14.625,21.06,12.48,3,83,-954,1216
2025-09-01 15:44:32.780250,23.01,4.875,10.53,47.385000000000005,24.57,15.405,18.915,6.825,7,76,-952,1216
2025-09-01 15:44:32.780875,18.525,1.17,-0.78,35.295,20.28,6.24,3.705,0.195,3,77,-949,1280
2025-09-01 15:44:32.781500,25.35,12.675,12.675,46.02,33.735,20.67,13.455,8.97,3,80,-948,1280
2025-09-01 15:44:32.782125,41.145,20.865,21.645,54.99,41.925,27.69,21.255,21.645,3,80,-948,1216
2025-09-01 15:44:32.782750,28.275,1.95,9.36,42.51,21.645,14.235,4.095,-2.34,3,84,-941,1216
2025-09-01 15:44:32.784000,18.915,-10.335,-2.535,39.0,11.7,10.335,1.17,-2.34,1,89,-945,1216
2025-09-01 15:44:32.787625,15.6,-9.165,3.51,29.835,17.94,13.065,8.775,6.24,0,86,-947,1280
2025-09-01 15:44:32.791250,13.845,-8.385,0.195,34.905,5.655,2.535,2.34,-2.535,-2,86,-946,1216
2025-09-01 15:44:32.794875,0.585,-12.285,-10.335,20.085,6.045,-6.825,-5.07,-15.21,-2,86,-946,1216
2025-09-01 15:44:32.798500,13.65,-2.535,-8.385,32.370000000000005,18.135,5.655,6.825,2.9250000000000003,-2,88,-950,1216
2025-09-01 15:44:32.802125,26.52,3.9,3.12,45.045,18.525,11.31,10.53,-2.34,-4,86,-954,1216
2025-09-01 15:44:32.805750,25.935,2.73,-3.12,38.61,19.89,4.095,7.215,0.78,-2,83,-951,1216
2025-09-01 15:44:32.813000,26.130000000000003,9.555,9.36,37.635,29.055,14.235,18.72,14.04,-1,83,-950,1280
2025-09-01 15:44:32.814000,26.715,13.455,16.185000000000002,51.675,32.565,25.935,33.735,29.445,2,81,-950,1280
2025-09-01 15:44:32.815000,32.76,7.215,4.095,46.41,23.01,14.43,8.385,9.75,2,81,-950,1280
2025-09-01 15:44:32.816000,19.695,-2.535,-9.36,38.415,14.625,7.41,0.0,0.585,-3,84,-947,1216
2025-09-01 15:44:32.817000,21.06,-2.9250000000000003,0.195,40.365,15.99,14.43,14.235,7.0200000000000005,-3,83,-947,1216
2025-09-01 15:44:32.818000,20.475,-3.705,4.095,34.32,12.48,18.915,19.89,6.825,1,83,-949,1216
2025-09-01 15:44:32.819000,13.26,-9.165,-5.46,25.74,-0.975,3.9,10.335,-4.68,1,87,-951,1152
2025-09-01 15:44:32.821000,18.33,-5.265000000000001,5.265000000000001,31.200000000000003,7.0200000000000005,16.77,15.795,6.825,1,87,-951,1152
2025-09-01 15:44:32.821750,32.370000000000005,13.065,9.36,46.995000000000005,23.985,13.845,19.11,6.045,9,87,-941,1216
2025-09-01 15:44:32.822500,33.345,11.505,0.78,36.66,18.135,11.505,18.135,3.12,-2,81,-948,1280
2025-09-01 15:44:32.823250,27.3,3.315,-3.12,34.515,18.135,14.625,20.67,0.585,1,82,-954,1216
2025-09-01 15:44:32.824000,31.395,11.31,6.63,40.95,17.94,18.72,28.08,9.945,-3,80,-948,1216
2025-09-01 15:44:32.824750,17.94,-2.535,9.555,26.715,6.24,16.185000000000002,26.91,6.63,4,82,-945,1216
2025-09-01 15:44:32.825500,19.11,0.78,-9.555,22.425,6.045,-1.17,18.33,-6.63,4,83,-955,1216
2025-09-01 15:44:32.827000,22.425,7.0200000000000005,-6.63,34.905,18.72,6.63,20.67,5.655,4,83,-955,1216
2025-09-01 15:44:32.829875,30.225,14.43,-3.315,45.63,22.23,3.9,20.67,6.045,1,79,-950,1152
2025-09-01 15:44:32.832750,27.495,9.75,11.115,39.585,19.11,14.43,25.35,17.16,1,80,-950,1280
2025-09-01 15:44:32.835625,27.105,11.7,16.185000000000002,39.39,22.23,20.085,31.005000000000003,20.085,1,88,-950,1216
2025-09-01 15:44:32.838500,31.200000000000003,18.72,16.38,44.07,30.03,26.91,32.955,30.03,2,86,-949,1280
2025-09-01 15:44:32.841375,27.885,12.87,16.38,36.66,18.72,15.99,24.18,12.09,2,86,-949,1280
2025-09-01 15:44:32.844250,20.67,6.24,9.36,30.81,18.135,13.65,22.62,16.575,4,93,-961,1216
2025-09-01 15:44:32.850000,27.885,11.31,10.92,39.975,22.815,13.26,24.96,15.6,4,92,-952,1216
2025-09-01 15:44:32.850000,27.69,8.385,3.51,36.855,16.77,10.53,17.745,3.315,2,86,-949,1216
2025-09-01 15:44:32.850000,18.72,9.165,11.31,36.27,10.92,12.675,22.425,11.31,-2,92,-955,1216
2025-09-01 15:44:32.850000,24.765,17.94,14.04,37.05,21.645,20.865,15.99,12.48,-1,88,-954,1216
2025-09-01 15:44:32.850000,23.01,15.21,8.97,31.98,12.48,5.07,14.04,7.800000000000001,5,87,-950,1152
2025-09-01 15:44:32.850000,17.745,4.095,-5.8500000000000005,28.08,3.12,-5.655,1.56,1.17,8,85,-949,1216
2025-09-01 15:44:32.850000,29.055,14.235,9.36,36.465,22.425,8.58,22.425,14.235,8,85,-949,1216
2025-09-01 15:44:32.850000,26.130000000000003,6.63,21.84,33.345,10.92,19.305,26.715,18.72,-1,87,-943,1216
2025-09-01 15:44:32.854750,19.305,13.065,9.945,25.74,14.43,10.335,20.475,17.55,6,87,-946,1216
2025-09-01 15:44:32.859500,23.4,17.745,20.475,36.465,14.82,14.43,27.885,24.57,5,84,-949,1216
2025-09-01 15:44:32.864250,36.27,26.52,28.275,54.6,30.42,21.645,29.835,27.495,5,83,-953,1216
2025-09-01 15:44:32.869000,29.055,18.915,15.795,36.66,19.5,9.165,23.01,10.335,5,83,-953,1216
2025-09-01 15:44:32.873750,17.745,8.58,8.385,27.69,7.0200000000000005,11.7,2.145,7.41,10,91,-949,1280
2025-09-01 15:44:32.878500,22.425,11.31,20.865,25.155,16.185000000000002,25.935,25.545,17.94,8,89,-950,1216
2025-09-01 15:44:32.888000,23.205,10.725,10.725,28.275,10.92,7.995,23.595,10.335,8,86,-948,1280
2025-09-01 15:44:32.894000,20.475,5.8500000000000005,-6.24,30.03,7.800000000000001,0.39,-1.95,-4.485,4,88,-947,1280
2025-09-01 15:44:32.900000,26.715,12.87,14.43,38.415,21.255,20.865,23.595,19.695,4,88,-947,1280
2025-09-01 15:44:32.906000,38.22,21.645,23.985,37.83,20.865,28.86,38.025,27.3,8,85,-945,1280
2025-09-01 15:44:32.912000,23.4,8.775,14.43,31.200000000000003,15.99,20.085,31.200000000000003,23.205,7,81,-947,1280
2025-09-01 15:44:32.918000,30.42,13.845,21.45,36.075,22.425,33.15,29.25,26.715,8,82,-945,1280
2025-09-01 15:44:32.924000,42.705,26.130000000000003,30.81,52.845,33.93,34.125,35.295,28.665000000000003,7,81,-946,1216
2025-09-01 15:44:32.936000,30.42,13.65,14.43,40.17,15.795,15.405,18.72,8.385,7,81,-946,1216
2025-09-01 15:44:32.936500,23.01,-0.975,5.07,28.665000000000003,14.04,16.185000000000002,17.55,8.775,2,84,-955,1216
2025-09-01 15:44:32.937000,29.445,8.58,6.045,39.0,15.795,18.33,16.575,8.775,6,85,-950,1216
2025-09-01 15:44:32.937500,34.32,16.575,17.16,37.245000000000005,19.5,26.130000000000003,22.62,15.21,11,80,-946,1216
2025-09-01 15:44:32.938000,31.200000000000003,7.41,10.335,35.1,17.55,14.82,21.45,9.75,10,86,-950,1280
2025-09-01 15:44:32.938500,32.370000000000005,14.43,15.405,39.585,21.06,22.035,28.665000000000003,12.87,8,86,-952,1280
2025-09-01 15:44:32.939000,47.775,29.64,19.695,52.065000000000005,31.59,25.35,31.785,18.525,8,83,-953,1216
2025-09-01 15:44:32.940000,35.1,17.55,13.455,34.905,18.135,14.625,18.135,2.9250000000000003,8,83,-953,1216
2025-09-01 15:44:32.945500,16.575,-0.585,-3.51,19.695,13.845,6.4350000000000005,15.99,-3.9,8,87,-960,1280
2025-09-01 15:44:32.951000,29.055,11.505,9.165,29.055,19.89,17.745,18.135,12.87,10,87,-957,1280
2025-09-01 15:44:32.956500,24.96,5.07,4.095,22.815,5.07,8.775,10.335,1.17,9,86,-955,1280
2025-09-01 15:44:32.962000,7.41,-11.505,1.17,6.825,-13.455,-0.195,5.8500000000000005,-1.56,9,82,-953,1216
2025-09-01 15:44:32.967500,12.09,1.365,10.14,19.11,0.585,12.285,22.035,12.87,9,82,-953,1216
2025-09-01 15:44:32.973000,28.86,10.53,20.67,33.15,18.915,20.865,34.515,15.99,7,81,-945,1216
2025-09-01 15:44:32.984000,26.130000000000003,10.92,19.305,33.93,15.6,17.745,27.3,15.99,8,81,-949,1216
2025-09-01 15:44:32.986125,36.465,17.745,19.5,42.120000000000005,22.62,24.96,30.81,22.23,8,83,-951,1216
2025-09-01 15:44:32.988250,36.855,25.545,16.185000000000002,42.315000000000005,34.905,16.77,15.795,11.505,6,87,-936,1216
2025-09-01 15:44:32.990375,30.03,14.04,14.04,25.545,21.45,16.575,14.82,15.795,8,90,-950,1216
2025-09-01 15:44:32.992500,33.15,17.745,17.745,33.93,25.935,20.475,17.745,9.555,9,87,-950,1216
2025-09-01 15:44:32.994625,48.75,33.345,20.28,47.775,39.585,24.57,27.69,22.425,8,87,-948,1216
2025-09-01 15:44:32.996750,49.53,37.635,1.365,46.605,31.200000000000003,3.315,8.19,0.975,8,87,-948,1216
2025-09-01 15:44:33.001000,27.69,17.94,-0.975,26.325,16.965,-2.535,3.12,4.875,8,93,-951,1216
2025-09-01 15:44:33.002500,30.81,25.35,0.78,32.955,23.01,3.315,-3.315,-2.145,9,88,-941,1280
2025-09-01 15:44:33.004000,35.295,24.765,-14.04,35.88,19.11,-8.775,-7.41,-4.485,10,90,-946,1280
2025-09-01 15:44:33.005500,40.17,29.835,-11.31,41.34,23.205,-10.725,-4.29,-11.31,9,86,-941,1216
2025-09-01 15:44:33.007000,36.27,25.155,-18.135,38.415,16.38,-14.04,-18.135,-17.94,5,85,-943,1216
2025-09-01 15:44:33.008500,20.67,6.825,-27.495,27.885,1.755,-24.57,-21.84,-29.055,8,85,-945,1280
2025-09-01 15:44:33.010000,27.3,13.065,-28.08,36.66,7.605,-18.915,-24.96,-25.155,8,85,-945,1280
2025-09-01 15:44:33.013000,27.495,17.16,-16.575,31.785,15.795,-11.7,-11.895,-16.575,2,83,-931,1280
2025-09-01 15:44:33.017250,27.495,16.965,-26.130000000000003,28.86,15.21,-18.33,-28.86,-29.055,-2,90,-952,1216
2025-09-01 15:44:33.021500,34.905,25.155,-7.41,44.265,18.72,-8.58,-11.7,-8.385,5,86,-949,1280
2025-09-01 15:44:33.025750,23.205,12.09,-13.845,31.005000000000003,8.385,-10.335,-18.72,-16.77,8,85,-958,1216
2025-09-01 15:44:33.030000,26.52,20.67,-7.0200000000000005,32.175000000000004,20.085,1.95,-12.09,-9.165,6,78,-950,1280
2025-09-01 15:44:33.034250,23.985,9.945,-9.945,30.42,14.625,-6.045,-17.94,-20.865,4,81,-945,1280
2025-09-01 15:44:33.038500,23.595,9.75,-11.505,31.395,14.625,-13.455,-27.105,-20.085,8,83,-946,1216
2025-09-01 15:44:33.047000,32.955,25.35,2.535,40.755,23.79,0.195,-7.0200000000000005,-6.825,8,83,-946,1216
2025-09-01 15:44:33.048875,28.08,21.06,-3.315,32.175000000000004,18.915,-2.73,-6.63,-8.775,8,86,-942,1152
2025-09-01 15:44:33.050750,22.815,13.65,-10.725,26.91,20.67,-15.21,-14.625,-11.115,0,86,-940,1216
2025-09-01 15:44:33.052625,25.935,24.375,1.755,30.81,25.35,-4.485,-2.73,-7.800000000000001,-1,86,-944,1216
2025-09-01 15:44:33.054500,38.415,28.275,7.995,44.07,37.245000000000005,6.24,3.705,-3.705,1,85,-940,1216
2025-09-01 15:44:33.056375,41.34,31.785,11.505,47.775,37.635,-3.315,-6.4350000000000005,-6.4350000000000005,1,85,-940,1216
2025-09-01 15:44:33.058250,21.645,4.095,-7.41,26.715,19.695,-20.28,-15.21,-16.185000000000002,5,83,-944,1216
2025-09-01 15:44:33.062000,16.185000000000002,3.9,-4.095,15.795,12.675,-16.38,-0.585,-11.31,7,82,-932,1280
2025-09-01 15:44:33.063625,14.235,3.12,-14.43,16.185000000000002,8.19,-21.45,-11.505,-21.255,11,83,-939,1152
2025-09-01 15:44:33.065250,9.945,-1.365,-33.15,8.775,3.12,-31.59,-23.79,-40.95,11,81,-940,1216
2025-09-01 15:44:33.066875,19.305,8.97,-26.715,21.255,16.575,-18.72,-31.785,-29.445,11,81,-940,1216
2025-09-01 15:44:33.068500,34.905,24.18,-0.39,35.295,30.615,-6.045,-10.92,-9.165,9,74,-942,1216
2025-09-01 15:44:33.070125,13.065,13.26,-9.555,18.135,12.48,-18.525,-19.695,-23.4,-1,82,-949,1280
2025-09-01 15:44:33.071750,19.305,15.21,-9.945,23.205,18.135,-17.55,-19.11,-13.65,0,79,-944,1216
2025-09-01 15:44:33.075000,31.785,25.35,2.9250000000000003,29.25,26.91,-1.95,-1.56,-6.4350000000000005,3,80,-947,1152
2025-09-01 15:44:33.076875,13.455,7.0200000000000005,-10.14,13.845,7.605,-17.94,-12.48,-20.475,3,80,-947,1280
2025-09-01 15:44:33.078750,9.75,5.46,-14.82,13.845,12.09,-18.525,-14.04,-23.205,3,81,-947,1280
2025-09-01 15:44:33.080625,16.965,16.185000000000002,-4.68,24.375,15.795,-11.31,1.17,-6.63,8,74,-945,1216
2025-09-01 15:44:33.082500,8.58,7.995,-15.21,8.385,3.9,-24.18,-21.84,-28.665000000000003,9,79,-945,1280
2025-09-01 15:44:33.084375,0.975,9.36,-30.225,11.505,-1.755,-30.81,-32.175000000000004,-39.39,4,81,-948,1216
2025-09-01 15:44:33.086250,0.39,5.265000000000001,-9.75,6.045,-1.755,-17.55,-13.845,-22.23,4,81,-948,1216
2025-09-01 15:44:33.090000,15.99,11.7,-9.555,22.23,13.26,-16.185000000000002,-14.04,-20.475,10,83,-942,1216
2025-09-01 15:44:33.091000,12.675,9.555,-22.23,18.72,7.605,-24.18,-23.4,-23.4,8,91,-949,1280
2025-09-01 15:44:33.092000,27.495,21.45,-11.7,35.295,15.795,-17.355,-11.505,-18.915,5,89,-953,1216
2025-09-01 15:44:33.093000,26.130000000000003,33.93,-1.365,36.27,25.935,-7.800000000000001,0.195,-10.14,3,88,-956,1280
2025-09-01 15:44:33.094000,22.035,25.155,-1.56,30.03,23.205,-12.285,-7.0200000000000005,-3.315,3,88,-956,1216
2025-09-01 15:44:33.095000,20.085,12.675,-4.095,17.745,9.165,-15.21,-5.655,-9.945,3,88,-948,1216
2025-09-01 15:44:33.096000,15.795,15.21,-1.755,17.55,9.945,-11.31,-7.605,-10.14,2,80,-951,1216
2025-09-01 15:44:33.098000,13.455,11.895,-6.24,20.67,6.825,-15.795,-11.31,-15.405,3,81,-950,1216
2025-09-01 15:44:33.106375,6.24,7.800000000000001,-17.16,13.26,2.9250000000000003,-23.4,-20.865,-23.205,3,80,-946,1280
2025-09-01 15:44:33.114750,15.015,12.48,-4.875,25.935,15.015,-10.725,-1.95,-5.265000000000001,4,80,-946,1152
2025-09-01 15:44:33.123125,22.035,28.47,9.36,34.125,20.085,1.755,10.14,5.655,4,80,-946,1152
2025-09-01 15:44:33.131500,15.6,14.235,-0.975,26.325,11.895,-5.46,-6.045,-4.485,2,85,-949,1216
2025-09-01 15:44:33.139875,21.255,21.255,3.315,34.905,24.375,7.605,1.56,6.24,0,87,-950,1152
2025-09-01 15:44:33.148250,37.245000000000005,33.54,9.36,50.31,32.370000000000005,10.53,6.045,4.875,7,81,-953,1216
2025-09-01 15:44:33.165000,20.475,15.015,2.535,27.3,14.625,-3.315,-2.145,-3.315,8,85,-955,1280
2025-09-01 15:44:33.167000,8.19,10.14,-9.945,17.55,6.825,-5.46,-31.005000000000003,-14.04,8,85,-955,1280
2025-09-01 15:44:33.169000,7.995,9.75,-7.0200000000000005,22.815,6.24,1.755,4.68,5.07,1,84,-945,1152
2025-09-01 15:44:33.171000,16.77,12.09,-6.4350000000000005,24.96,7.0200000000000005,4.29,-8.385,2.535,1,84,-945,1152
2025-09-01 15:44:33.173000,8.19,-0.975,-6.045,13.065,-7.0200000000000005,-2.145,-2.535,0.0,-2,87,-951,1216
2025-09-01 15:44:33.175000,12.285,8.385,2.9250000000000003,29.25,10.92,9.165,-0.975,2.73,-3,85,-948,1216
2025-09-01 15:44:33.177000,24.57,25.545,16.38,45.24,22.815,21.255,15.795,12.675,1,86,-947,1216
2025-09-01 15:44:33.181000,15.21,17.16,-0.78,28.665000000000003,7.41,6.4350000000000005,48.555,-3.12,1,83,-955,1216
2025-09-01 15:44:33.187125,-3.9,-4.095,-13.26,4.875,-7.605,-14.235,44.655,-15.6,1,83,-955,1216
2025-09-01 15:44:33.193250,7.800000000000001,5.265000000000001,-6.4350000000000005,22.62,6.4350000000000005,-4.68,16.77,-0.585,6,85,-949,1216
2025-09-01 15:44:33.199375,12.87,14.625,-3.705,27.885,13.65,-1.56,24.57,4.485,4,85,-949,1280
2025-09-01 15:44:33.205500,30.225,24.375,14.625,38.61,28.275,19.5,45.825,29.25,5,82,-950,1216
2025-09-01 15:44:33.211625,25.35,20.67,5.655,29.445,16.77,0.975,38.415,15.405,8,81,-951,1280
2025-09-01 15:44:33.217750,10.92,12.87,-7.605,16.965,4.095,-8.775,7.605,4.485,8,81,-951,1280
2025-09-01 15:44:33.230000,6.045,5.07,-6.045,13.455,0.0,-11.7,12.87,4.485,4,86,-934,1216
2025-09-01 15:44:33.232750,5.8500000000000005,8.19,-15.99,11.895,-3.12,-17.745,15.6,2.535,4,83,-942,1280
2025-09-01 15:44:33.235500,-0.78,1.95,-19.305,6.4350000000000005,-2.34,-18.33,5.8500000000000005,-6.045,4,82,-946,1280
2025-09-01 15:44:33.238250,1.56,5.655,-3.705,18.135,6.24,-7.995,27.885,14.82,3,83,-952,1280
2025-09-01 15:44:33.241000,17.55,22.62,5.655,26.715,11.505,9.165,19.5,11.895,3,83,-952,1280
2025-09-01 15:44:33.243750,7.41,11.895,-3.12,13.65,7.0200000000000005,-1.365,14.04,8.775,6,81,-943,1216
2025-09-01 15:44:33.246500,16.77,18.135,4.875,27.3,16.575,13.65,22.62,18.135,9,84,-947,1216
2025-09-01 15:44:33.252000,25.155,25.545,10.14,29.25,19.695,15.6,31.785,21.84,11,85,-949,1280
2025-09-01 15:44:33.253000,12.285,17.355,-8.97,13.65,2.34,-2.34,15.6,7.215,7,84,-949,1216
2025-09-01 15:44:33.254000,0.195,6.63,-12.675,16.38,3.12,-5.46,14.04,7.800000000000001,7,84,-949,1216
2025-09-01 15:44:33.255000,11.7,10.335,-1.56,16.38,2.145,-2.9250000000000003,17.745,8.775,4,81,-951,1280
2025-09-01 15:44:33.256000,7.41,-2.535,-11.505,11.505,-5.265000000000001,-11.7,-3.12,-0.195,5,80,-948,1216
2025-09-01 15:44:33.257000,-4.875,-13.845,-24.96,2.73,-16.38,-24.18,-4.095,-9.555,10,81,-948,1216
2025-09-01 15:44:33.258000,7.41,-2.535,-17.355,15.6,-3.9,-17.94,4.095,2.9250000000000003,13,81,-947,1152
2025-09-01 15:44:33.260000,14.625,9.165,-16.185000000000002,22.62,3.51,-18.135,-2.145,-0.195,13,81,-947,1152
2025-09-01 15:44:33.261750,13.65,6.63,-9.165,16.575,3.315,-10.53,15.21,5.8500000000000005,18,76,-948,1216
2025-09-01 15:44:33.263500,12.285,8.58,0.0,24.96,6.825,-1.56,15.21,9.555,15,73,-950,1280
2025-09-01 15:44:33.265250,19.89,20.865,3.315,33.93,18.72,10.335,24.18,21.45,15,77,-944,1216
2025-09-01 15:44:33.267000,16.77,11.115,3.51,26.91,12.285,1.95,21.645,15.21,13,79,-944,1216
2025-09-01 15:44:33.268750,10.53,2.535,-9.36,12.87,-0.195,-2.145,1.95,12.87,13,79,-944,1216
2025-09-01 15:44:33.270500,11.895,7.41,-1.365,11.505,2.9250000000000003,0.975,3.315,17.94,13,87,-945,1216
2025-09-01 15:44:33.274000,18.135,9.555,-3.705,16.38,6.4350000000000005,-5.46,5.46,21.255,14,81,-943,1216
2025-09-01 15:44:33.279250,14.43,1.17,-14.04,11.115,-5.46,-10.92,-12.48,5.265000000000001,14,79,-945,1216
2025-09-01 15:44:33.284500,12.675,4.68,-9.555,16.185000000000002,6.045,1.17,4.485,23.985,11,82,-942,1280
2025-09-01 15:44:33.289750,15.015,7.800000000000001,-5.8500000000000005,16.185000000000002,6.045,1.17,2.9250000000000003,20.67,11,82,-942,1280
2025-09-01 15:44:33.295000,1.17,-4.485,-13.65,2.73,-5.655,-2.145,-5.265000000000001,20.865,12,82,-959,1216
2025-09-01 15:44:33.300250,14.625,7.800000000000001,2.73,15.795,0.0,4.875,10.14,35.295,5,87,-955,1216
2025-09-01 15:44:33.305500,26.325,19.695,15.015,30.03,12.48,16.575,21.84,46.215,10,85,-949,1216
2025-09-01 15:44:33.316000,24.57,19.11,2.34,23.79,6.825,1.365,3.51,25.74,9,84,-946,1216
2025-09-01 15:44:33.317125,11.115,1.365,-9.555,15.795,-2.34,-8.19,-9.165,20.475,9,84,-946,1216
2025-09-01 15:44:33.318250,23.595,5.655,-1.95,22.815,5.8500000000000005,1.755,-2.34,26.715,1,84,-933,1152
2025-09-01 15:44:33.319375,14.235,6.24,-5.655,15.015,-3.12,0.195,8.97,22.62,6,82,-938,1216
2025-09-01 15:44:33.320500,7.0200000000000005,-7.41,-12.285,2.34,-9.36,-8.97,3.51,19.695,6,83,-940,1216
2025-09-01 15:44:33.321625,5.46,3.705,-13.845,9.555,-1.755,-2.73,6.045,24.96,7,82,-941,1216
2025-09-01 15:44:33.322750,11.7,6.63,-5.8500000000000005,15.015,5.8500000000000005,3.51,8.97,29.055,7,82,-941,1216
2025-09-01 15:44:33.325000,9.75,5.07,-10.725,12.87,-0.39,-3.705,-0.585,24.18,13,81,-945,1216
2025-09-01 15:44:33.327500,10.92,3.705,-1.17,12.675,2.34,1.17,9.165,32.565,10,83,-947,1216
2025-09-01 15:44:33.330000,16.185000000000002,1.365,-8.97,7.800000000000001,3.9,0.975,10.92,29.25,6,79,-944,1280
2025-09-01 15:44:33.332500,11.895,1.17,-15.21,2.9250000000000003,-3.9,-4.875,5.265000000000001,20.085,4,84,-953,1280
2025-09-01 15:44:33.335000,-4.29,-7.995,-12.675,-12.285,-18.33,-7.41,-1.365,19.5,4,83,-949,1216
2025-09-01 15:44:33.337500,5.655,-1.17,-13.65,-3.9,-3.12,-1.365,1.755,20.085,4,84,-945,1216
2025-09-01 15:44:33.340000,11.31,8.19,-7.215,2.145,-0.195,0.975,1.56,20.475,4,84,-945,1216
2025-09-01 15:44:33.345000,-0.78,-4.29,-21.06,-3.315,-9.555,-6.24,-9.75,14.235,4,84,-957,1216
2025-09-01 15:44:33.345875,11.31,7.605,-5.8500000000000005,14.82,1.365,6.4350000000000005,6.63,26.52,2,79,-950,1216
2025-09-01 15:44:33.346750,17.16,21.255,6.24,21.06,6.63,19.305,11.31,38.22,2,83,-946,1216
2025-09-01 15:44:33.347625,11.115,14.235,0.585,6.045,0.585,12.09,3.315,24.765,3,84,-945,1216
2025-09-01 15:44:33.348500,1.56,1.95,-8.97,8.19,-6.4350000000000005,-1.365,-1.365,19.5,3,84,-945,1216
2025-09-01 15:44:33.349375,-0.195,0.195,-5.655,-4.095,-12.675,4.68,-4.485,20.475,-1,78,-931,1216
2025-09-01 15:44:33.350250,0.585,7.605,-5.265000000000001,5.07,-3.9,1.17,-2.73,19.89,6,82,-937,1152
2025-09-01 15:44:33.352000,-4.095,-5.07,-21.45,-0.78,-10.53,-16.77,-18.915,4.485,1,84,-939,1152
2025-09-01 15:44:33.353750,5.07,2.145,-9.555,9.555,-2.535,-1.365,15.015,31.785,-2,86,-944,1216
2025-09-01 15:44:33.355500,6.63,1.95,-12.48,5.8500000000000005,2.535,-10.53,-2.9250000000000003,18.33,-2,86,-944,1216
2025-09-01 15:44:33.357250,-5.46,-0.78,-13.455,-4.29,-6.24,-7.800000000000001,-18.525,13.65,-7,91,-952,1216
2025-09-01 15:44:33.359000,2.34,2.145,-7.215,8.97,4.095,-1.56,2.535,26.130000000000003,-8,86,-942,1216
2025-09-01 15:44:33.360750,16.575,13.845,9.36,19.89,11.505,11.31,15.795,40.17,-5,86,-944,1280
2025-09-01 15:44:33.362500,16.965,9.165,7.215,14.625,6.045,7.215,3.9,29.445,-5,87,-943,1280
2025-09-01 15:44:33.366000,-1.365,0.78,2.145,2.145,-5.8500000000000005,-5.265000000000001,-0.975,21.255,-5,87,-943,1280
2025-09-01 15:44:33.369000,11.115,10.335,4.095,5.46,0.39,0.975,5.07,25.35,-3,88,-934,1280
2025-09-01 15:44:33.372000,-4.875,1.95,-12.285,8.385,2.145,1.95,5.07,21.645,-9,87,-946,1216
2025-09-01 15:44:33.375000,3.315,16.575,12.675,10.53,5.8500000000000005,22.425,15.21,31.200000000000003,-9,87,-946,1216
2025-09-01 15:44:33.378000,-5.655,4.29,3.315,4.095,-5.655,11.115,6.825,18.525,-7,88,-963,1152
2025-09-01 15:44:33.381000,1.95,9.555,1.17,10.335,4.095,13.065,8.97,24.96,-5,80,-951,1216
2025-09-01 15:44:33.384000,9.555,21.645,15.6,14.43,6.4350000000000005,19.305,16.575,31.395,-6,84,-952,1216
2025-09-01 15:44:33.390000,14.04,22.035,0.195,8.19,5.8500000000000005,7.995,-3.705,19.11,-6,86,-954,1216
2025-09-01 15:44:33.390000,-13.26,0.195,-9.165,-6.63,-15.405,-2.34,-9.945,16.38,-6,86,-954,1216
2025-09-01 15:44:33.390000,-11.895,0.78,-10.14,-4.29,-12.285,0.975,-7.800000000000001,12.09,-2,86,-955,1216
2025-09-01 15:44:33.390000,-6.045,11.115,3.315,1.95,-6.4350000000000005,9.555,9.75,23.595,-6,84,-952,1216
2025-09-01 15:44:33.390000,4.095,16.38,3.9,10.335,9.945,13.455,9.75,33.54,-6,84,-952,1216
2025-09-01 15:44:33.390000,4.485,17.355,6.4350000000000005,10.92,3.12,11.895,13.845,29.445,-8,86,-953,1216
2025-09-01 15:44:33.390000,4.095,15.405,7.41,11.505,2.535,16.38,17.55,39.0,-2,86,-947,1216
2025-09-01 15:44:33.390000,10.92,28.275,22.035,27.105,19.11,33.15,19.695,43.485,0,84,-947,1216
2025-09-01 15:44:33.392875,9.75,21.255,14.04,16.965,6.4350000000000005,18.915,15.21,37.83,2,83,-952,1280
2025-09-01 15:44:33.395750,-14.04,-0.585,-3.315,-3.9,-9.75,6.825,3.12,25.935,2,83,-952,1280
2025-09-01 15:44:33.398625,-14.43,6.4350000000000005,-2.535,0.195,-5.655,6.825,4.68,26.91,1,80,-942,1216
2025-09-01 15:44:33.401500,-15.21,8.385,-3.315,2.34,-6.24,0.585,-6.825,17.355,-1,84,-953,1216
2025-09-01 15:44:33.404375,-15.795,2.73,-20.28,-4.485,-10.53,-5.8500000000000005,-12.87,10.335,5,86,-951,1280
2025-09-01 15:44:33.407250,-4.29,14.04,-5.07,8.58,3.705,12.675,2.535,27.3,4,86,-951,1216
2025-09-01 15:44:33.413000,2.34,26.130000000000003,6.4350000000000005,8.97,7.215,13.845,18.33,30.03,4,86,-951,1216
2025-09-01 15:44:33.415625,-1.56,10.92,-8.19,2.34,2.145,13.26,0.0,18.33,3,87,-955,1216
2025-09-01 15:44:33.418250,-1.17,16.77,-2.34,8.19,6.825,15.21,6.24,25.74,3,82,-947,1216
2025-09-01 15:44:33.420875,12.675,23.79,10.53,14.82,10.725,19.305,9.555,31.98,3,85,-950,1216
2025-09-01 15:44:33.423500,1.365,10.725,-0.195,5.07,-3.12,10.335,6.24,18.135,2,86,-953,1280
2025-09-01 15:44:33.426125,-13.26,-3.705,0.78,-12.87,-19.11,6.24,4.485,25.935,2,86,-953,1216
2025-09-01 15:44:33.428750,-10.14,5.655,9.36,-5.265000000000001,-15.015,13.455,8.58,32.76,0,87,-949,1216
2025-09-01 15:44:33.434000,-10.725,5.46,3.12,-5.46,-12.675,2.535,-0.585,18.135,1,90,-948,1216
2025-09-01 15:44:33.434000,-14.04,-0.975,-5.8500000000000005,-6.63,-13.455,-2.73,-3.12,14.43,1,88,-952,1280
2025-09-01 15:44:33.434000,-10.725,7.215,3.12,4.68,5.8500000000000005,16.185000000000002,9.165,26.91,2,88,-955,1280
2025-09-01 15:44:33.434000,4.485,24.57,15.015,11.115,6.4350000000000005,17.94,16.38,32.76,-14,88,-955,1216
2025-09-01 15:44:33.434000,-2.535,13.455,5.07,3.9,2.34,10.92,1.56,25.545,-2,87,-953,1216
2025-09-01 15:44:33.434000,1.755,13.845,9.36,11.895,7.215,20.865,8.775,35.685,6,84,-963,1152
2025-09-01 15:44:33.434000,6.825,23.01,21.06,11.895,11.505,26.130000000000003,27.3,41.925,5,85,-960,1216
2025-09-01 15:44:33.434000,4.68,16.77,15.6,2.73,4.095,18.135,14.625,29.25,7,88,-957,1216
2025-09-01 15:44:33.437000,-5.46,5.46,5.46,0.78,-6.63,8.385,19.89,24.96,10,86,-957,1216
2025-09-01 15:44:33.440000,6.63,8.97,3.315,1.755,2.145,18.33,9.165,24.375,9,89,-954,1216
2025-09-01 15:44:33.443000,-8.19,-6.045,-4.095,-12.87,-16.185000000000002,11.31,5.07,21.645,8,90,-956,1280
2025-09-01 15:44:33.446000,-3.705,1.17,9.945,5.655,0.78,17.355,14.43,25.935,8,90,-956,1280
2025-09-01 15:44:33.449000,4.485,5.46,9.165,9.555,-5.07,12.285,16.575,22.815,6,85,-949,1216
2025-09-01 15:44:33.452000,-15.21,-0.975,-8.58,-4.875,-15.99,-3.9,4.095,13.065,6,85,-952,1216
2025-09-01 15:44:33.458000,-10.14,0.78,-6.24,-1.56,-6.24,7.605,5.07,16.965,9,85,-954,1216
2025-09-01 15:44:33.460000,-0.78,6.4350000000000005,3.705,7.800000000000001,-5.07,14.235,5.655,25.74,10,86,-956,1280
2025-09-01 15:44:33.462000,16.185000000000002,25.74,23.595,20.67,12.09,30.81,29.055,41.73,10,82,-954,1280
2025-09-01 15:44:33.464000,7.215,12.09,9.165,10.335,2.73,13.065,15.795,24.57,7,86,-953,1216
2025-09-01 15:44:33.466000,-1.56,-5.8500000000000005,-2.9250000000000003,1.755,-5.46,0.585,4.29,16.77,9,84,-955,1280
2025-09-01 15:44:33.468000,2.145,2.73,9.36,3.705,4.29,12.09,17.94,28.86,9,84,-955,1280
2025-09-01 15:44:33.470000,-0.585,-1.17,6.63,0.39,-2.145,7.995,25.155,29.055,3,87,-937,1280
2025-09-01 15:44:33.474000,-9.945,-9.36,3.9,-13.26,-12.285,5.8500000000000005,23.79,24.18,4,87,-940,1216
2025-09-01 15:44:33.483250,-8.97,-7.215,-5.655,-4.095,-6.045,7.995,13.065,22.425,6,84,-947,1152
2025-09-01 15:44:33.492500,-7.800000000000001,-7.215,-3.315,-7.800000000000001,-5.46,0.0,-7.800000000000001,15.795,7,82,-947,1216
2025-09-01 15:44:33.501750,-7.215,-3.315,1.56,1.56,-1.95,9.165,5.265000000000001,15.795,7,82,-947,1216
2025-09-01 15:44:33.511000,-7.215,-3.9,-3.12,-10.14,-9.75,5.8500000000000005,6.825,13.65,1,80,-944,1216
2025-09-01 15:44:33.520250,-28.47,-20.865,-13.455,-23.595,-24.57,-8.97,1.56,5.265000000000001,6,82,-944,1216
2025-09-01 15:44:33.529500,-15.405,0.195,-3.315,-10.725,-7.0200000000000005,5.8500000000000005,13.26,22.815,5,81,-942,1280
2025-09-01 15:44:33.548000,-2.34,6.24,3.9,2.34,3.315,11.895,4.68,15.6,5,81,-945,1280
2025-09-01 15:44:33.550375,-13.065,0.0,0.0,-8.58,-6.045,5.655,-0.975,10.92,5,81,-945,1280
2025-09-01 15:44:33.552750,-8.58,-1.17,-3.705,-4.68,-5.07,7.215,9.945,23.985,10,90,-947,1152
2025-09-01 15:44:33.555125,0.39,3.315,6.045,-3.9,-1.95,19.89,12.87,15.99,9,85,-948,1280
2025-09-01 15:44:33.557500,-13.26,4.485,3.51,-11.7,-6.24,6.24,1.95,11.895,8,83,-946,1152
2025-09-01 15:44:33.559875,-18.525,-9.165,-7.41,-22.62,-15.21,-3.315,2.73,4.68,6,81,-946,1216
2025-09-01 15:44:33.562250,-13.65,0.585,5.46,-14.82,-9.555,10.92,1.365,15.795,6,81,-946,1216
2025-09-01 15:44:33.567000,-13.65,-0.39,-2.145,-8.58,-8.385,0.195,-2.73,14.82,7,79,-942,1216
2025-09-01 15:44:33.569500,-20.865,-12.285,-2.34,-16.38,-19.5,-7.215,-0.78,6.24,7,84,-943,1280
2025-09-01 15:44:33.572000,-19.695,-8.58,-0.78,-17.355,-11.505,-2.9250000000000003,14.235,18.525,7,80,-939,1216
2025-09-01 15:44:33.574500,-9.945,7.605,8.775,-0.975,-6.045,0.78,7.995,14.82,5,80,-945,1216
2025-09-01 15:44:33.577000,-13.065,-2.34,0.39,-6.825,-12.09,-1.17,-4.29,10.92,5,80,-945,1216
2025-09-01 15:44:33.579500,-9.945,3.315,0.39,1.56,0.39,3.315,5.07,17.55,7,79,-958,1216
2025-09-01 15:44:33.582000,2.34,8.385,9.75,4.095,1.365,18.525,15.99,27.885,2,82,-953,1216
2025-09-01 15:44:33.587000,-0.39,4.29,-1.17,-3.12,-7.0200000000000005,2.34,3.12,14.82,2,82,-945,1216
2025-09-01 15:44:33.590125,-23.79,-16.575,-10.53,-16.965,-22.62,-4.875,1.95,8.58,6,82,-943,1216
2025-09-01 15:44:33.593250,-7.215,-8.97,0.39,-6.825,-5.655,11.31,15.015,20.085,6,82,-943,1216
2025-09-01 15:44:33.596375,1.56,4.485,8.385,2.535,-0.39,10.14,24.765,20.865,7,80,-933,1216
2025-09-01 15:44:33.599500,-16.575,-14.43,-9.555,-27.885,-17.16,-3.705,3.705,5.8500000000000005,12,80,-938,1280
2025-09-01 15:44:33.602625,-24.96,-20.67,-5.8500000000000005,-34.905,-19.695,-0.585,8.385,10.53,7,82,-942,1216
2025-09-01 15:44:33.605750,-13.455,-9.165,-6.24,-16.965,-15.015,0.195,2.73,10.335,7,80,-944,1280
2025-09-01 15:44:33.612000,-19.305,-23.79,-15.795,-22.815,-25.35,-3.705,-7.605,10.335,7,80,-944,1280
2025-09-01 15:44:33.614250,-11.115,-10.14,2.34,-4.29,-14.04,16.965,12.675,24.765,10,83,-950,1280
2025-09-01 15:44:33.616500,-3.315,3.315,9.555,10.335,4.485,21.84,14.43,24.765,6,83,-948,1216
2025-09-01 15:44:33.618750,-14.235,-3.9,9.165,-1.755,-15.405,7.605,7.605,22.62,5,87,-948,1280
2025-09-01 15:44:33.621000,-23.985,-10.725,-14.82,-12.48,-11.505,-3.51,-9.75,10.335,5,85,-944,1216
2025-09-01 15:44:33.623250,-12.48,-2.535,-15.99,-2.9250000000000003,-5.655,1.95,-4.875,10.14,5,85,-944,1216
2025-09-01 15:44:33.625500,-18.525,-14.625,-5.46,-17.745,-21.06,10.53,1.755,15.21,5,79,-946,1216
2025-09-01 15:44:33.630000,-32.370000000000005,-23.595,-12.48,-26.715,-24.57,-0.975,-2.535,5.655,12,77,-955,1280
2025-09-01 15:44:33.631000,-29.445,-16.38,-14.235,-22.035,-21.06,-0.975,-1.95,8.58,11,82,-950,1216
2025-09-01 15:44:33.632000,-13.065,-5.8500000000000005,-2.535,-10.14,-17.745,7.41,3.705,17.355,10,80,-951,1216
2025-09-01 15:44:33.633000,-4.68,6.825,8.385,-4.68,-4.68,10.335,7.41,22.23,9,81,-952,1152
2025-09-01 15:44:33.634000,9.165,7.41,14.04,-2.535,-7.800000000000001,20.865,19.89,36.075,9,79,-947,1216
2025-09-01 15:44:33.635000,-0.39,5.46,2.73,-7.800000000000001,-17.745,5.8500000000000005,-1.365,14.235,6,82,-947,1216
2025-09-01 15:44:33.636000,-12.87,-8.775,-9.36,-14.04,-25.935,-6.63,-2.535,15.015,8,82,-943,1216
2025-09-01 15:44:33.638000,-10.53,-2.145,-8.97,-14.04,-18.72,-9.36,-0.975,14.235,8,82,-943,1216
2025-09-01 15:44:33.640875,-7.215,-4.68,-3.315,-21.645,-20.085,2.145,-11.115,12.09,3,81,-930,1216
2025-09-01 15:44:33.643750,7.41,15.405,23.595,10.725,4.875,26.130000000000003,19.89,37.245000000000005,4,83,-944,1216
2025-09-01 15:44:33.646625,6.4350000000000005,13.845,8.19,2.535,1.17,13.845,5.07,26.715,1,78,-945,1216
2025-09-01 15:44:33.649500,-9.75,0.195,-6.24,-15.99,-20.865,-5.265000000000001,1.17,7.41,6,81,-943,1216
2025-09-01 15:44:33.652375,-3.51,4.875,2.9250000000000003,-9.75,-17.55,5.265000000000001,4.485,16.965,6,81,-943,1216
2025-09-01 15:44:33.655250,-13.065,-5.8500000000000005,-7.215,-22.425,-23.595,-7.800000000000001,-4.095,7.995,13,77,-945,1152
2025-09-01 15:44:33.661000,-29.055,-20.475,-19.695,-34.905,-36.075,-15.6,-18.135,-7.800000000000001,5,85,-943,1216
2025-09-01 15:44:33.663500,-15.6,-6.24,-13.455,-19.11,-16.965,-9.75,-7.605,6.63,5,85,-945,1216
2025-09-01 15:44:33.666000,8.385,10.53,3.705,6.63,2.9250000000000003,11.31,5.07,26.52,4,89,-949,1152
2025-09-01 15:44:33.668500,8.97,16.575,20.67,5.07,7.0200000000000005,24.375,20.28,39.39,5,89,-953,1280
2025-09-01 15:44:33.671000,6.045,12.87,14.235,-4.095,-1.755,13.65,13.455,29.445,2,81,-951,1216
2025-09-01 15:44:33.673500,-11.895,-5.265000000000001,-4.875,-19.89,-17.16,1.17,1.365,10.725,4,86,-945,1152
2025-09-01 15:44:33.676000,-11.895,-5.265000000000001,3.12,-19.11,-10.725,5.8500000000000005,7.215,21.45,4,86,-945,1152
2025-09-01 15:44:33.681000,-6.24,-3.705,-7.0200000000000005,-15.795,-10.92,1.95,-1.365,14.235,3,80,-959,1280
2025-09-01 15:44:33.681125,-14.235,-16.185000000000002,-12.09,-23.205,-23.4,-5.07,-16.77,1.365,-1,79,-950,1216
2025-09-01 15:44:33.681250,-2.34,-4.29,8.97,-11.31,-1.755,10.14,15.99,23.01,-3,80,-956,1280
2025-09-01 15:44:33.681375,-13.65,-11.7,9.165,-21.645,-16.185000000000002,7.0200000000000005,11.7,12.09,0,83,-954,1280
2025-09-01 15:44:33.681500,-24.57,-21.06,-4.29,-29.25,-20.67,-9.75,-1.755,2.34,1,83,-950,1216
2025-09-01 15:44:33.681625,-16.575,-15.99,-1.365,-18.72,-15.99,0.195,7.605,6.4350000000000005,1,83,-950,1216
2025-09-01 15:44:33.681750,-18.915,-20.475,-9.36,-18.915,-20.865,-6.4350000000000005,-2.34,1.17,1,87,-949,1216
2025-09-01 15:44:33.682000,-28.86,-28.86,-21.06,-33.345,-33.345,-20.085,-8.385,-2.73,5,80,-948,1216
2025-09-01 15:44:33.685125,-24.765,-23.205,-10.335,-25.35,-13.65,-4.485,0.78,12.675,7,79,-948,1216
2025-09-01 15:44:33.688250,-36.27,-39.0,-24.375,-36.66,-40.365,-20.475,-9.555,-15.015,1,81,-965,1216
2025-09-01 15:44:33.691375,-32.175000000000004,-36.075,-13.455,-34.32,-34.71,-9.75,-9.165,-3.51,2,84,-958,1216
2025-09-01 15:44:33.694500,-15.795,-22.23,3.315,-18.72,-18.72,5.655,11.31,12.675,1,84,-953,1280
2025-09-01 15:44:33.697625,-23.985,-26.325,-5.46,-24.96,-20.085,-0.39,4.485,4.29,-2,86,-953,1216
2025-09-01 15:44:33.700750,-17.55,-22.815,0.585,-19.89,-18.33,11.31,15.405,17.94,-2,86,-949,1216
2025-09-01 15:44:33.707000,-14.82,-13.26,9.36,-12.48,-12.675,17.355,17.355,17.745,-8,88,-943,1216
2025-09-01 15:44:33.708750,-19.305,-23.595,-0.78,-24.765,-18.135,7.995,12.87,7.800000000000001,-4,86,-946,1152
2025-09-01 15:44:33.710500,-35.685,-29.445,-12.09,-32.955,-30.03,-7.0200000000000005,-10.92,-0.78,3,87,-949,1216
2025-09-01 15:44:33.712250,-30.42,-35.295,-16.77,-37.635,-29.445,-10.53,-1.56,-6.24,14,83,-947,1216
2025-09-01 15:44:33.714000,-35.685,-35.295,-13.455,-33.15,-28.86,-3.51,13.65,6.24,6,84,-944,1280
2025-09-01 15:44:33.715750,-19.5,-17.55,0.975,-15.795,-12.09,8.97,20.28,13.455,4,86,-944,1152
2025-09-01 15:44:33.717500,-15.6,-17.94,-0.585,-13.455,-15.99,2.34,12.87,5.265000000000001,3,89,-947,1216
2025-09-01 15:44:33.721000,-12.675,-19.305,3.705,-10.53,-10.53,18.915,12.09,14.625,3,89,-947,1216
2025-09-01 15:44:33.722000,-2.535,-13.845,14.82,-0.975,-1.365,25.545,28.86,21.84,2,88,-941,1216
2025-09-01 15:44:33.723000,-30.03,-34.32,-8.385,-25.74,-22.035,-0.39,4.68,6.24,1,82,-949,1280
2025-09-01 15:44:33.724000,-14.235,-17.55,0.585,-6.045,-7.0200000000000005,7.0200000000000005,18.135,18.135,0,82,-948,1216
2025-09-01 15:44:33.725000,-20.28,-26.91,0.975,-17.16,-19.5,4.875,15.99,8.19,-2,87,-946,1216
2025-09-01 15:44:33.726000,-15.015,-22.62,-0.975,-14.82,-11.7,8.58,10.92,7.995,-2,87,-946,1216
2025-09-01 15:44:33.727000,-11.31,-14.235,9.555,-7.215,-2.9250000000000003,19.695,16.575,15.015,-1,86,-948,1216
2025-09-01 15:44:33.729000,-17.55,-13.455,6.825,-17.55,-18.135,10.92,12.87,0.0,2,84,-953,1280
2025-09-01 15:44:33.731750,-42.315000000000005,-39.195,-16.575,-34.515,-36.855,-11.7,-3.705,-9.555,3,83,-947,1216
2025-09-01 15:44:33.734500,-43.875,-47.385000000000005,-17.94,-32.370000000000005,-39.195,-9.165,-8.97,-9.75,6,81,-939,1216
2025-09-01 15:44:33.737250,-41.73,-34.515,-8.19,-25.35,-27.495,1.755,4.095,6.045,4,84,-944,1280
2025-09-01 15:44:33.740000,-22.425,-18.915,11.115,-7.215,-17.16,13.455,20.085,17.745,6,83,-948,1216
2025-09-01 15:44:33.742750,-26.91,-29.64,3.315,-15.99,-22.23,2.34,14.625,8.19,3,86,-946,1280
2025-09-01 15:44:33.745500,-25.155,-22.815,1.755,-14.235,-12.48,10.14,7.41,12.675,3,86,-946,1280
2025-09-01 15:44:33.751000,-22.425,-12.285,11.895,-10.335,-12.675,23.4,19.11,18.525,0,88,-956,1280
2025-09-01 15:44:33.752750,-25.935,-21.06,3.51,-11.31,-17.16,6.63,6.63,2.73,-1,86,-953,1216
2025-09-01 15:44:33.754500,-29.445,-26.325,-12.48,-18.915,-27.105,-6.24,-7.0200000000000005,-6.045,1,90,-949,1216
2025-09-01 15:44:33.756250,-32.175000000000004,-38.61,-8.58,-25.74,-30.42,-13.065,-0.585,-3.315,1,85,-951,1280
2025-09-01 15:44:33.758000,-34.32,-29.64,-13.845,-23.205,-26.715,-5.8500000000000005,-3.51,-2.535,1,85,-951,1280
2025-09-01 15:44:33.759750,-39.78,-37.44,-18.135,-34.905,-35.685,-20.28,-5.265000000000001,-13.065,4,84,-937,1216
2025-09-01 15:44:33.761500,-35.49,-34.71,-15.405,-25.545,-28.275,-7.800000000000001,-6.825,-3.315,4,85,-945,1216
2025-09-01 15:44:33.765000,-16.38,-20.865,3.315,-6.24,-13.65,7.0200000000000005,15.21,7.0200000000000005,1,89,-947,1152
2025-09-01 15:44:33.773500,-26.52,-28.275,-6.825,-13.455,-26.130000000000003,-3.705,6.825,6.4350000000000005,6,87,-945,1280
2025-09-01 15:44:33.782000,-21.84,-25.74,6.63,-18.525,-18.33,7.215,12.675,12.48,6,87,-945,1280
2025-09-01 15:44:33.790500,-18.525,-21.645,9.75,-10.725,-14.235,11.31,19.11,15.21,8,94,-949,1216
2025-09-01 15:44:33.799000,-21.45,-20.67,9.555,-18.33,-11.115,2.34,15.015,8.775,7,91,-948,1216
2025-09-01 15:44:33.807500,-29.64,-28.08,-3.9,-22.23,-20.67,-7.800000000000001,6.4350000000000005,0.585,0,89,-945,1216
2025-09-01 15:44:33.816000,-21.45,-21.645,5.46,-12.48,-14.625,8.385,21.255,13.065,0,89,-944,1216
2025-09-01 15:44:33.833000,-22.815,-25.935,-8.58,-16.185000000000002,-20.475,-14.235,-3.12,-6.63,0,89,-944,1216
2025-09-01 15:44:33.833875,-40.365,-40.17,-18.525,-33.93,-35.295,-14.43,-12.675,-13.26,-3,81,-938,1216
2025-09-01 15:44:33.834750,-37.44,-39.39,-8.97,-33.735,-30.615,-11.31,-2.145,-4.485,-2,85,-945,1216
2025-09-01 15:44:33.835625,-15.795,-22.425,2.34,-10.53,-13.26,-0.78,6.825,0.585,1,86,-950,1216
2025-09-01 15:44:33.836500,-19.11,-33.345,3.51,-10.14,-19.5,2.535,11.505,7.800000000000001,2,89,-949,1216
2025-09-01 15:44:33.837375,-22.035,-24.96,0.975,-12.48,-19.695,5.07,11.31,7.41,2,89,-949,1216
2025-09-01 15:44:33.838250,-15.795,-11.505,9.75,-11.895,-12.285,11.895,21.84,21.45,5,89,-962,1280
2025-09-01 15:44:33.840000,-13.455,-14.235,10.92,-8.58,-5.46,12.09,17.745,16.77,-1,86,-951,1280
2025-09-01 15:44:33.844875,-19.5,-28.275,-9.165,-16.185000000000002,-19.695,-5.8500000000000005,12.48,6.63,0,90,-953,1216
2025-09-01 15:44:33.849750,-21.06,-25.155,-1.17,-15.21,-23.595,2.145,12.285,2.9250000000000003,4,86,-952,1280
2025-09-01 15:44:33.854625,-21.84,-20.475,-11.115,-16.575,-21.06,-6.63,-7.215,-6.63,4,86,-952,1280
2025-09-01 15:44:33.859500,-40.95,-37.245000000000005,-17.94,-40.365,-34.71,-15.6,-9.75,-12.675,2,86,-939,1216
2025-09-01 15:44:33.864375,-42.51,-36.27,-21.45,-30.615,-30.225,-13.65,-2.9250000000000003,-4.095,-2,88,-945,1280
2025-09-01 15:44:33.869250,-14.82,-10.725,-0.39,-6.24,-7.605,-0.39,11.7,7.995,0,88,-949,1280
2025-09-01 15:44:33.879000,-25.74,-21.645,-12.675,-17.94,-23.595,-13.065,-3.9,-4.485,2,89,-949,1216
2025-09-01 15:44:33.879625,-30.225,-26.91,-8.385,-24.96,-25.155,-3.9,1.95,0.585,2,89,-949,1216
2025-09-01 15:44:33.880250,-26.52,-23.205,-2.9250000000000003,-18.33,-19.5,9.36,0.39,12.675,11,86,-956,1280
2025-09-01 15:44:33.880875,-27.105,-24.18,-8.775,-14.82,-20.865,0.78,-9.36,-0.195,5,82,-946,1216
2025-09-01 15:44:33.881500,-44.07,-38.415,-25.35,-30.03,-37.83,-13.65,-25.155,-12.09,6,86,-948,1216
2025-09-01 15:44:33.882125,-39.39,-38.61,-12.87,-29.835,-38.025,-3.51,-7.995,0.195,4,86,-947,1216
2025-09-01 15:44:33.882750,-36.27,-36.27,-15.015,-20.085,-29.64,-4.485,-5.265000000000001,-4.875,4,86,-947,1216
2025-09-01 15:44:33.884000,-50.895,-46.605,-27.495,-29.445,-39.975,-13.26,-17.745,-9.36,1,88,-935,1152
2025-09-01 15:44:33.886875,-39.195,-45.435,-21.255,-23.4,-31.785,-5.265000000000001,-14.82,-4.485,4,91,-950,1216
2025-09-01 15:44:33.889750,-31.98,-29.64,-7.605,-16.77,-22.815,1.95,2.73,3.51,3,93,-948,1216
2025-09-01 15:44:33.892625,-44.265,-46.995000000000005,-21.06,-23.985,-33.54,-5.07,-8.58,-4.68,4,89,-947,1216
2025-09-01 15:44:33.895500,-47.58,-44.655,-15.21,-22.23,-37.44,-1.17,-10.14,0.39,4,89,-947,1216
2025-09-01 15:44:33.898375,-30.225,-22.23,0.39,-11.31,-18.33,11.115,7.0200000000000005,12.09,14,90,-957,1216
2025-09-01 15:44:33.901250,-32.370000000000005,-31.785,-5.655,-17.55,-19.89,2.34,-7.41,-4.29,8,90,-953,1280
2025-09-01 15:44:33.907000,-34.905,-38.025,-16.185000000000002,-23.985,-25.155,-3.9,-8.775,-4.68,7,89,-951,1152
2025-09-01 15:44:33.909375,-21.645,-30.615,-9.555,-9.945,-23.985,4.875,3.315,5.8500000000000005,5,89,-949,1216
2025-09-01 15:44:33.911750,-24.57,-30.81,-8.385,-8.19,-17.55,-1.365,6.4350000000000005,-2.535,5,89,-949,1216
2025-09-01 15:44:33.914125,-37.635,-45.435,-12.87,-24.96,-31.005000000000003,-4.485,-15.6,-15.99,-1,92,-948,1152
2025-09-01 15:44:33.916500,-39.0,-43.095,-5.07,-21.45,-26.91,-0.39,-6.24,-0.39,0,89,-951,1216
2025-09-01 15:44:33.918875,-18.915,-27.885,0.0,-10.335,-9.945,9.945,6.24,0.585,5,87,-950,1216
2025-09-01 15:44:33.921250,-31.200000000000003,-34.32,-15.795,-12.285,-27.885,-3.705,-10.53,-11.895,4,86,-948,1216
2025-09-01 15:44:33.926000,-32.76,-31.005000000000003,-2.73,-12.285,-23.205,5.46,1.56,5.8500000000000005,4,86,-948,1216
2025-09-01 15:44:33.931125,-21.645,-24.765,12.285,-5.655,-15.99,17.355,16.965,9.555,6,81,-944,1280
2025-09-01 15:44:33.936250,-25.74,-24.96,-3.12,-11.895,-23.595,-4.485,0.195,-4.485,5,89,-949,1216
2025-09-01 15:44:33.941375,-39.39,-40.365,-12.675,-18.915,-33.15,-15.6,-5.655,-14.235,6,86,-947,1216
2025-09-01 15:44:33.946500,-31.98,-33.54,-7.995,-12.285,-27.69,-7.605,-3.9,-2.9250000000000003,4,87,-948,1280
2025-09-01 15:44:33.951625,-31.785,-32.955,-15.6,-17.355,-25.155,-7.605,-7.800000000000001,-11.895,4,87,-948,1280
2025-09-01 15:44:33.956750,-43.485,-43.29,-23.01,-32.370000000000005,-39.78,-19.11,-24.765,-17.355,9,97,-954,1280
2025-09-01 15:44:33.967000,-43.68,-42.705,-20.67,-27.495,-36.855,-18.72,-17.94,-9.75,12,90,-948,1216
2025-09-01 15:44:33.967875,-24.375,-20.67,-11.115,-17.16,-21.06,-0.585,-3.9,-0.585,6,86,-946,1216
2025-09-01 15:44:33.968750,-25.545,-25.35,-7.41,-17.16,-24.18,-0.39,0.195,-0.195,5,85,-947,1280
2025-09-01 15:44:33.969625,-22.035,-22.035,-0.39,-8.775,-17.94,7.605,7.41,12.285,5,85,-947,1280
2025-09-01 15:44:33.970500,-12.675,-14.625,8.97,-4.29,-13.845,9.945,15.015,19.89,7,85,-946,1216
2025-09-01 15:44:33.971375,-8.97,-20.865,-1.365,-7.605,-19.11,-0.585,3.12,3.51,2,89,-938,1216
2025-09-01 15:44:33.972250,-38.61,-42.705,-23.205,-27.105,-39.39,-13.065,-17.94,-15.21,4,89,-942,1152
2025-09-01 15:44:33.974000,-23.01,-29.835,-13.65,-16.38,-19.305,-3.9,2.535,-4.485,4,93,-942,1280
2025-09-01 15:44:33.977000,-25.155,-24.96,-14.235,-21.06,-32.76,-5.265000000000001,2.34,-2.535,4,93,-942,1280
2025-09-01 15:44:33.980000,-36.855,-38.025,-23.595,-23.79,-35.685,-13.065,-13.26,-12.09,6,88,-953,1216
2025-09-01 15:44:33.983000,-30.615,-32.565,-1.17,-15.795,-27.885,4.095,6.825,0.195,4,87,-950,1280
2025-09-01 15:44:33.986000,-30.615,-34.71,-8.19,-16.965,-27.69,-7.215,-2.9250000000000003,-3.315,2,87,-949,1216
2025-09-01 15:44:33.989000,-20.67,-23.985,-3.9,-7.605,-16.77,-3.51,6.045,7.41,2,87,-949,1216
2025-09-01 15:44:33.992000,-15.21,-15.015,3.51,-0.39,-15.21,8.385,14.82,12.09,13,86,-945,1216
2025-09-01 15:44:33.998000,-12.09,-12.09,7.605,-6.63,-17.355,7.605,6.4350000000000005,5.8500000000000005,8,87,-931,1152
2025-09-01 15:44:33.999875,-28.86,-36.075,-15.015,-22.425,-37.05,-14.625,-11.7,-6.825,9,87,-936,1216
2025-09-01 15:44:34.001750,-22.035,-29.25,-4.68,-10.14,-23.79,-4.095,-3.315,-0.195,4,89,-944,1216
2025-09-01 15:44:34.003625,-14.625,-23.985,-7.0200000000000005,-8.775,-26.52,-3.51,-7.215,-4.68,4,89,-944,1216
2025-09-01 15:44:34.005500,-25.74,-41.145,-19.89,-22.62,-29.055,-16.185000000000002,-17.94,-15.6,3,87,-937,1216
2025-09-01 15:44:34.007375,-38.025,-41.535,-20.28,-26.52,-34.71,-13.065,-8.58,-7.41,10,82,-951,1280
2025-09-01 15:44:34.009250,-22.23,-22.62,-1.755,-8.19,-22.425,10.53,4.29,1.95,7,84,-947,1216
2025-09-01 15:44:34.013000,-23.79,-24.96,-8.19,-13.26,-22.425,0.585,0.195,-3.12,3,87,-947,1216
2025-09-01 15:44:34.013750,-20.865,-20.085,-2.535,-8.19,-22.62,2.34,4.29,0.0,3,87,-947,1216
2025-09-01 15:44:34.014500,-14.43,-20.085,-12.87,-6.4350000000000005,-15.21,-3.9,-15.795,-9.36,6,93,-951,1216
2025-09-01 15:44:34.015250,-21.06,-15.795,-7.215,-15.795,-25.155,2.9250000000000003,3.315,3.51,6,93,-951,1216
2025-09-01 15:44:34.016000,-17.94,-16.575,-7.215,-15.405,-22.425,1.56,0.585,-4.29,10,93,-940,1216
2025-09-01 15:44:34.016750,-33.345,-28.665000000000003,-21.84,-21.84,-34.515,-11.115,-9.75,-11.7,7,88,-945,1152
2025-09-01 15:44:34.017500,-34.125,-31.395,-12.285,-30.615,-35.49,-0.195,-5.46,-6.045,6,85,-944,1216
2025-09-01 15:44:34.019000,-29.25,-31.395,-13.26,-23.01,-37.245000000000005,-7.0200000000000005,-14.04,-18.72,9,87,-939,1280
2025-09-01 15:44:34.021625,-33.345,-40.56,-23.595,-32.76,-45.825,-14.625,-22.815,-30.615,9,87,-939,1280
2025-09-01 15:44:34.024250,-41.925,-43.68,-28.665000000000003,-40.56,-42.51,-14.82,-18.33,-24.18,4,94,-949,1216
2025-09-01 15:44:34.026875,-23.01,-34.125,-6.4350000000000005,-19.5,-27.3,2.9250000000000003,2.34,-3.9,7,91,-945,1216
2025-09-01 15:44:34.029500,-25.74,-31.98,-6.825,-17.745,-24.57,-0.78,-4.875,-8.97,4,89,-947,1216
2025-09-01 15:44:34.032125,-20.67,-28.86,-8.58,-10.725,-18.33,3.12,-5.265000000000001,-1.755,5,86,-951,1216
2025-09-01 15:44:34.034750,-16.965,-21.45,0.195,-8.58,-13.845,11.7,7.995,5.8500000000000005,5,86,-951,1216
2025-09-01 15:44:34.040000,-20.475,-27.105,1.56,-14.82,-16.965,8.775,11.7,0.585,8,82,-945,1280
2025-09-01 15:44:34.040375,-35.1,-40.17,-21.84,-31.785,-38.025,-3.9,-13.845,-15.99,7,82,-944,1280
2025-09-01 15:44:34.040750,-28.275,-33.15,-9.36,-27.105,-27.105,-7.0200000000000005,-10.53,-8.19,3,86,-951,1280
2025-09-01 15:44:34.041125,-25.74,-29.835,-6.63,-22.815,-24.765,-3.315,-9.945,-5.655,3,87,-949,1216
2025-09-01 15:44:34.041500,-34.125,-36.075,-18.915,-29.25,-32.175000000000004,-10.725,-9.36,-15.99,3,87,-949,1216
2025-09-01 15:44:34.041875,-24.18,-30.81,-14.82,-26.325,-25.545,2.34,-16.965,-14.04,-5,88,-957,1152
2025-09-01 15:44:34.042250,-18.33,-18.33,2.145,-9.165,-12.87,15.015,-9.36,-2.34,4,87,-955,1216
2025-09-01 15:44:34.043000,-30.81,-32.955,-12.87,-29.25,-26.325,0.195,-8.385,-1.95,6,86,-953,1216
2025-09-01 15:44:34.051000,-15.405,-20.475,-6.63,-14.43,-14.235,5.46,-4.29,4.29,3,82,-956,1280
2025-09-01 15:44:34.059000,-26.91,-29.445,-15.795,-18.33,-29.64,-4.68,-9.165,-7.800000000000001,8,86,-954,1216
2025-09-01 15:44:34.067000,-25.74,-30.225,-11.115,-14.82,-21.255,1.56,-6.045,-1.56,9,88,-953,1152
2025-09-01 15:44:34.075000,-27.69,-29.25,-15.6,-17.355,-29.055,-2.9250000000000003,-1.95,-3.51,8,86,-950,1216
2025-09-01 15:44:34.083000,-44.265,-43.095,-21.45,-35.88,-38.61,-12.48,-17.55,-17.355,8,86,-950,1216
2025-09-01 15:44:34.091000,-42.120000000000005,-38.805,-21.45,-33.54,-31.785,-7.0200000000000005,-9.165,-11.31,9,94,-958,1216
2025-09-01 15:44:34.107000,-26.91,-26.715,0.39,-17.94,-16.965,5.46,11.7,4.68,6,94,-957,1216
2025-09-01 15:44:34.110125,-30.225,-30.42,-13.065,-21.45,-22.425,-3.315,-6.045,-7.800000000000001,3,91,-955,1216
2025-09-01 15:44:34.113250,-26.325,-24.57,-12.09,-13.65,-19.11,-0.975,-3.9,-10.725,5,93,-953,1216
2025-09-01 15:44:34.116375,-21.45,-28.665000000000003,-18.525,-13.65,-23.01,-4.68,-21.45,-17.16,6,88,-948,1280
2025-09-01 15:44:34.119500,-20.67,-23.205,-5.07,-12.675,-20.475,11.115,-3.9,4.68,5,89,-950,1280
2025-09-01 15:44:34.122625,-8.385,-12.87,2.73,-3.315,-6.4350000000000005,14.82,12.87,1.755,5,89,-950,1280
2025-09-01 15:44:34.125750,-20.475,-30.615,-5.8500000000000005,-20.28,-22.425,-0.585,-3.9,-11.31,10,87,-946,1216
2025-09-01 15:44:34.132000,-37.05,-44.07,-21.84,-30.03,-38.025,-13.26,-13.26,-18.915,8,91,-948,1216
2025-09-01 15:44:34.134250,-29.445,-33.15,-17.745,-26.52,-22.815,-10.14,-13.26,-11.505,5,92,-947,1280
2025-09-01 15:44:34.136500,-32.955,-37.05,-3.9,-29.64,-29.64,1.56,15.015,10.335,-1,92,-946,1280
2025-09-01 15:44:34.138750,-25.35,-18.33,7.605,-17.94,-13.065,7.995,21.06,12.48,10,86,-957,1216
2025-09-01 15:44:34.141000,-27.3,-23.985,-5.46,-23.4,-23.01,-6.825,-4.875,1.755,7,82,-957,1152
2025-09-01 15:44:34.143250,-19.305,-16.38,2.73,-8.58,-9.75,7.800000000000001,3.315,12.48,5,83,-956,1280
2025-09-01 15:44:34.145500,-3.705,-3.12,6.825,3.315,6.4350000000000005,12.87,20.475,19.89,5,83,-956,1280
2025-09-01 15:44:34.150000,-8.58,-11.895,8.775,0.0,-5.655,2.34,6.045,12.09,3,79,-948,1280
2025-09-01 15:44:34.150750,-32.175000000000004,-34.905,-4.485,-23.595,-26.91,-6.4350000000000005,-3.9,-3.9,-1,86,-953,1216
2025-09-01 15:44:34.151500,-26.325,-24.765,-3.705,-12.09,-18.135,0.195,8.385,0.78,4,81,-951,1280
2025-09-01 15:44:34.152250,-27.105,-24.57,-3.9,-19.5,-22.815,4.29,3.51,-1.365,5,84,-951,1216
2025-09-01 15:44:34.153000,-27.69,-31.200000000000003,-12.285,-19.305,-29.25,-3.12,-2.73,-5.46,5,84,-951,1216
2025-09-01 15:44:34.153750,-29.055,-31.59,-4.875,-19.305,-23.79,5.265000000000001,8.58,3.9,2,89,-949,1280
2025-09-01 15:44:34.154500,-17.745,-13.65,9.75,-9.945,-10.53,11.115,19.11,9.165,6,84,-945,1280
2025-09-01 15:44:34.156000,-28.47,-24.375,-4.875,-11.31,-16.38,-0.585,0.0,-5.46,5,86,-948,1280
2025-09-01 15:44:34.158750,-19.305,-18.33,6.825,-6.4350000000000005,-10.725,12.285,15.795,11.115,3,85,-950,1216
2025-09-01 15:44:34.161500,-4.875,-5.07,16.185000000000002,5.46,1.755,24.375,23.01,15.405,3,85,-950,1216
2025-09-01 15:44:34.164250,-4.68,-3.9,17.355,5.8500000000000005,2.145,20.085,18.72,17.55,9,83,-945,1280
2025-09-01 15:44:34.167000,-18.915,-13.065,-3.9,-14.82,-13.845,0.0,3.705,0.975,9,85,-945,1280
2025-09-01 15:44:34.169750,-20.67,-12.285,0.0,-13.26,-12.87,2.34,1.17,3.9,7,84,-945,1152
2025-09-01 15:44:34.172500,-19.5,-15.015,-1.95,-10.53,-12.48,7.800000000000001,2.9250000000000003,3.9,6,84,-947,1280
2025-09-01 15:44:34.178000,-29.835,-26.52,-13.65,-25.155,-20.28,-9.945,-4.485,-9.555,6,84,-947,1280
2025-09-01 15:44:34.181125,-29.835,-22.425,-8.58,-20.085,-18.525,-0.585,5.265000000000001,1.56,2,91,-951,1216
2025-09-01 15:44:34.184250,-4.485,-3.315,18.72,1.755,2.34,21.45,30.225,29.64,3,84,-945,1280
2025-09-01 15:44:34.187375,-7.215,-11.505,2.145,-2.9250000000000003,-6.045,7.605,20.085,14.04,3,86,-945,1216
2025-09-01 15:44:34.190500,-7.995,-11.115,3.9,-3.315,-3.705,7.41,15.21,14.04,7,86,-945,1216
2025-09-01 15:44:34.193625,6.045,0.78,25.155,12.675,6.24,31.785,39.585,31.98,7,86,-945,1216
2025-09-01 15:44:34.196750,-1.56,-5.07,13.455,6.24,-0.975,17.745,17.16,14.04,6,82,-935,1280
2025-09-01 15:44:34.203000,-19.305,-14.625,-2.145,-12.87,-17.745,1.17,-4.29,1.56,8,82,-938,1216
2025-09-01 15:44:34.203250,-12.09,-15.795,3.12,-2.9250000000000003,-10.53,5.265000000000001,7.800000000000001,8.97,7,82,-944,1152
2025-09-01 15:44:34.203500,-12.09,-15.795,-1.95,-6.045,-12.09,7.41,4.68,7.0200000000000005,10,82,-942,1216
2025-09-01 15:44:34.203750,-22.815,-28.47,-13.26,-16.965,-22.62,-3.51,-0.195,0.39,10,82,-942,1216
2025-09-01 15:44:34.204000,-21.645,-23.595,-12.285,-7.0200000000000005,-22.425,-0.195,-11.7,0.195,7,88,-946,1216
2025-09-01 15:44:34.204250,-7.605,-12.285,6.4350000000000005,-0.195,-5.46,17.94,15.015,11.115,5,87,-942,1280
2025-09-01 15:44:34.204500,-11.895,-15.21,-5.07,-5.8500000000000005,-9.75,9.75,3.12,6.825,5,88,-941,1216
2025-09-01 15:44:34.205000,-9.165,-12.48,2.34,-2.73,-2.34,15.795,12.09,13.65,3,84,-942,1152
2025-09-01 15:44:34.206750,-6.045,-2.145,15.6,15.21,6.045,26.91,25.545,22.035,3,84,-942,1152
2025-09-01 15:44:34.208500,-0.195,-3.12,18.915,10.53,3.315,23.595,25.74,13.065,4,85,-941,1216
2025-09-01 15:44:34.210250,-11.895,-17.745,-5.07,-4.68,-18.33,1.365,7.215,-2.73,9,86,-943,1280
2025-09-01 15:44:34.212000,-9.555,-11.895,0.195,-3.51,-5.8500000000000005,11.31,13.26,1.365,7,86,-944,1216
2025-09-01 15:44:34.213750,-10.335,-1.95,6.4350000000000005,0.585,-6.045,6.63,16.965,8.775,4,88,-946,1216
2025-09-01 15:44:34.215500,-25.155,-17.745,-5.46,-12.48,-24.57,-7.605,7.41,0.975,4,88,-946,1216
2025-09-01 15:44:34.219000,-37.44,-23.595,-11.505,-15.6,-25.545,-5.07,-0.39,2.535,4,83,-961,1216
2025-09-01 15:44:34.223500,-5.655,-3.12,9.945,0.78,-9.75,14.43,15.015,12.87,1,81,-951,1152
2025-09-01 15:44:34.228000,0.975,5.265000000000001,13.26,6.63,5.655,17.94,28.665000000000003,25.74,-1,82,-940,1152
2025-09-01 15:44:34.232500,-15.405,-11.115,3.12,-6.63,-9.945,10.14,28.47,13.26,7,88,-952,1280
2025-09-01 15:44:34.237000,-11.505,-7.605,0.195,1.95,-5.265000000000001,4.875,12.675,12.675,1,85,-950,1280
2025-09-01 15:44:34.241500,-4.68,-1.95,-5.655,8.19,-2.145,1.17,3.51,1.17,1,85,-950,1216
2025-09-01 15:44:34.246000,-12.675,-10.725,-9.945,-6.63,-9.945,-7.605,-5.8500000000000005,-11.895,1,85,-950,1216
2025-09-01 15:44:34.255000,-19.695,-15.405,-12.675,-12.675,-12.285,-0.975,2.73,-4.095,1,86,-949,1216
2025-09-01 15:44:34.255000,-12.285,-7.215,2.73,0.585,-2.145,5.46,21.255,9.555,-6,80,-933,1280
2025-09-01 15:44:34.255000,-20.28,-12.675,-0.78,-6.4350000000000005,-13.26,-5.655,3.705,0.39,-6,81,-941,1216
2025-09-01 15:44:34.255000,-16.38,-14.235,-6.045,-3.51,-17.94,-1.17,6.63,0.0,-6,81,-942,1216
2025-09-01 15:44:34.255000,-12.09,-8.58,3.9,0.39,-11.31,16.185000000000002,15.015,11.895,-6,81,-942,1216
2025-09-01 15:44:34.255000,-20.865,-16.77,7.215,-13.65,-23.79,8.19,12.675,6.4350000000000005,-8,86,-939,1280
2025-09-01 15:44:34.255000,-28.08,-26.52,-17.55,-13.065,-27.3,-11.895,2.535,-9.165,-7,86,-949,1216
2025-09-01 15:44:34.255000,-21.45,-15.405,-8.97,-11.895,-19.305,-5.46,4.095,-4.095,-6,85,-947,1280
2025-09-01 15:44:34.256375,-22.23,-10.92,-5.265000000000001,-5.46,-17.94,1.56,4.095,-4.095,-8,88,-949,1216
2025-09-01 15:44:34.257750,-31.005000000000003,-25.935,-17.94,-18.72,-32.565,-7.605,-2.535,-9.165,-8,88,-949,1472
2025-09-01 15:44:34.259125,-28.665000000000003,-20.865,-11.7,-17.94,-22.425,-3.51,0.78,0.78,-2,84,-952,1280
2025-09-01 15:44:34.260500,-8.97,-7.605,1.17,8.58,-10.14,6.825,16.575,7.0200000000000005,-7,85,-959,1216
2025-09-01 15:44:34.261875,-19.305,-12.675,-17.55,-4.29,-29.445,-9.75,-2.535,-9.75,-7,83,-953,1216
2025-09-01 15:44:34.263250,-21.06,-17.16,-2.73,-6.63,-20.28,-5.07,12.675,3.9,-6,82,-950,1152
2025-09-01 15:44:34.266000,-4.875,-2.34,14.235,6.045,-3.12,12.09,25.35,13.455,-6,82,-950,1152
2025-09-01 15:44:34.268000,-5.07,2.34,7.41,3.315,-5.265000000000001,11.7,15.795,1.17,-10,90,-935,1152
2025-09-01 15:44:34.270000,-28.665000000000003,-15.015,-11.505,-20.085,-23.985,-6.825,1.56,-5.655,-7,92,-942,1216
2025-09-01 15:44:34.272000,-16.575,-10.92,1.56,-11.895,-11.31,6.4350000000000005,15.015,7.995,-6,89,-943,1280
2025-09-01 15:44:34.274000,-16.575,-6.63,3.51,-3.12,-9.945,7.995,17.55,4.095,-7,86,-945,1216
2025-09-01 15:44:34.276000,-29.445,-21.06,-8.58,-16.77,-23.985,-10.14,10.53,-7.41,-7,86,-945,1152
2025-09-01 15:44:34.278000,-23.205,-15.99,-3.705,-6.045,-12.285,-1.17,6.63,0.975,-9,86,-939,1152
2025-09-01 15:44:34.282000,-8.775,-1.365,2.34,0.0,-8.19,7.0200000000000005,6.825,7.41,-10,84,-929,1216
2025-09-01 15:44:34.282875,-17.94,-11.505,4.29,-7.215,-12.285,0.975,6.825,3.9,-9,85,-937,1216
2025-09-01 15:44:34.283750,-24.57,-14.43,2.34,-6.24,-17.16,10.14,-6.045,0.0,-3,84,-954,1280
2025-09-01 15:44:34.284625,-37.05,-27.105,-5.07,-12.675,-21.06,-1.56,-6.24,-9.36,-3,88,-950,1216
2025-09-01 15:44:34.285500,-35.685,-27.105,-8.19,-16.77,-26.130000000000003,-3.9,2.145,-3.9,-3,88,-950,1216
2025-09-01 15:44:34.286375,-11.31,-11.31,6.63,6.4350000000000005,-7.995,8.385,11.31,10.14,1,84,-938,1216
2025-09-01 15:44:34.287250,-23.79,-17.745,0.39,-7.215,-17.16,-0.975,3.705,6.825,-4,86,-946,1280
2025-09-01 15:44:34.289000,-15.405,-14.43,7.215,-2.535,-8.775,6.24,10.725,8.775,-5,85,-946,1216
2025-09-01 15:44:34.291875,-10.53,-9.36,17.745,0.585,-8.58,11.7,14.625,17.745,-3,88,-948,1216
2025-09-01 15:44:34.294750,-9.945,-12.87,8.385,4.29,-8.385,7.0200000000000005,2.9250000000000003,8.19,1,77,-936,1152
2025-09-01 15:44:34.297625,-13.065,-9.945,3.705,2.535,-4.095,7.0200000000000005,3.315,8.385,2,79,-940,1216
2025-09-01 15:44:34.300500,-9.945,-9.36,19.695,3.9,-3.705,21.06,12.09,17.55,0,81,-946,1216
2025-09-01 15:44:34.303375,4.68,2.535,30.225,19.305,6.24,19.89,19.305,22.425,0,81,-946,1216
2025-09-01 15:44:34.306250,-14.625,-14.04,6.4350000000000005,-0.78,-9.945,0.78,6.825,2.145,-2,88,-952,1216
2025-09-01 15:44:34.312000,-12.675,-10.14,2.9250000000000003,6.24,-3.51,9.555,6.4350000000000005,0.585,2,83,-949,1280
2025-09-01 15:44:34.314500,-13.065,-3.51,13.845,0.585,-3.315,11.31,12.285,10.92,1,82,-947,1216
2025-09-01 15:44:34.317000,-1.95,-2.9250000000000003,15.99,15.21,2.34,16.185000000000002,16.77,17.16,5,82,-936,1216
2025-09-01 15:44:34.319500,-12.87,-5.655,3.705,-0.585,-7.800000000000001,4.68,4.875,8.97,9,80,-939,1216
2025-09-01 15:44:34.322000,-12.48,-4.68,9.165,4.29,-3.51,9.75,17.355,12.285,9,79,-941,1216
2025-09-01 15:44:34.324500,-7.995,-2.9250000000000003,19.305,9.945,2.535,20.865,17.16,22.035,9,78,-942,1152
2025-09-01 15:44:34.327000,7.995,3.705,16.185000000000002,11.31,4.485,13.845,14.235,14.625,9,78,-942,1152
2025-09-01 15:44:34.332000,-14.625,-15.795,-3.12,-4.095,-8.19,-0.975,-7.995,-2.535,12,83,-954,1280
2025-09-01 15:44:34.332250,-11.31,-10.92,6.825,-0.39,-4.29,6.24,2.73,10.53,8,81,-950,1216
2025-09-01 15:44:34.332500,-12.48,-3.315,-4.095,-12.285,-9.75,5.8500000000000005,10.335,7.800000000000001,6,80,-949,1216
2025-09-01 15:44:34.332750,-9.36,-1.95,6.045,15.21,-3.705,19.89,6.4350000000000005,19.305,2,81,-947,1216
2025-09-01 15:44:34.333000,3.315,-2.34,17.355,16.575,1.365,23.595,15.405,18.72,2,81,-947,1216
2025-09-01 15:44:34.333250,-14.82,-15.405,-10.53,-4.68,-10.92,-4.095,-12.87,5.655,2,77,-949,1216
2025-09-01 15:44:34.333500,-17.745,-18.33,-11.7,-4.485,-15.6,-2.9250000000000003,-10.53,1.755,0,78,-949,1216
2025-09-01 15:44:34.334000,-15.6,-14.235,-10.53,-9.945,-10.14,-8.385,-6.63,0.39,1,82,-949,1280
2025-09-01 15:44:34.336500,-26.52,-27.69,-17.94,-13.065,-20.085,-14.235,-18.135,-12.09,6,84,-949,1216
2025-09-01 15:44:34.339000,-0.78,9.555,12.285,5.46,0.195,17.745,17.355,11.895,3,84,-949,1280
2025-09-01 15:44:34.341500,-19.695,-15.405,-4.095,-11.7,-14.43,0.585,-10.725,-0.585,13,83,-944,1216
2025-09-01 15:44:34.344000,-15.21,-7.0200000000000005,0.195,-6.045,-6.63,11.115,-0.195,3.315,10,89,-946,1216
2025-09-01 15:44:34.346500,-13.845,-7.0200000000000005,-5.265000000000001,0.585,-7.605,3.315,-3.705,-2.73,8,84,-950,1216
2025-09-01 15:44:34.349000,-19.5,-13.26,-13.65,-5.8500000000000005,-15.405,-1.95,-8.58,-12.285,9,81,-949,1280
2025-09-01 15:44:34.354000,-22.035,-21.645,-12.285,-12.285,-16.185000000000002,-4.095,-12.87,-4.875,9,81,-949,1280
2025-09-01 15:44:34.355000,-11.895,-12.87,-2.145,-1.95,-10.725,10.53,3.51,1.95,6,83,-942,1280
2025-09-01 15:44:34.356000,-21.45,-21.06,-6.24,-16.38,-21.84,0.195,-10.53,-3.12,13,80,-952,1280
2025-09-01 15:44:34.357000,-21.255,-14.625,-2.9250000000000003,-2.73,-10.335,12.675,-2.34,11.7,11,82,-951,1152
2025-09-01 15:44:34.358000,-1.755,-2.535,14.04,6.045,-3.51,19.89,14.43,20.28,9,82,-949,1216
2025-09-01 15:44:34.359000,0.195,-0.39,6.825,9.165,-0.39,9.36,13.65,15.21,9,82,-949,1216
2025-09-01 15:44:34.360000,-28.08,-21.84,-9.165,-20.475,-31.005000000000003,-2.145,-13.26,-3.705,13,81,-955,1152
2025-09-01 15:44:34.362000,-14.235,-10.14,-5.46,-7.0200000000000005,-15.015,6.24,-7.215,2.535,5,76,-955,1152
2025-09-01 15:44:34.369000,-16.965,-16.185000000000002,-6.4350000000000005,-5.8500000000000005,-20.085,-1.56,-3.315,0.195,6,81,-949,1216
2025-09-01 15:44:34.376000,-31.59,-27.69,-15.405,-26.52,-20.085,-6.4350000000000005,-25.155,-11.7,9,84,-947,1216
2025-09-01 15:44:34.383000,-24.765,-24.765,-2.34,-16.185000000000002,-18.72,6.4350000000000005,-10.725,5.46,5,86,-944,1216
2025-09-01 15:44:34.390000,-24.375,-14.82,-7.0200000000000005,-17.16,-16.77,-1.365,-14.82,7.605,6,81,-943,1216
2025-09-01 15:44:34.397000,-23.205,-23.595,-21.84,-17.55,-15.99,-14.04,-12.09,-11.115,6,78,-943,1216
2025-09-01 15:44:34.404000,-20.67,-24.96,-21.06,-11.7,-12.675,-2.145,-15.6,-0.78,6,78,-943,1216
2025-09-01 15:44:34.418000,-8.97,-7.800000000000001,0.195,-3.315,-2.145,14.235,3.315,15.015,0,87,-950,1280
2025-09-01 15:44:34.421750,-20.475,-24.96,-11.31,-15.99,-9.36,-1.56,-12.87,-2.9250000000000003,7,83,-949,1216
2025-09-01 15:44:34.425500,-24.18,-24.96,-12.285,-12.09,-7.800000000000001,-4.485,-9.165,5.46,5,80,-946,1152
2025-09-01 15:44:34.429250,-18.915,-10.92,3.705,-1.365,-2.34,11.31,-0.78,16.77,6,81,-950,1280
2025-09-01 15:44:34.433000,-15.21,-8.385,-2.34,-9.75,-1.755,-3.705,-6.4350000000000005,2.9250000000000003,6,81,-950,1280
2025-09-01 15:44:34.436750,-36.075,-27.3,-16.965,-24.18,-23.4,-16.575,-19.11,-10.14,9,79,-937,1216
2025-09-01 15:44:34.440500,-22.035,-17.355,3.51,-5.46,-9.36,4.485,-2.535,10.725,4,86,-944,1216
2025-09-01 15:44:34.448000,-21.84,-15.405,-10.92,-12.87,-10.725,-4.68,-18.72,-3.315,5,81,-949,1216
2025-09-01 15:44:34.450000,-28.665000000000003,-23.205,-22.23,-26.715,-23.985,-11.505,-21.84,-4.875,6,84,-948,1280
2025-09-01 15:44:34.452000,-33.345,-27.885,-11.895,-27.69,-24.57,-4.29,-6.24,2.535,6,84,-948,1280
2025-09-01 15:44:34.454000,-23.205,-15.795,-1.95,-11.895,-9.945,6.63,3.51,11.7,9,88,-947,1216
2025-09-01 15:44:34.456000,-21.45,-14.235,-17.745,-18.72,-15.21,1.95,-15.405,-3.12,10,79,-937,1216
2025-09-01 15:44:34.458000,-20.475,-15.015,-9.75,-10.92,-14.625,1.95,-3.51,5.46,7,83,-939,1280
2025-09-01 15:44:34.460000,-19.695,-14.04,-2.145,-11.31,-14.235,11.115,12.48,20.085,7,82,-942,1280
2025-09-01 15:44:34.464000,-12.285,-3.9,4.485,-5.07,-4.875,10.335,4.29,12.675,7,82,-942,1280
2025-09-01 15:44:34.464625,-26.715,-24.765,-15.99,-23.595,-17.745,-6.045,-28.47,-15.015,11,83,-943,1280
2025-09-01 15:44:34.465250,-30.42,-26.52,-11.31,-23.985,-18.915,0.0,-17.55,5.46,3,80,-947,1216
2025-09-01 15:44:34.465875,-13.455,-9.75,3.51,-4.68,-0.195,6.4350000000000005,-4.485,13.845,1,81,-946,1216
2025-09-01 15:44:34.466500,-14.04,-11.7,-6.24,-3.315,-1.95,0.39,-13.065,10.53,8,78,-954,1216
2025-09-01 15:44:34.467125,-20.28,-7.995,-1.56,-7.215,-2.9250000000000003,9.165,-5.655,15.405,3,82,-952,1216
2025-09-01 15:44:34.467750,-8.775,-6.63,10.92,1.95,1.365,13.455,2.34,24.765,1,80,-951,1216
2025-09-01 15:44:34.469000,-13.845,0.975,13.065,1.365,-1.95,17.355,6.63,20.865,1,80,-951,1216
2025-09-01 15:44:34.471500,-23.985,-17.55,-9.555,-12.285,-14.235,4.095,-9.945,11.505,11,82,-945,1216
2025-09-01 15:44:34.474000,-13.845,-7.0200000000000005,0.78,-7.995,-2.535,6.045,-5.46,14.43,4,83,-933,1216
2025-09-01 15:44:34.476500,-14.04,-7.41,0.585,-11.115,-8.19,0.195,-4.875,11.505,3,85,-938,1216
2025-09-01 15:44:34.479000,-26.52,-19.11,-9.75,-22.62,-18.135,-6.4350000000000005,-25.545,-2.34,3,86,-946,1280
2025-09-01 15:44:34.481500,-25.935,-19.305,-14.82,-14.235,-17.355,-5.265000000000001,-29.25,2.535,3,86,-946,1280
2025-09-01 15:44:34.484000,-13.455,-5.265000000000001,1.365,0.975,-5.07,10.53,0.585,20.085,6,86,-950,1216
2025-09-01 15:44:34.489000,-22.425,-13.455,-5.46,-14.82,-16.575,-1.56,0.39,16.575,11,82,-957,1216
2025-09-01 15:44:34.492125,-26.130000000000003,-14.82,-9.75,-16.38,-14.04,1.755,-5.655,11.31,7,83,-953,1216
2025-09-01 15:44:34.495250,-18.525,-13.26,-2.34,-7.995,-9.165,5.8500000000000005,-1.365,17.94,2,80,-954,1216
2025-09-01 15:44:34.498375,-2.34,2.34,4.68,5.8500000000000005,-2.145,22.62,3.9,23.985,-2,81,-951,1216
2025-09-01 15:44:34.501500,-6.045,2.535,10.725,1.95,1.755,20.085,-2.9250000000000003,23.79,0,84,-951,1216
2025-09-01 15:44:34.504625,-16.965,-13.65,-9.36,-10.335,-9.36,-0.195,-15.6,8.58,0,84,-955,1216
2025-09-01 15:44:34.507750,-23.01,-17.355,1.365,-9.945,-13.65,16.185000000000002,2.73,23.985,-7,83,-942,1280
2025-09-01 15:44:34.514000,-19.11,-6.825,6.045,-10.14,-9.555,19.89,4.095,25.545,-3,85,-944,1280
2025-09-01 15:44:34.514000,-25.74,-21.45,-9.165,-16.965,-25.935,3.51,-14.235,6.24,3,84,-945,1216
2025-09-01 15:44:34.514000,3.12,12.48,7.800000000000001,10.335,5.07,17.94,1.365,25.155,5,83,-961,1216
2025-09-01 15:44:34.514000,-19.89,-10.92,-5.46,-14.43,-13.65,-3.315,-11.7,10.335,5,83,-961,1216
2025-09-01 15:44:34.514000,-22.815,-10.725,1.365,-16.185000000000002,-11.7,3.51,-1.56,16.77,1,86,-948,1280
2025-09-01 15:44:34.514000,-14.82,-1.56,0.39,-5.07,-5.8500000000000005,5.8500000000000005,-1.56,16.38,3,82,-951,1280
2025-09-01 15:44:34.514000,-20.475,-13.845,-9.555,-14.43,-8.97,-3.705,-11.505,9.165,5,84,-947,1216
2025-09-01 15:44:34.514000,-25.935,-14.82,-17.745,-11.115,-14.82,-8.97,-12.285,3.9,0,82,-949,1216
2025-09-01 15:44:34.516500,-8.58,3.12,-5.265000000000001,4.095,-3.315,-0.585,-5.265000000000001,11.115,0,82,-949,1216
2025-09-01 15:44:34.519000,-29.25,-25.155,-9.555,-12.09,-15.6,-4.875,-11.505,0.975,1,85,-949,1216
2025-09-01 15:44:34.521500,-19.11,-16.38,-12.09,-9.36,-13.065,-6.4350000000000005,-14.43,5.46,3,85,-942,1280
2025-09-01 15:44:34.524000,-11.895,-7.215,-9.36,-3.12,-8.19,-4.875,-14.04,8.58,4,88,-946,1216
2025-09-01 15:44:34.526500,-19.11,-18.33,-20.67,-15.99,-21.255,-16.185000000000002,-17.745,-1.755,3,85,-950,1280
2025-09-01 15:44:34.529000,-25.35,-21.06,-24.765,-11.31,-18.525,-14.625,-22.035,-0.585,0,85,-952,1280
2025-09-01 15:44:34.534000,-5.265000000000001,-3.12,-1.17,2.9250000000000003,-4.485,16.185000000000002,1.95,22.425,0,85,-952,1280
2025-09-01 15:44:34.537500,-17.355,-12.09,-5.8500000000000005,0.0,-6.63,-5.265000000000001,-4.095,17.55,3,90,-957,1216
2025-09-01 15:44:34.541000,-18.525,-5.655,-9.165,2.73,-8.97,-8.775,-4.68,10.53,-6,84,-948,1216
2025-09-01 15:44:34.544500,-30.03,-11.895,-12.87,-7.41,-20.085,-18.33,-16.575,-0.39,-2,84,-948,1216
2025-09-01 15:44:34.548000,-30.03,-13.455,-17.355,-10.14,-20.865,-14.43,-14.82,10.53,0,83,-949,1216
2025-09-01 15:44:34.551500,-10.725,3.12,1.365,10.53,-0.195,-1.95,5.46,26.715,0,83,-949,1216
2025-09-01 15:44:34.555000,-11.31,-2.9250000000000003,-7.605,8.385,-5.265000000000001,-9.75,-4.875,13.26,0,84,-952,1216
2025-09-01 15:44:34.562000,-11.31,6.4350000000000005,-8.775,8.97,-0.585,-10.92,-15.21,9.945,2,84,-952,1152
2025-09-01 15:44:34.562000,-10.335,9.36,-1.365,6.24,-0.39,-2.535,-1.755,22.035,3,84,-948,1152
2025-09-01 15:44:34.562000,-14.43,-2.145,-5.655,-7.215,-14.43,-5.07,-4.485,19.695,1,84,-951,1216
2025-09-01 15:44:34.562000,-27.885,-10.92,-19.695,-12.09,-19.89,-17.94,-14.235,5.8500000000000005,1,84,-951,1216
2025-09-01 15:44:34.562000,-24.765,-10.14,-15.99,-9.75,-14.43,-15.795,-11.115,15.795,1,85,-937,1216
2025-09-01 15:44:34.562000,-17.355,0.195,-9.165,-4.095,-13.26,-14.82,-8.97,17.745,2,88,-941,1280
2025-09-01 15:44:34.562000,-33.54,-12.285,-19.5,-16.38,-24.96,-22.035,-14.235,9.555,-2,87,-941,1280
2025-09-01 15:44:34.562000,-36.27,-15.405,-23.01,-13.26,-20.67,-19.5,-13.26,8.775,0,85,-943,1216
2025-09-01 15:44:34.564375,-15.015,7.41,3.51,5.655,0.975,-5.265000000000001,14.04,27.69,0,85,-943,1216
2025-09-01 15:44:34.566750,-16.38,-1.95,-7.995,0.195,-7.0200000000000005,-17.94,-7.215,18.525,-4,87,-947,1216
2025-09-01 15:44:34.569125,-12.09,4.095,-4.485,5.655,-5.265000000000001,-10.92,-4.68,21.645,-2,87,-945,1280
2025-09-01 15:44:34.571500,-4.095,10.335,3.51,6.4350000000000005,1.17,-3.12,-0.975,31.200000000000003,-5,88,-946,1152
2025-09-01 15:44:34.573875,-0.975,11.7,4.68,8.97,1.17,-6.4350000000000005,5.655,31.395,-6,88,-945,1152
2025-09-01 15:44:34.576250,-29.055,-16.575,-19.89,-17.55,-19.89,-31.005000000000003,-25.935,-3.51,-6,88,-945,1152
2025-09-01 15:44:34.581000,-25.155,-7.605,-4.875,-10.14,-19.305,-20.865,-13.065,8.97,-8,79,-942,1216
2025-09-01 15:44:34.583250,-16.965,-9.165,-7.0200000000000005,-3.9,-15.6,-20.67,-10.92,8.97,-10,84,-947,1216
2025-09-01 15:44:34.585500,-1.95,13.455,8.775,15.795,7.995,-1.17,5.07,33.735,-3,85,-949,1152
2025-09-01 15:44:34.587750,-6.63,4.29,3.9,6.4350000000000005,3.315,-5.8500000000000005,-4.29,23.205,-13,91,-954,1280
2025-09-01 15:44:34.590000,-15.99,2.145,-4.485,2.535,-3.12,-7.41,-4.68,18.525,-3,88,-953,1280
2025-09-01 15:44:34.592250,0.975,17.94,11.7,15.6,10.92,5.46,0.585,29.25,-6,89,-949,1216
2025-09-01 15:44:34.594500,4.68,18.525,14.82,15.795,8.97,5.07,7.995,30.225,-2,89,-949,1216
2025-09-01 15:44:34.599000,-18.915,-5.07,-1.56,-2.145,-10.725,-17.355,-7.605,13.65,-2,89,-949,1216
2025-09-01 15:44:34.600500,-20.865,0.195,3.705,-9.165,-13.065,-10.14,-6.24,14.82,3,85,-942,1216
2025-09-01 15:44:34.602000,-10.14,3.51,5.265000000000001,6.4350000000000005,-0.39,-12.09,-11.7,13.845,-2,89,-948,1216
2025-09-01 15:44:34.603500,-23.79,-7.0200000000000005,-15.015,-7.995,-21.45,-21.255,-19.5,1.755,-2,89,-947,1216
2025-09-01 15:44:34.605000,-32.76,-15.99,-14.04,-13.26,-28.08,-19.5,-16.77,8.58,-2,85,-950,1216
2025-09-01 15:44:34.606500,-10.14,6.4350000000000005,8.775,5.46,0.0,1.755,-0.975,27.69,-2,85,-950,1216
2025-09-01 15:44:34.608000,-15.795,0.195,4.875,-7.995,-17.16,4.68,-10.14,26.715,2,97,-950,1216
2025-09-01 15:44:34.611000,-15.795,-2.34,5.655,-2.34,-15.99,6.4350000000000005,-1.17,24.57,9,89,-952,1216
2025-09-01 15:44:34.612625,-7.995,6.63,8.775,5.655,-1.365,6.24,-0.585,32.76,6,91,-948,1216
2025-09-01 15:44:34.614250,7.800000000000001,15.99,19.11,21.645,7.995,9.555,2.145,33.54,3,88,-946,1280
2025-09-01 15:44:34.615875,-17.355,-10.725,-3.9,-14.235,-19.11,-10.92,-6.24,14.82,3,88,-946,1280
2025-09-01 15:44:34.617500,-16.38,-7.215,-2.9250000000000003,-2.73,-14.43,-12.87,-16.77,15.795,0,90,-945,1216
2025-09-01 15:44:34.619125,-10.335,3.315,-1.365,-0.195,-10.335,-5.8500000000000005,-21.06,16.575,-2,92,-943,1216
2025-09-01 15:44:34.620750,-16.575,-5.8500000000000005,-5.655,-10.14,-17.55,-17.16,-17.16,8.97,1,90,-943,1088
2025-09-01 15:44:34.624000,-35.685,-17.745,-15.015,-21.645,-30.615,-23.985,-27.105,4.095,3,89,-947,1280
2025-09-01 15:44:34.624375,-15.6,-3.705,8.19,-0.78,-9.36,-4.485,-2.535,32.370000000000005,3,89,-947,1280
2025-09-01 15:44:34.624750,-6.63,8.58,11.115,2.535,0.78,8.385,-5.46,28.665000000000003,5,88,-943,1280
2025-09-01 15:44:34.625125,-31.59,-11.895,-14.04,-14.235,-21.45,-18.135,-22.23,2.145,5,88,-943,1280
2025-09-01 15:44:34.625500,-31.395,-13.26,-4.485,-17.16,-13.65,-13.065,-15.795,14.43,11,90,-955,1216
2025-09-01 15:44:34.625875,-19.11,-6.045,-9.75,-9.75,-10.335,-11.505,-15.99,13.065,10,91,-932,1216
2025-09-01 15:44:34.626250,-34.32,-18.33,-16.77,-22.035,-23.985,-12.87,-26.91,7.605,9,90,-941,1280
2025-09-01 15:44:34.627000,-40.56,-23.985,-20.865,-33.93,-31.98,-19.305,-23.4,1.95,9,89,-946,1216
2025-09-01 15:44:34.630375,-27.3,-9.75,-4.095,-33.93,-13.455,-5.265000000000001,-14.04,11.7,9,89,-946,1216
2025-09-01 15:44:34.633750,-48.945,-15.015,-11.7,-98.28,-48.945,-10.725,-45.045,-0.975,7,86,-945,1216
2025-09-01 15:44:34.637125,-71.76,-23.985,-29.64,-81.315,-41.925,-21.06,-101.4,-7.995,7,84,-952,1216
2025-09-01 15:44:34.640500,-3.12,-1.95,-10.92,30.03,2.34,-2.145,-60.645,15.6,3,86,-950,1216
2025-09-01 15:44:34.643875,-30.81,-13.065,3.9,-89.50500000000001,-28.86,0.78,-7.215,16.185000000000002,3,88,-949,1280
2025-09-01 15:44:34.647250,-201.045,-47.190000000000005,-23.01,-163.215,-86.97,-29.64,-39.195,-7.605,3,88,-949,1152
2025-09-01 15:44:34.654000,-61.23,-29.835,-20.67,-115.05,-36.855,-17.55,-68.25,-13.455,2,90,-959,1152
2025-09-01 15:44:34.655750,-46.995000000000005,-17.55,-53.82,-125.19,-43.095,-50.115,-144.69,-46.605,6,86,-944,1216
2025-09-01 15:44:34.657500,-227.955,-92.82,-75.465,-383.955,-152.1,-67.665,-160.68,-42.705,6,87,-947,1152
2025-09-01 15:44:34.659250,-271.83,-123.63,-66.69,-167.70000000000002,-127.92,-59.28,-102.765,-57.915,6,89,-949,1280
2025-09-01 15:44:34.661000,-0.585,-29.055,-15.795,60.255,-2.73,-14.235,-15.015,14.625,6,89,-949,1216
2025-09-01 15:44:34.662750,-41.925,-16.77,-10.725,-38.415,-26.715,-28.665000000000003,-2.535,3.705,-1,90,-934,1216
2025-09-01 15:44:34.664500,-86.19,-48.75,-74.295,-118.95,-65.13,-57.135000000000005,-152.1,-57.72,6,95,-943,1152
2025-09-01 15:44:34.668000,-233.025,-109.2,-43.68,-413.205,-153.07500000000002,-31.200000000000003,-70.785,-8.385,3,89,-943,1280
2025-09-01 15:44:34.673625,-191.685,-96.135,-97.305,-171.79500000000002,-111.54,-78.39,-274.365,-92.625,1,92,-946,1216
2025-09-01 15:44:34.679250,-28.665000000000003,-26.325,-90.87,37.05,-16.575,-81.51,-125.58,-91.065,1,92,-946,1280
2025-09-01 15:44:34.684875,-109.59,-84.63000000000001,-62.79,-121.68,-91.65,-75.27,-62.985,-112.515,-3,92,-940,1280
2025-09-01 15:44:34.690500,-222.105,-119.535,-136.695,-456.3,-153.85500000000002,-120.315,-230.1,-112.515,0,87,-942,1216
2025-09-01 15:44:34.696125,-238.485,-145.665,-79.17,-134.94,-148.59,-78.78,-78.39,-47.385000000000005,3,89,-949,1216
2025-09-01 15:44:34.701750,-162.24,-67.275,-32.76,23.01,-75.075,-32.76,-37.245000000000005,8.97,-2,87,-948,1280
2025-09-01 15:44:34.713000,-102.375,-36.855,-51.675,-106.665,-65.91,-43.485,-163.02,-32.370000000000005,-4,87,-948,1280
2025-09-01 15:44:34.716375,-91.845,-84.435,-128.115,-109.005,-110.37,-134.35500000000002,-109.005,-127.92,-4,93,-947,1280
2025-09-01 15:44:34.719750,-171.015,-94.575,-93.99,-202.02,-126.945,-73.71000000000001,-105.69,-32.175000000000004,3,87,-955,1216
2025-09-01 15:44:34.723125,-139.62,-80.73,-88.72500000000001,-208.65,-129.87,-92.82,-128.70000000000002,-55.965,6,87,-948,1216
2025-09-01 15:44:34.726500,-213.915,-107.445,-122.46,-238.68,-153.27,-101.205,-130.65,-103.155,8,89,-944,1152
2025-09-01 15:44:34.729875,-257.205,-154.63500000000002,-164.38500000000002,-367.38,-217.425,-129.285,-248.82,-137.28,7,96,-947,1152
2025-09-01 15:44:34.733250,-382.2,-199.29,-180.375,-509.535,-307.71000000000004,-157.95000000000002,-214.695,-159.9,7,96,-947,1152
2025-09-01 15:44:34.740000,-294.06,-206.115,-247.455,-373.815,-267.345,-200.85,-359.97,-214.695,18,93,-952,1216
2025-09-01 15:44:34.742625,-270.27,-183.105,-229.515,-290.94,-256.815,-170.625,-332.28000000000003,-187.98,7,89,-953,1280
2025-09-01 15:44:34.745250,-272.61,-213.72,-226.59,-354.315,-290.355,-198.705,-231.855,-201.63,6,91,-951,1280
2025-09-01 15:44:34.747875,-255.255,-193.245,-256.62,-381.03,-278.07,-213.915,-254.085,-210.21,3,90,-950,1216
2025-09-01 15:44:34.750500,-324.48,-234.39,-278.07,-435.63,-338.71500000000003,-225.42,-312.975,-235.755,3,90,-950,1216
2025-09-01 15:44:34.753125,-310.245,-217.035,-260.91,-421.59,-299.91,-207.09,-280.02,-215.475,-2,92,-950,1280
2025-09-01 15:44:34.755750,-365.04,-259.74,-268.515,-519.09,-365.43,-228.54,-318.045,-250.575,4,91,-944,1280
2025-09-01 15:44:34.761000,-453.57,-305.565,-319.995,-601.575,-404.625,-261.495,-394.29,-278.265,2,88,-948,1216
2025-09-01 15:44:34.763625,-426.27,-322.53000000000003,-363.87,-535.665,-410.67,-294.84000000000003,-459.81,-323.505,5,90,-959,1216
2025-09-01 15:44:34.766250,-443.235,-322.53000000000003,-371.28,-597.6750000000001,-423.93,-302.445,-471.51,-335.40000000000003,5,90,-959,1216
2025-09-01 15:44:34.768875,-496.08,-343.785,-374.985,-664.365,-453.57,-304.59000000000003,-470.145,-328.38,6,79,-948,1280
2025-09-01 15:44:34.771500,-521.4300000000001,-372.06,-386.1,-678.015,-478.725,-325.455,-472.875,-345.93,2,83,-951,1216
2025-09-01 15:44:34.774125,-443.235,-346.32,-403.65,-556.725,-423.735,-333.45,-543.075,-348.27000000000004,2,87,-951,1216
2025-09-01 15:44:34.776750,-441.48,-326.04,-408.915,-608.7900000000001,-423.735,-349.83,-519.09,-399.75,1,89,-951,1216
2025-09-01 15:44:34.782000,-502.125,-352.755,-417.885,-691.6650000000001,-466.83,-343.98,-513.4350000000001,-357.24,1,89,-951,1216
2025-09-01 15:44:34.784750,-494.52,-348.075,-401.505,-671.385,-462.345,-337.545,-468.78,-348.27000000000004,2,94,-948,1216
2025-09-01 15:44:34.787500,-446.355,-337.545,-391.56,-573.885,-427.245,-319.02000000000004,-457.08,-334.815,5,90,-949,1216
2025-09-01 15:44:34.790250,-461.175,-342.225,-400.92,-633.36,-450.45,-326.82,-503.1,-352.365,4,88,-950,1216
2025-09-01 15:44:34.793000,-544.245,-378.105,-439.92,-795.21,-499.59,-352.56,-558.87,-386.88,6,87,-949,1216
2025-09-01 15:44:34.795750,-475.8,-369.72,-433.485,-596.895,-457.08,-349.83,-533.52,-380.055,6,87,-949,1216
2025-09-01 15:44:34.798500,-440.115,-336.57,-402.48,-586.365,-426.855,-324.675,-491.79,-350.805,4,89,-939,1216
2025-09-01 15:44:34.804000,-491.79,-374.595,-440.895,-654.4200000000001,-465.855,-359.385,-534.69,-387.27,8,90,-944,1216
2025-09-01 15:44:34.806500,-537.615,-386.88,-440.505,-692.64,-484.965,-357.825,-542.2950000000001,-375.57,9,88,-947,1216
2025-09-01 15:44:34.809000,-460.785,-352.755,-417.105,-640.1850000000001,-442.065,-335.205,-468.975,-361.92,7,86,-948,1216
2025-09-01 15:44:34.811500,-455.715,-342.81,-405.795,-623.025,-437.19,-330.135,-486.135,-353.14500000000004,0,95,-952,1280
2025-09-01 15:44:34.814000,-480.09,-348.46500000000003,-417.3,-719.94,-461.175,-336.765,-500.76,-360.945,1,93,-951,1216
2025-09-01 15:44:34.816500,-491.4,-354.90000000000003,-404.235,-666.9,-443.04,-319.605,-491.01,-351.58500000000004,3,91,-952,1216
2025-09-01 15:44:34.819000,-459.42,-357.24,-409.89,-606.45,-441.48,-335.595,-498.03,-364.26,4,90,-950,1216
2025-09-01 15:44:34.824000,-471.12,-356.46000000000004,-429.78,-642.72,-450.06,-340.08,-514.41,-377.52,4,90,-950,1216
2025-09-01 15:44:34.824375,-452.4,-339.495,-418.86,-607.62,-423.93,-335.79,-520.65,-370.305,8,83,-942,1216
2025-09-01 15:44:34.824750,-224.835,-160.095,-212.355,-312.39,-197.145,-181.35,-273.39,-191.685,6,86,-949,1280
2025-09-01 15:44:34.825125,-241.41,-171.99,-219.18,-318.825,-213.72,-187.785,-277.095,-188.955,6,85,-950,1216
2025-09-01 15:44:34.825500,-219.375,-159.12,-203.775,-288.015,-187.785,-168.285,-259.74,-175.5,6,85,-950,1216
2025-09-01 15:44:34.825875,-201.045,-146.055,-181.935,-269.88,-171.6,-156.195,-238.095,-160.29,10,86,-960,1280
2025-09-01 15:44:34.826250,-190.32,-143.715,-184.86,-258.765,-171.79500000000002,-162.24,-231.27,-162.24,7,87,-959,1152
2025-09-01 15:44:34.827000,-186.42,-141.765,-187.59,-241.02,-166.53,-160.875,-233.415,-157.17000000000002,10,87,-951,1216
2025-09-01 15:44:34.830250,-155.61,-116.61,-156.585,-203.385,-136.5,-128.895,-194.025,-131.82,4,89,-954,1280
2025-09-01 15:44:34.833500,-81.51,-65.13,-98.28,-103.935,-60.06,-70.98,-118.17,-76.05,8,91,-955,1216
2025-09-01 15:44:34.836750,-66.885,-46.8,-85.8,-81.705,-50.7,-64.935,-105.495,-62.595,11,91,-963,1152
2025-09-01 15:44:34.840000,-57.525,-47.190000000000005,-80.73,-67.08,-41.535,-64.545,-98.085,-58.5,2,93,-954,1216
2025-09-01 15:44:34.843250,-53.04,-46.215,-78.58500000000001,-59.085,-26.52,-55.38,-92.625,-53.625,4,93,-954,1216
2025-09-01 15:44:34.846500,-24.96,-19.695,-53.625,-27.495,-2.34,-26.91,-61.620000000000005,-25.74,0,90,-952,1216
2025-09-01 15:44:34.853000,-23.01,-24.765,-52.065000000000005,-25.35,-4.68,-36.27,-60.45,-33.345,0,90,-952,1216
2025-09-01 15:44:34.855000,-23.01,-19.5,-48.165,-15.21,-1.95,-31.98,-51.48,-23.4,-8,90,-958,1216
2025-09-01 15:44:34.857000,19.305,12.675,-12.09,30.81,36.075,9.165,-22.23,6.045,4,93,-954,1280
2025-09-01 15:44:34.859000,23.985,15.99,-8.385,41.145,41.925,14.235,-11.505,14.235,4,93,-954,1280
2025-09-01 15:44:34.861000,33.93,18.915,5.655,51.48,47.58,22.23,2.73,23.4,8,95,-961,1216
2025-09-01 15:44:34.863000,27.69,21.645,-6.4350000000000005,49.335,45.045,9.165,-4.485,8.19,9,88,-950,1280
2025-09-01 15:44:34.865000,36.855,20.085,-2.73,54.795,48.75,7.800000000000001,2.535,14.43,7,88,-953,1216
2025-09-01 15:44:34.869000,76.05,56.745000000000005,27.495,100.425,82.485,38.61,28.47,42.705,8,89,-950,1152
2025-09-01 15:44:34.869625,75.66,52.65,28.665000000000003,100.425,85.02,35.49,31.395,48.36,8,89,-950,1152
2025-09-01 15:44:34.870250,115.245,85.02,70.59,150.93,119.925,65.13,81.51,82.095,6,83,-968,1280
2025-09-01 15:44:34.870875,105.69,82.875,59.475,153.465,115.635,60.45,65.13,80.535,2,83,-958,1216
2025-09-01 15:44:34.871500,109.785,79.75500000000001,64.155,157.56,114.075,63.375,80.925,81.705,1,87,-954,1280
2025-09-01 15:44:34.872125,124.8,104.715,89.895,176.475,136.89,82.875,96.72,104.91,2,85,-949,1216
2025-09-01 15:44:34.872750,132.015,107.25,87.36,183.105,142.35,88.33500000000001,112.71,104.91,2,85,-949,1216
2025-09-01 15:44:34.874000,139.23000000000002,113.49,90.09,188.37,149.37,96.525,114.27,115.44,3,82,-946,1280
2025-09-01 15:44:34.879000,151.125,117.195,100.23,205.725,159.315,102.57,128.70000000000002,119.145,9,89,-961,1216
2025-09-01 15:44:34.884000,135.33,100.815,91.455,222.885,147.225,92.04,121.095,113.88,10,91,-942,1216
2025-09-01 15:44:34.889000,170.43,131.43,111.93,229.71,172.38,118.365,141.765,132.79500000000002,9,93,-944,1216
2025-09-01 15:44:34.894000,171.015,132.99,109.59,224.25,175.89,106.665,146.055,122.85,9,93,-944,1216
2025-09-01 15:44:34.899000,164.775,130.65,111.735,217.815,166.335,110.565,132.015,121.095,8,92,-944,1216
2025-09-01 15:44:34.904000,163.8,134.35500000000002,121.68,210.405,174.525,116.415,148.59,137.865,18,90,-956,1280
2025-09-01 15:44:34.914000,185.25,149.37,133.965,234.78,188.175,124.8,156.39,145.665,16,90,-949,1216
2025-09-01 15:44:34.914625,159.9,123.825,108.615,225.81,159.9,105.495,133.57500000000002,123.045,14,90,-949,1152
2025-09-01 15:44:34.915250,131.04,116.025,71.76,38.61,125.97,66.495,47.58,108.225,14,86,-945,1280
2025-09-01 15:44:34.915875,59.085,68.64,79.17,79.17,88.72500000000001,84.045,109.59,59.28,14,86,-946,1280
2025-09-01 15:44:34.916500,-19.89,108.225,101.595,157.56,130.455,111.735,97.11,110.565,15,90,-945,1280
2025-09-01 15:44:34.917125,39.78,102.18,138.84,146.055,130.845,138.06,138.45000000000002,146.25,15,90,-945,1280
2025-09-01 15:44:34.917750,152.49,102.375,131.235,189.15,151.71,116.415,163.215,150.93,9,90,-932,1280
2025-09-01 15:44:34.919000,113.685,74.295,84.24000000000001,28.08,114.465,78.58500000000001,24.765,64.545,11,91,-946,1216
2025-09-01 15:44:34.921500,-9.75,118.17,42.120000000000005,39.975,98.28,58.305,-109.005,54.405,12,88,-946,1216
2025-09-01 15:44:34.924000,37.05,112.125,120.705,78.97500000000001,100.035,107.64,138.06,145.86,11,88,-942,1280
2025-09-01 15:44:34.926500,111.93,118.95,159.705,274.95,177.255,130.26,237.51,147.225,11,88,-942,1216
2025-09-01 15:44:34.929000,239.85,122.655,106.275,386.685,200.85,88.53,99.84,116.61,10,90,-943,1216
2025-09-01 15:44:34.931500,160.485,52.65,68.83500000000001,2.9250000000000003,76.635,25.935,100.425,41.535,7,90,-944,1280
2025-09-01 15:44:34.934000,-267.15000000000003,-77.61,73.71000000000001,-46.605,-101.01,3.12,269.49,28.275,7,88,-942,1216
2025-09-01 15:44:34.939000,-16.38,97.89,70.59,15.99,122.265,100.23,-73.71000000000001,120.51,10,89,-941,1216
2025-09-01 15:44:34.942250,67.86,78.0,137.865,63.18,67.275,107.64,109.005,136.305,10,89,-941,1216
2025-09-01 15:44:34.945500,-45.24,25.935,52.455,-71.175,16.38,44.07,87.165,121.095,7,93,-940,1216
2025-09-01 15:44:34.948750,55.38,76.83,28.47,139.62,72.345,-15.99,-25.155,-45.63,10,87,-945,1216
2025-09-01 15:44:34.952000,125.19,10.335,25.935,342.03000000000003,95.355,9.165,-11.115,60.255,7,86,-940,1216
2025-09-01 15:44:34.955250,56.16,61.815000000000005,-34.515,127.335,83.07000000000001,-24.375,-201.63,3.315,9,87,-936,1280
2025-09-01 15:44:34.958500,-54.015,-2.145,-101.01,-276.705,-109.98,-130.845,-132.6,-142.74,7,92,-952,1216
2025-09-01 15:44:34.965000,-46.41,21.06,15.795,86.775,13.845,57.72,27.885,98.085,7,92,-945,1216
2025-09-01 15:44:34.969750,8.385,22.425,70.2,132.99,55.77,56.745000000000005,149.565,64.545,7,95,-940,1216
2025-09-01 15:44:34.974500,-46.41,-10.725,-43.095,-47.190000000000005,-43.875,-42.51,-13.26,-24.96,6,91,-939,1216
2025-09-01 15:44:34.979250,-117.39,-106.47,-76.44,-272.805,-132.405,-72.15,-130.65,-67.275,2,84,-940,1216
2025-09-01 15:44:34.984000,-248.43,-79.56,-66.885,-53.625,-126.555,-62.985,-29.055,-34.515,6,81,-949,1152
2025-09-01 15:44:34.988750,10.92,-11.505,-49.335,-9.555,-8.97,-54.795,-54.21,-44.07,6,81,-949,1152
2025-09-01 15:44:34.993500,-161.265,-114.27,-80.535,-190.515,-132.405,-55.38,-66.885,-26.91,13,78,-938,1216
2025-09-01 15:44:35.003000,-141.375,-97.5,-115.635,-213.915,-133.77,-92.04,-163.41,-75.075,8,77,-935,1152
2025-09-01 15:44:35.006625,-195.585,-142.74,-122.655,-172.965,-162.82500000000002,-83.265,-154.245,-96.135,2,78,-937,1280
2025-09-01 15:44:35.010250,-307.71000000000004,-198.12,-313.755,-461.565,-278.46000000000004,-273.58500000000004,-486.33,-308.49,2,80,-939,1280
2025-09-01 15:44:35.013875,-395.655,-248.43,-378.495,-616.005,-341.055,-295.425,-702.195,-382.395,2,80,-939,1280
2025-09-01 15:44:35.017500,-299.13,-306.345,-383.175,-753.2850000000001,-392.145,-357.435,-344.37,-331.89,3,88,-945,1152
2025-09-01 15:44:35.021125,-888.225,-483.6,-518.115,-981.435,-655.395,-428.415,-780.585,-528.84,6,90,-947,1280
2025-09-01 15:44:35.024750,-395.07,-273.78000000000003,-487.305,-712.14,-340.47,-314.34000000000003,-943.605,-439.92,6,93,-944,1216
2025-09-01 15:44:35.032000,-460.59,-245.115,-312.0,-609.765,-389.22,-276.51,-117.39,-315.315,4,91,-942,1216
2025-09-01 15:44:35.036000,-507.195,-308.685,-223.665,-281.19,-423.54,-167.115,7.995,-213.72,4,91,-942,1216
2025-09-01 15:44:35.040000,-120.705,-111.345,-171.6,-93.015,-146.055,-106.86,-39.0,-142.74,2,54,-925,1216
2025-09-01 15:44:35.044000,-59.085,-80.34,-195.78,-66.69,-168.48000000000002,-148.20000000000002,45.63,-152.88,8,62,-926,1152
2025-09-01 15:44:35.048000,-199.29,-177.84,-233.805,-209.235,-278.07,-174.915,-29.64,-150.735,8,80,-930,1216
2025-09-01 15:44:35.052000,-168.675,-152.49,-245.7,-208.26,-242.97,-174.33,-41.73,-175.695,8,80,-930,1216
2025-09-01 15:44:35.056000,-244.725,-181.35,-302.64,-364.26,-317.46000000000004,-224.445,-65.325,-228.735,2,89,-938,1216
2025-09-01 15:44:35.064000,-237.705,-147.03,-324.48,-368.16,-328.77000000000004,-240.24,-71.76,-256.035,2,91,-940,1216
2025-09-01 15:44:35.064000,-290.355,-143.13,-333.64500000000004,-449.085,-365.43,-233.61,-7.605,-254.865,3,94,-950,1280
2025-09-01 15:44:35.064000,-272.22,-117.78,-352.56,-447.525,-382.59,-245.7,16.77,-267.345,5,94,-954,1216
2025-09-01 15:44:35.064000,-254.67,-78.0,-335.79,-404.625,-372.84,-234.0,119.34,-250.185,5,94,-954,1216
2025-09-01 15:44:35.064000,-296.01,-70.005,-347.685,-468.39,-403.845,-239.265,163.02,-255.645,1,93,-952,1216
2025-09-01 15:44:35.064000,-251.745,-57.72,-363.09,-337.545,-383.37,-269.1,200.655,-275.535,3,95,-955,1216
2025-09-01 15:44:35.064000,-244.92,-66.885,-409.305,-396.24,-418.08,-308.685,165.555,-327.795,2,99,-953,1280
2025-09-01 15:44:35.064000,-253.305,-59.67,-430.365,-441.285,-456.105,-325.26,203.97,-336.18,1,96,-950,1280
2025-09-01 15:44:35.065375,-242.97,-61.425,-445.38,-445.38,-469.17,-348.66,209.235,-357.435,1,96,-950,1280
2025-09-01 15:44:35.066750,-213.72,-70.98,-486.135,-413.01,-484.185,-388.635,202.215,-401.7,-7,98,-947,1216
2025-09-01 15:44:35.068125,-233.025,-65.91,-496.47,-450.645,-522.6,-407.94,258.375,-414.18,-4,97,-948,1280
2025-09-01 15:44:35.069500,-238.095,-65.13,-502.125,-462.735,-532.5450000000001,-404.43,249.795,-410.28,-2,97,-947,1216
2025-09-01 15:44:35.070875,-225.615,-99.45,-524.355,-486.915,-551.655,-420.42,231.27,-437.775,-1,94,-949,1216
2025-09-01 15:44:35.072250,-241.8,-95.16,-537.4200000000001,-508.755,-552.63,-432.315,252.72,-441.675,-1,94,-949,1216
2025-09-01 15:44:35.075000,-249.405,-73.515,-542.49,-529.035,-559.455,-437.19,261.105,-453.765,5,93,-942,1280
2025-09-01 15:44:35.077125,-244.92,-70.395,-547.5600000000001,-521.04,-565.11,-445.965,249.99,-458.445,1,92,-949,1216
2025-09-01 15:44:35.079250,-264.225,-107.445,-569.205,-532.155,-580.515,-469.365,222.885,-485.55,1,93,-952,1216
2025-09-01 15:44:35.081375,-273.58500000000004,-119.925,-573.885,-545.8050000000001,-578.565,-474.825,213.135,-488.475,1,94,-956,1216
2025-09-01 15:44:35.083500,-248.625,-124.02,-567.84,-547.365,-571.155,-467.22,215.475,-486.135,1,94,-956,1216
2025-09-01 15:44:35.085625,-259.74,-148.395,-574.275,-577.395,-585.585,-479.115,203.58,-491.4,1,101,-961,1216
2025-09-01 15:44:35.087750,-255.255,-155.025,-585.78,-579.345,-582.855,-484.575,189.735,-491.4,3,102,-962,1152
2025-09-01 15:44:35.092000,-238.68,-147.81,-559.26,-560.235,-564.135,-468.585,199.875,-472.29,3,102,-964,1216
2025-09-01 15:44:35.093000,-219.18,-144.495,-549.51,-551.46,-550.875,-464.685,184.665,-472.29,4,105,-961,1216
2025-09-01 15:44:35.094000,240.435,190.125,-78.19500000000001,212.94,-43.68,-60.06,354.90000000000003,-31.395,-1,92,-953,1152
2025-09-01 15:44:35.095000,252.525,196.17,-77.025,222.105,-31.98,-60.06,352.17,-25.935,-1,92,-953,1152
2025-09-01 15:44:35.096000,275.73,224.835,-56.940000000000005,253.305,-2.34,-41.925,366.015,-6.24,6,96,-951,1216
2025-09-01 15:44:35.097000,285.87,248.625,-26.715,282.555,13.845,-15.99,398.58,24.375,13,95,-945,1280
2025-09-01 15:44:35.098000,275.34000000000003,251.16,-36.855,282.945,14.82,-20.475,368.16,12.48,7,92,-950,1152
2025-09-01 15:44:35.100000,272.415,253.5,-32.955,296.79,23.205,-9.555,377.325,19.11,4,92,-952,1152
2025-09-01 15:44:35.102375,284.31,272.02500000000003,-4.68,328.96500000000003,38.61,8.58,403.65,40.365,4,92,-952,1152
2025-09-01 15:44:35.104750,282.36,264.225,-3.705,322.53000000000003,41.73,15.015,402.87,50.895,2,91,-961,1216
2025-09-01 15:44:35.107125,277.68,258.375,4.29,327.40500000000003,50.895,14.04,405.015,60.45,6,89,-951,1280
2025-09-01 15:44:35.109500,298.545,281.19,35.88,355.485,75.855,42.120000000000005,429.39,80.34,1,87,-948,1216
2025-09-01 15:44:35.111875,298.15500000000003,282.945,39.78,360.75,76.635,47.190000000000005,426.855,80.535,2,86,-950,1280
2025-09-01 15:44:35.114250,305.175,289.77,53.43,375.765,89.895,58.695,431.73,92.82,2,86,-950,1280
2025-09-01 15:44:35.119000,328.38,312.39,69.03,400.14,111.54,77.025,451.815,111.345,-3,88,-950,1280
2025-09-01 15:44:35.119500,330.915,315.90000000000003,76.245,405.795,123.045,86.58,445.965,113.1,-3,89,-957,1280
2025-09-01 15:44:35.120000,336.375,357.24,121.29,478.53,169.26000000000002,124.02,465.075,165.165,9,86,-955,1280
2025-09-01 15:44:35.120500,349.245,371.28,150.735,493.935,186.225,143.91,487.11,181.35,12,87,-956,1216
2025-09-01 15:44:35.121000,361.14,382.785,157.17000000000002,511.68,199.095,151.125,491.985,184.47,7,90,-953,1152
2025-09-01 15:44:35.121500,338.325,356.65500000000003,143.13,484.77,173.745,128.70000000000002,469.95,168.48000000000002,6,90,-951,1216
2025-09-01 15:44:35.122000,349.05,360.75,149.955,521.04,185.835,139.23000000000002,473.85,177.84,7,87,-953,1216
2025-09-01 15:44:35.123000,358.21500000000003,368.55,159.51000000000002,520.065,196.95,147.81,470.925,183.69,7,87,-953,1216
2025-09-01 15:44:35.131250,349.83,362.505,144.69,505.44,184.275,138.45000000000002,470.73,172.965,8,93,-953,1216
2025-09-01 15:44:35.139500,341.64,345.54,143.91,496.275,178.425,142.35,472.68,174.915,10,86,-950,1216
2025-09-01 15:44:35.147750,363.09,368.745,171.405,524.355,202.41,167.505,491.4,196.755,12,90,-946,1216
2025-09-01 15:44:35.156000,358.41,366.405,175.5,524.16,205.14,164.19,485.355,195.0,13,88,-945,1216
2025-09-01 15:44:35.164250,367.38,372.255,181.545,539.37,220.155,178.815,494.325,205.14,13,88,-945,1216
2025-09-01 15:44:35.172500,380.64,380.055,190.125,548.34,229.125,187.98,496.86,222.105,16,89,-938,1216
2025-09-01 15:44:35.189000,388.44,383.955,199.095,554.58,233.61,186.42,503.685,218.79,9,92,-943,1280
2025-09-01 15:44:35.192125,367.965,353.535,176.865,534.69,210.21,177.645,483.6,205.92,11,92,-946,1280
2025-09-01 15:44:35.195250,368.745,359.58,180.375,540.15,217.425,182.13,486.33,209.235,12,90,-942,1216
2025-09-01 15:44:35.198375,367.38,360.945,183.105,540.15,214.305,185.25,479.505,206.115,12,90,-942,1216
2025-09-01 15:44:35.201500,349.83,342.03000000000003,182.325,513.4350000000001,197.925,172.57500000000002,474.825,200.07,8,91,-953,1152
2025-09-01 15:44:35.204625,353.34000000000003,343.59000000000003,184.47,527.28,204.75,176.28,474.825,208.455,12,90,-952,1280
2025-09-01 15:44:35.207750,368.355,360.945,190.515,548.145,222.885,181.935,479.895,215.28,9,88,-949,1216
2025-09-01 15:44:35.214000,366.015,356.46000000000004,190.71,538.59,216.45,185.64,475.8,210.015,10,89,-948,1216
2025-09-01 15:44:35.214000,363.87,356.46000000000004,200.655,536.64,223.08,188.565,490.62,221.13,10,89,-948,1216
2025-09-01 15:44:35.214000,354.705,344.37,204.75,545.415,227.565,193.05,471.315,230.88,11,92,-946,1216
2025-09-01 15:44:35.214000,366.405,352.95,206.31,553.215,235.365,195.195,468.585,223.665,11,92,-946,1216
2025-09-01 15:44:35.214000,357.435,347.295,200.655,548.9250000000001,226.395,182.91,456.69,222.885,12,93,-938,1216
2025-09-01 15:44:35.214000,356.265,337.545,197.73,537.8100000000001,223.08,185.835,455.91,221.52,13,95,-951,1216
2025-09-01 15:44:35.214000,363.675,340.27500000000003,215.475,548.9250000000001,236.925,197.34,468.585,230.88,12,91,-947,1152
2025-09-01 15:44:35.214000,351.78000000000003,335.985,211.185,534.495,230.49,187.98,457.275,223.86,9,89,-950,1280
2025-09-01 15:44:35.219250,350.02500000000003,331.5,204.945,529.62,237.315,193.83,460.2,225.03,9,89,-950,1280
2025-09-01 15:44:35.224500,321.75,315.12,201.825,495.3,227.37,187.98,398.58,206.31,10,88,-947,1216
2025-09-01 15:44:35.229750,315.12,300.69,201.045,493.545,214.305,184.47,395.85,204.945,10,88,-947,1216
2025-09-01 15:44:35.235000,303.42,293.475,191.1,479.7,204.165,173.16,380.055,191.685,4,93,-945,1216
2025-09-01 15:44:35.240250,315.90000000000003,302.445,203.775,495.105,223.47,189.345,385.71,203.385,4,93,-946,1280
2025-09-01 15:44:35.245500,308.88,298.935,202.605,487.305,210.405,182.13,381.42,195.585,4,86,-945,1216
2025-09-01 15:44:35.256000,307.32,295.815,200.265,487.11,215.475,188.955,386.685,207.285,3,88,-946,1216
2025-09-01 15:44:35.257000,311.61,299.91,202.995,481.065,215.085,189.54,379.665,210.6,3,88,-946,1216
2025-09-01 15:44:35.258000,311.415,304.785,213.72,487.89,227.175,206.895,394.095,215.28,4,87,-945,1216
2025-09-01 15:44:35.259000,298.935,285.48,195.585,472.875,214.11,182.325,379.665,199.29,4,84,-948,1216
2025-09-01 15:44:35.260000,297.96000000000004,279.435,195.975,465.66,210.99,187.59,371.085,201.24,6,86,-948,1216
2025-09-01 15:44:35.261000,299.91,284.895,204.165,464.88,218.79,189.345,375.96,205.53,5,89,-945,1216
2025-09-01 15:44:35.262000,292.5,273.58500000000004,205.725,462.93,203.58,187.785,369.915,196.95,5,89,-945,1216
2025-09-01 15:44:35.264000,281.19,263.64,192.27,455.715,197.145,174.915,356.46000000000004,185.055,6,89,-940,1280
2025-09-01 15:44:35.273625,297.96000000000004,281.19,211.575,468.975,218.01,192.27,370.305,204.555,6,89,-944,1280
2025-09-01 15:44:35.283250,293.865,274.365,205.335,460.2,209.04,192.075,362.115,203.19,6,89,-943,1152
2025-09-01 15:44:35.292875,288.6,265.2,197.535,454.155,204.555,189.345,354.705,198.12,1,89,-944,1280
2025-09-01 15:44:35.302500,296.205,273.78000000000003,210.6,467.805,221.325,200.46,362.31,204.75,1,89,-944,1280
2025-09-01 15:44:35.312125,287.43,277.875,215.475,460.2,220.155,205.725,349.245,209.82,8,91,-951,1280
2025-09-01 15:44:35.321750,276.315,255.84,190.905,444.405,195.975,182.91,321.36,178.815,5,90,-951,1216
2025-09-01 15:44:35.341000,264.03000000000003,246.87,184.665,431.535,188.955,182.715,314.14500000000004,178.62,4,90,-949,1216
2025-09-01 15:44:35.342000,272.61,256.035,196.95,438.555,196.755,188.565,317.265,188.76,2,91,-946,1280
2025-09-01 15:44:35.343000,261.885,241.605,191.685,421.2,188.565,177.84,308.685,178.035,2,91,-946,1280
2025-09-01 15:44:35.344000,259.935,239.265,183.495,420.42,185.445,170.235,294.06,175.89,-2,90,-942,1216
2025-09-01 15:44:35.345000,271.44,252.72,193.245,436.8,203.97,185.445,297.18,193.44,-3,89,-945,1152
2025-09-01 15:44:35.346000,267.735,244.53,195.585,429.585,195.78,182.715,304.59000000000003,187.005,-1,93,-944,1216
2025-09-01 15:44:35.347000,266.175,239.46,198.51,429.78,201.825,185.445,306.54,189.93,1,91,-949,1152
2025-09-01 15:44:35.349000,261.3,243.555,201.045,418.665,202.8,188.175,306.735,187.2,1,91,-949,1152
2025-09-01 15:44:35.351250,254.475,239.85,194.61,417.105,194.61,186.42,302.445,185.835,1,96,-956,1216
2025-09-01 15:44:35.353500,256.815,223.86,177.06,417.105,186.81,168.09,268.90500000000003,160.485,5,89,-953,1216
2025-09-01 15:44:35.355750,248.04,213.33,171.79500000000002,402.87,178.035,167.70000000000002,256.815,164.19,4,92,-949,1152
2025-09-01 15:44:35.358000,239.46,210.6,178.62,396.63,177.645,171.21,265.005,168.48000000000002,1,91,-947,1216
2025-09-01 15:44:35.360250,223.47,202.8,167.70000000000002,371.865,166.14,159.9,265.98,160.095,1,91,-947,1216
2025-09-01 15:44:35.362500,227.175,196.95,171.79500000000002,385.125,170.04,160.485,260.52,161.46,-4,90,-945,1216
2025-09-01 15:44:35.367000,260.52,225.81,189.54,412.815,201.825,181.35,282.36,181.74,1,88,-947,1152
2025-09-01 15:44:35.369750,241.02,211.185,179.79,391.17,187.005,178.62,264.615,173.16,0,88,-946,1280
2025-09-01 15:44:35.372500,240.045,214.89,191.685,380.64,191.1,184.275,273.39,183.3,4,85,-943,1216
2025-09-01 15:44:35.375250,265.395,226.395,193.44,412.425,204.945,187.98,272.02500000000003,187.98,6,89,-960,1216
2025-09-01 15:44:35.378000,244.14,204.165,177.84,379.08,183.495,167.895,253.305,160.485,-3,87,-954,1280
2025-09-01 15:44:35.380750,234.39,203.19,176.67000000000002,385.71,189.15,170.625,259.935,170.235,0,87,-952,1216
2025-09-01 15:44:35.383500,233.805,196.365,175.89,368.355,182.52,167.115,256.815,168.09,1,86,-950,1280
2025-09-01 15:44:35.389000,215.865,185.25,161.46,351.78000000000003,163.41,153.66,244.92,153.66,1,86,-950,1280
2025-09-01 15:44:35.389500,211.38,183.495,161.07,352.365,165.165,144.885,233.22,151.71,-6,86,-942,1216
2025-09-01 15:44:35.390000,229.71,191.88,171.99,352.95,177.06,159.9,238.29,166.335,-1,88,-949,1152
2025-09-01 15:44:35.390500,235.365,197.535,185.055,364.65,190.125,175.11,258.375,180.18,-1,88,-949,1152
2025-09-01 15:44:35.391000,242.58,202.215,192.465,366.6,194.025,187.395,268.125,189.15,7,84,-936,1216
2025-09-01 15:44:35.391500,217.62,181.545,169.845,344.76,167.895,154.63500000000002,231.075,158.535,6,88,-942,1216
2025-09-01 15:44:35.392000,219.18,184.86,166.335,346.32,175.5,154.63500000000002,223.275,151.125,9,87,-943,1280
2025-09-01 15:44:35.393000,209.04,180.96,167.70000000000002,332.08500000000004,179.4,156.975,228.93,156.585,3,87,-946,1216
2025-09-01 15:44:35.395625,201.825,167.70000000000002,152.1,337.35,166.335,148.20000000000002,210.99,146.64,3,87,-946,1216
2025-09-01 15:44:35.398250,180.375,137.67000000000002,139.815,262.08,156.585,123.825,138.645,122.85,4,85,-944,1280
2025-09-01 15:44:35.400875,193.245,142.35,142.54500000000002,272.02500000000003,168.48000000000002,127.53,146.055,126.36,4,85,-949,1280
2025-09-01 15:44:35.403500,195.585,143.32500000000002,143.13,266.565,167.70000000000002,125.19,147.42000000000002,127.53,2,88,-949,1216
2025-09-01 15:44:35.406125,177.645,128.31,126.555,251.745,153.27,107.445,117.0,103.935,2,88,-949,1216
2025-09-01 15:44:35.408750,171.79500000000002,123.825,123.63,247.65,149.76,98.67,120.12,102.765,-2,89,-938,1152
2025-09-01 15:44:35.414000,188.37,139.815,142.35,266.175,170.625,125.775,132.21,114.855,3,82,-933,1216
2025-09-01 15:44:35.416000,175.5,127.53,136.5,251.94,149.955,113.685,117.585,115.83,5,84,-935,1216
2025-09-01 15:44:35.418000,179.205,121.095,135.135,251.745,152.685,110.955,124.02,115.44,0,90,-942,1216
2025-09-01 15:44:35.420000,178.035,130.845,137.67000000000002,262.08,159.9,114.27,126.165,115.44,0,90,-942,1216
2025-09-01 15:44:35.422000,187.395,137.475,146.055,264.81,166.725,125.775,135.525,126.36,3,85,-955,1280
2025-09-01 15:44:35.424000,177.06,130.26,125.58,252.72,152.88,109.395,118.365,106.275,-3,84,-949,1216
2025-09-01 15:44:35.426000,181.545,128.31,133.77,250.965,159.705,115.635,116.805,107.445,1,89,-946,1280
2025-09-01 15:44:35.430000,171.79500000000002,130.26,135.33,231.075,159.705,115.05,109.785,105.105,-1,85,-946,1216
2025-09-01 15:44:35.430750,164.775,115.635,126.945,233.805,141.375,106.08,99.645,98.67,-1,85,-946,1216
2025-09-01 15:44:35.431500,158.34,101.01,117.975,230.1,142.35,92.43,92.625,87.36,-4,89,-937,1216
2025-09-01 15:44:35.432250,169.26000000000002,123.435,135.525,245.895,158.925,112.515,114.075,110.37,-4,88,-941,1216
2025-09-01 15:44:35.433000,174.915,116.805,138.255,240.24,157.95000000000002,112.32,104.715,104.91,-3,88,-943,1216
2025-09-01 15:44:35.433750,160.485,111.93,128.895,229.515,147.81,108.225,102.18,103.74,2,91,-942,1216
2025-09-01 15:44:35.434500,166.335,114.465,134.94,236.535,152.1,121.68,110.76,110.37,2,91,-942,1216
2025-09-01 15:44:35.436000,166.725,120.51,134.16,236.145,154.44,121.095,83.265,111.93,10,85,-940,1216
2025-09-01 15:44:35.438750,149.955,107.835,122.655,216.45,140.01,104.52,86.775,91.845,2,88,-930,1216
2025-09-01 15:44:35.441500,142.74,108.42,126.945,199.095,136.11,106.47,89.11500000000001,95.94,1,86,-937,1216
2025-09-01 15:44:35.444250,161.85,118.365,131.235,231.66,149.955,113.49,92.625,105.69,-2,84,-943,1216
2025-09-01 15:44:35.447000,163.02,107.055,127.53,218.985,146.25,95.355,82.68,95.355,-2,84,-943,1216
2025-09-01 15:44:35.449750,154.245,94.38,104.325,207.09,139.62,85.995,65.91,80.73,-1,91,-953,1280
2025-09-01 15:44:35.452500,164.19,115.05,129.675,223.86,155.61,105.69,84.63000000000001,101.4,0,89,-953,1216
2025-09-01 15:44:35.458000,153.27,106.47,139.23000000000002,209.82,142.155,107.055,90.48,100.62,-4,89,-951,1216
2025-09-01 15:44:35.458750,147.225,102.96,129.48000000000002,200.46,139.23000000000002,109.98,91.26,102.18,0,89,-949,1216
2025-09-01 15:44:35.459500,151.515,106.08,132.405,210.99,143.13,115.83,92.04,102.57,0,89,-949,1216
2025-09-01 15:44:35.460250,165.165,118.365,140.595,221.325,165.165,115.44,89.11500000000001,105.495,0,77,-947,1216
2025-09-01 15:44:35.461000,145.275,101.595,115.635,198.315,137.865,92.43,60.45,84.825,-8,79,-952,1216
2025-09-01 15:44:35.461750,147.615,104.13,122.265,196.365,142.35,102.375,78.19500000000001,99.645,-5,85,-950,1280
2025-09-01 15:44:35.462500,140.595,100.425,126.75,192.27,138.255,102.96,72.15,95.16,-1,89,-950,1280
2025-09-01 15:44:35.464000,136.5,89.31,113.1,184.665,126.165,89.50500000000001,52.845,78.0,-1,89,-950,1216
2025-09-01 15:44:35.466125,124.8,85.995,106.47,178.23000000000002,116.805,89.31,52.260000000000005,74.685,0,84,-951,1216
2025-09-01 15:44:35.468250,148.59,106.86,124.215,195.195,143.52,100.425,63.57,88.33500000000001,5,81,-947,1216
2025-09-01 15:44:35.470375,141.765,100.035,130.845,183.3,131.235,102.765,65.13,99.84,5,86,-946,1216
2025-09-01 15:44:35.472500,141.57,104.13,133.185,189.15,136.695,110.37,78.0,106.275,5,86,-946,1280
2025-09-01 15:44:35.474625,144.495,106.275,126.555,188.955,139.62,108.03,63.765,103.74,3,85,-938,1280
2025-09-01 15:44:35.476750,128.70000000000002,90.285,106.86,170.235,123.045,94.575,38.805,80.34,5,93,-947,1280
2025-09-01 15:44:35.481000,121.875,78.19500000000001,98.28,153.27,108.42,86.775,30.225,75.27,2,91,-949,1216
2025-09-01 15:44:35.486500,130.65,91.65,104.325,162.63,121.68,90.09,34.71,84.435,-1,88,-946,1216
2025-09-01 15:44:35.492000,111.54,78.39,97.305,146.64,105.69,81.315,32.175000000000004,71.175,-1,88,-946,1216
2025-09-01 15:44:35.497500,116.805,81.51,97.5,147.03,111.345,89.50500000000001,34.125,73.71000000000001,-4,84,-944,1216
2025-09-01 15:44:35.503000,124.995,96.915,116.025,158.73000000000002,126.555,106.86,54.6,97.89,-3,81,-953,1216
2025-09-01 15:44:35.508500,132.99,90.87,111.735,162.04500000000002,124.605,99.645,44.655,87.165,-2,81,-951,1216
2025-09-01 15:44:35.514000,128.895,89.50500000000001,106.08,157.755,122.265,92.43,40.56,83.655,6,84,-948,1216
2025-09-01 15:44:35.525000,136.89,92.82,112.71,158.73000000000002,128.31,90.675,42.705,93.99,9,85,-948,1280
2025-09-01 15:44:35.525250,138.84,102.57,120.9,167.31,136.89,101.205,47.190000000000005,97.11,9,85,-949,1280
2025-09-01 15:44:35.525500,115.05,74.685,102.375,133.185,110.955,83.265,28.275,73.515,3,88,-945,1280
2025-09-01 15:44:35.525750,115.44,70.005,97.305,140.79,112.32,77.22,26.130000000000003,77.415,1,90,-944,1280
2025-09-01 15:44:35.526000,130.845,85.8,102.765,146.64,119.535,86.775,32.76,79.17,4,85,-951,1216
2025-09-01 15:44:35.526250,102.375,67.47,88.92,124.215,99.255,75.855,17.355,65.325,2,89,-952,1216
2025-09-01 15:44:35.526500,106.86,62.79,83.07000000000001,135.135,107.835,63.18,13.845,60.06,2,89,-952,1216
2025-09-01 15:44:35.527000,119.145,76.245,98.475,139.425,119.145,85.02,31.59,80.925,11,88,-947,1216
2025-09-01 15:44:35.530000,115.83,74.88,101.4,140.205,120.12,86.97,12.675,81.51,7,91,-944,1216
2025-09-01 15:44:35.533000,115.245,72.93,101.01,134.16,118.755,85.215,16.575,78.19500000000001,11,87,-943,1216
2025-09-01 15:44:35.536000,120.315,81.9,111.15,136.5,119.535,95.94,35.295,90.87,8,88,-947,1216
2025-09-01 15:44:35.539000,115.635,84.825,109.2,128.70000000000002,121.68,97.305,18.72,84.24000000000001,8,88,-947,1216
2025-09-01 15:44:35.542000,89.895,62.985,99.45,105.3,102.57,76.635,4.875,67.08,2,91,-943,1152
2025-09-01 15:44:35.545000,104.715,67.08,98.085,130.065,110.175,86.58,13.065,79.17,1,88,-941,1280
2025-09-01 15:44:35.551000,110.76,69.22500000000001,101.01,123.435,109.395,78.19500000000001,7.215,71.76,5,87,-945,1280
2025-09-01 15:44:35.559125,92.82,49.725,83.46000000000001,103.935,95.355,65.325,-17.355,58.5,9,88,-952,1216
2025-09-01 15:44:35.567250,76.05,37.635,75.075,85.8,83.46000000000001,54.795,-14.04,54.015,9,88,-952,1216
2025-09-01 15:44:35.575375,95.355,59.28,99.45,108.225,107.445,78.58500000000001,8.58,80.925,9,87,-952,1216
2025-09-01 15:44:35.583500,104.715,56.16,97.695,110.37,102.765,73.515,2.9250000000000003,63.375,8,89,-950,1216
2025-09-01 15:44:35.591625,96.72,52.65,92.82,109.395,101.985,78.39,0.78,66.495,9,91,-948,1280
2025-09-01 15:44:35.599750,107.25,68.25,94.77,109.2,117.585,81.705,10.14,76.635,9,91,-951,1216
2025-09-01 15:44:35.616000,103.35,69.03,104.13,118.56,116.415,89.50500000000001,7.0200000000000005,82.68,9,91,-951,1216
2025-09-01 15:44:35.616000,91.455,55.38,89.31,98.28,96.135,70.2,-2.34,56.55,4,92,-932,1216
2025-09-01 15:44:35.616000,88.14,48.36,86.19,94.38,95.55,75.855,-7.995,58.305,4,92,-937,1216
2025-09-01 15:44:35.616000,96.72,52.845,83.265,91.455,101.01,74.49000000000001,-3.9,63.18,4,89,-943,1280
2025-09-01 15:44:35.616000,90.285,55.185,79.95,92.43,92.43,65.91,-7.605,56.940000000000005,6,91,-943,1216
2025-09-01 15:44:35.616000,78.0,41.535,72.93,77.22,91.065,55.38,-24.18,51.675,6,91,-943,1216
2025-09-01 15:44:35.616000,85.995,50.7,81.51,89.11500000000001,99.645,70.785,-14.04,65.13,16,92,-956,1216
2025-09-01 15:44:35.616000,84.045,44.46,92.04,84.825,94.575,73.32000000000001,-14.625,59.475,13,89,-952,1216
2025-09-01 15:44:35.619000,77.22,39.195,85.41,85.605,93.795,64.35000000000001,-20.67,63.18,9,91,-950,1216
2025-09-01 15:44:35.622000,76.44,38.025,81.12,74.49000000000001,95.16,58.695,-24.96,56.16,-1,93,-957,1216
2025-09-01 15:44:35.625000,79.17,44.07,84.435,80.535,100.23,70.395,-27.885,62.79,0,94,-951,1280
2025-09-01 15:44:35.628000,72.735,41.73,77.025,75.855,89.31,59.475,-26.325,52.845,4,86,-950,1216
2025-09-01 15:44:35.631000,57.135000000000005,23.01,71.37,46.995000000000005,73.71000000000001,50.115,-42.51,40.365,4,86,-950,1216
2025-09-01 15:44:35.634000,71.565,37.83,90.48,83.46000000000001,98.28,74.88,-20.475,68.055,2,88,-956,1216
2025-09-01 15:44:35.640000,65.91,40.56,78.39,70.785,86.385,59.67,-33.15,55.965,5,88,-952,1216
2025-09-01 15:44:35.643000,67.275,34.125,74.49000000000001,73.905,90.675,62.205000000000005,-34.125,57.915,6,89,-953,1216
2025-09-01 15:44:35.646000,87.75,50.7,100.815,93.21,109.785,83.265,-13.455,74.88,9,92,-950,1216
2025-09-01 15:44:35.649000,80.73,43.68,101.79,68.055,96.33,83.85000000000001,-16.77,73.71000000000001,9,92,-950,1216
2025-09-01 15:44:35.652000,68.25,32.370000000000005,82.29,59.28,87.36,58.305,-36.27,49.725,6,94,-945,1280
2025-09-01 15:44:35.655000,67.08,28.86,82.875,61.425,85.215,62.205000000000005,-29.055,59.865,6,89,-946,1152
2025-09-01 15:44:35.658000,72.15,37.635,77.415,62.205000000000005,91.26,65.91,-45.045,55.965,4,90,-947,1216
2025-09-01 15:44:35.664000,58.695,24.375,72.93,47.385000000000005,85.8,61.23,-46.995000000000005,50.7,8,90,-945,1216
2025-09-01 15:44:35.666375,58.11,19.11,72.735,48.36,78.97500000000001,51.09,-49.335,50.7,8,90,-945,1216
2025-09-01 15:44:35.668750,64.35000000000001,30.615,90.675,57.525,91.065,74.10000000000001,-31.785,69.42,9,89,-950,1280
2025-09-01 15:44:35.671125,67.665,29.055,94.185,54.795,87.94500000000001,65.52,-34.905,65.715,8,88,-949,1280
2025-09-01 15:44:35.673500,74.10000000000001,22.23,77.415,57.72,87.36,54.795,-45.045,54.99,9,86,-951,1216
2025-09-01 15:44:35.675875,69.61500000000001,31.59,81.51,56.745000000000005,87.555,66.69,-39.39,63.765,9,87,-950,1216
2025-09-01 15:44:35.678250,66.3,35.49,90.675,56.745000000000005,92.235,72.735,-31.395,67.665,9,87,-950,1216
2025-09-01 15:44:35.683000,48.945,23.985,71.955,29.445,83.46000000000001,51.285,-59.28,44.85,4,94,-943,1216
2025-09-01 15:44:35.685500,58.5,21.84,72.54,48.165,89.50500000000001,57.330000000000005,-50.7,60.255,6,88,-943,1216
2025-09-01 15:44:35.688000,72.735,30.225,78.39,56.355,96.135,64.935,-43.29,66.495,7,93,-946,1216
2025-09-01 15:44:35.690500,65.325,21.84,71.76,37.245000000000005,84.435,55.965,-45.825,51.48,8,91,-944,1216
2025-09-01 15:44:35.693000,48.75,9.945,69.03,22.425,74.685,48.165,-55.77,49.14,8,91,-944,1216
2025-09-01 15:44:35.695500,58.5,27.885,82.68,36.27,93.6,62.205000000000005,-43.29,72.15,15,86,-935,1216
2025-09-01 15:44:35.698000,60.645,26.325,78.19500000000001,46.8,85.995,67.665,-44.46,65.325,15,90,-937,1280
2025-09-01 15:44:35.703000,65.52,29.055,77.415,41.34,85.41,64.155,-55.38,57.915,12,88,-945,1280
2025-09-01 15:44:35.703625,60.645,29.64,77.805,41.34,93.21,66.105,-59.865,61.425,14,90,-946,1216
2025-09-01 15:44:35.704250,71.37,31.785,90.675,45.435,100.815,71.955,-31.005000000000003,75.075,14,90,-946,1216
2025-09-01 15:44:35.704875,57.525,21.45,85.995,30.81,83.265,67.665,-42.705,64.74000000000001,9,92,-947,1280
2025-09-01 15:44:35.705500,52.845,21.255,73.125,25.545,78.97500000000001,55.965,-47.775,57.330000000000005,11,85,-949,1280
2025-09-01 15:44:35.706125,72.93,32.175000000000004,83.85000000000001,53.235,99.84,65.715,-50.31,63.375,11,87,-949,1216
2025-09-01 15:44:35.706750,59.67,17.16,70.785,30.81,83.46000000000001,54.795,-50.505,50.31,10,87,-948,1152
2025-09-01 15:44:35.708000,40.95,0.195,60.255,17.94,70.2,37.635,-65.52,40.365,10,87,-948,1152
2025-09-01 15:44:35.710625,52.065000000000005,13.455,72.735,18.33,78.78,56.55,-54.99,52.455,9,84,-945,1216
2025-09-01 15:44:35.713250,59.865,13.455,74.685,33.93,83.85000000000001,58.5,-55.575,56.55,7,88,-952,1280
2025-09-01 15:44:35.715875,47.775,9.555,65.13,25.155,83.07000000000001,55.575,-61.620000000000005,52.260000000000005,11,87,-947,1216
2025-09-01 15:44:35.718500,47.58,14.82,73.125,24.375,82.68,55.38,-54.405,55.185,10,88,-946,1216
2025-09-01 15:44:35.721125,59.085,21.06,84.24000000000001,38.415,93.015,66.885,-47.775,60.84,10,88,-946,1216
2025-09-01 15:44:35.723750,46.605,6.24,64.155,27.105,70.005,44.46,-73.905,41.34,5,91,-941,1216
2025-09-01 15:44:35.729000,45.435,8.385,66.105,25.545,77.61,54.015,-67.47,52.260000000000005,6,85,-946,1216
2025-09-01 15:44:35.731875,52.455,19.5,78.0,25.74,86.58,57.915,-59.085,53.82,3,87,-944,1280
2025-09-01 15:44:35.734750,31.59,2.73,60.06,11.7,74.10000000000001,51.675,-68.055,39.195,4,87,-947,1216
2025-09-01 15:44:35.737625,40.17,-8.19,52.260000000000005,20.67,72.345,41.145,-79.56,32.565,4,87,-947,1216
2025-09-01 15:44:35.740500,52.65,4.485,69.03,25.74,83.265,55.185,-63.18,55.575,7,86,-947,1216
2025-09-01 15:44:35.743375,46.02,9.165,61.815000000000005,20.475,76.245,49.14,-65.715,45.825,7,84,-942,1216
2025-09-01 15:44:35.746250,38.61,0.0,58.5,-2.9250000000000003,65.91,48.75,-70.395,40.755,6,84,-946,1216
2025-09-01 15:44:35.752000,49.53,12.87,67.275,27.69,80.34,62.010000000000005,-65.715,55.77,5,85,-945,1216
2025-09-01 15:44:35.752375,63.18,19.89,83.265,31.785,91.26,65.52,-53.235,60.84,5,85,-945,1216
2025-09-01 15:44:35.752750,26.325,2.145,75.66,-9.945,75.66,71.565,-63.375,62.985,5,90,-942,1216
2025-09-01 15:44:35.753125,26.130000000000003,-14.235,63.765,-5.265000000000001,63.96,50.115,-85.215,43.875,5,86,-943,1216
2025-09-01 15:44:35.753500,27.3,-13.065,54.21,-13.26,65.325,48.555,-82.095,43.875,1,91,-955,1280
2025-09-01 15:44:35.753875,24.96,-12.09,55.185,-7.605,56.355,48.165,-81.12,43.095,3,90,-951,1152
2025-09-01 15:44:35.754250,14.43,-21.645,53.82,-25.155,49.53,33.15,-92.625,32.175000000000004,2,92,-948,1280
2025-09-01 15:44:35.755000,0.78,-33.54,40.56,-36.66,31.59,28.86,-102.57,29.64,2,92,-948,1216
2025-09-01 15:44:35.757000,18.33,-19.11,50.895,-14.82,53.235,40.95,-79.36500000000001,41.535,1,88,-947,1216
2025-09-01 15:44:35.759000,20.475,-15.99,53.82,-18.33,54.99,41.34,-87.36,38.415,6,84,-942,1152
2025-09-01 15:44:35.761000,9.945,-23.4,48.555,-27.105,43.68,31.395,-97.695,31.200000000000003,4,87,-947,1152
2025-09-01 15:44:35.763000,14.235,-15.795,60.84,-24.375,55.965,49.53,-77.025,54.015,9,84,-945,1280
2025-09-01 15:44:35.765000,36.66,2.9250000000000003,73.32000000000001,5.265000000000001,77.805,58.89,-71.76,58.89,9,84,-945,1216
2025-09-01 15:44:35.767000,22.23,-15.99,45.63,-14.625,55.38,34.905,-99.645,34.125,11,83,-939,1216
2025-09-01 15:44:35.771000,13.455,-22.425,50.7,-24.375,48.555,37.245000000000005,-89.50500000000001,37.83,10,92,-944,1216
2025-09-01 15:44:35.771625,19.11,-15.6,61.815000000000005,-19.305,57.72,41.34,-79.56,49.725,7,88,-948,1280
2025-09-01 15:44:35.772250,6.63,-25.35,50.505,-21.45,51.48,37.83,-90.87,30.42,4,88,-945,1216
2025-09-01 15:44:35.772875,14.04,-23.595,45.63,-23.79,47.97,31.395,-96.525,34.515,4,88,-945,1280
2025-09-01 15:44:35.773500,20.28,-15.21,62.985,-10.14,57.915,50.505,-70.59,53.82,2,92,-942,1280
2025-09-01 15:44:35.774125,11.7,-19.89,56.940000000000005,-27.3,49.92,41.145,-83.07000000000001,35.295,5,84,-942,1216
2025-09-01 15:44:35.774750,5.46,-25.155,49.335,-42.705,43.875,31.98,-95.55,32.76,4,85,-947,1216
2025-09-01 15:44:35.776000,18.915,-13.455,62.205000000000005,-7.41,54.21,43.485,-70.395,47.58,1,87,-951,1216
2025-09-01 15:44:35.779125,28.275,-3.51,72.54,-0.78,66.69,52.065000000000005,-67.665,59.085,0,87,-951,1216
2025-09-01 15:44:35.782250,17.94,-15.21,56.745000000000005,-17.355,48.165,40.95,-89.7,34.905,0,91,-949,1216
2025-09-01 15:44:35.785375,6.24,-21.84,47.58,-24.375,49.92,40.755,-92.625,33.735,-5,93,-951,1216
2025-09-01 15:44:35.788500,17.745,-13.065,58.5,-17.745,55.965,46.41,-78.78,42.315000000000005,-1,92,-950,1280
2025-09-01 15:44:35.791625,11.895,-22.815,46.605,-26.91,48.36,31.200000000000003,-93.015,29.835,-1,89,-947,1216
2025-09-01 15:44:35.794750,-12.48,-39.39,37.83,-54.795,30.615,21.45,-105.495,21.255,0,91,-950,1280
2025-09-01 15:44:35.801000,-0.975,-34.125,46.41,-31.395,45.63,35.685,-92.43,34.71,0,91,-950,1280
2025-09-01 15:44:35.803000,15.99,-23.01,50.895,-19.89,54.015,38.805,-81.51,36.855,10,86,-944,1216
2025-09-01 15:44:35.805000,5.46,-27.105,45.63,-28.275,49.14,38.805,-86.19,34.32,10,83,-951,1280
2025-09-01 15:44:35.807000,5.46,-27.105,46.215,-26.325,50.505,46.215,-81.315,40.755,8,87,-950,1280
2025-09-01 15:44:35.809000,13.65,-14.625,58.305,-26.52,56.16,57.135000000000005,-73.515,43.485,4,86,-957,1216
2025-09-01 15:44:35.811000,-9.75,-33.735,45.045,-39.39,40.365,30.225,-98.28,21.645,4,86,-957,1216
2025-09-01 15:44:35.813000,1.365,-30.81,39.585,-31.200000000000003,47.190000000000005,35.685,-98.085,26.325,1,85,-948,1216
2025-09-01 15:44:35.817000,-1.95,-22.23,47.58,-38.805,40.17,34.125,-97.89,23.595,5,86,-954,1216
2025-09-01 15:44:35.817375,-4.095,-26.91,34.905,-38.61,36.075,25.74,-92.625,19.695,5,91,-954,1216
2025-09-01 15:44:35.817750,-15.6,-36.27,32.175000000000004,-51.285,28.665000000000003,19.89,-106.86,13.455,3,89,-952,1280
2025-09-01 15:44:35.818125,-6.24,-22.035,53.235,-41.535,46.605,32.955,-89.31,33.345,3,89,-952,1280
2025-09-01 15:44:35.818500,5.8500000000000005,-14.82,56.355,-21.45,53.235,39.585,-96.72,38.22,10,89,-961,1280
2025-09-01 15:44:35.818875,5.265000000000001,-17.16,60.645,-27.885,46.02,39.585,-81.315,41.925,9,87,-954,1216
2025-09-01 15:44:35.819250,11.505,-10.92,61.035,-25.545,55.38,42.315000000000005,-81.705,36.075,11,85,-953,1216
2025-09-01 15:44:35.820000,12.87,-6.4350000000000005,66.885,-22.62,53.43,47.97,-71.76,45.435,9,83,-953,1216
2025-09-01 15:44:35.825250,-7.41,-25.35,49.335,-40.17,36.27,37.83,-88.72500000000001,29.64,9,83,-953,1216
2025-09-01 15:44:35.830500,-11.115,-30.225,44.07,-41.145,39.39,34.515,-92.43,32.175000000000004,4,82,-933,1216
2025-09-01 15:44:35.835750,-5.07,-27.105,55.38,-36.66,39.195,40.56,-92.43,34.71,8,85,-939,1280
2025-09-01 15:44:35.841000,-8.19,-27.105,51.09,-46.02,34.515,34.515,-97.11,26.130000000000003,11,87,-946,1216
2025-09-01 15:44:35.846250,-22.035,-40.365,31.395,-50.505,23.79,19.5,-110.37,12.87,7,83,-947,1280
2025-09-01 15:44:35.851500,-2.145,-23.205,46.8,-25.155,45.24,37.44,-93.795,30.42,7,83,-947,1280
2025-09-01 15:44:35.862000,-6.24,-23.595,44.655,-42.51,32.955,34.515,-93.795,28.275,17,83,-950,1216
2025-09-01 15:44:35.862250,-18.915,-26.325,41.34,-46.995000000000005,32.955,32.955,-92.04,32.175000000000004,16,85,-949,1216
2025-09-01 15:44:35.862500,6.4350000000000005,-13.455,56.355,-14.43,56.55,45.24,-73.32000000000001,40.56,13,85,-950,1216
2025-09-01 15:44:35.862750,5.265000000000001,-10.53,60.45,-18.915,51.870000000000005,41.73,-83.655,42.315000000000005,13,83,-948,1152
2025-09-01 15:44:35.863000,-19.695,-35.49,32.76,-49.92,31.005000000000003,18.33,-107.055,15.405,13,83,-948,1152
2025-09-01 15:44:35.863250,-30.03,-39.975,30.81,-61.620000000000005,22.23,20.28,-103.545,19.89,10,81,-944,1216
2025-09-01 15:44:35.863500,-23.4,-32.175000000000004,40.755,-48.945,26.52,25.545,-97.11,25.35,9,85,-945,1216
2025-09-01 15:44:35.864000,-14.04,-31.395,26.715,-44.655,34.515,13.845,-98.67,15.405,11,86,-944,1216
2025-09-01 15:44:35.864125,-25.545,-41.145,26.52,-57.525,17.55,13.455,-108.42,13.455,11,85,-943,1216
2025-09-01 15:44:35.864250,-3.705,-25.545,38.22,-31.395,43.095,24.96,-101.205,19.5,15,89,-945,1216
2025-09-01 15:44:35.864375,-10.92,-25.545,36.66,-32.955,37.44,31.59,-102.18,23.4,13,86,-944,1152
2025-09-01 15:44:35.864500,-6.4350000000000005,-20.085,48.945,-35.1,47.97,38.61,-97.5,34.905,16,86,-946,1216
2025-09-01 15:44:35.864625,3.51,-13.65,55.185,-28.08,52.65,43.875,-86.58,38.415,13,86,-945,1152
2025-09-01 15:44:35.864750,-12.48,-26.130000000000003,39.39,-53.82,26.52,31.395,-98.865,24.375,13,86,-945,1152
2025-09-01 15:44:35.865000,-26.52,-45.24,30.81,-50.895,20.865,25.545,-93.6,23.01,8,85,-943,1216
2025-09-01 15:44:35.872750,-11.115,-35.1,32.175000000000004,-41.34,30.81,25.545,-104.91,19.305,11,88,-943,1280
2025-09-01 15:44:35.880500,-19.305,-42.120000000000005,22.815,-53.625,23.205,16.77,-125.385,9.75,10,88,-945,1216
2025-09-01 15:44:35.888250,-31.395,-51.870000000000005,23.205,-61.815000000000005,18.135,15.21,-116.61,5.46,7,88,-945,1280
2025-09-01 15:44:35.896000,-19.305,-39.39,44.46,-55.77,34.71,35.685,-90.675,31.59,7,88,-945,1280
2025-09-01 15:44:35.903750,-15.795,-38.025,44.265,-52.455,33.735,31.005000000000003,-85.215,28.275,7,85,-957,1280
2025-09-01 15:44:35.911500,-10.725,-41.73,32.76,-42.9,30.42,21.84,-95.745,19.89,3,86,-954,1280
2025-09-01 15:44:35.927000,-0.39,-29.64,35.685,-40.755,40.95,28.275,-104.13,19.89,7,87,-950,1280
2025-09-01 15:44:35.927625,-4.29,-30.225,39.39,-43.29,37.635,33.15,-93.015,27.3,9,83,-949,1216
2025-09-01 15:44:35.928250,-19.11,-37.245000000000005,24.96,-54.405,30.615,23.79,-113.685,12.87,9,83,-949,1216
2025-09-01 15:44:35.928875,-27.69,-46.8,26.715,-65.13,18.72,20.085,-103.155,17.745,4,89,-941,1216
2025-09-01 15:44:35.929500,-21.45,-37.83,28.47,-71.37,29.64,20.475,-102.375,12.48,2,89,-946,1280
2025-09-01 15:44:35.930125,-18.72,-46.215,22.23,-60.06,29.055,14.235,-115.05,6.24,3,89,-947,1216
2025-09-01 15:44:35.930750,-21.06,-50.115,13.65,-67.08,20.085,5.8500000000000005,-117.39,-2.145,3,91,-945,1152
2025-09-01 15:44:35.932000,-15.015,-39.585,28.275,-64.935,31.005000000000003,24.375,-109.98,16.38,3,91,-945,1152
2025-09-01 15:44:35.936000,-14.625,-40.365,39.195,-52.260000000000005,28.08,31.59,-95.16,18.915,4,93,-950,1216
2025-09-01 15:44:35.940000,-3.705,-33.15,38.805,-46.02,36.855,24.18,-99.84,19.5,6,89,-947,1216
2025-09-01 15:44:35.944000,-5.8500000000000005,-25.74,37.635,-39.585,41.73,25.155,-96.525,23.79,1,89,-947,1216
2025-09-01 15:44:35.948000,2.34,-19.5,48.555,-39.975,43.485,39.78,-90.675,31.005000000000003,0,87,-952,1152
2025-09-01 15:44:35.952000,-13.26,-28.665000000000003,29.64,-55.77,32.76,19.89,-108.615,13.065,0,87,-952,1152
2025-09-01 15:44:35.956000,-24.18,-40.95,29.64,-59.475,21.84,21.45,-100.815,18.525,-6,83,-946,1216
2025-09-01 15:44:35.964000,-16.575,-40.755,37.05,-51.870000000000005,24.96,21.84,-87.36,26.130000000000003,-10,88,-953,1216
2025-09-01 15:44:35.965125,-23.4,-42.705,25.35,-64.35000000000001,17.55,10.725,-109.005,12.09,-7,88,-950,1280
2025-09-01 15:44:35.966250,-42.51,-61.035,3.705,-75.855,-0.78,-0.78,-131.235,-8.19,-10,89,-948,1280
2025-09-01 15:44:35.967375,-23.205,-40.56,28.47,-58.695,23.79,24.57,-104.52,19.11,-10,89,-948,1280
2025-09-01 15:44:35.968500,-20.67,-42.315000000000005,38.025,-54.99,32.565,27.105,-99.645,18.135,-2,95,-959,1280
2025-09-01 15:44:35.969625,-27.69,-46.02,34.515,-70.98,23.205,24.18,-95.745,19.11,-1,89,-949,1216
2025-09-01 15:44:35.970750,-7.605,-37.245000000000005,39.39,-38.025,38.61,36.27,-95.355,30.615,-2,88,-943,1216
2025-09-01 15:44:35.973000,-5.8500000000000005,-29.64,34.32,-40.56,43.875,37.05,-92.82,24.57,-5,90,-945,1216
2025-09-01 15:44:35.973250,-24.57,-46.41,22.425,-64.935,21.45,17.16,-110.565,7.995,-5,90,-945,1216
2025-09-01 15:44:35.973500,-26.715,-52.845,21.645,-70.785,23.985,18.33,-101.205,12.48,-4,93,-939,1280
2025-09-01 15:44:35.973750,-20.085,-43.875,24.96,-50.505,33.735,19.11,-98.865,21.45,-2,95,-943,1152
2025-09-01 15:44:35.974000,-21.255,-47.97,23.985,-70.395,21.645,17.355,-98.67,10.725,-7,94,-946,1216
2025-09-01 15:44:35.974250,-30.615,-52.260000000000005,21.645,-62.400000000000006,15.405,4.095,-109.785,10.53,-7,90,-945,1216
2025-09-01 15:44:35.974500,-15.795,-47.385000000000005,27.885,-52.455,31.98,19.305,-97.305,18.135,-7,90,-945,1216
2025-09-01 15:44:35.975000,-27.885,-45.24,31.005000000000003,-65.13,17.16,20.475,-93.99,14.43,-13,90,-948,1216
2025-09-01 15:44:35.980500,-33.345,-41.925,28.665000000000003,-64.545,19.11,20.28,-97.89,15.6,-6,92,-953,1216
2025-09-01 15:44:35.986000,-20.085,-32.370000000000005,35.295,-45.825,33.15,29.835,-93.6,20.28,-9,89,-948,1216
2025-09-01 15:44:35.991500,0.39,-1.365,49.92,-32.370000000000005,48.75,32.175000000000004,-80.73,30.615,-9,91,-951,1280
2025-09-01 15:44:35.997000,-23.595,-23.985,37.245000000000005,-62.205000000000005,20.28,17.55,-90.285,26.130000000000003,-9,91,-951,1280
2025-09-01 15:44:36.002500,-36.66,-32.175000000000004,29.64,-76.635,10.92,17.55,-89.31,20.865,-7,91,-942,1216
2025-09-01 15:44:36.008000,-23.595,-24.57,35.685,-51.870000000000005,21.255,23.4,-89.895,20.865,-11,91,-939,1280
2025-09-01 15:44:36.019000,-21.45,-23.01,26.130000000000003,-53.04,23.01,11.7,-110.175,6.045,-10,91,-941,1216
2025-09-01 15:44:36.019250,-32.76,-35.295,18.915,-69.03,10.725,11.31,-111.54,-3.51,-9,90,-945,1152
2025-09-01 15:44:36.019500,-23.595,-26.52,37.245000000000005,-57.330000000000005,29.445,23.79,-97.5,24.96,-9,90,-945,1152
2025-09-01 15:44:36.019750,-32.565,-26.325,32.370000000000005,-68.44500000000001,17.16,18.33,-99.06,11.31,-3,92,-935,1216
2025-09-01 15:44:36.020000,-41.925,-40.755,17.745,-75.27,11.115,11.505,-108.03,2.145,-1,91,-937,1280
2025-09-01 15:44:36.020250,-13.845,-21.84,34.125,-43.875,37.83,29.055,-91.845,24.375,-3,93,-945,1280
2025-09-01 15:44:36.020500,-9.555,-14.235,42.9,-39.39,42.315000000000005,36.27,-78.0,35.88,-9,89,-944,1216
2025-09-01 15:44:36.021000,-25.74,-31.785,27.885,-59.085,23.01,15.015,-97.89,14.43,-9,89,-944,1216
2025-09-01 15:44:36.023500,-29.835,-37.44,26.52,-65.91,16.38,13.26,-94.965,21.06,-8,87,-957,1216
2025-09-01 15:44:36.026000,-31.005000000000003,-37.44,26.91,-69.61500000000001,17.55,15.795,-97.89,13.455,-15,87,-962,1216
2025-09-01 15:44:36.028500,-41.34,-44.265,17.355,-69.03,14.235,5.265000000000001,-108.81,4.875,-8,86,-955,1152
2025-09-01 15:44:36.031000,-41.145,-46.995000000000005,14.235,-72.93,9.36,-1.365,-115.44,0.975,-7,88,-950,1216
2025-09-01 15:44:36.033500,-30.42,-33.735,27.3,-70.98,22.815,16.575,-91.455,18.33,-7,88,-950,1216
2025-09-01 15:44:36.036000,-25.35,-29.055,32.76,-55.185,25.935,12.675,-95.745,14.43,-10,94,-938,1216
2025-09-01 15:44:36.041000,-22.23,-34.515,26.325,-52.260000000000005,16.38,4.095,-100.425,5.8500000000000005,2,93,-949,1216
2025-09-01 15:44:36.043875,-24.18,-31.59,29.64,-60.06,22.815,19.695,-93.405,21.255,-1,89,-949,1280
2025-09-01 15:44:36.046750,-28.08,-41.535,33.93,-70.98,11.115,11.7,-100.23,9.36,11,91,-945,1152
2025-09-01 15:44:36.049625,-19.11,-41.145,25.155,-53.235,21.45,-0.585,-109.785,-3.705,13,91,-951,1216
2025-09-01 15:44:36.052500,-0.195,-23.4,42.315000000000005,-31.200000000000003,42.315000000000005,17.745,-90.09,19.695,13,91,-951,1280
2025-09-01 15:44:36.055375,0.78,-19.305,44.655,-40.755,33.735,25.935,-88.33500000000001,26.52,9,90,-952,1280
2025-09-01 15:44:36.058250,-12.09,-29.25,30.615,-46.41,28.86,11.7,-107.055,12.48,14,88,-960,1216
2025-09-01 15:44:36.064000,-0.39,-20.475,47.385000000000005,-41.34,39.78,26.52,-95.55,29.835,15,87,-955,1216
2025-09-01 15:44:36.066750,9.75,-10.725,55.965,-14.43,54.6,34.32,-79.95,29.64,13,89,-950,1216
2025-09-01 15:44:36.069500,-10.92,-31.395,39.78,-46.02,29.25,12.87,-96.33,6.24,13,87,-950,1216
2025-09-01 15:44:36.072250,-25.35,-38.61,22.815,-64.155,15.405,7.800000000000001,-112.515,-2.34,13,87,-953,1216
2025-09-01 15:44:36.075000,-19.89,-41.73,22.23,-64.935,20.085,5.07,-111.345,4.485,10,90,-952,1216
2025-09-01 15:44:36.077750,-25.74,-39.585,23.985,-52.065000000000005,20.475,0.39,-101.79,-4.485,7,88,-951,1216
2025-09-01 15:44:36.080500,-21.645,-41.73,19.11,-52.455,26.91,-2.73,-126.555,-5.46,10,85,-948,1152
2025-09-01 15:44:36.086000,-15.015,-31.395,34.125,-47.190000000000005,26.715,22.425,-94.575,18.915,7,90,-939,1216
2025-09-01 15:44:36.089500,-18.33,-31.98,37.245000000000005,-49.92,29.055,17.16,-89.7,13.845,7,90,-939,1216
2025-09-01 15:44:36.093000,-31.200000000000003,-40.755,20.475,-65.715,17.355,6.045,-114.66,0.39,17,87,-945,1280
2025-09-01 15:44:36.096500,-14.625,-28.275,25.74,-38.415,39.39,9.75,-107.835,8.775,14,87,-950,1216
2025-09-01 15:44:36.100000,-0.78,-14.235,31.98,-39.195,46.41,17.745,-98.475,9.945,12,87,-951,1216
2025-09-01 15:44:36.103500,-10.335,-28.08,29.835,-55.575,28.665000000000003,6.045,-109.005,4.29,7,84,-956,1280
2025-09-01 15:44:36.107000,-28.47,-41.925,20.865,-63.18,17.55,3.12,-106.275,-4.875,7,84,-956,1280
2025-09-01 15:44:36.114000,-24.18,-41.535,22.815,-55.38,25.35,9.36,-118.56,1.17,1,89,-965,1280
2025-09-01 15:44:36.116250,-35.685,-50.505,13.065,-75.465,7.800000000000001,-3.315,-118.17,-9.165,3,88,-956,1280
2025-09-01 15:44:36.118500,-23.595,-36.66,29.64,-63.18,24.375,15.405,-99.84,7.41,9,80,-953,1280
2025-09-01 15:44:36.120750,-14.235,-29.055,45.045,-31.98,39.78,26.715,-91.455,19.305,11,82,-948,1216
2025-09-01 15:44:36.123000,3.51,-17.355,43.095,-19.5,47.58,29.25,-92.235,19.5,11,85,-948,1216
2025-09-01 15:44:36.125250,-11.31,-30.42,19.89,-38.22,28.275,5.07,-110.955,-2.73,10,82,-949,1216
2025-09-01 15:44:36.127500,-26.91,-42.51,15.795,-50.115,28.08,4.68,-108.42,-6.4350000000000005,10,82,-949,1216
2025-09-01 15:44:36.132000,-27.495,-42.51,25.155,-52.65,26.130000000000003,7.995,-104.52,-2.535,11,85,-947,1216
2025-09-01 15:44:36.135000,-30.615,-49.92,17.355,-56.745000000000005,13.845,-0.585,-108.615,-6.4350000000000005,7,86,-946,1216
2025-09-01 15:44:36.138000,-14.82,-24.18,39.0,-35.49,41.34,30.03,-87.165,13.065,6,85,-944,1216
2025-09-01 15:44:36.141000,-14.43,-32.565,22.62,-37.05,32.76,5.46,-102.375,-5.07,5,85,-944,1216
2025-09-01 15:44:36.144000,-26.52,-38.61,18.72,-52.845,26.130000000000003,7.605,-106.08,-5.8500000000000005,5,85,-944,1216
2025-09-01 15:44:36.147000,-17.94,-23.985,25.74,-43.29,31.200000000000003,15.405,-101.595,-0.195,-3,84,-946,1152
2025-09-01 15:44:36.150000,-26.52,-40.365,22.23,-54.6,18.72,5.46,-108.225,-8.19,-1,83,-942,1216
2025-09-01 15:44:36.156000,-31.005000000000003,-49.92,17.55,-64.35000000000001,15.015,-7.800000000000001,-119.73,-13.65,1,81,-944,1280
2025-09-01 15:44:36.164000,-16.965,-41.925,29.25,-45.63,31.200000000000003,8.58,-107.64,7.215,3,84,-947,1216
2025-09-01 15:44:36.172000,-13.845,-25.74,38.025,-35.49,31.200000000000003,17.94,-94.575,13.065,9,79,-945,1216
2025-09-01 15:44:36.180000,-8.385,-17.16,37.83,-30.225,40.755,21.255,-103.545,14.04,8,81,-946,1216
2025-09-01 15:44:36.188000,-21.45,-32.565,30.42,-58.5,23.79,13.845,-116.805,-0.39,5,81,-947,1280
2025-09-01 15:44:36.196000,-30.81,-44.655,23.01,-52.455,16.575,5.655,-123.045,-2.34,5,81,-947,1280
2025-09-01 15:44:36.204000,-16.77,-31.785,28.275,-40.365,23.01,8.58,-124.02,0.0,9,89,-951,1216
2025-09-01 15:44:36.220000,-34.32,-44.46,9.945,-58.11,12.285,-3.315,-149.76,-20.475,12,90,-944,1152
2025-09-01 15:44:36.223500,-45.045,-58.11,21.84,-73.515,-0.975,-3.9,-143.91,-19.11,8,89,-942,1280
2025-09-01 15:44:36.227000,-43.485,-53.235,18.135,-57.330000000000005,19.305,-4.095,-154.245,-20.67,4,85,-943,1216
2025-09-01 15:44:36.230500,-37.635,-56.16,18.525,-51.870000000000005,19.305,3.12,-147.42000000000002,-10.92,4,85,-943,1216
2025-09-01 15:44:36.234000,-28.665000000000003,-45.24,21.45,-50.7,22.815,10.53,-143.32500000000002,-6.4350000000000005,5,87,-954,1216
2025-09-01 15:44:36.237500,-48.945,-57.330000000000005,9.165,-75.66,3.315,-0.975,-151.125,-14.82,7,86,-953,1280
2025-09-01 15:44:36.241000,-45.63,-60.06,5.8500000000000005,-60.255,8.775,-10.14,-168.48000000000002,-24.18,4,85,-948,1280
2025-09-01 15:44:36.248000,-37.635,-49.92,16.965,-50.7,24.375,8.385,-150.15,-2.34,2,82,-951,1216
2025-09-01 15:44:36.250250,-30.42,-37.635,22.23,-46.995000000000005,24.765,14.82,-138.255,-0.39,2,82,-951,1216
2025-09-01 15:44:36.252500,-36.075,-47.97,17.16,-57.525,22.62,1.95,-145.665,-11.7,10,78,-946,1216
2025-09-01 15:44:36.254750,-47.58,-52.455,16.575,-65.715,14.235,8.775,-139.23000000000002,-6.045,12,81,-947,1216
2025-09-01 15:44:36.257000,-28.665000000000003,-37.83,25.545,-39.195,33.15,15.99,-135.525,-4.485,9,81,-945,1216
2025-09-01 15:44:36.259250,-33.345,-52.065000000000005,9.165,-60.84,13.065,-8.775,-152.88,-20.085,3,86,-948,1216
2025-09-01 15:44:36.261500,-37.83,-55.77,11.115,-55.185,17.94,7.41,-143.715,-8.775,3,86,-948,1216
2025-09-01 15:44:36.266000,-41.535,-56.55,21.645,-63.18,15.6,4.29,-137.085,-9.165,0,88,-940,1216
2025-09-01 15:44:36.271875,-41.925,-55.38,8.775,-66.3,12.285,-3.315,-143.13,-15.6,11,81,-947,1216
2025-09-01 15:44:36.277750,-52.65,-65.13,-3.315,-77.61,0.0,-11.115,-142.74,-25.35,10,80,-947,1216
2025-09-01 15:44:36.283625,-37.635,-54.795,16.185000000000002,-57.915,13.65,4.68,-110.175,3.9,9,80,-946,1152
2025-09-01 15:44:36.289500,-29.64,-54.99,16.185000000000002,-52.065000000000005,19.5,2.34,-127.14,-12.09,9,80,-946,1152
2025-09-01 15:44:36.295375,-41.535,-58.305,9.165,-58.5,8.97,-3.9,-137.085,-15.6,9,85,-956,1280
2025-09-01 15:44:36.301250,-30.42,-48.555,19.305,-48.75,22.425,5.46,-121.485,-8.385,9,84,-946,1280
2025-09-01 15:44:36.313000,-23.79,-43.485,20.865,-40.755,20.865,4.29,-109.005,-7.800000000000001,8,84,-947,1216
2025-09-01 15:44:36.315750,-40.17,-58.11,16.38,-60.45,6.045,-10.335,-123.825,-19.89,4,81,-943,1152
2025-09-01 15:44:36.318500,-43.485,-56.940000000000005,16.965,-55.965,11.31,-3.12,-114.855,-8.19,4,81,-943,1152
2025-09-01 15:44:36.321250,-30.03,-46.41,21.06,-48.36,22.23,3.705,-109.98,-7.215,5,86,-930,1216
2025-09-01 15:44:36.324000,-39.39,-55.77,13.65,-55.38,13.26,-6.63,-120.705,-19.89,5,89,-941,1216
2025-09-01 15:44:36.326750,-43.29,-63.765,4.095,-67.665,6.4350000000000005,-12.48,-131.04,-16.965,4,85,-943,1216
2025-09-01 15:44:36.329500,-35.88,-45.24,17.55,-48.75,21.84,-1.95,-106.665,-5.655,5,85,-943,1216
2025-09-01 15:44:36.335000,-35.88,-50.115,19.11,-48.75,17.745,-0.39,-102.96,-10.725,5,85,-943,1216
2025-09-01 15:44:36.338500,-31.200000000000003,-50.505,20.865,-50.505,18.525,0.0,-97.305,-1.365,0,90,-955,1216
2025-09-01 15:44:36.342000,-16.965,-42.9,17.355,-43.095,17.94,10.725,-76.44,4.68,-3,86,-947,1280
2025-09-01 15:44:36.345500,-21.255,-44.46,16.38,-37.635,17.355,7.215,-68.055,4.875,6,89,-945,1280
2025-09-01 15:44:36.349000,-15.21,-31.200000000000003,15.21,-30.03,25.74,8.385,-89.895,5.07,13,88,-944,1280
2025-09-01 15:44:36.352500,-13.65,-28.08,28.47,-31.395,29.835,16.575,-75.465,16.965,10,86,-947,1280
2025-09-01 15:44:36.356000,-21.255,-41.145,13.65,-38.415,14.235,-0.195,-90.09,-7.995,7,86,-947,1280
2025-09-01 15:44:36.363000,-35.1,-55.185,-1.365,-45.045,11.7,-7.995,-107.055,-16.77,7,86,-947,1280
2025-09-01 15:44:36.364750,-29.055,-48.945,10.92,-43.485,17.16,0.975,-88.33500000000001,-4.875,9,87,-950,1280
2025-09-01 15:44:36.366500,-24.18,-50.31,14.235,-38.805,16.185000000000002,-1.17,-84.825,-1.56,2,83,-945,1216
2025-09-01 15:44:36.368250,-32.565,-59.475,2.145,-49.92,4.29,-8.385,-85.605,-7.800000000000001,-1,85,-946,1280
2025-09-01 15:44:36.370000,-23.4,-49.335,16.185000000000002,-36.465,21.645,8.19,-82.29,4.485,0,84,-945,1280
2025-09-01 15:44:36.371750,-22.23,-39.39,21.06,-34.71,21.255,7.995,-75.075,4.485,0,84,-945,1280
2025-09-01 15:44:36.373500,-26.325,-46.995000000000005,12.87,-31.59,17.745,-1.17,-77.415,-0.975,-1,88,-946,1280
2025-09-01 15:44:36.377000,-14.625,-40.56,25.74,-21.84,24.765,8.385,-66.3,10.725,-3,83,-956,1216
2025-09-01 15:44:36.377500,-13.26,-30.81,35.49,-22.23,26.91,9.165,-61.425,14.43,-3,84,-955,1216
2025-09-01 15:44:36.378000,-22.035,-45.24,23.01,-32.175000000000004,19.305,-0.39,-78.19500000000001,0.39,0,86,-954,1216
2025-09-01 15:44:36.378500,-17.16,-45.045,19.695,-27.105,25.35,2.535,-71.175,0.195,0,86,-954,1216
2025-09-01 15:44:36.379000,-22.815,-46.41,16.185000000000002,-34.515,17.745,-7.215,-69.42,4.29,9,85,-947,1216
2025-09-01 15:44:36.379500,-33.345,-53.235,10.14,-47.190000000000005,7.41,-12.87,-76.635,-7.800000000000001,1,88,-936,1216
2025-09-01 15:44:36.380000,-40.365,-55.185,2.73,-54.21,0.39,-21.84,-84.24000000000001,-14.43,2,86,-945,1216
2025-09-01 15:44:36.381000,-29.25,-47.775,19.695,-31.200000000000003,22.62,-3.9,-58.11,10.335,-1,86,-945,1216
2025-09-01 15:44:36.383875,-12.87,-26.52,29.64,-20.865,29.64,7.995,-54.795,18.72,-1,86,-945,1216
2025-09-01 15:44:36.386750,-16.77,-39.78,10.53,-35.685,13.845,-10.53,-72.15,-4.29,2,82,-949,1280
2025-09-01 15:44:36.389625,-28.275,-41.73,11.115,-33.93,21.645,-13.455,-66.69,-0.585,2,82,-949,1024
2025-09-01 15:44:36.392500,-23.595,-40.755,19.5,-19.89,24.57,-0.39,-59.475,6.4350000000000005,2,82,-950,1216
2025-09-01 15:44:36.395375,-37.635,-50.115,13.455,-44.46,7.800000000000001,-11.31,-72.735,-7.605,-7,82,-950,1216
2025-09-01 15:44:36.398250,-39.195,-61.815000000000005,4.875,-46.605,9.75,-16.77,-84.045,-20.085,0,82,-948,1216
2025-09-01 15:44:36.404000,-21.45,-41.145,20.475,-28.86,22.425,8.385,-60.645,0.195,-1,85,-948,1280
2025-09-01 15:44:36.406000,-19.11,-35.1,27.885,-30.42,28.275,4.095,-58.89,3.9,-1,85,-948,1216
2025-09-01 15:44:36.408000,-19.305,-46.41,22.23,-22.62,25.74,-0.78,-52.260000000000005,18.72,-3,89,-945,1216
2025-09-01 15:44:36.410000,-11.31,-35.1,25.155,-19.305,28.665000000000003,15.21,-37.245000000000005,28.275,-2,85,-946,1216
2025-09-01 15:44:36.412000,-25.74,-50.505,19.11,-39.39,11.505,-0.39,-57.330000000000005,9.165,1,87,-951,1216
2025-09-01 15:44:36.414000,-42.9,-58.695,6.63,-45.24,6.24,-8.19,-68.44500000000001,4.875,3,93,-955,1216
2025-09-01 15:44:36.416000,-33.15,-57.525,15.21,-35.88,12.87,-7.215,-61.815000000000005,5.07,3,93,-955,1216
2025-09-01 15:44:36.420000,-33.93,-59.28,6.4350000000000005,-40.365,3.705,-14.43,-65.91,-0.195,9,91,-947,1216
2025-09-01 15:44:36.420750,-46.02,-74.88,-2.9250000000000003,-51.285,-9.165,-17.745,-73.905,-8.385,5,88,-950,1216
2025-09-01 15:44:36.421500,-32.76,-57.135000000000005,3.315,-45.435,6.045,-14.235,-56.16,-5.265000000000001,4,84,-947,1216
2025-09-01 15:44:36.422250,-37.635,-58.305,-2.145,-45.24,5.265000000000001,-9.555,-61.425,-9.555,1,86,-945,1280
2025-09-01 15:44:36.423000,-26.325,-48.555,15.795,-33.15,23.205,4.875,-40.95,11.505,0,85,-947,1216
2025-09-01 15:44:36.423750,-31.005000000000003,-44.85,18.72,-42.9,12.675,4.485,-37.635,10.14,-3,86,-950,1280
2025-09-01 15:44:36.424500,-28.47,-52.260000000000005,4.095,-31.200000000000003,12.675,-0.585,-65.13,-2.145,-3,86,-950,1280
2025-09-01 15:44:36.426000,-20.67,-47.775,6.045,-26.52,15.795,-1.755,-51.285,6.4350000000000005,3,89,-951,1280
2025-09-01 15:44:36.430625,-14.43,-38.025,19.305,-19.5,23.595,4.68,-22.815,19.5,-1,88,-949,1280
2025-09-01 15:44:36.435250,-27.69,-56.55,11.31,-37.44,8.97,-3.705,-44.46,9.555,1,87,-950,1216
2025-09-01 15:44:36.439875,-35.1,-56.355,7.0200000000000005,-42.120000000000005,5.07,-15.795,-47.58,0.0,1,84,-942,1280
2025-09-01 15:44:36.444500,-42.705,-66.495,-13.26,-52.845,-5.07,-33.93,-67.86,-16.965,0,85,-947,1216
2025-09-01 15:44:36.449125,-29.445,-55.185,14.235,-38.415,8.775,-9.75,-49.14,6.4350000000000005,1,88,-946,1216
2025-09-01 15:44:36.453750,-20.085,-43.485,23.595,-29.25,15.015,-3.705,-40.95,7.800000000000001,3,84,-949,1152
2025-09-01 15:44:36.463000,-20.085,-48.165,14.625,-38.805,11.115,-7.41,-45.63,4.095,3,84,-949,1152
2025-09-01 15:44:36.463250,-16.965,-38.025,19.305,-30.81,20.28,2.9250000000000003,-37.635,15.405,-2,83,-955,1216
2025-09-01 15:44:36.463500,-20.28,-35.49,21.45,-29.64,15.015,4.29,-35.88,10.14,1,85,-951,1280
2025-09-01 15:44:36.463750,-36.27,-54.99,11.31,-46.41,2.535,-12.48,-45.24,-3.51,2,85,-951,1216
2025-09-01 15:44:36.464000,-31.395,-49.335,12.285,-38.025,3.51,-9.165,-51.48,-2.535,6,87,-949,1216
2025-09-01 15:44:36.464250,-19.305,-42.9,13.455,-25.35,15.6,-3.51,-41.925,3.315,6,87,-949,1216
2025-09-01 15:44:36.464500,-23.985,-46.41,9.165,-35.49,11.505,-12.09,-54.015,-11.895,6,84,-945,1216
2025-09-01 15:44:36.465000,-35.295,-55.38,3.315,-50.31,-1.56,-20.67,-58.695,-12.48,8,86,-947,1152
2025-09-01 15:44:36.468000,-36.27,-48.945,12.87,-41.535,7.605,-0.195,-47.97,0.195,3,84,-948,1152
2025-09-01 15:44:36.471000,-31.98,-54.405,18.33,-41.73,8.775,8.58,-35.88,6.825,3,86,-946,1280
2025-09-01 15:44:36.474000,-26.91,-46.605,4.875,-28.47,11.7,-4.485,-51.48,-8.58,3,86,-946,1280
2025-09-01 15:44:36.477000,-18.525,-36.075,15.015,-25.155,21.645,5.8500000000000005,-46.02,0.585,6,93,-952,1216
2025-09-01 15:44:36.480000,-21.06,-32.955,15.6,-28.47,21.06,5.46,-41.73,4.485,4,89,-954,1280
2025-09-01 15:44:36.483000,-35.1,-48.75,5.655,-47.385000000000005,3.12,-9.75,-54.405,-7.995,4,89,-950,1216
2025-09-01 15:44:36.489000,-42.315000000000005,-54.015,2.73,-57.915,-1.56,-12.48,-54.99,-5.8500000000000005,2,87,-951,1216
2025-09-01 15:44:36.492500,-31.200000000000003,-46.215,6.4350000000000005,-29.64,10.92,-3.705,-51.870000000000005,-1.17,2,87,-951,1216
2025-09-01 15:44:36.496000,-35.1,-49.335,-7.800000000000001,-40.17,3.315,-18.135,-73.125,-24.18,7,90,-941,1216
2025-09-01 15:44:36.499500,-51.285,-60.645,-11.7,-70.2,-9.555,-22.62,-68.83500000000001,-20.67,3,87,-946,1280
2025-09-01 15:44:36.503000,-35.88,-43.875,3.315,-37.83,11.895,-3.51,-53.625,-2.145,4,83,-946,1216
2025-09-01 15:44:36.506500,-19.89,-30.42,17.16,-25.35,20.865,-0.39,-43.68,3.9,7,86,-948,1216
2025-09-01 15:44:36.510000,-37.635,-47.97,9.75,-39.78,5.46,-9.75,-45.24,-0.195,7,86,-948,1216
2025-09-01 15:44:36.517000,-23.205,-35.1,12.09,-25.155,23.4,-6.63,-37.245000000000005,4.095,4,94,-952,1216
2025-09-01 15:44:36.519875,-18.135,-29.25,28.08,-24.375,27.105,6.045,-34.515,13.455,2,93,-947,1216
2025-09-01 15:44:36.522750,-20.475,-33.93,14.625,-35.685,12.285,-11.895,-53.04,-6.4350000000000005,3,88,-949,1152
2025-09-01 15:44:36.525625,-35.295,-45.435,0.585,-41.535,4.875,-15.99,-65.52,-10.92,5,86,-948,1216
2025-09-01 15:44:36.528500,-35.88,-41.145,-1.365,-43.68,8.385,-14.235,-50.7,-7.605,5,86,-948,1216
2025-09-01 15:44:36.531375,-46.8,-53.43,-10.725,-56.745000000000005,-6.4350000000000005,-24.18,-52.455,-12.48,8,85,-940,1280
2025-09-01 15:44:36.534250,-51.285,-56.745000000000005,-10.14,-61.425,-10.53,-27.3,-52.260000000000005,-15.6,14,90,-941,1280
2025-09-01 15:44:36.540000,-38.61,-43.68,8.775,-41.73,9.165,-3.9,-38.22,4.875,10,86,-946,1216
2025-09-01 15:44:36.540000,-30.03,-32.76,4.68,-45.435,12.48,-0.78,-43.875,0.0,7,91,-946,1280
2025-09-01 15:44:36.540000,-27.105,-39.975,14.625,-32.175000000000004,15.015,5.07,-39.39,3.315,0,90,-955,1216
2025-09-01 15:44:36.540000,-21.255,-32.565,22.62,-34.125,20.67,7.605,-31.200000000000003,12.675,1,87,-949,1216
2025-09-01 15:44:36.540000,-42.120000000000005,-49.53,4.68,-49.92,0.195,-9.555,-48.555,-8.58,4,85,-948,1216
2025-09-01 15:44:36.540000,-42.9,-52.845,-2.9250000000000003,-49.14,2.9250000000000003,-12.675,-43.875,-4.68,3,84,-949,1152
2025-09-01 15:44:36.540000,-36.66,-44.46,4.29,-48.36,2.535,-9.165,-39.39,-4.485,3,84,-949,1152
2025-09-01 15:44:36.540000,-38.61,-46.8,-3.9,-48.75,2.145,-22.035,-64.545,-16.965,4,84,-945,1216
2025-09-01 15:44:36.549000,-43.095,-56.745000000000005,-3.9,-60.84,-5.8500000000000005,-18.915,-58.305,-15.405,2,86,-955,1216
2025-09-01 15:44:36.558000,-10.725,-19.5,26.130000000000003,-20.475,22.23,11.7,7.215,22.815,3,86,-938,1216
2025-09-01 15:44:36.567000,-26.91,-39.195,2.535,-37.245000000000005,10.14,-2.535,-36.27,-7.800000000000001,4,86,-944,1216
2025-09-01 15:44:36.576000,-36.465,-43.095,-8.58,-46.605,1.17,-6.045,-56.940000000000005,-5.46,5,83,-944,1280
2025-09-01 15:44:36.585000,-35.49,-39.0,5.265000000000001,-41.145,10.14,-2.9250000000000003,-39.195,0.0,5,83,-944,1280
2025-09-01 15:44:36.594000,-33.54,-45.045,1.755,-49.53,-4.68,-5.265000000000001,-47.97,-4.485,2,83,-947,1280
2025-09-01 15:44:36.612000,-41.34,-48.945,-7.215,-54.405,-8.385,-11.7,-47.190000000000005,-10.92,6,84,-954,1216
2025-09-01 15:44:36.614125,-41.34,-38.22,-1.365,-46.995000000000005,2.73,-3.12,-34.125,0.0,4,85,-951,1216
2025-09-01 15:44:36.616250,-34.71,-42.315000000000005,0.195,-36.27,10.92,-9.36,-40.365,-3.705,4,88,-944,1216
2025-09-01 15:44:36.618375,-23.4,-23.595,2.73,-33.54,11.505,-2.34,-29.055,5.07,4,88,-944,1216
2025-09-01 15:44:36.620500,-32.76,-25.935,2.34,-46.605,1.365,-9.555,-39.585,-4.875,2,89,-940,1216
2025-09-01 15:44:36.622625,-47.190000000000005,-40.365,-7.215,-58.5,-10.14,-17.94,-41.535,-10.725,13,91,-953,1152
2025-09-01 15:44:36.624750,-33.15,-26.52,5.655,-46.41,9.75,-2.9250000000000003,-29.055,8.58,13,88,-950,1280
2025-09-01 15:44:36.629000,-37.44,-31.59,1.17,-58.11,1.755,-1.95,-36.075,-0.195,10,88,-950,1216
2025-09-01 15:44:36.629000,-34.32,-35.88,-4.095,-46.02,9.945,-6.045,-39.585,-5.07,10,88,-950,1216
2025-09-01 15:44:36.629000,-27.885,-25.74,15.6,-42.51,11.31,0.78,-24.375,6.24,1,83,-949,1216
2025-09-01 15:44:36.629000,-24.96,-32.370000000000005,11.505,-37.245000000000005,9.945,-0.39,-23.4,10.14,2,87,-946,1280
2025-09-01 15:44:36.629000,-27.3,-29.25,8.775,-36.075,9.75,-0.585,-28.47,10.335,2,87,-946,1280
2025-09-01 15:44:36.629000,-31.005000000000003,-39.195,-4.485,-47.58,1.365,-14.43,-41.34,-8.19,-2,87,-943,1280
2025-09-01 15:44:36.629000,-44.46,-44.07,-11.7,-58.11,-7.41,-16.185000000000002,-49.335,-14.43,9,89,-952,1152
2025-09-01 15:44:36.629000,-21.45,-32.175000000000004,7.215,-24.375,13.455,-2.9250000000000003,-29.64,10.14,6,87,-947,1216
2025-09-01 15:44:36.633750,-14.625,-23.01,23.595,-29.055,15.99,-0.78,-11.31,17.16,7,87,-945,1216
2025-09-01 15:44:36.638500,-32.76,-36.855,5.655,-34.905,8.775,-13.455,-28.665000000000003,0.0,7,87,-945,1216
2025-09-01 15:44:36.643250,-25.74,-34.125,8.775,-35.295,7.995,-0.78,-21.645,6.4350000000000005,20,84,-950,1152
2025-09-01 15:44:36.648000,-15.21,-18.525,18.33,-20.67,19.89,3.9,-12.48,16.38,12,86,-935,1216
2025-09-01 15:44:36.652750,-21.06,-20.67,13.26,-26.325,14.625,-2.34,-23.985,3.9,12,87,-942,1216
2025-09-01 15:44:36.657500,-34.71,-33.93,1.56,-39.0,-1.56,-14.82,-35.685,-2.535,7,89,-944,1216
2025-09-01 15:44:36.667000,-34.125,-39.195,5.46,-39.78,9.36,-7.0200000000000005,-29.055,3.315,7,89,-944,1216
2025-09-01 15:44:36.667875,-39.195,-38.025,-3.51,-44.85,-1.95,-15.99,-32.955,-11.505,6,93,-948,1216
2025-09-01 15:44:36.668750,-29.835,-36.27,-7.605,-40.365,-5.46,-23.01,-39.585,-13.455,8,80,-942,1216
2025-09-01 15:44:36.669625,-17.94,-29.055,-7.605,-23.4,18.33,-7.0200000000000005,-34.515,-6.045,10,84,-949,1216
2025-09-01 15:44:36.670500,-13.26,-22.62,12.87,-23.01,14.235,-2.73,-25.545,0.0,6,86,-949,1280
2025-09-01 15:44:36.671375,-17.355,-25.74,7.0200000000000005,-25.35,10.92,-9.36,-35.1,-2.535,6,86,-949,1216
2025-09-01 15:44:36.672250,-14.235,-25.155,11.31,-19.11,20.865,-4.68,-23.205,6.24,8,85,-950,1216
2025-09-01 15:44:36.674000,-7.215,-17.55,13.455,-12.675,21.45,1.17,-21.84,9.945,6,87,-948,1280
2025-09-01 15:44:36.677500,-16.575,-29.835,7.0200000000000005,-24.96,8.58,-14.235,-31.59,-8.385,6,89,-948,1280
2025-09-01 15:44:36.681000,-21.255,-35.685,-3.9,-26.325,0.39,-15.405,-44.46,-14.625,2,96,-948,1216
2025-09-01 15:44:36.684500,-36.465,-51.870000000000005,-13.26,-41.34,-17.16,-28.275,-46.41,-20.085,5,89,-961,1216
2025-09-01 15:44:36.688000,-19.695,-29.64,1.755,-22.62,5.655,-14.43,-31.200000000000003,-6.045,5,89,-955,1216
2025-09-01 15:44:36.691500,-13.26,-25.935,5.07,-23.4,2.9250000000000003,-5.265000000000001,-26.130000000000003,-2.145,5,88,-953,1280
2025-09-01 15:44:36.695000,-19.305,-30.81,0.78,-24.375,0.975,-7.995,-23.4,-1.365,5,87,-953,1152
2025-09-01 15:44:36.702000,-13.845,-23.01,12.09,-15.405,15.6,3.9,-21.255,4.29,5,87,-955,1152
2025-09-01 15:44:36.703500,-5.265000000000001,-14.43,22.425,-9.165,19.5,11.115,-6.4350000000000005,14.43,2,90,-947,1216
2025-09-01 15:44:36.705000,-3.51,-15.21,23.01,1.17,14.235,11.505,-10.92,14.625,-11,88,-963,1216
2025-09-01 15:44:36.706500,-9.165,-13.065,8.19,-9.555,2.73,-10.725,-20.865,-8.385,-3,87,-952,1216
2025-09-01 15:44:36.708000,-17.16,-22.035,-1.365,-7.605,-0.39,-20.085,-24.765,-13.455,-5,89,-949,1216
2025-09-01 15:44:36.709500,-15.405,-24.765,13.065,-9.165,3.51,-1.95,-14.235,4.68,-3,87,-948,1152
2025-09-01 15:44:36.711000,-24.57,-31.005000000000003,7.215,-21.45,-2.535,-6.045,-7.41,-1.95,-3,87,-948,1152
2025-09-01 15:44:36.714000,-24.96,-33.93,0.0,-20.28,-3.51,-13.455,-23.79,-10.725,3,82,-937,1280
2025-09-01 15:44:36.714625,-30.225,-40.17,4.29,-17.355,-15.795,-8.19,-13.65,1.365,5,83,-942,1216
2025-09-01 15:44:36.715250,-18.135,-31.395,10.92,-17.55,0.78,-5.655,-8.775,-1.17,3,87,-946,1216
2025-09-01 15:44:36.715875,-15.795,-33.735,15.405,-15.21,0.975,-1.755,-1.56,10.725,3,87,-950,1216
2025-09-01 15:44:36.716500,-8.385,-27.3,21.84,-1.56,11.115,7.995,-2.535,11.7,3,87,-950,1216
2025-09-01 15:44:36.717125,3.705,-10.92,30.03,10.92,22.23,19.305,3.705,19.11,2,92,-950,1216
2025-09-01 15:44:36.717750,-4.095,-20.475,17.355,-6.4350000000000005,13.26,11.115,-7.0200000000000005,2.73,0,93,-949,1280
2025-09-01 15:44:36.719000,-17.94,-33.735,10.14,-15.015,0.585,-1.95,-12.09,4.29,2,89,-949,1280
2025-09-01 15:44:36.721500,-9.36,-27.105,16.38,-5.07,8.97,7.41,-14.04,14.43,2,88,-949,1152
2025-09-01 15:44:36.724000,-12.09,-35.685,1.17,-16.38,-6.4350000000000005,-1.17,-22.035,-7.41,2,88,-949,1152
2025-09-01 15:44:36.726500,-29.64,-42.315000000000005,-11.31,-28.665000000000003,-10.92,-13.455,-31.98,-13.845,7,82,-940,1280
2025-09-01 15:44:36.729000,-16.575,-32.370000000000005,1.365,-10.335,2.73,-0.975,-16.185000000000002,4.29,3,85,-943,1216
2025-09-01 15:44:36.731500,-11.31,-18.915,1.755,2.73,8.58,-2.9250000000000003,-16.38,-0.39,4,89,-948,1216
2025-09-01 15:44:36.734000,-19.305,-34.125,0.975,-17.355,-2.535,-5.8500000000000005,-14.82,-2.145,-1,88,-950,1216
2025-09-01 15:44:36.739000,-12.48,-23.985,22.425,-13.845,8.97,10.53,1.17,15.795,-1,88,-950,1216
2025-09-01 15:44:36.739375,-2.535,-12.48,21.84,-4.485,23.01,14.43,9.555,23.01,-3,85,-955,1216
2025-09-01 15:44:36.739750,-9.75,-21.45,21.45,-7.605,10.92,10.53,-2.145,9.555,-2,88,-951,1216
2025-09-01 15:44:36.740125,-10.14,-24.96,12.285,-6.825,7.41,-4.485,-13.26,4.29,2,86,-946,1280
2025-09-01 15:44:36.740500,-17.55,-25.35,16.77,-5.265000000000001,7.0200000000000005,-0.975,-4.68,6.63,4,86,-948,1216
2025-09-01 15:44:36.740875,-20.475,-27.495,11.505,-16.77,1.365,1.755,-11.115,4.095,4,86,-948,1216
2025-09-01 15:44:36.741250,-22.035,-36.855,3.705,-20.865,-6.045,-12.285,-20.67,-8.385,4,84,-940,1216
2025-09-01 15:44:36.742000,-25.74,-36.855,7.800000000000001,-19.305,-3.705,-5.655,-14.43,5.07,-2,87,-945,1216
2025-09-01 15:44:36.744750,-20.865,-30.225,20.865,-16.38,1.365,1.755,-13.845,10.92,2,86,-944,1216
2025-09-01 15:44:36.747500,-25.545,-36.855,10.53,-17.16,-12.48,-15.6,-24.18,-4.68,0,86,-948,1216
2025-09-01 15:44:36.750250,-27.105,-35.1,14.82,-14.625,-5.46,-4.875,-14.04,7.0200000000000005,0,86,-948,1216
2025-09-01 15:44:36.753000,-19.11,-24.375,22.035,-8.19,6.63,-0.975,-3.9,9.165,-2,87,-958,1216
2025-09-01 15:44:36.755750,-24.18,-31.98,7.605,-16.965,-2.34,-16.965,-19.5,-6.4350000000000005,1,87,-952,1280
2025-09-01 15:44:36.758500,-30.81,-34.905,1.365,-16.575,-6.63,-13.845,-23.01,-5.265000000000001,3,89,-953,1216
2025-09-01 15:44:36.764000,-28.08,-36.27,16.575,-20.865,-2.535,-1.95,-7.0200000000000005,7.215,4,87,-955,1216
2025-09-01 15:44:36.770250,-35.685,-44.265,3.705,-29.055,-8.19,-13.455,-20.085,-7.41,4,87,-955,1216
2025-09-01 15:44:36.776500,-34.125,-44.46,-2.73,-17.55,-16.965,-17.745,-31.785,-12.285,3,81,-949,1280
2025-09-01 15:44:36.782750,-29.64,-39.39,0.0,-16.185000000000002,-5.655,-5.8500000000000005,-19.89,-7.41,5,82,-957,1280
2025-09-01 15:44:36.789000,-24.96,-31.395,3.51,-22.815,-4.875,-13.26,-13.845,-6.045,5,85,-953,1216
2025-09-01 15:44:36.795250,-30.225,-37.83,4.095,-11.31,-2.73,-14.235,-10.53,-1.95,8,86,-950,1216
2025-09-01 15:44:36.801500,-5.46,-25.74,16.77,7.995,14.04,-4.875,5.8500000000000005,5.07,8,86,-950,1216
2025-09-01 15:44:36.814000,-4.485,-23.79,22.23,1.755,14.04,2.34,17.55,10.53,10,88,-957,1216
2025-09-01 15:44:36.819875,-16.185000000000002,-31.785,3.315,-8.385,4.68,-13.845,-29.25,-12.09,11,86,-951,1216
2025-09-01 15:44:36.825750,-31.005000000000003,-49.14,-10.725,-23.01,-15.21,-11.505,-24.765,-12.09,7,84,-926,1152
2025-09-01 15:44:36.831625,-26.715,-43.875,11.505,-18.33,0.585,4.485,-10.725,8.97,14,83,-941,1280
2025-09-01 15:44:36.837500,-5.07,-23.985,25.74,-6.4350000000000005,14.04,11.7,0.39,11.115,10,86,-946,1280
2025-09-01 15:44:36.843375,-18.33,-37.44,3.315,-18.915,6.4350000000000005,-5.46,-19.695,0.39,9,85,-949,1216
2025-09-01 15:44:36.849250,-15.795,-38.415,11.7,-13.065,7.215,4.485,-11.115,4.875,9,85,-949,1216
2025-09-01 15:44:36.861000,-7.800000000000001,-22.035,25.155,4.29,25.545,23.205,6.4350000000000005,16.77,4,87,-953,1280
2025-09-01 15:44:36.861125,-13.455,-34.515,11.895,-16.185000000000002,0.195,5.46,-7.995,4.875,7,86,-945,1152
2025-09-01 15:44:36.861250,-29.055,-42.9,0.0,-20.475,0.975,-6.825,-18.525,-8.385,5,84,-945,1280
2025-09-01 15:44:36.861375,-22.62,-30.03,5.655,-10.335,7.605,-1.755,-6.045,-2.145,5,85,-943,1280
2025-09-01 15:44:36.861500,-23.205,-33.93,9.555,-19.305,1.365,3.51,5.265000000000001,4.68,5,85,-943,1280
2025-09-01 15:44:36.861625,-32.175000000000004,-43.68,0.0,-23.4,0.78,-5.8500000000000005,-12.48,-10.92,4,83,-940,1216
2025-09-01 15:44:36.861750,-28.47,-42.705,3.51,-17.16,0.585,1.56,-22.62,-7.215,7,83,-946,1216
2025-09-01 15:44:36.862000,-14.82,-29.64,15.6,-4.485,14.43,10.725,-9.75,1.95,9,84,-948,1216
2025-09-01 15:44:36.863875,-16.77,-30.03,2.34,-7.605,6.4350000000000005,-7.215,-16.38,-8.19,8,84,-947,1280
2025-09-01 15:44:36.865750,-11.895,-30.615,9.165,-6.4350000000000005,18.135,-5.8500000000000005,-6.825,3.9,8,84,-947,1280
2025-09-01 15:44:36.867625,-10.53,-22.62,17.16,-3.51,10.725,4.485,-1.95,8.97,7,92,-948,1216
2025-09-01 15:44:36.869500,-17.745,-27.3,10.92,-10.725,1.365,-1.56,-17.16,-6.045,15,89,-942,1280
2025-09-01 15:44:36.871375,-27.3,-35.88,-5.46,-19.11,-4.68,-14.04,-19.11,-7.41,9,88,-942,1216
2025-09-01 15:44:36.873250,-30.03,-35.88,-5.8500000000000005,-15.015,0.195,-6.63,-18.72,-7.41,5,89,-945,1216
2025-09-01 15:44:36.877000,-25.545,-41.925,0.585,-11.31,-4.875,-4.875,-25.545,-8.19,5,89,-945,1216
2025-09-01 15:44:36.881625,-35.49,-50.895,-2.9250000000000003,-20.67,-14.235,-5.8500000000000005,-23.79,-10.335,5,86,-950,1216
2025-09-01 15:44:36.886250,-27.495,-42.51,5.46,-8.19,-0.585,1.56,-6.045,4.29,0,87,-947,1280
2025-09-01 15:44:36.890875,-7.215,-23.79,21.45,8.385,21.255,18.33,0.39,6.63,1,86,-948,1280
2025-09-01 15:44:36.895500,-16.77,-29.445,9.36,-7.41,8.775,10.725,-16.965,7.995,4,81,-948,1280
2025-09-01 15:44:36.900125,-9.555,-26.52,14.625,2.9250000000000003,19.11,13.26,1.95,7.41,4,81,-948,1280
2025-09-01 15:44:36.904750,-4.095,-12.09,20.085,11.7,30.81,23.205,13.65,16.77,1,86,-948,1280
2025-09-01 15:44:36.914000,-10.335,-20.475,12.675,4.875,13.455,15.405,2.535,4.095,0,82,-950,1216
2025-09-01 15:44:36.914000,-26.715,-36.075,-0.585,-5.8500000000000005,6.24,10.335,-10.725,-7.605,-3,84,-946,1216
2025-09-01 15:44:36.914000,-22.035,-34.32,5.46,-2.73,8.58,10.53,-1.95,-7.215,-2,87,-948,1152
2025-09-01 15:44:36.914000,-17.94,-35.685,5.07,-4.29,7.995,9.165,-7.0200000000000005,-5.8500000000000005,-2,87,-948,1152
2025-09-01 15:44:36.914000,-34.125,-45.045,-1.95,-23.595,-3.9,2.145,-10.725,-7.605,5,89,-940,1280
2025-09-01 15:44:36.914000,-26.52,-31.59,11.115,-3.315,9.36,13.845,8.385,5.07,-2,92,-947,1216
2025-09-01 15:44:36.914000,-21.84,-29.64,13.26,-6.4350000000000005,8.385,9.36,4.68,4.29,-2,89,-950,1216
2025-09-01 15:44:36.914000,-29.64,-34.71,3.12,-8.775,9.555,0.195,-12.87,-19.89,-5,86,-948,1280
2025-09-01 15:44:36.914625,-21.45,-20.865,14.82,1.95,17.355,18.525,-6.045,-7.215,-5,86,-948,1280
2025-09-01 15:44:36.915250,-15.015,-17.355,21.255,3.12,19.11,16.77,9.555,-1.365,-6,84,-948,1216
2025-09-01 15:44:36.915875,-25.74,-27.69,17.355,-4.095,7.0200000000000005,3.12,-4.29,-12.87,-3,78,-940,1216
2025-09-01 15:44:36.916500,-38.22,-40.95,4.68,-15.795,-12.48,-6.4350000000000005,-6.045,-18.33,-10,84,-947,1216
2025-09-01 15:44:36.917125,-37.245000000000005,-40.95,0.39,-22.62,-8.385,-6.4350000000000005,-5.8500000000000005,-18.135,-10,83,-947,1216
2025-09-01 15:44:36.917750,-40.95,-40.365,-1.17,-19.305,-7.41,-14.43,-10.92,-23.205,-10,83,-947,1216
2025-09-01 15:44:36.919000,-41.34,-46.995000000000005,-16.965,-19.89,-5.46,-23.595,-27.69,-32.76,-8,88,-949,1216
2025-09-01 15:44:36.924500,-33.93,-34.515,-3.51,-21.06,0.195,-13.455,-22.035,-17.94,-8,90,-947,1216
2025-09-01 15:44:36.930000,-31.59,-35.49,10.92,-14.625,0.195,-1.755,0.0,-7.41,-10,91,-948,1280
2025-09-01 15:44:36.935500,-39.585,-39.585,-3.12,-22.62,-9.165,-13.845,-8.97,-17.16,-9,88,-946,1216
2025-09-01 15:44:36.941000,-36.855,-28.08,11.895,-7.0200000000000005,0.78,1.95,1.365,-5.265000000000001,-9,88,-946,1216
2025-09-01 15:44:36.946500,-15.015,-15.6,15.795,0.39,13.455,10.14,-0.195,-1.365,-8,87,-939,1216
2025-09-01 15:44:36.952000,-27.885,-27.885,8.775,-19.305,-4.68,-1.17,-9.555,-13.455,-9,82,-939,1216
2025-09-01 15:44:36.963000,-27.69,-44.265,0.195,-14.43,-5.655,-8.19,-12.675,-26.325,-13,83,-941,1216
2025-09-01 15:44:36.963000,-15.015,-31.200000000000003,13.845,-2.73,8.58,6.4350000000000005,5.8500000000000005,-7.0200000000000005,-10,88,-943,1280
2025-09-01 15:44:36.963000,-32.955,-39.39,0.39,-20.865,-6.24,-6.045,-13.65,-25.35,-9,88,-943,1280
2025-09-01 15:44:36.963000,-40.365,-44.655,-7.41,-18.33,-13.455,-12.09,-18.915,-27.885,-9,86,-947,1280
2025-09-01 15:44:36.963000,-33.54,-39.0,2.535,-15.21,-4.485,-2.145,-9.555,-12.09,-12,86,-953,1216
2025-09-01 15:44:36.963000,-29.835,-33.54,2.9250000000000003,-14.625,-6.045,-2.145,-9.36,-13.65,-12,82,-952,1216
2025-09-01 15:44:36.963000,-31.005000000000003,-33.93,5.655,-15.21,1.17,-0.975,-8.385,-16.575,-8,83,-948,1216
2025-09-01 15:44:36.963000,-27.495,-26.325,13.26,-7.800000000000001,6.4350000000000005,4.485,-2.145,-2.9250000000000003,-8,90,-949,1216
2025-09-01 15:44:36.965375,-19.5,-23.205,20.475,-5.8500000000000005,10.335,11.505,7.215,3.51,-8,90,-949,1216
2025-09-01 15:44:36.967750,-43.68,-33.15,-14.235,-30.42,-8.385,-11.895,-13.26,-18.915,13,91,-945,1216
2025-09-01 15:44:36.970125,-39.195,-31.200000000000003,-8.97,-27.69,3.315,-4.485,-5.8500000000000005,-6.63,5,91,-949,1216
2025-09-01 15:44:36.972500,-19.89,-24.57,6.63,-4.095,11.7,4.68,-0.39,-6.24,8,87,-949,1216
2025-09-01 15:44:36.974875,-30.225,-29.25,-0.39,-18.525,0.975,-1.365,-2.34,-9.75,11,86,-951,1216
2025-09-01 15:44:36.977250,-25.74,-31.200000000000003,8.775,-14.82,1.17,10.92,2.34,4.875,12,87,-951,1152
2025-09-01 15:44:36.982000,-31.005000000000003,-29.055,11.895,-26.325,3.51,11.7,4.875,-2.73,12,87,-951,1152
2025-09-01 15:44:36.986000,-25.935,-31.59,-0.195,-17.745,-0.78,-0.78,-17.94,-10.92,13,88,-963,1280
2025-09-01 15:44:36.990000,-35.1,-44.07,-14.43,-27.495,-8.97,-6.24,-17.55,-15.015,16,90,-958,1216
2025-09-01 15:44:36.994000,-30.03,-35.1,2.73,-25.35,-6.63,-1.56,5.46,-0.195,13,89,-956,1216
2025-09-01 15:44:36.998000,-33.54,-36.66,-3.51,-20.865,-7.0200000000000005,-2.9250000000000003,-6.825,-11.895,14,86,-956,1280
2025-09-01 15:44:37.002000,-36.465,-37.44,-16.575,-36.66,-21.45,-13.26,-27.69,-25.935,14,86,-956,1280
2025-09-01 15:44:37.006000,-36.855,-35.1,-15.6,-30.03,-11.7,-7.215,-9.945,-10.14,9,85,-954,1280
2025-09-01 15:44:37.014000,-25.35,-25.935,0.78,-21.45,-1.365,2.145,-2.535,-9.555,11,84,-951,1216
2025-09-01 15:44:37.014125,-30.42,-30.81,2.73,-25.35,-9.945,3.51,-5.07,-8.58,13,83,-950,1216
2025-09-01 15:44:37.014250,-29.64,-23.985,13.845,-15.405,0.585,10.92,9.165,0.78,9,81,-953,1152
2025-09-01 15:44:37.014375,-12.675,-12.285,19.695,-7.800000000000001,12.675,13.845,10.53,6.63,9,81,-953,1152
2025-09-01 15:44:37.014500,-22.23,-27.69,11.7,-24.96,-8.97,-2.34,-8.97,-8.58,13,83,-967,1216
2025-09-01 15:44:37.014625,-42.120000000000005,-43.485,-2.34,-38.415,-22.23,-12.09,-13.26,-12.675,6,82,-959,1216
2025-09-01 15:44:37.014750,-27.105,-30.81,9.165,-24.96,-5.8500000000000005,-2.34,3.51,-3.705,6,85,-957,1216
2025-09-01 15:44:37.015000,-33.345,-33.735,-1.755,-25.35,-11.505,-16.575,-17.355,-23.4,11,87,-955,1280
2025-09-01 15:44:37.017875,-42.705,-42.315000000000005,-9.165,-37.245000000000005,-17.16,-14.82,-26.715,-20.865,11,87,-955,1280
2025-09-01 15:44:37.020750,-37.245000000000005,-35.295,5.655,-29.64,-11.505,4.68,1.755,1.56,11,86,-945,1280
2025-09-01 15:44:37.023625,-28.275,-30.81,7.995,-23.595,-9.945,2.34,-8.19,-0.39,16,88,-951,1280
2025-09-01 15:44:37.026500,-41.535,-37.83,-7.605,-37.05,-15.99,-7.800000000000001,-12.48,-5.265000000000001,12,88,-955,1216
2025-09-01 15:44:37.029375,-32.370000000000005,-36.66,-1.755,-21.255,-5.8500000000000005,-4.485,-12.285,0.78,5,89,-956,1280
2025-09-01 15:44:37.032250,-27.69,-23.205,9.555,-17.94,-3.315,5.265000000000001,10.725,8.58,5,89,-956,1280
2025-09-01 15:44:37.038000,-23.01,-23.01,10.53,-19.305,-8.97,-2.34,3.705,10.14,7,89,-959,1280
2025-09-01 15:44:37.040000,-36.66,-39.585,-0.78,-34.71,-20.085,-10.725,6.63,7.0200000000000005,2,89,-955,1280
2025-09-01 15:44:37.042000,-23.01,-15.405,2.34,-11.895,-3.315,5.46,6.63,15.405,3,82,-952,1216
2025-09-01 15:44:37.044000,-20.475,-21.06,8.385,-8.385,0.78,6.825,5.8500000000000005,22.23,7,83,-948,1280
2025-09-01 15:44:37.046000,-16.575,-18.33,10.92,-3.315,3.705,11.505,2.145,18.525,7,83,-948,1280
2025-09-01 15:44:37.048000,-20.475,-19.11,4.68,-10.335,-6.4350000000000005,4.095,0.0,10.335,0,86,-957,1152
2025-09-01 15:44:37.050000,-29.055,-29.64,-7.995,-17.94,-11.115,-13.455,-5.8500000000000005,1.95,5,82,-949,1216
2025-09-01 15:44:37.054000,-29.055,-29.64,-7.800000000000001,-13.26,-12.09,-5.8500000000000005,-4.68,6.825,7,80,-941,1280
2025-09-01 15:44:37.062000,-34.71,-41.925,-11.115,-33.345,-27.3,-14.04,-7.800000000000001,-2.73,9,79,-943,1216
2025-09-01 15:44:37.070000,-7.995,-19.695,21.255,-2.9250000000000003,0.585,15.795,19.305,27.105,7,85,-938,1216
2025-09-01 15:44:37.078000,-20.085,-25.935,9.555,-16.38,-13.845,-3.9,3.51,12.285,12,81,-942,1280
2025-09-01 15:44:37.086000,-27.885,-30.03,3.51,-13.065,-12.48,-7.0200000000000005,10.725,18.33,13,78,-933,1216
2025-09-01 15:44:37.094000,-13.65,-26.91,8.97,-19.695,-3.12,-8.58,9.945,15.99,8,79,-939,1216
2025-09-01 15:44:37.102000,-32.76,-38.025,-14.235,-43.29,-23.985,-26.130000000000003,-28.47,-8.775,6,83,-942,1280
2025-09-01 15:44:37.118000,-57.135000000000005,-59.475,-28.275,-61.425,-42.9,-38.805,-43.095,-20.28,6,83,-942,1280
2025-09-01 15:44:37.122625,-50.115,-51.48,-24.57,-42.51,-40.17,-30.225,-21.45,-11.31,11,82,-938,1216
2025-09-01 15:44:37.127250,-39.78,-33.93,-13.455,-36.27,-26.325,-25.35,-12.675,1.56,7,86,-940,1216
2025-09-01 15:44:37.131875,-53.235,-46.8,-25.545,-56.355,-37.44,-35.295,-26.715,-8.19,8,85,-945,1216
2025-09-01 15:44:37.136500,-52.455,-49.725,-27.69,-54.795,-35.1,-37.83,-30.03,-9.165,6,83,-943,1216
2025-09-01 15:44:37.141125,-35.88,-37.05,-12.09,-42.705,-24.57,-20.67,-11.7,2.73,6,83,-943,1216
2025-09-01 15:44:37.145750,-49.335,-50.115,-24.57,-61.23,-38.22,-32.175000000000004,-32.565,-16.77,3,89,-937,1280
2025-09-01 15:44:37.155000,-61.620000000000005,-59.475,-25.545,-63.57,-48.165,-33.15,-35.88,-19.305,13,83,-933,1280
2025-09-01 15:44:37.156375,-55.38,-63.375,-37.83,-60.255,-46.215,-42.315000000000005,-38.805,-25.545,7,82,-938,1152
2025-09-01 15:44:37.157750,-53.04,-59.28,-46.605,-55.965,-48.165,-43.875,-48.555,-31.005000000000003,6,85,-941,1280
2025-09-01 15:44:37.159125,-58.695,-69.42,-55.77,-70.785,-52.065000000000005,-50.7,-57.915,-44.07,6,85,-941,1280
2025-09-01 15:44:37.160500,-54.6,-70.395,-40.56,-64.935,-49.335,-45.24,-40.365,-18.72,8,82,-945,1216
2025-09-01 15:44:37.161875,-53.82,-64.35000000000001,-41.145,-64.545,-46.995000000000005,-41.73,-45.24,-25.35,5,81,-939,1280
2025-09-01 15:44:37.163250,-56.745000000000005,-73.32000000000001,-39.78,-66.69,-47.190000000000005,-45.825,-46.41,-31.395,9,79,-944,1216
2025-09-01 15:44:37.166000,-52.065000000000005,-62.595,-37.635,-57.330000000000005,-45.63,-37.83,-42.120000000000005,-22.815,10,83,-944,1216
2025-09-01 15:44:37.169250,-42.315000000000005,-51.675,-21.645,-46.8,-26.715,-29.055,-28.86,-9.36,10,83,-944,1216
2025-09-01 15:44:37.172500,-39.585,-53.235,-27.495,-53.82,-22.62,-40.56,-32.76,-21.645,0,84,-939,1280
2025-09-01 15:44:37.175750,-58.89,-67.47,-40.17,-66.3,-46.605,-42.51,-41.34,-24.765,5,83,-947,1280
2025-09-01 15:44:37.179000,-58.695,-57.135000000000005,-23.595,-59.865,-34.905,-29.055,-33.54,-10.335,7,82,-945,1280
2025-09-01 15:44:37.182250,-47.775,-54.015,-32.76,-54.6,-28.665000000000003,-38.415,-46.02,-24.18,8,81,-944,1280
2025-09-01 15:44:37.185500,-63.18,-64.155,-41.145,-62.205000000000005,-44.07,-48.945,-49.335,-37.05,8,81,-944,1280
2025-09-01 15:44:37.192000,-60.645,-57.135000000000005,-33.345,-57.135000000000005,-35.88,-37.05,-34.71,-20.475,13,86,-955,1280
2025-09-01 15:44:37.195000,-37.635,-45.045,-33.54,-46.215,-25.35,-24.765,-35.295,-17.55,12,86,-935,1216
2025-09-01 15:44:37.198000,-45.24,-51.285,-35.88,-54.6,-34.32,-36.855,-40.56,-22.23,8,86,-940,1216
2025-09-01 15:44:37.201000,-41.535,-47.58,-27.69,-46.02,-31.59,-27.885,-37.635,-9.165,4,85,-944,1280
2025-09-01 15:44:37.204000,-33.15,-42.315000000000005,-13.65,-33.54,-16.965,-16.38,-15.795,3.705,4,85,-944,1280
2025-09-01 15:44:37.207000,-37.44,-38.805,-11.31,-44.265,-23.4,-13.65,-19.695,-5.265000000000001,6,80,-942,1280
2025-09-01 15:44:37.210000,-50.895,-56.940000000000005,-23.01,-58.5,-41.73,-25.545,-21.255,-7.800000000000001,6,83,-948,1280
2025-09-01 15:44:37.216000,-50.115,-50.895,-28.665000000000003,-52.845,-34.125,-22.23,-42.705,-15.99,7,82,-949,1216
2025-09-01 15:44:37.216000,-47.190000000000005,-56.940000000000005,-35.685,-50.505,-33.345,-34.905,-46.605,-26.130000000000003,8,83,-948,1280
2025-09-01 15:44:37.216000,-59.28,-68.44500000000001,-40.17,-63.96,-47.385000000000005,-40.755,-47.385000000000005,-26.325,8,83,-948,1024
2025-09-01 15:44:37.216000,-53.235,-62.79,-28.08,-50.115,-33.735,-35.685,-32.76,-11.895,8,82,-953,1216
2025-09-01 15:44:37.216000,-35.685,-43.485,-19.695,-36.66,-20.67,-20.085,-31.59,-11.895,6,85,-948,1280
2025-09-01 15:44:37.216000,-51.285,-56.55,-31.98,-51.675,-42.51,-31.395,-32.565,-16.965,2,84,-949,1216
2025-09-01 15:44:37.216000,-44.07,-52.260000000000005,-32.565,-42.120000000000005,-31.005000000000003,-30.42,-40.17,-17.55,2,83,-950,1280
2025-09-01 15:44:37.216000,-37.44,-38.025,-26.715,-32.565,-19.11,-26.130000000000003,-32.175000000000004,-15.405,2,83,-950,1216
2025-09-01 15:44:37.218375,-46.02,-44.655,-26.52,-45.63,-23.01,-31.200000000000003,-40.56,-24.96,3,84,-942,1216
2025-09-01 15:44:37.220750,-59.865,-71.37,-39.195,-57.525,-42.705,-44.265,-41.34,-30.03,6,85,-946,1216
2025-09-01 15:44:37.223125,-55.38,-59.67,-32.370000000000005,-49.335,-25.74,-26.715,-40.755,-17.55,2,87,-949,1216
2025-09-01 15:44:37.225500,-39.585,-48.36,-19.695,-37.83,-18.915,-17.55,-23.985,-11.31,0,83,-938,1280
2025-09-01 15:44:37.227875,-50.31,-60.255,-31.395,-49.14,-33.54,-32.76,-40.95,-29.055,1,85,-943,1216
2025-09-01 15:44:37.230250,-53.04,-54.6,-19.305,-48.75,-33.345,-22.815,-25.545,-15.015,-2,82,-944,1280
2025-09-01 15:44:37.235000,-39.0,-42.705,-19.695,-40.365,-20.865,-15.6,-23.4,-4.095,-3,82,-944,1216
2025-09-01 15:44:37.238750,-48.945,-46.995000000000005,-26.325,-59.67,-30.225,-25.935,-31.200000000000003,-17.16,-3,84,-954,1216
2025-09-01 15:44:37.242500,-62.010000000000005,-61.23,-43.68,-56.940000000000005,-36.855,-32.76,-42.9,-23.79,6,83,-963,1152
2025-09-01 15:44:37.246250,-51.675,-52.845,-32.955,-48.555,-24.765,-27.885,-43.485,-19.11,3,84,-954,1280
2025-09-01 15:44:37.250000,-44.85,-51.48,-29.64,-48.75,-32.175000000000004,-20.865,-29.64,-19.5,1,81,-951,1216
2025-09-01 15:44:37.253750,-56.940000000000005,-58.89,-31.200000000000003,-55.965,-38.22,-34.71,-38.805,-24.57,4,80,-950,1152
2025-09-01 15:44:37.257500,-48.75,-58.305,-31.005000000000003,-49.92,-24.57,-28.275,-40.17,-21.45,4,80,-950,1152
2025-09-01 15:44:37.265000,-42.51,-45.63,-23.4,-44.07,-21.645,-25.935,-39.39,-23.595,2,79,-939,1280
2025-09-01 15:44:37.265000,-47.97,-54.015,-21.84,-47.190000000000005,-24.57,-33.15,-42.51,-26.325,0,80,-944,1216
2025-09-01 15:44:37.265000,-35.685,-52.260000000000005,-11.115,-37.635,-13.26,-21.84,-23.01,-14.04,3,78,-948,1216
2025-09-01 15:44:37.265000,-35.49,-44.85,-6.24,-35.49,-10.725,-16.38,-15.99,-2.145,0,81,-946,1280
2025-09-01 15:44:37.265000,-46.995000000000005,-46.995000000000005,-23.01,-52.065000000000005,-21.45,-24.96,-40.17,-22.815,0,81,-946,1280
2025-09-01 15:44:37.265000,-63.96,-70.98,-30.81,-62.400000000000006,-42.705,-29.835,-39.78,-21.255,-5,86,-949,1216
2025-09-01 15:44:37.265000,-62.79,-63.18,-23.01,-67.08,-35.1,-17.355,-20.475,-2.535,-3,85,-949,1280
2025-09-01 15:44:37.265000,-47.775,-62.205000000000005,-31.005000000000003,-39.78,-26.325,-22.035,-39.195,-14.82,-3,86,-951,1216
2025-09-01 15:44:37.266750,-57.330000000000005,-66.3,-47.775,-56.940000000000005,-38.61,-35.1,-62.205000000000005,-31.59,-4,86,-961,1216
2025-09-01 15:44:37.268500,-56.55,-62.79,-36.855,-49.92,-35.295,-21.645,-37.44,-16.38,-4,86,-961,1216
2025-09-01 15:44:37.270250,-41.34,-50.115,-24.57,-38.025,-19.89,-11.115,-30.42,-9.36,-5,78,-951,1216
2025-09-01 15:44:37.272000,-51.285,-57.915,-37.635,-50.31,-32.370000000000005,-26.715,-45.045,-16.575,-3,81,-949,1216
2025-09-01 15:44:37.273750,-51.285,-52.260000000000005,-33.345,-50.895,-31.785,-15.795,-37.635,-19.11,0,87,-950,1216
2025-09-01 15:44:37.275500,-33.54,-34.32,-26.715,-29.835,-14.235,-11.115,-22.035,-8.385,-3,84,-953,1280
2025-09-01 15:44:37.279000,-35.1,-39.975,-22.62,-34.515,-20.865,-17.355,-32.76,-14.625,-3,84,-953,1280
2025-09-01 15:44:37.283375,-52.65,-60.645,-35.295,-54.21,-40.56,-26.52,-41.535,-23.01,1,89,-948,1280
2025-09-01 15:44:37.287750,-63.96,-64.35000000000001,-25.155,-74.10000000000001,-44.655,-24.375,-37.44,-20.67,0,87,-948,1280
2025-09-01 15:44:37.292125,-59.085,-64.155,-37.05,-56.745000000000005,-43.485,-32.175000000000004,-50.31,-31.395,1,83,-948,1280
2025-09-01 15:44:37.296500,-54.99,-64.935,-46.02,-57.72,-41.145,-35.685,-56.55,-32.175000000000004,5,85,-950,1280
2025-09-01 15:44:37.300875,-64.35000000000001,-65.91,-42.705,-58.305,-44.265,-24.765,-41.535,-21.06,5,85,-950,1280
2025-09-01 15:44:37.305250,-37.05,-49.14,-23.985,-32.175000000000004,-19.305,-9.75,-37.245000000000005,-14.43,9,83,-958,1280
2025-09-01 15:44:37.314000,-46.215,-52.065000000000005,-35.295,-44.46,-29.445,-21.84,-40.365,-16.575,2,85,-954,1216
2025-09-01 15:44:37.314000,-39.78,-45.63,-31.59,-34.125,-16.575,-21.06,-36.855,-12.285,0,82,-950,1216
2025-09-01 15:44:37.314000,-27.495,-38.61,-20.28,-27.495,-6.63,-12.675,-29.25,-7.995,2,84,-950,1152
2025-09-01 15:44:37.314000,-36.075,-33.54,-26.91,-39.39,-17.16,-21.84,-37.83,-17.16,2,84,-950,1152
2025-09-01 15:44:37.314000,-51.675,-54.21,-36.66,-57.135000000000005,-34.125,-25.935,-40.755,-22.62,0,83,-944,1280
2025-09-01 15:44:37.314000,-45.825,-51.48,-33.54,-53.625,-25.35,-21.84,-38.61,-20.28,2,84,-949,1216
2025-09-01 15:44:37.314000,-56.16,-56.940000000000005,-35.88,-53.43,-30.615,-29.055,-36.66,-22.62,3,85,-950,1216
2025-09-01 15:44:37.314000,-58.695,-66.495,-36.855,-57.72,-37.245000000000005,-32.175000000000004,-36.855,-26.325,3,88,-949,1216
2025-09-01 15:44:37.315375,-51.870000000000005,-47.97,-33.345,-48.75,-19.89,-19.305,-25.935,-16.185000000000002,3,88,-949,1216
2025-09-01 15:44:37.316750,-36.66,-39.585,-22.035,-38.025,-12.285,-10.14,-27.105,-13.65,4,91,-953,1280
2025-09-01 15:44:37.318125,-47.97,-50.7,-30.225,-45.24,-24.96,-16.185000000000002,-28.86,-16.965,3,85,-951,1280
2025-09-01 15:44:37.319500,-38.22,-40.95,-27.495,-40.95,-25.74,-11.31,-25.74,-12.09,3,85,-947,1216
2025-09-01 15:44:37.320875,-27.495,-31.785,-20.085,-30.225,-5.8500000000000005,-5.07,-24.765,-7.800000000000001,2,84,-948,1216
2025-09-01 15:44:37.322250,-34.905,-42.705,-16.575,-38.415,-17.745,-13.455,-18.525,-8.58,2,84,-948,1216
2025-09-01 15:44:37.325000,-48.75,-55.575,-26.52,-53.235,-28.08,-25.74,-33.345,-26.325,4,83,-950,1280
2025-09-01 15:44:37.330000,-49.335,-43.095,-19.695,-43.29,-22.815,-16.38,-26.715,-13.065,-1,84,-947,1280
2025-09-01 15:44:37.335000,-26.130000000000003,-31.200000000000003,-8.58,-27.885,-6.63,4.485,-12.285,24.18,-2,88,-948,1280
2025-09-01 15:44:37.340000,-37.44,-40.95,-24.18,-38.61,-19.305,-12.87,-24.765,7.41,-2,87,-954,1216
2025-09-01 15:44:37.345000,-37.44,-39.0,-30.03,-38.61,-27.495,-20.865,-26.130000000000003,8.19,-1,85,-950,1216
2025-09-01 15:44:37.350000,-42.9,-48.555,-40.56,-41.925,-30.42,-32.955,-47.58,-3.51,-4,87,-950,1216
2025-09-01 15:44:37.355000,-44.46,-52.260000000000005,-29.055,-42.51,-32.955,-25.35,-29.64,5.265000000000001,1,89,-946,1216
2025-09-01 15:44:37.365000,-47.190000000000005,-48.945,-19.5,-39.195,-32.565,-21.06,-19.695,14.82,1,89,-946,1216
2025-09-01 15:44:37.371250,-35.88,-38.61,-16.77,-30.81,-17.94,-14.625,-23.4,9.75,-3,86,-936,1152
2025-09-01 15:44:37.377500,-44.85,-45.435,-35.1,-45.24,-32.370000000000005,-27.3,-40.17,-2.535,1,88,-943,1280
2025-09-01 15:44:37.383750,-38.025,-42.9,-18.915,-33.15,-20.475,-12.87,-23.4,15.405,3,87,-943,1216
2025-09-01 15:44:37.390000,-43.095,-40.17,-7.605,-39.0,-17.355,-6.045,-11.115,24.57,2,89,-943,1216
2025-09-01 15:44:37.396250,-42.315000000000005,-42.315000000000005,-17.16,-38.805,-17.94,-14.04,-19.89,14.04,2,89,-943,1216
2025-09-01 15:44:37.402500,-51.285,-48.945,-22.425,-51.48,-29.835,-16.185000000000002,-16.38,15.21,2,89,-953,1216
2025-09-01 15:44:37.415000,-41.925,-38.805,-16.185000000000002,-38.61,-20.67,-11.31,-11.115,15.015,6,89,-943,1216
2025-09-01 15:44:37.417625,-41.73,-47.385000000000005,-16.185000000000002,-43.875,-22.23,-12.285,-19.5,8.775,7,89,-949,1216
2025-09-01 15:44:37.420250,-54.405,-56.940000000000005,-22.035,-50.505,-29.445,-23.01,-11.7,0.0,5,88,-947,1216
2025-09-01 15:44:37.422875,-46.605,-48.555,-21.84,-39.39,-25.935,-8.19,-9.945,11.115,5,88,-947,1216
2025-09-01 15:44:37.425500,-29.64,-37.635,-7.215,-25.935,-14.82,-7.41,-5.655,18.72,0,84,-945,1216
2025-09-01 15:44:37.428125,-34.125,-44.07,-10.92,-26.715,-13.065,-11.895,-10.725,9.75,-4,87,-942,1280
2025-09-01 15:44:37.430750,-26.715,-30.42,-6.045,-30.225,-17.355,-4.875,-13.65,15.015,-2,88,-944,1216
2025-09-01 15:44:37.436000,-28.86,-34.905,-2.535,-25.545,-8.58,0.195,-9.75,17.55,1,88,-945,1216
2025-09-01 15:44:37.439500,-32.175000000000004,-45.24,-3.51,-30.03,-19.89,-7.605,-8.97,7.605,1,88,-945,1216
2025-09-01 15:44:37.443000,-47.58,-51.48,-19.89,-50.505,-33.735,-22.62,-18.915,-6.045,3,90,-944,1216
2025-09-01 15:44:37.446500,-49.14,-50.505,-15.6,-37.245000000000005,-26.130000000000003,-14.625,-11.7,2.9250000000000003,3,90,-944,1216
2025-09-01 15:44:37.450000,-31.395,-29.64,-3.315,-25.545,-10.725,-5.8500000000000005,-9.945,-3.315,1,87,-940,1216
2025-09-01 15:44:37.453500,-39.39,-46.215,-13.65,-31.005000000000003,-26.130000000000003,-15.795,-19.695,-9.165,0,85,-939,1280
2025-09-01 15:44:37.457000,-31.59,-37.635,-15.21,-25.155,-11.115,-11.895,-10.14,4.485,2,88,-941,1216
2025-09-01 15:44:37.464000,-20.67,-21.645,-2.73,-15.6,1.755,-4.485,6.045,14.04,3,85,-947,1152
2025-09-01 15:44:37.466125,-31.200000000000003,-31.59,-10.53,-25.155,-10.92,-7.800000000000001,-0.975,-6.825,3,85,-947,1152
2025-09-01 15:44:37.468250,-33.735,-36.66,-17.94,-29.055,-10.14,-11.895,-16.575,-1.95,-3,88,-941,1280
2025-09-01 15:44:37.470375,-28.665000000000003,-36.465,-5.46,-16.965,-11.7,2.145,-4.29,4.68,-4,83,-946,1216
2025-09-01 15:44:37.472500,-27.885,-37.05,-8.97,-18.72,-10.53,1.17,-7.0200000000000005,0.0,0,88,-948,1216
2025-09-01 15:44:37.474625,-34.515,-43.485,-21.645,-29.055,-16.575,-14.43,-17.16,-15.795,3,85,-951,1280
2025-09-01 15:44:37.476750,-32.76,-31.98,-9.75,-21.255,-11.505,0.585,-7.41,4.68,3,85,-951,1280
2025-09-01 15:44:37.481000,-16.185000000000002,-20.475,6.825,-14.43,0.78,16.185000000000002,10.53,13.845,12,83,-941,1280
2025-09-01 15:44:37.485250,-28.86,-28.86,-8.97,-21.255,-12.285,5.655,-6.4350000000000005,-7.800000000000001,4,91,-930,1216
2025-09-01 15:44:37.489500,-44.655,-48.945,-25.545,-36.27,-18.135,-17.94,-19.5,-12.48,4,88,-945,1216
2025-09-01 15:44:37.493750,-27.105,-24.96,-8.58,-20.28,-4.095,1.755,-3.9,-9.945,5,87,-951,1216
2025-09-01 15:44:37.498000,-29.055,-39.39,-18.915,-28.47,-11.115,-10.725,-17.94,-16.185000000000002,-1,86,-943,1280
2025-09-01 15:44:37.502250,-32.76,-35.685,-8.775,-24.18,-9.75,-3.705,-8.97,-12.285,1,86,-947,1152
2025-09-01 15:44:37.506500,-21.45,-24.765,4.875,-15.6,-0.195,7.41,3.51,-2.535,5,85,-950,1216
2025-09-01 15:44:37.515000,-21.06,-27.69,-1.95,-15.99,-8.19,-0.78,-6.825,-15.99,5,85,-950,1280
2025-09-01 15:44:37.515000,-44.265,-56.940000000000005,-19.89,-35.88,-24.96,-13.26,-18.72,-15.6,2,89,-928,1280
2025-09-01 15:44:37.515000,-36.465,-45.435,-9.945,-23.595,-17.355,-6.63,-7.800000000000001,-9.75,7,96,-940,1280
2025-09-01 15:44:37.515000,-40.17,-45.435,-14.235,-29.055,-21.645,-7.605,-14.625,-20.085,3,92,-941,1280
2025-09-01 15:44:37.515000,-56.355,-60.255,-27.495,-43.875,-36.075,-14.04,-19.89,-28.275,1,89,-945,1280
2025-09-01 15:44:37.515000,-36.27,-48.945,-15.21,-29.64,-15.99,-5.655,-3.9,-15.795,1,89,-945,1216
2025-09-01 15:44:37.515000,-14.82,-25.545,-5.655,-7.995,-1.56,1.755,10.14,-6.4350000000000005,0,91,-940,1216
2025-09-01 15:44:37.515000,-19.11,-26.52,-17.745,-16.575,-7.215,-9.165,-24.57,-25.35,-1,87,-936,1280
2025-09-01 15:44:37.516625,-18.135,-27.3,-3.51,-16.38,-7.800000000000001,-5.655,-2.34,-8.19,0,89,-941,1216
2025-09-01 15:44:37.518250,-12.87,-19.89,10.92,-15.99,-3.705,7.41,22.035,8.19,0,88,-943,1280
2025-09-01 15:44:37.519875,-21.06,-26.52,-2.145,-23.985,-9.75,-1.755,-8.97,-15.795,4,88,-943,1216
2025-09-01 15:44:37.521500,-22.815,-36.27,-15.015,-20.475,-10.92,-7.800000000000001,-14.04,-15.795,4,85,-946,1216
2025-09-01 15:44:37.523125,-17.745,-20.865,-6.24,-15.21,-4.095,2.535,-9.36,-9.75,6,90,-950,1216
2025-09-01 15:44:37.524750,-20.865,-27.885,-15.99,-26.52,-16.185000000000002,-8.58,-15.015,-27.105,4,87,-953,1216
2025-09-01 15:44:37.528000,-38.805,-42.705,-26.91,-36.075,-21.06,-16.965,-24.375,-30.615,3,87,-951,1280
2025-09-01 15:44:37.532750,-35.295,-38.805,-19.11,-32.175000000000004,-15.405,-7.41,-16.965,-23.4,5,91,-955,1152
2025-09-01 15:44:37.537500,-1.95,-9.75,13.26,2.34,6.4350000000000005,18.33,9.555,-2.34,7,84,-942,1280
2025-09-01 15:44:37.542250,-11.895,-13.065,7.41,-4.875,2.34,11.31,8.97,-9.165,4,84,-950,1216
2025-09-01 15:44:37.547000,-26.91,-31.785,-12.675,-22.62,-15.015,0.195,-9.75,-19.5,4,84,-950,1216
2025-09-01 15:44:37.551750,-18.135,-25.35,-5.655,-9.945,-3.315,7.995,-13.65,-15.405,1,88,-948,1216
2025-09-01 15:44:37.556500,-20.085,-26.325,-8.775,-16.77,-14.04,-0.585,-6.4350000000000005,-21.645,5,91,-945,1216
2025-09-01 15:44:37.566000,-35.295,-34.125,-8.97,-23.01,-15.21,-8.58,-10.725,-32.175000000000004,2,88,-951,1216
2025-09-01 15:44:37.566000,-31.005000000000003,-37.635,-6.4350000000000005,-15.6,-15.99,-7.215,-3.51,-18.33,3,85,-958,1216
2025-09-01 15:44:37.566000,-28.47,-26.715,-17.94,-14.625,-5.8500000000000005,-8.58,-8.775,-32.955,0,84,-948,1280
2025-09-01 15:44:37.566000,-19.89,-22.23,-7.41,-22.425,-2.73,-0.585,-5.07,-26.91,3,88,-949,1216
2025-09-01 15:44:37.566000,-26.325,-30.615,-7.995,-22.23,-14.82,-6.63,-0.39,-26.52,3,87,-946,1216
2025-09-01 15:44:37.566000,-28.47,-43.485,-15.015,-23.79,-16.185000000000002,-11.505,-7.800000000000001,-37.05,2,88,-948,1216
2025-09-01 15:44:37.566000,-20.865,-36.465,-17.355,-14.625,-7.0200000000000005,-7.0200000000000005,-19.89,-33.15,2,86,-948,1216
2025-09-01 15:44:37.566000,-16.77,-25.155,-7.995,-21.84,-14.82,-0.78,-4.095,-20.865,2,86,-948,1216
2025-09-01 15:44:37.567125,-30.81,-40.95,-5.46,-26.52,-15.015,2.535,-3.315,-21.84,1,83,-945,1216
2025-09-01 15:44:37.568250,-19.89,-30.03,-4.68,-18.525,-2.34,5.07,0.0,-18.525,-1,86,-948,1280
2025-09-01 15:44:37.569375,-18.135,-30.615,-20.865,-22.62,-14.82,-11.31,-13.65,-33.93,1,86,-950,1280
2025-09-01 15:44:37.570500,-26.715,-32.955,-9.555,-22.62,-9.555,-1.365,-1.17,-26.91,-1,86,-952,1216
2025-09-01 15:44:37.571625,-5.8500000000000005,-17.355,0.975,-4.095,3.315,7.215,9.165,-18.72,-1,86,-952,1216
2025-09-01 15:44:37.572750,-12.675,-29.445,-3.12,-16.185000000000002,-5.265000000000001,-0.195,3.315,-19.305,6,81,-947,1216
2025-09-01 15:44:37.575000,-13.26,-21.84,4.875,-9.945,0.975,6.825,7.0200000000000005,-13.65,4,84,-945,1216
2025-09-01 15:44:37.580000,-4.095,-18.915,8.19,-3.9,10.53,7.215,18.72,-4.875,9,84,-946,1152
2025-09-01 15:44:37.585000,-32.565,-34.515,-7.41,-26.325,-14.04,4.68,9.165,-15.015,10,85,-949,1216
2025-09-01 15:44:37.590000,-8.19,-16.965,0.195,-16.38,-2.535,16.38,7.995,-0.585,10,85,-949,1216
2025-09-01 15:44:37.595000,-19.11,-23.01,-4.875,-16.77,2.34,5.8500000000000005,8.97,-11.115,10,82,-942,1216
2025-09-01 15:44:37.600000,-4.68,-16.38,-3.705,1.95,10.14,5.46,13.065,-3.705,6,88,-945,1216
2025-09-01 15:44:37.605000,-3.51,-8.97,-2.145,9.555,12.48,15.405,3.705,-5.8500000000000005,3,86,-948,1216
2025-09-01 15:44:37.615000,-0.585,-14.82,2.73,3.315,5.265000000000001,17.16,13.65,-7.605,4,86,-948,1280
2025-09-01 15:44:37.615000,-15.99,-23.595,-11.115,-16.575,-2.535,1.755,0.195,-14.04,4,86,-948,1280
2025-09-01 15:44:37.615000,-16.965,-33.735,-16.77,-21.84,-5.655,-7.800000000000001,-9.555,-25.545,2,84,-947,1152
2025-09-01 15:44:37.615000,-12.285,-23.79,-5.655,-12.09,-0.975,0.585,-1.56,-13.845,3,82,-946,1280
2025-09-01 15:44:37.615000,4.68,-6.825,7.995,3.9,9.165,8.775,14.82,-3.51,3,82,-946,1280
2025-09-01 15:44:37.615000,-4.485,-16.38,-4.485,-3.315,-2.34,5.655,2.145,-12.87,5,84,-938,1280
2025-09-01 15:44:37.615000,-6.63,-16.575,6.4350000000000005,-4.875,2.34,9.945,14.04,-3.705,9,86,-943,1216
2025-09-01 15:44:37.615000,3.9,-7.605,11.115,5.46,13.26,14.235,16.965,4.68,4,85,-942,1152
2025-09-01 15:44:37.615250,-7.215,-18.525,-1.17,-18.33,-0.975,6.4350000000000005,-3.51,-14.04,3,85,-944,1280
2025-09-01 15:44:37.615500,-10.14,-24.96,-9.945,-12.09,-5.655,2.145,-3.51,-9.75,5,81,-944,1216
2025-09-01 15:44:37.615750,7.41,-15.99,0.78,4.485,11.505,14.04,10.14,-4.485,-2,85,-943,1216
2025-09-01 15:44:37.616000,18.72,-8.97,8.58,14.43,17.55,17.55,17.745,-1.56,0,83,-946,1152
2025-09-01 15:44:37.616250,14.82,-15.6,4.875,9.36,9.555,14.625,12.09,-12.09,-2,84,-945,1280
2025-09-01 15:44:37.616500,-7.995,-30.225,-13.065,-11.505,-3.12,0.975,2.73,-19.11,-2,84,-945,1280
2025-09-01 15:44:37.617000,2.145,-21.645,-9.165,-4.68,-2.145,13.455,5.8500000000000005,-12.285,4,94,-946,1152
2025-09-01 15:44:37.619750,3.12,-23.595,-7.995,-2.73,3.51,4.485,2.9250000000000003,-19.11,7,89,-946,1280
2025-09-01 15:44:37.622500,12.87,-9.165,1.755,3.705,13.455,17.94,21.255,0.78,4,85,-957,1280
2025-09-01 15:44:37.625250,18.525,-14.235,12.09,6.4350000000000005,15.99,13.65,28.08,-0.195,3,86,-955,1280
2025-09-01 15:44:37.628000,-5.655,-30.42,-11.505,-12.87,-7.41,-2.145,2.535,-24.18,3,86,-955,1280
2025-09-01 15:44:37.630750,5.07,-22.425,-1.56,-0.585,10.14,8.19,2.34,-12.675,1,85,-956,1216
2025-09-01 15:44:37.633500,2.9250000000000003,-17.94,-1.56,-8.385,3.12,8.19,-0.975,-19.11,6,83,-962,1216
2025-09-01 15:44:37.639000,-12.48,-39.585,-13.845,-25.155,-10.53,-4.875,-3.9,-28.08,1,82,-955,1280
2025-09-01 15:44:37.639375,-20.475,-43.095,-17.94,-25.155,-15.015,-4.68,-1.95,-27.105,-1,84,-953,1216
2025-09-01 15:44:37.639750,-13.065,-30.42,-8.19,-11.895,-8.775,4.29,0.195,-19.5,2,83,-948,1216
2025-09-01 15:44:37.640125,0.78,-10.92,-0.78,-2.34,9.36,12.675,11.115,-11.31,1,89,-949,1216
2025-09-01 15:44:37.640500,2.9250000000000003,-6.4350000000000005,0.585,-1.95,6.045,12.675,14.43,-12.285,5,85,-945,1216
2025-09-01 15:44:37.640875,-4.29,-17.745,-14.43,-3.705,-3.51,-0.585,-3.12,-30.225,3,85,-947,1216
2025-09-01 15:44:37.641250,0.0,-20.67,-19.5,-8.775,-0.195,0.39,-7.605,-20.085,4,86,-949,1216
2025-09-01 15:44:37.642000,7.995,-7.605,2.73,-2.145,7.0200000000000005,20.67,14.82,-3.705,4,86,-949,1216
2025-09-01 15:44:37.644875,1.95,-8.19,7.605,0.585,5.07,16.575,15.015,-11.115,-1,81,-950,1216
2025-09-01 15:44:37.647750,-12.285,-14.04,6.63,-8.385,-0.39,25.545,-0.585,-3.9,-2,84,-957,1216
2025-09-01 15:44:37.650625,-10.335,-5.655,-17.355,-67.86,-7.605,10.14,-22.425,-19.5,1,80,-967,1216
2025-09-01 15:44:37.653500,-75.075,-31.785,-41.145,-106.275,-40.365,-11.31,-60.45,-41.34,6,83,-958,1216
2025-09-01 15:44:37.656375,-24.57,-37.83,-46.8,-32.955,-24.765,-17.355,-158.145,-7.605,8,82,-955,1216
2025-09-01 15:44:37.659250,-86.385,-26.52,-48.36,-91.26,-33.15,-28.08,-53.625,-121.095,6,86,-954,1280
2025-09-01 15:44:37.665000,-83.655,-38.22,-31.98,-120.12,-44.85,4.095,-25.545,-27.495,6,86,-954,1280
2025-09-01 15:44:37.672625,-133.38,-41.73,-18.135,-220.155,-60.45,4.68,-28.665000000000003,-19.89,9,83,-944,1280
2025-09-01 15:44:37.680250,-75.27,-63.18,-21.45,-51.870000000000005,-54.405,-8.19,15.6,-26.52,5,81,-948,1216
2025-09-01 15:44:37.687875,-59.475,-51.285,-55.38,-24.375,-39.0,-27.69,-72.345,-61.425,5,81,-948,1216
2025-09-01 15:44:37.695500,14.43,-20.67,-37.83,39.0,-6.24,-15.405,-25.74,-47.97,7,80,-956,1216
2025-09-01 15:44:37.703125,-110.955,-58.89,-56.355,-197.925,-86.19,-39.195,-61.815000000000005,-56.55,7,80,-956,1216
2025-09-01 15:44:37.710750,-145.47,-94.575,-46.605,-134.35500000000002,-88.33500000000001,-20.085,-49.92,-39.585,8,75,-952,1280
2025-09-01 15:44:37.726000,-70.98,-49.92,-52.845,-132.99,-66.69,-34.125,-61.620000000000005,-47.97,10,78,-951,1216
2025-09-01 15:44:37.726625,-126.75,-68.83500000000001,-73.71000000000001,-267.345,-108.225,-40.755,-94.965,-65.91,14,81,-946,1216
2025-09-01 15:44:37.727250,-174.13500000000002,-153.07500000000002,-151.32,-219.57,-163.41,-114.075,-143.32500000000002,-144.495,8,88,-946,1216
2025-09-01 15:44:37.727875,-202.605,-170.82,-159.705,-309.46500000000003,-205.92,-120.705,-164.19,-144.3,8,88,-946,1216
2025-09-01 15:44:37.728500,-281.385,-202.41,-177.06,-388.245,-247.455,-137.475,-197.535,-162.04500000000002,9,81,-931,1280
2025-09-01 15:44:37.729125,-221.715,-170.625,-193.05,-336.96000000000004,-221.325,-143.715,-244.14,-181.545,10,82,-935,1152
2025-09-01 15:44:37.729750,-275.145,-201.045,-214.305,-409.695,-254.28,-166.14,-272.22,-207.285,8,79,-936,1280
2025-09-01 15:44:37.731000,-381.615,-243.36,-258.57,-561.99,-322.14,-205.335,-310.635,-248.43,6,84,-940,1280
2025-09-01 15:44:37.735125,-311.22,-243.945,-245.115,-391.56,-285.285,-192.465,-270.46500000000003,-231.66,6,84,-940,1280
2025-09-01 15:44:37.739250,-334.62,-273.58500000000004,-310.44,-468.39,-324.09000000000003,-257.79,-356.46000000000004,-306.54,4,82,-948,1216
2025-09-01 15:44:37.743375,-346.515,-272.805,-291.135,-495.495,-331.89,-235.17,-339.885,-276.90000000000003,5,83,-948,1280
2025-09-01 15:44:37.747500,-370.305,-288.21000000000004,-308.88,-521.82,-347.685,-256.62,-366.6,-298.35,5,83,-948,1280
2025-09-01 15:44:37.751625,-390.585,-296.79,-327.21000000000004,-546.78,-355.485,-261.495,-399.555,-304.59000000000003,11,79,-943,1152
2025-09-01 15:44:37.755750,-381.615,-294.645,-308.295,-528.255,-354.705,-252.135,-374.985,-297.18,8,81,-946,1216
2025-09-01 15:44:37.764000,-383.76,-299.52,-327.21000000000004,-549.9,-361.53,-266.76,-391.755,-314.14500000000004,6,83,-948,1216
2025-09-01 15:44:37.764125,-412.62,-329.16,-340.47,-562.1850000000001,-382.59,-281.77500000000003,-416.325,-326.625,6,85,-946,1216
2025-09-01 15:44:37.764250,-391.17,-318.24,-331.305,-553.995,-369.72,-268.90500000000003,-402.675,-317.265,6,85,-946,1216
2025-09-01 15:44:37.764375,-390.39,-312.58500000000004,-340.27500000000003,-556.725,-368.745,-281.19,-422.175,-335.01,5,92,-948,1216
2025-09-01 15:44:37.764500,-413.01,-337.935,-355.875,-589.095,-395.85,-295.815,-443.82,-350.61,4,90,-946,1216
2025-09-01 15:44:37.764625,-431.535,-340.665,-354.705,-587.9250000000001,-400.335,-295.035,-428.415,-341.055,4,93,-947,1216
2025-09-01 15:44:37.764750,-398.385,-310.44,-329.16,-548.9250000000001,-371.085,-271.44,-405.99,-321.75,0,90,-947,1280
2025-09-01 15:44:37.765000,-399.555,-316.095,-343.98,-561.015,-380.25,-276.315,-416.715,-331.5,0,90,-947,1280
2025-09-01 15:44:37.766250,-395.655,-305.76,-343.98,-551.655,-361.53,-271.83,-428.415,-334.23,0,85,-950,1280
2025-09-01 15:44:37.767500,-376.74,-290.94,-332.67,-530.595,-351.39,-266.955,-417.495,-325.065,-3,86,-951,1216
2025-09-01 15:44:37.768750,-388.635,-295.815,-328.185,-545.22,-359.385,-269.1,-406.77,-321.75,-2,87,-948,1280
2025-09-01 15:44:37.770000,-397.215,-306.345,-338.325,-544.245,-360.36,-272.02500000000003,-412.035,-324.48,-5,87,-949,1216
2025-09-01 15:44:37.771250,-376.74,-287.43,-317.07,-519.09,-343.98,-257.40000000000003,-379.86,-307.515,-5,87,-949,1216
2025-09-01 15:44:37.772500,-375.375,-291.135,-311.415,-523.38,-346.71000000000004,-259.74,-379.275,-303.81,-9,84,-957,1216
2025-09-01 15:44:37.775000,-381.42,-296.595,-320.77500000000003,-522.405,-345.93,-267.735,-397.41,-322.14,-6,87,-950,1088
2025-09-01 15:44:37.778000,-382.395,-296.01,-317.07,-515.385,-343.39500000000004,-260.325,-386.1,-308.49,-5,85,-947,1216
2025-09-01 15:44:37.781000,-309.66,-237.705,-253.89,-432.51,-274.755,-206.31,-314.14500000000004,-252.915,-11,92,-943,1216
2025-09-01 15:44:37.784000,-305.175,-241.605,-253.89,-429.585,-274.56,-210.21,-312.39,-257.205,-9,92,-946,1216
2025-09-01 15:44:37.787000,-316.875,-255.45,-268.32,-440.895,-281.97,-217.425,-322.725,-264.03000000000003,-7,91,-945,1216
2025-09-01 15:44:37.790000,-302.25,-239.265,-252.33,-412.035,-264.225,-202.02,-307.71000000000004,-248.235,-7,91,-945,1216
2025-09-01 15:44:37.793000,-286.065,-226.395,-235.755,-395.655,-251.55,-185.835,-285.285,-233.415,-12,93,-951,1216
2025-09-01 15:44:37.799000,-285.285,-226.005,-231.075,-393.9,-250.185,-180.96,-271.44,-233.805,-8,89,-947,1216
2025-09-01 15:44:37.801000,-276.12,-215.085,-235.95,-367.965,-237.705,-183.69,-279.045,-231.855,-10,89,-949,1280
2025-09-01 15:44:37.803000,-249.015,-193.83,-212.94,-343.59000000000003,-216.645,-167.895,-248.625,-211.575,-10,88,-948,1216
2025-09-01 15:44:37.805000,-243.36,-196.365,-210.21,-336.375,-209.82,-164.58,-248.625,-213.135,-10,88,-948,1216
2025-09-01 15:44:37.807000,-226.005,-180.57,-193.635,-311.02500000000003,-190.515,-150.54,-228.54,-193.83,-14,84,-947,1280
2025-09-01 15:44:37.809000,-195.39,-152.49,-169.455,-276.705,-163.215,-130.065,-203.775,-165.36,-17,85,-953,1152
2025-09-01 15:44:37.811000,-194.22,-151.125,-156.585,-268.125,-167.31,-117.0,-183.885,-155.805,-14,88,-952,1216
2025-09-01 15:44:37.815000,-190.71,-159.315,-164.97,-264.81,-173.35500000000002,-123.045,-181.935,-161.85,-10,86,-950,1216
2025-09-01 15:44:37.815500,-175.11,-141.96,-146.445,-247.065,-152.1,-111.54,-169.65,-150.345,-10,86,-950,1216
2025-09-01 15:44:37.816000,-154.63500000000002,-128.70000000000002,-133.185,-224.055,-131.235,-101.79,-152.88,-139.035,-13,89,-937,1280
2025-09-01 15:44:37.816500,-153.27,-129.48000000000002,-136.695,-216.645,-129.675,-105.69,-155.22,-146.25,-5,91,-938,1216
2025-09-01 15:44:37.817000,-144.3,-123.045,-129.675,-203.58,-116.22,-89.7,-138.645,-127.92,-9,89,-943,1280
2025-09-01 15:44:37.817500,-125.775,-105.885,-103.35,-179.4,-106.275,-74.685,-126.945,-117.0,-11,87,-945,1216
2025-09-01 15:44:37.818000,-113.88,-99.06,-98.865,-163.995,-87.75,-62.985,-117.39,-112.515,-11,87,-945,1216
2025-09-01 15:44:37.819000,-99.06,-83.07000000000001,-84.63000000000001,-144.3,-70.785,-51.675,-100.23,-104.91,-5,84,-953,1280
2025-09-01 15:44:37.822500,-76.245,-64.35000000000001,-69.42,-125.19,-52.455,-36.075,-82.68,-82.875,-10,85,-946,1280
2025-09-01 15:44:37.826000,-69.61500000000001,-60.645,-70.98,-114.66,-48.36,-37.05,-86.58,-86.775,-9,89,-947,1280
2025-09-01 15:44:37.829500,-84.63000000000001,-79.56,-81.12,-126.945,-62.79,-50.505,-88.33500000000001,-84.435,-8,87,-946,1280
2025-09-01 15:44:37.833000,-63.57,-63.96,-62.010000000000005,-105.885,-45.63,-27.495,-74.685,-72.54,-8,87,-946,1280
2025-09-01 15:44:37.836500,-58.89,-60.06,-62.205000000000005,-99.45,-38.22,-33.735,-71.76,-75.27,-14,91,-952,1216
2025-09-01 15:44:37.840000,-59.865,-58.5,-67.665,-90.675,-37.635,-33.54,-64.155,-72.93,-8,85,-959,1216
2025-09-01 15:44:37.847000,-54.6,-58.11,-55.38,-80.145,-27.3,-16.965,-49.335,-62.010000000000005,-7,88,-952,1216
2025-09-01 15:44:37.847000,-31.59,-37.83,-37.635,-61.23,-17.745,-7.605,-40.95,-45.045,-5,86,-955,1216
2025-09-01 15:44:37.847000,54.21,34.905,20.865,58.11,58.89,43.68,41.535,3.51,10,89,-952,1216
2025-09-01 15:44:37.847000,49.14,35.295,31.005000000000003,64.155,65.325,50.895,50.7,15.21,10,89,-949,1280
2025-09-01 15:44:37.847000,70.395,54.6,45.24,80.535,87.165,65.91,73.32000000000001,34.515,9,90,-949,1152
2025-09-01 15:44:37.847000,65.325,45.435,43.68,75.27,78.39,60.06,70.785,30.81,9,90,-949,1152
2025-09-01 15:44:37.847000,67.08,50.895,43.095,80.145,89.50500000000001,62.010000000000005,68.64,26.715,13,88,-950,1216
2025-09-01 15:44:37.847000,73.515,64.155,63.765,92.43,95.94,72.15,82.29,42.120000000000005,13,87,-939,1216
2025-09-01 15:44:37.849375,83.07000000000001,70.005,61.620000000000005,92.43,92.04,71.175,75.465,38.22,12,86,-946,1216
2025-09-01 15:44:37.851750,68.055,53.235,48.945,85.215,86.19,66.495,76.44,30.42,13,80,-949,1280
2025-09-01 15:44:37.854125,80.73,63.57,61.815000000000005,97.5,96.915,77.025,99.645,45.435,13,80,-949,1280
2025-09-01 15:44:37.856500,80.535,69.03,53.82,100.035,92.04,71.76,77.025,33.735,14,75,-946,1280
2025-09-01 15:44:37.858875,70.59,56.940000000000005,52.65,93.015,84.825,69.61500000000001,69.81,32.175000000000004,13,86,-945,1280
2025-09-01 15:44:37.861250,70.005,59.865,53.04,95.355,90.87,68.25,67.08,36.075,12,90,-948,1216
2025-09-01 15:44:37.866000,91.26,78.0,67.275,114.855,106.47,81.12,99.45,48.945,12,90,-949,1216
2025-09-01 15:44:37.868000,85.215,72.735,68.64,109.005,101.985,70.005,100.425,51.09,12,90,-949,1472
2025-09-01 15:44:37.870000,86.58,70.59,71.175,110.37,101.4,73.125,99.06,54.99,9,89,-954,1280
2025-09-01 15:44:37.872000,96.525,81.315,74.295,126.555,115.245,78.39,110.37,63.375,7,86,-949,1216
2025-09-01 15:44:37.874000,95.16,83.265,82.875,129.87,111.54,79.56,107.055,62.400000000000006,5,84,-951,1152
2025-09-01 15:44:37.876000,79.75500000000001,69.61500000000001,58.305,120.705,96.525,58.305,97.11,41.73,11,88,-952,1216
2025-09-01 15:44:37.878000,87.165,74.49000000000001,62.205000000000005,115.05,97.305,69.42,93.99,50.505,11,88,-952,1216
2025-09-01 15:44:37.882000,96.135,75.27,68.83500000000001,119.925,100.425,71.175,97.11,55.38,13,87,-946,1216
2025-09-01 15:44:37.883000,86.97,71.175,58.89,111.15,96.135,61.620000000000005,93.015,43.875,10,92,-953,1216
2025-09-01 15:44:37.884000,82.485,62.400000000000006,57.915,116.415,94.185,70.2,96.72,54.99,4,92,-952,1216
2025-09-01 15:44:37.885000,99.45,89.50500000000001,84.825,135.525,111.345,93.795,116.025,76.83,7,86,-951,1216
2025-09-01 15:44:37.886000,101.4,85.215,76.05,134.745,110.76,81.12,113.295,65.325,7,86,-951,1280
2025-09-01 15:44:37.887000,98.475,85.995,73.905,138.06,111.54,83.265,117.78,66.105,8,86,-952,1280
2025-09-01 15:44:37.888000,113.685,95.94,88.33500000000001,154.44,125.58,100.62,126.945,84.825,9,85,-952,1216
2025-09-01 15:44:37.890000,113.1,98.28,88.33500000000001,142.155,119.925,98.865,125.58,75.27,5,86,-951,1216
2025-09-01 15:44:37.892875,90.675,75.855,68.44500000000001,139.815,107.835,76.44,108.42,64.74000000000001,1,85,-953,1216
2025-09-01 15:44:37.895750,116.61,104.715,103.935,157.56,131.235,105.495,141.375,89.31,3,74,-943,1280
2025-09-01 15:44:37.898625,122.07,102.375,112.125,165.555,131.43,109.395,138.255,93.21,2,79,-948,1216
2025-09-01 15:44:37.901500,102.96,82.485,90.285,143.52,106.47,93.405,120.9,72.93,5,82,-944,1216
2025-09-01 15:44:37.904375,114.27,92.235,97.305,156.195,121.875,93.6,128.115,81.12,6,84,-943,1280
2025-09-01 15:44:37.907250,114.27,94.185,92.82,156.0,124.605,88.92,127.53,80.535,6,84,-943,1280
2025-09-01 15:44:37.913000,89.7,65.91,77.025,126.165,97.695,80.535,104.52,68.83500000000001,4,86,-954,1280
2025-09-01 15:44:37.914875,91.845,71.37,73.515,129.87,100.62,76.83,107.445,60.84,3,85,-948,1216
2025-09-01 15:44:37.916750,100.815,77.805,82.68,141.375,104.13,82.68,110.175,73.905,3,82,-943,1216
2025-09-01 15:44:37.918625,102.765,79.95,77.22,150.54,111.54,85.215,113.49,74.295,4,86,-942,1216
2025-09-01 15:44:37.920500,114.465,88.72500000000001,81.9,156.39,124.02,85.605,120.9,74.49000000000001,4,86,-942,1216
2025-09-01 15:44:37.922375,99.255,80.145,73.905,145.86,115.44,77.025,111.15,68.055,3,84,-948,1216
2025-09-01 15:44:37.924250,100.23,80.145,78.19500000000001,147.42000000000002,114.855,79.75500000000001,116.61,78.0,3,84,-949,1216
2025-09-01 15:44:37.928000,113.295,89.7,88.53,152.1,121.68,86.385,114.27,73.71000000000001,5,90,-948,1216
2025-09-01 15:44:37.932500,104.715,92.43,87.94500000000001,143.715,111.93,87.75,117.585,69.42,5,85,-944,1280
2025-09-01 15:44:37.937000,112.515,104.13,82.68,151.515,121.095,91.455,133.38,79.75500000000001,5,85,-944,1280
2025-09-01 15:44:37.941500,124.215,110.76,102.765,163.60500000000002,127.335,110.37,127.92,92.04,7,85,-941,1280
2025-09-01 15:44:37.946000,124.8,102.18,102.57,160.68,117.0,102.96,129.675,91.26,5,84,-944,1280
2025-09-01 15:44:37.950500,107.25,82.29,93.6,150.54,100.815,86.385,116.61,78.58500000000001,0,83,-941,1216
2025-09-01 15:44:37.955000,120.315,91.65,90.48,156.0,102.96,85.995,119.34,74.685,0,80,-945,1216
2025-09-01 15:44:37.964000,106.665,86.775,91.845,142.155,96.915,86.97,117.195,72.15,0,80,-945,1216
2025-09-01 15:44:37.965250,103.35,77.025,75.855,142.74,100.425,77.805,106.08,63.57,0,89,-946,1216
2025-09-01 15:44:37.966500,103.155,80.535,77.22,138.06,104.325,69.61500000000001,104.325,57.525,2,83,-946,1216
2025-09-01 15:44:37.967750,98.67,84.825,72.15,134.16,94.77,60.45,98.28,54.21,2,83,-946,1216
2025-09-01 15:44:37.969000,92.625,77.415,72.93,120.315,86.97,59.085,93.405,51.09,-3,86,-941,1280
2025-09-01 15:44:37.970250,88.53,72.15,67.47,121.875,86.775,57.135000000000005,96.135,54.015,0,85,-941,1280
2025-09-01 15:44:37.971500,102.18,89.50500000000001,88.53,139.62,104.325,72.93,110.76,70.59,4,83,-944,1216
2025-09-01 15:44:37.974000,102.96,94.965,87.36,133.185,101.595,72.15,109.59,62.010000000000005,5,83,-945,1280
2025-09-01 15:44:37.982375,100.425,93.405,90.285,138.84,106.08,72.15,116.025,66.105,5,83,-945,1280
2025-09-01 15:44:37.990750,108.42,96.915,93.015,156.39,112.32,78.97500000000001,124.605,78.0,10,81,-944,1216
2025-09-01 15:44:37.999125,113.295,94.38,91.65,143.715,103.545,75.075,119.73,74.88,5,79,-943,1216
2025-09-01 15:44:38.007500,92.04,75.27,73.905,123.63,89.31,59.085,100.035,59.475,4,80,-946,1216
2025-09-01 15:44:38.015875,102.765,83.46000000000001,88.72500000000001,146.055,105.69,75.27,112.515,70.395,4,83,-943,1216
2025-09-01 15:44:38.024250,94.185,78.19500000000001,92.43,132.405,86.97,74.685,113.88,69.42,4,83,-943,1216
2025-09-01 15:44:38.041000,85.41,71.955,76.05,121.095,80.145,58.11,103.35,56.940000000000005,4,79,-941,1280
2025-09-01 15:44:38.041750,83.265,69.03,76.44,118.365,81.705,59.475,105.495,62.985,-1,78,-951,1216
2025-09-01 15:44:38.042500,94.185,84.045,89.7,130.65,96.33,70.005,118.56,75.465,1,81,-949,1216
2025-09-01 15:44:38.043250,92.625,79.75500000000001,83.265,138.255,101.205,61.425,106.08,68.25,3,83,-947,1216
2025-09-01 15:44:38.044000,93.99,79.56,82.68,140.4,99.45,69.81,117.975,65.715,3,83,-947,1216
2025-09-01 15:44:38.044750,102.765,94.185,96.525,146.25,108.615,78.97500000000001,123.435,68.64,-1,86,-947,1216
2025-09-01 15:44:38.045500,92.625,74.685,82.485,135.915,91.065,66.3,104.52,50.7,6,81,-945,1280
2025-09-01 15:44:38.047000,76.245,64.935,65.715,120.705,79.17,49.335,92.82,43.68,3,82,-947,1216
2025-09-01 15:44:38.049750,89.11500000000001,75.855,64.545,135.33,91.065,56.745000000000005,96.33,53.625,5,83,-948,1216
2025-09-01 15:44:38.052500,90.48,73.32000000000001,80.73,134.745,91.065,65.13,96.915,55.77,5,83,-948,1216
2025-09-01 15:44:38.055250,68.25,62.985,75.075,106.47,70.395,52.260000000000005,97.11,45.63,6,77,-945,1216
2025-09-01 15:44:38.058000,83.265,69.42,63.375,132.21,86.385,56.355,112.71,52.455,2,81,-949,1216
2025-09-01 15:44:38.060750,105.105,93.6,87.75,153.07500000000002,99.45,75.855,113.685,63.765,4,85,-948,1280
2025-09-01 15:44:38.063500,93.99,78.0,79.95,132.21,86.775,68.64,115.635,61.620000000000005,1,85,-949,1152
2025-09-01 15:44:38.069000,87.36,82.095,82.485,129.675,89.50500000000001,72.345,116.025,63.765,1,85,-949,1152
2025-09-01 15:44:38.071000,112.32,92.82,86.775,153.07500000000002,104.13,76.635,119.34,67.665,-8,87,-949,1216
2025-09-01 15:44:38.073000,105.885,92.625,88.33500000000001,143.13,99.255,77.415,110.76,63.57,-2,82,-956,1280
2025-09-01 15:44:38.075000,74.10000000000001,62.400000000000006,62.595,114.27,72.345,50.895,95.16,46.41,-2,86,-949,1216
2025-09-01 15:44:38.077000,79.36500000000001,70.005,65.325,117.195,78.78,59.67,104.91,62.985,2,86,-948,1280
2025-09-01 15:44:38.079000,85.215,70.785,68.64,131.43,89.895,60.06,101.4,58.5,2,86,-948,1280
2025-09-01 15:44:38.081000,84.24000000000001,65.52,61.620000000000005,126.36,87.36,53.04,90.09,53.625,2,82,-941,1216
2025-09-01 15:44:38.085000,80.73,66.495,64.35000000000001,131.625,83.46000000000001,55.185,98.865,67.08,-2,83,-944,1216
2025-09-01 15:44:38.088500,101.01,83.655,74.88,135.135,92.625,67.275,98.28,71.76,1,84,-947,1216
2025-09-01 15:44:38.092000,83.265,71.37,71.76,116.415,84.24000000000001,59.865,125.775,78.97500000000001,0,83,-947,1152
2025-09-01 15:44:38.095500,102.375,89.31,79.56,139.815,100.62,70.785,113.685,79.95,1,89,-953,1216
2025-09-01 15:44:38.099000,106.275,95.745,90.87,143.32500000000002,104.715,71.37,109.98,74.685,6,84,-947,1280
2025-09-01 15:44:38.102500,86.385,70.59,64.155,123.825,84.435,54.405,98.67,62.010000000000005,6,82,-948,1280
2025-09-01 15:44:38.106000,85.8,70.395,68.44500000000001,119.535,85.605,59.085,103.155,65.715,0,82,-949,1152
2025-09-01 15:44:38.113000,80.535,70.395,64.35000000000001,107.055,79.17,62.595,100.425,61.620000000000005,0,82,-949,1152
2025-09-01 15:44:38.113125,70.005,57.72,60.255,101.985,72.735,52.455,82.875,52.845,3,83,-950,1216
2025-09-01 15:44:38.113250,84.24000000000001,76.635,81.12,119.925,87.165,65.52,105.105,70.395,0,80,-946,1216
2025-09-01 15:44:38.113375,85.995,79.95,75.66,121.485,92.82,62.400000000000006,103.545,66.105,0,80,-946,1216
2025-09-01 15:44:38.113500,102.57,94.575,80.535,134.16,100.62,69.22500000000001,111.15,70.395,-1,90,-953,1216
2025-09-01 15:44:38.113625,100.425,95.355,84.435,128.115,95.55,68.25,106.47,69.42,-5,81,-952,1216
2025-09-01 15:44:38.113750,83.46000000000001,69.81,61.620000000000005,109.395,83.85000000000001,47.190000000000005,91.65,49.53,0,83,-948,1216
2025-09-01 15:44:38.114000,84.825,69.03,60.45,120.12,92.625,57.330000000000005,91.455,61.23,1,83,-950,1216
2025-09-01 15:44:38.114125,88.14,77.415,69.61500000000001,126.75,92.82,63.375,104.325,58.89,1,83,-950,1216
2025-09-01 15:44:38.114250,83.265,61.035,60.255,110.76,78.0,52.260000000000005,92.235,55.77,6,77,-944,1152
2025-09-01 15:44:38.114375,78.19500000000001,59.475,62.79,105.495,71.37,47.97,102.765,62.205000000000005,-4,84,-949,1216
2025-09-01 15:44:38.114500,84.435,72.345,83.07000000000001,110.565,70.785,62.985,109.2,70.395,-2,88,-948,1216
2025-09-01 15:44:38.114625,80.535,70.005,67.275,107.055,76.635,61.23,99.645,54.6,0,87,-946,1280
2025-09-01 15:44:38.114750,84.045,87.555,73.32000000000001,109.98,87.75,64.935,102.765,63.96,0,87,-946,1280
2025-09-01 15:44:38.115000,108.225,102.57,91.065,140.985,105.3,71.76,112.32,76.44,4,84,-949,1216
2025-09-01 15:44:38.117500,116.415,102.18,84.24000000000001,141.96,98.475,69.22500000000001,111.345,68.055,0,85,-932,1216
2025-09-01 15:44:38.120000,96.915,79.17,61.425,119.925,86.385,53.235,90.87,53.82,3,85,-951,1216
2025-09-01 15:44:38.122500,102.765,89.7,70.785,133.965,90.285,71.565,100.035,69.22500000000001,2,81,-950,1216
2025-09-01 15:44:38.125000,97.305,85.02,75.855,111.345,85.995,55.38,94.575,62.205000000000005,-4,82,-945,1216
2025-09-01 15:44:38.127500,78.0,60.84,51.09,107.055,68.44500000000001,38.61,77.61,41.73,-4,82,-947,1216
2025-09-01 15:44:38.130000,93.21,74.49000000000001,69.42,119.535,79.56,55.575,93.99,63.375,-4,81,-945,1216
2025-09-01 15:44:38.135000,88.92,71.175,68.25,111.735,74.88,43.29,75.465,52.260000000000005,-4,81,-945,1216
2025-09-01 15:44:38.138750,74.10000000000001,61.23,41.535,93.99,61.425,22.035,53.235,31.200000000000003,-4,83,-933,1216
2025-09-01 15:44:38.142500,76.44,67.47,51.09,97.89,65.52,36.27,59.67,33.345,-3,85,-947,1216
2025-09-01 15:44:38.146250,71.76,63.375,46.02,96.33,68.44500000000001,37.635,65.52,32.76,-1,86,-941,1216
2025-09-01 15:44:38.150000,71.175,62.010000000000005,51.285,94.965,57.72,41.535,74.685,37.83,-1,86,-941,1216
2025-09-01 15:44:38.153750,67.275,57.72,45.435,88.33500000000001,65.91,36.855,73.125,36.465,6,86,-941,1216
2025-09-01 15:44:38.157500,92.43,76.05,55.185,108.42,85.8,44.655,62.985,41.925,5,85,-943,1280
2025-09-01 15:44:38.165000,85.8,71.175,61.620000000000005,99.645,77.025,43.68,65.13,41.34,1,88,-944,1216
2025-09-01 15:44:38.165000,80.73,63.765,54.21,95.745,64.545,39.39,66.495,43.68,1,90,-950,1280
2025-09-01 15:44:38.165000,85.8,75.465,62.205000000000005,111.735,78.78,46.41,69.22500000000001,43.68,1,90,-950,1280
2025-09-01 15:44:38.165000,86.19,75.075,61.035,105.3,77.22,43.485,61.425,41.535,-3,84,-945,1216
2025-09-01 15:44:38.165000,62.595,47.190000000000005,39.0,83.46000000000001,51.48,18.33,52.65,21.06,-3,81,-944,1216
2025-09-01 15:44:38.165000,75.075,59.865,47.385000000000005,93.015,63.57,33.735,65.52,36.075,-2,84,-947,1216
2025-09-01 15:44:38.165000,74.295,58.89,52.455,90.09,61.425,39.78,64.35000000000001,36.075,-1,84,-945,1152
2025-09-01 15:44:38.165000,60.645,45.435,40.95,78.78,53.235,23.595,51.675,23.205,-1,84,-945,1152
2025-09-01 15:44:38.166750,64.545,49.92,34.71,76.44,57.915,23.4,57.135000000000005,23.01,4,85,-953,1216
2025-09-01 15:44:38.168500,74.685,62.400000000000006,49.14,97.89,70.59,39.975,64.545,43.485,6,88,-948,1216
2025-09-01 15:44:38.170250,68.44500000000001,56.940000000000005,46.8,91.845,62.400000000000006,36.075,60.84,33.54,5,87,-949,1216
2025-09-01 15:44:38.172000,69.61500000000001,55.38,58.305,93.795,59.475,51.870000000000005,70.98,47.385000000000005,6,86,-947,1280
2025-09-01 15:44:38.173750,78.0,63.96,59.28,103.74,70.005,58.305,73.905,54.99,6,86,-947,1280
2025-09-01 15:44:38.175500,84.24000000000001,62.010000000000005,57.525,107.445,74.88,48.36,70.59,45.435,3,88,-933,1280
2025-09-01 15:44:38.179000,65.13,48.75,44.07,84.24000000000001,50.31,33.735,52.065000000000005,27.105,2,86,-940,1280
2025-09-01 15:44:38.183500,58.89,42.315000000000005,49.725,78.19500000000001,43.875,40.17,57.915,34.515,0,84,-946,1280
2025-09-01 15:44:38.188000,83.265,65.91,62.595,108.615,77.805,58.695,82.095,54.405,4,89,-951,1216
2025-09-01 15:44:38.192500,81.12,51.870000000000005,45.24,98.475,69.22500000000001,45.825,64.35000000000001,40.95,1,88,-951,1216
2025-09-01 15:44:38.197000,77.025,58.695,46.995000000000005,98.865,68.44500000000001,47.190000000000005,64.35000000000001,43.875,1,90,-949,1216
2025-09-01 15:44:38.201500,85.02,61.035,55.185,104.91,76.44,51.285,62.205000000000005,49.725,1,90,-949,1216
2025-09-01 15:44:38.206000,80.73,58.695,57.915,95.355,65.325,48.945,72.54,46.02,-1,88,-939,1216
2025-09-01 15:44:38.215000,59.865,39.975,27.495,77.025,49.335,26.130000000000003,56.355,33.93,4,88,-946,1280
2025-09-01 15:44:38.216375,63.57,45.045,37.05,93.99,58.305,26.91,52.455,27.885,-3,86,-949,1216
2025-09-01 15:44:38.217750,64.545,41.535,32.565,86.19,50.895,28.08,47.97,29.64,1,87,-948,1216
2025-09-01 15:44:38.219125,43.875,23.4,23.205,70.59,36.27,18.72,40.17,16.965,1,87,-948,1216
2025-09-01 15:44:38.220500,51.48,34.71,22.62,73.905,46.605,21.645,43.485,23.595,6,91,-951,1216
2025-09-01 15:44:38.221875,58.695,47.58,42.120000000000005,78.97500000000001,50.895,34.71,61.035,32.565,3,84,-948,1216
2025-09-01 15:44:38.223250,57.72,44.265,43.68,79.36500000000001,54.6,34.125,54.99,27.105,1,84,-950,1216
2025-09-01 15:44:38.226000,61.425,43.485,38.805,82.68,49.725,36.465,50.31,31.005000000000003,4,86,-950,1280
2025-09-01 15:44:38.230750,69.42,53.43,47.190000000000005,91.845,61.035,41.535,55.185,39.39,4,86,-950,1280
2025-09-01 15:44:38.235500,62.010000000000005,52.455,42.705,89.7,54.405,41.145,50.505,37.05,-1,84,-943,1280
2025-09-01 15:44:38.240250,31.785,22.62,26.130000000000003,56.940000000000005,25.935,25.545,30.81,17.16,3,84,-946,1216
2025-09-01 15:44:38.245000,38.025,23.985,17.55,62.400000000000006,24.18,20.865,27.885,8.385,1,89,-949,1216
2025-09-01 15:44:38.249750,43.875,25.545,22.815,65.325,37.44,26.325,36.855,14.625,0,90,-947,1280
2025-09-01 15:44:38.254500,31.200000000000003,9.555,9.555,55.77,21.255,10.92,30.615,3.9,0,90,-947,1280
2025-09-01 15:44:38.264000,25.35,12.675,8.58,50.115,14.43,13.455,27.495,4.875,2,87,-959,1280
2025-09-01 15:44:38.264000,50.505,40.755,31.005000000000003,73.32000000000001,44.265,38.415,46.8,27.3,0,85,-955,1152
2025-09-01 15:44:38.264000,40.17,28.08,24.96,68.64,36.465,25.74,45.435,18.915,3,86,-950,1216
2025-09-01 15:44:38.264000,46.215,33.15,19.89,76.635,47.58,30.42,41.535,20.085,5,85,-949,1216
2025-09-01 15:44:38.264000,61.035,43.29,32.175000000000004,88.53,50.505,37.83,54.015,31.005000000000003,5,85,-949,1216
2025-09-01 15:44:38.264000,62.010000000000005,47.190000000000005,36.075,86.19,51.285,38.415,42.51,30.225,6,83,-940,1216
2025-09-01 15:44:38.264000,37.44,24.96,16.965,63.18,27.495,20.865,35.295,8.385,2,90,-942,1280
2025-09-01 15:44:38.264000,41.925,29.445,33.345,67.275,28.665000000000003,32.76,50.895,30.225,7,89,-945,1216
2025-09-01 15:44:38.267125,51.675,33.54,30.225,67.275,36.465,21.255,45.045,19.89,5,87,-947,1216
2025-09-01 15:44:38.270250,42.51,24.18,13.65,60.255,21.06,12.87,32.175000000000004,7.995,5,87,-947,1216
2025-09-01 15:44:38.273375,39.0,21.645,15.6,64.74000000000001,26.91,22.62,36.66,16.38,-2,91,-946,1280
2025-09-01 15:44:38.276500,55.38,48.555,39.39,82.485,45.045,43.68,53.04,36.465,5,84,-948,1216
2025-09-01 15:44:38.279625,53.04,41.925,28.665000000000003,75.075,38.61,37.83,38.805,27.885,5,84,-946,1216
2025-09-01 15:44:38.282750,61.23,43.68,33.735,79.56,46.8,36.27,52.845,38.805,5,85,-946,1280
2025-09-01 15:44:38.289000,64.155,49.725,44.07,88.33500000000001,59.475,50.505,60.255,41.925,5,85,-946,1280
2025-09-01 15:44:38.295125,71.37,54.015,45.435,86.385,53.625,46.215,52.455,38.61,10,82,-953,1216
2025-09-01 15:44:38.301250,51.675,42.51,31.395,72.735,47.190000000000005,37.05,34.905,27.69,7,90,-945,1280
2025-09-01 15:44:38.307375,60.06,53.235,37.635,77.415,54.795,43.29,41.73,29.445,7,90,-945,1280
2025-09-01 15:44:38.313500,64.155,53.625,40.755,77.805,55.77,46.215,45.045,27.69,12,87,-949,1216
2025-09-01 15:44:38.319625,43.68,31.395,14.625,58.305,36.855,19.5,28.275,10.725,0,83,-946,1216
2025-09-01 15:44:38.325750,41.535,32.175000000000004,20.67,61.815000000000005,36.66,30.225,40.365,19.305,1,83,-950,1280
2025-09-01 15:44:38.338000,50.895,37.44,28.08,66.69,39.975,28.86,17.94,19.11,2,86,-949,1216
2025-09-01 15:44:38.341375,34.71,22.23,23.4,55.38,21.255,24.18,30.225,9.945,2,86,-949,1216
2025-09-01 15:44:38.344750,55.185,44.46,40.365,65.91,39.975,36.66,40.755,27.3,6,89,-954,1216
2025-09-01 15:44:38.348125,30.225,25.155,20.085,46.8,20.865,23.01,30.81,14.82,-4,89,-941,1280
2025-09-01 15:44:38.351500,39.975,31.785,24.57,53.82,27.3,23.01,33.735,14.235,-3,87,-942,1216
2025-09-01 15:44:38.354875,34.125,31.785,19.11,42.51,24.96,20.865,22.035,15.015,2,86,-944,1280
2025-09-01 15:44:38.358250,25.155,15.21,15.405,50.505,20.085,15.795,15.6,14.82,2,86,-944,1280
2025-09-01 15:44:38.365000,33.93,15.795,23.79,53.625,19.11,16.77,26.52,18.915,-1,90,-946,1216
2025-09-01 15:44:38.365000,49.92,38.22,29.055,63.375,35.685,31.005000000000003,33.735,22.035,6,83,-941,1216
2025-09-01 15:44:38.365000,41.535,16.38,10.53,56.55,19.695,10.335,12.48,6.825,5,85,-945,1280
2025-09-01 15:44:38.365000,33.735,18.135,12.09,46.02,14.235,16.77,25.35,15.6,8,85,-947,1280
2025-09-01 15:44:38.365000,41.925,34.32,32.175000000000004,62.595,29.25,26.91,42.120000000000005,34.32,8,85,-947,1280
2025-09-01 15:44:38.365000,52.065000000000005,44.265,37.05,67.47,36.27,38.415,39.195,31.005000000000003,8,83,-962,1216
2025-09-01 15:44:38.365000,35.685,28.47,15.21,46.02,24.765,23.595,30.225,12.285,4,85,-948,1152
2025-09-01 15:44:38.365000,41.73,29.055,19.11,62.205000000000005,31.005000000000003,23.205,19.89,8.19,6,85,-950,1216
2025-09-01 15:44:38.367375,45.825,31.005000000000003,31.59,58.89,29.055,30.42,32.370000000000005,20.67,9,85,-947,1152
2025-09-01 15:44:38.369750,33.15,18.72,20.475,44.85,14.235,16.575,29.445,12.285,9,85,-947,1152
2025-09-01 15:44:38.372125,21.255,15.405,23.205,36.855,8.97,18.135,20.67,12.285,2,84,-943,1216
2025-09-01 15:44:38.374500,46.02,37.05,28.665000000000003,68.44500000000001,38.415,34.905,39.0,19.305,5,84,-950,1280
2025-09-01 15:44:38.376875,36.075,29.25,23.205,46.02,22.815,23.205,32.565,17.745,7,83,-950,1216
2025-09-01 15:44:38.379250,35.1,30.81,27.885,48.36,23.01,28.665000000000003,32.76,16.38,6,84,-950,1216
2025-09-01 15:44:38.384000,58.11,37.44,31.785,73.905,38.61,33.15,32.955,24.57,6,84,-950,1216
2025-09-01 15:44:38.384000,55.185,40.755,47.58,67.86,39.0,33.93,41.925,28.275,9,89,-955,1216
2025-09-01 15:44:38.384000,32.370000000000005,21.255,13.455,42.705,17.16,11.7,17.55,6.045,6,84,-941,1216
2025-09-01 15:44:38.384000,20.865,11.7,10.92,33.735,10.53,15.795,17.94,6.24,5,82,-938,1216
2025-09-01 15:44:38.384000,42.120000000000005,30.42,32.370000000000005,58.305,32.175000000000004,34.71,38.61,16.965,7,82,-948,1216
2025-09-01 15:44:38.384000,31.98,20.865,18.72,43.485,19.11,24.57,20.28,4.875,9,85,-946,1216
2025-09-01 15:44:38.384000,27.885,25.935,21.84,44.46,18.525,28.275,20.865,13.455,9,89,-947,1280
2025-09-01 15:44:38.384000,56.940000000000005,35.49,32.565,73.515,42.120000000000005,43.29,32.955,27.69,9,89,-947,1280
2025-09-01 15:44:38.387750,45.24,33.15,35.685,58.11,24.96,38.415,26.130000000000003,19.695,11,88,-952,1280
2025-09-01 15:44:38.391500,22.815,19.89,12.285,39.195,20.475,14.235,6.4350000000000005,3.705,4,85,-946,1280
2025-09-01 15:44:38.395250,19.305,13.065,18.33,37.245000000000005,14.82,20.67,14.04,13.26,7,86,-949,1280
2025-09-01 15:44:38.399000,29.835,24.57,29.835,38.415,17.16,29.055,27.495,25.74,6,85,-948,1280
2025-09-01 15:44:38.402750,28.275,27.105,33.93,37.635,16.185000000000002,30.42,18.915,19.5,6,85,-948,1280
2025-09-01 15:44:38.406500,18.135,13.65,8.97,32.370000000000005,9.945,10.14,-6.24,-4.485,13,86,-956,1216
2025-09-01 15:44:38.414000,17.355,13.65,10.725,32.565,16.185000000000002,15.99,7.215,2.73,12,80,-950,1216
2025-09-01 15:44:38.415500,13.845,12.675,6.24,37.635,11.505,15.405,2.145,5.265000000000001,7,82,-949,1216
2025-09-01 15:44:38.417000,25.155,24.18,20.865,40.365,23.4,32.175000000000004,15.99,18.135,5,90,-949,1216
2025-09-01 15:44:38.418500,34.32,34.515,31.005000000000003,52.65,29.64,37.44,6.825,25.35,5,90,-949,1216
2025-09-01 15:44:38.420000,7.995,8.58,4.68,21.45,5.8500000000000005,18.525,-0.195,4.68,5,91,-952,1216
2025-09-01 15:44:38.421500,9.75,11.31,11.505,25.545,7.0200000000000005,20.865,12.87,12.48,4,89,-950,1216
2025-09-01 15:44:38.423000,11.31,15.795,6.24,28.665000000000003,15.99,19.11,2.145,8.775,1,84,-945,1216
2025-09-01 15:44:38.426000,4.485,6.24,-4.485,19.5,1.17,-0.975,-11.115,-3.705,2,84,-946,1216
2025-09-01 15:44:38.426250,-7.800000000000001,-2.145,-10.335,11.895,-7.800000000000001,5.655,-17.94,-3.9,2,84,-946,1216
2025-09-01 15:44:38.426500,28.86,33.54,20.865,47.97,23.01,22.815,27.3,20.085,2,81,-951,1216
2025-09-01 15:44:38.426750,10.53,15.21,1.95,21.645,6.4350000000000005,0.975,5.07,1.365,2,81,-948,1216
2025-09-01 15:44:38.427000,5.07,16.38,3.51,26.52,10.53,6.24,6.4350000000000005,10.725,1,83,-948,1280
2025-09-01 15:44:38.427250,12.285,15.99,6.045,28.47,17.94,13.065,14.82,8.19,2,84,-947,1216
2025-09-01 15:44:38.427500,1.755,3.51,-0.975,17.16,1.755,0.975,0.39,0.975,2,83,-949,1280
2025-09-01 15:44:38.428000,-3.12,-0.78,-13.65,15.21,-1.365,-7.800000000000001,-4.29,-7.215,2,83,-949,1280
2025-09-01 15:44:38.433625,15.795,21.255,6.045,30.615,15.015,16.38,17.745,11.31,8,82,-946,1280
2025-09-01 15:44:38.439250,5.07,7.800000000000001,-3.315,24.18,1.95,3.9,2.34,-5.8500000000000005,1,81,-947,1216
2025-09-01 15:44:38.444875,4.68,6.045,-4.29,17.94,1.95,8.97,-4.095,-1.755,3,86,-950,1280
2025-09-01 15:44:38.450500,14.43,21.84,5.655,32.565,21.255,21.45,18.525,12.87,2,87,-951,1280
2025-09-01 15:44:38.456125,20.67,28.665000000000003,9.165,38.415,28.08,27.885,18.525,12.285,2,87,-951,1280
2025-09-01 15:44:38.461750,3.51,10.725,-2.145,14.04,0.39,14.625,-4.29,-4.875,1,85,-944,1216
2025-09-01 15:44:38.473000,4.875,17.355,4.485,21.06,9.36,15.405,9.165,5.265000000000001,5,81,-960,1216
2025-09-01 15:44:38.478250,12.87,17.355,6.045,25.74,15.015,12.09,17.355,5.265000000000001,4,84,-952,1216
2025-09-01 15:44:38.483500,4.875,9.945,-6.825,16.575,4.68,2.73,4.68,-1.95,0,83,-950,1216
2025-09-01 15:44:38.488750,-3.315,-2.145,-15.99,11.895,-1.365,-5.07,-18.525,-7.995,0,83,-950,1216
2025-09-01 15:44:38.494000,9.36,14.625,12.285,25.74,10.92,19.11,15.795,14.235,-2,84,-949,1216
2025-09-01 15:44:38.499250,7.605,11.115,4.29,20.67,0.78,11.895,4.875,0.39,3,81,-949,1216
2025-09-01 15:44:38.504500,0.195,6.4350000000000005,-4.095,17.745,-4.875,5.655,-6.045,-5.07,7,86,-948,1216
2025-09-01 15:44:38.515000,9.165,12.09,0.975,23.79,6.045,15.405,1.755,7.41,9,89,-947,1280
2025-09-01 15:44:38.515125,15.405,16.965,8.19,30.81,10.92,21.255,2.73,10.53,9,89,-947,1280
2025-09-01 15:44:38.515250,-11.7,-7.0200000000000005,-8.385,5.46,-20.865,2.535,-9.36,-0.78,14,86,-955,1152
2025-09-01 15:44:38.515375,-2.535,0.39,-0.975,15.795,-7.995,12.675,-0.195,2.34,3,84,-949,1216
2025-09-01 15:44:38.515500,1.95,4.68,3.51,20.67,-1.95,19.305,2.73,7.995,0,92,-948,1216
2025-09-01 15:44:38.515625,-8.775,-2.73,-11.895,7.800000000000001,-11.895,5.46,-12.285,-7.41,2,89,-949,1216
2025-09-01 15:44:38.515750,-11.115,-9.36,-14.235,4.875,-16.77,2.34,-16.965,-7.995,2,89,-949,1216
2025-09-01 15:44:38.516000,10.14,10.14,3.9,23.4,1.95,18.915,1.755,8.19,0,88,-957,1216
2025-09-01 15:44:38.516375,-0.585,4.29,-3.9,16.185000000000002,-9.945,11.505,-9.165,4.29,5,85,-955,1216
2025-09-01 15:44:38.516750,0.78,3.12,1.56,24.18,0.39,10.92,-3.51,10.53,5,87,-950,1216
2025-09-01 15:44:38.517125,11.115,22.815,14.43,37.05,12.675,19.89,13.845,11.115,4,90,-951,1216
2025-09-01 15:44:38.517500,12.48,21.255,12.09,30.42,15.015,21.45,8.97,12.48,4,90,-951,1216
2025-09-01 15:44:38.517875,-8.385,1.17,-4.29,15.405,-1.17,2.34,4.095,-1.755,7,83,-958,1216
2025-09-01 15:44:38.518250,-3.12,4.29,-3.705,16.185000000000002,4.095,1.755,-0.78,0.195,2,91,-954,1152
2025-09-01 15:44:38.519000,-1.17,2.9250000000000003,6.045,20.085,1.56,9.555,6.825,4.485,0,91,-952,1280
2025-09-01 15:44:38.521500,-4.29,0.975,-4.095,13.455,-5.07,8.385,4.095,-7.605,1,90,-948,1280
2025-09-01 15:44:38.524000,6.045,16.965,13.65,35.49,19.695,27.105,11.7,16.575,3,96,-955,1280
2025-09-01 15:44:38.526500,4.875,12.09,9.165,25.155,8.19,13.845,-3.51,2.9250000000000003,9,92,-950,1280
2025-09-01 15:44:38.529000,4.485,10.725,9.165,26.715,9.165,11.505,12.09,9.555,4,90,-947,1216
2025-09-01 15:44:38.531500,7.800000000000001,21.06,25.935,35.295,16.185000000000002,24.18,22.62,23.595,1,84,-948,1216
2025-09-01 15:44:38.534000,12.285,25.935,30.615,37.44,17.355,31.785,29.835,23.4,1,84,-948,1216
2025-09-01 15:44:38.539000,-12.675,-3.51,-4.485,5.07,-11.505,-6.24,-6.045,0.0,7,85,-944,1216
2025-09-01 15:44:38.542250,-11.7,-1.755,-0.39,13.65,-3.51,5.07,-3.51,-5.8500000000000005,0,90,-948,1216
2025-09-01 15:44:38.545500,0.975,0.39,-0.195,24.765,4.485,6.045,-4.68,-0.195,5,86,-950,1216
2025-09-01 15:44:38.548750,-3.9,5.07,-3.315,16.965,-1.365,5.07,-9.75,1.56,5,90,-950,1216
2025-09-01 15:44:38.552000,-8.58,2.535,-4.29,10.725,-2.145,0.0,-9.165,1.56,5,90,-950,1216
2025-09-01 15:44:38.555250,2.73,10.14,9.165,24.57,6.24,18.33,14.235,15.99,0,88,-958,1216
2025-09-01 15:44:38.558500,6.24,8.775,8.385,25.74,4.485,14.43,18.915,17.16,-3,85,-945,1152
2025-09-01 15:44:38.565000,10.725,15.21,5.8500000000000005,33.93,7.995,14.43,18.915,15.015,-1,87,-948,1216
2025-09-01 15:44:38.565000,16.38,23.01,16.575,37.44,20.67,23.985,22.62,24.375,2,88,-947,1152
2025-09-01 15:44:38.565000,27.3,34.905,30.81,49.53,30.225,39.195,27.69,35.685,2,88,-947,1152
2025-09-01 15:44:38.565000,2.9250000000000003,10.53,10.14,25.74,6.825,15.795,1.56,8.97,4,86,-943,1280
2025-09-01 15:44:38.565000,6.045,8.58,7.605,24.765,7.41,19.305,5.8500000000000005,15.405,4,93,-947,1216
2025-09-01 15:44:38.565000,-0.195,10.335,14.235,22.815,1.56,18.915,13.26,12.09,3,93,-948,1216
2025-09-01 15:44:38.565000,-4.095,2.145,1.755,19.305,-5.07,6.63,-1.17,0.78,0,95,-945,1216
2025-09-01 15:44:38.565000,-8.385,-2.9250000000000003,-0.39,12.48,-6.4350000000000005,4.68,-6.63,4.68,0,95,-945,1216
2025-09-01 15:44:38.570125,13.455,23.4,25.545,34.71,16.77,31.200000000000003,38.805,28.86,2,95,-938,1216
2025-09-01 15:44:38.575250,12.285,20.475,14.625,34.905,16.77,17.745,21.06,12.675,6,93,-953,1216
2025-09-01 15:44:38.580375,10.725,20.28,11.505,28.47,14.625,14.43,14.04,12.285,-1,95,-950,1280
2025-09-01 15:44:38.585500,22.425,26.52,20.865,36.27,21.45,30.81,24.18,26.52,-2,92,-948,1152
2025-09-01 15:44:38.590625,19.305,21.45,25.545,37.635,18.135,26.52,26.130000000000003,31.59,-2,92,-948,1152
2025-09-01 15:44:38.595750,-0.195,1.95,9.945,12.675,-8.58,10.14,7.41,11.7,-7,84,-951,1152
2025-09-01 15:44:38.606000,3.51,2.34,5.265000000000001,12.285,-2.535,5.655,5.07,7.605,-12,88,-961,1216
2025-09-01 15:44:38.608750,-8.19,2.145,5.07,15.99,-2.9250000000000003,10.14,5.07,12.09,-5,90,-957,1216
2025-09-01 15:44:38.611500,-6.4350000000000005,-4.875,-4.875,0.39,-15.6,-0.78,-7.215,3.51,-5,90,-951,1216
2025-09-01 15:44:38.614250,-15.21,-14.235,-7.800000000000001,-3.51,-17.94,-0.975,-3.12,-1.95,-5,90,-951,1216
2025-09-01 15:44:38.617000,3.705,7.605,20.28,23.79,9.945,24.96,24.57,30.615,-5,93,-927,1216
2025-09-01 15:44:38.619750,2.9250000000000003,9.165,11.7,17.55,6.825,15.405,9.36,18.915,-2,98,-939,1216
2025-09-01 15:44:38.622500,3.705,1.95,8.19,16.38,3.51,11.31,-3.315,7.215,-3,96,-938,1216
2025-09-01 15:44:38.628000,7.800000000000001,10.14,8.58,21.645,6.825,11.505,9.165,19.5,-4,93,-944,1152
2025-09-01 15:44:38.631125,15.795,17.16,26.325,28.665000000000003,16.185000000000002,24.57,22.425,22.23,-4,93,-944,1216
2025-09-01 15:44:38.634250,-7.215,-5.07,3.51,-1.17,-14.82,4.095,-8.19,6.825,-5,92,-947,1216
2025-09-01 15:44:38.637375,-12.87,-5.265000000000001,7.605,11.31,-10.92,11.895,5.8500000000000005,15.405,-3,91,-945,1216
2025-09-01 15:44:38.640500,2.73,1.56,8.58,16.185000000000002,-5.07,11.7,11.505,21.06,-2,92,-946,1216
2025-09-01 15:44:38.643625,-7.995,-11.115,-9.555,3.705,-15.015,-6.24,-7.995,3.12,-6,93,-947,1152
2025-09-01 15:44:38.646750,-16.575,-22.815,-19.89,-4.29,-18.915,-15.6,-23.595,3.12,-7,109,-947,1216
2025-09-01 15:44:38.653000,0.78,4.485,9.75,15.015,5.8500000000000005,14.04,13.65,29.25,-7,97,-944,1216
2025-09-01 15:44:38.655750,-0.39,1.365,3.51,11.505,-1.56,1.17,7.605,24.375,-9,97,-957,1216
2025-09-01 15:44:38.658500,9.165,5.265000000000001,7.605,16.965,10.92,13.65,13.845,23.4,-7,93,-947,1216
2025-09-01 15:44:38.661250,-15.795,-16.965,-9.945,-4.29,-15.015,-4.095,-8.19,10.725,-7,93,-947,1216
2025-09-01 15:44:38.664000,-11.505,-13.065,-8.775,2.535,-6.63,3.51,-3.9,15.015,-7,90,-944,1216
2025-09-01 15:44:38.666750,-11.505,-8.58,-11.115,3.12,-4.485,-0.39,-7.41,14.625,-5,93,-944,1216
2025-09-01 15:44:38.669500,-21.84,-18.135,-16.575,-0.78,-17.16,-11.505,-12.285,7.800000000000001,-4,97,-948,1216
2025-09-01 15:44:38.675000,-26.715,-26.325,-23.01,-10.14,-25.155,-6.4350000000000005,-8.19,14.625,-4,97,-945,1216
2025-09-01 15:44:38.678250,-3.315,-8.385,-5.655,13.26,-4.29,7.800000000000001,-5.265000000000001,25.35,-4,97,-945,1216
2025-09-01 15:44:38.681500,-21.84,-20.67,-16.575,-0.195,-26.130000000000003,-11.7,-11.7,1.95,-1,99,-944,1216
2025-09-01 15:44:38.684750,-24.765,-22.62,-23.79,-10.335,-26.325,-19.11,-15.21,-3.9,-1,97,-946,1280
2025-09-01 15:44:38.688000,-10.725,-5.46,-1.95,11.895,-7.605,8.19,1.56,19.695,-1,97,-946,1280
2025-09-01 15:44:38.691250,-15.99,-10.53,-10.725,5.8500000000000005,-16.575,-0.975,-4.68,13.26,3,102,-943,1216
2025-09-01 15:44:38.694500,-18.135,-10.53,-4.095,-2.73,-13.845,4.68,-2.145,11.7,3,103,-945,1216
2025-09-01 15:44:38.701000,-1.56,0.585,-0.78,17.55,-2.9250000000000003,5.46,1.17,12.87,6,99,-946,1216
2025-09-01 15:44:38.701375,7.995,7.800000000000001,5.46,24.375,4.485,13.065,11.7,20.28,5,98,-948,1216
2025-09-01 15:44:38.701750,-7.0200000000000005,2.145,3.9,15.015,2.9250000000000003,18.135,7.605,26.325,2,95,-954,1216
2025-09-01 15:44:38.702125,-3.315,0.39,4.875,10.14,-3.12,14.235,10.53,16.185000000000002,-2,94,-943,1216
2025-09-01 15:44:38.702500,-7.41,-4.29,1.56,7.995,-10.335,5.8500000000000005,9.165,22.425,3,96,-947,1280
2025-09-01 15:44:38.702875,6.63,12.09,8.58,22.035,7.0200000000000005,15.21,7.41,26.325,3,99,-949,1216
2025-09-01 15:44:38.703250,14.04,19.89,11.895,31.59,15.6,22.815,11.895,25.545,7,99,-951,1280
2025-09-01 15:44:38.704000,-10.335,0.585,-4.875,4.68,-10.53,1.365,-10.92,9.75,7,99,-951,1280
2025-09-01 15:44:38.706125,-14.625,-9.945,-3.9,1.56,-13.455,-1.56,-5.07,9.945,12,107,-959,1280
2025-09-01 15:44:38.708250,2.9250000000000003,1.56,1.95,14.82,6.63,5.655,2.535,25.545,3,99,-950,1216
2025-09-01 15:44:38.710375,8.385,9.555,5.655,17.55,11.31,13.26,17.55,31.59,8,97,-952,1280
2025-09-01 15:44:38.712500,7.605,14.235,15.405,14.04,6.4350000000000005,21.255,19.695,28.47,3,97,-954,1216
2025-09-01 15:44:38.714625,-5.46,-2.34,-8.58,3.705,-4.68,-1.17,-1.17,13.845,3,97,-954,1216
2025-09-01 15:44:38.716750,-2.535,-3.705,-7.0200000000000005,8.385,-0.975,4.485,11.31,22.035,9,98,-956,1216
2025-09-01 15:44:38.721000,-7.215,-3.315,-3.705,5.07,-11.895,3.9,13.26,21.255,6,97,-947,1280
2025-09-01 15:44:38.723625,-12.675,-19.89,-21.06,-4.68,-7.800000000000001,-10.14,-7.215,10.53,7,93,-947,1280
2025-09-01 15:44:38.726250,-7.800000000000001,-2.145,-4.68,5.07,-4.68,5.07,4.095,20.085,5,99,-937,1216
2025-09-01 15:44:38.728875,-0.39,0.975,-0.78,8.385,4.68,5.46,3.9,20.28,8,94,-940,1216
2025-09-01 15:44:38.731500,11.31,12.285,8.775,23.01,13.065,21.06,14.625,35.1,8,94,-946,1280
2025-09-01 15:44:38.734125,21.06,20.67,16.185000000000002,30.42,16.77,30.03,22.815,45.045,4,94,-954,1216
2025-09-01 15:44:38.736750,0.975,-5.46,-7.605,4.875,-1.95,10.725,0.78,19.305,4,94,-954,1216
2025-09-01 15:44:38.742000,-7.41,-9.75,-10.92,10.53,-3.315,10.725,2.34,15.405,9,95,-960,1216
2025-09-01 15:44:38.742750,4.485,0.39,-5.46,13.65,-2.9250000000000003,9.555,5.46,16.77,6,98,-954,1216
2025-09-01 15:44:38.743500,10.725,11.895,14.43,21.645,-2.73,27.885,13.065,35.1,3,91,-945,1216
2025-09-01 15:44:38.744250,13.845,14.82,14.82,23.79,4.29,22.815,17.94,33.735,6,89,-946,1280
2025-09-01 15:44:38.745000,-7.995,-7.41,-7.605,1.17,-18.915,0.0,-3.9,12.48,6,89,-946,1280
2025-09-01 15:44:38.745750,-3.315,0.78,-0.78,7.215,-13.26,12.48,0.78,22.815,11,100,-946,1216
2025-09-01 15:44:38.746500,0.78,6.045,3.12,13.65,-3.9,10.92,5.8500000000000005,27.885,14,96,-941,1152
2025-09-01 15:44:38.748000,-1.755,-8.385,-11.7,1.755,-21.255,-3.12,-21.255,12.87,10,95,-944,1280
2025-09-01 15:44:38.750125,-21.255,-22.62,-26.130000000000003,-11.115,-35.88,-12.48,-11.7,5.46,11,94,-947,1280
2025-09-01 15:44:38.752250,-0.195,7.215,8.19,9.555,-7.215,17.355,25.155,34.71,11,94,-947,1280
2025-09-01 15:44:38.754375,-1.56,1.56,4.485,9.165,-12.09,10.14,11.31,25.35,15,93,-950,1216
2025-09-01 15:44:38.756500,0.585,6.045,-0.195,6.045,-10.14,12.48,5.265000000000001,27.885,8,98,-955,1216
2025-09-01 15:44:38.758625,8.19,20.67,16.965,25.74,3.705,24.765,25.935,40.365,8,93,-950,1152
2025-09-01 15:44:38.760750,11.31,20.67,26.715,25.935,6.825,29.25,22.425,45.63,9,92,-945,1216
2025-09-01 15:44:38.765000,-3.315,1.755,1.56,2.9250000000000003,-13.065,4.875,-4.875,23.595,9,92,-945,1216
2025-09-01 15:44:38.767500,0.195,4.485,2.145,12.285,-4.095,13.455,5.265000000000001,31.98,8,89,-949,1280
2025-09-01 15:44:38.770000,3.51,2.73,7.0200000000000005,9.36,-2.73,13.065,8.385,31.785,4,84,-941,1152
2025-09-01 15:44:38.772500,-8.19,-5.46,-15.99,-2.535,-16.575,-3.315,-4.68,11.115,6,87,-943,1280
2025-09-01 15:44:38.775000,-16.185000000000002,-5.46,-16.965,-5.655,-23.985,-11.505,-15.015,8.97,3,89,-942,1216
2025-09-01 15:44:38.777500,-7.0200000000000005,2.34,-0.39,3.9,-12.87,-2.34,-4.095,20.28,3,89,-942,1216
2025-09-01 15:44:38.780000,-3.705,2.34,-2.34,0.585,-15.99,-2.34,-3.9,16.965,6,88,-934,1216
2025-09-01 15:44:38.785000,-10.53,-0.78,-9.555,0.78,-23.01,-0.39,-5.265000000000001,8.97,2,88,-945,1280
2025-09-01 15:44:38.788625,-4.875,7.0200000000000005,-1.17,8.97,-10.14,3.9,3.51,20.28,7,85,-942,1216
2025-09-01 15:44:38.792250,-11.505,-4.29,-5.655,1.17,-12.675,-7.605,-6.825,11.7,8,89,-940,1280
2025-09-01 15:44:38.795875,-19.695,-10.14,-11.7,-6.63,-22.815,-17.745,-7.41,5.655,8,90,-942,1216
2025-09-01 15:44:38.799500,-24.375,-14.82,-16.575,-6.63,-25.155,-20.67,-8.385,1.755,3,88,-941,1280
2025-09-01 15:44:38.803125,3.705,8.58,-0.585,8.97,-8.385,-0.585,11.31,20.085,3,88,-941,1280
2025-09-01 15:44:38.806750,-7.800000000000001,-5.655,-5.46,-5.655,-17.745,-14.625,4.875,16.965,6,86,-940,1280
2025-09-01 15:44:38.814000,-5.46,-3.705,-7.215,1.17,-13.065,-12.09,-9.75,16.575,-1,86,-949,1216
2025-09-01 15:44:38.819125,-6.825,2.145,-0.195,6.24,-4.875,-4.68,-0.39,16.77,-2,89,-951,1152
2025-09-01 15:44:38.824250,-7.215,-2.9250000000000003,-5.265000000000001,1.56,-3.9,-4.29,4.68,13.65,0,91,-952,1216
2025-09-01 15:44:38.829375,-5.46,14.43,2.9250000000000003,7.0200000000000005,0.0,9.555,17.745,24.765,4,88,-949,1216
2025-09-01 15:44:38.834500,-11.7,2.73,-4.29,-3.51,-12.675,-0.975,-8.58,7.41,2,89,-948,1280
2025-09-01 15:44:38.839625,-12.87,-8.58,-14.625,-9.75,-17.55,-12.285,-8.775,0.975,4,90,-939,1216
2025-09-01 15:44:38.844750,3.12,11.7,3.9,14.04,-0.39,4.68,8.775,16.185000000000002,4,90,-939,1280
2025-09-01 15:44:38.855000,-2.34,7.995,-3.705,2.9250000000000003,-5.07,1.56,5.655,12.285,7,87,-930,1280
2025-09-01 15:44:38.856000,-7.605,-2.145,-6.63,-0.39,-9.36,-7.41,3.705,15.99,7,94,-938,1216
2025-09-01 15:44:38.857000,-7.0200000000000005,3.9,-3.315,10.335,-7.215,-4.29,8.775,13.455,5,93,-941,1216
2025-09-01 15:44:38.858000,8.775,14.82,4.095,11.505,-0.975,10.53,13.26,22.815,1,96,-941,1280
2025-09-01 15:44:38.859000,-10.53,-5.07,-10.53,-9.555,-12.48,-7.800000000000001,-1.17,5.07,1,96,-941,1152
2025-09-01 15:44:38.860000,0.975,3.9,-3.705,10.14,1.365,0.39,7.995,10.335,1,95,-942,1152
2025-09-01 15:44:38.861000,-0.585,8.19,-0.975,1.56,-3.51,6.24,12.48,10.725,4,92,-931,1216
2025-09-01 15:44:38.863000,-16.965,-7.605,-17.55,-3.705,-20.28,-12.09,-7.215,-7.605,1,88,-941,1280
2025-09-01 15:44:38.867750,-26.325,-14.625,-20.475,-17.745,-31.59,-12.48,-13.845,-6.4350000000000005,1,88,-941,1216
2025-09-01 15:44:38.872500,-0.585,4.095,2.145,6.825,-0.585,7.0200000000000005,14.625,16.575,0,88,-941,1216
2025-09-01 15:44:38.877250,-9.75,-2.145,-7.800000000000001,2.145,-7.800000000000001,2.145,-0.975,5.46,0,85,-942,1216
2025-09-01 15:44:38.882000,-7.605,2.34,-6.63,1.56,-4.875,0.0,3.9,9.945,-2,90,-956,1216
2025-09-01 15:44:38.886750,-0.585,5.46,1.17,5.265000000000001,-4.68,0.975,15.015,16.38,-1,89,-952,1216
2025-09-01 15:44:38.891500,-4.29,4.095,1.95,1.56,-4.875,4.68,7.605,12.09,2,90,-948,1152
2025-09-01 15:44:38.901000,-17.745,-7.800000000000001,-20.28,-11.895,-19.305,-14.04,-7.41,-6.825,4,91,-948,1280
2025-09-01 15:44:38.904000,-9.555,-2.9250000000000003,-16.38,-3.51,-11.115,-10.92,-12.09,-3.51,4,91,-948,1280
2025-09-01 15:44:38.907000,-11.31,-10.14,-7.995,-6.63,-18.72,-8.19,-6.825,-1.365,1,90,-940,1216
2025-09-01 15:44:38.910000,-22.815,-16.77,-13.455,-15.99,-26.52,-14.625,-12.09,-5.8500000000000005,2,90,-944,1280
2025-09-01 15:44:38.913000,-34.515,-24.375,-24.57,-24.375,-38.025,-14.625,-19.695,-13.845,3,90,-945,1152
2025-09-01 15:44:38.916000,-12.09,-2.145,-6.4350000000000005,-10.92,-18.72,0.195,-2.535,5.46,2,88,-947,1216
2025-09-01 15:44:38.919000,-11.115,-6.045,-11.31,-12.675,-21.645,-7.995,-0.78,2.535,2,88,-947,1216
2025-09-01 15:44:38.925000,-11.115,-5.655,-20.28,-2.9250000000000003,-16.965,-11.895,-34.905,-9.75,3,90,-941,1280
2025-09-01 15:44:38.928125,4.29,11.31,-4.875,16.38,-0.39,-1.95,-13.065,1.95,4,90,-943,1280
2025-09-01 15:44:38.931250,17.355,26.52,19.89,26.325,9.555,12.675,13.26,20.67,1,89,-946,1216
2025-09-01 15:44:38.934375,-12.48,-4.095,-6.24,-5.46,-22.035,-12.87,-12.675,-4.485,1,93,-946,1216
2025-09-01 15:44:38.937500,-11.505,-2.34,-7.605,-3.315,-22.23,-7.215,-9.945,0.78,1,93,-946,1216
2025-09-01 15:44:38.940625,-10.335,-2.9250000000000003,-6.4350000000000005,-1.56,-17.16,-12.87,-5.655,-3.51,6,91,-947,1216
2025-09-01 15:44:38.943750,-14.235,-8.385,-7.800000000000001,-18.33,-29.64,-14.43,-7.0200000000000005,-5.265000000000001,3,92,-945,1280
2025-09-01 15:44:38.950000,-20.865,-20.67,-16.38,-27.105,-34.515,-21.255,-13.65,-17.745,4,95,-942,1152
2025-09-01 15:44:38.951875,-6.24,-2.145,4.485,-2.145,-16.38,-4.875,-5.46,-1.17,1,94,-943,1280
2025-09-01 15:44:38.953750,-19.11,-10.14,-11.115,-29.835,-29.25,-13.845,-12.675,-6.63,8,87,-934,1280
2025-09-01 15:44:38.955625,1.56,4.095,5.265000000000001,7.0200000000000005,-3.9,4.68,4.875,10.14,3,87,-940,1216
2025-09-01 15:44:38.957500,11.895,18.33,11.115,16.965,3.9,6.825,5.8500000000000005,10.53,1,89,-945,1280
2025-09-01 15:44:38.959375,-12.675,-4.485,-13.26,-12.675,-22.815,-20.865,-20.475,-11.7,2,89,-946,1216
2025-09-01 15:44:38.961250,-8.19,-4.485,-20.28,-11.7,-24.18,-21.645,-15.015,-12.87,2,89,-946,1216
2025-09-01 15:44:38.965000,-7.0200000000000005,0.585,-28.665000000000003,-3.51,-20.28,-24.57,-24.18,-20.085,-2,92,-949,1280
2025-09-01 15:44:38.965250,-18.72,-13.065,-28.665000000000003,-18.33,-35.295,-33.735,-23.01,-18.915,-2,97,-950,1216
2025-09-01 15:44:38.965500,-11.31,-7.995,-13.65,-7.215,-22.425,-19.695,-19.305,-12.48,1,94,-950,1280
2025-09-01 15:44:38.965750,-7.0200000000000005,-7.41,-13.065,-3.12,-15.6,-18.135,-13.26,-7.605,-3,92,-950,1280
2025-09-01 15:44:38.966000,0.195,6.045,0.585,7.41,-6.825,-1.755,-7.215,6.63,-1,93,-951,1216
2025-09-01 15:44:38.966250,10.725,4.29,5.07,6.24,-9.75,-2.145,-6.63,7.215,3,93,-951,1216
2025-09-01 15:44:38.966500,-9.165,-10.725,-9.75,-2.34,-22.425,-26.52,-12.09,-13.845,4,91,-952,1280
2025-09-01 15:44:38.967000,-9.945,-5.265000000000001,-18.135,-10.53,-24.96,-26.130000000000003,-12.675,-13.065,4,91,-952,1280
2025-09-01 15:44:38.969375,-7.215,-2.34,-18.915,-10.92,-25.35,-26.325,-34.32,-12.48,9,94,-956,1216
2025-09-01 15:44:38.971750,-23.985,-18.525,-27.495,-30.225,-34.515,-34.71,-43.68,-25.935,8,91,-953,1216
2025-09-01 15:44:38.974125,-20.28,-14.625,-18.135,-14.04,-23.595,-37.05,-25.935,-17.355,8,89,-951,1216
2025-09-01 15:44:38.976500,-6.825,3.9,-7.0200000000000005,0.975,-11.115,-13.65,-9.945,-4.875,4,91,-948,1280
2025-09-01 15:44:38.978875,-13.065,-4.485,-7.41,-9.36,-23.4,-19.695,-16.965,-15.405,4,91,-948,1280
2025-09-01 15:44:38.981250,-13.065,1.56,-3.51,-3.705,-12.09,-15.99,-17.55,-13.455,-6,89,-943,1280
2025-09-01 15:44:38.986000,-4.29,1.95,-0.975,1.365,-6.24,-9.36,-10.725,-4.095,0,89,-948,1280
2025-09-01 15:44:38.986500,4.68,10.335,17.355,17.55,8.97,-1.17,8.97,8.385,-2,90,-947,1152
2025-09-01 15:44:38.987000,7.215,11.895,11.7,20.865,9.75,11.7,6.24,12.285,-1,90,-954,1280
2025-09-01 15:44:38.987500,-17.745,-13.065,-8.58,-10.14,-23.595,-18.135,-24.96,-12.87,1,88,-952,1280
2025-09-01 15:44:38.988000,-18.525,-12.48,-9.165,-5.07,-16.965,-12.87,-24.57,-7.800000000000001,1,88,-952,1280
2025-09-01 15:44:38.988500,-8.385,-10.14,-8.385,1.17,-13.065,-16.965,-12.09,-6.4350000000000005,4,92,-961,1280
2025-09-01 15:44:38.989000,-22.425,-17.16,-26.91,-15.21,-15.99,-29.25,-31.395,-19.11,4,88,-952,1280
2025-09-01 15:44:38.990000,-26.325,-21.84,-27.3,-23.4,-32.76,-31.59,-34.71,-24.57,-1,90,-954,1216
2025-09-01 15:44:38.993125,-10.725,-3.705,-9.165,-1.17,-10.335,-12.87,-13.065,-8.97,-4,90,-951,1216
2025-09-01 15:44:38.996250,-9.75,0.0,-15.21,-1.17,-16.185000000000002,-19.305,-9.945,-15.6,-4,90,-951,1216
2025-09-01 15:44:38.999375,-21.45,-7.605,-12.09,-11.31,-17.355,-19.89,-18.33,-13.845,-6,96,-935,1280
2025-09-01 15:44:39.002500,-13.845,-3.705,-6.63,-4.68,-15.6,-14.82,-17.355,-8.58,-2,96,-940,1280
2025-09-01 15:44:39.005625,-6.63,10.92,3.705,2.145,-4.485,-10.53,-5.655,0.39,-3,91,-948,1216
2025-09-01 15:44:39.008750,-18.135,-8.97,-12.87,-15.6,-30.225,-24.375,-18.135,-18.915,-3,88,-949,1216
2025-09-01 15:44:39.015000,-17.745,-4.68,-2.9250000000000003,-0.975,-14.625,-13.065,-8.385,-4.095,-3,88,-949,1216
2025-09-01 15:44:39.016875,-13.65,-1.95,-6.63,-1.365,-14.625,-11.7,-12.87,-6.4350000000000005,-3,88,-953,1216
2025-09-01 15:44:39.018750,-29.835,-15.99,-15.015,-15.99,-29.055,-27.885,-18.33,-12.87,-4,86,-942,1280
2025-09-01 15:44:39.020625,-31.395,-22.23,-18.135,-17.55,-29.25,-31.395,-30.615,-23.01,-9,87,-946,1280
2025-09-01 15:44:39.022500,-8.775,-3.315,1.17,7.605,-4.29,-6.825,-4.875,0.78,-4,88,-949,1280
2025-09-01 15:44:39.024375,-7.995,-1.365,-3.315,1.56,-10.53,-12.09,1.17,-2.34,-4,88,-949,1280
2025-09-01 15:44:39.026250,-15.6,-4.875,-6.825,-2.535,-22.23,-15.6,-16.965,-13.26,-4,88,-954,1280
2025-09-01 15:44:39.030000,-12.675,-1.365,-4.485,-4.29,-14.43,-9.165,-18.135,-6.4350000000000005,1,86,-961,1280
2025-09-01 15:44:39.030750,5.655,17.16,12.285,15.405,8.385,7.215,7.800000000000001,11.505,-1,85,-954,1216
2025-09-01 15:44:39.031500,-10.335,-14.04,-9.75,-4.29,-21.84,-16.38,-15.99,-12.48,0,86,-946,1216
2025-09-01 15:44:39.032250,-17.745,-12.87,-18.33,-11.895,-24.18,-20.28,-26.715,-24.375,-3,86,-948,1280
2025-09-01 15:44:39.033000,3.12,8.97,1.365,0.585,-4.485,2.535,-4.485,0.78,0,86,-951,1216
2025-09-01 15:44:39.033750,3.12,8.97,3.705,-1.56,-10.335,3.9,-2.34,1.755,0,86,-951,1216
2025-09-01 15:44:39.034500,-8.58,6.825,-3.705,-0.975,-9.555,0.78,-1.365,3.51,-8,85,-944,1152
2025-09-01 15:44:39.036000,12.285,14.43,7.800000000000001,16.575,3.315,7.215,7.215,12.285,-1,93,-945,1216
2025-09-01 15:44:39.039375,10.14,21.255,6.045,16.185000000000002,4.68,5.46,13.455,15.6,-1,91,-945,1216
2025-09-01 15:44:39.042750,0.78,2.9250000000000003,-3.315,-0.585,-12.48,-10.14,-5.46,-3.705,0,88,-947,1280
2025-09-01 15:44:39.046125,-3.315,-3.315,-3.315,-2.535,-7.800000000000001,-2.9250000000000003,-14.04,-3.12,0,88,-947,1280
2025-09-01 15:44:39.049500,2.9250000000000003,2.73,5.655,3.9,-5.8500000000000005,2.535,-3.315,8.385,2,86,-959,1280
2025-09-01 15:44:39.052875,-9.555,-9.165,-6.24,-5.46,-20.28,-13.26,-21.84,-8.775,-3,84,-950,1216
2025-09-01 15:44:39.056250,-18.33,-15.405,-8.19,-16.965,-34.125,-17.355,-30.03,-12.285,-3,86,-947,1280
2025-09-01 15:44:39.063000,-0.195,2.73,5.8500000000000005,5.46,-9.36,0.39,-9.165,6.24,-4,85,-948,1216
2025-09-01 15:44:39.064875,-2.145,1.365,4.68,-9.945,-16.38,-0.585,-4.29,0.975,-4,85,-948,1216
2025-09-01 15:44:39.066750,-5.265000000000001,1.365,7.0200000000000005,-1.755,-14.625,0.39,-7.41,3.705,-10,91,-938,1216
2025-09-01 15:44:39.068625,7.995,14.04,15.21,5.655,2.145,11.505,4.095,18.525,-5,92,-942,1216
2025-09-01 15:44:39.070500,13.26,24.96,20.865,13.26,8.97,19.305,13.455,27.105,-3,87,-943,1216
2025-09-01 15:44:39.072375,-7.605,-4.68,-0.39,-2.535,-10.14,-8.97,-3.12,-6.4350000000000005,-2,89,-942,1280
2025-09-01 15:44:39.074250,-0.195,-2.73,1.365,-3.12,-13.845,3.51,7.800000000000001,11.7,-2,89,-942,1280
2025-09-01 15:44:39.078000,0.975,-1.365,0.78,-8.58,-16.965,-2.34,-5.07,3.9,4,91,-940,1216
2025-09-01 15:44:39.078375,-11.115,-1.17,-5.655,-8.775,-16.575,-8.58,-8.19,9.165,-5,97,-924,1216
2025-09-01 15:44:39.078750,-9.555,-9.75,-8.775,-17.94,-18.72,-10.53,-9.945,-3.12,-4,93,-936,1280
2025-09-01 15:44:39.079125,6.825,2.145,4.875,3.51,3.12,2.73,-2.145,8.19,-1,90,-941,1216
2025-09-01 15:44:39.079500,1.365,1.56,-6.24,-1.365,-3.51,-5.8500000000000005,-5.265000000000001,0.39,-1,90,-941,1216
2025-09-01 15:44:39.079875,6.045,7.605,5.46,7.800000000000001,2.535,-3.9,-4.29,11.115,0,87,-940,1280
2025-09-01 15:44:39.080250,11.115,18.72,10.14,7.0200000000000005,8.97,6.825,5.46,17.355,-3,88,-950,1280
2025-09-01 15:44:39.081000,16.965,22.035,10.14,9.945,8.385,6.63,13.455,25.35,-4,87,-949,1280
2025-09-01 15:44:39.084375,-5.46,-6.24,-3.51,-11.115,-12.87,-17.55,-9.36,-0.39,-3,90,-948,1216
2025-09-01 15:44:39.087750,-5.46,-7.41,-13.065,-2.9250000000000003,-10.335,-17.55,-13.455,-5.8500000000000005,-3,90,-948,1472
2025-09-01 15:44:39.091125,-1.755,3.51,3.9,-4.29,-8.97,-5.8500000000000005,-5.265000000000001,-3.12,2,91,-953,1280
2025-09-01 15:44:39.094500,-8.19,2.73,-14.43,-9.945,-16.185000000000002,-21.45,-17.94,-14.43,-3,87,-946,1216
2025-09-01 15:44:39.097875,-17.355,-13.065,-21.645,-22.62,-22.035,-28.47,-26.52,-18.72,-3,85,-947,1216
2025-09-01 15:44:39.101250,-0.39,2.73,0.585,2.34,-1.95,0.39,4.875,2.34,-2,84,-941,1280
2025-09-01 15:44:39.108000,0.975,-0.78,1.56,-3.12,-9.75,-9.555,-0.975,1.95,-2,84,-941,1216
2025-09-01 15:44:39.110000,-7.995,-5.265000000000001,-1.95,-5.8500000000000005,-12.87,-11.895,-7.215,-5.8500000000000005,-7,85,-930,1216
2025-09-01 15:44:39.112000,3.9,1.365,3.705,-0.78,2.73,-7.995,3.12,6.63,1,88,-933,1216
2025-09-01 15:44:39.114000,6.63,8.775,8.97,3.705,2.73,-8.19,7.41,10.53,-2,91,-940,1280
2025-09-01 15:44:39.116000,-4.875,-2.73,-3.315,-2.34,-12.285,-17.16,-7.215,-4.29,-1,86,-944,1216
2025-09-01 15:44:39.118000,-11.7,1.56,-3.315,-1.56,-6.63,-17.16,4.485,3.12,-1,86,-944,1216
2025-09-01 15:44:39.120000,-0.585,9.555,4.68,-4.68,-3.51,-8.775,1.56,4.485,4,85,-942,1216
2025-09-01 15:44:39.124000,-8.385,-5.8500000000000005,-8.58,-16.185000000000002,-21.255,-22.035,-7.215,-11.895,-2,91,-935,1216
2025-09-01 15:44:39.124375,-19.11,-23.01,-18.135,-29.055,-28.47,-23.595,-11.31,-12.675,1,89,-943,1280
2025-09-01 15:44:39.124750,-2.9250000000000003,0.39,4.29,-4.485,-7.215,-4.875,9.945,11.505,-1,88,-941,1216
2025-09-01 15:44:39.125125,-7.605,-0.39,-4.29,-5.655,-9.36,-14.235,-11.115,-10.335,-1,88,-941,1216
2025-09-01 15:44:39.125500,-4.485,3.12,-2.34,-3.9,-12.09,-12.48,-7.995,-2.34,-2,91,-940,1216
2025-09-01 15:44:39.125875,7.995,15.015,8.97,11.7,9.36,0.975,4.68,16.965,-3,87,-943,1216
2025-09-01 15:44:39.126250,9.555,21.45,19.305,11.895,11.31,9.36,15.99,22.23,-4,87,-945,1216
2025-09-01 15:44:39.127000,-1.17,3.51,-1.95,-4.485,-13.455,-9.555,-7.605,6.045,0,85,-945,1216
2025-09-01 15:44:39.130000,-2.145,3.51,-6.4350000000000005,1.95,-5.46,-8.58,4.095,6.63,-3,85,-945,1152
2025-09-01 15:44:39.133000,-4.485,6.24,6.045,-2.34,-8.58,0.78,9.555,14.82,-3,82,-953,1152
2025-09-01 15:44:39.136000,-18.33,2.145,-14.43,-16.77,-18.915,-17.745,-27.105,-6.24,0,82,-957,1216
2025-09-01 15:44:39.139000,-23.4,-9.555,-26.715,-29.445,-26.130000000000003,-34.515,-33.735,-20.085,-3,81,-952,1216
2025-09-01 15:44:39.142000,-10.92,6.63,-1.755,-7.215,-7.0200000000000005,-11.505,2.145,11.31,0,83,-949,1216
2025-09-01 15:44:39.145000,-5.46,1.755,-3.51,-14.82,-9.36,-16.965,-4.29,5.07,3,90,-948,1280
2025-09-01 15:44:39.151000,-0.585,11.7,-1.56,-0.585,0.195,-15.6,-4.095,3.9,3,90,-948,1280
2025-09-01 15:44:39.152875,7.995,15.405,9.945,4.095,5.265000000000001,-5.07,8.19,18.525,6,87,-941,1152
2025-09-01 15:44:39.154750,-5.46,0.585,-11.7,-4.485,-7.0200000000000005,-21.45,-5.265000000000001,-0.39,3,86,-944,1216
2025-09-01 15:44:39.156625,-9.165,0.78,-7.215,-11.505,-12.48,-17.16,-1.17,0.585,-1,88,-941,1152
2025-09-01 15:44:39.158500,-5.265000000000001,3.315,0.585,-8.385,-12.09,-13.845,14.235,10.92,-1,88,-941,1152
2025-09-01 15:44:39.160375,-21.06,-6.24,-18.525,-27.69,-21.645,-18.72,-11.31,-11.895,0,90,-949,1216
2025-09-01 15:44:39.162250,-21.645,-3.705,-14.82,-25.155,-24.96,-20.67,-8.97,-2.9250000000000003,1,88,-950,1280
2025-09-01 15:44:39.166000,-11.505,6.045,-9.75,-13.26,-8.58,-16.965,-5.265000000000001,6.825,1,86,-946,1152
2025-09-01 15:44:39.172000,-7.995,8.775,-13.845,-10.14,-7.215,-18.525,-4.875,2.73,4,84,-956,1216
2025-09-01 15:44:39.178000,-11.505,6.24,-11.31,-15.21,-9.555,-17.55,-0.975,5.8500000000000005,4,84,-956,1216
2025-09-01 15:44:39.184000,-2.9250000000000003,11.7,0.975,-7.215,1.755,-7.800000000000001,19.89,22.035,1,82,-949,1280
2025-09-01 15:44:39.190000,14.235,25.74,7.0200000000000005,9.945,13.455,-3.9,14.235,20.475,2,84,-949,1280
2025-09-01 15:44:39.196000,-13.65,1.365,-12.675,-17.94,-15.6,-22.62,-6.63,0.195,1,84,-947,1216
2025-09-01 15:44:39.202000,-9.165,2.34,-8.58,-4.095,-8.19,-17.355,-2.535,5.46,3,91,-947,1152
2025-09-01 15:44:39.214000,-7.215,8.19,-5.46,-7.800000000000001,-2.9250000000000003,-10.92,4.29,8.775,3,91,-947,1152
2025-09-01 15:44:39.217250,-8.97,1.365,-14.235,-14.625,-11.7,-21.06,-11.505,-6.045,5,94,-952,1216
2025-09-01 15:44:39.220500,-17.355,-1.17,-21.06,-19.695,-21.45,-26.715,-14.625,-6.63,2,90,-949,1216
2025-09-01 15:44:39.223750,0.195,10.725,-8.385,2.145,-2.145,-10.335,-1.365,7.995,2,88,-948,1216
2025-09-01 15:44:39.227000,-11.7,-5.265000000000001,-9.36,-9.36,-15.405,-23.01,-7.605,2.9250000000000003,-1,89,-943,1216
2025-09-01 15:44:39.230250,-11.115,-1.95,-3.705,-13.455,-11.31,-7.0200000000000005,3.9,11.895,-1,89,-943,1216
2025-09-01 15:44:39.233500,-2.9250000000000003,10.92,6.24,-1.56,-2.9250000000000003,-4.875,17.355,22.035,4,93,-925,1280
2025-09-01 15:44:39.240000,7.605,13.65,19.305,1.17,4.29,4.29,21.06,27.495,4,92,-937,1216
2025-09-01 15:44:39.243125,-6.045,1.755,-6.63,-16.575,-12.285,-17.16,-4.875,-2.73,2,89,-944,1152
2025-09-01 15:44:39.246250,-17.16,-7.215,-8.775,-22.035,-15.405,-22.815,-9.945,0.39,5,90,-943,1280
2025-09-01 15:44:39.249375,-8.97,-2.9250000000000003,-14.625,-13.065,-9.945,-18.135,-1.365,5.655,5,90,-943,1280
2025-09-01 15:44:39.252500,-17.355,-12.48,-22.62,-16.77,-15.015,-17.94,-15.405,-4.485,6,92,-951,1280
2025-09-01 15:44:39.255625,-16.575,-9.36,-21.84,-22.035,-17.745,-23.595,-20.67,-0.975,3,93,-946,1152
2025-09-01 15:44:39.258750,-8.97,2.73,-1.365,-2.34,-5.655,-3.705,1.365,20.475,1,93,-951,1216
2025-09-01 15:44:39.265000,-0.39,7.800000000000001,4.095,-0.78,3.51,-0.78,10.53,17.16,1,89,-947,1216
2025-09-01 15:44:39.265000,-8.775,2.145,3.12,-10.335,-11.895,-8.385,7.215,12.87,1,89,-947,1216
2025-09-01 15:44:39.265000,-14.43,-9.36,-2.9250000000000003,-16.185000000000002,-12.675,-10.725,-4.095,-0.39,8,91,-942,1216
2025-09-01 15:44:39.265000,-23.4,-10.53,-14.625,-21.45,-18.33,-19.695,-6.24,-7.41,5,89,-942,1216
2025-09-01 15:44:39.265000,-8.58,7.0200000000000005,-1.95,-8.97,0.78,-6.4350000000000005,8.385,7.800000000000001,6,91,-943,1216
2025-09-01 15:44:39.265000,1.56,9.555,0.0,-3.51,6.24,-2.145,9.36,5.655,6,90,-944,1152
2025-09-01 15:44:39.265000,-6.825,0.78,-6.4350000000000005,-10.92,2.73,-13.065,1.365,3.12,6,90,-944,1152
2025-09-01 15:44:39.265000,1.755,14.82,7.605,-1.755,11.7,-2.73,11.505,17.16,4,92,-949,1216
2025-09-01 15:44:39.267375,-3.705,11.505,-1.95,-3.705,6.825,-8.385,10.53,11.895,5,90,-945,1280
2025-09-01 15:44:39.269750,-6.63,5.46,10.725,-3.51,4.68,4.485,13.65,17.745,5,87,-946,1280
2025-09-01 15:44:39.272125,1.365,10.335,4.095,-2.535,7.41,2.73,7.0200000000000005,11.7,4,87,-947,1216
2025-09-01 15:44:39.274500,-7.605,5.8500000000000005,5.265000000000001,-7.605,3.51,-3.51,7.41,5.46,4,87,-947,1216
2025-09-01 15:44:39.276875,2.145,8.58,15.795,-2.9250000000000003,8.775,7.41,17.55,20.28,-1,92,-939,1152
2025-09-01 15:44:39.279250,0.975,14.82,23.985,-0.195,6.045,16.77,30.81,27.105,3,91,-941,1216
2025-09-01 15:44:39.284000,-23.205,-9.555,-2.145,-19.11,-12.675,-8.19,2.535,-0.585,7,90,-943,1216
2025-09-01 15:44:39.286375,-23.205,-7.800000000000001,1.95,-21.84,-11.895,-7.215,7.995,10.725,3,88,-943,1280
2025-09-01 15:44:39.288750,-13.455,1.365,9.75,-13.065,-0.39,2.535,6.24,2.34,4,93,-941,1216
2025-09-01 15:44:39.291125,4.875,11.31,14.625,-3.51,4.29,7.215,14.04,12.48,0,97,-945,1216
2025-09-01 15:44:39.293500,-15.405,-4.095,1.95,-20.475,-12.48,-12.87,-2.9250000000000003,-4.095,3,96,-948,1280
2025-09-01 15:44:39.295875,-16.965,-4.095,-7.605,-20.085,-11.505,-16.185000000000002,-12.285,-13.26,3,97,-949,1216
2025-09-01 15:44:39.298250,-15.015,-8.97,-0.975,-19.305,-8.19,-3.9,5.07,0.0,3,97,-949,1216
2025-09-01 15:44:39.303000,-22.23,-15.405,-1.95,-25.155,-20.475,-16.185000000000002,-1.17,-4.875,1,104,-952,1216
2025-09-01 15:44:39.306250,-27.885,-26.715,-28.08,-36.27,-32.565,-40.56,-33.54,-23.985,8,95,-948,1216
2025-09-01 15:44:39.309500,-16.38,0.78,-5.07,-20.28,-13.845,-9.555,-2.73,-3.9,7,93,-951,1280
2025-09-01 15:44:39.312750,-16.185000000000002,-3.315,-7.41,-16.575,-14.82,-15.99,-6.045,-6.4350000000000005,4,97,-950,1280
2025-09-01 15:44:39.316000,-19.89,-5.46,-4.485,-14.43,-13.65,-10.53,-1.365,-1.56,4,97,-950,1280
2025-09-01 15:44:39.319250,-9.945,10.725,7.995,-7.41,-1.755,2.73,13.455,12.48,3,91,-951,1216
2025-09-01 15:44:39.322500,-4.095,14.82,10.53,1.95,3.51,0.39,15.99,13.845,4,97,-945,1216
2025-09-01 15:44:39.329000,-18.135,-10.14,-14.625,-20.865,-16.77,-20.67,-3.315,-12.87,3,98,-950,1216
2025-09-01 15:44:39.332000,-22.815,-4.875,-14.235,-20.865,-12.285,-27.885,-5.265000000000001,-12.87,6,97,-952,1280
2025-09-01 15:44:39.335000,-15.795,1.365,-11.895,-12.09,-11.7,-15.6,-11.505,-10.14,6,97,-952,1280
2025-09-01 15:44:39.338000,-25.545,-14.04,-18.33,-23.205,-25.155,-27.3,-20.085,-18.72,3,99,-951,1216
2025-09-01 15:44:39.341000,-30.225,-17.745,-20.28,-32.175000000000004,-23.4,-23.79,-11.115,-12.48,4,94,-950,1280
2025-09-01 15:44:39.344000,-15.405,1.365,4.485,-5.46,-3.9,-10.725,10.53,5.655,2,94,-946,1280
2025-09-01 15:44:39.347000,-16.38,-1.56,-2.73,-7.215,-11.7,-10.725,6.24,-2.9250000000000003,5,94,-949,1216
2025-09-01 15:44:39.353000,-22.62,-3.9,-1.755,-15.99,-13.065,-14.625,-4.485,-3.315,5,94,-949,1216
2025-09-01 15:44:39.353375,-11.31,5.655,4.68,4.29,4.485,4.095,9.75,12.285,9,92,-956,1216
2025-09-01 15:44:39.353750,-2.145,21.645,21.645,11.895,10.92,16.77,22.035,27.3,3,98,-936,1280
2025-09-01 15:44:39.354125,-8.58,4.68,6.63,-7.995,-0.78,2.9250000000000003,12.675,10.14,3,95,-943,1280
2025-09-01 15:44:39.354500,-15.6,-3.9,7.0200000000000005,-12.09,-4.485,3.12,15.6,14.43,2,97,-946,1280
2025-09-01 15:44:39.354875,-15.405,1.17,6.4350000000000005,-7.0200000000000005,0.585,-4.29,10.92,11.505,2,97,-946,1280
2025-09-01 15:44:39.355250,-21.45,-9.555,4.875,-14.235,-6.825,-7.215,1.17,2.145,4,95,-944,1216
2025-09-01 15:44:39.356000,-27.495,-16.38,-2.9250000000000003,-12.09,-10.92,-17.16,-2.73,3.12,5,100,-958,1216
2025-09-01 15:44:39.363625,-9.945,2.34,9.75,5.46,1.56,-3.315,9.75,21.84,4,96,-956,1216
2025-09-01 15:44:39.371250,-9.75,5.46,6.63,5.46,0.585,-6.825,10.53,16.77,5,96,-952,1216
2025-09-01 15:44:39.378875,-7.41,3.12,7.0200000000000005,5.46,7.215,-0.975,8.775,16.77,5,96,-952,1216
2025-09-01 15:44:39.386500,-3.315,8.385,7.605,6.63,6.825,3.12,10.92,14.04,3,96,-958,1216
2025-09-01 15:44:39.394125,-11.895,4.485,17.355,0.39,8.385,9.36,15.795,22.62,5,91,-956,1216
2025-09-01 15:44:39.401750,-18.72,-12.285,0.585,-11.115,-7.800000000000001,-0.585,2.73,5.265000000000001,3,94,-955,1280
2025-09-01 15:44:39.417000,-15.795,-7.995,-1.755,-7.0200000000000005,-7.0200000000000005,2.145,13.26,11.7,3,95,-954,1280
2025-09-01 15:44:39.419250,3.51,5.46,17.55,8.385,8.775,14.04,20.475,18.135,3,95,-954,1280
2025-09-01 15:44:39.421500,2.73,2.34,-0.975,1.365,5.655,-2.535,8.58,0.975,4,96,-947,1280
2025-09-01 15:44:39.423750,-14.82,-5.655,-5.8500000000000005,-15.405,-7.0200000000000005,-6.825,-5.265000000000001,-0.585,5,101,-948,1152
2025-09-01 15:44:39.426000,-3.315,8.58,14.625,2.9250000000000003,8.58,7.800000000000001,23.79,18.33,8,97,-950,1216
2025-09-01 15:44:39.428250,-2.34,6.24,13.065,1.95,10.92,3.705,15.405,13.455,1,95,-953,1280
2025-09-01 15:44:39.430500,-15.21,-2.34,0.195,-10.335,-7.605,-7.605,6.825,-0.39,1,95,-953,1280
2025-09-01 15:44:39.435000,-6.4350000000000005,2.535,10.92,-0.195,1.56,-3.12,17.355,18.72,2,95,-955,1280
2025-09-01 15:44:39.435750,4.485,17.16,34.905,12.87,17.16,15.6,36.855,34.125,4,92,-958,1216
2025-09-01 15:44:39.436500,-8.97,5.655,-1.17,-0.39,-3.9,-9.36,3.9,6.825,3,96,-950,1216
2025-09-01 15:44:39.437250,-20.865,-3.705,-6.825,-13.065,-14.04,-14.625,3.705,1.365,-4,96,-943,1216
2025-09-01 15:44:39.438000,10.14,15.015,10.53,7.41,6.825,0.195,22.425,20.67,0,93,-945,1216
2025-09-01 15:44:39.438750,8.97,15.795,7.41,6.825,5.265000000000001,-0.975,8.97,15.6,1,90,-948,1216
2025-09-01 15:44:39.439500,-6.24,8.58,6.63,-1.17,-6.825,-5.46,16.77,16.965,-3,90,-943,1216
2025-09-01 15:44:39.441000,3.9,12.48,17.55,14.04,5.655,5.46,26.91,27.495,-3,90,-943,1216
2025-09-01 15:44:39.443875,2.9250000000000003,14.625,16.575,9.945,10.92,7.995,16.185000000000002,21.255,11,91,-937,1216
2025-09-01 15:44:39.446750,-9.555,5.8500000000000005,6.4350000000000005,-5.8500000000000005,-11.115,-5.655,7.605,11.7,7,92,-940,1152
2025-09-01 15:44:39.449625,-9.36,8.385,0.975,1.365,-10.92,-5.265000000000001,0.39,2.34,6,91,-940,1216
2025-09-01 15:44:39.452500,-8.58,8.385,7.0200000000000005,-0.78,-2.34,3.12,12.87,11.895,7,90,-948,1280
2025-09-01 15:44:39.455375,-14.625,6.24,1.755,-7.800000000000001,-12.48,-9.36,1.365,4.29,7,90,-948,1280
2025-09-01 15:44:39.458250,-21.06,-4.095,-7.605,-15.21,-21.06,-21.645,-10.14,-7.41,3,88,-950,1216
2025-09-01 15:44:39.464000,-2.535,11.505,14.235,3.705,5.46,9.36,16.77,17.355,4,90,-947,1216
2025-09-01 15:44:39.466125,-1.56,8.58,16.38,5.46,1.56,3.12,10.335,5.8500000000000005,5,89,-946,1216
2025-09-01 15:44:39.468250,-6.4350000000000005,5.46,6.045,0.39,-6.825,-2.535,7.0200000000000005,7.0200000000000005,3,89,-943,1280
2025-09-01 15:44:39.470375,4.68,16.38,16.38,10.725,8.775,9.555,10.53,10.725,3,89,-943,1280
2025-09-01 15:44:39.472500,0.78,15.405,16.38,10.335,5.655,10.335,15.015,18.33,9,89,-948,1216
2025-09-01 15:44:39.474625,-4.68,11.31,3.9,1.365,-7.605,-3.12,3.315,-4.29,5,88,-949,1216
2025-09-01 15:44:39.476750,-8.58,10.335,4.095,-1.755,-7.215,-3.12,15.015,10.53,3,89,-945,1216
2025-09-01 15:44:39.481000,-10.335,17.55,9.945,2.145,-5.655,-6.24,7.41,9.165,4,92,-948,1216
2025-09-01 15:44:39.487125,-6.4350000000000005,14.43,5.46,-2.535,1.755,-9.165,-2.73,-4.875,4,92,-948,1216
2025-09-01 15:44:39.493250,-5.265000000000001,11.895,4.29,-7.995,-7.605,-12.48,-2.9250000000000003,-1.755,-2,89,-937,1216
2025-09-01 15:44:39.499375,-8.385,15.015,15.405,0.585,-5.46,0.78,23.205,15.405,0,93,-941,1152
2025-09-01 15:44:39.505500,6.4350000000000005,15.21,19.5,4.29,1.365,7.0200000000000005,13.26,12.87,0,94,-944,1216
2025-09-01 15:44:39.511625,-1.56,8.19,20.865,-2.34,1.56,5.46,16.575,16.965,-3,92,-946,1216
2025-09-01 15:44:39.517750,11.31,18.33,30.225,14.43,13.065,22.425,34.905,29.835,-3,92,-946,1216
2025-09-01 15:44:39.530000,13.845,26.52,30.615,13.455,13.26,17.745,26.52,31.395,-9,95,-950,1216
2025-09-01 15:44:39.533250,0.585,9.555,0.39,1.755,4.68,-5.265000000000001,1.95,9.36,-8,96,-950,1280
2025-09-01 15:44:39.536500,-1.365,9.165,3.51,-3.12,-2.145,-2.9250000000000003,0.39,10.14,-8,95,-943,1216
2025-09-01 15:44:39.539750,-2.34,10.335,5.46,-1.365,5.07,-5.655,3.315,1.755,-5,95,-947,1216
2025-09-01 15:44:39.543000,-5.265000000000001,9.945,4.29,-1.95,4.68,-3.9,13.065,7.605,-5,95,-947,1216
2025-09-01 15:44:39.546250,-14.04,-1.755,3.705,-13.065,-10.92,2.145,4.68,-2.145,1,93,-945,1152
2025-09-01 15:44:39.549500,6.24,17.745,12.87,11.505,8.775,12.48,15.6,10.14,0,90,-948,1280
2025-09-01 15:44:39.556000,6.24,15.015,16.575,1.365,6.825,9.165,16.38,10.14,-1,90,-944,1216
2025-09-01 15:44:39.557125,-3.315,11.895,7.605,-5.655,-4.68,3.9,14.82,7.800000000000001,-3,93,-941,1152
2025-09-01 15:44:39.558250,3.9,17.355,18.135,4.875,10.53,15.6,22.815,18.525,-3,93,-941,1152
2025-09-01 15:44:39.559375,10.14,27.495,17.94,16.965,13.845,18.525,24.96,18.525,-1,97,-945,1216
2025-09-01 15:44:39.560500,-1.755,9.75,8.97,5.8500000000000005,-5.265000000000001,3.51,15.99,6.045,-6,93,-944,1216
2025-09-01 15:44:39.561625,-9.945,4.68,2.34,4.095,-10.14,4.875,6.045,1.95,-7,93,-945,1216
2025-09-01 15:44:39.562750,-8.58,13.845,7.0200000000000005,0.585,-3.705,5.07,4.68,-4.485,-6,94,-943,1216
2025-09-01 15:44:39.565000,-18.525,7.605,6.4350000000000005,-12.48,-10.725,-0.78,1.95,1.17,-6,94,-943,1216
2025-09-01 15:44:39.568875,-20.865,-2.73,5.46,-10.53,-14.235,-5.655,-4.485,-6.825,-3,90,-960,1280
2025-09-01 15:44:39.572750,16.965,24.765,17.16,17.745,18.135,15.99,15.405,16.38,-6,94,-942,1216
2025-09-01 15:44:39.576625,17.16,31.395,33.93,18.915,25.74,27.495,32.955,26.715,-4,95,-939,1152
2025-09-01 15:44:39.580500,-2.9250000000000003,11.31,15.21,1.755,4.095,5.46,13.065,4.485,-4,100,-938,1216
2025-09-01 15:44:39.584375,-4.68,7.41,9.945,-2.34,-4.68,1.95,-6.24,-1.365,-8,95,-942,1280
2025-09-01 15:44:39.588250,-2.145,14.625,10.335,5.07,0.585,5.46,9.36,-0.195,-9,93,-946,1216
2025-09-01 15:44:39.596000,-7.995,3.51,3.315,-1.17,-10.725,-8.58,-2.73,-4.485,-9,93,-946,1216
2025-09-01 15:44:39.596375,-21.84,0.0,-7.215,-15.405,-15.405,-14.82,-10.92,-12.675,-8,97,-944,1216
2025-09-01 15:44:39.596750,-4.29,9.36,8.19,-12.285,-10.725,-1.365,6.63,-1.365,-18,92,-955,1216
2025-09-01 15:44:39.597125,-9.36,9.165,8.775,-3.705,-7.0200000000000005,4.875,1.56,10.725,-16,93,-953,1152
2025-09-01 15:44:39.597500,3.12,10.53,15.015,5.265000000000001,4.68,4.68,15.6,12.09,-14,94,-944,1280
2025-09-01 15:44:39.597875,-6.045,7.605,17.355,-6.045,-4.485,4.875,17.94,5.8500000000000005,-14,94,-944,1280
2025-09-01 15:44:39.598250,-14.625,-1.95,5.8500000000000005,-8.58,-7.800000000000001,-2.9250000000000003,6.045,-0.195,-11,96,-943,1216
2025-09-01 15:44:39.599000,-4.875,9.555,12.87,0.0,-1.365,12.675,26.325,10.92,-8,92,-942,1152
2025-09-01 15:44:39.602125,-1.365,13.065,9.555,5.265000000000001,4.875,8.58,15.795,6.825,-7,92,-942,1216
2025-09-01 15:44:39.605250,-2.145,13.845,10.92,6.825,8.58,5.8500000000000005,14.04,1.56,-11,91,-948,1216
2025-09-01 15:44:39.608375,4.095,17.355,21.06,10.53,8.58,18.33,30.42,16.185000000000002,-11,91,-948,1216
2025-09-01 15:44:39.611500,7.800000000000001,19.5,21.645,19.5,13.065,22.035,32.370000000000005,23.01,-10,98,-938,1280
2025-09-01 15:44:39.614625,-6.825,6.825,6.63,1.365,-2.73,4.29,5.8500000000000005,-1.95,-8,97,-943,1280
2025-09-01 15:44:39.617750,-14.625,0.78,2.535,-1.95,-7.215,4.875,8.19,-1.95,-8,91,-945,1216
2025-09-01 15:44:39.624000,-4.68,2.145,9.555,3.12,-1.56,5.265000000000001,23.79,10.725,-10,94,-943,1280
2025-09-01 15:44:39.625750,-6.24,-7.0200000000000005,2.535,-5.07,-7.800000000000001,-1.56,11.505,-2.9250000000000003,-10,94,-943,1280
2025-09-01 15:44:39.627500,-5.07,1.755,5.655,0.195,1.56,-6.045,17.55,2.535,0,90,-951,1280
2025-09-01 15:44:39.629250,-14.04,-3.315,-6.24,-4.485,-6.825,-3.705,0.78,-6.825,-5,96,-945,1280
2025-09-01 15:44:39.631000,0.0,9.165,16.77,7.41,14.82,12.09,29.055,10.335,5,93,-948,1280
2025-09-01 15:44:39.632750,0.975,9.165,9.555,6.4350000000000005,4.68,4.485,22.035,8.58,4,95,-949,1216
2025-09-01 15:44:39.634500,-5.46,-3.51,10.92,4.29,-1.17,7.605,28.275,15.21,5,93,-947,1152
2025-09-01 15:44:39.638000,0.585,0.78,19.89,5.265000000000001,1.56,14.235,35.49,18.33,5,93,-947,1152
2025-09-01 15:44:39.638750,11.7,16.185000000000002,29.25,12.87,17.16,22.035,34.515,22.035,11,88,-945,1216
2025-09-01 15:44:39.639500,3.315,10.335,30.225,11.895,5.655,18.33,32.175000000000004,19.89,-3,94,-951,1280
2025-09-01 15:44:39.640250,13.845,10.92,21.645,7.800000000000001,12.87,5.8500000000000005,29.055,13.455,2,93,-951,1216
2025-09-01 15:44:39.641000,5.07,8.58,20.67,0.975,0.585,4.485,28.86,14.82,0,94,-947,1216
2025-09-01 15:44:39.641750,17.16,15.405,26.91,15.795,11.7,16.965,34.515,18.135,0,94,-947,1280
2025-09-01 15:44:39.642500,19.89,21.645,30.42,22.62,17.94,21.45,42.9,30.81,4,94,-955,1280
2025-09-01 15:44:39.644000,-4.095,0.585,11.7,-2.34,-7.995,-0.78,26.130000000000003,0.78,6,92,-948,1280
2025-09-01 15:44:39.646750,-7.41,-6.63,7.995,-9.36,-12.09,-2.9250000000000003,14.04,0.975,9,94,-950,1216
2025-09-01 15:44:39.649500,-7.995,-4.875,8.58,-9.36,-7.800000000000001,4.29,16.575,0.195,8,92,-941,1216
2025-09-01 15:44:39.652250,6.825,9.945,21.45,9.945,10.53,24.18,28.47,19.695,5,100,-951,1280
2025-09-01 15:44:39.655000,13.26,13.845,23.595,6.63,9.945,16.38,29.445,18.525,2,99,-948,1216
2025-09-01 15:44:39.657750,3.51,9.945,16.575,6.63,5.07,10.725,27.105,16.38,2,93,-951,1280
2025-09-01 15:44:39.660500,14.43,13.65,26.715,12.48,10.335,24.96,33.15,22.035,2,93,-951,1152
2025-09-01 15:44:39.666000,14.43,16.77,28.665000000000003,14.04,16.575,29.25,38.61,27.105,6,93,-949,1152
2025-09-01 15:44:39.668000,5.46,1.365,9.75,4.29,0.39,4.29,13.65,2.9250000000000003,13,90,-949,1216
2025-09-01 15:44:39.670000,-4.095,-3.9,10.14,1.17,1.365,3.705,21.06,8.19,9,89,-947,1216
2025-09-01 15:44:39.672000,-7.605,-6.825,1.365,-1.17,0.195,5.46,16.185000000000002,-1.17,8,89,-948,1216
2025-09-01 15:44:39.674000,-3.9,-5.265000000000001,-1.17,0.195,-1.56,0.0,2.9250000000000003,-9.75,9,89,-948,1280
2025-09-01 15:44:39.676000,-15.015,-11.505,3.315,-12.675,-14.235,-2.73,4.095,-11.7,9,93,-947,1280
2025-09-01 15:44:39.678000,6.825,5.8500000000000005,28.47,10.92,7.605,20.67,31.005000000000003,15.21,7,92,-957,1152
2025-09-01 15:44:39.682000,10.53,9.75,28.275,7.41,8.385,14.235,24.375,10.14,7,91,-953,1216
2025-09-01 15:44:39.682750,-1.95,-3.705,16.965,-0.585,-4.875,15.015,21.645,4.875,5,86,-953,1216
2025-09-01 15:44:39.683500,5.07,0.39,24.57,6.4350000000000005,1.95,22.815,32.955,18.525,5,91,-943,1216
2025-09-01 15:44:39.684250,7.605,10.53,26.130000000000003,12.48,10.725,21.06,34.125,15.405,5,91,-943,1216
2025-09-01 15:44:39.685000,0.585,0.78,6.825,1.365,0.39,2.535,11.7,-5.8500000000000005,15,89,-944,1280
2025-09-01 15:44:39.685750,-1.755,-3.705,8.19,-0.975,-0.78,3.9,13.26,2.535,13,88,-947,1216
2025-09-01 15:44:39.686500,-5.8500000000000005,-1.365,7.995,-3.9,-4.875,5.07,15.795,-3.705,10,88,-947,1152
2025-09-01 15:44:39.688000,-13.65,-11.895,-2.535,-12.285,-12.48,-4.29,21.45,-6.4350000000000005,8,87,-947,1216
2025-09-01 15:44:39.691250,-26.130000000000003,-22.23,-4.29,-23.79,-22.815,-8.385,15.405,-6.63,8,87,-947,1216
2025-09-01 15:44:39.694500,9.75,10.92,10.92,15.6,11.31,11.7,30.225,4.485,6,89,-945,1280
2025-09-01 15:44:39.697750,13.26,13.065,20.475,16.38,14.43,21.255,34.71,15.405,6,89,-945,1280
2025-09-01 15:44:39.701000,-11.7,-3.9,11.115,-0.975,0.39,5.46,20.475,-5.8500000000000005,4,87,-950,1216
2025-09-01 15:44:39.704250,-6.63,-6.4350000000000005,-1.95,-0.585,-0.39,0.975,10.725,-8.385,6,93,-949,1216
2025-09-01 15:44:39.707500,-4.095,-3.315,1.17,-1.56,-1.56,6.4350000000000005,9.36,-9.36,7,93,-946,1280
2025-09-01 15:44:39.714000,-8.97,-0.39,-1.56,-5.46,-4.485,-3.705,6.24,-13.845,7,89,-947,1216
2025-09-01 15:44:39.714000,-23.4,-16.38,-9.36,-23.205,-15.795,-3.9,14.82,-15.21,7,89,-947,1216
2025-09-01 15:44:39.714000,-9.165,-5.655,6.63,-4.68,-1.755,7.605,23.4,-2.34,8,86,-931,1216
2025-09-01 15:44:39.714000,-3.705,10.53,5.655,1.95,0.39,6.4350000000000005,10.725,-5.46,7,88,-938,1280
2025-09-01 15:44:39.714000,-7.800000000000001,-0.39,0.0,-3.705,-1.755,3.9,10.725,-8.775,9,85,-938,1216
2025-09-01 15:44:39.714000,4.68,13.845,15.405,10.335,12.285,15.21,21.255,2.145,6,88,-941,1216
2025-09-01 15:44:39.714000,4.29,19.11,18.135,11.895,13.65,17.355,27.3,4.485,6,88,-941,1216
2025-09-01 15:44:39.714000,-11.505,-0.39,-8.385,-12.09,-7.41,-7.215,-13.455,-18.915,3,95,-951,1216
2025-09-01 15:44:39.716500,-16.965,-3.9,-4.29,-33.345,-7.41,-4.875,6.24,-15.21,0,91,-950,1280
2025-09-01 15:44:39.719000,-35.295,-3.9,4.68,-52.065000000000005,-10.53,1.56,20.475,-9.555,4,94,-945,1216
2025-09-01 15:44:39.721500,-48.945,-15.21,-5.07,-57.915,-19.89,-3.9,2.145,-15.795,2,91,-942,1216
2025-09-01 15:44:39.724000,-38.61,-16.965,-9.36,-47.775,-20.475,-16.965,-25.35,-34.32,2,91,-942,1216
2025-09-01 15:44:39.726500,-20.475,-3.705,-9.555,-34.32,-1.95,-8.385,-34.32,-22.23,8,90,-942,1280
2025-09-01 15:44:39.729000,-13.65,8.97,-1.17,-49.53,-7.605,3.9,-26.715,-11.7,6,88,-941,1216
2025-09-01 15:44:39.734000,-71.565,-28.08,-20.28,-118.365,-49.14,-13.065,-51.675,-38.415,2,90,-944,1216
2025-09-01 15:44:39.739125,-50.505,-9.75,-20.865,-91.065,-20.67,-1.365,-96.72,-31.98,4,92,-949,1216
2025-09-01 15:44:39.744250,-67.275,-15.795,-5.8500000000000005,-115.245,-36.855,-7.0200000000000005,-15.21,-31.785,4,92,-949,1216
2025-09-01 15:44:39.749375,-185.835,-67.275,-11.31,-291.33,-111.15,-20.67,-37.245000000000005,-44.46,1,100,-954,1216
2025-09-01 15:44:39.754500,-129.48000000000002,-45.825,-23.595,-136.5,-57.135000000000005,-3.51,-87.165,-31.59,1,96,-950,1280
2025-09-01 15:44:39.759625,-99.645,-36.66,-42.315000000000005,-38.61,-38.025,-32.955,-133.77,-75.465,-2,91,-950,1216
2025-09-01 15:44:39.764750,-62.595,-30.42,-34.125,-82.29,-48.36,-26.91,-48.75,-46.8,1,91,-949,1280
2025-09-01 15:44:39.775000,-192.27,-61.815000000000005,-21.255,-241.8,-98.67,-22.425,-30.42,-43.68,1,91,-949,1280
2025-09-01 15:44:39.780500,-103.155,-53.04,-33.735,-85.605,-51.870000000000005,-16.575,-97.5,-51.285,5,86,-953,1280
2025-09-01 15:44:39.786000,-135.33,-104.91,-89.11500000000001,-195.975,-132.79500000000002,-88.72500000000001,-121.29,-130.26,1,88,-945,1280
2025-09-01 15:44:39.791500,-154.05,-123.435,-127.725,-209.43,-159.12,-121.68,-167.505,-132.99,5,92,-950,1216
2025-09-01 15:44:39.797000,-188.76,-109.785,-99.84,-300.3,-169.455,-90.48,-103.155,-103.155,7,92,-950,1152
2025-09-01 15:44:39.802500,-337.74,-195.195,-153.07500000000002,-526.89,-276.705,-139.23000000000002,-220.35,-163.215,4,90,-946,1216
2025-09-01 15:44:39.808000,-187.59,-150.735,-152.88,-213.33,-176.67000000000002,-121.095,-210.99,-143.13,-1,87,-947,1280
2025-09-01 15:44:39.819000,-174.72,-128.505,-127.725,-276.705,-179.595,-115.635,-159.12,-133.57500000000002,-1,87,-947,1280
2025-09-01 15:44:39.819875,-265.395,-170.82,-177.255,-417.3,-241.8,-156.585,-292.695,-196.95,-7,82,-939,1216
2025-09-01 15:44:39.820750,-303.225,-233.805,-263.445,-423.15,-300.885,-224.25,-367.185,-254.085,-4,88,-948,1216
2025-09-01 15:44:39.821625,-320.385,-236.145,-280.41,-471.315,-308.1,-241.995,-331.89,-279.825,-4,88,-948,1216
2025-09-01 15:44:39.822500,-322.14,-231.465,-241.8,-447.525,-300.105,-216.645,-300.495,-236.34,-1,94,-957,1280
2025-09-01 15:44:39.823375,-314.535,-227.175,-259.74,-491.595,-307.90500000000003,-227.37,-345.54,-263.83500000000004,-1,89,-944,1216
2025-09-01 15:44:39.824250,-394.875,-280.21500000000003,-301.86,-573.105,-361.53,-258.375,-398.775,-296.01,-4,88,-948,1280
2025-09-01 15:44:39.826000,-355.68,-254.865,-292.89,-513.63,-327.6,-246.285,-398.58,-283.92,-4,86,-949,1216
2025-09-01 15:44:39.830875,-368.745,-270.855,-297.765,-545.8050000000001,-351.78000000000003,-257.985,-393.12,-288.6,-4,86,-949,1216
2025-09-01 15:44:39.835750,-423.735,-305.955,-342.225,-591.4350000000001,-385.515,-292.89,-444.99,-326.04,-8,92,-954,1216
2025-09-01 15:44:39.840625,-431.535,-306.345,-343.2,-600.21,-392.73,-300.495,-453.765,-334.035,-6,87,-955,1216
2025-09-01 15:44:39.845500,-414.18,-302.64,-340.27500000000003,-587.535,-389.61,-294.45,-450.645,-333.45,-2,88,-952,1280
2025-09-01 15:44:39.850375,-407.16,-292.89,-329.355,-573.885,-375.57,-281.77500000000003,-439.335,-324.87,-4,86,-951,1216
2025-09-01 15:44:39.855250,-398.97,-287.04,-328.575,-562.38,-366.21,-281.58,-437.58,-326.04,-4,86,-951,1216
2025-09-01 15:44:39.865000,-422.175,-305.76,-338.13,-579.9300000000001,-389.415,-298.15500000000003,-443.82,-341.25,0,81,-939,1216
2025-09-01 15:44:39.865500,-433.485,-311.02500000000003,-343.2,-590.46,-388.83,-297.375,-449.475,-342.225,-3,88,-940,1280
2025-09-01 15:44:39.866000,-417.495,-301.47,-327.015,-575.835,-375.765,-286.26,-442.26,-325.65000000000003,-3,87,-946,1216
2025-09-01 15:44:39.866500,-409.5,-299.91,-326.43,-561.7950000000001,-366.99,-279.435,-435.435,-323.7,0,85,-947,1280
2025-09-01 15:44:39.867000,-407.16,-305.955,-325.65000000000003,-558.6750000000001,-370.89,-285.09000000000003,-420.81,-321.75,0,85,-947,1280
2025-09-01 15:44:39.867500,-389.025,-286.65000000000003,-304.2,-536.445,-341.055,-265.005,-399.75,-303.81,-3,93,-947,1216
2025-09-01 15:44:39.868000,-377.325,-275.73,-294.84000000000003,-532.5450000000001,-339.3,-262.27500000000003,-389.805,-301.27500000000003,6,92,-945,1280
2025-09-01 15:44:39.869000,-381.225,-279.24,-303.81,-534.3000000000001,-338.71500000000003,-264.03000000000003,-385.71,-293.865,3,92,-948,1280
2025-09-01 15:44:39.871500,-360.165,-263.25,-285.87,-507.39,-321.75,-250.965,-366.21,-275.535,2,91,-946,1280
2025-09-01 15:44:39.874000,-339.69,-245.7,-266.37,-475.605,-299.91,-236.73,-360.165,-255.84,2,91,-946,1280
2025-09-01 15:44:39.876500,-339.69,-255.06,-278.46000000000004,-481.26,-310.635,-242.58,-366.015,-275.73,3,90,-954,1216
2025-09-01 15:44:39.879000,-335.985,-254.28,-277.095,-469.17,-298.35,-235.17,-349.83,-262.665,-3,88,-946,1216
2025-09-01 15:44:39.881500,-321.945,-235.17,-256.23,-450.84,-279.63,-226.2,-333.64500000000004,-248.04,-3,88,-944,1216
2025-09-01 15:44:39.884000,-321.165,-241.02,-262.08,-447.525,-286.065,-227.565,-334.23,-253.305,-3,86,-945,1216
2025-09-01 15:44:39.889000,-320.58,-238.29,-257.40000000000003,-437.385,-285.285,-219.96,-321.945,-242.775,-3,86,-945,1216
2025-09-01 15:44:39.892125,-289.96500000000003,-212.745,-231.855,-400.92,-251.355,-190.515,-286.845,-212.355,-5,93,-942,1216
2025-09-01 15:44:39.895250,-272.61,-199.875,-212.745,-383.76,-231.27,-182.13,-272.805,-198.9,-4,89,-953,1280
2025-09-01 15:44:39.898375,-266.565,-195.585,-210.99,-368.94,-233.805,-177.645,-266.955,-195.195,-4,94,-950,1280
2025-09-01 15:44:39.901500,-256.815,-184.665,-203.58,-353.925,-216.06,-162.82500000000002,-249.99,-182.325,-3,92,-948,1280
2025-09-01 15:44:39.904625,-235.17,-167.505,-183.495,-334.23,-200.07,-147.03,-227.565,-165.555,-3,92,-948,1280
2025-09-01 15:44:39.907750,-225.03,-163.215,-180.96,-321.165,-191.295,-143.715,-223.08,-169.26000000000002,3,86,-936,1280
2025-09-01 15:44:39.914000,-226.785,-161.265,-183.3,-322.92,-189.735,-149.76,-223.47,-174.13500000000002,3,92,-937,1216
2025-09-01 15:44:39.916375,-216.45,-142.74,-163.995,-289.185,-171.21,-128.895,-197.535,-149.955,3,89,-942,1280
2025-09-01 15:44:39.918750,-202.8,-137.28,-163.215,-272.415,-164.38500000000002,-129.87,-201.24,-149.175,3,89,-945,1216
2025-09-01 15:44:39.921125,-191.685,-130.845,-158.34,-262.665,-155.415,-129.285,-192.27,-149.175,3,89,-945,1216
2025-09-01 15:44:39.923500,-172.57500000000002,-118.95,-140.4,-242.385,-138.84,-113.49,-179.01000000000002,-131.235,2,95,-941,1152
2025-09-01 15:44:39.925875,-166.725,-116.22,-129.87,-234.195,-130.26,-106.275,-163.41,-129.675,5,90,-946,1216
2025-09-01 15:44:39.928250,-168.675,-115.44,-127.335,-236.34,-138.255,-105.3,-157.755,-119.145,2,92,-946,1216
2025-09-01 15:44:39.933000,-149.76,-102.765,-103.155,-210.99,-114.465,-80.73,-126.36,-93.6,-2,94,-947,1280
2025-09-01 15:44:39.936875,-117.195,-73.905,-89.11500000000001,-171.99,-83.07000000000001,-69.42,-114.855,-84.045,-2,94,-947,1024
2025-09-01 15:44:39.940750,-53.04,-28.47,-41.925,-78.39,-29.25,-29.64,-51.870000000000005,-37.44,-1,94,-941,1280
2025-09-01 15:44:39.944625,-54.405,-26.325,-43.485,-75.075,-23.79,-27.3,-43.29,-34.125,1,96,-945,1280
2025-09-01 15:44:39.948500,-46.41,-22.23,-33.345,-70.395,-15.6,-16.965,-20.475,-23.985,0,94,-947,1280
2025-09-01 15:44:39.952375,-46.41,-22.23,-31.98,-54.21,-15.99,-23.205,-24.18,-28.665000000000003,-3,96,-948,1280
2025-09-01 15:44:39.956250,-45.24,-25.35,-41.145,-57.72,-14.235,-29.25,-37.05,-35.295,-3,96,-948,1216
2025-09-01 15:44:39.964000,-32.370000000000005,-14.235,-19.11,-36.855,-0.975,-3.705,-14.235,-2.535,-8,92,-950,1216
2025-09-01 15:44:39.965375,-26.325,-3.315,-12.48,-41.34,3.315,-6.825,-6.4350000000000005,-10.53,-3,91,-954,1152
2025-09-01 15:44:39.966750,10.92,21.255,8.775,13.065,44.46,21.06,24.765,9.945,-5,94,-943,1216
2025-09-01 15:44:39.968125,12.48,15.405,11.895,4.29,29.055,14.43,28.47,13.845,-5,94,-948,1216
2025-09-01 15:44:39.969500,1.365,9.555,9.75,-8.97,22.23,8.775,31.785,6.4350000000000005,-5,96,-947,1216
2025-09-01 15:44:39.970875,13.26,27.495,28.275,19.695,44.46,31.200000000000003,53.625,32.955,-5,96,-947,1216
2025-09-01 15:44:39.972250,31.785,34.125,37.245000000000005,40.95,55.38,32.370000000000005,54.21,34.32,4,91,-945,1216
2025-09-01 15:44:39.975000,26.130000000000003,33.93,30.42,25.155,47.775,29.835,43.485,32.955,-2,92,-948,1216
2025-09-01 15:44:39.975750,31.785,37.83,32.955,39.195,58.89,39.39,53.235,44.655,-3,94,-951,1280
2025-09-01 15:44:39.976500,34.905,27.3,36.075,40.365,49.92,32.76,57.525,38.22,-4,94,-956,1280
2025-09-01 15:44:39.977250,44.07,37.05,36.66,49.725,64.35000000000001,33.54,66.3,43.485,-2,90,-951,1280
2025-09-01 15:44:39.978000,34.515,28.08,39.39,34.125,48.165,28.275,65.325,35.1,-1,90,-949,1216
2025-09-01 15:44:39.978750,34.515,27.105,33.15,51.285,55.185,28.275,73.125,42.9,-3,92,-948,1280
2025-09-01 15:44:39.979500,53.625,45.63,57.915,67.47,72.345,50.895,99.255,62.79,-3,92,-948,1280
2025-09-01 15:44:39.981000,59.28,50.31,56.55,71.175,77.415,44.85,89.50500000000001,50.505,-3,88,-947,1216
2025-09-01 15:44:39.984125,51.870000000000005,44.265,53.43,70.59,71.175,41.34,82.095,50.7,0,91,-950,1216
2025-09-01 15:44:39.987250,57.330000000000005,42.315000000000005,57.135000000000005,80.145,70.785,44.07,94.77,53.43,-2,92,-942,1216
2025-09-01 15:44:39.990375,57.330000000000005,38.61,52.845,73.125,61.620000000000005,39.78,95.745,54.795,0,91,-946,1216
2025-09-01 15:44:39.993500,69.61500000000001,51.48,66.885,86.97,82.875,52.260000000000005,109.785,67.86,0,91,-946,1216
2025-09-01 15:44:39.996625,69.42,58.5,72.15,95.16,79.56,56.745000000000005,118.755,65.325,-8,96,-956,1280
2025-09-01 15:44:39.999750,71.955,53.04,62.79,94.965,75.855,50.895,105.885,58.5,-5,91,-954,1152
2025-09-01 15:44:40.006000,81.705,66.3,72.54,104.13,91.26,64.545,114.66,73.905,-1,93,-950,1216
2025-09-01 15:44:40.007000,80.925,78.78,81.705,102.375,94.38,65.52,127.92,82.095,-3,90,-946,1216
2025-09-01 15:44:40.008000,72.93,54.795,73.515,95.16,92.04,65.52,123.825,73.515,-4,94,-945,1216
2025-09-01 15:44:40.009000,80.535,68.055,80.145,102.96,92.82,67.47,124.02,71.76,4,103,-944,1280
2025-09-01 15:44:40.010000,72.93,62.205000000000005,73.125,100.815,85.605,58.695,118.755,72.93,0,97,-947,1216
2025-09-01 15:44:40.011000,85.02,74.88,83.265,114.075,104.13,72.54,123.045,77.805,1,96,-945,1280
2025-09-01 15:44:40.012000,96.135,87.36,90.675,122.07,106.47,78.97500000000001,132.21,84.825,2,94,-946,1280
2025-09-01 15:44:40.014000,70.005,56.940000000000005,73.515,94.185,77.22,64.35000000000001,118.17,63.765,2,94,-946,1280
2025-09-01 15:44:40.015625,71.175,56.745000000000005,70.2,104.13,82.485,58.11,115.245,60.45,2,85,-960,1216
2025-09-01 15:44:40.017250,75.66,60.06,61.035,100.23,79.17,42.120000000000005,96.33,54.015,-4,94,-953,1216
2025-09-01 15:44:40.018875,70.59,61.035,70.2,97.11,80.925,63.96,114.66,71.565,-4,94,-953,1216
2025-09-01 15:44:40.020500,71.175,65.91,78.78,108.225,85.605,66.495,126.945,76.44,-10,98,-941,1280
2025-09-01 15:44:40.022125,80.145,58.5,68.25,114.465,86.385,54.795,108.225,61.23,-4,93,-948,1280
2025-09-01 15:44:40.023750,85.995,70.005,79.17,120.51,92.43,66.3,117.195,76.44,-2,94,-947,1280
2025-09-01 15:44:40.027000,101.595,82.875,96.135,130.065,108.615,80.34,133.185,89.7,1,91,-949,1280
2025-09-01 15:44:40.031500,80.145,69.03,75.27,107.445,82.095,58.5,115.44,66.69,1,91,-949,1280
2025-09-01 15:44:40.036000,65.91,55.575,65.52,98.085,71.37,53.82,106.08,58.11,6,94,-948,1216
2025-09-01 15:44:40.040500,69.81,63.96,71.175,107.055,78.78,65.52,113.685,64.35000000000001,2,95,-945,1216
2025-09-01 15:44:40.045000,74.10000000000001,57.135000000000005,68.64,99.45,70.395,56.355,106.665,57.915,3,96,-947,1280
2025-09-01 15:44:40.049500,67.275,52.845,63.57,103.935,70.59,52.845,106.47,52.455,-2,97,-948,1216
2025-09-01 15:44:40.054000,88.53,72.735,82.095,126.75,92.82,73.71000000000001,122.07,79.56,-2,97,-948,1216
2025-09-01 15:44:40.063000,94.965,79.36500000000001,78.19500000000001,128.115,89.7,65.52,117.78,70.2,-1,93,-945,1216
2025-09-01 15:44:40.063000,84.045,68.25,73.125,114.27,80.34,56.55,121.875,70.98,3,91,-956,1280
2025-09-01 15:44:40.063000,82.29,74.295,80.145,113.685,86.385,70.2,117.975,75.855,3,95,-953,1216
2025-09-01 15:44:40.063000,101.985,90.87,91.26,140.79,100.62,77.025,114.855,83.07000000000001,4,96,-951,1216
2025-09-01 15:44:40.063000,92.43,73.71000000000001,76.83,124.995,82.875,60.45,111.345,69.42,4,96,-951,1216
2025-09-01 15:44:40.063000,78.0,62.010000000000005,67.665,99.84,73.515,55.185,108.42,66.885,1,95,-951,1216
2025-09-01 15:44:40.063000,73.125,55.77,63.18,105.885,72.93,50.895,105.69,59.865,2,88,-942,1216
2025-09-01 15:44:40.063000,74.10000000000001,51.48,60.645,108.615,72.93,45.24,100.23,56.940000000000005,4,90,-947,1216
2025-09-01 15:44:40.066125,71.175,49.92,63.96,106.665,71.955,43.29,105.105,62.79,3,93,-950,1216
2025-09-01 15:44:40.069250,81.12,67.86,75.27,115.245,74.88,69.03,124.215,75.855,3,93,-950,1216
2025-09-01 15:44:40.072375,91.455,88.33500000000001,73.905,122.655,82.875,61.815000000000005,110.565,69.61500000000001,9,88,-949,1216
2025-09-01 15:44:40.075500,80.34,80.535,72.54,113.49,80.73,60.84,105.69,66.495,3,90,-944,1152
2025-09-01 15:44:40.078625,101.4,91.455,83.07000000000001,137.28,97.11,64.545,110.955,72.735,3,92,-942,1280
2025-09-01 15:44:40.081750,110.37,99.84,91.065,142.74,103.155,72.54,124.02,79.56,1,92,-946,1280
2025-09-01 15:44:40.088000,99.45,88.72500000000001,87.75,128.895,83.655,63.96,119.34,75.075,1,92,-946,1280
2025-09-01 15:44:40.091375,87.36,76.83,65.52,110.565,78.78,56.940000000000005,108.03,63.96,-6,94,-950,1280
2025-09-01 15:44:40.094750,89.7,79.75500000000001,69.61500000000001,115.83,85.41,58.89,112.515,66.885,-2,89,-960,1216
2025-09-01 15:44:40.098125,86.97,82.095,65.52,117.975,85.995,46.8,102.18,57.915,1,92,-957,1280
2025-09-01 15:44:40.101500,66.105,57.135000000000005,47.97,98.865,65.13,31.98,82.485,43.68,4,92,-955,1216
2025-09-01 15:44:40.104875,79.36500000000001,77.61,74.49000000000001,116.415,85.605,59.865,109.395,73.71000000000001,4,92,-955,1216
2025-09-01 15:44:40.108250,86.775,88.53,83.85000000000001,117.585,86.58,63.765,109.785,76.05,2,97,-954,1280
2025-09-01 15:44:40.115000,85.605,82.095,76.245,111.93,85.995,59.28,107.25,67.275,6,97,-946,1280
2025-09-01 15:44:40.117375,92.43,87.555,86.58,126.75,94.965,62.79,111.735,73.905,4,94,-944,1216
2025-09-01 15:44:40.119750,113.685,110.175,109.005,153.27,118.56,86.19,133.965,99.255,4,91,-947,1216
2025-09-01 15:44:40.122125,100.815,92.82,90.09,131.04,98.865,72.54,124.605,86.19,4,91,-947,1216
2025-09-01 15:44:40.124500,85.995,83.85000000000001,75.075,118.56,84.045,57.135000000000005,104.91,70.785,9,87,-942,1280
2025-09-01 15:44:40.126875,98.085,92.43,80.34,130.26,95.55,58.695,98.865,76.44,5,96,-945,1152
2025-09-01 15:44:40.129250,96.915,85.215,80.925,125.385,94.965,55.38,93.99,70.395,5,95,-946,1216
2025-09-01 15:44:40.134000,88.14,72.54,72.54,117.975,76.44,45.63,93.6,64.935,6,94,-945,1280
2025-09-01 15:44:40.134750,89.895,93.21,88.33500000000001,130.26,92.43,65.715,112.32,82.095,6,94,-945,1280
2025-09-01 15:44:40.135500,98.475,103.155,88.33500000000001,132.79500000000002,98.28,66.3,106.86,72.93,5,97,-953,1216
2025-09-01 15:44:40.136250,95.16,91.65,87.36,127.53,82.095,61.23,106.275,71.175,9,90,-953,1216
2025-09-01 15:44:40.137000,95.16,92.43,86.58,122.655,82.68,65.325,110.565,73.515,8,90,-948,1216
2025-09-01 15:44:40.137750,96.915,103.35,92.235,136.695,94.185,72.54,116.22,82.485,7,89,-947,1280
2025-09-01 15:44:40.138500,99.06,98.67,86.385,127.92,91.65,60.645,106.275,69.22500000000001,7,89,-947,1280
2025-09-01 15:44:40.140000,83.265,86.775,70.98,119.34,80.145,51.09,96.915,57.330000000000005,4,84,-954,1280
2025-09-01 15:44:40.142875,93.6,90.285,83.46000000000001,130.455,90.87,55.575,109.2,69.81,-8,90,-956,1216
2025-09-01 15:44:40.145750,81.51,72.93,68.44500000000001,111.345,68.25,36.465,87.75,48.75,4,91,-943,1152
2025-09-01 15:44:40.148625,65.52,63.765,59.28,106.665,58.305,26.52,76.83,39.39,4,88,-944,1216
2025-09-01 15:44:40.151500,81.315,79.56,67.275,121.29,76.83,46.8,99.45,61.620000000000005,-3,88,-944,1216
2025-09-01 15:44:40.154375,91.65,93.21,80.145,130.455,78.97500000000001,52.65,105.69,59.67,-3,85,-952,1216
2025-09-01 15:44:40.157250,83.655,83.07000000000001,70.2,115.05,69.22500000000001,35.49,99.45,53.235,4,87,-964,1216
2025-09-01 15:44:40.163000,85.995,96.135,76.44,127.53,80.145,45.825,101.4,66.885,1,90,-957,1216
2025-09-01 15:44:40.164750,91.455,95.16,70.59,126.555,80.145,47.775,92.82,66.69,3,88,-954,1216
2025-09-01 15:44:40.166500,89.895,93.015,78.19500000000001,122.265,73.905,41.34,101.01,57.72,7,86,-953,1280
2025-09-01 15:44:40.168250,78.97500000000001,79.36500000000001,68.055,112.71,64.35000000000001,38.22,93.405,51.285,7,86,-953,1280
2025-09-01 15:44:40.170000,90.48,82.485,67.86,120.51,77.805,40.56,94.38,58.11,4,85,-944,1216
2025-09-01 15:44:40.171750,86.19,76.05,64.74000000000001,118.365,71.955,32.955,85.8,49.53,1,88,-944,1280
2025-09-01 15:44:40.173500,82.68,74.10000000000001,59.865,107.25,68.25,31.785,87.36,48.36,2,89,-946,1280
2025-09-01 15:44:40.177000,89.11500000000001,82.29,70.59,113.685,81.705,46.215,99.645,65.715,-1,91,-946,1216
2025-09-01 15:44:40.181625,95.55,92.82,75.66,131.82,86.775,49.14,104.13,62.79,-1,91,-946,1216
2025-09-01 15:44:40.186250,81.315,79.56,63.96,109.395,70.785,34.32,85.02,42.9,-2,87,-951,1280
2025-09-01 15:44:40.190875,88.72500000000001,85.215,74.49000000000001,124.02,80.145,43.485,98.28,56.55,0,91,-947,1216
2025-09-01 15:44:40.195500,86.385,86.97,81.51,118.365,77.415,45.045,108.42,67.47,0,91,-947,1216
2025-09-01 15:44:40.200125,74.88,80.73,68.83500000000001,101.01,67.86,37.83,77.805,47.97,1,92,-949,1216
2025-09-01 15:44:40.204750,86.97,82.68,75.855,126.75,82.485,40.95,95.55,60.06,0,88,-950,1280
2025-09-01 15:44:40.214000,100.23,95.94,89.7,134.35500000000002,90.675,56.355,109.98,67.47,-1,88,-949,1280
2025-09-01 15:44:40.215250,89.895,92.04,77.025,121.485,78.97500000000001,40.56,102.96,54.6,1,87,-947,1216
2025-09-01 15:44:40.216500,81.315,86.58,72.93,117.39,77.61,45.435,88.14,55.185,-4,90,-949,1216
2025-09-01 15:44:40.217750,73.32000000000001,77.805,67.275,100.62,65.325,37.05,81.315,38.61,-2,89,-950,1280
2025-09-01 15:44:40.219000,66.105,66.105,57.915,91.26,58.11,33.54,82.68,43.29,-2,89,-950,1280
2025-09-01 15:44:40.220250,72.54,77.415,62.400000000000006,94.965,65.325,33.735,85.215,44.655,-3,88,-944,1280
2025-09-01 15:44:40.221500,61.035,73.905,56.940000000000005,84.825,53.43,30.03,74.49000000000001,39.195,-2,87,-946,1216
2025-09-01 15:44:40.224000,66.105,69.61500000000001,54.405,102.765,57.915,24.57,74.10000000000001,33.54,-6,92,-946,1088
2025-09-01 15:44:40.227625,75.855,84.825,60.06,109.005,68.44500000000001,33.345,82.29,45.63,-2,91,-949,1216
2025-09-01 15:44:40.231250,85.215,92.82,70.005,113.1,70.2,42.705,94.185,53.625,-1,94,-951,1216
2025-09-01 15:44:40.234875,89.50500000000001,100.425,81.12,122.265,85.215,56.940000000000005,101.205,58.11,-5,88,-949,1152
2025-09-01 15:44:40.238500,82.875,86.385,69.81,108.42,79.56,41.925,85.41,45.435,-3,88,-950,1280
2025-09-01 15:44:40.242125,66.3,67.86,65.52,95.16,57.915,37.44,78.19500000000001,47.97,-3,88,-950,1280
2025-09-01 15:44:40.245750,72.15,78.78,74.88,89.31,65.52,45.24,90.87,50.115,-1,86,-948,1280
2025-09-01 15:44:40.253000,64.545,71.76,64.935,88.33500000000001,57.525,42.315000000000005,86.97,43.68,-3,86,-946,1216
2025-09-01 15:44:40.255000,70.005,73.32000000000001,51.675,100.035,59.28,20.67,68.44500000000001,29.445,-2,90,-948,1216
2025-09-01 15:44:40.257000,71.76,79.36500000000001,61.620000000000005,100.62,63.375,37.05,82.68,44.265,-4,89,-951,1280
2025-09-01 15:44:40.259000,81.705,88.72500000000001,68.83500000000001,104.325,76.635,41.925,81.51,45.24,-4,89,-951,1280
2025-09-01 15:44:40.261000,71.565,79.36500000000001,69.61500000000001,100.62,69.61500000000001,42.315000000000005,84.045,44.265,-7,94,-948,1216
2025-09-01 15:44:40.263000,72.93,82.68,75.66,102.765,72.93,51.675,96.33,56.55,-5,92,-948,1280
2025-09-01 15:44:40.265000,87.75,99.84,85.605,113.49,83.85000000000001,54.99,104.91,68.64,-4,93,-947,1216
2025-09-01 15:44:40.269000,78.78,85.215,72.15,108.225,76.05,37.44,83.655,42.120000000000005,-5,90,-945,1280
2025-09-01 15:44:40.273000,58.5,74.49000000000001,59.67,83.07000000000001,57.72,31.005000000000003,70.98,37.05,-5,90,-945,1280
2025-09-01 15:44:40.277000,53.235,73.905,69.61500000000001,84.435,59.865,32.76,83.46000000000001,44.46,6,88,-943,1280
2025-09-01 15:44:40.281000,65.325,66.495,72.735,93.015,62.400000000000006,32.565,82.68,43.68,6,91,-947,1216
2025-09-01 15:44:40.285000,63.18,66.3,59.28,94.575,59.67,36.855,76.83,39.39,4,88,-945,1280
2025-09-01 15:44:40.289000,55.38,62.400000000000006,60.255,86.97,54.99,36.465,81.705,43.095,1,86,-944,1280
2025-09-01 15:44:40.293000,54.99,71.565,60.84,76.83,58.89,32.370000000000005,83.265,39.195,1,86,-944,1280
2025-09-01 15:44:40.301000,49.14,59.475,45.825,82.095,52.260000000000005,23.79,63.96,24.18,-9,85,-938,1216
2025-09-01 15:44:40.305375,67.275,73.32000000000001,52.260000000000005,93.99,67.47,38.025,69.03,39.78,-1,84,-950,1280
2025-09-01 15:44:40.309750,61.620000000000005,75.855,69.03,85.8,65.52,44.85,82.29,45.435,-2,85,-947,1216
2025-09-01 15:44:40.314125,57.72,69.42,56.940000000000005,81.51,57.72,27.495,69.61500000000001,31.200000000000003,-2,88,-947,1216
2025-09-01 15:44:40.318500,45.24,54.6,42.705,75.075,41.73,16.38,52.455,14.43,-2,88,-947,1216
2025-09-01 15:44:40.322875,54.99,62.010000000000005,46.41,80.925,53.235,18.915,72.54,28.08,-4,83,-949,1280
2025-09-01 15:44:40.327250,54.795,60.84,45.24,72.93,48.555,18.525,49.14,13.845,-8,86,-950,1216
2025-09-01 15:44:40.336000,44.265,49.335,34.71,69.22500000000001,33.345,15.405,46.995000000000005,9.555,-8,83,-951,1152
2025-09-01 15:44:40.336625,49.14,51.870000000000005,45.24,69.03,44.07,24.96,65.13,24.18,-2,85,-951,1216
2025-09-01 15:44:40.337250,54.6,63.96,52.065000000000005,73.32000000000001,48.555,31.005000000000003,68.83500000000001,27.885,-2,85,-951,1216
2025-09-01 15:44:40.337875,54.6,63.765,40.365,75.27,42.120000000000005,21.84,56.355,18.915,-3,87,-941,1216
2025-09-01 15:44:40.338500,64.74000000000001,66.885,46.215,80.73,54.405,24.765,66.3,30.42,3,87,-942,1280
2025-09-01 15:44:40.339125,70.2,76.635,53.235,90.48,59.67,34.125,65.715,39.195,2,89,-947,1280
2025-09-01 15:44:40.339750,66.69,71.955,44.46,89.7,54.6,24.765,43.68,24.375,-1,88,-948,1280
2025-09-01 15:44:40.341000,54.015,53.04,36.075,77.61,44.07,12.285,48.165,11.7,-1,88,-948,1280
2025-09-01 15:44:40.344000,63.57,68.44500000000001,42.9,86.385,60.45,15.795,55.965,20.865,7,83,-958,1216
2025-09-01 15:44:40.347000,60.255,64.155,46.02,79.56,45.63,20.475,55.965,22.815,2,85,-950,1280
2025-09-01 15:44:40.350000,49.92,51.285,29.25,66.3,41.145,6.4350000000000005,40.17,5.8500000000000005,2,85,-953,1280
2025-09-01 15:44:40.353000,56.745000000000005,67.665,43.095,75.855,48.36,20.475,51.48,24.375,2,84,-950,1216
2025-09-01 15:44:40.356000,78.39,75.465,60.84,89.31,53.625,30.81,58.695,60.255,2,84,-950,1216
2025-09-01 15:44:40.359000,67.665,71.37,39.975,79.75500000000001,44.85,18.525,51.285,63.375,-4,84,-947,1216
2025-09-01 15:44:40.365000,72.15,74.685,45.435,83.85000000000001,54.405,28.275,58.305,67.08,-7,81,-950,1216
2025-09-01 15:44:40.367000,76.83,83.46000000000001,50.115,96.135,59.865,28.47,63.57,72.345,-3,83,-948,1216
2025-09-01 15:44:40.369000,61.425,62.595,29.055,81.705,46.02,2.34,46.41,45.24,7,87,-943,1216
2025-09-01 15:44:40.371000,55.185,52.845,23.79,69.61500000000001,40.56,2.34,30.42,32.370000000000005,8,86,-943,1216
2025-09-01 15:44:40.373000,54.405,58.11,28.08,75.465,46.8,12.09,42.315000000000005,46.8,3,88,-945,1280
2025-09-01 15:44:40.375000,73.515,73.71000000000001,39.195,88.33500000000001,54.99,22.23,54.405,58.11,3,88,-945,1280
2025-09-01 15:44:40.377000,68.44500000000001,61.620000000000005,35.49,85.215,52.65,13.26,42.9,51.285,8,86,-938,1280
2025-09-01 15:44:40.381000,69.03,56.745000000000005,39.39,85.02,55.77,10.92,47.385000000000005,51.09,2,88,-949,1216
2025-09-01 15:44:40.387375,59.085,56.940000000000005,44.85,77.025,46.8,20.865,58.305,66.105,4,87,-948,1216
2025-09-01 15:44:40.393750,64.155,56.940000000000005,37.245000000000005,77.805,43.29,7.995,42.315000000000005,53.43,2,88,-949,1280
2025-09-01 15:44:40.400125,46.02,40.56,16.38,64.35000000000001,33.15,-8.19,29.055,30.42,2,88,-949,1280
2025-09-01 15:44:40.406500,55.575,49.14,25.74,74.10000000000001,38.61,2.34,43.68,43.29,-2,89,-951,1216
2025-09-01 15:44:40.412875,53.625,46.605,31.98,70.2,39.0,3.705,43.485,38.805,-3,85,-947,1216
2025-09-01 15:44:40.419250,43.485,37.635,12.09,61.425,26.715,-14.625,24.18,24.18,1,87,-945,1216
2025-09-01 15:44:40.432000,46.02,44.85,25.545,64.74000000000001,35.685,-0.975,34.905,37.44,2,90,-947,1216
2025-09-01 15:44:40.432000,62.595,56.355,41.34,80.145,46.41,10.53,47.97,43.68,2,90,-947,1216
2025-09-01 15:44:40.432000,57.135000000000005,50.895,28.86,73.905,36.27,3.12,41.925,37.05,5,87,-942,1216
2025-09-01 15:44:40.432000,63.96,54.405,35.295,79.75500000000001,46.215,5.8500000000000005,49.335,46.8,3,92,-949,1280
2025-09-01 15:44:40.432000,73.125,69.42,40.95,89.7,58.5,14.43,54.405,50.115,5,90,-946,1216
2025-09-01 15:44:40.432000,62.985,55.965,33.735,76.44,44.46,2.9250000000000003,40.755,35.295,3,89,-948,1216
2025-09-01 15:44:40.432000,44.07,44.07,21.06,57.72,29.445,-0.975,37.635,24.96,3,89,-948,1216
2025-09-01 15:44:40.432000,49.335,51.48,22.62,67.47,41.145,6.825,49.92,42.120000000000005,2,94,-950,1152
2025-09-01 15:44:40.436125,54.405,51.09,28.275,67.275,35.88,-1.95,47.385000000000005,31.395,-1,86,-939,1216
2025-09-01 15:44:40.440250,57.135000000000005,53.625,33.15,63.96,38.61,0.975,43.29,31.200000000000003,-1,83,-943,1216
2025-09-01 15:44:40.444375,61.23,62.205000000000005,42.705,74.49000000000001,44.85,14.82,57.135000000000005,47.97,-8,89,-950,1216
2025-09-01 15:44:40.448500,64.35000000000001,73.71000000000001,54.795,81.705,52.260000000000005,23.205,61.815000000000005,53.82,-8,91,-947,1280
2025-09-01 15:44:40.452625,59.475,67.275,47.385000000000005,71.175,43.485,14.235,52.65,39.975,-9,89,-949,1216
2025-09-01 15:44:40.456750,48.555,49.53,21.45,65.715,32.565,-1.755,35.685,27.69,-9,89,-949,1152
2025-09-01 15:44:40.465000,45.435,48.555,31.59,64.545,32.955,1.365,47.775,35.1,-1,88,-946,1152
2025-09-01 15:44:40.466500,38.805,40.755,20.28,53.82,24.375,-9.945,27.105,17.55,0,85,-939,1280
2025-09-01 15:44:40.468000,63.57,69.81,40.365,75.855,44.85,17.55,57.330000000000005,38.025,-6,89,-946,1280
2025-09-01 15:44:40.469500,57.135000000000005,58.11,33.93,65.13,37.83,10.335,46.02,39.195,-8,90,-948,1280
2025-09-01 15:44:40.471000,63.375,71.565,36.465,75.465,44.655,14.625,49.14,34.71,-1,93,-941,1216
2025-09-01 15:44:40.472500,71.175,78.78,45.825,86.58,56.355,23.205,60.06,41.73,-2,89,-946,1216
2025-09-01 15:44:40.474000,55.575,67.275,30.225,67.08,39.195,10.53,45.045,23.79,-6,90,-944,1280
2025-09-01 15:44:40.477000,42.9,53.04,27.105,57.525,30.225,2.73,42.51,23.205,-6,90,-944,1152
2025-09-01 15:44:40.477125,48.555,57.72,41.535,61.815000000000005,39.0,11.115,45.435,29.835,-10,92,-946,1152
2025-09-01 15:44:40.477250,42.705,52.65,29.055,62.985,33.54,10.14,39.195,17.745,-8,90,-962,1280
2025-09-01 15:44:40.477375,41.535,41.73,17.55,45.045,19.5,-7.605,26.130000000000003,7.0200000000000005,-10,88,-952,1216
2025-09-01 15:44:40.477500,37.83,42.315000000000005,18.525,57.330000000000005,24.765,-0.585,33.93,14.625,-13,89,-952,1280
2025-09-01 15:44:40.477625,58.11,57.135000000000005,24.57,72.93,45.435,11.505,47.58,23.205,-14,89,-952,1280
2025-09-01 15:44:40.477750,40.365,44.655,26.52,51.675,28.275,7.605,44.265,21.84,-14,89,-948,1280
2025-09-01 15:44:40.478000,54.015,56.745000000000005,26.715,67.08,43.485,14.82,40.755,22.035,-12,91,-943,1216
2025-09-01 15:44:40.488625,62.010000000000005,62.79,41.925,69.03,46.605,32.955,54.6,33.735,-13,90,-945,1280
2025-09-01 15:44:40.499250,51.285,46.8,42.120000000000005,57.135000000000005,31.395,20.67,57.135000000000005,26.52,-15,90,-942,1280
2025-09-01 15:44:40.509875,42.120000000000005,44.07,22.425,53.04,31.200000000000003,9.945,43.095,19.305,-11,86,-941,1152
2025-09-01 15:44:40.520500,51.870000000000005,52.260000000000005,27.885,67.665,38.415,13.26,40.17,14.04,-11,86,-941,1152
2025-09-01 15:44:40.531125,45.435,46.995000000000005,24.96,58.695,27.3,5.46,35.685,16.38,-8,90,-940,1216
2025-09-01 15:44:40.541750,26.325,28.47,4.095,38.22,10.53,-18.135,13.65,-8.58,-10,91,-943,1152
2025-09-01 15:44:40.563000,38.025,33.345,16.38,49.14,20.085,-1.365,33.345,12.09,-16,92,-945,1216
2025-09-01 15:44:40.563375,50.895,44.46,31.98,59.475,30.615,11.115,55.38,23.205,-16,90,-954,1280
2025-09-01 15:44:40.563750,41.145,38.025,28.275,55.77,21.45,4.875,35.1,13.26,-16,90,-954,1280
2025-09-01 15:44:40.564125,50.505,46.215,39.195,62.985,30.42,15.015,46.215,25.545,-17,85,-946,1216
2025-09-01 15:44:40.564500,63.96,62.79,40.755,72.54,42.9,29.055,53.04,26.52,-15,88,-945,1280
2025-09-01 15:44:40.564875,46.605,44.265,29.055,50.115,24.57,14.43,37.83,13.065,-16,89,-950,1216
2025-09-01 15:44:40.565250,36.27,30.225,19.305,58.89,23.4,2.145,27.3,3.12,-13,92,-950,1216
2025-09-01 15:44:40.566000,40.95,33.93,20.67,59.475,23.985,6.825,30.225,9.165,-13,92,-950,1216
2025-09-01 15:44:40.569000,36.075,33.735,22.23,49.725,17.55,9.945,30.81,2.9250000000000003,-10,92,-951,1216
2025-09-01 15:44:40.572000,28.08,24.57,24.96,33.54,13.065,5.265000000000001,29.64,0.78,-13,91,-948,1216
2025-09-01 15:44:40.575000,31.395,31.005000000000003,15.405,45.24,18.33,7.800000000000001,30.81,7.800000000000001,-13,91,-947,1280
2025-09-01 15:44:40.578000,44.46,43.485,23.205,62.010000000000005,30.03,13.65,33.15,13.845,-9,90,-945,1216
2025-09-01 15:44:40.581000,43.095,41.925,25.935,62.010000000000005,37.44,7.605,36.075,13.65,-9,90,-945,1216
2025-09-01 15:44:40.584000,52.065000000000005,46.02,33.93,61.425,33.54,16.965,53.04,22.815,-13,88,-927,1216
2025-09-01 15:44:40.590000,58.305,52.065000000000005,35.49,72.345,46.8,23.4,44.85,25.545,-12,86,-936,1216
2025-09-01 15:44:40.593000,56.16,42.9,31.395,67.08,36.855,12.285,36.66,13.455,-11,85,-944,1216
2025-09-01 15:44:40.596000,39.195,37.83,28.47,49.335,29.055,19.11,34.32,13.845,-11,85,-946,1216
2025-09-01 15:44:40.599000,39.975,42.705,28.665000000000003,52.845,28.47,18.135,39.39,15.21,-11,85,-946,1216
2025-09-01 15:44:40.602000,30.615,38.61,19.89,41.535,28.47,7.41,33.345,12.09,-6,83,-959,1216
2025-09-01 15:44:40.605000,32.955,30.81,7.605,48.945,23.205,-2.9250000000000003,27.885,3.9,-9,86,-953,1216
2025-09-01 15:44:40.608000,39.78,30.81,24.375,54.6,28.275,5.265000000000001,38.805,18.915,-8,89,-954,1216
2025-09-01 15:44:40.614000,43.68,44.265,27.495,57.915,25.155,3.705,23.79,12.48,-10,88,-949,1216
2025-09-01 15:44:40.614125,38.025,33.735,24.375,48.75,30.225,1.365,32.565,9.75,-10,88,-949,1216
2025-09-01 15:44:40.614250,28.08,34.32,30.42,46.02,22.62,9.36,41.34,17.94,4,86,-949,1216
2025-09-01 15:44:40.614375,28.665000000000003,32.955,33.93,44.46,21.255,9.36,43.095,17.94,13,85,-944,1280
2025-09-01 15:44:40.614500,24.96,27.69,13.65,41.145,20.475,-3.315,30.03,3.705,13,88,-944,1216
2025-09-01 15:44:40.614625,32.955,33.93,26.325,53.43,28.47,4.875,46.8,14.235,11,89,-947,1280
2025-09-01 15:44:40.614750,39.195,34.71,27.105,57.330000000000005,28.665000000000003,9.75,47.385000000000005,19.89,7,90,-949,1280
2025-09-01 15:44:40.615000,36.855,35.1,20.475,54.21,27.69,8.97,42.315000000000005,12.09,7,90,-949,1280
2025-09-01 15:44:40.620000,36.075,39.78,37.245000000000005,56.940000000000005,34.32,21.255,54.405,18.33,3,94,-955,1216
2025-09-01 15:44:40.625000,46.215,46.02,38.415,63.18,39.0,21.84,54.405,24.96,8,92,-954,1216
2025-09-01 15:44:40.630000,39.195,31.005000000000003,31.98,56.940000000000005,28.08,13.26,46.41,11.895,5,90,-956,1216
2025-09-01 15:44:40.635000,24.18,18.525,18.33,40.17,15.795,-3.315,40.17,2.9250000000000003,5,88,-955,1280
2025-09-01 15:44:40.640000,32.370000000000005,31.005000000000003,23.01,49.725,26.130000000000003,2.9250000000000003,44.07,16.575,5,88,-955,1280
2025-09-01 15:44:40.645000,27.3,26.130000000000003,15.405,40.56,15.795,0.975,35.685,-0.195,7,86,-947,1216
2025-09-01 15:44:40.655000,17.745,14.625,5.46,27.69,6.4350000000000005,-4.875,30.42,-2.9250000000000003,3,92,-950,1152
2025-09-01 15:44:40.657500,30.81,27.105,15.6,44.655,27.3,4.485,41.73,12.48,4,92,-950,1216
2025-09-01 15:44:40.660000,44.85,38.22,29.25,57.330000000000005,32.370000000000005,8.97,46.605,12.675,5,91,-953,1216
2025-09-01 15:44:40.662500,30.03,26.715,23.01,40.95,22.425,3.9,41.145,7.0200000000000005,5,91,-953,1216
2025-09-01 15:44:40.665000,23.985,22.815,21.84,43.485,19.89,13.26,53.82,16.575,2,91,-954,1216
2025-09-01 15:44:40.667500,37.05,37.83,33.54,57.135000000000005,33.93,16.38,58.305,23.4,6,88,-953,1280
2025-09-01 15:44:40.670000,39.39,38.805,20.865,52.845,25.935,1.365,23.985,7.800000000000001,3,86,-951,1216
2025-09-01 15:44:40.675000,21.45,14.235,7.605,36.075,10.53,-11.115,30.42,-7.0200000000000005,1,86,-952,1280
2025-09-01 15:44:40.683250,21.255,15.21,16.575,36.855,15.21,-3.315,43.095,7.0200000000000005,1,86,-952,1280
2025-09-01 15:44:40.691500,19.305,17.355,7.215,32.76,5.46,-11.7,20.475,-10.14,2,82,-955,1216
2025-09-01 15:44:40.699750,7.605,9.945,-1.17,23.4,-1.755,-16.965,23.985,-13.26,-1,82,-953,1280
2025-09-01 15:44:40.708000,21.255,18.72,17.745,46.605,19.305,3.315,43.68,11.505,-1,85,-948,1216
2025-09-01 15:44:40.716250,35.685,35.685,24.765,54.405,26.715,7.0200000000000005,45.045,11.7,1,89,-945,1216
2025-09-01 15:44:40.724500,25.74,26.52,18.915,41.145,13.65,0.78,45.24,4.485,1,89,-945,1216
2025-09-01 15:44:40.741000,31.59,31.59,25.35,49.14,23.01,18.33,45.435,12.675,-9,90,-946,1280
2025-09-01 15:44:40.742000,36.075,35.1,30.225,49.14,22.62,19.5,50.7,21.06,-5,91,-954,1280
2025-09-01 15:44:40.743000,31.200000000000003,32.565,29.25,41.535,23.595,13.455,46.605,13.845,0,89,-949,1216
2025-09-01 15:44:40.744000,16.575,17.355,12.675,30.81,18.525,-0.78,42.315000000000005,8.385,-2,88,-945,1216
2025-09-01 15:44:40.745000,23.985,22.23,14.625,39.0,22.23,-2.145,32.565,1.365,-2,88,-945,1216
2025-09-01 15:44:40.746000,20.67,18.33,15.405,37.83,14.235,-3.12,27.69,-6.63,4,86,-941,1280
2025-09-01 15:44:40.747000,16.77,16.965,10.14,37.245000000000005,9.75,-7.800000000000001,29.25,-8.775,-4,90,-934,1152
2025-09-01 15:44:40.749000,11.31,19.89,9.945,42.9,10.14,1.365,32.76,3.9,-4,86,-940,1280
2025-09-01 15:44:40.751000,34.32,38.415,26.52,49.14,28.665000000000003,12.09,44.655,11.7,-2,85,-940,1216
2025-09-01 15:44:40.753000,24.375,31.59,16.185000000000002,37.44,14.235,5.265000000000001,39.78,9.75,-4,81,-948,1280
2025-09-01 15:44:40.755000,24.765,38.61,24.18,34.905,26.130000000000003,8.97,53.235,20.67,-4,83,-944,1152
2025-09-01 15:44:40.757000,28.47,39.975,28.86,47.58,34.125,17.94,53.625,21.255,-1,84,-947,1280
2025-09-01 15:44:40.759000,29.055,27.69,22.23,50.115,26.91,6.63,30.42,7.215,-3,86,-947,1216
2025-09-01 15:44:40.761000,17.355,20.475,11.895,33.735,19.305,-2.535,31.98,2.9250000000000003,-3,84,-949,1280
2025-09-01 15:44:40.765000,23.01,20.865,12.09,39.585,22.815,-3.12,35.1,4.095,-3,84,-949,1280
2025-09-01 15:44:40.765500,19.11,12.48,0.39,33.735,10.335,-11.115,28.275,-0.585,-1,82,-943,1280
2025-09-01 15:44:40.766000,6.63,8.97,-5.07,25.935,4.875,-17.355,19.695,-7.41,1,90,-930,1216
2025-09-01 15:44:40.766500,-2.73,2.9250000000000003,-0.78,16.965,-3.12,-15.795,24.18,-2.145,-2,88,-942,1216
2025-09-01 15:44:40.767000,9.75,15.015,12.09,23.985,7.215,-1.755,38.61,10.14,-1,86,-944,1280
2025-09-01 15:44:40.767500,9.555,9.945,9.555,25.74,0.78,-2.73,31.200000000000003,6.825,-1,86,-944,1280
2025-09-01 15:44:40.768000,21.06,18.33,13.26,40.95,19.695,3.12,38.415,8.19,-3,84,-942,1216
2025-09-01 15:44:40.769000,25.155,28.08,18.915,34.515,25.935,8.97,42.51,11.7,-5,88,-948,1216
2025-09-01 15:44:40.772500,20.67,22.23,15.795,36.855,10.92,1.17,36.075,7.215,-2,89,-946,1216
2025-09-01 15:44:40.776000,7.800000000000001,11.31,2.535,32.76,0.39,-8.19,19.89,2.34,-4,86,-946,1216
2025-09-01 15:44:40.779500,17.745,12.285,5.46,30.225,13.26,4.68,30.615,10.335,-4,86,-946,1280
2025-09-01 15:44:40.783000,8.19,8.58,2.34,24.18,0.975,-1.56,25.155,-5.07,-1,85,-951,1280
2025-09-01 15:44:40.786500,2.145,0.585,-3.12,12.48,-2.34,-3.705,14.235,-10.92,1,83,-949,1280
2025-09-01 15:44:40.790000,5.655,2.34,1.17,13.455,-2.34,-1.755,23.595,2.73,3,82,-948,1216
2025-09-01 15:44:40.797000,18.33,20.085,12.675,29.055,8.97,12.87,36.66,13.455,0,84,-949,1216
2025-09-01 15:44:40.799125,19.11,17.94,18.33,31.005000000000003,10.14,13.65,44.46,15.405,0,84,-949,1216
2025-09-01 15:44:40.801250,19.5,18.915,23.985,37.05,13.455,13.65,55.38,25.155,2,88,-939,1216
2025-09-01 15:44:40.803375,28.275,25.545,28.665000000000003,40.95,20.865,22.62,44.265,20.475,-3,88,-934,1152
2025-09-01 15:44:40.805500,26.91,25.35,21.645,32.370000000000005,13.65,9.36,25.155,7.215,-2,88,-939,1216
2025-09-01 15:44:40.807625,2.73,7.605,0.78,15.795,-3.51,-1.755,15.6,6.045,-3,89,-943,1216
2025-09-01 15:44:40.809750,19.305,25.155,14.82,29.64,12.285,13.65,39.78,14.625,-3,89,-943,1152
2025-09-01 15:44:40.814000,24.57,27.885,12.285,28.275,10.14,9.945,35.1,7.0200000000000005,-10,90,-946,1152
2025-09-01 15:44:40.816125,3.315,17.745,3.51,15.795,-10.92,-4.095,22.815,-1.365,-6,84,-955,1216
2025-09-01 15:44:40.818250,8.19,23.4,14.82,19.695,8.58,0.78,30.42,-4.29,-6,88,-954,1280
2025-09-01 15:44:40.820375,24.375,38.805,27.105,34.125,22.62,12.48,42.315000000000005,7.800000000000001,-6,89,-954,1216
2025-09-01 15:44:40.822500,17.55,30.81,24.375,26.325,13.455,8.19,27.69,2.145,-8,90,-951,1280
2025-09-01 15:44:40.824625,21.06,32.370000000000005,24.18,32.370000000000005,21.84,13.065,46.8,10.725,-8,90,-951,1280
2025-09-01 15:44:40.826750,28.47,39.39,41.925,39.195,25.935,25.155,57.525,25.35,-10,91,-937,1280
2025-09-01 15:44:40.831000,24.375,37.83,30.615,25.35,9.36,5.07,39.0,6.4350000000000005,-7,89,-945,1216
2025-09-01 15:44:40.831750,13.65,26.52,16.38,13.065,0.975,-3.315,24.18,-6.63,-7,89,-947,1280
2025-09-01 15:44:40.832500,10.335,20.085,8.19,13.65,-0.585,-8.775,24.57,-7.605,-4,85,-957,1280
2025-09-01 15:44:40.833250,14.04,23.205,14.235,22.815,7.605,2.34,34.905,6.4350000000000005,-9,85,-954,1280
2025-09-01 15:44:40.834000,28.08,35.1,21.84,30.225,13.065,16.965,39.195,4.29,-11,87,-952,1216
2025-09-01 15:44:40.834750,10.14,26.130000000000003,13.845,14.04,-4.29,8.19,23.01,-0.975,-8,87,-950,1216
2025-09-01 15:44:40.835500,10.92,28.86,21.06,22.23,3.705,8.775,33.15,4.29,-8,87,-950,1216
2025-09-01 15:44:40.837000,27.69,34.515,29.835,34.32,18.525,12.285,32.955,10.53,-5,87,-947,1152
2025-09-01 15:44:40.840375,26.91,29.25,24.375,30.615,13.26,1.755,27.69,1.755,-7,88,-946,1280
2025-09-01 15:44:40.843750,7.605,10.335,1.95,2.73,-8.97,-12.48,18.33,-11.895,-6,87,-946,1216
2025-09-01 15:44:40.847125,7.605,10.335,13.65,9.945,-1.17,-6.045,20.28,-6.24,-5,86,-949,1216
2025-09-01 15:44:40.850500,4.485,15.795,8.19,10.725,-3.51,-8.58,9.945,-14.43,-5,86,-949,1216
2025-09-01 15:44:40.853875,-14.235,2.73,3.705,0.0,-17.745,-22.035,10.14,-20.67,-3,92,-949,1216
2025-09-01 15:44:40.857250,3.51,16.38,16.185000000000002,18.33,1.95,0.39,33.345,-0.975,-3,89,-949,1280
2025-09-01 15:44:40.864000,20.67,35.1,28.86,23.4,16.965,18.525,33.345,1.755,-5,87,-949,1216
2025-09-01 15:44:40.864125,15.21,31.395,18.525,21.645,1.95,7.605,23.79,-1.95,-9,86,-946,1216
2025-09-01 15:44:40.864250,19.89,33.345,20.865,30.615,10.14,12.09,27.105,11.505,-9,86,-946,1216
2025-09-01 15:44:40.864375,29.445,40.365,26.130000000000003,43.095,25.35,13.26,26.715,35.49,-7,86,-949,1280
2025-09-01 15:44:40.864500,17.355,28.08,21.45,21.255,9.945,1.95,21.06,23.01,-10,86,-946,1280
2025-09-01 15:44:40.864625,8.19,21.84,1.95,10.53,-1.17,-7.41,19.5,12.87,-8,83,-947,1216
2025-09-01 15:44:40.864750,9.75,23.985,14.625,22.23,2.9250000000000003,-2.34,30.03,16.575,-6,88,-945,1216
2025-09-01 15:44:40.865000,4.68,19.305,2.145,13.26,-2.73,-11.7,8.19,-2.73,-6,88,-945,1216
2025-09-01 15:44:40.867125,1.755,15.015,1.755,7.0200000000000005,-3.51,-11.895,-1.755,-4.68,-11,91,-935,1280
2025-09-01 15:44:40.869250,7.0200000000000005,21.45,0.975,12.675,-3.51,-4.29,16.575,6.24,-5,87,-947,1216
2025-09-01 15:44:40.871375,17.55,39.195,6.4350000000000005,30.42,19.695,3.51,13.65,9.165,5,85,-936,1216
2025-09-01 15:44:40.873500,31.98,39.975,9.75,33.345,20.67,5.46,12.09,8.58,4,90,-943,1216
2025-09-01 15:44:40.875625,9.165,19.11,-7.41,20.085,0.585,-12.87,9.555,-4.68,-4,85,-944,1216
2025-09-01 15:44:40.877750,10.92,36.66,10.53,24.57,7.215,-0.195,25.935,10.335,-7,87,-948,1216
2025-09-01 15:44:40.882000,16.185000000000002,32.76,-2.535,15.6,8.775,-6.4350000000000005,14.43,-1.95,-7,87,-948,1216
2025-09-01 15:44:40.885000,2.34,16.965,-3.12,3.705,-12.285,-20.28,8.58,-6.825,-10,90,-954,1280
2025-09-01 15:44:40.888000,31.200000000000003,33.93,6.24,28.275,9.36,2.34,12.87,4.095,-9,87,-948,1280
2025-09-01 15:44:40.891000,27.105,33.735,-3.12,17.55,8.58,-2.9250000000000003,1.365,-4.485,-9,87,-948,1280
2025-09-01 15:44:40.894000,8.58,20.475,-10.725,-0.195,-9.555,-12.48,0.585,-15.6,-12,82,-949,1216
2025-09-01 15:44:40.897000,13.26,26.52,-3.51,19.695,2.34,-2.535,6.045,-1.56,-9,82,-957,1280
2025-09-01 15:44:40.900000,37.05,41.925,17.94,42.51,20.28,10.725,15.795,4.095,-8,84,-953,1280
2025-09-01 15:44:40.906000,34.71,37.05,3.9,24.57,9.165,-0.975,8.58,-6.24,-5,87,-952,1216
2025-09-01 15:44:40.907875,31.005000000000003,38.415,6.825,28.275,9.555,8.385,18.915,6.045,-5,87,-952,1216
2025-09-01 15:44:40.909750,21.645,29.055,1.365,20.475,8.58,2.145,12.675,-6.24,-5,87,-947,1216
2025-09-01 15:44:40.911625,30.615,31.785,8.97,35.88,15.795,0.975,22.815,0.78,-7,89,-947,1216
2025-09-01 15:44:40.913500,29.445,31.59,-2.9250000000000003,21.84,3.12,-2.9250000000000003,7.215,-11.7,-7,89,-947,1216
2025-09-01 15:44:40.915375,14.04,15.015,-15.6,1.56,-5.265000000000001,-17.94,-13.26,-19.305,-8,84,-934,1280
2025-09-01 15:44:40.917250,13.845,23.01,-1.56,11.115,2.9250000000000003,0.39,17.55,1.365,-12,87,-943,1216
2025-09-01 15:44:40.921000,30.03,31.98,7.0200000000000005,26.325,16.77,8.19,15.6,3.9,-9,84,-945,1216
2025-09-01 15:44:40.924250,15.405,22.62,-6.24,14.235,-7.215,-11.7,6.24,-10.92,-8,85,-944,1280
2025-09-01 15:44:40.927500,20.085,28.08,0.975,20.28,8.385,0.195,21.645,-0.195,-8,85,-944,1280
2025-09-01 15:44:40.930750,26.325,33.735,12.87,31.98,18.525,15.6,30.81,9.555,-14,83,-957,1216
2025-09-01 15:44:40.934000,26.325,31.395,19.5,31.395,11.505,7.215,6.63,-6.045,-11,81,-945,1280
2025-09-01 15:44:40.937250,9.36,16.185000000000002,-8.58,9.36,-0.78,-6.825,-4.29,-20.085,-4,86,-944,1216
2025-09-01 15:44:40.940500,17.94,26.52,0.39,23.595,8.58,0.195,-3.315,-10.92,-8,86,-942,1152
2025-09-01 15:44:40.947000,17.94,21.645,-7.995,18.135,6.045,-6.24,-8.775,-15.405,-8,86,-942,1152
2025-09-01 15:44:40.948125,5.46,8.775,-15.6,0.195,-14.43,-13.26,-6.4350000000000005,-26.130000000000003,-1,82,-944,1216
2025-09-01 15:44:40.949250,10.14,15.795,-3.51,14.235,0.975,0.0,7.800000000000001,-13.065,-15,89,-950,1280
2025-09-01 15:44:40.950375,18.33,18.72,4.095,12.675,-0.39,7.0200000000000005,7.995,-14.625,-9,90,-950,1216
2025-09-01 15:44:40.951500,11.31,15.6,-3.9,12.48,-4.29,-2.9250000000000003,8.97,-24.18,-9,88,-950,1216
2025-09-01 15:44:40.952625,17.94,14.82,4.485,17.745,7.215,2.535,11.895,-8.19,-9,88,-950,1216
2025-09-01 15:44:40.953750,28.86,24.765,16.965,29.055,11.505,18.33,20.475,1.365,-1,90,-959,1216
2025-09-01 15:44:40.956000,21.255,17.745,8.97,17.745,5.265000000000001,0.0,6.045,-13.455,0,87,-952,1216
2025-09-01 15:44:40.963250,4.68,2.34,-1.755,0.0,-6.825,-12.09,3.315,-18.33,-4,89,-949,1216
2025-09-01 15:44:40.970500,8.775,11.7,6.825,9.165,-0.585,-2.145,14.04,-8.775,-2,92,-949,1152
2025-09-01 15:44:40.977750,7.215,11.7,0.585,10.92,1.365,-6.045,4.68,-14.43,-2,92,-949,1216
2025-09-01 15:44:40.985000,5.265000000000001,1.365,-12.09,6.045,-4.095,-16.575,-2.9250000000000003,-20.085,0,94,-941,1216
2025-09-01 15:44:40.992250,8.58,5.46,-8.58,12.48,-6.63,-8.385,15.015,-5.46,-3,94,-943,1216
2025-09-01 15:44:40.999500,19.695,18.72,6.045,16.185000000000002,5.46,6.045,21.45,0.78,-2,89,-946,1216
2025-09-01 15:44:41.014000,10.725,14.43,0.78,10.53,-0.39,-2.34,2.34,-13.26,-5,85,-945,1280
2025-09-01 15:44:41.017250,25.545,23.205,8.97,27.495,16.575,15.015,17.16,4.68,-5,85,-945,1216
2025-09-01 15:44:41.020500,29.64,31.005000000000003,13.26,30.42,19.695,13.455,8.19,8.775,-6,87,-953,1216
2025-09-01 15:44:41.023750,27.495,25.155,11.31,21.255,10.14,8.385,7.605,-7.995,-4,84,-953,1216
2025-09-01 15:44:41.027000,9.36,11.115,-8.19,9.36,-1.56,-9.555,-13.065,-20.28,-1,90,-949,1216
2025-09-01 15:44:41.030250,7.605,10.92,-0.585,12.09,-1.365,3.705,5.655,-2.9250000000000003,-3,84,-951,1216
2025-09-01 15:44:41.033500,7.215,13.65,-1.95,10.53,-5.265000000000001,-6.4350000000000005,3.9,-10.335,0,83,-951,1280
2025-09-01 15:44:41.040000,-5.8500000000000005,-2.145,-15.99,-6.045,-19.695,-23.985,-14.04,-27.495,0,83,-948,1280
2025-09-01 15:44:41.043125,-12.09,-6.4350000000000005,-17.16,-4.29,-17.745,-16.38,-6.825,-18.135,-7,89,-940,1216
2025-09-01 15:44:41.046250,17.55,25.545,8.775,23.01,7.215,5.265000000000001,11.505,-5.07,-3,86,-943,1280
2025-09-01 15:44:41.049375,11.31,14.625,-3.51,21.84,2.145,-2.535,0.0,-8.58,-1,88,-941,1152
2025-09-01 15:44:41.052500,17.745,18.525,6.825,28.275,7.605,9.36,19.695,2.34,2,86,-942,1216
2025-09-01 15:44:41.055625,17.745,21.45,19.11,24.18,13.65,15.6,22.815,7.995,2,86,-942,1216
2025-09-01 15:44:41.058750,20.085,25.74,19.11,21.06,12.285,11.505,14.04,1.17,-1,87,-953,1152
2025-09-01 15:44:41.065000,0.0,7.995,-5.655,9.945,-1.17,-1.17,1.95,-13.455,-2,91,-950,1280
2025-09-01 15:44:41.066500,7.995,9.555,-2.535,17.55,2.34,7.995,5.655,-10.335,-2,84,-952,1216
2025-09-01 15:44:41.068000,10.725,5.8500000000000005,1.365,15.6,4.68,6.045,7.605,-10.14,-4,84,-955,1216
2025-09-01 15:44:41.069500,-1.95,-2.145,-11.7,8.97,-7.0200000000000005,-3.315,-5.07,-20.085,-4,84,-955,1216
2025-09-01 15:44:41.071000,-1.365,-0.975,-15.015,2.145,-4.29,-3.315,6.045,-4.485,-5,81,-946,1280
2025-09-01 15:44:41.072500,22.035,28.275,12.48,29.64,16.38,18.525,32.565,9.36,-3,85,-948,1216
2025-09-01 15:44:41.074000,13.065,11.115,0.78,15.6,2.73,7.215,8.58,-1.365,1,87,-948,1216
2025-09-01 15:44:41.077000,10.14,7.0200000000000005,-2.34,13.26,2.73,8.58,-1.17,-5.46,-2,88,-950,1216
2025-09-01 15:44:41.077875,22.815,18.135,8.775,27.885,8.775,18.33,12.48,14.235,-2,88,-950,1216
2025-09-01 15:44:41.078750,22.425,16.77,8.97,20.865,2.73,9.165,11.31,-0.585,5,90,-946,1216
2025-09-01 15:44:41.079625,0.195,-4.68,-5.07,2.535,-10.335,-4.29,-0.975,-10.14,2,91,-947,1216
2025-09-01 15:44:41.080500,5.07,2.145,-9.36,10.14,-7.215,-8.97,-0.195,-4.68,0,91,-947,1216
2025-09-01 15:44:41.081375,3.9,-0.78,-4.095,5.07,-13.65,-4.29,-3.51,-10.725,-2,87,-947,1216
2025-09-01 15:44:41.082250,-3.705,-11.505,-18.135,-5.655,-26.130000000000003,-16.38,-13.455,-20.085,-2,87,-947,1216
2025-09-01 15:44:41.084000,-0.195,-6.825,-13.455,9.75,-10.53,-11.7,-11.115,-19.695,-4,90,-939,1280
2025-09-01 15:44:41.087750,12.675,11.505,3.705,18.915,2.9250000000000003,0.78,5.46,-5.07,-6,84,-940,1280
2025-09-01 15:44:41.091500,4.29,5.46,-1.56,14.04,-2.145,0.585,7.41,-8.19,-2,88,-945,1216
2025-09-01 15:44:41.095250,10.335,5.655,12.285,18.135,2.145,10.14,23.985,7.215,-3,88,-943,1216
2025-09-01 15:44:41.099000,24.96,16.185000000000002,7.800000000000001,33.93,11.505,19.11,3.705,-1.17,-3,88,-943,1216
2025-09-01 15:44:41.102750,26.52,21.255,12.09,29.64,11.895,12.09,8.97,-0.78,-6,84,-950,1280
2025-09-01 15:44:41.106500,3.9,-2.535,-8.775,9.36,-5.265000000000001,-8.58,4.29,-13.845,-3,84,-950,1216
2025-09-01 15:44:41.114000,13.455,3.12,-0.39,15.6,-2.73,-2.34,4.29,-5.265000000000001,2,87,-952,1280
2025-09-01 15:44:41.115375,13.26,12.48,-1.56,11.895,-3.705,3.9,3.51,-7.41,3,86,-951,1280
2025-09-01 15:44:41.116750,4.485,0.39,-8.19,-2.73,-12.675,-5.8500000000000005,-9.75,-14.235,3,86,-951,1280
2025-09-01 15:44:41.118125,4.68,-7.995,-16.575,1.95,-11.115,-8.775,-13.26,-17.94,4,81,-944,1216
2025-09-01 15:44:41.119500,11.895,6.825,0.78,15.015,-0.975,2.34,7.41,-3.705,-1,86,-947,1216
2025-09-01 15:44:41.120875,3.705,0.39,1.365,8.385,-4.68,2.9250000000000003,7.215,-12.87,-3,87,-948,1280
2025-09-01 15:44:41.122250,9.945,8.19,0.39,15.795,-1.56,12.285,8.385,-0.975,-1,86,-946,1216
2025-09-01 15:44:41.125000,22.425,14.82,9.165,26.91,5.8500000000000005,18.72,12.285,3.12,-1,86,-946,1216
2025-09-01 15:44:41.125500,24.765,14.82,5.8500000000000005,21.255,8.775,10.14,7.800000000000001,-0.195,6,92,-946,1216
2025-09-01 15:44:41.126000,13.065,9.945,8.97,23.985,2.9250000000000003,12.285,12.09,8.58,0,89,-947,1280
2025-09-01 15:44:41.126500,15.21,6.63,2.535,11.7,-7.215,9.75,4.29,-1.56,-1,92,-946,1280
2025-09-01 15:44:41.127000,0.585,-5.8500000000000005,-8.19,8.58,-15.795,-4.68,-11.31,-11.505,-1,92,-946,1280
2025-09-01 15:44:41.127500,1.95,-12.285,-6.825,2.73,-21.84,-1.17,-7.215,-3.315,0,91,-951,1280
2025-09-01 15:44:41.128000,14.43,5.46,8.385,16.77,-4.485,6.24,7.41,1.56,-9,90,-949,1152
2025-09-01 15:44:41.129000,11.7,2.9250000000000003,-3.51,7.215,-8.19,-4.29,0.0,-3.12,-5,90,-946,1216
2025-09-01 15:44:41.131875,6.045,2.9250000000000003,-2.34,10.92,-7.0200000000000005,-1.365,-0.78,2.145,-4,93,-949,1152
2025-09-01 15:44:41.134750,6.63,4.29,-5.46,7.215,-13.26,0.0,-12.87,-4.485,0,87,-947,1216
2025-09-01 15:44:41.137625,15.795,13.65,-1.56,12.09,-5.07,0.195,4.095,-0.39,-2,87,-946,1216
2025-09-01 15:44:41.140500,11.7,10.14,-2.34,13.455,-7.215,3.12,-4.875,-6.63,-2,88,-948,1216
2025-09-01 15:44:41.143375,3.51,-7.605,-14.43,-3.705,-25.35,-2.9250000000000003,-15.21,-19.11,-2,88,-948,1216
2025-09-01 15:44:41.146250,-0.78,-2.145,-6.4350000000000005,-1.755,-19.11,4.095,-5.07,-5.265000000000001,6,88,-944,1216
2025-09-01 15:44:41.152000,13.65,8.58,2.535,17.55,-1.755,12.87,-4.095,3.705,1,87,-950,1280
2025-09-01 15:44:41.154125,0.78,-5.07,-7.800000000000001,0.975,-12.675,2.73,-7.215,-6.63,-2,87,-951,1216
2025-09-01 15:44:41.156250,6.4350000000000005,-2.9250000000000003,-5.46,8.775,-7.0200000000000005,-0.195,-3.51,-4.29,-1,90,-947,1216
2025-09-01 15:44:41.158375,17.94,12.285,6.4350000000000005,25.35,8.97,10.14,12.09,5.655,-1,90,-947,1216
2025-09-01 15:44:41.160500,24.18,12.09,13.065,25.935,7.215,10.53,16.77,10.53,-6,85,-944,1280
2025-09-01 15:44:41.162625,-3.12,-8.19,-9.75,-4.095,-16.38,-12.675,-5.07,-13.455,0,87,-952,1216
2025-09-01 15:44:41.164750,-3.315,-7.215,-11.7,-1.95,-15.6,-6.24,-9.75,-13.455,-1,86,-950,1216
2025-09-01 15:44:41.169000,0.195,-4.095,-11.895,8.58,-9.555,-6.63,-3.9,-13.26,0,85,-949,1280
2025-09-01 15:44:41.171625,-2.145,-12.285,-11.7,-1.95,-25.74,-15.405,-14.625,-18.915,0,85,-949,1280
2025-09-01 15:44:41.174250,2.34,4.095,3.12,8.385,-12.09,-6.63,16.185000000000002,16.77,4,87,-948,1216
2025-09-01 15:44:41.176875,-3.12,-4.29,-4.485,5.8500000000000005,-8.97,-9.75,-20.67,-0.195,1,86,-948,1280
2025-09-01 15:44:41.179500,-15.405,-11.895,-8.58,-6.63,-19.695,-15.795,-19.11,-4.875,1,86,-948,1280
2025-09-01 15:44:41.182125,-4.485,-7.41,-10.725,7.0200000000000005,-11.115,-12.09,-11.31,1.17,-5,91,-949,1280
2025-09-01 15:44:41.184750,10.14,4.485,0.585,8.775,-3.705,0.39,6.045,16.77,-7,90,-943,1216
2025-09-01 15:44:41.190000,-11.31,-5.265000000000001,-12.87,-7.800000000000001,-12.675,-4.29,-14.04,4.875,-5,88,-944,1216
2025-09-01 15:44:41.195625,-5.46,-8.19,-10.725,1.56,-12.675,-5.07,-10.725,6.045,-3,88,-944,1280
2025-09-01 15:44:41.201250,-6.045,2.73,-1.365,-0.39,-9.165,-9.555,-6.045,4.875,0,85,-947,1216
2025-09-01 15:44:41.206875,-9.945,-7.605,-10.335,-3.51,-13.455,-9.945,-12.48,-1.56,-2,86,-946,1216
2025-09-01 15:44:41.212500,-2.535,-4.68,-7.215,7.995,-7.41,-10.725,0.195,12.285,-4,87,-948,1280
2025-09-01 15:44:41.218125,10.14,5.265000000000001,-7.41,11.31,0.975,-7.0200000000000005,-2.9250000000000003,5.265000000000001,-4,87,-948,1280
2025-09-01 15:44:41.223750,8.58,0.975,-3.51,7.800000000000001,-4.095,-9.75,-6.825,6.4350000000000005,-4,86,-948,1280
2025-09-01 15:44:41.235000,-15.99,-18.135,-22.815,-10.725,-19.695,-23.595,-25.35,-3.705,-1,80,-953,1216
2025-09-01 15:44:41.238875,-9.945,-11.505,-14.43,5.46,-11.31,-12.285,-12.09,4.875,-5,84,-950,1280
2025-09-01 15:44:41.242750,-8.385,-12.48,-15.405,-3.9,-16.185000000000002,-10.92,-9.75,2.535,-6,85,-949,1216
2025-09-01 15:44:41.246625,-13.65,-20.28,-23.01,-8.385,-19.305,-25.35,-26.325,-1.365,-6,85,-949,1216
2025-09-01 15:44:41.250500,-15.21,-20.865,-26.52,-3.51,-18.525,-19.89,-27.885,-4.875,-8,86,-958,1152
2025-09-01 15:44:41.254375,-3.705,-10.53,-9.36,-0.78,-12.09,-11.895,-12.09,-0.39,-10,84,-957,1152
2025-09-01 15:44:41.258250,-4.29,-13.845,-11.115,1.755,-14.82,-16.185000000000002,-12.675,-0.585,-8,83,-953,1216
2025-09-01 15:44:41.266000,-11.505,-16.77,-11.115,-2.34,-15.21,-11.31,-12.87,-1.365,-9,89,-950,1216
2025-09-01 15:44:41.267750,0.0,-13.65,-7.800000000000001,2.145,-9.945,-4.29,-3.315,10.14,-9,89,-950,1216
2025-09-01 15:44:41.269500,-7.605,-4.68,-7.0200000000000005,4.095,-14.625,-9.555,-0.585,6.63,-12,89,-957,1216
2025-09-01 15:44:41.271250,-22.035,-19.89,-31.200000000000003,-16.77,-28.86,-26.325,-24.96,-13.845,-10,88,-966,1216
2025-09-01 15:44:41.273000,-14.625,-11.115,-17.94,-6.825,-16.38,-14.43,-10.14,2.34,-7,87,-955,1216
2025-09-01 15:44:41.274750,-5.46,-4.875,-14.43,-1.755,-10.92,-15.6,-8.385,2.34,-7,87,-949,1216
2025-09-01 15:44:41.276500,-17.355,-17.55,-22.035,-15.99,-23.4,-20.085,-17.16,-4.29,-8,89,-949,1216
2025-09-01 15:44:41.280000,-20.67,-22.62,-25.155,-19.695,-24.18,-23.79,-13.26,5.46,-8,89,-949,1216
2025-09-01 15:44:41.289750,-0.585,-4.875,-9.945,3.9,-9.36,-3.705,-3.705,11.7,-2,90,-944,1216
2025-09-01 15:44:41.299500,3.9,5.655,2.73,10.335,5.07,3.315,1.17,20.865,-7,88,-941,1216
2025-09-01 15:44:41.309250,4.68,4.485,2.535,4.875,-2.9250000000000003,1.56,-3.9,19.5,-7,88,-941,1216
2025-09-01 15:44:41.319000,-11.31,-17.355,-15.6,-19.695,-19.5,-15.6,-12.09,2.73,3,85,-939,1216
2025-09-01 15:44:41.328750,-14.625,-22.62,-5.265000000000001,-16.575,-22.815,-6.045,-2.9250000000000003,14.235,0,86,-938,1216
2025-09-01 15:44:41.338500,-11.505,-19.89,-13.455,-16.965,-23.4,-15.6,-12.285,-0.585,-4,88,-942,1216
2025-09-01 15:44:41.358000,-20.67,-25.35,-13.065,-24.57,-24.96,-11.505,-8.385,0.195,-5,88,-946,1280
2025-09-01 15:44:41.358625,-12.48,-10.335,-9.75,-15.795,-10.725,-5.07,0.975,7.41,-5,88,-946,1280
2025-09-01 15:44:41.359250,4.68,4.095,0.0,1.17,-0.39,4.875,11.7,13.26,-8,88,-951,1216
2025-09-01 15:44:41.359875,-10.53,-6.24,-9.75,-11.31,-7.215,-8.775,0.195,1.755,-7,91,-944,1216
2025-09-01 15:44:41.360500,-8.19,-6.24,-6.24,-8.97,-5.07,-5.46,-8.97,9.75,-4,91,-942,1280
2025-09-01 15:44:41.361125,10.14,13.845,10.335,12.48,10.53,10.335,12.285,23.205,-2,88,-943,1216
2025-09-01 15:44:41.361750,13.455,6.63,15.21,6.825,1.755,7.995,11.505,20.28,-2,88,-943,1216
2025-09-01 15:44:41.363000,-3.12,-13.845,-4.095,-11.31,-13.455,-3.51,-6.24,1.56,-5,81,-953,1280
2025-09-01 15:44:41.364500,0.0,-9.75,-9.555,-2.145,-2.535,-7.605,-3.9,6.825,-7,83,-945,1216
2025-09-01 15:44:41.366000,-7.800000000000001,-15.99,-10.53,-12.48,-14.82,-11.31,-4.68,-0.585,-5,84,-944,1216
2025-09-01 15:44:41.367500,-12.675,-10.92,-10.335,-9.165,-14.82,-9.165,-3.705,3.315,-5,84,-944,1216
2025-09-01 15:44:41.369000,1.95,4.485,-0.585,4.095,-0.39,4.875,5.46,14.235,-4,81,-931,1280
2025-09-01 15:44:41.370500,-12.87,-9.75,-1.365,-12.285,-15.015,1.17,8.775,13.065,-5,88,-938,1216
2025-09-01 15:44:41.372000,-16.965,-6.24,-9.165,-14.43,-11.505,1.17,-6.045,6.825,-3,88,-946,1280
2025-09-01 15:44:41.375000,7.605,11.895,9.36,10.53,6.24,8.97,8.385,18.525,-3,86,-944,1216
2025-09-01 15:44:41.378000,10.53,13.845,5.46,9.36,7.41,9.555,1.17,14.43,-3,86,-944,1216
2025-09-01 15:44:41.381000,-8.19,-0.585,-1.95,-7.995,-7.0200000000000005,-3.12,6.4350000000000005,15.795,5,80,-945,1216
2025-09-01 15:44:41.384000,-10.92,-2.9250000000000003,-10.92,-12.675,-10.335,-10.725,-16.965,4.29,7,82,-944,1152
2025-09-01 15:44:41.387000,-8.19,0.975,-7.800000000000001,-11.115,-4.68,-1.17,0.975,11.7,7,82,-944,1152
2025-09-01 15:44:41.390000,-1.755,8.19,7.605,-3.12,3.51,9.555,19.11,27.105,0,84,-942,1216
2025-09-01 15:44:41.393000,-7.605,1.56,6.4350000000000005,-6.4350000000000005,-3.315,1.17,11.505,11.505,2,84,-943,1280
2025-09-01 15:44:41.399000,-3.12,0.0,1.365,-7.995,0.39,0.195,4.485,11.115,2,84,-942,1280
2025-09-01 15:44:41.399375,1.365,5.46,10.725,9.165,5.46,7.215,12.675,12.87,0,85,-943,1152
2025-09-01 15:44:41.399750,-7.995,-11.115,-9.75,-9.945,-10.335,-15.21,-5.655,4.29,4,81,-948,1152
2025-09-01 15:44:41.400125,7.0200000000000005,3.12,-0.39,-0.585,4.68,-1.95,8.97,12.675,2,80,-941,1280
2025-09-01 15:44:41.400500,0.0,-4.68,-9.165,-6.825,-2.535,-10.335,-6.045,0.195,2,82,-946,1280
2025-09-01 15:44:41.400875,-2.73,-3.705,-2.145,-10.14,-4.095,-1.95,1.17,4.095,0,84,-945,1216
2025-09-01 15:44:41.401250,10.53,6.4350000000000005,10.14,-0.78,5.46,7.41,17.94,19.695,0,87,-949,1216
2025-09-01 15:44:41.402000,3.51,1.56,4.875,-3.9,-4.68,1.17,12.48,15.795,0,87,-949,1216
2025-09-01 15:44:41.404125,-12.87,-6.63,-14.04,-8.58,-13.065,-18.525,-11.895,-0.975,-5,91,-946,1216
2025-09-01 15:44:41.406250,-0.585,5.655,-13.26,-3.705,0.585,-15.795,-9.165,0.0,-4,86,-950,1216
2025-09-01 15:44:41.408375,-12.285,-4.68,-10.14,-16.575,-4.485,-6.4350000000000005,0.78,0.975,-4,86,-950,1216
2025-09-01 15:44:41.410500,-1.56,11.505,8.775,-2.73,2.145,9.165,-6.825,14.82,-3,82,-945,1216
2025-09-01 15:44:41.412625,-7.41,1.95,-3.9,-11.31,-4.095,-2.73,-2.34,-4.68,-3,87,-947,1216
2025-09-01 15:44:41.414750,-7.41,1.95,4.485,-11.7,-10.92,5.07,10.92,6.4350000000000005,-2,88,-944,1280
2025-09-01 15:44:41.419000,6.63,16.575,15.015,5.46,6.4350000000000005,13.65,21.06,21.645,-4,87,-943,1216
2025-09-01 15:44:41.419250,3.51,14.04,15.405,7.800000000000001,5.655,4.875,15.015,10.335,-4,87,-943,1216
2025-09-01 15:44:41.419500,-19.89,-9.75,-11.7,-20.28,-21.06,-17.355,-2.145,-8.19,-7,94,-947,1280
2025-09-01 15:44:41.419750,-15.21,-4.68,-9.555,-16.185000000000002,-15.015,-7.800000000000001,-3.12,5.07,-7,87,-947,1216
2025-09-01 15:44:41.420000,-10.335,-0.975,-2.34,-6.045,-10.335,-12.675,-5.265000000000001,-2.34,-11,87,-948,1216
2025-09-01 15:44:41.420250,-21.255,-12.87,-23.01,-22.23,-23.79,-27.69,-19.5,-20.865,-12,90,-948,1216
2025-09-01 15:44:41.420500,-20.475,-10.14,-15.015,-15.6,-14.04,-17.745,-11.505,-5.265000000000001,-12,90,-948,1216
2025-09-01 15:44:41.421000,-1.17,6.63,3.12,0.39,-6.63,-4.485,5.46,10.14,-15,83,-942,1216
2025-09-01 15:44:41.424125,0.0,2.535,-0.195,0.195,-1.95,-5.8500000000000005,0.585,6.4350000000000005,-17,88,-945,1216
2025-09-01 15:44:41.427250,-1.755,6.24,-1.755,2.34,-1.365,-0.78,8.58,10.335,-18,87,-946,1216
2025-09-01 15:44:41.430375,5.07,13.455,13.845,9.945,3.315,13.845,25.545,22.62,-15,87,-947,1152
2025-09-01 15:44:41.433500,6.045,20.28,11.7,6.63,1.56,9.75,13.455,10.53,-15,87,-947,1152
2025-09-01 15:44:41.436625,-8.58,-3.51,-13.845,-7.800000000000001,-14.43,-15.21,-16.965,-6.4350000000000005,-16,90,-942,1280
2025-09-01 15:44:41.439750,-2.9250000000000003,0.585,0.195,2.145,-10.14,-5.265000000000001,-2.9250000000000003,3.315,-16,87,-951,1216
2025-09-01 15:44:41.446000,-11.7,-6.24,2.34,-7.41,-17.94,-2.34,5.8500000000000005,10.335,-17,92,-947,1280
2025-09-01 15:44:41.451375,-21.06,-15.405,-19.5,-22.23,-17.94,-15.015,-18.72,-14.235,-18,88,-948,1216
2025-09-01 15:44:41.456750,-3.12,1.56,-0.39,2.73,-10.725,-0.975,6.045,7.800000000000001,-14,85,-947,1280
2025-09-01 15:44:41.462125,4.29,11.7,11.115,0.39,-2.535,7.800000000000001,13.065,16.575,-14,88,-945,1216
2025-09-01 15:44:41.467500,5.46,15.21,14.82,9.75,2.145,4.68,13.455,10.14,-14,88,-945,1216
2025-09-01 15:44:41.472875,-10.53,-3.51,-6.045,-6.045,-16.38,-10.725,-2.34,-6.4350000000000005,-22,87,-945,1152
2025-09-01 15:44:41.478250,-7.605,-1.17,4.485,-0.39,-7.215,-0.975,8.97,4.095,-17,85,-949,1280
2025-09-01 15:44:41.489000,-1.56,9.36,10.725,7.41,-2.145,2.145,12.09,7.215,-15,81,-945,1216
2025-09-01 15:44:41.489000,-17.16,-13.26,-7.995,-10.725,-20.475,-13.455,-10.335,-11.7,-15,86,-945,1216
2025-09-01 15:44:41.489000,-14.235,-11.895,-4.875,-13.65,-17.745,-7.605,0.0,4.29,-15,86,-945,1216
2025-09-01 15:44:41.489000,-5.655,7.995,3.315,0.39,-4.095,4.875,2.34,6.4350000000000005,-13,89,-956,1216
2025-09-01 15:44:41.489000,-7.0200000000000005,4.68,2.535,2.535,-6.4350000000000005,2.145,0.0,0.0,-13,89,-944,1280
2025-09-01 15:44:41.489000,5.8500000000000005,9.36,12.87,15.21,4.485,11.31,8.385,16.185000000000002,-14,88,-945,1216
2025-09-01 15:44:41.489000,7.0200000000000005,11.7,21.645,18.915,11.895,22.23,18.72,18.72,-13,90,-944,1216
2025-09-01 15:44:41.489000,11.115,15.21,20.085,12.87,7.995,14.43,18.135,9.945,-13,90,-944,1216
2025-09-01 15:44:41.492125,-14.04,-4.875,-0.195,-6.24,-13.065,1.56,-4.095,-5.07,-14,88,-939,1152
2025-09-01 15:44:41.495250,-1.755,1.365,9.945,0.585,-2.73,5.46,6.24,10.14,-17,90,-948,1216
2025-09-01 15:44:41.498375,-0.78,2.9250000000000003,11.7,-0.39,-5.265000000000001,1.56,7.0200000000000005,6.825,-19,89,-947,1216
2025-09-01 15:44:41.501500,-17.94,-17.355,-10.92,-15.21,-16.77,-17.355,-20.085,-15.21,-15,88,-947,1216
2025-09-01 15:44:41.504625,-26.130000000000003,-23.79,-13.26,-22.425,-20.28,-18.72,-24.375,-15.99,-15,88,-947,1216
2025-09-01 15:44:41.507750,-1.365,-3.51,2.535,-5.655,-7.800000000000001,1.95,-3.9,-4.68,-16,86,-956,1216
2025-09-01 15:44:41.514000,-9.945,-8.97,-6.045,-11.7,-12.675,-7.215,-12.09,-11.895,-16,78,-944,1216
2025-09-01 15:44:41.516375,-10.335,-6.4350000000000005,-6.24,-7.0200000000000005,-10.14,2.34,-6.24,-1.755,-13,82,-946,1216
2025-09-01 15:44:41.518750,4.68,4.095,10.92,-0.39,1.95,12.48,9.36,7.0200000000000005,-10,82,-948,1152
2025-09-01 15:44:41.521125,11.115,3.9,8.775,2.535,8.19,2.34,0.195,0.78,-10,82,-948,1152
2025-09-01 15:44:41.523500,-11.31,-9.75,-6.825,-15.99,-13.26,-10.53,-12.285,-11.505,-5,81,-939,1152
2025-09-01 15:44:41.525875,-10.14,-15.405,-3.9,-20.28,-14.43,-2.73,-5.265000000000001,-8.775,-6,87,-942,1216
2025-09-01 15:44:41.528250,-13.845,-14.04,-1.755,-21.84,-15.99,0.585,-2.9250000000000003,-7.605,-5,87,-941,1280
2025-09-01 15:44:41.533000,-21.06,-19.11,-14.235,-25.935,-16.38,-14.04,-19.695,-20.865,-6,85,-945,1216
2025-09-01 15:44:41.536875,-17.355,-21.45,-11.7,-21.06,-15.795,-10.725,-19.5,-12.675,-6,85,-945,1216
2025-09-01 15:44:41.540750,-14.625,-21.06,-14.04,-22.23,-18.915,-8.775,-24.57,-17.16,-5,82,-948,1216
2025-09-01 15:44:41.544625,-10.725,-13.845,-6.825,-20.28,-14.82,2.34,-13.26,-13.845,-12,86,-948,1216
2025-09-01 15:44:41.548500,-10.725,-15.795,-9.36,-22.035,-16.38,-4.68,-27.885,-18.135,-7,85,-945,1152
2025-09-01 15:44:41.552375,-19.305,-28.275,-18.915,-34.32,-23.595,-8.58,-21.45,-26.52,-5,86,-948,1216
2025-09-01 15:44:41.556250,-19.695,-25.155,-21.645,-31.005000000000003,-21.45,-12.48,-24.57,-24.375,-5,86,-948,1280
2025-09-01 15:44:41.564000,-9.75,-17.94,-3.51,-21.645,-15.99,1.755,0.975,-8.385,0,85,-944,1280
2025-09-01 15:44:41.564000,-25.155,-26.130000000000003,-13.845,-27.885,-24.96,-10.92,-6.4350000000000005,-20.28,7,82,-941,1216
2025-09-01 15:44:41.564000,-18.72,-23.985,-14.82,-30.42,-16.38,-10.14,-19.11,-21.645,-2,89,-951,1280
2025-09-01 15:44:41.564000,-14.82,-30.615,-16.38,-20.865,-16.965,-10.725,-22.23,-27.69,-1,87,-949,1280
2025-09-01 15:44:41.564000,-19.89,-28.665000000000003,-20.085,-28.08,-23.985,-16.77,-21.06,-20.475,-1,87,-949,1216
2025-09-01 15:44:41.564000,-0.975,-12.285,-3.51,-12.285,-0.195,1.755,-11.31,-8.97,-2,85,-955,1216
2025-09-01 15:44:41.564000,-4.485,-18.33,-15.21,-19.11,-4.095,-7.605,-20.865,-12.09,4,83,-966,1280
2025-09-01 15:44:41.564000,-11.505,-22.23,-10.53,-18.72,-11.895,-8.385,-18.72,-15.99,3,84,-960,1216
2025-09-01 15:44:41.568625,-1.755,-9.945,-6.4350000000000005,-12.285,-2.73,-1.95,-2.145,-5.8500000000000005,7,84,-953,1216
2025-09-01 15:44:41.573250,-15.21,-26.325,-24.18,-26.130000000000003,-18.72,-13.26,-17.745,-17.94,5,88,-953,1216
2025-09-01 15:44:41.577875,1.56,-7.995,0.585,-14.625,-5.265000000000001,9.36,-1.56,-1.56,5,88,-953,1216
2025-09-01 15:44:41.582500,-3.315,-19.305,-9.555,-20.865,-13.065,2.535,-10.53,-12.675,19,90,-956,1216
2025-09-01 15:44:41.587125,-3.12,-9.945,-8.58,-14.625,-7.0200000000000005,-0.39,-20.67,-13.845,12,91,-954,1152
2025-09-01 15:44:41.591750,1.56,-8.58,9.165,-4.29,3.51,14.235,-1.17,1.95,8,88,-953,1216
2025-09-01 15:44:41.601000,5.655,-5.655,6.24,-8.19,-0.975,9.555,-5.07,-5.265000000000001,4,87,-946,1216
2025-09-01 15:44:41.606875,1.17,-14.82,-15.6,-15.99,-12.285,-2.73,-24.375,-20.085,4,87,-946,1216
2025-09-01 15:44:41.612750,-4.29,-11.7,-0.975,-14.235,-7.0200000000000005,3.9,-10.53,-5.265000000000001,-1,84,-942,1280
2025-09-01 15:44:41.618625,-0.78,-9.165,-8.775,-17.355,-8.385,2.73,-9.165,-10.53,0,88,-948,1216
2025-09-01 15:44:41.624500,-5.8500000000000005,-17.355,-6.4350000000000005,-18.33,-11.505,-1.95,-11.31,-5.46,0,84,-947,1216
2025-09-01 15:44:41.630375,-1.56,-17.16,-5.655,-15.21,-9.36,-3.315,-10.92,-7.800000000000001,1,88,-949,1216
2025-09-01 15:44:41.636250,11.115,1.17,11.505,-1.365,4.095,13.065,6.825,8.385,1,88,-949,1216
2025-09-01 15:44:41.648000,3.315,-11.895,0.0,-14.235,-6.825,-0.39,-2.9250000000000003,-0.39,-1,87,-949,1216
2025-09-01 15:44:41.650125,3.315,-5.655,-1.365,-7.41,3.12,6.045,-0.975,2.535,0,89,-950,1216
2025-09-01 15:44:41.652250,12.285,7.0200000000000005,9.75,5.8500000000000005,12.48,15.21,12.87,8.385,-3,87,-949,1280
2025-09-01 15:44:41.654375,18.33,3.705,14.43,4.68,16.38,10.14,14.235,10.92,-3,88,-948,1216
2025-09-01 15:44:41.656500,-6.825,-22.035,-1.95,-18.33,-10.14,-10.14,-4.68,-7.800000000000001,-3,88,-948,1216
2025-09-01 15:44:41.658625,-6.63,-21.84,-2.9250000000000003,-13.65,-8.58,-4.29,-8.775,-12.87,-5,87,-945,1280
2025-09-01 15:44:41.660750,-3.705,-19.695,3.9,-17.355,-11.895,-0.39,-7.605,-7.605,-3,84,-945,1280
2025-09-01 15:44:41.665000,-19.5,-21.84,-9.555,-29.835,-18.525,-13.845,-10.335,-10.14,0,84,-946,1216
2025-09-01 15:44:41.665500,-23.4,-26.91,-9.165,-29.25,-22.23,-8.58,-7.215,-3.51,0,82,-945,1216
2025-09-01 15:44:41.666000,6.24,-3.12,4.875,-1.755,4.68,9.75,1.17,9.36,0,82,-945,1216
2025-09-01 15:44:41.666500,0.0,-4.68,-2.145,-4.875,0.39,2.535,-8.775,0.78,5,82,-941,1280
2025-09-01 15:44:41.667000,-0.975,-7.800000000000001,-3.315,-13.065,-5.8500000000000005,-7.800000000000001,-11.7,-3.705,4,84,-944,1216
2025-09-01 15:44:41.667500,-1.56,6.045,-0.195,-5.655,2.34,1.755,-1.365,5.46,1,84,-945,1280
2025-09-01 15:44:41.668000,7.41,10.92,7.0200000000000005,0.78,11.505,5.655,2.145,2.73,0,87,-946,1216
2025-09-01 15:44:41.669000,-11.7,-15.6,-13.845,-14.04,-12.285,-10.725,-28.86,-16.965,0,87,-946,1216
2025-09-01 15:44:41.672750,-9.75,-7.800000000000001,-16.77,-6.4350000000000005,-7.0200000000000005,-7.605,-10.335,-11.31,-2,90,-952,1280
2025-09-01 15:44:41.676500,9.75,3.315,-1.56,-0.39,3.315,5.655,-7.41,1.755,-1,81,-942,1216
2025-09-01 15:44:41.680250,12.675,13.455,3.705,8.58,11.505,15.21,1.95,5.46,-1,84,-945,1152
2025-09-01 15:44:41.684000,9.555,4.29,7.0200000000000005,6.24,2.9250000000000003,14.235,-0.78,-2.145,0,85,-944,1216
2025-09-01 15:44:41.687750,-9.36,-11.31,-8.385,-15.405,-11.7,0.78,-14.82,-13.65,0,85,-944,1216
2025-09-01 15:44:41.691500,-9.165,-8.775,-3.12,-13.065,-7.0200000000000005,5.8500000000000005,-4.68,-7.0200000000000005,1,89,-943,1280
2025-09-01 15:44:41.699000,-6.045,-9.945,5.46,-6.4350000000000005,-8.97,11.115,5.655,-4.095,-1,88,-944,1216
2025-09-01 15:44:41.699250,-6.63,-16.575,-15.015,-15.6,-15.795,-10.725,-16.77,-14.43,-2,87,-946,1216
2025-09-01 15:44:41.699500,23.79,15.99,6.825,11.7,9.75,13.065,1.365,-3.705,-3,83,-945,1216
2025-09-01 15:44:41.699750,9.36,-2.9250000000000003,-4.095,2.34,2.535,-2.145,-10.53,-9.945,-3,83,-945,1216
2025-09-01 15:44:41.700000,12.285,-0.975,0.975,2.34,5.8500000000000005,-1.365,-4.29,-5.265000000000001,2,83,-959,1216
2025-09-01 15:44:41.700250,6.63,1.755,4.095,6.4350000000000005,3.705,8.58,-0.975,-0.975,-3,87,-955,1280
2025-09-01 15:44:41.700500,-4.68,-9.165,-2.535,-5.46,-2.9250000000000003,-2.535,-7.800000000000001,-15.015,2,87,-951,1216
2025-09-01 15:44:41.701000,-9.36,-15.21,-15.015,-17.55,-8.58,-14.625,-30.03,-25.74,1,85,-950,1216
2025-09-01 15:44:41.705375,5.8500000000000005,2.145,-5.46,6.825,4.485,2.535,-16.575,-8.385,1,85,-950,1216
2025-09-01 15:44:41.709750,6.4350000000000005,5.8500000000000005,3.51,-3.51,3.315,-2.34,-9.945,-5.265000000000001,9,79,-953,1216
2025-09-01 15:44:41.714125,4.68,-0.78,3.9,-3.705,-2.9250000000000003,-1.365,-8.385,-7.215,6,82,-949,1280
2025-09-01 15:44:41.718500,-0.975,-6.045,3.12,-13.26,-4.485,2.145,-10.92,-9.75,-1,81,-947,1280
2025-09-01 15:44:41.722875,-13.26,-13.455,-5.265000000000001,-19.89,-11.31,-15.015,-19.305,-13.26,1,82,-944,1152
2025-09-01 15:44:41.727250,5.655,5.655,9.555,2.34,6.63,2.535,-6.63,-3.12,1,82,-944,1152
2025-09-01 15:44:41.736000,0.585,-4.485,3.705,-0.78,-2.34,0.585,-9.945,-13.65,-8,86,-943,1216
2025-09-01 15:44:41.736000,-6.825,-5.8500000000000005,-1.56,-6.24,0.195,-0.78,-11.7,-12.87,-2,87,-944,1216
2025-09-01 15:44:41.736000,-1.755,-2.9250000000000003,3.12,-4.68,-11.7,5.07,-6.825,-4.095,-3,85,-946,1280
2025-09-01 15:44:41.736000,-0.39,3.315,14.43,-0.78,-0.78,4.68,-4.29,1.17,-7,78,-950,1280
2025-09-01 15:44:41.736000,-4.875,-1.365,5.07,-1.365,-5.07,0.585,-15.015,-11.505,-12,80,-953,1152
2025-09-01 15:44:41.736000,-13.26,-8.385,-8.58,-5.8500000000000005,-15.405,-5.655,-23.01,-15.015,-9,81,-951,1216
2025-09-01 15:44:41.736000,-13.65,-14.43,-9.36,-15.405,-15.21,-1.365,-28.08,-14.43,-7,84,-950,1216
2025-09-01 15:44:41.736000,4.29,6.4350000000000005,3.9,1.755,0.39,10.14,-10.53,0.195,-7,84,-950,1216
2025-09-01 15:44:41.739500,1.365,3.315,2.9250000000000003,-0.39,0.195,1.95,-8.19,-9.555,-1,87,-953,1216
2025-09-01 15:44:41.743000,-6.825,-9.555,-1.56,-5.07,-11.31,1.365,-10.335,-5.46,-4,88,-934,1216
2025-09-01 15:44:41.746500,-7.0200000000000005,-8.775,-4.875,-11.505,-15.405,-7.41,-19.5,-20.475,-5,84,-940,1216
2025-09-01 15:44:41.750000,-13.065,-13.65,-16.77,-5.46,-12.87,-12.48,-27.3,-20.28,-4,85,-942,1280
2025-09-01 15:44:41.753500,0.975,3.315,0.78,9.165,-0.78,7.41,-9.555,-4.875,-4,85,-942,1280
2025-09-01 15:44:41.757000,-8.58,-0.975,-5.655,-1.755,-13.065,-2.73,-12.675,-7.0200000000000005,-5,82,-956,1152
2025-09-01 15:44:41.764000,-10.725,-2.9250000000000003,-10.725,-5.46,-15.015,-2.34,-14.235,-17.745,-12,82,-943,1216
2025-09-01 15:44:41.765625,5.8500000000000005,13.26,5.265000000000001,12.09,6.825,14.04,8.58,4.875,-11,90,-945,1216
2025-09-01 15:44:41.767250,-5.8500000000000005,-5.07,-7.0200000000000005,-7.41,-6.63,-3.315,-20.475,-13.65,-11,83,-946,1216
2025-09-01 15:44:41.768875,-11.7,-5.265000000000001,-15.99,-10.335,-14.235,-12.09,-24.96,-13.26,-9,84,-951,1280
2025-09-01 15:44:41.770500,1.17,1.365,3.51,4.875,-2.9250000000000003,7.800000000000001,-7.995,-0.39,-9,84,-951,1280
2025-09-01 15:44:41.772125,-6.63,-3.705,-6.045,-7.41,-12.675,-2.73,-11.31,-13.065,-7,84,-958,1216
2025-09-01 15:44:41.773750,-0.585,-5.07,2.9250000000000003,-3.705,-8.385,0.975,-6.045,-6.63,-9,77,-949,1216
2025-09-01 15:44:41.777000,11.31,3.51,12.48,11.895,12.09,11.31,-0.39,8.97,-7,80,-950,1280
2025-09-01 15:44:41.780000,15.405,14.235,15.795,17.745,10.725,14.625,3.51,12.09,-10,86,-952,1216
2025-09-01 15:44:41.783000,-10.53,-8.385,-10.335,-13.65,-16.575,-7.215,-24.96,-15.405,-10,86,-952,1216
2025-09-01 15:44:41.786000,1.17,-1.17,2.145,-7.215,-4.875,-1.56,-12.87,-3.51,0,89,-941,1152
2025-09-01 15:44:41.789000,-0.78,-4.875,-7.215,-9.75,-5.46,-2.73,-13.845,-12.675,-9,90,-939,1216
2025-09-01 15:44:41.792000,-7.41,-11.31,-9.36,-13.065,-8.19,-7.800000000000001,-24.96,-16.77,-8,91,-943,1280
2025-09-01 15:44:41.795000,-9.75,-9.75,-6.24,-4.875,-8.19,-7.800000000000001,-16.185000000000002,-12.09,-10,87,-944,1152
2025-09-01 15:44:41.801000,5.8500000000000005,1.56,9.945,-0.585,3.705,18.33,3.315,6.045,-10,87,-944,1152
2025-09-01 15:44:41.801625,0.78,-1.365,9.945,-0.585,-0.39,10.53,8.58,0.78,-8,90,-948,1280
2025-09-01 15:44:41.802250,-1.365,-4.485,2.145,-9.165,-6.63,-2.34,-12.09,-5.8500000000000005,-6,87,-952,1216
2025-09-01 15:44:41.802875,1.56,-4.68,-2.535,-1.17,1.95,-0.975,-16.965,-10.335,-10,86,-951,1280
2025-09-01 15:44:41.803500,2.9250000000000003,-2.73,2.535,-0.195,4.29,1.56,-25.935,-15.6,-7,88,-951,1216
2025-09-01 15:44:41.804125,-14.43,-23.205,-15.015,-16.575,-15.015,-12.675,-24.57,-18.915,-7,88,-951,1216
2025-09-01 15:44:41.804750,-15.99,-24.18,-12.48,-19.89,-15.015,-10.53,-15.99,-15.795,-14,82,-947,1280
2025-09-01 15:44:41.806000,-16.77,-24.18,-8.385,-20.085,-12.675,0.39,-15.405,-13.065,-22,83,-956,1216
2025-09-01 15:44:41.808625,-15.015,-25.545,-14.04,-20.67,-20.085,-10.92,-22.035,-18.72,-13,86,-952,1280
2025-09-01 15:44:41.811250,-10.335,-15.21,3.51,-12.48,-6.24,-1.56,-2.535,-6.24,-3,86,-940,1216
2025-09-01 15:44:41.813875,-12.09,-6.825,-2.535,-6.825,-4.485,8.19,-7.800000000000001,-4.29,0,86,-946,1152
2025-09-01 15:44:41.816500,-5.8500000000000005,-3.705,-2.34,-6.4350000000000005,4.485,9.555,-15.015,-6.4350000000000005,-6,84,-946,1152
2025-09-01 15:44:41.819125,-13.26,-24.18,-15.6,-20.475,-20.085,-2.73,-22.035,-20.28,-6,84,-946,1216
2025-09-01 15:44:41.821750,-12.87,-17.16,-9.36,-17.55,-11.505,-4.29,-20.865,-18.72,-5,83,-950,1216
2025-09-01 15:44:41.827000,-11.7,-13.26,-10.335,-12.675,-10.53,-2.73,-18.525,-16.965,-7,80,-941,1216
2025-09-01 15:44:41.827000,-19.695,-26.325,-12.285,-20.67,-21.84,-10.335,-25.545,-26.91,-8,84,-945,1216
2025-09-01 15:44:41.827000,-8.385,-15.795,0.0,-9.555,-3.12,1.56,-7.800000000000001,-1.755,-8,83,-956,1280
2025-09-01 15:44:41.827000,1.365,-10.725,10.725,-5.46,-1.365,5.07,-0.975,1.17,-17,78,-951,1280
2025-09-01 15:44:41.827000,-9.165,-15.795,-5.8500000000000005,-16.575,-11.895,-4.68,-18.72,-8.58,-13,85,-948,1280
2025-09-01 15:44:41.827000,-19.305,-21.255,-15.405,-28.08,-21.645,-8.97,-35.88,-12.09,-10,85,-949,1280
2025-09-01 15:44:41.827000,-5.07,-4.095,1.17,-3.315,-2.145,1.95,-9.165,0.585,-10,90,-948,1280
2025-09-01 15:44:41.827000,0.195,-7.0200000000000005,-2.34,-1.365,1.365,-5.655,-8.97,-3.51,-10,90,-948,1280
2025-09-01 15:44:41.829625,-0.78,-9.36,-6.63,-2.34,0.585,-5.655,-12.675,-3.51,-3,93,-959,1280
2025-09-01 15:44:41.832250,-6.24,-12.87,-0.195,-18.72,-8.385,-4.875,-13.455,-3.705,-5,90,-946,1280
2025-09-01 15:44:41.834875,-2.9250000000000003,-10.335,2.34,-7.215,-4.875,-0.975,-8.58,-0.78,-5,90,-946,1280
2025-09-01 15:44:41.837500,-3.705,-3.9,3.315,-9.165,-8.19,7.800000000000001,-12.285,-7.800000000000001,-6,90,-941,1152
2025-09-01 15:44:41.840125,-8.385,-13.26,-13.26,-11.895,-19.89,-14.04,-21.06,-15.21,-4,89,-946,1152
2025-09-01 15:44:41.842750,-10.14,-19.11,-20.67,-12.285,-18.135,-10.14,-32.76,-23.595,-6,87,-949,1216
2025-09-01 15:44:41.848000,-0.78,-6.045,3.51,-6.045,0.78,9.75,-12.285,1.56,-5,88,-946,1216
2025-09-01 15:44:41.850500,-5.8500000000000005,-9.945,-2.535,-13.455,-7.0200000000000005,-1.56,-20.865,-11.31,-5,88,-946,1216
2025-09-01 15:44:41.853000,-3.9,-12.675,-2.73,-4.29,0.195,-4.29,-16.965,-1.755,-7,91,-952,1280
2025-09-01 15:44:41.855500,5.265000000000001,-3.705,3.705,13.065,7.605,5.07,-2.145,6.63,-6,91,-953,1216
2025-09-01 15:44:41.858000,9.945,4.875,5.8500000000000005,14.625,11.505,13.65,-1.365,2.9250000000000003,-10,91,-950,1280
2025-09-01 15:44:41.860500,-7.41,-12.675,-0.39,-6.045,-0.78,7.605,-17.16,-7.800000000000001,-9,89,-948,1152
2025-09-01 15:44:41.863000,-5.46,-13.845,5.8500000000000005,-2.535,0.39,9.75,-12.09,-8.19,-9,89,-948,1152
2025-09-01 15:44:41.868000,-5.46,-9.36,-0.585,-0.78,1.365,-0.78,-16.965,-8.58,-6,85,-947,1280
2025-09-01 15:44:41.876375,-14.625,-15.6,-8.775,-13.065,-7.605,-11.115,-24.765,-11.115,-6,81,-947,1216
2025-09-01 15:44:41.884750,-15.015,-19.695,-5.46,-18.525,-12.09,-8.97,-23.79,-8.58,-5,85,-947,1216
2025-09-01 15:44:41.893125,1.56,1.755,7.41,0.78,5.07,5.265000000000001,-2.145,6.825,-5,84,-946,1280
2025-09-01 15:44:41.901500,-0.39,-0.39,-0.195,0.975,0.78,0.78,-15.21,-1.365,-5,84,-946,1280
2025-09-01 15:44:41.909875,6.825,1.95,1.17,9.75,7.800000000000001,5.46,-7.41,3.315,0,93,-946,1280
2025-09-01 15:44:41.918250,14.43,2.34,4.29,3.315,13.065,10.53,0.39,7.995,-1,89,-942,1216
2025-09-01 15:44:41.935000,19.89,9.36,11.115,19.305,17.355,13.845,9.75,13.65,-3,87,-945,1280
2025-09-01 15:44:41.935500,-8.97,-16.77,3.12,-9.555,-4.485,-0.195,-4.68,0.975,-9,87,-948,1216
2025-09-01 15:44:41.936000,-3.315,-7.800000000000001,-0.585,-6.045,0.39,5.265000000000001,-5.8500000000000005,-0.195,-9,87,-948,1216
2025-09-01 15:44:41.936500,6.825,-6.045,-0.975,0.0,3.705,-0.78,-13.845,-5.265000000000001,-10,85,-933,1280
2025-09-01 15:44:41.937000,-5.8500000000000005,-15.21,-13.065,-15.015,-4.68,-14.235,-19.5,-12.285,-10,86,-937,1216
2025-09-01 15:44:41.937500,-15.21,-19.305,-15.795,-12.87,-11.115,-11.115,-25.155,-12.09,-10,88,-941,1280
2025-09-01 15:44:41.938000,2.73,-2.73,7.605,-4.095,4.095,7.41,-5.8500000000000005,7.215,-8,87,-941,1280
2025-09-01 15:44:41.939000,1.755,-3.705,3.705,-3.12,1.17,-4.68,-4.875,3.705,-8,87,-941,1280
2025-09-01 15:44:41.942250,4.29,4.29,3.9,0.975,7.995,5.265000000000001,-1.755,7.215,-4,84,-955,1216
2025-09-01 15:44:41.945500,-9.75,-9.555,-3.315,-12.09,-4.485,-9.75,-10.92,-5.07,-2,89,-951,1280
2025-09-01 15:44:41.948750,2.73,3.315,9.36,2.535,5.265000000000001,-0.39,-4.68,10.335,-11,85,-941,1280
2025-09-01 15:44:41.952000,10.725,9.75,15.99,8.58,11.115,5.8500000000000005,2.145,12.285,-7,86,-944,1216
2025-09-01 15:44:41.955250,-9.36,-7.605,0.975,-11.505,-10.335,-10.725,-12.48,-3.12,-4,86,-945,1216
2025-09-01 15:44:41.958500,-10.725,-7.215,6.63,-16.185000000000002,-5.265000000000001,-4.485,-4.875,-1.56,-4,86,-945,1216
2025-09-01 15:44:41.965000,-9.555,-3.12,5.46,-11.115,-7.215,-0.78,-6.825,1.17,-6,87,-948,1216
2025-09-01 15:44:41.966750,-17.55,-14.235,-6.63,-11.895,-14.43,-15.6,-10.53,-7.605,-2,86,-950,1216
2025-09-01 15:44:41.968500,-16.38,-19.5,-7.0200000000000005,-18.135,-19.89,-14.235,-11.115,-10.92,0,88,-949,1216
2025-09-01 15:44:41.970250,0.39,-3.315,9.36,-4.095,-1.56,2.73,5.46,7.41,1,92,-947,1216
2025-09-01 15:44:41.972000,-11.7,-12.285,-0.585,-10.335,-13.65,-5.655,-7.0200000000000005,0.0,1,92,-947,1216
2025-09-01 15:44:41.973750,-5.07,-2.73,6.63,-6.045,-1.56,2.535,1.56,3.315,-2,95,-950,1280
2025-09-01 15:44:41.975500,-2.34,0.975,15.015,-10.92,-1.17,10.335,10.14,13.455,4,89,-940,1216
2025-09-01 15:44:41.979000,13.845,10.335,21.06,6.825,5.8500000000000005,14.43,15.015,14.43,-1,92,-946,1152
2025-09-01 15:44:41.979500,-6.4350000000000005,-7.215,3.315,-12.285,-7.41,-1.17,-4.875,-2.73,-3,87,-947,1216
2025-09-01 15:44:41.980000,-0.78,0.975,-5.8500000000000005,-4.095,4.875,0.78,-15.99,-3.705,-3,87,-947,1216
2025-09-01 15:44:41.980500,-1.17,-3.12,2.34,-10.92,-7.41,-2.145,-7.995,-7.41,-3,88,-941,1216
2025-09-01 15:44:41.981000,-4.875,-14.625,7.0200000000000005,-11.7,-7.800000000000001,-4.485,-7.605,-7.41,2,90,-940,1216
2025-09-01 15:44:41.981500,-10.14,-19.305,-2.34,-15.795,-14.04,-7.0200000000000005,-6.24,-11.31,1,93,-941,1216
2025-09-01 15:44:41.982000,2.73,-0.585,9.75,-1.365,4.875,6.63,5.46,7.215,2,89,-947,1280
2025-09-01 15:44:41.983000,6.825,-2.9250000000000003,15.795,-3.12,2.535,2.73,1.755,0.975,2,89,-947,1280
2025-09-01 15:44:41.988750,5.8500000000000005,3.12,4.29,-2.34,3.12,-8.58,-6.045,-1.56,3,89,-964,1280
2025-09-01 15:44:41.994500,13.26,13.65,16.77,12.285,12.87,5.8500000000000005,2.9250000000000003,10.335,-1,88,-954,1216
2025-09-01 15:44:42.000250,19.5,21.06,22.23,13.845,19.5,18.72,14.82,9.36,-1,87,-953,1216
2025-09-01 15:44:42.006000,-9.36,-12.285,11.7,-9.555,-8.19,-2.34,-6.4350000000000005,0.0,0,90,-952,1280
2025-09-01 15:44:42.011750,-4.68,-4.095,5.265000000000001,-1.755,4.68,-2.34,-9.945,-3.705,0,90,-952,1280
2025-09-01 15:44:42.017500,-3.315,-0.975,3.315,0.78,4.68,-7.605,-11.115,-7.800000000000001,-3,94,-943,1216
2025-09-01 15:44:42.029000,-7.800000000000001,-11.505,-5.46,-5.46,-3.9,-16.38,-19.11,-10.725,-6,86,-945,1216
2025-09-01 15:44:42.036625,-14.625,-21.84,-6.4350000000000005,-18.135,-13.065,-10.53,-12.48,-3.12,-3,87,-947,1216
2025-09-01 15:44:42.044250,1.365,-2.73,11.895,-2.34,5.655,7.995,1.56,7.995,-3,88,-947,1280
2025-09-01 15:44:42.051875,2.9250000000000003,-1.95,9.555,0.585,11.895,1.755,3.12,0.975,-3,88,-947,1280
2025-09-01 15:44:42.059500,4.875,1.17,0.585,0.975,11.115,-2.145,-8.385,-2.73,4,87,-946,1216
2025-09-01 15:44:42.067125,7.215,9.36,15.405,3.12,14.625,12.675,16.965,18.915,0,88,-949,1280
2025-09-01 15:44:42.074750,15.405,17.16,13.065,12.675,13.065,14.43,3.315,10.92,-2,90,-948,1216
2025-09-01 15:44:42.090000,0.78,0.78,-0.78,-5.46,4.875,-2.34,-7.0200000000000005,-3.705,-5,88,-953,1216
2025-09-01 15:44:42.091750,6.045,3.12,0.0,1.365,8.385,-2.145,-1.755,-2.73,-5,88,-953,1216
2025-09-01 15:44:42.093500,3.315,-6.825,0.585,-2.34,8.58,-4.485,-3.315,1.755,0,88,-956,1216
2025-09-01 15:44:42.095250,-2.34,-21.645,-7.215,-15.405,-7.605,-10.725,-9.36,-4.095,0,86,-947,1216
2025-09-01 15:44:42.097000,-11.31,-23.205,-14.625,-18.915,-13.845,-14.04,-28.86,-12.48,0,90,-947,1216
2025-09-01 15:44:42.098750,15.405,2.9250000000000003,9.555,4.485,8.775,5.655,-0.39,9.165,-5,88,-945,1216
2025-09-01 15:44:42.100500,4.485,-8.775,6.4350000000000005,-3.315,5.265000000000001,-0.585,0.39,-5.265000000000001,-5,88,-945,1152
2025-09-01 15:44:42.104000,7.800000000000001,-0.78,11.7,3.315,9.945,-0.39,1.95,1.95,-2,92,-929,1152
2025-09-01 15:44:42.105875,5.07,3.315,14.43,0.78,10.92,2.535,6.045,7.800000000000001,-2,97,-940,1280
2025-09-01 15:44:42.107750,-7.800000000000001,-8.97,6.63,-11.895,-10.14,0.975,-2.73,1.755,-4,93,-947,1216
2025-09-01 15:44:42.109625,0.195,-4.875,12.09,-9.555,-3.9,5.07,6.24,7.995,-8,90,-946,1216
2025-09-01 15:44:42.111500,-17.55,-23.79,-9.555,-23.4,-17.745,-8.19,-18.525,-18.135,-10,86,-938,1216
2025-09-01 15:44:42.113375,-29.25,-31.59,-22.035,-24.96,-21.45,-15.21,-26.325,-18.72,-8,90,-938,1216
2025-09-01 15:44:42.115250,-1.755,-6.825,3.51,-1.365,3.51,8.19,0.585,4.29,-6,87,-944,1216
2025-09-01 15:44:42.119000,-9.555,-15.21,1.56,-6.24,-8.775,-1.17,-3.51,-0.195,-9,87,-944,1216
2025-09-01 15:44:42.119000,-9.165,-15.21,-7.0200000000000005,-11.505,-8.775,-5.07,-7.995,-3.705,-9,88,-954,1216
2025-09-01 15:44:42.119000,-0.39,0.0,4.095,3.51,-0.975,2.145,-5.265000000000001,4.875,-8,89,-950,1216
2025-09-01 15:44:42.119000,16.575,10.725,14.43,14.235,14.235,10.725,7.0200000000000005,14.82,-4,93,-931,1216
2025-09-01 15:44:42.119000,25.74,18.525,22.035,17.355,17.55,14.625,6.825,17.745,-2,91,-943,1216
2025-09-01 15:44:42.119000,6.825,-4.875,-0.975,-0.975,-4.485,-13.065,-16.575,-8.58,0,92,-944,1280
2025-09-01 15:44:42.119000,9.165,-1.56,0.0,2.145,1.755,-4.485,-10.335,-1.365,-3,89,-946,1280
2025-09-01 15:44:42.119000,7.995,-1.56,-1.17,3.705,-1.365,-3.9,-21.45,-3.315,-3,89,-946,1280
2025-09-01 15:44:42.121625,-11.895,-21.06,-15.99,-22.815,-19.305,-17.745,-38.415,-18.915,-7,89,-958,1280
2025-09-01 15:44:42.124250,-11.31,-20.865,-19.89,-21.645,-21.06,-18.135,-36.465,-17.16,-3,91,-954,1216
2025-09-01 15:44:42.126875,9.165,4.095,0.975,9.165,0.78,0.0,-5.8500000000000005,10.335,-3,92,-952,1216
2025-09-01 15:44:42.129500,7.0200000000000005,1.17,-3.12,12.48,2.34,-10.14,-17.55,1.755,-1,89,-949,1280
2025-09-01 15:44:42.132125,9.165,7.0200000000000005,-5.655,3.315,0.78,-6.63,-22.23,-3.315,-1,89,-949,1280
2025-09-01 15:44:42.134750,9.165,10.335,3.705,4.29,7.0200000000000005,5.8500000000000005,-10.14,8.58,-2,89,-939,1280
2025-09-01 15:44:42.140000,23.01,18.72,15.99,20.475,15.21,12.675,-5.07,11.895,-4,90,-941,1216
2025-09-01 15:44:42.143000,1.17,-7.995,-12.87,-5.655,-6.63,-14.235,-22.035,-11.505,-6,91,-945,1280
2025-09-01 15:44:42.146000,0.585,-6.24,-11.895,-2.73,-0.78,-11.31,-24.57,-6.63,-3,90,-949,1216
2025-09-01 15:44:42.149000,2.73,-6.045,-8.58,0.975,-5.265000000000001,-6.24,-17.745,-4.875,-3,90,-949,1216
2025-09-01 15:44:42.152000,-3.51,-11.7,-13.455,-12.48,-10.725,-15.99,-25.74,-11.31,1,96,-950,1216
2025-09-01 15:44:42.155000,-17.55,-22.035,-26.130000000000003,-23.79,-19.5,-26.325,-34.905,-18.135,0,90,-951,1280
2025-09-01 15:44:42.158000,5.655,-5.265000000000001,-2.9250000000000003,-1.365,0.78,-5.07,-11.505,4.095,-2,88,-946,1280
2025-09-01 15:44:42.164000,10.14,7.215,-9.945,1.365,3.9,-14.43,-18.135,-4.095,-3,86,-947,1216
2025-09-01 15:44:42.164000,2.73,-6.24,-13.845,0.195,6.63,-9.75,-17.16,1.365,-3,86,-947,1216
2025-09-01 15:44:42.164000,21.255,9.36,6.825,12.48,17.94,10.14,-3.12,16.575,-1,86,-947,1280
2025-09-01 15:44:42.164000,23.01,13.845,14.43,17.745,22.425,9.555,7.41,19.305,-2,89,-950,1216
2025-09-01 15:44:42.164000,0.975,-1.56,-9.165,-2.535,3.315,-9.75,-23.79,-3.12,-2,88,-949,1280
2025-09-01 15:44:42.164000,5.8500000000000005,-4.485,-6.825,0.39,5.8500000000000005,-6.63,-17.55,1.755,-1,88,-947,1280
2025-09-01 15:44:42.164000,7.0200000000000005,1.365,-1.755,7.995,5.07,-0.585,-9.555,3.315,-1,88,-947,1280
2025-09-01 15:44:42.164000,-0.39,-11.115,-10.92,-3.9,-6.825,-17.55,-23.01,-4.29,-2,81,-959,1216
2025-09-01 15:44:42.176500,-17.16,-14.82,-13.455,-16.575,-20.085,-17.355,-24.18,-4.875,-3,86,-954,1280
2025-09-01 15:44:42.189000,5.265000000000001,4.29,11.115,1.365,0.78,-1.56,2.9250000000000003,10.335,-3,87,-952,1216
2025-09-01 15:44:42.201500,7.41,2.34,-1.95,1.56,3.9,-6.4350000000000005,-14.625,-1.365,-2,85,-951,1216
2025-09-01 15:44:42.214000,0.585,7.41,4.29,-0.975,0.585,-3.705,-14.235,0.975,-2,85,-951,1216
2025-09-01 15:44:42.226500,7.800000000000001,16.185000000000002,13.455,9.945,17.16,9.165,-2.145,14.04,4,81,-941,1216
2025-09-01 15:44:42.239000,21.645,18.33,19.305,14.625,18.135,12.285,0.975,14.235,1,86,-946,1280
2025-09-01 15:44:42.264000,3.9,3.315,0.0,-2.9250000000000003,1.755,-4.875,-21.84,-3.9,1,84,-947,1216
2025-09-01 15:44:42.264000,2.535,-0.195,-9.555,-1.95,-2.9250000000000003,-9.165,-18.72,-1.755,2,85,-952,1216
2025-09-01 15:44:42.264000,0.585,-1.755,-7.41,-2.9250000000000003,4.875,-6.045,-23.985,-7.605,2,85,-952,1216
2025-09-01 15:44:42.264000,-5.655,-2.34,-12.48,-4.29,-3.9,-9.165,-17.55,1.17,0,91,-954,1216
2025-09-01 15:44:42.264000,-5.8500000000000005,-10.725,-6.4350000000000005,0.195,-4.485,-6.63,-21.84,-5.46,2,92,-955,1216
2025-09-01 15:44:42.264000,9.945,13.26,0.975,6.63,8.97,5.46,-14.43,11.7,0,86,-948,1216
2025-09-01 15:44:42.264000,1.95,-4.485,-2.535,-4.875,-1.755,0.0,-13.845,-4.875,-1,90,-945,1280
2025-09-01 15:44:42.264000,2.34,-6.4350000000000005,-2.34,-5.8500000000000005,-0.585,-1.56,-2.9250000000000003,0.195,-1,90,-945,1280
2025-09-01 15:44:42.265500,10.53,4.095,4.095,5.07,8.385,13.65,-2.9250000000000003,11.7,-3,82,-943,1216
2025-09-01 15:44:42.267000,15.21,-2.145,4.29,-1.95,8.385,-0.195,3.315,9.165,3,86,-947,1280
2025-09-01 15:44:42.268500,1.17,-14.04,-13.26,-11.505,-5.655,-10.14,-16.77,-8.19,-5,88,-935,1280
2025-09-01 15:44:42.270000,-7.995,-14.235,-16.185000000000002,-12.09,-6.825,-9.555,-20.67,-5.07,-2,87,-944,1280
2025-09-01 15:44:42.271500,22.23,3.9,9.555,13.65,17.94,11.7,-0.975,13.065,0,85,-943,1216
2025-09-01 15:44:42.273000,15.795,-0.195,-2.73,2.145,9.945,2.34,-9.165,6.825,0,83,-939,1216
2025-09-01 15:44:42.276000,7.41,-4.485,1.17,2.145,4.875,2.535,-6.4350000000000005,13.065,0,83,-939,1216
2025-09-01 15:44:42.278750,19.89,7.0200000000000005,9.165,13.65,17.745,5.46,-4.095,9.165,4,84,-951,1216
2025-09-01 15:44:42.281500,29.835,17.94,16.38,19.11,25.35,24.18,7.800000000000001,23.205,-1,86,-941,1216
2025-09-01 15:44:42.284250,6.4350000000000005,-10.725,0.195,-8.775,0.39,-1.365,-8.19,6.825,-2,86,-949,1152
2025-09-01 15:44:42.287000,9.75,-4.485,4.29,-2.73,12.285,10.725,-0.975,14.04,-3,88,-949,1280
2025-09-01 15:44:42.289750,19.89,6.24,12.48,3.315,14.04,6.24,2.34,19.5,-3,88,-949,1280
2025-09-01 15:44:42.292500,9.945,-11.115,-7.0200000000000005,-10.335,4.875,-6.24,-8.97,0.585,-7,86,-952,1216
2025-09-01 15:44:42.298000,-0.78,-14.82,-9.36,-14.82,-0.195,-8.19,-17.745,-2.73,-8,84,-957,1216
2025-09-01 15:44:42.300500,17.745,2.535,6.4350000000000005,9.555,16.965,10.92,-8.97,12.87,-5,83,-953,1216
2025-09-01 15:44:42.303000,16.38,6.045,3.9,2.145,10.725,8.58,-2.73,13.26,-2,81,-950,1216
2025-09-01 15:44:42.305500,15.795,2.9250000000000003,5.655,1.755,16.965,6.24,3.705,15.015,-2,81,-950,1216
2025-09-01 15:44:42.308000,25.74,18.525,15.6,13.65,24.96,12.87,8.58,21.84,-1,87,-953,1216
2025-09-01 15:44:42.310500,28.275,20.085,11.505,17.745,28.275,13.65,9.945,24.18,-2,91,-945,1216
2025-09-01 15:44:42.313000,15.21,1.365,-8.385,-1.755,10.335,1.17,-7.41,7.41,-7,92,-944,1216
2025-09-01 15:44:42.318000,14.82,1.755,-0.975,-0.975,6.4350000000000005,4.485,-1.17,11.7,-6,87,-945,1216
2025-09-01 15:44:42.321375,19.5,7.0200000000000005,2.9250000000000003,2.145,12.87,10.53,2.9250000000000003,13.455,-6,87,-945,1216
2025-09-01 15:44:42.324750,12.87,3.9,-2.145,-3.12,10.725,3.12,-1.755,15.99,-17,85,-929,1216
2025-09-01 15:44:42.328125,6.63,-1.56,-10.335,-4.485,6.63,-1.95,-14.04,6.63,-15,87,-945,1216
2025-09-01 15:44:42.331500,30.225,17.94,13.26,14.43,31.395,18.33,7.605,25.545,-13,88,-944,1216
2025-09-01 15:44:42.334875,24.57,10.335,5.265000000000001,12.09,26.52,10.725,0.195,23.01,-10,88,-943,1216
2025-09-01 15:44:42.338250,26.52,10.14,0.78,12.285,34.515,10.725,6.63,19.305,-10,88,-943,1216
2025-09-01 15:44:42.345000,33.735,25.74,15.795,17.355,35.685,23.985,20.085,28.47,-10,83,-956,1216
2025-09-01 15:44:42.347375,36.465,26.325,23.985,24.765,35.685,27.885,25.35,31.98,-9,76,-951,1152
2025-09-01 15:44:42.349750,14.235,6.24,-1.17,1.56,14.04,2.34,-5.07,7.800000000000001,-8,80,-946,1152
2025-09-01 15:44:42.352125,17.55,3.9,6.825,4.29,18.915,8.385,3.315,16.965,-7,82,-948,1280
2025-09-01 15:44:42.354500,20.28,9.945,21.84,13.065,18.915,19.695,4.095,18.72,-7,82,-948,1280
2025-09-01 15:44:42.356875,11.505,2.73,-0.78,-2.73,4.095,2.145,-8.385,3.9,-13,90,-944,1280
2025-09-01 15:44:42.359250,5.655,-2.535,-8.58,-3.9,0.585,-3.705,-4.485,-2.34,-8,92,-950,1216
2025-09-01 15:44:42.364000,28.665000000000003,19.89,15.21,23.4,31.200000000000003,16.77,20.67,28.08,-8,87,-951,1152
2025-09-01 15:44:42.367125,29.64,22.23,17.745,16.38,27.69,15.21,19.695,25.35,-11,89,-948,1280
2025-09-01 15:44:42.370250,30.225,19.305,15.99,16.965,25.74,12.675,17.355,21.645,-11,89,-948,1280
2025-09-01 15:44:42.373375,32.955,21.645,15.6,19.695,27.885,20.67,25.155,32.76,-1,89,-935,1216
2025-09-01 15:44:42.376500,37.05,23.205,28.08,25.74,34.515,23.79,28.665000000000003,37.245000000000005,-5,91,-924,1216
2025-09-01 15:44:42.379625,19.305,8.97,8.19,13.26,16.185000000000002,2.73,4.875,13.065,-9,90,-935,1216
2025-09-01 15:44:42.382750,17.745,6.63,10.92,7.215,13.845,10.14,2.9250000000000003,14.235,-10,91,-938,1280
2025-09-01 15:44:42.389000,21.45,5.8500000000000005,10.92,9.36,13.455,10.53,3.315,10.92,-10,91,-938,1280
2025-09-01 15:44:42.394125,6.045,-5.265000000000001,0.195,-3.51,-0.975,2.535,-2.9250000000000003,5.8500000000000005,-12,89,-950,1216
2025-09-01 15:44:42.399250,28.86,14.625,12.09,20.865,30.42,9.36,9.36,26.91,-11,90,-947,1280
2025-09-01 15:44:42.404375,35.1,27.3,19.89,30.615,34.515,20.475,16.77,32.76,-9,89,-950,1280
2025-09-01 15:44:42.409500,38.22,28.47,23.595,24.96,40.56,23.79,15.99,31.005000000000003,-13,88,-950,1216
2025-09-01 15:44:42.414625,17.16,5.655,3.12,6.4350000000000005,15.795,5.655,-3.12,8.775,-9,89,-948,1216
2025-09-01 15:44:42.419750,11.115,1.56,6.4350000000000005,-2.145,6.4350000000000005,5.655,7.41,19.5,-12,86,-948,1216
2025-09-01 15:44:42.430000,17.94,9.555,5.07,6.825,9.555,9.945,3.51,12.285,-12,86,-948,1152
2025-09-01 15:44:42.433500,5.46,-5.46,-10.92,-2.535,-2.73,-7.605,-9.36,-4.875,-13,89,-936,1152
2025-09-01 15:44:42.437000,34.125,22.425,18.135,25.935,27.885,19.89,20.085,19.5,-14,81,-934,1216
2025-09-01 15:44:42.440500,6.045,1.95,-6.63,-3.315,11.505,1.56,4.875,2.34,-8,84,-940,1216
2025-09-01 15:44:42.444000,5.07,0.195,1.56,6.63,9.165,7.41,11.895,16.575,-5,85,-945,1216
2025-09-01 15:44:42.447500,10.14,-3.12,8.97,9.945,12.285,7.605,13.065,11.7,-10,85,-945,1216
2025-09-01 15:44:42.451000,8.58,-5.46,-9.75,4.29,6.63,-2.535,-4.68,-0.585,-10,87,-953,1216
2025-09-01 15:44:42.458000,-1.56,-18.525,-9.945,-3.705,-0.39,-14.82,-9.165,-13.065,-4,84,-968,1216
2025-09-01 15:44:42.465625,14.43,-2.34,-0.585,9.945,21.255,-3.51,8.58,11.505,-3,83,-962,1152
2025-09-01 15:44:42.473250,13.065,-0.78,-1.56,8.58,14.43,-1.755,-1.755,5.655,-3,85,-954,1216
2025-09-01 15:44:42.480875,7.0200000000000005,-2.9250000000000003,3.315,6.63,12.675,0.39,7.0200000000000005,7.215,-4,89,-955,1216
2025-09-01 15:44:42.488500,20.28,10.14,14.04,14.82,22.815,14.43,19.5,21.255,-4,89,-955,1216
2025-09-01 15:44:42.496125,28.86,18.72,24.96,22.23,28.47,21.255,23.985,23.985,-4,87,-945,1216
2025-09-01 15:44:42.503750,14.625,-0.585,-6.24,7.800000000000001,9.945,-2.73,-8.97,1.365,-5,87,-945,1216
2025-09-01 15:44:42.519000,7.605,-5.265000000000001,1.365,8.97,12.675,1.755,-3.315,10.335,-4,89,-945,1216
2025-09-01 15:44:42.522500,20.475,5.655,3.12,10.335,20.085,2.34,4.485,13.845,-3,88,-951,1152
2025-09-01 15:44:42.526000,1.56,-2.145,-11.115,4.095,2.145,-10.14,-6.63,-6.045,5,90,-945,1216
2025-09-01 15:44:42.529500,0.39,-8.385,-16.965,-5.8500000000000005,-6.24,-18.33,-21.06,-14.04,5,90,-945,1216
2025-09-01 15:44:42.533000,-9.555,-19.5,-17.16,-17.16,-14.235,-29.835,-24.375,-13.65,11,89,-957,1216
2025-09-01 15:44:42.536500,0.0,0.195,0.0,3.12,1.365,-7.41,-0.195,7.215,9,88,-954,1216
2025-09-01 15:44:42.540000,-2.9250000000000003,-2.9250000000000003,-8.97,-2.145,-4.095,-10.725,-6.63,-1.17,7,90,-951,1216
2025-09-01 15:44:42.547000,-0.585,-3.12,-8.97,-3.9,-0.78,-13.26,-14.04,-5.8500000000000005,0,91,-950,1280
2025-09-01 15:44:42.547750,2.535,3.705,-0.585,3.12,2.145,-4.29,-4.875,5.8500000000000005,0,91,-950,1280
2025-09-01 15:44:42.548500,-20.865,-25.935,-16.185000000000002,-20.475,-16.38,-27.495,-26.52,-15.21,2,90,-954,1152
2025-09-01 15:44:42.549250,4.095,-4.485,-3.12,-5.46,11.7,-9.945,-6.63,1.365,2,90,-955,1216
2025-09-01 15:44:42.550000,-2.145,-10.14,2.73,-7.0200000000000005,2.9250000000000003,-12.285,-1.56,7.215,0,88,-955,1216
2025-09-01 15:44:42.550750,-7.605,-7.215,0.585,-6.825,2.73,-6.63,-2.73,7.215,0,90,-955,1216
2025-09-01 15:44:42.551500,3.9,2.9250000000000003,2.73,5.265000000000001,10.53,2.34,-8.19,1.365,0,90,-955,1216
2025-09-01 15:44:42.553000,-2.535,-6.825,10.92,-2.145,4.485,2.34,0.0,4.095,-2,96,-957,1280
2025-09-01 15:44:42.554625,-18.72,-19.5,-14.04,-16.185000000000002,-8.19,-22.23,-20.085,-7.41,-3,95,-954,1280
2025-09-01 15:44:42.556250,-11.31,-11.7,-9.165,-13.845,-7.0200000000000005,-14.82,-14.625,-10.335,0,93,-950,1216
2025-09-01 15:44:42.557875,-18.33,-16.575,-16.965,-18.33,-13.26,-18.525,-20.475,-13.65,0,85,-948,1216
2025-09-01 15:44:42.559500,2.9250000000000003,0.0,2.145,8.58,10.53,4.095,-1.17,9.75,-4,86,-947,1216
2025-09-01 15:44:42.561125,4.485,-2.9250000000000003,2.9250000000000003,0.78,-4.095,-4.68,1.365,-4.29,-2,87,-949,1216
2025-09-01 15:44:42.562750,-0.39,-6.045,-4.095,-3.51,5.265000000000001,-9.945,-4.875,-5.07,0,87,-949,1280
2025-09-01 15:44:42.566000,5.07,4.875,6.825,7.0200000000000005,7.41,5.655,-1.365,7.995,0,87,-949,1280
2025-09-01 15:44:42.568875,19.695,10.53,10.92,10.14,14.82,-1.17,4.29,12.285,7,88,-963,1216
2025-09-01 15:44:42.571750,-1.56,-0.39,-5.655,0.585,11.7,-0.975,-7.995,2.73,7,90,-942,1216
2025-09-01 15:44:42.574625,1.17,5.8500000000000005,-3.315,4.485,6.4350000000000005,-4.095,-8.775,-0.195,3,92,-947,1280
2025-09-01 15:44:42.577500,-3.705,-1.95,-10.725,-6.045,-0.195,-4.29,-12.09,-5.8500000000000005,1,88,-949,1280
2025-09-01 15:44:42.580375,-1.95,5.655,0.585,3.705,8.58,5.655,-5.46,11.505,1,88,-949,1280
2025-09-01 15:44:42.583250,-0.39,9.945,10.335,4.485,11.7,7.215,-4.095,7.605,5,92,-951,1216
2025-09-01 15:44:42.589000,-24.765,-11.115,-11.505,-17.16,-14.43,-15.6,-15.21,-13.455,1,92,-951,1216
2025-09-01 15:44:42.592000,-14.235,-11.505,-5.8500000000000005,-8.385,-6.4350000000000005,-10.53,-13.065,-6.63,3,89,-944,1216
2025-09-01 15:44:42.595000,-13.065,-9.75,-9.75,-7.41,-6.045,-15.99,-13.26,-3.51,2,89,-946,1216
2025-09-01 15:44:42.598000,-13.65,-10.14,-21.255,-12.09,-9.555,-14.235,-21.255,-12.675,2,89,-946,1216
2025-09-01 15:44:42.601000,-9.555,-12.675,-25.155,-33.15,-16.77,-25.74,-26.52,-15.795,-2,90,-947,1280
2025-09-01 15:44:42.604000,-11.115,-2.145,-5.655,-15.21,1.365,-0.39,-3.705,-0.195,4,88,-949,1216
2025-09-01 15:44:42.607000,-11.31,-5.07,-3.315,13.065,-1.56,-1.17,-4.095,0.0,7,90,-947,1216
2025-09-01 15:44:42.613000,14.82,0.585,-9.945,15.405,5.655,-6.63,-10.14,0.975,2,88,-945,1216
2025-09-01 15:44:42.616000,-5.46,-6.825,-3.315,31.200000000000003,6.4350000000000005,9.165,-17.16,2.73,2,88,-945,1216
2025-09-01 15:44:42.619000,-32.955,15.21,2.145,-8.97,1.95,15.21,-1.95,11.7,3,92,-954,1216
2025-09-01 15:44:42.622000,-7.995,-0.585,-15.99,-84.63000000000001,-16.38,-10.335,-23.205,-9.555,1,91,-952,1152
2025-09-01 15:44:42.625000,-52.065000000000005,-13.065,-6.24,-103.545,-38.805,1.95,-21.06,0.0,2,92,-947,1216
2025-09-01 15:44:42.628000,-41.925,-11.505,-26.325,1.17,-14.235,-10.335,-85.605,-25.935,0,89,-947,1216
2025-09-01 15:44:42.631000,-7.800000000000001,-12.675,-41.73,22.425,-9.945,-24.96,-91.65,-30.615,0,89,-947,1216
2025-09-01 15:44:42.637000,-24.18,-30.615,-46.02,-78.97500000000001,-41.145,-39.195,-72.735,-16.38,0,93,-940,1216
2025-09-01 15:44:42.639375,-158.34,-38.415,-21.06,-280.8,-80.145,-22.815,-26.715,-19.89,5,90,-947,1280
2025-09-01 15:44:42.641750,-106.47,-67.86,-84.045,-140.01,-75.075,-59.865,-233.415,-100.035,3,90,-945,1280
2025-09-01 15:44:42.644125,-159.51000000000002,-47.385000000000005,-73.905,-132.6,-83.85000000000001,-60.645,-70.005,-84.825,1,90,-943,1216
2025-09-01 15:44:42.646500,-131.82,-26.130000000000003,-41.73,-90.285,-43.485,-24.96,-42.9,-52.845,1,90,-943,1216
2025-09-01 15:44:42.648875,-25.35,-16.185000000000002,-16.185000000000002,23.985,-7.0200000000000005,-9.36,-37.05,-16.965,2,89,-953,1216
2025-09-01 15:44:42.651250,-49.725,-31.785,-33.93,-141.765,-46.215,-10.53,-82.095,-20.67,-4,87,-953,1216
2025-09-01 15:44:42.656000,-97.695,-46.02,-48.36,-47.58,-45.825,-25.35,-78.97500000000001,-25.935,-7,85,-950,1216
2025-09-01 15:44:42.657125,-33.345,-26.130000000000003,-23.4,14.625,-16.185000000000002,-3.9,-64.935,-10.335,-5,86,-948,1216
2025-09-01 15:44:42.658250,-31.200000000000003,-24.765,-35.295,-17.745,-30.615,-28.275,-15.21,-38.805,-5,86,-948,1216
2025-09-01 15:44:42.659375,-74.88,-51.285,-52.065000000000005,-74.88,-62.205000000000005,-44.85,-31.785,-35.295,-10,88,-952,1280
2025-09-01 15:44:42.660500,-169.845,-64.155,-21.06,-199.68,-100.23,-25.155,-6.4350000000000005,-9.36,-1,83,-957,1280
2025-09-01 15:44:42.661625,-172.965,-60.645,-67.47,-270.075,-96.33,-40.755,-135.33,-62.400000000000006,-1,85,-953,1216
2025-09-01 15:44:42.662750,-113.1,-73.32000000000001,-126.75,-326.04,-110.76,-92.235,-335.01,-152.29500000000002,-2,88,-949,1216
2025-09-01 15:44:42.665000,-241.605,-140.4,-126.36,-457.665,-176.865,-112.125,-154.83,-138.645,-2,88,-949,1216
2025-09-01 15:44:42.667125,-277.485,-63.18,-105.105,-17.745,-83.85000000000001,-84.045,-201.045,-65.52,-2,86,-941,1216
2025-09-01 15:44:42.669250,-77.61,-74.685,-81.51,51.285,-69.81,-56.55,-147.42000000000002,-36.27,-2,92,-950,1216
2025-09-01 15:44:42.671375,-153.465,-95.55,-51.09,-1.95,-110.175,-39.0,67.08,-26.130000000000003,-3,87,-949,1152
2025-09-01 15:44:42.673500,-125.19,-91.065,-85.605,-149.37,-112.515,-62.400000000000006,-81.705,-60.06,-3,87,-949,1152
2025-09-01 15:44:42.675625,-114.66,-107.055,-132.015,-168.87,-140.595,-108.03,-141.765,-102.57,3,89,-944,1216
2025-09-01 15:44:42.677750,-169.845,-116.415,-135.525,-203.385,-151.125,-99.645,-140.4,-104.325,5,83,-940,1216
2025-09-01 15:44:42.682000,-181.935,-118.56,-147.615,-267.54,-164.58,-111.93,-182.91,-121.29,1,81,-940,1280
2025-09-01 15:44:42.682000,-219.375,-132.6,-180.375,-352.755,-195.0,-136.695,-233.415,-151.71,-1,88,-948,1280
2025-09-01 15:44:42.682000,-257.985,-187.395,-209.625,-329.745,-232.44,-155.22,-255.645,-179.595,-6,93,-953,1216
2025-09-01 15:44:42.682000,-346.32,-241.605,-271.245,-382.005,-282.945,-198.51,-390.975,-249.6,-6,92,-954,1216
2025-09-01 15:44:42.682000,-320.77500000000003,-213.915,-265.59000000000003,-430.17,-272.805,-198.315,-342.81,-234.975,-5,91,-948,1216
2025-09-01 15:44:42.682000,-274.17,-233.805,-290.55,-357.825,-274.56,-247.065,-332.865,-245.505,-5,91,-948,1216
2025-09-01 15:44:42.682000,-327.40500000000003,-216.255,-271.05,-424.71,-282.36,-245.7,-280.605,-292.5,-5,88,-961,1216
2025-09-01 15:44:42.682000,-376.545,-260.52,-288.21000000000004,-474.825,-329.16,-225.03,-327.21000000000004,-254.28,-5,80,-954,1280
2025-09-01 15:44:42.685250,-313.95,-242.97,-311.61,-466.44,-317.65500000000003,-268.32,-414.57,-305.565,-2,82,-953,1280
2025-09-01 15:44:42.688500,-471.315,-311.02500000000003,-345.345,-633.75,-399.945,-275.73,-406.38,-309.27000000000004,-7,89,-945,1280
2025-09-01 15:44:42.691750,-447.915,-327.99,-376.74,-594.75,-412.425,-304.39500000000004,-440.31,-349.05,-7,89,-945,1280
2025-09-01 15:44:42.695000,-484.77,-353.73,-412.62,-663.585,-439.53,-322.53000000000003,-513.0450000000001,-381.03,-9,96,-960,1216
2025-09-01 15:44:42.698250,-470.925,-336.96000000000004,-448.89,-662.8050000000001,-442.065,-366.6,-612.495,-423.345,-7,90,-955,1280
2025-09-01 15:44:42.701500,-479.7,-369.135,-436.8,-599.235,-430.56,-346.125,-540.54,-408.915,-10,89,-950,1216
2025-09-01 15:44:42.708000,-516.165,-367.77,-393.51,-615.615,-437.775,-333.45,-460.395,-362.505,-7,88,-954,1216
2025-09-01 15:44:42.710500,-404.82,-308.295,-394.29,-658.125,-396.63,-358.41,-460.59,-409.11,-7,88,-954,1216
2025-09-01 15:44:42.713000,-494.325,-365.04,-407.745,-640.77,-449.085,-314.73,-431.145,-363.09,-7,91,-946,1280
2025-09-01 15:44:42.715500,-438.36,-358.21500000000003,-420.81,-582.075,-421.98,-320.97,-459.03,-373.815,-9,94,-949,1280
2025-09-01 15:44:42.718000,-419.835,-327.21000000000004,-405.795,-600.21,-407.16,-312.58500000000004,-433.095,-362.115,-14,92,-945,1216
2025-09-01 15:44:42.720500,-433.485,-339.105,-412.62,-619.32,-420.03,-321.165,-440.895,-365.235,-13,90,-949,1280
2025-09-01 15:44:42.723000,-437.385,-335.985,-406.965,-615.03,-418.08,-315.90000000000003,-411.45,-366.015,-7,89,-953,1280
2025-09-01 15:44:42.728000,-454.935,-341.83500000000004,-405.6,-635.7,-429.39,-325.845,-414.765,-371.865,-8,89,-953,1280
2025-09-01 15:44:42.730625,-436.41,-332.67,-389.025,-603.33,-409.695,-300.69,-407.94,-345.93,-8,89,-957,1280
2025-09-01 15:44:42.733250,-411.45,-308.295,-367.185,-563.745,-392.34,-290.94,-377.325,-329.16,-3,93,-946,1280
2025-09-01 15:44:42.735875,-402.285,-304.39500000000004,-367.38,-553.41,-385.71,-293.28000000000003,-376.155,-330.52500000000003,-7,95,-950,1216
2025-09-01 15:44:42.738500,-396.63,-297.765,-357.825,-547.755,-381.81,-284.895,-361.14,-320.19,-10,98,-950,1280
2025-09-01 15:44:42.741125,-390.78,-299.52,-343.59000000000003,-547.1700000000001,-374.205,-272.22,-354.315,-316.875,-10,94,-951,1280
2025-09-01 15:44:42.743750,-383.76,-286.065,-337.935,-530.4,-359.77500000000003,-259.35,-349.05,-311.02500000000003,-10,94,-951,1280
2025-09-01 15:44:42.749000,-374.4,-295.425,-344.565,-506.415,-357.825,-269.88,-358.605,-318.435,-2,90,-945,1216
2025-09-01 15:44:42.754000,-369.33,-283.33500000000004,-342.42,-490.815,-352.56,-264.42,-347.295,-312.975,-5,93,-947,1280
2025-09-01 15:44:42.759000,-291.33,-229.71,-268.90500000000003,-390.975,-274.365,-212.355,-257.985,-244.53,-6,86,-949,1216
2025-09-01 15:44:42.764000,-260.71500000000003,-204.36,-245.31,-350.22,-241.8,-184.08,-222.885,-217.62,-9,84,-949,1216
2025-09-01 15:44:42.769000,-254.865,-191.49,-218.205,-343.2,-234.39,-165.945,-201.045,-202.605,-9,84,-949,1216
2025-09-01 15:44:42.774000,-252.72,-203.58,-225.225,-330.135,-234.39,-173.35500000000002,-206.115,-208.065,-6,85,-951,1152
2025-09-01 15:44:42.779000,-232.44,-182.325,-206.115,-304.2,-216.06,-154.245,-177.255,-178.815,-8,82,-948,1216
2025-09-01 15:44:42.789000,-199.875,-161.265,-182.325,-266.76,-188.37,-138.45000000000002,-151.905,-158.145,-8,88,-949,1216
2025-09-01 15:44:42.792375,-198.12,-164.58,-185.835,-253.695,-187.395,-142.74,-149.565,-165.555,-8,89,-950,1280
2025-09-01 15:44:42.795750,69.03,59.28,49.14,73.125,64.35000000000001,60.45,161.46,63.18,0,67,-946,1216
2025-09-01 15:44:42.799125,32.565,-0.39,-9.165,52.455,12.285,8.775,44.85,5.655,-4,74,-938,1152
2025-09-01 15:44:42.802500,-47.97,-33.93,-25.74,-49.725,-31.395,9.75,35.295,15.99,-2,83,-942,1280
2025-09-01 15:44:42.805875,-63.765,-21.255,-54.015,-147.225,-46.8,-33.15,-52.455,-40.365,-3,91,-944,1280
2025-09-01 15:44:42.809250,-188.76,-76.05,-97.5,-262.86,-119.73,-49.335,-55.965,-67.665,-3,91,-944,1280
2025-09-01 15:44:42.816000,-163.02,-106.47,-106.665,-209.04,-121.68,-62.010000000000005,-126.945,-74.10000000000001,-2,91,-936,1216
2025-09-01 15:44:42.818500,-152.88,-132.21,-151.125,-124.8,-120.9,-112.905,-171.6,-130.26,-3,93,-938,1280
2025-09-01 15:44:42.821000,-233.61,-118.365,-106.08,-83.85000000000001,-124.41,-110.175,74.49000000000001,-68.83500000000001,-1,91,-940,1216
2025-09-01 15:44:42.823500,12.87,12.09,-93.015,-91.455,14.82,-35.49,-18.525,-92.82,0,91,-943,1280
2025-09-01 15:44:42.826000,-70.785,-85.605,-94.575,-145.665,-110.76,-40.365,-177.255,-66.3,0,91,-943,1280
2025-09-01 15:44:42.828500,-121.875,-108.615,-126.75,-54.21,-120.51,-89.31,-7.800000000000001,-76.05,-3,90,-944,1216
2025-09-01 15:44:42.831000,-80.73,-105.105,-107.445,1.365,-83.46000000000001,-66.69,59.28,-56.745000000000005,-6,79,-942,1216
2025-09-01 15:44:42.836000,-101.205,-90.285,-99.06,-72.345,-98.28,-63.375,7.41,-66.3,-5,76,-939,1152
2025-09-01 15:44:42.836500,-155.415,-136.89,-161.265,-203.775,-168.09,-113.685,-87.555,-133.185,-2,80,-938,1152
2025-09-01 15:44:42.837000,-208.845,-179.595,-219.57,-272.61,-202.605,-162.04500000000002,-150.54,-172.57500000000002,-2,80,-938,1152
2025-09-01 15:44:42.837500,-180.18,-161.265,-197.925,-239.85,-191.295,-142.935,-146.835,-157.95000000000002,-2,82,-936,1216
2025-09-01 15:44:42.838000,-236.145,-198.315,-228.54,-346.90500000000003,-239.46,-173.16,-172.965,-183.105,-7,85,-951,1216
2025-09-01 15:44:42.838500,-285.87,-217.62,-238.485,-394.485,-265.59000000000003,-179.01000000000002,-181.545,-191.88,-4,91,-949,1216
2025-09-01 15:44:42.839000,-249.405,-202.8,-229.905,-300.105,-231.465,-168.09,-169.845,-183.69,-6,91,-947,1216
2025-09-01 15:44:42.840000,-277.485,-213.33,-227.37,-377.325,-257.985,-164.97,-183.3,-187.59,-6,91,-947,1216
2025-09-01 15:44:42.842875,-249.21,-213.33,-264.81,-340.27500000000003,-251.745,-196.95,-210.795,-219.18,-3,90,-949,1216
2025-09-01 15:44:42.845750,-307.90500000000003,-249.015,-283.33500000000004,-330.915,-281.385,-227.565,-221.13,-243.36,3,85,-945,1216
2025-09-01 15:44:42.848625,-253.305,-219.57,-250.965,-343.005,-258.57,-183.495,-166.92000000000002,-200.655,0,86,-944,1216
2025-09-01 15:44:42.851500,-265.2,-229.125,-252.72,-348.46500000000003,-273.0,-195.585,-176.865,-212.94,-1,89,-947,1152
2025-09-01 15:44:42.854375,-289.575,-238.095,-277.29,-369.525,-281.385,-217.035,-232.635,-249.99,-1,89,-947,1152
2025-09-01 15:44:42.857250,-277.68,-226.98,-261.69,-356.265,-259.935,-189.735,-197.73,-216.255,1,93,-949,1216
2025-09-01 15:44:42.863000,-272.805,-224.64,-255.84,-404.04,-272.02500000000003,-190.71,-194.805,-221.13,0,93,-949,1216
2025-09-01 15:44:42.865000,-277.875,-227.37,-262.08,-351.0,-271.635,-201.045,-181.545,-234.0,-1,94,-949,1152
2025-09-01 15:44:42.867000,-255.06,-213.72,-241.605,-323.115,-252.135,-177.06,-156.585,-208.455,-3,92,-950,1216
2025-09-01 15:44:42.869000,-229.125,-193.05,-237.9,-288.21000000000004,-231.66,-180.375,-161.655,-215.085,-3,92,-950,1216
2025-09-01 15:44:42.871000,-271.83,-229.32,-259.15500000000003,-339.495,-262.665,-200.46,-180.375,-226.395,-9,92,-949,1280
2025-09-01 15:44:42.873000,-274.17,-231.855,-249.6,-344.37,-263.25,-190.515,-179.985,-224.25,-12,89,-944,1216
2025-09-01 15:44:42.875000,-261.3,-222.495,-261.885,-332.28000000000003,-256.23,-197.535,-188.565,-231.855,-6,90,-949,1280
2025-09-01 15:44:42.879000,-272.61,-230.1,-260.91,-359.77500000000003,-269.1,-204.36,-191.88,-234.975,0,92,-949,1280
2025-09-01 15:44:42.883125,-281.19,-231.27,-262.86,-353.34000000000003,-264.81,-204.945,-187.785,-233.22,0,92,-949,1280
2025-09-01 15:44:42.887250,-243.75,-203.775,-237.315,-320.58,-247.065,-181.545,-169.065,-208.845,3,95,-945,1216
2025-09-01 15:44:42.891375,-249.405,-211.38,-239.265,-320.385,-242.58,-181.74,-172.57500000000002,-211.965,2,96,-945,1216
2025-09-01 15:44:42.895500,-242.775,-203.97,-232.245,-325.26,-231.66,-165.36,-158.535,-199.095,3,93,-945,1216
2025-09-01 15:44:42.899625,-223.665,-193.05,-213.135,-293.475,-220.545,-156.78,-146.055,-191.49,3,93,-945,1216
2025-09-01 15:44:42.903750,-236.145,-205.92,-234.0,-305.37,-228.345,-176.865,-167.505,-212.94,4,95,-950,1216
2025-09-01 15:44:42.912000,-234.195,-204.36,-234.195,-297.96000000000004,-222.3,-176.085,-158.535,-205.335,8,93,-939,1216
2025-09-01 15:44:42.913625,-225.225,-191.88,-218.985,-282.555,-218.01,-163.60500000000002,-153.465,-193.44,4,95,-942,1152
2025-09-01 15:44:42.915250,-184.08,-168.48000000000002,-185.835,-236.145,-177.06,-131.235,-116.415,-161.265,3,84,-940,1216
2025-09-01 15:44:42.916875,-178.815,-162.435,-183.3,-223.275,-172.77,-126.945,-123.825,-163.8,0,92,-950,1216
2025-09-01 15:44:42.918500,-170.82,-159.12,-182.52,-217.425,-166.14,-131.04,-109.98,-152.88,0,90,-950,1216
2025-09-01 15:44:42.920125,-158.34,-141.18,-156.39,-191.1,-149.955,-111.15,-76.83,-132.6,-5,90,-947,1216
2025-09-01 15:44:42.921750,-132.405,-122.655,-133.185,-164.58,-127.53,-92.04,-55.965,-107.055,-5,90,-947,1216
2025-09-01 15:44:42.925000,-145.47,-134.16,-144.69,-183.495,-138.255,-104.715,-70.59,-125.19,-2,90,-940,1216
2025-09-01 15:44:42.927750,-140.01,-128.505,-141.18,-163.215,-129.675,-102.18,-67.86,-117.78,-4,87,-943,1216
2025-09-01 15:44:42.930500,-141.375,-122.07,-131.82,-194.805,-134.745,-92.625,-70.2,-114.465,0,87,-946,1280
2025-09-01 15:44:42.933250,-115.635,-110.955,-131.43,-179.79,-119.535,-88.33500000000001,-90.48,-118.365,-2,89,-950,1216
2025-09-01 15:44:42.936000,-134.55,-126.945,-151.125,-224.835,-144.885,-103.74,-104.325,-136.5,-2,89,-950,1216
2025-09-01 15:44:42.938750,-155.22,-118.56,-120.12,-113.49,-114.465,-70.005,-73.71000000000001,-77.22,6,91,-943,1216
2025-09-01 15:44:42.941500,-96.135,-89.11500000000001,-105.885,-67.47,-71.37,-72.15,-63.375,-103.155,-1,93,-930,1280
2025-09-01 15:44:42.947000,-88.53,-90.87,-88.53,-182.91,-88.33500000000001,-72.93,30.03,-86.385,-1,91,-940,1280
2025-09-01 15:44:42.948625,-124.605,-78.39,-86.97,-138.84,-77.61,-47.97,-34.32,-84.63000000000001,2,92,-944,1152
2025-09-01 15:44:42.950250,-69.22500000000001,-70.395,-40.95,-20.865,-53.43,-27.885,94.38,-25.35,0,99,-948,1216
2025-09-01 15:44:42.951875,-115.635,-120.12,-115.245,-63.765,-96.915,-88.53,-53.235,-103.935,-5,100,-939,1216
2025-09-01 15:44:42.953500,-72.93,-96.135,-134.745,-64.935,-90.48,-86.19,-80.73,-107.445,3,94,-938,1216
2025-09-01 15:44:42.955125,-127.14,-117.975,-146.445,-152.1,-122.265,-102.57,-103.545,-117.39,6,91,-945,1216
2025-09-01 15:44:42.956750,-102.765,-105.105,-165.555,-146.25,-112.515,-114.465,-172.57500000000002,-146.25,2,90,-944,1280
2025-09-01 15:44:42.960000,-206.895,-167.115,-199.29,-293.865,-195.78,-145.86,-181.545,-168.48000000000002,2,90,-944,1280
2025-09-01 15:44:42.962000,-183.3,-152.1,-169.455,-234.39,-168.48000000000002,-124.41,-115.635,-140.4,-2,91,-945,1280
2025-09-01 15:44:42.964000,-206.895,-161.265,-186.42,-292.695,-190.515,-142.74,-169.65,-176.475,3,95,-939,1216
2025-09-01 15:44:42.966000,-274.56,-191.88,-187.59,-394.095,-236.34,-134.745,-164.19,-153.465,3,97,-946,1216
2025-09-01 15:44:42.968000,-263.055,-194.61,-187.98,-325.845,-205.53,-132.99,-192.075,-164.38500000000002,0,96,-948,1216
2025-09-01 15:44:42.970000,-212.94,-175.5,-192.855,-275.34000000000003,-193.44,-138.255,-157.365,-165.555,-16,96,-948,1216
2025-09-01 15:44:42.972000,-298.935,-217.23,-187.395,-399.555,-238.29,-145.275,-161.85,-158.73000000000002,-5,98,-952,1216
2025-09-01 15:44:42.976000,-194.415,-206.7,-211.965,-158.535,-190.125,-159.705,-192.465,-187.395,0,92,-963,1152
2025-09-01 15:44:42.978875,-204.75,-197.925,-232.245,-253.5,-210.21,-175.695,-234.195,-210.99,1,91,-957,1216
2025-09-01 15:44:42.981750,-225.225,-201.63,-229.71,-292.305,-215.475,-168.285,-213.72,-193.44,4,89,-954,1216
2025-09-01 15:44:42.984625,-247.845,-207.09,-243.75,-311.22,-220.935,-186.615,-237.9,-222.3,5,89,-970,1216
2025-09-01 15:44:42.987500,-231.27,-188.76,-223.275,-318.825,-206.505,-161.265,-243.165,-194.61,5,89,-961,1216
2025-09-01 15:44:42.990375,-266.565,-202.41,-232.245,-369.33,-232.245,-171.015,-229.71,-207.87,2,90,-950,1152
2025-09-01 15:44:42.993250,-267.15000000000003,-212.94,-231.465,-404.625,-245.7,-173.94,-217.23,-205.14,3,96,-952,1216
2025-09-01 15:44:42.999000,-252.525,-205.53,-222.105,-324.675,-215.085,-161.07,-223.08,-192.855,5,98,-951,1280
2025-09-01 15:44:42.999000,-175.89,-161.85,-205.725,-204.75,-159.51000000000002,-149.175,-214.5,-184.275,4,95,-945,1216
2025-09-01 15:44:42.999000,-226.59,-201.045,-227.37,-306.54,-219.375,-178.62,-205.335,-202.605,4,95,-945,1216
2025-09-01 15:44:42.999000,-275.925,-223.86,-234.78,-372.255,-241.995,-183.885,-230.295,-208.455,13,92,-945,1216
2025-09-01 15:44:42.999000,-275.535,-221.325,-231.075,-348.66,-237.315,-165.165,-209.625,-192.465,9,95,-950,1216
2025-09-01 15:44:42.999000,-242.97,-218.01,-231.465,-314.73,-230.685,-176.475,-223.47,-204.36,6,96,-949,1216
2025-09-01 15:44:42.999000,-255.645,-227.955,-240.435,-335.205,-241.995,-183.105,-232.635,-204.555,6,95,-950,1152
2025-09-01 15:44:42.999000,-237.9,-209.82,-233.61,-319.8,-217.035,-165.165,-218.79,-187.785,6,95,-950,1152
2025-09-01 15:44:43.001750,-218.79,-192.075,-222.3,-298.15500000000003,-207.285,-164.58,-216.84,-191.49,1,91,-947,1216
2025-09-01 15:44:43.004500,-217.62,-189.735,-206.505,-285.285,-192.855,-153.66,-205.14,-175.695,5,98,-954,1216
2025-09-01 15:44:43.007250,-209.43,-181.935,-198.12,-278.46000000000004,-193.245,-155.22,-191.49,-175.305,7,98,-956,1280
2025-09-01 15:44:43.010000,-206.895,-188.37,-199.68,-276.90000000000003,-188.76,-157.365,-191.88,-174.72,4,96,-952,1216
2025-09-01 15:44:43.012750,-183.69,-163.8,-173.55,-253.89,-168.285,-130.455,-166.53,-147.225,4,96,-952,1216
2025-09-01 15:44:43.015500,-174.915,-157.17000000000002,-163.60500000000002,-236.34,-162.82500000000002,-129.675,-165.165,-144.495,3,97,-937,1216
2025-09-01 15:44:43.021000,-168.09,-156.78,-163.41,-226.005,-159.12,-134.745,-155.025,-138.06,2,93,-943,1216
2025-09-01 15:44:43.022750,-146.25,-139.62,-150.93,-200.655,-132.405,-116.61,-133.77,-122.07,4,93,-943,1216
2025-09-01 15:44:43.024500,-127.725,-119.145,-131.04,-175.695,-115.83,-90.285,-108.225,-96.915,5,92,-944,1152
2025-09-01 15:44:43.026250,-136.11,-128.895,-131.235,-179.01000000000002,-125.775,-100.62,-105.495,-100.62,5,92,-944,1152
2025-09-01 15:44:43.028000,-135.72,-129.285,-125.775,-167.70000000000002,-114.66,-88.53,-92.82,-95.55,4,94,-956,1216
2025-09-01 15:44:43.029750,-106.665,-102.765,-107.445,-138.45000000000002,-89.50500000000001,-79.95,-77.415,-79.17,4,96,-950,1216
2025-09-01 15:44:43.031500,-90.285,-99.45,-101.595,-115.05,-82.29,-73.905,-68.44500000000001,-76.83,2,94,-948,1216
2025-09-01 15:44:43.035000,-84.825,-96.72,-103.545,-98.865,-78.97500000000001,-75.075,-66.105,-75.465,1,91,-947,1280
2025-09-01 15:44:43.038750,-59.085,-70.59,-71.565,-66.69,-44.265,-40.17,-23.985,-42.120000000000005,1,91,-947,1280
2025-09-01 15:44:43.042500,61.035,130.65,141.375,188.37,174.72,128.31,186.42,140.205,1,94,-950,1216
2025-09-01 15:44:43.046250,173.94,121.29,128.70000000000002,246.675,202.8,135.33,139.815,122.07,3,91,-944,1280
2025-09-01 15:44:43.050000,276.90000000000003,107.25,133.185,339.105,220.935,131.625,228.54,129.285,-2,92,-944,1216
2025-09-01 15:44:43.053750,90.87,123.825,183.69,244.725,176.865,167.31,305.37,211.77,-4,90,-946,1216
2025-09-01 15:44:43.057500,113.685,168.87,192.855,198.51,203.58,178.23000000000002,296.205,202.02,-3,88,-943,1280
2025-09-01 15:44:43.065000,275.34000000000003,148.20000000000002,163.8,478.53,241.995,156.39,278.85,189.15,-3,88,-943,1280
2025-09-01 15:44:43.066875,374.79,213.525,202.02,447.72,300.495,198.12,294.255,225.81,6,86,-937,1216
2025-09-01 15:44:43.068750,216.45,133.185,84.435,163.60500000000002,170.43,105.69,56.745000000000005,96.525,-1,92,-949,1280
2025-09-01 15:44:43.070625,132.015,88.14,58.305,174.33,119.535,70.98,209.82,51.09,2,91,-945,1216
2025-09-01 15:44:43.072500,16.77,57.915,115.635,197.535,97.5,119.925,253.305,154.63500000000002,-4,88,-945,1280
2025-09-01 15:44:43.074375,65.91,76.245,115.635,100.62,81.51,119.535,220.545,140.205,-4,88,-945,1280
2025-09-01 15:44:43.076250,109.395,45.825,61.035,155.805,78.58500000000001,71.76,166.335,88.53,-2,83,-947,1216
2025-09-01 15:44:43.080000,120.705,57.72,52.455,224.445,90.675,60.255,129.48000000000002,74.685,-1,77,-940,1216
2025-09-01 15:44:43.086000,90.87,19.305,0.0,146.445,47.58,24.96,57.135000000000005,25.74,1,83,-941,1216
2025-09-01 15:44:43.092000,-18.33,-28.08,-48.555,-24.96,-30.225,-27.105,-9.75,-29.445,-2,88,-936,1152
2025-09-01 15:44:43.098000,4.485,-14.235,-70.785,-18.33,-15.015,-35.88,-93.405,-42.315000000000005,6,91,-946,1280
2025-09-01 15:44:43.104000,-90.09,-54.015,-75.075,-136.5,-65.52,-40.56,-76.44,-54.015,6,91,-947,1216
2025-09-01 15:44:43.110000,-45.63,-43.68,-67.665,-88.92,-47.58,-49.725,-58.89,-62.010000000000005,2,90,-944,1280
2025-09-01 15:44:43.116000,-128.895,-109.395,-136.11,-182.325,-121.875,-103.155,-148.20000000000002,-116.61,2,90,-944,1280
2025-09-01 15:44:43.128000,-137.085,-115.05,-112.515,-184.08,-126.555,-83.85000000000001,-83.265,-83.655,3,90,-946,1216
2025-09-01 15:44:43.128500,-150.15,-114.465,-132.6,-177.645,-118.56,-96.72,-114.27,-110.955,5,84,-948,1280
2025-09-01 15:44:43.129000,-78.78,-94.38,-120.9,-88.53,-93.795,-98.085,-82.875,-103.74,4,86,-953,1216
2025-09-01 15:44:43.129500,-93.6,-103.545,-140.985,-124.995,-112.125,-106.275,-136.11,-116.61,4,85,-949,1216
2025-09-01 15:44:43.130000,-78.78,-82.68,-116.025,-119.73,-95.16,-90.285,-140.595,-119.145,4,85,-949,1216
2025-09-01 15:44:43.130500,-103.545,-87.555,-135.915,-152.685,-109.98,-99.45,-111.93,-103.545,-5,89,-953,1216
2025-09-01 15:44:43.131000,-120.315,-94.965,-123.435,-184.665,-125.775,-95.355,-105.105,-106.275,2,87,-961,1280
2025-09-01 15:44:43.132000,-164.38500000000002,-115.05,-128.115,-240.045,-142.74,-88.72500000000001,-121.29,-105.105,0,84,-954,1216
2025-09-01 15:44:43.136875,-130.455,-95.16,-122.46,-187.2,-113.49,-86.19,-106.08,-96.915,2,82,-955,1280
2025-09-01 15:44:43.141750,-129.48000000000002,-109.395,-137.865,-176.865,-125.19,-96.915,-120.12,-106.665,2,85,-953,1216
2025-09-01 15:44:43.146625,-174.72,-115.44,-147.03,-219.375,-147.81,-108.81,-191.685,-135.135,-6,82,-942,1216
2025-09-01 15:44:43.151500,-153.85500000000002,-123.63,-163.02,-218.985,-130.845,-116.415,-165.165,-131.04,-4,85,-948,1280
2025-09-01 15:44:43.156375,-115.635,-107.835,-125.19,-156.0,-117.0,-101.01,-91.65,-108.81,-4,86,-950,1152
2025-09-01 15:44:43.161250,-111.735,-92.43,-125.775,-184.275,-110.175,-91.065,-133.57500000000002,-108.03,-4,86,-950,1152
2025-09-01 15:44:43.171000,-133.185,-105.105,-121.875,-194.22,-126.945,-99.84,-127.53,-119.145,-8,84,-944,1216
2025-09-01 15:44:43.171500,-159.12,-128.505,-153.465,-261.495,-158.925,-115.635,-167.31,-131.43,0,85,-942,1216
2025-09-01 15:44:43.172000,-95.745,-92.43,-117.78,-117.39,-98.085,-95.55,-116.415,-109.59,5,87,-944,1152
2025-09-01 15:44:43.172500,-177.84,-117.195,-126.36,-254.085,-140.4,-104.91,-135.135,-116.61,5,84,-963,1216
2025-09-01 15:44:43.173000,-189.15,-133.185,-120.12,-260.71500000000003,-151.515,-89.11500000000001,-127.53,-100.815,5,81,-947,1280
2025-09-01 15:44:43.173500,-114.27,-110.175,-120.705,-148.98000000000002,-110.175,-99.84,-119.145,-104.13,4,84,-944,1216
2025-09-01 15:44:43.174000,-104.715,-99.45,-144.495,-106.47,-96.915,-119.925,-184.665,-137.475,3,88,-941,1216
2025-09-01 15:44:43.175000,-69.61500000000001,-84.24000000000001,-120.315,-84.435,-74.49000000000001,-93.99,-155.805,-108.81,3,88,-941,1216
2025-09-01 15:44:43.177520,-95.16,-77.805,-103.35,-127.335,-87.36,-86.19,-116.415,-98.28,-6,86,-935,1216
2025-09-01 15:44:43.180041,-117.975,-93.015,-103.155,-133.57500000000002,-94.965,-79.95,-118.56,-86.775,5,85,-936,1216
2025-09-01 15:44:43.182561,-62.010000000000005,-66.69,-104.52,-90.285,-67.275,-81.705,-137.085,-102.18,1,85,-941,1216
2025-09-01 15:44:43.185082,-99.645,-89.895,-116.805,-156.78,-93.795,-90.285,-134.94,-109.005,3,87,-942,1280
2025-09-01 15:44:43.187602,-75.465,-71.76,-99.06,-109.98,-74.10000000000001,-67.275,-118.17,-86.19,3,87,-942,1280
2025-09-01 15:44:43.190122,-99.06,-82.875,-101.79,-163.215,-91.845,-68.055,-141.18,-88.92,3,87,-941,1280
