start,stop,label
13:50:56.203000,13:50:56.707000,blink