start,stop,label
13:54:41.127000,13:54:48.783000,garbage
13:54:48.899000,13:54:49.199000,gazeleft
13:54:49.887000,13:54:50.067000,gazecenter



















































