start,stop,label
13:54:41.127000,13:54:48.783000,garbage
13:54:48.899000,13:54:49.199000,gazeleft
13:54:49.887000,13:54:50.067000,gazecenter
13:54:50.851000,13:54:51.127000,gazeright
13:54:52.875000,13:54:53.111000,gazeleft
13:54:53.779000,13:54:54.179000,gazecenter

















































