timestamp,CH1,CH2,CH3,CH4,CH5,CH6,CH7,CH8,X,Y,Z,TEMP
2025-09-05 21:24:07.429000,-0.0006355857717671687,0.0003516833859515889,0.0004972458616535104,-0.0001783418118332702,-0.00011695000433303233,-7.028111899348499e-05,0.000420853341008418,-6.500309029436952e-05,0.00010256897876823592,8.832328727264759e-05,-0.0013447932771835376,0.0020057933625788355
2025-09-05 21:24:07.431375,-0.006409217719729598,0.0032729797528894596,0.0048227772953375,-0.0018014638205671155,-0.0012114965734795046,-0.0007078461490194351,0.004023281258032175,-0.0006355377324732964,0.0010713097810633799,0.0009296791730287479,-0.014181079072228054,0.021053893203251715
2025-09-05 21:24:07.433750,-0.031944297641423806,0.014719121304918724,0.02296416766704356,-0.008987541177233691,-0.006225663241232842,-0.0035182173209077393,0.018804656398288794,-0.003029549406908471,0.005598796192576625,0.00489669178291512,-0.07482979289779333,0.11058220091086937
2025-09-05 21:24:07.436125,-0.10648244491057447,0.04293782825278432,0.07263425189516816,-0.0299507163360256,-0.021475385334377612,-0.011669975352597943,0.05805202179567855,-0.009470603116902681,0.01984871624144005,0.017502879560757374,-0.26776580366748437,0.39404604341670174
2025-09-05 21:24:07.438500,-0.2705295530747763,0.09127972233544185,0.17391089474074864,-0.07594465373300104,-0.05669330021044635,-0.029414411625146242,0.13458423275957943,-0.0219291313260339,0.05449075445955414,0.048468107571830975,-0.7414494829138525,1.0873615064075277
2025-09-05 21:24:07.440875,-0.564140218827979,0.14786534988752928,0.3394392580671272,-0.15775529430177482,-0.12346917542498659,-0.060587350839210075,0.2514564500349707,-0.03991568866692346,0.12491875528573132,0.11207890736868127,-1.7127701105487725,2.5049915699803957
2025-09-05 21:24:07.443250,-1.0121181767530876,0.17778260263597526,0.5661685426798028,-0.2813323888676684,-0.23280377852135006,-0.10666305060316397,0.3948905343935265,-0.05822366707595502,0.2508247881468519,0.22685735232645152,-3.461609630323892,5.051434244201607
2025-09-05 21:24:07.448000,-1.6132270384932421,0.12299885517968769,0.8342737671523847,-0.4446424435356226,-0.3928506399863327,-0.165161992196182,0.5346382265069783,-0.06580511248591955,0.4553551763098526,0.41466401777587597,-6.318609412294404,9.20226888953571
2025-09-05 21:24:07.452500,-2.338652201278989,-0.08799908452733658,1.115405856169225,-0.6372005795698672,-0.6076855380573346,-0.22906802488952588,0.633468614577746,-0.046456780092732075,0.7639932789120129,0.6994354288190354,-10.648668181303025,15.47932387390632
2025-09-05 21:24:07.457000,-3.140718714917174,-0.5235730963794846,1.3874229875877564,-0.8425536902118121,-0.8774657681077639,-0.28751822156212475,0.6626583848882959,0.018816450644489332,1.203266449711265,1.1057675087225154,-16.832224537024537,24.423694173175576
2025-09-05 21:24:07.461500,-3.968628794377411,-1.2318915089042246,1.6489488665012877,-1.042894718756559,-1.1998582852712547,-0.32767013335742506,0.6165367818595567,0.14847882072406982,1.7993543927731543,1.6575129886096232,-25.246008060431752,36.56874622479233
2025-09-05 21:24:07.466000,-4.7847142021817985,-2.2310392050803207,1.9263278385165832,-1.2240510100145479,-1.572075975922186,-0.3372492570139416,0.518558899828373,0.35726839439633945,2.576701071361832,2.376538397717307,-36.24457094054004,52.41473898016877
2025-09-05 21:24:07.470500,-5.57356418642104,-3.5106304102928245,2.2690336702113525,-1.3785878320670755,-1.9923879129927935,-0.30674281501640693,0.41568103296486,0.6543948498766731,3.5567699738745957,3.2817232541365824,-50.1435290557696,72.40652331847046
2025-09-05 21:24:07.475000,-6.339791579150168,-5.043150105790579,2.735845462198234,-1.5056146888723358,-2.4601879127362976,-0.23020224759009503,0.36413874187337925,1.043866509348009,4.757055294468041,4.388179273340342,-67.20513461827184,96.91482342328108
2025-09-05 21:24:07.484000,-7.0962280993680436,-6.798978634457823,3.3782359459636235,-1.6076699564338368,-2.9746052627720205,-0.10442298378563186,0.41299021760319554,1.5266082478582264,6.190398294477344,5.706625650205982,-87.62657798371066,126.22066741835114
2025-09-05 21:24:07.486625,-7.848529541670545,-8.758459816462812,4.227717397959772,-1.6863793508682245,-3.532380597887909,0.07288412643883975,0.5919273647229614,2.103277730670154,7.86461037542936,7.242892592855598,-111.53126486792519,160.50269087411058
2025-09-05 21:24:07.489250,-8.58278117205343,-10.916453466771397,5.291393443370676,-1.7388302550364108,-4.125908755809593,0.30501687231277963,0.9076651132437403,2.776578095728924,9.782337167761272,8.99758095158535,-138.96321391908484,199.8279635675387
2025-09-05 21:24:07.491875,-9.259428839381636,-13.279739155733315,6.5546274560758855,-1.7557094759871477,-4.742072903870631,0.597649898770538,1.3475824238068028,3.5523888855337096,11.941042659435384,10.96593624339526,-169.88456520569437,244.14750052717926
2025-09-05 21:24:07.494500,-9.813024126197366,-15.861176478938441,7.986430261523573,-1.721123555334062,-5.362043501182515,0.9594372280167215,1.8856346675050761,4.43972558849598,14.333021417035004,13.137959662318794,-204.17600723225266,293.2968973060682
2025-09-05 21:24:07.497125,-10.157548637663512,-18.67209596758806,9.546474035346446,-1.6139923053738856,-5.962074049961795,1.4017295769572604,2.4891542116152183,5.449593022173041,16.94542085474255,15.498700591337672,-241.6398480673817,347.0010763187621
2025-09-05 21:24:07.499750,-10.19852103438939,-21.711733845114825,11.195476034106472,-1.4112986093524245,-6.515450519172298,1.9371762551501883,3.128493543838038,6.5925420795819765,19.760325111026344,18.02864945456124,-282.00545888420083,404.8816121872999
2025-09-05 21:24:07.505000,-9.850987515850793,-24.955033292910176,12.907404199825192,-1.0929951188331986,-6.995596758323646,2.577192629770744,3.7880570339689648,7.875046079975891,22.755010057307874,20.704202710023335,-324.9368134314012,466.4661419053405
2025-09-05 21:24:07.508500,-9.058669047462379,-28.343940541945976,14.67785822766201,-0.647342554290299,-7.379781929638152,3.3288012449951414,4.472823405587918,9.295613507168762,25.90245813171264,23.49823776275701,-370.0417486858023,531.200306409306
2025-09-05 21:24:07.512000,-7.807093491832707,-31.787884526649552,16.52261360419091,-0.07468445705991349,-7.652279565243285,4.191848774482847,5.204442684991158,10.842149967886986,29.172098728306494,26.380847094595538,-416.88240857312024,598.4621004523685
2025-09-05 21:24:07.515500,-6.124792082152199,-35.174589814288225,18.464414715765503,0.6121091631841017,-7.805750401246999,5.1576399279557075,6.005729042793692,12.491813902263102,32.53064756461272,29.320227876733963,-464.9863146666186,667.5773907332773
2025-09-05 21:24:07.519000,-4.073461144835211,-38.385008173613116,20.513793702077265,1.3904140073765834,-7.8405587095912574,6.209289098651652,6.880221622307403,14.213270606224832,35.942948012110904,32.28365913823805,-513.8576763708595,737.8354571731608
2025-09-05 21:24:07.522500,-1.7357247596242673,-41.303567852014005,22.654571871989965,2.2314281820645805,-7.76313482822498,7.323013348321696,7.797811331798941,15.969721858799645,39.37278421643788,35.238472836673765,-562.9887088219609,808.5047334509801
2025-09-05 21:24:07.526000,0.7906393179299273,-43.81997693615459,24.84080597315928,3.101944705656599,-7.584903357423097,8.469203688591199,8.692704805290646,17.72085638052281,42.7836629219877,38.152943856284935,-611.8707629835636,878.8494543294237
2025-09-05 21:24:07.533000,3.389938222295643,-45.825295160466695,27.00354340401594,3.9636237444368168,-7.322429855409584,9.612646023635458,9.47131016110793,19.42305629120284,46.139573600908236,40.9970601302811,-660.0050363731102,948.1466220823614
2025-09-05 21:24:07.537625,5.921672896549096,-47.208253426927435,29.060350241928376,4.7709522099834585,-6.998382632407611,10.712074479403984,10.02256949433027,21.02856436668546,49.40573753115554,43.74316331434265,-706.9126005282225,1015.7017286484133
2025-09-05 21:24:07.542250,8.216181283295082,-47.857369589034235,30.920760918854974,5.469765555448923,-6.642399748718068,11.719812269108333,10.224054480736019,22.48493041141305,52.549337111925006,46.36646749543554,-752.1434840241,1080.8624490872107
2025-09-05 21:24:07.546875,10.076764167094133,-47.66968184299825,32.48633102849381,5.997520217776297,-6.291168365488188,12.582247952066579,9.943049825663818,23.73560044528696,55.54021596341433,48.8454543645385,-795.2845991981712,1143.0304472797575
2025-09-05 21:24:07.551500,11.288034253582085,-46.56257327087341,33.64863129860633,6.285368133401649,-5.98755073003082,13.241409432943216,9.036254609677709,24.721680108274846,58.3515301732303,51.162125669644,-835.9664001428041,1201.6716506790312
2025-09-05 21:24:07.556125,11.629811978762458,-44.48662467588561,34.2863699847471,6.261927299808528,-5.778702383186711,13.6375739804125,7.349097338584881,25.38478210241907,60.960274613481275,53.3021080726494,-873.8682436357162,1256.3252808379684
2025-09-05 21:24:07.560750,10.896806716267923,-41.4394619488285,34.26036864162759,5.858868581840106,-5.713046775240329,13.712804902772753,4.713030915225027,25.671034231016353,63.347606268373355,55.254643365088945,-908.722443996919,1306.6113140721636
2025-09-05 21:24:07.570000,8.92218184102536,-37.47827939398964,33.40800285784619,5.017852488904982,-5.836275818806314,13.415157859381129,0.9422805797623061,25.535939764027127,65.49897427289928,57.012527972731576,-940.3170165342162,1352.2351440892216
2025-09-05 21:24:07.573500,5.5999529420905985,-32.726197284315084,31.54199948574024,3.697423769315504,-6.187035840179273,12.703012963366238,-4.164998142154147,24.949161883125942,67.40412143954451,58.572043665413005,-968.4971174609027,1392.988677740299
2025-09-05 21:24:07.577000,0.8999376052531388,-27.368085493896647,28.458245061352017,1.8780280476312525,-6.793260814077301,11.548724306537009,-10.81671236918494,23.89796272428343,69.05700028811897,59.93284863643693,-993.1651975357414,1428.748755810112
2025-09-05 21:24:07.580500,-5.129430295456152,-21.63478178008437,23.953685190161533,-0.4363088147824733,-7.670049319962896,9.940747004847639,-19.207449838148715,22.38823975591184,70.45561176922779,61.097779138476014,-1014.2799281165495,1459.473612343243
2025-09-05 21:24:07.584000,-12.371233412271113,-15.779026389243237,17.85060119678984,-3.2200487730105323,-8.819519282456312,7.883758674408361,-29.493777075633897,20.442832346012857,71.6017758215237,62.07255749527518,-1031.8540259438187,1485.1967531780438
2025-09-05 21:24:07.587500,-20.660148867473815,-10.049082092925035,10.021010265563673,-6.431296136800002,-10.232533599603698,5.396815767421075,-41.77052586037056,18.09748522675949,72.50086352191853,62.86541698362264,-1045.9511346395227,1506.0188766442016
2025-09-05 21:24:07.591000,-29.80667551034341,-4.666796933920957,0.40464765879978554,-10.01848640603209,-11.891734356250918,2.510090227041634,-56.05460462268127,15.395447342073407,73.16149761955417,63.48665371801381,-1056.681912460116,1522.1002249325393
2025-09-05 21:24:07.598000,-39.617914612844345,0.18374153776068008,-10.985107544923965,-13.926364484707474,-13.77484457114497,-0.7387617322488141,-72.2816224267149,12.38232238875008,73.59520228280302,63.948157096255116,-1064.1994648147195,1533.6543133504556
2025-09-05 21:24:07.599500,-49.908499294651094,4.3547389945997965,-24.06906214862152,-18.09923533783916,-15.857009102538322,-4.307386690495375,-90.31625630828032,9.10285758380404,73.81602999411432,64.26299313326957,-1068.6942632715343,1540.941802810804
2025-09-05 21:24:07.601000,-60.49994816932251,7.724348383784356,-38.719335031026255,-22.48082125232307,-18.111425173502635,-8.149932155402347,-109.97126716433888,5.600474095006662,73.84021021894854,64.4450649543975,-1070.3886896819852,1544.263550416169
2025-09-05 21:24:07.602500,-71.2117787141805,10.185166481459648,-54.77746266746732,-27.011602385177902,-20.508339130759843,-12.216670411947646,-131.02664746024558,1.9191448531561126,73.68579461203142,64.50882495762222,-1069.5313178004726,1543.9532268674693
2025-09-05 21:24:07.604000,-81.85104942031388,11.638761048869316,-72.06585044515197,-31.625614184588002,-23.013220380707267,-16.452797135604804,-153.24148129739268,-1.8937687838058563,73.37225157757318,64.46902754590384,-1066.391028027877,1540.3702694037265
2025-09-05 21:24:07.605500,-92.20781008136606,11.999550314485482,-90.38929856253297,-36.248996280140766,-25.5853859633289,-20.79761787681459,-176.35581129490623,-5.785567662457806,72.9200149565729,64.34054102709142,-1061.251072206292,1533.8933004873215
2025-09-05 21:24:07.607000,-102.06089377401511,11.206334391903244,-109.5286725168247,-40.80169508487295,-28.178200289317058,-25.185130466687717,-200.0851311198438,-9.698469465825793,72.35002925351522,64.13821424241918,-1054.4032324552268,1524.9133643829055
2025-09-05 21:24:07.610000,-111.19307627875561,9.236454009053102,-129.23201094442604,-45.202123293315495,-30.741171961939767,-29.546265648010174,-224.11300285943412,-13.572170303416241,71.68335332084872,63.87673606724046,-1046.1422110463204,1513.826447644109
2025-09-05 21:24:07.612375,-119.41017888387715,6.116400551908914,-149.20937455916206,-49.37323901672645,-33.22335283845549,-33.81228728545661,-248.08801308089957,-17.347692542869638,70.94087170379863,63.570430307899315,-1036.7603660026434,1501.025881038182
2025-09-05 21:24:07.614750,-126.5565579287477,1.9230978436286688,-169.13715323924598,-53.247790360017575,-35.57684793741172,-37.91831750127339,-271.6303785244523,-20.97089187240098,70.14307884670863,63.23301078350083,-1026.5428897631134,1486.8959889448324
2025-09-05 21:24:07.617125,-132.5207340463987,-3.226452542052289,-188.67370392245724,-56.77075943532069,-37.75920786674387,-41.80585455553394,-294.34945087349564,-24.39420827025922,69.30984044588438,62.87736359800668,-1015.7634984642034,1471.807447756447
2025-09-05 21:24:07.619500,-137.2295698173547,-9.193879086169204,-207.48250006366663,-59.89838153194403,-39.734062864999274,-45.42365206416321,-315.86789752448414,-27.576228978671573,68.46008692692293,62.515378049719814,-1004.680682978212,1456.1133728623136
2025-09-05 21:24:07.621875,-140.63411701374054,-15.840061779654807,-225.25613027413974,-62.59458828748559,-41.47019398892708,-48.727096087861625,-335.8458468339184,-30.479706879266548,67.61146913810164,62.15778691020865,-993.5345908859628,1440.1453185670698
2025-09-05 21:24:07.624250,-142.69294762026118,-23.041381193018996,-241.73480805131172,-64.82661881459693,-42.939847841820054,-51.67676082943304,-353.99881722439403,-33.06928922023042,66.78002949141477,61.813960121775565,-982.5445702419858,1424.209460851369
2025-09-05 21:24:07.629000,-143.35974525619528,-30.696708765436185,-256.71440970737336,-66.56179856574812,-44.117277034273904,-54.23699756758443,-370.1048614239447,-35.310267769498275,65.97993964793527,61.49166036933674,-971.907292862557,1408.5834450319371
2025-09-05 21:24:07.632625,-142.58040852197493,-38.72331028590927,-270.0422927707568,-67.76696268254896,-44.97825361578716,-56.375300587506146,-383.9997347018427,-37.16913075372465,65.22334013891718,61.196859622378,-961.7953533567498,1393.5140180264088
2025-09-05 21:24:07.636250,-140.30088436326025,-47.04444990906466,-281.604029441722,-68.41086527445573,-45.50085966344043,-58.062851456321035,-395.5635515880513,-38.61580291509449,64.52028238621976,60.93369792719024,-952.3563430484458,1379.2154128362417
2025-09-05 21:24:07.639875,-136.48256996008374,-55.57518169829322,-291.3079493722434,-68.46876004335674,-45.66739137609095,-59.27617214002923,-404.7058977316834,-39.62677025765556,63.87873056276716,60.70457687657931,-943.7124457017185,1365.868445291353
2025-09-05 21:24:07.643500,-131.11857550632095,-64.21384247731034,-299.07534586696175,-67.92733086099565,-45.46668397003242,-59.999299374723066,-411.3571092528022,-40.18794661341627,63.3045734049128,60.510348772323326,-935.960521792068,1353.620276097604
2025-09-05 21:24:07.647125,-124.24289114936262,-72.84388948988206,-304.8410973156063,-66.7876651191448,-44.895754806946385,-60.225463608717185,-415.4698979357195,-40.296058914481165,62.80165231866157,60.35056590432988,-929.1725530101735,1342.5847850073878
2025-09-05 21:24:07.650750,-115.92796034830745,-81.34487370678868,-308.56325780249864,-65.06484092089806,-43.959912636408255,-59.957380567942145,-417.0291268771854,-39.957852097127414,62.371858457842585,60.22375135074172,-923.3963694158192,1332.8434986602397
2025-09-05 21:24:07.658000,-106.27227089869929,-89.60697810672443,-310.2356921215099,-62.78447845117474,-42.671290153968656,-59.205996301150414,-416.06351608385813,-39.187430190123884,62.01533597742144,60.12766618653812,-918.6567453355211,1324.447009434155
2025-09-05 21:24:07.662125,-95.38382764526531,-97.54268997395398,-309.8971229184882,-59.977903866912676,-41.04641671562016,-57.98825023391903,-412.65288452423374,-38.00281132605481,61.730783356623604,60.05955686745533,-914.9569288392445,1317.4167284131208
2025-09-05 21:24:07.666250,-83.36618429318519,-105.09092058429422,-307.6318606754232,-56.67782924603807,-39.10368769199979,-56.324728573429134,-406.92667972596837,-36.42292128602125,61.515781194928806,60.016363466780334,-912.2804336354211,1311.7466731060722
2025-09-05 21:24:07.670375,-70.31076871604265,-112.21345345670603,-303.56212998872337,-52.915636261416736,-36.86140654383336,-54.23786916321552,-399.05416456153523,-34.46570525260947,61.36704976762543,59.99488775901726,-910.5928667855394,1307.405287745295
2025-09-05 21:24:07.674500,-56.295349737987685,-118.88725906776136,-297.8357151136617,-48.7203072275525,-34.33666189370752,-51.75090118349101,-389.2302432051997,-32.14732000163646,61.28061164964093,59.9919363557302,-909.843786310481,1304.337845772202
2025-09-05 21:24:07.678625,-41.38825268547881,-125.09449436575187,-290.61120004132056,-44.11900423237096,-31.545144310409416,-48.88754141969869,-377.659345563319,-29.482392030612445,61.251903030067,60.00444334491242,-909.9687298759778,1302.469735268348
2025-09-05 21:24:07.682750,-25.6591318035781,-130.80975173147988,-282.0409164005457,-39.13962453697148,-28.502070583006738,-45.67258141548083,-364.53761321242007,-26.48566037446205,61.27586915223605,60.02956271343125,-910.8914678263147,1301.7100971310483
2025-09-05 21:24:07.691000,-9.195314028364919,-135.98628531861573,-272.25366297266197,-33.8151493769734,-25.224214284693694,-42.13338795129209,-350.0355647253334,-23.174972448767903,61.34707431558606,60.06471856106826,-912.5263973390445,1301.9550688741801
2025-09-05 21:24:07.694375,7.880878570664207,-140.5463030914161,-261.34239254548834,-28.188538877418825,-21.732586160421473,-38.30196028545508,-334.2864238249566,-19.57478192205348,61.459862481450834,60.107629507066505,-914.7809739459003,1303.0905394015017
2025-09-05 21:24:07.697750,25.400717227027297,-144.38101880100106,-249.36250148557198,-22.316172155049795,-18.054846201794042,-34.216772913628816,-317.38533583388863,-15.718757109382413,61.608556115464935,60.15635626889711,-917.5581106698556,1304.9951077811838
2025-09-05 21:24:07.701125,43.14919349341056,-147.36255574151332,-236.3425645677677,-16.268104900427577,-14.226438180978317,-29.92348191139369,-299.40068984367025,-11.650298745647586,61.78762501381662,60.20938228199701,-920.7584645989251,1307.5439221243087
2025-09-05 21:24:07.704500,60.87762781819527,-149.36400660055128,-222.30353201476953,-10.12473293919286,-10.289881016301013,-25.473966756336218,-280.3932547471912,-7.420640250401375,61.9917726162645,60.265681358732415,-924.2825394776606,1310.613177343048
2025-09-05 21:24:07.707875,78.3250185151547,-150.28088635815945,-207.27944301471385,-3.9708489428923546,-6.292358152532676,-20.92388277584669,-260.4361530646881,-3.08517966773355,62.21596201373267,60.3247502772238,-928.0326137947231,1314.0841243400882
2025-09-05 21:24:07.711250,95.24177389745648,-150.04762498378923,-191.33312699786924,2.111087188863319,-2.282354229049913,-16.329422252145207,-239.62919449754403,1.3006798107059394,62.455469909060604,60.38659707788837,-931.9145328186997,1317.8454045224262
2025-09-05 21:24:07.718000,111.40866473245602,-148.64423678858898,-174.56187999131248,8.046396758269257,1.6936112483653798,-11.744201518710724,-218.10293685230377,5.6847670287191825,62.706031433079794,60.45163959807512,-935.8393267434813,1321.7935192810528
2025-09-05 21:24:07.718125,126.6455801132486,-146.09129464486446,-157.09134510977538,13.770821016612729,5.593202729232703,-7.217094692782947,-196.01134678953363,10.019576383873789,62.96402686650722,60.52052028010074,-939.7245818916504,1325.8323637993644
2025-09-05 21:24:07.718250,140.80881976191807,-142.43597078294692,-139.06069201717227,19.23001359071541,9.378918120310612,-2.7914343880356776,-173.5165197119225,14.261949320632748,63.22660089652025,60.59393058964518,-943.4955533633648,1329.8730352598795
2025-09-05 21:24:07.718375,153.77992860308765,-137.7357709192993,-120.60601211846377,24.376683764304566,13.017217739700017,1.4944381153639932,-150.77241648223352,18.371658720661344,63.491647213479915,60.67250940161227,-947.0860557713914,1333.8344757377245
2025-09-05 21:24:07.718500,165.45246258604004,-132.04774540496672,-101.84983958021456,29.167072943041592,16.4768356033377,5.605758972888863,-127.91541616765679,22.309789113429822,63.75766593453485,60.756808637878024,-950.4391376646229,1337.64477185339
2025-09-05 21:24:07.718625,175.7244397709742,-125.42800891209568,-82.9015407464709,33.55892168544887,19.727489569239395,9.510069014958678,-105.0659361109343,26.038014092902976,64.0235651306944,60.84728858832055,-953.5074837212239,1341.2425628541314
2025-09-05 21:24:07.718750,184.50113453035763,-117.94035997789751,-63.86698930816171,37.512345373271366,22.739982913556506,13.177050534102145,-82.33888741456414,29.519622403149967,64.28847622381231,60.9442970164023,-956.2534920228248,1344.577814531327
2025-09-05 21:24:07.719000,191.70693227226315,-109.66833987974412,-44.86145069398546,40.99335222925131,25.48779559666491,16.57968585751354,-59.85665578437833,32.72221604801936,64.55159391285362,61.048023142862675,-958.6490527078033,1347.6116131986537
2025-09-05 21:24:07.723000,197.30056141272993,-100.724259157823,-26.019033942565137,43.97841876338841,27.949498097830464,19.696189351610517,-37.75811184798264,35.6210762009028,64.81204004104366,61.1584519810968,-960.6751408207563,1350.3153780966077
2025-09-05 21:24:07.727000,201.28706504405463,-91.25061610042438,-7.4941693362827335,46.45820846297169,30.1110403302671,22.51188164210414,-16.19942182792119,38.20189570732806,65.06878066505247,61.27532297513521,-962.3213555494559,1352.6699717597312
2025-09-05 21:24:07.731000,203.72278878669496,-81.41404929100545,10.544567277689305,48.439284948536745,31.96716500537683,25.020412641765674,4.652630395624142,40.46209710303478,65.32061603362548,61.39809580146762,-963.5854437068334,1354.664747337979
2025-09-05 21:24:07.735000,204.71353523237553,-71.39548004485819,27.924359739552333,49.943771012869526,33.52168606679929,27.22416868382323,24.630632006859805,42.41070361520423,65.56623060728911,61.5259423460043,-964.4727559126171,1356.2962915341277
2025-09-05 21:24:07.739000,204.4063471949345,-61.377959439050876,44.48009493177906,51.00706621541041,34.78665005624779,29.133799929346903,43.57809762191651,44.06684641150349,65.80427139279935,61.65775671082663,-964.9956178342499,1357.5669235597052
2025-09-05 21:24:07.743000,202.97426408577326,-51.53140413048872,60.069071732093555,51.67344597852505,35.780360273686185,30.76668651185674,61.36337342533947,45.4568021896477,66.03342016865714,61.79216265584101,-965.1726300013992,1358.483565077011
2025-09-05 21:24:07.751000,200.5951057931286,-41.99592463354491,74.58664139851646,51.989848889552206,36.52433793452963,32.14428775163878,77.89409373048088,46.60972606717302,66.25242901150249,61.92752442052843,-965.0278768078808,1359.0574395254998
2025-09-05 21:24:07.754125,197.42883993453194,-32.869001797257226,87.97742750635331,51.99919582240804,37.039748576678136,33.2887544779695,93.126841463036,47.55290017009264,66.46008801453966,62.061977449813284,-964.5900616737122,1359.3044595791616
2025-09-05 21:24:07.757250,193.599841792336,-24.201666265665654,100.23710902452864,51.73510241502704,37.34425530195531,34.219628694785484,107.06722665864909,48.307726752115556,66.65514254997227,62.193490734260585,-963.8916340718135,1359.2456942079343
2025-09-05 21:24:07.760375,189.18767768068298,-16.00385881923319,111.40499897474066,51.21906043301245,37.45006599031067,34.95142569707952,119.76110145896705,48.8872529915374,66.83625577130759,62.31997666547035,-962.9678965598218,1358.9070575016349
2025-09-05 21:24:07.763500,184.22593480577135,-8.254817733214637,121.55198121327093,50.45996914818977,37.36333500872738,35.4924210489317,131.28179643988048,49.295267655762714,67.00207243455075,62.439449420733,-961.8560342317155,1358.3181912311484
2025-09-05 21:24:07.766625,178.70859514158647,-0.9162756628742446,130.76609806327642,49.45585787902283,37.08486724001234,35.844710241372404,141.71572124923333,49.52701008612196,67.15133544160635,62.55018567537563,-960.5941031213001,1357.5115966244384
2025-09-05 21:24:07.769750,172.60462071147884,6.051420969037482,139.13550278968336,48.197978008685,36.61213450735635,36.00561203834302,151.1460491912987,49.57172113009076,67.28300897927953,62.65083496008502,-959.2200664199837,1356.5225771036394
2025-09-05 21:24:07.776000,165.87899360689428,12.6725985942494,146.73102294907181,46.676804454443726,35.94236666313236,35.97023220558917,159.63672791737403,49.41675082925954,67.39640698628294,62.74047586633482,-957.7709112925197,1355.3895505289975
2025-09-05 21:24:07.779875,158.51488915418676,18.943956709636314,153.59342782129414,44.88847521525368,35.076059091944025,35.734572039558785,167.22177962695065,49.0521725727786,67.49130265540846,62.81862465093177,-956.2818396580457,1354.1539589095837
2025-09-05 21:24:07.783750,150.52955443118083,24.831436013616095,159.73021015630258,42.83953328722863,34.01984125088712,35.29821536998444,173.9042253458293,48.47431712721168,67.56796215874239,62.88517796838737,-954.7855831688531,1352.8591328374232
2025-09-05 21:24:07.787625,141.9768814156372,30.27754250526298,165.1229560850356,40.54787334827996,32.787436038623774,34.665450380644266,179.66483833062105,47.686622607024255,67.62708457601981,62.94028501970668,-953.3119767722606,1351.5481593780642
2025-09-05 21:24:07.791500,132.93627875007766,35.21405431631043,169.7398790458589,38.03964744594711,31.3982532385151,33.8443710504995,184.47474268237244,46.6975660934479,67.66969261340269,62.98417986990118,-951.8878388674453,1350.2612483914663
2025-09-05 21:24:07.795375,123.49749769858347,39.57136392612013,173.54476651214196,35.344850785839924,29.874877455155147,32.845065491876376,188.3035481269351,45.517652054370146,67.69700840400692,63.017030988931666,-950.5369765275815,1349.0329790663145
2025-09-05 21:24:07.799250,113.75282832568303,43.27982197521309,176.4979817423888,32.49496163812825,28.241334370113428,31.678594732774066,191.11960404950986,44.15791457049065,67.71032266716797,63.03887434470549,-949.2801075484937,1347.8901671040257
2025-09-05 21:24:07.807000,103.7997399816895,46.26562830692276,178.55218545439587,29.523648324616044,26.522906080300213,30.357403030496954,192.88559450055055,42.63066029800469,67.71089561689747,63.04965489676279,-948.134691063197,1346.8511662590336
2025-09-05 21:24:07.811000,93.74912694741404,48.44721338899385,179.64881765681787,26.469207668216622,24.747018322065873,28.89666623830062,193.55551838544156,40.95148830445066,67.6999366710965,63.04932779458737,-947.1147497984463,1345.926383127935
2025-09-05 21:24:07.815000,83.73240247889372,49.73688645643338,179.7203088418666,23.376753589058104,22.944283765540828,27.315761459526048,193.07763026435842,39.14116518582423,67.67866680832564,63.03794567478694,-946.2307189870363,1345.1194073898941
2025-09-05 21:24:07.819000,73.90366299713183,50.04800529453763,178.6981544194625,20.29896483101038,21.149023528713744,25.639218978051197,191.40297565114437,37.226478404773204,67.64842032539941,63.01569411449499,-945.4893352417052,1344.4287814360714
2025-09-05 21:24:07.823000,64.43689010651406,49.30448803392487,176.5232168615406,17.29529188326521,19.39907785244589,23.896878497816378,188.49567654924795,35.23998760615602,67.6107115570184,62.98287330936789,-944.8935894158814,1343.8503601916782
2025-09-05 21:24:07.827000,55.51811135316493,47.451457780346786,173.15680446617088,14.429573205385985,17.734828702210123,22.123136372522115,184.34355263638528,33.21868561947418,67.56720275300323,62.93983758650127,-944.442788987696,1343.3797962723556
2025-09-05 21:24:07.831000,47.33116742691564,44.467988197256155,168.59362482759167,11.765679138516886,16.19719652813265,20.355122199858805,178.97017438605977,31.201314068536455,67.51957198584994,62.886918227732636,-944.1327702080883,1343.014728985183
2025-09-05 21:24:07.839000,40.03773835688765,40.38048906268493,162.87525641520276,9.361388881273527,14.824551412032172,18.62982106972414,172.44692485177734,29.224426727037237,67.4693451051249,62.82438062660315,-943.956243643677,1342.7562259282577
2025-09-05 21:24:07.840125,33.75614917487136,35.27185708161371,156.09912899675655,7.261819728926018,13.64900931249095,16.980622685291735,164.90006191606145,27.318091952366252,67.41776826954315,62.75248005434689,-943.9032362651318,1342.6089578565152
2025-09-05 21:24:07.841250,28.545351564853746,29.28148738763035,148.41801516330133,5.494251291635326,12.693021260972582,15.434127352964543,156.50803090746376,25.502526523271154,67.36575219207977,62.67163266994972,-943.9616117282334,1342.5799632277194
2025-09-05 21:24:07.842375,24.397757848589844,22.595994939152046,140.03013958497894,4.0654352869504224,11.967049472459767,14.007919677944043,147.48959873284716,23.786452705565132,67.31385319797566,62.582620032886425,-944.1176267528642,1342.6766710866832
2025-09-05 21:24:07.843500,21.240440128243502,15.43483333219591,131.1644441042232,2.96137492220843,11.468616424304926,12.709589915962253,138.0877603159073,22.16717950384437,67.26223818441339,62.48670610021777,-944.3564575348688,1342.9054132224483
2025-09-05 21:24:07.844625,18.9441319249749,8.033103016512461,122.06327001849628,2.1495583617838863,11.182805508442641,11.537057016778668,128.55192232122957,20.632301280457817,67.21063338547567,62.385626596089466,-944.6626641694216,1343.271000076351
2025-09-05 21:24:07.845750,17.340600279112525,0.6214116172381594,112.96207626970163,1.5838851205698707,11.084317199728005,10.48023687955279,119.11803200775813,19.163028362717583,67.15829903521164,62.2815118919779,-945.0206052877899,1343.7763697528244
2025-09-05 21:24:07.848000,16.24657667269112,-6.594866114752129,104.06855591191359,1.2117803215328045,11.140909941749934,9.52390116817847,109.98889036060895,17.738743056752522,67.10407664214651,62.17680185674992,-945.4148166163912,1344.4210454429394
2025-09-05 21:24:07.850750,15.488958908275304,-13.451674560498171,95.5466767756408,0.9819425190269884,11.317572646627024,8.651187524297638,101.31999509114152,16.34178457608327,67.04656258338962,62.07414518939355,-945.8303471189345,1345.1990827434556
2025-09-05 21:24:07.853500,14.92388588606369,-19.83261446982215,87.51090425914438,0.8504944054260445,11.580302536888063,7.846794881200992,93.21573538178019,14.96103752970655,66.9844020051378,61.97626481688884,-946.2530485616799,1346.0985554630433
2025-09-05 21:24:07.856250,14.442618632428399,-25.663938142885197,80.03192150659287,0.7833366004484091,11.898158344774894,7.09860372634011,85.73636218449451,13.59285720310614,66.91657693599625,61.885788761219246,-946.6698304794104,1347.1033106306968
2025-09-05 21:24:07.859000,13.963691494724282,-30.90307525528811,73.14842411987138,0.7543714866017475,12.243110050504633,6.397125878252291,78.90965167242906,12.23911101423327,66.84257174875857,61.80504064195101,-947.068908986898,1348.1957128258782
2025-09-05 21:24:07.861750,13.420772155957929,-35.529623976266116,66.87587757650952,0.7422599429759978,12.588881496583772,5.73384980810393,72.7385969782788,10.904192824155746,66.76242635621851,61.73580742516999,-947.4400787066794,1349.3586431176354
2025-09-05 21:24:07.864500,12.75742914463649,-39.544001938388355,61.20742041341636,0.7290492463151418,12.91056397486864,5.100301593686998,67.20144597100501,9.593332459215558,66.67673981038469,61.67912166777635,-947.7749805933641,1350.5759663791896
2025-09-05 21:24:07.870000,11.931811959943998,-42.97158545890532,56.10956449952482,0.7016514824724104,13.185686823071721,4.488634700879314,62.24744714752299,8.312924765452488,66.58666007308987,61.63507375272466,-948.0673031292448,1351.8319962663263
2025-09-05 21:24:07.873250,10.926493005171114,-45.86635362221804,51.51897601182962,0.6548164703315819,13.396226079126121,3.893279614877125,57.79455894281619,7.072082382098676,66.49385468625043,61.60268588553141,-948.3129114549416,1353.1111064085017
2025-09-05 21:24:07.876500,9.756784034974586,-48.30906959685748,47.34532014425615,0.5936277134111626,13.530614873512757,3.312694502347092,53.73369757603135,5.8842125350996275,66.40041323158165,61.57991683909604,-948.5099118559857,1354.3979338159397
2025-09-05 21:24:07.879750,8.473684382537467,-50.399467992108804,43.48024818101008,0.5343283100964973,13.585010052460415,2.750468852845975,49.939219041822746,4.767840060502667,66.30866212709786,61.56385326657549,-948.6586172515795,1355.6775877731097
2025-09-05 21:24:07.883000,7.161380182501039,-52.245412692650284,39.808973121307204,0.503385568994019,13.563527533667445,2.2155284849814225,46.28186884207052,3.7465189339466693,66.22095353387742,61.55107582377188,-948.7614064818326,1356.935490820999
2025-09-05 21:24:07.886250,5.929379524720453,-53.95046478082673,36.222935499367864,0.5348696658786659,13.477384898161654,1.7214217726807701,42.64247440459136,2.847707283686722,66.13947303970657,61.53808020209992,-948.8224777183887,1358.157467219051
2025-09-05 21:24:07.889500,4.8981880198238255,-55.59929052132971,32.63445696049174,0.6659474470599525,13.342862016741925,1.2846278196880823,38.92702387544885,2.1002815574999123,66.06604090701462,61.521595986468654,-948.847465326759,1359.3307213584667
2025-09-05 21:24:07.896000,4.179250889529366,-57.24233780864002,28.99202404014529,0.9307525139809101,13.178148480634487,0.9219729816181923,35.081662934781534,1.5307545815183339,66.00190243126373,61.49876404336211,-948.8429424858779,1360.4453018323593
2025-09-05 21:24:07.896375,3.85353010071643,-58.88439495888754,25.29135511662313,1.3538688327149864,12.999579798320088,0.6476107774492291,31.102796277661987,1.1590471559583786,65.94756236241516,61.467259043383265,-948.8158880912881,1361.4950099444877
2025-09-05 21:24:07.896750,3.954977203930688,-60.481936445196254,21.577218640749198,1.945207686790271,12.818153441382512,0.4702729636712175,27.03748102260642,0.9950884482563016,65.9027199703206,61.42541156803374,-948.7731726167754,1362.477215843468
2025-09-05 21:24:07.897125,4.462705893614122,-61.94963068080365,17.935871826307793,2.697378578976859,12.637112906058885,0.391378309710511,22.974385972623036,1.037025498449172,65.86631705203554,61.37227404236826,-948.7211099456398,1363.3916917805582
2025-09-05 21:24:07.897500,5.301613700424596,-63.172092472344026,14.482470374257526,3.585518947181653,12.450896985144123,0.40425394327637865,19.030070533235293,1.2710148730073005,65.83667385844912,61.30757404896126,-948.6651604119962,1364.2388013682257
2025-09-05 21:24:07.897875,6.350865372750412,-64.01891284621617,11.345634295116858,4.569500742992091,12.245539101764084,0.4945879830128929,15.333082801241323,1.6725373378724608,65.81167661995418,61.231587852640175,-948.60983518544,1365.0177844495247
2025-09-05 21:24:07.898250,7.460584158320715,-64.36330984515638,8.648808453710778,5.598711179429803,12.000626297637217,0.6421955531137761,12.00568051802701,2.209400039830597,65.78896820562834,61.14499758020226,-948.5587256650122,1365.725890954198
2025-09-05 21:24:07.899000,8.474855752954856,-64.10188973060589,6.490889763334662,6.618872175559531,11.692633165624082,0.8239066186234659,9.14555132535452,2.846158505040905,65.76609505661638,61.04876887201327,-948.5145475409925,1366.3583291608602
2025-09-05 21:24:07.904625,9.255873848992259,-63.169957821185996,4.931627741285694,7.579346095768819,11.298924968724393,1.0169923073683278,6.81273671597322,3.5489883387942585,65.7405956221943,60.94407168862868,-948.4791730308576,1366.9085808235268
2025-09-05 21:24:07.910250,9.703172632036448,-61.54793658619901,3.9860842666178007,8.439152605103354,10.801453558642805,1.202336842145926,5.025606550767206,4.289735094143566,65.71002327343113,60.83224444655092,-948.4536443978458,1367.3688612377282
2025-09-05 21:24:07.915875,9.764595435858915,-59.25923116775141,3.627535608030277,9.170712922075653,10.189412115174369,1.3667305074562122,3.7647552586372903,5.048318707543105,65.6719099289442,60.71476845049263,-948.438156500905,1367.7307515311722
2025-09-05 21:24:07.921500,9.439256653284389,-56.363291600908894,3.794844265400354,9.761312809689352,9.460606914176482,1.5040800510922152,2.980604055112507,5.8134706468461665,65.62376070485267,60.59322388248138,-948.4320752885001,1367.9861834133799
2025-09-05 21:24:07.927125,8.772953675998572,-52.94541060965751,4.4027938726459865,10.212330970651749,8.621484128757155,1.6155197029490234,2.603400498797788,6.581960249027714,65.56319285855854,60.469225179349124,-948.434070819583,1368.1287608761068
2025-09-05 21:24:07.932750,7.845377989780816,-49.102385003598485,5.3564229387472135,10.53600495190843,7.685699606113761,1.7083205091760407,2.556863981878399,7.356222345179224,65.48819662449561,60.3443523075572,-948.4423307369714,1368.155002264025
2025-09-05 21:24:07.944000,6.750241021103062,-44.92558840676344,6.567906163786188,10.749989281914203,6.6713349941543685,1.7936146155416723,2.773967110030444,8.140594282728456,65.39737573971159,60.22010079856646,-948.4547647515117,1368.065047070314
2025-09-05 21:24:07.945125,5.572968619922683,-40.48666291044305,7.970687494753861,10.870977309193195,5.59734698765932,1.8833705155061722,3.2094783807646134,8.937096125782805,65.29006338291832,60.097861237783704,-948.4691752045421,1367.8625701009805
2025-09-05 21:24:07.946250,4.372572662140629,-35.83132142568474,9.5249359801307,10.909323420524148,4.48020343055578,1.987373985827275,3.8433238605648827,9.741976523097549,65.16632664837668,59.97892010171851,-948.4834402085423,1367.5540732126974
2025-09-05 21:24:07.947375,3.172139255704359,-30.98221075344683,11.212766619143522,10.86606749627852,3.3315303378305887,2.110834508179188,4.673098054254227,10.543687417574816,65.02694988832481,59.86445381297521,-948.4957215629342,1367.1483538164612
2025-09-05 21:24:07.948500,1.958225244415389,-25.94744199425968,13.026519283210469,10.732561380865793,2.1570955753590146,2.252900547524623,5.699302663648156,11.322303986133788,64.87346368067436,59.75549602955563,-948.5046252607477,1366.6566446867182
2025-09-05 21:24:07.949625,0.6883440702776025,-20.73265208927575,14.95305247621847,10.49251271795735,0.957178349736461,2.406327092707534,6.907532654351915,12.050506008917871,64.70819141182058,59.6529036923823,-948.509260578677,1366.0926778616467
2025-09-05 21:24:07.950750,-0.6938017659615773,-15.35607812380379,16.95553703675296,10.126333349587775,-0.2716810461943211,2.558504294892491,8.250019601662268,12.696319104464761,64.53424314519494,59.5573442640753,-948.5092245902389,1365.4719289393706
2025-09-05 21:24:07.953000,-2.2375870169370633,-9.863616759200564,18.955844363166946,9.617115950998167,-1.5338205430118494,2.6936422609400537,9.628801236820603,13.227182709442378,64.35543412155367,59.469285633618895,-948.5045631118288,1364.810553330859
2025-09-05 21:24:07.958000,-3.96441403214562,-4.338606662675655,20.82289544627261,8.956777277272977,-2.8311327942255753,2.79557446620822,10.885247911930982,13.614347412699018,64.17615368669502,59.3889898705021,-948.4957407357111,1364.124554497852
2025-09-05 21:24:07.963000,-5.852615690818426,1.097770616225073,22.372298810837272,8.150607307985247,-4.160145508589592,2.850585479353289,11.802370642420057,13.836591768116625,64.00123114451613,59.31653859804747,-948.4836212599597,1363.42896883697
2025-09-05 21:24:07.968000,-7.8323881416239045,6.295509640405305,23.377637342538378,7.2189482800062095,-5.5103195656654895,2.849588143504404,12.120248278584883,13.882539443827609,63.83582898214379,59.25188359308781,-948.4694255499336,1362.737030066949
2025-09-05 21:24:07.973000,-9.790895946503886,11.090683086885562,23.588121713065348,6.195784503144002,-6.8639722176535765,2.789077021938283,11.556920072541189,13.751265465107336,63.6853370124169,59.1949005035534,-948.4546492383207,1362.0596661692316
2025-09-05 21:24:07.978000,-11.585822594221003,15.323333932101994,22.748599947521946,5.124729889951237,-8.19773171656236,2.6707028673431283,9.829472668065153,13.451159523702234,63.55523565226661,59.14545945029279,-948.4409713091991,1361.4056244238373
2025-09-05 21:24:07.983000,-13.06578150093143,18.857192740760144,20.621450903629803,4.052987874205516,-9.485219758818046,2.499601365615987,6.675839069382585,12.997119922860925,63.4509303302388,59.10352341120317,-948.430161824289,1360.7819978749985
2025-09-05 21:24:07.993000,-14.09522941721907,21.598859608253555,17.008670448297476,3.023994691962587,-10.700625309448895,2.2816858039320227,1.876314757708075,12.406400262197684,63.377546500593205,59.069229508273864,-948.4239407798856,1360.1941535148198
2025-09-05 21:24:07.996375,-14.579265697440317,23.51162565936429,11.769414311233351,2.0699955586072325,-11.822633804509657,2.0204054623917638,-4.729888099188652,11.693995080730303,63.339686812829335,59.04290088710563,-948.4237744704138,1359.644479242951
2025-09-05 21:24:07.999750,-14.482013142675678,24.618857366321244,4.8283370622661,1.2063066082426552,-12.83788557869679,1.7139490791084588,-13.23688207115718,10.868900026472932,63.34119435658987,59.0249897198169,-948.4306707136737,1359.1308752099994
2025-09-05 21:24:08.003125,-13.834107354937098,24.996069641255815,-3.8252143450178107,0.42866025478165787,-13.743197796769184,1.3538855167446555,-23.672229355377002,9.932219893336342,63.38491394604123,59.01599457170385,-948.445025837372,1358.6461626022337
2025-09-05 21:24:08.006500,-12.728977360095268,24.755454019816877,-14.143169412513496,-0.28603187566415794,-14.546213711225773,0.9255801319680206,-36.00124242995663,8.877265586439776,63.4723858483264,59.016415070083596,-948.4664909513892,1358.178635454463
2025-09-05 21:24:08.009875,-11.309417966512985,24.02613497288834,-26.028434836053705,-0.9758484365916589,-15.264453302003101,0.41008564450784585,-50.134773388685474,7.691451694493218,63.60351010955959,59.02677266499863,-948.4938177163964,1357.7137163784573
2025-09-05 21:24:08.013250,-9.74591257958034,22.931844138242884,-39.349418741357226,-1.6875253751133408,-15.922842026981385,-0.21293829983030135,-65.94205909792683,6.359798381148754,63.77632711487941,59.04763900861629,-948.5247766341483,1357.236408162922
2025-09-05 21:24:08.020000,-8.209622813480538,21.569509253646554,-53.95731067870306,-2.4685483536080497,-16.549980545127035,-0.961688426446231,-83.26675756674625,4.869527546813069,63.986985964038766,59.079602667570285,-948.5562884084263,1356.7334380782977
2025-09-05 21:24:08.020000,-6.84534731768106,19.994103899748907,-69.70058097828122,-3.3591299626249542,-17.173768915662603,-1.8486133166439647,-101.94058210894416,3.2147871972374698,64.22987516164677,59.12318252470702,-948.5847617341525,1356.1943971562923
2025-09-05 21:24:08.020000,-5.750372233756697,18.213717070671976,-86.43184896693144,-4.385748907795748,-17.817309282060478,-2.877407338434215,-121.7895432034492,1.4003840040012487,64.49790300998258,59.17872965288065,-948.6065229702391,1355.6125002328226
2025-09-05 21:24:08.020000,-4.962245017495764,16.194250673347916,-104.00663945473903,-5.5571985131702215,-18.49585394332848,-4.041018677436578,-142.63229173066333,-0.5561227939849536,64.78291242245463,59.24634049325742,-948.6182536652304,1354.9855629172835
2025-09-05 21:24:08.020000,-4.454956926134956,13.869847266842067,-122.27719251659437,-6.863042276403438,-19.215041629701307,-5.320719489133007,-164.27382404027654,-2.623950517442742,65.07615558501125,59.32580462203087,-948.6173843691182,1354.3164463187377
2025-09-05 21:24:08.020000,-4.14332140819016,11.15706398539896,-141.08331135061775,-8.274438804685866,-19.970476238390926,-6.686331313272023,-186.49683069028703,-4.760245976522004,65.36875250384746,59.41661851259978,-948.6023807445074,1353.6121630288972
2025-09-05 21:24:08.020000,-3.8966989198871618,7.972999987992989,-160.24041423565814,-9.747771255800158,-20.748817889969377,-8.097873147132145,-209.05121368736516,-6.913097013278072,65.65210644364835,59.518051648232856,-948.5728574184687,1352.8824299271992
2025-09-05 21:24:08.020000,-3.561118520190598,4.255397530150753,-179.52689155987662,-11.230920894975034,-21.53038995149265,-9.508647158168737,-231.64397335817003,-9.02621456031192,65.91826243721628,59.62918484103905,-948.5295184021421,1352.1384939143936
2025-09-05 21:24:08.023250,-2.9849177709861383,-0.020645236814060077,-198.67594510582973,-12.67081595982513,-22.292806560060583,-10.869269595062315,-253.93441956570132,-11.04435222935895,66.16018618114124,59.748876350161325,-948.4740034257156,1351.3917393269448
2025-09-05 21:24:08.026500,-2.04104934136838,-4.834765902438501,-217.37690456854983,-14.020250478887734,-23.014660043757715,-12.131777871197407,-275.5391811854908,-12.918142858287892,66.37195872449844,59.8757137911583,-948.4087154977381,1350.6522539240605
2025-09-05 21:24:08.029750,-0.641619500478174,-10.122572995057126,-235.28547219377987,-15.242553911102434,-23.678317021680385,-13.25296655027993,-296.04581411910664,-14.607346476864928,66.54891762350609,60.00800328159606,-948.3366399032027,1349.928487810319
2025-09-05 21:24:08.033000,1.2557298538354584,-15.781947384133812,-252.03790373024032,-16.313825051971918,-24.271372521706585,-14.196533601069136,-315.02960208626564,-16.082216584215086,66.68777272272882,60.14378316184737,-948.2611430904913,1349.227821212895
2025-09-05 21:24:08.036250,3.6495637950056627,-21.68290242138845,-267.267538466624,-17.222733288299597,-24.786743621599392,-14.933950074603569,-332.0718493032238,-17.32303083299161,66.78670108749208,60.280878205940795,-948.1857958187284,1348.5569363955246
2025-09-05 21:24:08.039500,6.505315838949223,-27.682274357574464,-280.62537762826946,-17.96777392703552,-25.221525727875523,-15.444020857073117,-346.7813329784265,-18.31788882976193,66.845430327473,60.4170279975895,-948.1142824686269,1347.9218540306256
2025-09-05 21:24:08.046000,9.773282150280611,-33.64131707308133,-291.80279715149356,-18.55243651613165,-25.57484970323103,-15.711279360271867,-358.81703260455606,-19.05922565530305,66.86529756588251,60.550058157327825,-948.05034841253,1347.3283013488053
2025-09-05 21:24:08.051375,13.408863668607887,-39.4406536417137,-300.55038814828765,-18.97959028649603,-25.84520336331282,-15.723722027532471,-367.9063328203544,-19.5400015395082,66.84924144708881,60.67803523373111,-947.997678318584,1346.7827128027684
2025-09-05 21:24:08.056750,17.38835189841863,-44.987194139528405,-306.68710251761684,-19.246884572925026,-26.027991868245152,-15.470652091323348,-373.8532561994404,-19.750792317145816,66.80172952825873,60.799365865840045,-947.959688450333,1346.293171431551
2025-09-05 21:24:08.062125,21.71474243378919,-50.2107723740821,-310.0974511329455,-19.344815714150183,-26.114246867267372,-14.941413407807563,-376.53493815745986,-19.678773449767306,66.72864236661562,60.9128268873866,-947.9392626910228,1345.8692989761275
2025-09-05 21:24:08.067500,26.411804768439943,-55.05255498368301,-310.71925417307006,-19.258179402489482,-26.091047245805274,-14.125541416418377,-375.8891567125585,-19.30896164386253,66.63707807526657,61.01755121250939,-947.9384530509684,1345.521096254185
2025-09-05 21:24:08.072875,31.508692340201204,-59.45005773647654,-308.52729139246026,-18.970447540001988,-25.943610086932466,-13.014417390708699,-371.8982968403172,-18.627461999477816,66.53504277119819,61.11299706203813,-947.958228639222,1345.2575580941511
2025-09-05 21:24:08.078250,37.020409301869954,-63.32473112839102,-303.51910721183316,-18.46962754193189,-25.658484374610865,-11.603985578803474,-364.5759069997699,-17.625900794773468,66.43105884635153,61.19890647880136,-947.9983816930253,1345.0856172109807
2025-09-05 21:24:08.089000,42.931495006430296,-66.57818672292188,-295.70913581505346,-17.753442094555165,-25.226815814457144,-9.897575007271726,-353.96173796975273,-16.305600094454793,66.33375808989948,61.27527216371563,-948.057620703705,1345.0095725687643
2025-09-05 21:24:08.090875,49.189600042652074,-69.09999301826133,-285.1339875242705,-16.831745100988403,-24.646461551483227,-7.907657555467825,-340.12753046742944,-14.67984895382353,66.25153136419334,61.342329828333945,-948.1338052211718,1345.0312535592202
2025-09-05 21:24:08.092750,55.711349871284035,-70.78392754632209,-271.8655171138051,-15.72524544404758,-23.922150589141324,-5.655733920358853,-323.1896231378798,-12.773261546583628,66.19227227444567,61.40054488525611,-948.224225344345,1345.1510218073936
2025-09-05 21:24:08.094625,62.397691364926565,-71.54527271706068,-256.02400612587473,-14.461155647927162,-23.06369422255858,-3.170267547820909,-303.320551705235,-10.618408526297673,66.16316424984448,61.45053422167158,-948.3258231059318,1345.368961700391
2025-09-05 21:24:08.096500,69.15202113578701,-71.33171105332455,-237.784000637179,-13.067694435641654,-22.083089588105057,-0.48341131186464514,-280.7524620375465,-8.25115311696926,66.17042705468701,61.49288992959849,-948.4353503708365,1345.6854572714865
2025-09-05 21:24:08.098375,75.89296795943106,-70.12386495182368,-217.36913712227698,-11.569940226869543,-20.99189900258794,2.3721010183891442,-255.76928343965815,-5.706735893087776,66.21902750910905,61.52794919890321,-948.5495731241693,1346.1011455215648
2025-09-05 21:24:08.100250,82.55644009281139,-67.92645544914258,-195.03742108407414,-9.988739567779767,-19.800056281670194,5.364667842840031,-228.689713341983,-3.0180500332619262,66.31244558080151,61.555617921809194,-948.6655858899703,1346.6165624741561
2025-09-05 21:24:08.104000,89.08709746565302,-64.75458921003757,-171.0619454980585,-8.342728275175743,-18.516403231108367,8.46376778917278,-199.84629686073802,-0.21623792376123827,66.452560096227,61.575301314499775,-948.7811261648712,1347.2313452068347
2025-09-05 21:24:08.108875,95.42424082730852,-60.621241175927594,-145.7134253629555,-6.652140184992656,-17.15047288783805,11.638596595184197,-169.56710495347295,2.667315570178802,66.63963532764235,61.58590403905445,-948.8947341110772,1347.9428565616709
2025-09-05 21:24:08.113750,101.48905294413728,-55.531439038367886,-119.25015350129378,-4.942486084216959,-15.714598553351966,14.856283054702958,-138.16555906932294,5.598924884487736,66.87235907203926,61.58587547647785,-949.0057106521045,1348.7448489586468
2025-09-05 21:24:08.118625,107.17765544141855,-49.48407277342351,-91.91613949264095,-3.2467512012126263,-14.225466618963633,18.080564913497817,-105.93879949938828,8.541387599546225,67.14792236723586,61.573331103870444,-949.1139154383281,1349.6269369546244
2025-09-05 21:24:08.123500,112.3604764598242,-42.47797823814792,-63.94384559487688,-1.6058059539324405,-12.704671994104903,21.27139798432435,-73.17052202915482,11.45380086251645,67.46216768564011,61.54626552511367,-949.2194921041504,1350.5748561529836
2025-09-05 21:24:08.128375,116.8882067229132,-34.520799134994405,-35.56003585084722,-0.06686866378664309,-11.17813351840063,24.385651583075838,-40.13642022425299,14.292544953732456,67.80981282757578,61.502800719062535,-949.3225987259336,1351.5710696610959
2025-09-05 21:24:08.133250,120.60552779042291,-25.641317431936827,-6.995545267665907,1.3203230705226223,-9.674275524724456,27.378965268761284,-7.112900452811844,17.013709973919667,68.18471243811453,61.44138702015245,-949.4231667446655,1352.5954148715973
2025-09-05 21:24:08.143000,123.37126955940994,-15.903114511369576,21.503273284211353,2.5092816596981424,-8.221108877357873,30.208619173281157,25.613028850882237,19.57677580030875,68.58011131131111,61.36093301924184,-949.5207164983252,1353.625498455679
2025-09-05 21:24:08.145375,125.08000773541548,-5.414396152999427,49.66684294969928,3.463090356266502,-6.842785036165581,32.83687236492033,57.73782083750064,21.948670123613795,68.98886784151624,61.26088870156026,-949.6142779175374,1354.6368558519052
2025-09-05 21:24:08.147750,125.67845169181439,5.670989129770206,77.2034652831908,4.159365383044803,-5.556549081190332,35.233937438793056,88.94410650034862,24.10695513334368,69.40363597380987,61.141300874400926,-949.70241031351,1355.6034524096112
2025-09-05 21:24:08.150125,125.17113892279157,17.16337805147398,103.8110486043659,4.5922399074855536,-4.371021565208673,37.379767171852365,118.91344884224044,26.04105221889795,69.81701006564417,61.00285818715956,-949.7832643844587,1356.4988615683305
2025-09-05 21:24:08.152500,123.61368377154508,28.85573717499509,129.19683391252067,4.770776324999429,-3.286318014238132,39.26416223982015,147.346245473844,27.75106917539553,70.2216713621133,60.846924955356926,-949.854662658532,1357.29781200051
2025-09-05 21:24:08.154875,121.09588918125277,40.54560374398185,153.09969775138487,4.71434084125001,-2.2959558278171524,40.88517687429454,173.98335268073674,29.24447938675035,70.61056477965339,60.67552034290823,-949.9142227513813,1357.9779544520143
2025-09-05 21:24:08.157250,117.7200632975779,52.054263045096846,175.3086378179518,4.446357406079196,-1.3900217272162245,42.24626162278332,198.62311120261447,30.531478329096384,70.97707859575489,60.49123345857656,-949.9595287668122,1358.5219891993038
2025-09-05 21:24:08.162000,113.58193329096342,63.236886420263296,195.6712056984863,3.988570556862188,-0.5586128739465105,43.35307179319837,221.12778350629682,31.620466242817525,71.31519886284116,60.29713492121358,-949.9883088307311,1358.9198230306447
2025-09-05 21:24:08.166250,108.7609091110589,73.98046521108414,214.0890539629316,3.3579244351689668,0.205662877016703,44.21113072850072,241.41714073826628,32.51531021363179,71.61968625313202,60.09670813492171,-949.9985612620561,1359.169967093634
2025-09-05 21:24:08.170500,103.322266903659,84.19235587464077,230.50396137943363,2.566982874952296,0.9069940902734519,44.825211092117385,259.45317043232853,33.2153677290497,71.88632124411636,59.8937594774156,-949.988601208529,1359.2796217982568
2025-09-05 21:24:08.174750,97.32866588420592,93.78669551766677,244.88206653199293,1.6272176689770605,1.547569461477831,45.20053063095491,275.22383607770394,33.71807826903504,72.1121196127729,59.692293723035064,-949.9570496155393,1359.263647620015
2025-09-05 21:24:08.179000,90.85444645908456,102.67619303904716,257.2039828399193,0.5532431393194992,2.129906448206318,45.34501014528546,288.7332653209813,34.02277057096009,72.29536115977102,59.496378245678315,-949.9028012719765,1359.1432760038542
2025-09-05 21:24:08.183250,83.99465735895795,110.77342121845668,267.4647309141579,-0.6343821341461786,2.658955344951151,45.2712745844272,300.0017860513856,34.13372832249716,72.43542529712072,59.31001299541897,-949.8250026297658,1358.9451275798774
2025-09-05 21:24:08.187500,76.86350550802719,118.00079855848217,275.68230527034746,-1.9093427075269596,3.1428072326535887,44.99725239489343,309.07422405631024,34.06104081548924,72.53255503385664,59.13701071430755,-949.7230680451399,1358.7002382287137
2025-09-05 21:24:08.196000,69.58245395738432,124.304803868745,281.91014234981844,-3.242709010882096,3.5916589108776145,44.54504189881772,316.0315233501602,33.81898292582531,72.58762781448097,58.980877902534885,-949.5967448603218,1358.4424520935281
2025-09-05 21:24:08.196375,62.26293000287946,129.6682808845455,286.24723164242846,-4.607683454830409,4.015517964301626,43.93852632971182,320.99938733580376,33.422830839986354,72.60193282203754,58.84468051346063,-949.4462390405687,1358.2059303122842
2025-09-05 21:24:08.196750,54.99058164324277,134.1151965403224,288.8402029135347,-5.984024132486334,4.42160479754728,43.20066615521195,324.14853937160103,32.885580334559975,72.57695738199875,58.730902863992114,-949.2723922383111,1358.0223493140747
2025-09-05 21:24:08.197125,47.815748571138016,137.7068399976739,289.8764959590475,-7.360816754449209,4.812351728026614,42.35133170537477,325.6862429763407,32.21557566676514,72.51423819274596,58.64134468173951,-949.0767853647958,1357.9189365735092
2025-09-05 21:24:08.197500,40.75082966222747,140.53285459514166,289.5723273482224,-8.737391436180612,5.184452432221911,41.40608977365974,325.843195082936,31.415285524364258,72.41533752743906,58.577097650324745,-948.8616237306745,1357.918028378057
2025-09-05 21:24:08.197875,33.774700636596684,142.698791964014,288.15747128410766,-10.122331375525691,5.52912603238766,40.37606490636367,324.8579616744141,30.48148296582636,72.28193434521607,58.53859377902181,-948.6294594066039,1358.0376512084704
2025-09-05 21:24:08.198250,26.845104622957503,144.3097945833282,285.8565703922798,-11.530218191313349,5.833661333168882,39.268961217709986,322.95873803637323,29.407211716005786,72.11595536676002,58.52568387758528,-948.3829380533007,1358.2919991864428
2025-09-05 21:24:08.199000,19.917606046461856,145.45289580349908,282.8694073815524,-12.976342957686354,6.084050836199474,38.09115361101263,320.3447816091495,28.185297400594614,71.91966536164684,58.537702878164545,-948.1246507584192,1358.6913743217337
2025-09-05 21:24:08.204500,12.966262994872823,146.18339760241582,279.35562994392507,-14.470661216219815,6.2681687730593625,36.85036393625434,317.1727504948995,26.812425529893588,71.69568304732631,58.57348411202327,-947.8570539193197,1359.2421822277856
2025-09-05 21:24:08.210000,5.999539527875629,146.52038080141588,275.42920897236866,-16.012891716721825,6.378667192701907,35.55808451151114,313.5529005486942,25.292487162795684,71.44693503718493,58.63132291202716,-947.5824265200437,1359.94744834824
2025-09-05 21:24:08.215500,-0.9340069548181644,146.4533114090857,271.1647577179223,-17.590466117668054,6.4147141993017565,34.23089206518122,309.5568551179921,23.638064203320166,71.17654637271384,58.70895314629418,-947.3028700978314,1360.8073760876168
2025-09-05 21:24:08.221000,-7.752171135114939,145.95747642930678,266.6132588070439,-19.180038586597615,6.382024389140184,32.8901833488949,305.2340944060153,21.86957112153216,70.88767110889854,58.80359530407118,-947.0203557555095,1361.8189994587528
2025-09-05 21:24:08.226500,-14.355541607124298,145.01320826978443,261.82163351257344,-20.752081542562394,6.2911527945702375,31.560357985694733,300.6314355074671,20.01224384585817,70.58335128532961,58.91206780586684,-946.7367997214743,1362.974591556932
2025-09-05 21:24:08.232000,-20.64864548713517,143.62268790527804,256.84940400247484,-22.27710015975217,6.154565471258791,30.26591729932076,295.80886464597774,18.09180549579622,70.26651069095603,59.03094067678249,-946.4541370021858,1364.2595549910666
2025-09-05 21:24:08.243000,-26.558285695208735,141.81793615547556,251.77595702413302,-23.731202156672293,5.983549689020838,29.028404845618965,290.8456210218828,16.130417017649712,69.94008462976626,59.156733749177405,-946.1743788143294,1365.650688845325
2025-09-05 21:24:08.244250,-32.0421695719857,139.65665916201337,246.6954741068944,-25.098856629433833,5.786206965186659,27.864274778487303,285.83419283639125,14.1446329659759,69.60721014173168,59.28612398931254,-945.8996737192452,1367.1153053170492
2025-09-05 21:24:08.245500,-37.08654280170317,137.20934715050305,241.70340818417029,-26.372388209909705,5.567052159095408,26.784182746355484,280.86650685292994,12.145776241208008,69.27139898710764,59.416089584422124,-945.6323810188999,1368.611722459851
2025-09-05 21:24:08.246750,-41.699466421997336,134.54661416675663,236.8837752084346,-27.550133883851675,5.327422087426796,25.793116569573648,276.0214421382069,10.14135332707189,68.93662470352724,59.5439610935634,-945.3750927990852,1370.0914545529477
2025-09-05 21:24:08.248000,-45.907488166412534,131.73318943194184,232.30368934384964,-28.63552962223723,5.065498620646021,24.890438614554427,271.3596824905239,8.135882866775077,68.60730255634482,59.667408699750595,-945.1305421982378,1371.5026084206738
2025-09-05 21:24:08.249250,-49.75473181373894,128.82555226628355,228.01187919246595,-29.636897018177624,4.776001957317896,24.06986151876552,266.9225683499637,6.13121609154666,68.28822249562094,59.78441875324304,-944.9014421609785,1372.793684517661
2025-09-05 21:24:08.250500,-53.297279382389064,125.8665671788203,224.03428107542905,-30.5659169566534,4.450658208338299,23.320189753684303,262.72833415960844,4.127655931165265,67.98447979662889,59.89332260065446,-944.6903467303616,1373.9171140557391
2025-09-05 21:24:08.253000,-56.59009924979153,122.87649728873603,220.3661224548442,-31.433972259876608,4.079979375791147,22.627244729366822,258.7652851242446,2.1264174583416553,67.70134656001274,59.99290573467705,-944.4995757603803,1374.8319076198304
2025-09-05 21:24:08.265000,-59.670607086669975,119.84554246448656,216.96582981983758,-32.24745637428117,3.655894258568825,21.976609931881573,254.98710339299885,0.13266662952653618,67.4440266973392,60.08253732232758,-944.3312063494037,1375.5054213613794
2025-09-05 21:24:08.277000,-62.54509946924605,116.73292214023665,213.7557583232788,-33.00378709366823,3.174397019168325,21.356437829567344,251.31500263098124,-1.8420563669918317,67.21733812601734,60.1622302398295,-944.1871223939936,1375.9149260743498
2025-09-05 21:24:08.289000,-65.1818577447783,113.47295356427534,210.62992494032088,-33.689263893509015,2.6375249011063984,20.759570472432777,247.64654326243786,-3.7786750618455405,67.02540328686648,60.23260317820238,-944.0690804984786,1376.049128635539
2025-09-05 21:24:08.301000,-67.51117928845143,109.98490652235775,207.46531546827873,-34.27895654085867,2.0543715520390973,20.184602861951902,243.8674152003439,-5.650585795419017,66.87139391711192,60.29477419259793,-943.978726845321,1375.9090786827046
2025-09-05 21:24:08.313000,-69.43214726502971,106.1852298433843,204.13535528009754,-34.73861869340124,1.441038142472961,19.635842504683666,239.86475772563617,-7.42478159162883,66.75735557506265,60.350230196669585,-943.9175259485036,1375.508037056673
2025-09-05 21:24:08.325000,-70.82686611277174,102.00299439451676,200.52643361886263,-35.028815473095314,0.8193193567158529,19.122115131860348,235.54295564857208,-9.064397052240901,66.68413182376769,60.40069201427134,-943.8866442008334,1374.8701997070948
2025-09-05 21:24:08.349000,-71.58119809329732,97.39702102796454,196.55592183473183,-35.11101560560638,0.2140222188823011,18.654415152280144,230.84034036129285,-10.532713540169397,66.6513876881999,60.447963254334994,-943.8868916129364,1374.028483954612
2025-09-05 21:24:08.349250,-71.60762773464464,92.36964876323549,192.18654545624346,-34.95443262760325,-0.35067265959413196,18.242781942112895,225.74166704229916,-11.79789032121006,66.65770390766691,60.493774008497965,-943.9187521564505,1373.0218689225467
2025-09-05 21:24:08.349500,-70.86341279768806,86.9711603566103,187.43104448291194,-34.541586975721444,-0.8548046823255312,17.893297694431183,220.28058644134612,-12.837041934336089,66.70069858742166,60.5396554897696,-943.9824294916658,1371.8925660364894
2025-09-05 21:24:08.349750,-69.35778230181654,81.291791868967,182.3441286287537,-33.870699265419574,-1.284989054603945,17.60627064150276,214.5297647603646,-13.63829648915897,66.7771435426075,60.58684899058973,-944.0778546550648,1370.6830506737715
2025-09-05 21:24:08.350000,-67.14611769385654,75.44380248351922,177.0044420261412,-32.95430674909584,-1.634827391911301,17.37617122337608,208.58195550957183,-14.200258693058412,66.88306190079233,60.636232729798266,-944.2046578606894,1369.4331067450612
2025-09-05 21:24:08.350250,-64.31395832361382,69.53989513730514,171.4930622612026,-31.814907359094843,-1.9035225882508493,17.19311298842941,202.52861285967418,-14.529340607399778,67.01380548353431,60.688282976391164,-944.3621106268703,1368.177376783472
2025-09-05 21:24:08.350500,-60.95673040177118,63.6748196219424,165.8755655888606,-30.479222321352097,-2.0934868456552804,17.045227005837116,196.44271725770693,-14.636125383082966,67.16412688312066,60.743099286995616,-944.5490597351542,1366.9443576308659
2025-09-05 21:24:08.351000,-57.16216878935026,57.91593443185363,160.19351837741826,-28.97297421197897,-2.2079151577525966,16.92117117629856,190.37126406425048,-14.532072465980365,67.32826466453245,60.8004821449173,-944.7639140268009,1365.7573384499556
2025-09-05 21:24:08.354750,-53.0011974893666,52.30546020969158,154.46785342606148,-27.3178647630886,-2.2491554376797773,16.812003672263664,184.33958378921045,-14.227560869406975,67.5000350569127,60.86001960919016,-945.0047518733835,1364.6362515817327
2025-09-05 21:24:08.358500,-48.52839665752868,46.871293565415606,148.71039053774922,-25.53126936465314,-2.218225151935311,16.711944891685125,178.3635976996547,-13.731576243680072,67.67293509870167,60.92116266746875,-945.2695478092955,1363.5986021283961
2025-09-05 21:24:08.362250,-43.78640056021866,41.63782889550085,142.93436205503482,-23.627290438450046,-2.1149701297976997,16.618340139364317,172.4607693162703,-13.05229814105166,67.84031594565498,60.98329947187101,-945.5563804078406,1362.6587450401503
2025-09-05 21:24:08.366000,-38.80715983753468,36.630140518410606,137.1572654631179,-21.617261513864083,-1.9380191790931498,16.531586884285304,166.6529225816642,-12.19744924557305,67.99565794807519,61.045838535494134,-945.863445083059,1361.8265546688244
2025-09-05 21:24:08.369750,-33.61075801718776,31.874012370101056,131.39922677709873,-19.509745181776044,-1.684574427770811,16.45512670715661,160.9639236548998,-11.17438669010723,68.13288973608846,61.10829853849022,-946.1888751743784,1361.106760358428
2025-09-05 21:24:08.373500,-28.208628975983736,27.39882437725832,125.68453367907634,-17.311767026109344,-1.3509198776650815,16.394821545024836,155.41983126265538,-9.990979939058244,68.24669490218805,61.17037176214457,-946.5305614846928,1360.4990748550308
2025-09-05 21:24:08.381000,-22.61444615647365,23.245110412434336,120.04821566847716,-15.032188390583626,-0.9341300829540489,16.357274522895434,150.05380354958217,-8.65780187934145,68.33279767959091,61.23190590655436,-946.8861100034942,1359.9986812483503
2025-09-05 21:24:08.384250,-16.859202824261807,19.472095694771973,114.54294207014708,-12.68629987334625,-0.43455235035401996,16.347410064680655,144.91167119902764,-7.190991264569882,68.38819568190742,61.29280145305076,-947.2528836928191,1359.5968663298263
2025-09-05 21:24:08.387500,-11.00344488147405,16.15859542582291,109.23961140396163,-10.299624836248782,0.14190744890942278,16.366116295654304,140.05169428048387,-5.614510320431638,68.41129865970439,61.35288174236304,-947.6280048172915,1359.2818344515636
2025-09-05 21:24:08.390750,-5.140107188606201,13.393521159022184,104.21758867783564,-7.908962807569736,0.7826832276109016,16.40884148935809,135.5345773914719,-3.960601482274262,68.40199746133462,61.411784090047504,-948.0082887476193,1359.0398863298678
2025-09-05 21:24:08.394000,0.6144315402977585,11.257965426335817,99.54646436256658,-5.559868586871627,1.4691452928846802,16.46572660016801,131.40622920526968,-2.267964780620448,68.36168746641387,61.46891361804033,-948.3901543706357,1358.8568581334966
2025-09-05 21:24:08.397250,6.138426024014069,9.804898854849883,95.26574491372965,-3.3012440136940273,2.178753342211697,16.523233787884433,127.67953551752403,-0.5782003095761021,68.2931809921658,61.52350193977965,-948.769554388816,1358.7191727279142
2025-09-05 21:24:08.400500,11.326098176574556,9.043131107425118,91.36927625210946,-1.1786967225287721,2.8881137595682866,16.56664548740853,124.3208354414968,1.0682132674132312,68.20044833760657,61.574744532366864,-949.1419541348344,1358.614112322799
2025-09-05 21:24:08.407000,16.105184245441222,8.930993961313312,87.79966654029643,0.7713000423024826,3.5760004213533563,16.582581211802584,121.24588500757217,2.635091384325552,68.08825969451249,61.62192286771612,-949.5023712611761,1358.5296702655041
2025-09-05 21:24:08.411375,20.44493438235264,9.382146784582078,84.45503331352158,2.524675395016946,4.225411172568068,16.560753501961894,118.32774572070323,4.092097199168362,67.96188966499733,61.66444603946796,-949.8454539411914,1358.454424896374
2025-09-05 21:24:08.415750,24.352427864157765,10.28121047382848,81.2055640719392,4.0696014749969365,4.824104045489554,16.494407632976284,115.41375264049582,5.414584279445462,67.82698421532987,61.70180487176476,-950.1655274724793,1358.3775327184585
2025-09-05 21:24:08.420125,27.859194573157392,11.503156305176322,77.91303805640464,5.403248292944773,5.3635859015611995,16.379268001423522,112.34422651522713,6.582078730618008,67.68952732249014,61.73345561587997,-950.4565817463507,1358.288801855877
2025-09-05 21:24:08.424500,31.00397245528838,12.929001921069531,74.44493892234627,6.527050550302199,5.837111532382182,16.21142375400479,108.96469600776983,7.576153578646128,67.55576273476888,61.75867937563784,-950.7123057804764,1358.1788138765924
2025-09-05 21:24:08.428875,33.819796417031284,14.45220682019296,70.67748753623779,7.442954226582651,6.237829699443023,15.98526328585335,105.12692461047742,8.378932283337853,67.43200891732116,61.77650277181179,-950.9262885282784,1358.0390683643118
2025-09-05 21:24:08.433250,36.33126364695102,15.975327654363127,66.48857337885943,8.152525731161951,6.558195327833593,15.692665769529748,100.68091433250967,8.97332006994123,67.32441212431303,61.785758754725165,-951.0924080539752,1357.8622213605477
2025-09-05 21:24:08.442000,38.56171958380119,17.40147005484757,61.747674457990925,8.65897444308831,6.79096089120835,15.323972504339023,95.46589703827381,9.345113751354129,67.23871188858698,61.78528901914005,-951.2053670176333,1357.642543079024
2025-09-05 21:24:08.445000,40.54522187944059,18.626852398089103,56.3109746865948,8.970634170156996,6.931205484305563,14.870368368132237,89.30885567691213,9.486151420975771,67.18006618121902,61.77420731875655,-951.2612488453915,1357.37637719966
2025-09-05 21:24:08.448000,42.33664530818718,19.53946147733717,50.025496645907864,9.103964069771877,6.978436391910285,14.326604013441804,82.03308187582387,9.39713733155697,67.15293518171185,61.75213346618234,-951.257922286684,1357.062365982215
2025-09-05 21:24:08.451000,44.01532000552817,20.02433956225412,42.73901574738045,9.084613444455265,6.937853213816725,13.692844366326646,73.47114477105026,9.089024728960553,67.16100589410306,61.71934596092932,-951.195208361814,1356.7018529050692
2025-09-05 21:24:08.454000,45.68138792111132,19.97225520707544,34.31002586792996,8.946190413164931,6.820360906916791,12.975070386056457,63.47544793968048,8.582661650723164,67.20715170702908,61.67683578997371,-951.0748343369747,1356.2995197908858
2025-09-05 21:24:08.457000,47.44578879189494,19.290040529999796,24.617170131603103,8.727069383461467,6.641401465854791,12.18418619543675,51.92636044837765,7.906881652026718,67.29340443584493,61.626269601081916,-950.9002525542716,1355.8633539602852
2025-09-05 21:24:08.460000,49.41451851553931,17.913210460446887,13.571276042927286,8.465563704275793,6.418777563206353,11.334126581644067,38.742000897702326,7.095220139716386,67.42090190607078,61.56987704468098,-950.6763854582401,1355.4036963839708
2025-09-05 21:24:08.466000,51.66863870355172,15.819545772489816,1.1296990825626878,8.19388196108522,6.1696405291485625,10.43917883679074,23.890158612881763,6.181586082790406,67.58981382013889,61.51027530160154,-950.4093054562187,1354.9322046652278
2025-09-05 21:24:08.469750,54.243929895584245,13.039120952345069,-12.69205444295239,7.9319159590559165,5.907057740395643,9.510905518134397,7.397821565012858,5.1956678695561225,67.799283845539,61.450262450664,-950.1058665354782,1354.4609094259677
2025-09-05 21:24:08.473500,57.116347003367146,9.655292337321747,-27.817686536377195,7.682624514859789,5.63697769303756,8.555387698166872,-10.647789849358318,4.15928168792758,68.04739378471196,61.39261546685092,-949.7733492081445,1354.00056730107
2025-09-05 21:24:08.477250,60.19909691058974,5.793794558332924,-44.11965328037402,7.430738532607835,5.3565899860108495,7.571654949781621,-30.109727104090783,3.084807550257418,68.33113194343343,61.33989013763143,-949.4192010918119,1353.5583364150234
2025-09-05 21:24:08.481000,63.353213438893285,1.602423448124757,-61.438334069494545,7.145420086646212,5.05471958438922,6.551878814119099,-50.82056821144067,1.9761154438757869,68.64641116597821,61.29421191054324,-949.0509727004858,1353.1361486042597
2025-09-05 21:24:08.484750,66.40858009435473,-2.7724599853526244,-79.60449811611568,6.786063257830146,4.7141274117642915,5.483274816721029,-72.60413585715001,0.8314227082464942,68.98822226014923,61.25710246778421,-948.676452204742,1352.7308888275647
2025-09-05 21:24:08.488500,69.1891993212006,-7.205975595311107,-98.45846623034183,6.309426879065571,4.314900166440609,4.351053961928362,-95.29332724354593,-0.3531326827523863,69.3509188501769,61.22941411491429,-948.3037915924133,1352.3362159981161
2025-09-05 21:24:08.496000,71.53544125694513,-11.605888820873114,-117.86039276936373,5.675987146173258,3.837844432983103,3.1414634557764374,-118.73876387503225,-1.5805586861356857,69.72852889468996,61.2114004683679,-947.9414217819889,1351.9449550131867
2025-09-05 21:24:08.501875,73.31727236864484,-15.912210781825848,-137.68883320126935,4.853821456657519,3.2669413053953735,1.8440227745833897,-142.80586098913534,-2.8516357410700683,70.11499326316529,61.20289639071009,-947.597799349494,1351.5509491282337
2025-09-05 21:24:08.507750,74.43599229921412,-20.087006406936858,-157.82966745560654,3.819298012508481,2.5902877147932846,0.45239706953295333,-167.36289902723092,-4.165267977561415,70.50428469957514,61.20354578798434,-947.2811114139251,1351.1501476756184
2025-09-05 21:24:08.513625,74.81617964282513,-24.100166066485997,-178.16174069519622,2.554923176699101,1.7994131626977576,-1.036208908172921,-192.26676168083156,-5.520094256412505,70.89042017240128,61.21300252411824,-946.9989424287971,1350.741288920296
2025-09-05 21:24:08.519500,74.393546616089,-27.91867718519502,-198.5470766262666,1.0458276798855195,0.8875087415203197,-2.622679422091652,-217.35410476237308,-6.916437669245589,71.26744880073674,61.231050003113964,-946.757886452833,1350.326062429851
2025-09-05 21:24:08.525375,73.10684900748596,-31.505248943223123,-218.83130031354716,-0.7227471031907268,-0.1522037304497804,-4.307580450255342,-242.4430031170789,-8.357363873412284,71.62951091068365,61.257635590355264,-946.5631919854684,1349.9084403830839
2025-09-05 21:24:08.531250,70.8996278476213,-34.82669817799536,-238.85427553661194,-2.76511074841772,-1.3267516899199905,-6.091649206784042,-267.3443387564468,-9.847916918692945,71.97101120018823,61.292844956750756,-946.4185381149987,1349.4933249294181
2025-09-05 21:24:08.543000,67.73141505559339,-37.86708642802772,-258.4657302758307,-5.0919053227721776,-2.642021559424972,-7.97485163993046,-291.8774744857312,-11.39255626173602,72.28687392839659,61.33683419777687,-946.3259594542556,1349.0850364169319
2025-09-05 21:24:08.547875,63.59316419939416,-40.63879737686513,-277.53893355117737,-7.705480325786482,-4.100313916161249,-9.954455097255888,-315.8835712884464,-12.99173821220799,72.57277344976877,61.38974637793653,-946.2858902444997,1348.68636822368
2025-09-05 21:24:08.552750,58.52049676268468,-43.1865903622481,-295.97713112426686,-10.595670085620423,-5.697869762752601,-12.022918299283859,-339.2315324735254,-14.638909495012156,72.82524590143335,61.45164430261927,-946.2972835349149,1348.2986342631111
2025-09-05 21:24:08.557625,52.600960513457395,-45.58443902010616,-313.71197987614295,-13.737107903547702,-7.423218201128355,-14.166309102381414,-361.81584575398944,-16.31870548406017,73.04168546605605,61.522459213756676,-946.3577576315776,1347.922445801918
2025-09-05 21:24:08.562500,45.9749410039771,-47.92830998400402,-330.69684767190387,-17.08834856021549,-9.256661113736628,-16.363578319640855,-383.5492769969743,-18.006437843125884,73.22027847234394,61.60195608428772,-946.4637500934583,1347.5583480042214
2025-09-05 21:24:08.567375,38.82990316881373,-50.32585888276146,-346.89659047289007,-20.59303583495261,-11.170888183625166,-18.58679948956245,-404.3524505157122,-19.668913573640143,73.35991532465947,61.68975222727769,-946.6106872203044,1347.2063147069885
2025-09-05 21:24:08.572250,31.386511427575734,-52.88182372772394,-362.2736804402711,-24.183580322784117,-13.13275761999699,-20.80253352158068,-424.1405991664994,-21.266855622600897,73.46010617856798,61.785403941619634,-946.7931664919258,1346.864110776396
2025-09-05 21:24:08.582000,23.877183425965406,-55.68057305278241,-376.77260585065943,-27.787239160883594,-15.106222059015062,-22.97437183708901,-442.80937093663846,-22.75885710611363,73.5209167901091,61.88850875383868,-947.0051370100516,1346.5258219094503
2025-09-05 21:24:08.586000,16.5214670782724,-58.77097740755935,-390.307517805105,-31.33338243493001,-17.056002698556693,-25.06628512707626,-460.22442525084665,-24.106103727197233,73.54292210284935,61.99874501270163,-947.2400732906857,1346.1818362117428
2025-09-05 21:24:08.590000,9.505287891137966,-62.15979978344451,-402.75910556054953,-34.75985165408521,-18.951124974954727,-27.045927372860383,-476.2205108778126,-25.276569613426716,73.52716038213357,62.1158180287171,-947.4911317323525,1345.820159500563
2025-09-05 21:24:08.594000,2.9706057374426584,-65.81700170151025,-413.983830689482,-38.01638679075586,-20.767222605154434,-28.886898833350614,-490.61261512976057,-26.247373201536924,73.47508553482733,62.239352456237256,-947.7512633437091,1345.4276886083262
2025-09-05 21:24:08.598000,-2.982079283864286,-69.69083067850512,-423.83282476251037,-41.064330635000736,-22.48691912763371,-30.56933408348075,-503.2159968534587,-27.004658188743196,73.38853340672303,62.36878713070631,-948.0132772972966,1344.9909287915252
2025-09-05 21:24:08.602000,-8.280893043965118,-73.72666578109776,-432.1739069396516,-43.873322099601644,-24.098399455126774,-32.07884115683444,-513.8685311186592,-27.541420624448115,73.26970800927207,62.50331047952718,-948.2698996603974,1344.4971434995778
2025-09-05 21:24:08.606000,-12.865164824617356,-77.88311394376461,-438.9099632588744,-46.41664312842804,-25.59294162517851,-33.40441368850562,-522.4488013791942,-27.85450200681298,73.12117389917815,62.64186980715617,-948.5139025025447,1343.9361500551522
2025-09-05 21:24:08.614000,-16.670411296112288,-82.13994157900333,-443.9881062970603,-48.66721500757517,-26.96242129853527,-34.53623148799347,-528.8845528047755,-27.94212258684412,72.94583088987834,62.783254234040825,-948.7383328935572,1343.3019124103757
2025-09-05 21:24:08.617750,-19.621653416315368,-86.49511567972846,-447.3968814660709,-50.5958753595093,-28.197676521901094,-35.464178269969395,-533.1491393192331,-27.80287967610348,72.74685723603666,62.926200529291314,-948.9367889326641,1342.593936208943
2025-09-05 21:24:08.621500,-21.637535572824103,-90.9527296229436,-449.15359218379535,-52.17258477971541,-29.288283742678836,-36.177593116723905,-535.248529125181,-27.436415925269383,72.52762374774927,63.06947836557289,-949.1036939172209,1341.81882909058
2025-09-05 21:24:08.625250,-22.643536787328152,-95.50759959764578,-449.28792012424134,-53.370126425412806,-30.223848157258683,-36.66642353565469,-535.2054065690402,-26.845338681869528,72.29158610572456,63.2119353452827,-949.2345600012582,1340.9913068433052
2025-09-05 21:24:08.629000,-22.58851673507044,-100.1340433494566,-447.82959551033537,-54.16877943061465,-30.996242507172997,-36.92337159127966,-533.0481056762808,-26.037456826858097,72.04217115926708,63.35248773789884,-949.3262016367357,1340.1333939561991
2025-09-05 21:24:08.632750,-21.456243428700198,-104.78461183550306,-444.8059322973326,-54.559622283360476,-31.60153528038467,-36.94589444444883,-528.809580514161,-25.02701137657279,71.78267161256166,63.490078015742185,-949.376849967365,1339.2715340683126
2025-09-05 21:24:08.636500,-19.265813663696466,-109.3991165798675,-440.24948780719825,-54.54466454071998,-32.040418475481125,-36.73688624171437,-522.5358289369854,-23.833890120463977,71.51613303278391,63.623639820451146,-949.3861838318742,1338.433169939699
2025-09-05 21:24:08.644000,-16.061145493770344,-113.91899572239679,-434.2107801520786,-54.13380301863824,-32.31689937806075,-36.30372074760229,-514.298343106348,-22.480905740870323,71.24522352998555,63.75208023313989,-949.355309168112,1337.6448583008978
2025-09-05 21:24:08.648250,-11.894849091390094,-118.30026876412053,-426.7691587523602,-53.34007504634483,-32.43594586598944,-35.65617500951174,-504.2038940654685,-20.990180833003524,70.97214855754886,63.87426598411933,-949.2866727029378,1336.9323046901727
2025-09-05 21:24:08.652500,-6.8132400606424754,-122.51981742864464,-418.0363131937908,-52.17507549456623,-32.40106503290797,-34.804084000083215,-492.3965408171632,-19.379913923326498,70.69868936775426,63.988987991333616,-949.1838957012135,1336.3210431173638
2025-09-05 21:24:08.656750,-0.8469124547552747,-126.57411635549893,-408.15132723822234,-50.64578584028006,-32.21250873423231,-33.75545712201551,-479.0511490309643,-17.66228165576498,70.42635086884279,64.09489024800068,-949.0515483329441,1335.8362573519598
2025-09-05 21:24:08.661000,5.992316047991119,-130.47316828369486,-397.27019920806987,-48.75314248018069,-31.86635700583527,-32.51538629816247,-464.3615887334102,-15.842550363045964,70.15653152078987,64.1904078508564,-948.8948921750057,1335.5013177448327
2025-09-05 21:24:08.665250,13.707986388278188,-134.2310526148463,-385.55196047363506,-46.492546398530855,-31.354631812595862,-31.085836873018376,-448.5258852246099,-13.919456441356193,69.8906508095457,64.27377833203748,-948.7196468155922,1335.335975454911
2025-09-05 21:24:08.669500,22.308241647021937,-137.85262708581362,-373.1417661450901,-43.85673698733227,-30.666662704402192,-29.466486783031055,-431.7288211618231,-11.887200492739067,69.63022389042085,64.3431270777106,-948.5318842679558,1335.355405620092
2025-09-05 21:24:08.678000,31.788469867527443,-141.31813146227333,-360.1530834545606,-40.840894152824376,-29.79169108621636,-27.65672658945125,-414.12415397891624,-9.739076626979552,69.37688852955885,64.39658233064965,-948.3380673895768,1335.5705269186765
2025-09-05 21:24:08.678375,42.111442389557205,-144.57075306129028,-346.6539738710279,-37.44876318945942,-28.722251080333006,-25.658528383263256,-395.8213674821043,-7.471948009986264,69.13238655972343,64.43240525381204,-948.1450649296168,1335.9890386033312
2025-09-05 21:24:08.678750,53.19107173217049,-147.51247625028307,-332.6625521621483,-33.69794843351339,-27.457500566479258,-23.47943407421194,-376.8818447283007,-5.090221086511024,68.89852762657206,64.4491431742906,-947.9599785194398,1336.6162099703715
2025-09-05 21:24:08.679125,64.88395270666605,-150.00894065719777,-318.15200168319933,-29.62297936769016,-26.00563844172704,-21.134835526781195,-357.3244523781924,-2.608271446613757,68.67717008737738,64.44577610671773,-947.7897932698695,1337.4550986251843
2025-09-05 21:24:08.679500,76.98912183640203,-151.8996452806157,-303.061186342131,-25.275824765457727,-24.384895790139378,-18.649067370837408,-337.13618948536686,-0.05109504306181712,68.47020564429526,64.42181199432535,-947.640959377665,1338.5061284731491
2025-09-05 21:24:08.679875,89.2560744880763,-153.01185347544293,-287.30914876106414,-20.723852996656618,-22.622966822652582,-16.055145000137966,-316.2860711416573,2.5467659636360933,68.27950479617407,64.3773277780685,-947.5189999105036,1339.7654939914137
2025-09-05 21:24:08.680250,101.40190311218947,-153.1790202905559,-270.81426640591195,-16.04510303182386,-20.754935161485033,-13.393069177520129,-294.7430812391786,5.144108746977636,68.10681239554222,64.31296055391688,-947.4282077997594,1341.2228052827923
2025-09-05 21:24:08.681000,113.13599296156696,-152.2615132178429,-253.51559511789534,-11.32131606037748,-18.819942448692277,-10.706821279304647,-272.4958270503566,7.6975143312648395,67.95363435967464,64.2298278747157,-947.3714805948698,1342.8596954570512
2025-09-05 21:24:08.684250,124.18711575937805,-150.16390656342503,-235.3904456683484,-6.630154576663961,-16.85715105419379,-8.04056969179373,-249.56807195851349,10.16643523648611,67.8211635180155,64.12938124898825,-947.3503173349088,1344.6500623680186
2025-09-05 21:24:08.687500,134.32655337239214,-146.84387110523582,-216.4631541553951,-2.0384479844666763,-14.90185569824146,-5.434914753311142,-226.0253190311893,12.517672014365576,67.71024585493093,64.01324314330488,-947.3649188868255,1346.5608800919463
2025-09-05 21:24:08.690750,143.38311118349233,-142.31224162760464,-196.80469401314642,2.4022684809576167,-12.982563841405309,-2.9239583603015156,-201.97250428747205,14.728309298341495,67.62137120129596,63.88307636057071,-947.414294025209,1348.5527707584752
2025-09-05 21:24:08.694000,151.24933236895382,-136.62742939222275,-176.52645194947652,6.657638915988284,-11.119400447918462,-0.5335939379431861,-177.54656080479475,16.78688328896382,67.55469674897303,63.74050406461488,-947.4963446890309,1350.5811219833222
2025-09-05 21:24:08.697250,157.87909296350128,-129.8855750971667,-155.76980549294032,10.709823649351831,-9.323853098953466,1.718928220092159,-152.90559555484248,18.692865254169575,67.51011329573083,63.5870746249184,-947.6079696298774,1352.5987456077346
2025-09-05 21:24:08.700500,163.27622839824477,-122.2056317368211,-134.69093573275617,14.554196534746344,-7.599921331420546,3.8241460243746315,-128.21398542325414,20.454457461339985,67.487350983871,63.42424737916615,-947.7452340091432,1354.5591035220014
2025-09-05 21:24:08.707000,167.47540917642664,-113.71092906158131,-113.44251837649301,18.193714549724675,-5.946677195729296,5.778258254576124,-103.62502146813354,22.08484927788895,67.48608849707846,63.253377042175615,-947.903610471643,1356.4184038081776
2025-09-05 21:24:08.720000,170.51959771202291,-104.51237960485763,-92.15742366501708,21.632146210445995,-4.361778498204743,7.580058939551121,-79.26626981699543,23.59763378526874,67.50599453029257,63.075702941179046,-948.0782236491403,1358.1368359310072
2025-09-05 21:24:08.733000,172.44087290439342,-94.69964568520547,-70.9407968973926,24.868114570021216,-2.8449251818440975,9.227763751980575,-55.23376045556108,25.002696961452273,67.5466799263278,62.892366723149976,-948.2640256424642,1359.6799873244381
2025-09-05 21:24:08.746000,173.2511785485134,-84.34388982039656,-49.87417622925958,27.891930359948923,-1.4001241135021603,10.716803893784526,-31.597989543943314,26.303983384301922,67.60760854197902,62.70446255633534,-948.455901885461,1361.0200641382162
2025-09-05 21:24:08.759000,172.9456834510232,-73.51016725039821,-29.029444934051305,30.68613536824762,-0.03610087897676869,12.039329089769746,-8.41891762961562,27.4997775944247,67.68800017072668,62.51308366092014,-948.6487600455913,1362.1363098647034
2025-09-05 21:24:08.772000,171.51634913853474,-62.27351315962194,-8.486235390889654,33.22920020784456,1.235051693489974,13.18543504861506,14.236446411124646,28.584975153355547,67.78674569192111,62.319310698038784,-948.8376643112744,1363.0151114706396
2025-09-05 21:24:08.785000,168.96987698967345,-50.73225291642765,11.654023485286501,35.50075948044932,2.400278735624697,14.145470006687397,36.2803489433563,29.55404169741945,67.90238314748656,62.12412789320249,-949.0180295974493,1363.6502107221195
2025-09-05 21:24:08.811000,165.34291783799213,-39.01322177342172,31.262881386647603,37.48634624228381,3.4480174018140946,14.912470469897398,57.59968872349387,30.403328081170987,68.03314718805301,61.928313019162495,-949.1858166645376,1364.0425379789358
2025-09-05 21:24:08.814625,160.70852986779406,-27.266224439586864,50.19099249799354,39.1798905070522,4.369812536606629,15.48386174859323,78.06274948792901,31.131932621092638,68.17703686501119,61.732355174018814,-949.3376740637398,1364.199296453403
2025-09-05 21:24:08.818250,155.17137233895804,-15.649432131248714,68.28351657516968,40.583201733857734,5.160631253983101,15.861860629695554,97.5347582777854,31.740946873923615,68.33187652722376,61.53642915429238,-949.4710161879494,1364.1325798358012
2025-09-05 21:24:08.821875,148.85335166122994,-4.3114436906505444,85.39870309067219,41.70279397637504,5.817832882401847,16.052390570418222,115.89578420919379,32.231427102286275,68.49539105076913,61.340447897919674,-949.584015658185,1363.857657218523
2025-09-05 21:24:08.825500,141.87550026726313,6.622423678128003,101.42182914131669,42.545543457942905,6.339206581860482,16.062927825886945,133.05315223170533,32.601948728356106,68.66526434483193,61.144195875744984,-949.6754924465064,1363.3907773865776
2025-09-05 21:24:08.829125,134.34452146834153,17.053685232273573,116.26855684387633,43.115489501396226,6.721089383396081,15.90042221424658,148.94308051796708,32.84707193859155,68.8391181570387,60.94749913472198,-949.7447386368123,1362.7469146315652
2025-09-05 21:24:08.832750,126.35022588121869,26.903532910111515,129.87751217423562,43.41359982487433,6.957704549103359,15.570465859629413,163.52211111103523,32.95779259310177,69.0144478085846,60.750363624101205,-949.7913241796409,1361.9384819960587
2025-09-05 21:24:08.840000,117.97373831778022,36.099915146515244,142.19734442956135,43.440600344186926,7.042155393991651,15.078047949911012,176.753799160235,32.92399796295889,69.18866056297435,60.5530294150523,-949.8148900217749,1360.9756918558087
2025-09-05 21:24:08.840625,109.30120124004468,44.565797503131996,153.17520910971493,43.201430302867855,6.968615066345343,14.429411612761703,188.5974458902608,32.73794942410319,69.35928482019814,60.355931969914096,-949.8149728688619,1359.8682242418936
2025-09-05 21:24:08.841250,100.43638442609593,52.21389361744451,162.75180266907623,42.70936841712392,6.734761613084201,13.634172892401516,199.00385021609205,32.39746060971861,69.5242009454959,60.159616520052715,-949.7909603403349,1358.6270472196948
2025-09-05 21:24:08.841875,91.50796315614723,58.94854330588435,170.86333672381687,41.98853479009279,6.343586951879203,12.706904608244175,207.91816476027907,31.90786464675195,69.68169952219795,59.964653385974266,-949.7422009111003,1357.265534103939
2025-09-05 21:24:08.842500,82.67064279050088,64.67193979213273,177.44731246947083,41.074536715049994,5.804197098690352,11.667773356747292,215.28625692498235,31.28260391143674,69.83037219958071,59.77156248265357,-949.6681881909778,1355.8000150170792
2025-09-05 21:24:08.843125,74.09990077211067,69.29352560628881,182.4509609929467,40.0132156063627,5.131545107756849,10.542149379198325,221.06318785303742,30.542484658979955,69.96898495376301,59.580756622071,-949.5687308262853,1354.2500667305412
2025-09-05 21:24:08.843750,65.97939684958837,72.74323670576813,185.84339133062588,38.857187140400654,4.34501452430667,9.359135870109716,225.22487171348791,29.713473924647477,70.09643111492575,59.392531712885145,-949.4440437971882,1352.6386550479683
2025-09-05 21:24:08.845000,58.481800229560086,74.98693564190715,187.62980090942187,37.66029024919564,3.4658824227744147,8.149041805155896,227.7812958063949,28.823104459709416,70.21175579254414,59.207132402350354,-949.294740934674,1350.992481134008
2025-09-05 21:24:08.853500,51.74708019164542,76.0391640797641,187.8626214383101,36.47101854654325,2.5141151411332388,6.940192273842076,228.78636907256913,27.89615542624937,70.31419771222473,59.024894652702315,-949.1217945296048,1349.342455839551
2025-09-05 21:24:08.862000,45.86483770566408,75.96738311452005,186.6439930160213,35.326842568643876,1.5053592444407133,5.7559142665566165,228.339485512945,26.950893726280146,70.40320951456017,58.84639441215309,-948.9265518857824,1347.723412778757
2025-09-05 21:24:08.870500,40.867106441448186,74.88429806329499,184.11680682013133,34.251383926279125,0.44910588125242595,4.612653840654016,226.5766803196344,25.997218242652714,70.47845169482515,58.672513931224714,-948.7108235165522,1346.1725553142423
2025-09-05 21:24:08.879000,36.73425324236262,72.93005022385903,180.4464148246903,33.25533430369084,-0.6513319378673528,3.51976960003663,223.65320189630572,25.037308878747908,70.53975907859906,58.50441935865409,-948.4769810713713,1344.7272508608821
2025-09-05 21:24:08.887500,33.41152729641317,70.25005402199461,175.7986259884315,32.34051767031905,-1.7971017978129078,2.4808872204688335,219.72235077968094,24.06834234142027,70.5870729401481,58.34348806694511,-948.2279820593366,1343.4228158577325
2025-09-05 21:24:08.896000,30.83039542029056,66.97518477630108,170.32040435541433,31.50543388406251,-2.991061948348598,1.4962080993605038,214.9168515228582,23.08606469533512,70.62035910158757,58.19120022683525,-947.9672808219558,1342.2904498048647
2025-09-05 21:24:08.913000,28.927543880349997,63.21022815826606,164.12891818057017,30.750232897784986,-4.234957942639168,0.5649516714005715,209.33876296899803,22.087793626758554,70.63954535536622,58.049009044605796,-947.6986620639187,1341.3562524301087
2025-09-05 21:24:08.913875,27.655468574706113,59.03374316542729,157.31193303554008,30.079414180959358,-5.527413987022402,-0.31286916511472235,203.06087122462725,21.07384495740892,70.64448425080873,57.91821178799214,-947.4260586153777,1340.642482347791
2025-09-05 21:24:08.914750,26.981875708331113,54.507721695008655,149.93790945742202,29.501476996635937,-6.863356629967798,-1.135914035862949,196.1374286657092,20.047112710130186,70.6349307413323,57.79981992661568,-947.1533881845521,1340.1702354634353
2025-09-05 21:24:08.915625,26.879246988699244,49.69127975673687,142.06992324301916,29.025842207746866,-8.235082252379936,-1.9024276074502782,188.61786094446398,19.011144761941107,70.61053293638783,57.69444756135225,-946.8844511431759,1339.9612424255747
2025-09-05 21:24:08.916500,27.31018836688872,44.650997667974295,133.77568764424777,28.658554416704497,-9.63450601870283,-2.612202266242645,180.555600809539,17.967624910004954,70.5708454391639,57.60229308515848,-946.6229335660288,1340.037287317039
2025-09-05 21:24:08.917375,28.21708103817029,39.46226052219253,125.12793040037482,28.3991730052349,-11.055345145641418,-3.2684675175237383,172.0070930393546,16.914668054855152,70.51537515998946,57.523240502223175,-946.3724867148682,1340.4174951060359
2025-09-05 21:24:08.918250,29.522405889032576,34.20107993682551,116.19520983127114,28.240723180835683,-12.493956596056336,-3.8785056260975344,163.0222731317065,15.847055127218601,70.44365861208446,57.45700290364026,-946.1367936667906,1341.1150276348244
2025-09-05 21:24:08.920000,31.139752712418765,28.931043402119563,107.02873914358479,28.172741666101935,-13.948449204620426,-4.452608905039149,153.63241715127563,14.758455417014677,70.35536105048418,57.40323163028437,-945.9195439236305,1342.1348871954424
2025-09-05 21:24:08.923625,32.99028807952598,23.691951499551823,97.65218731546845,28.1859026209493,-15.416604559235576,-5.001852209779066,143.84183375067335,13.644720788145342,70.25038133953917,57.36157854541263,-945.7242946312864,1343.4733908096323
2025-09-05 21:24:08.927250,35.01746879504454,18.495770548276695,88.05967653553189,28.276148901295937,-16.89357212687794,-5.535579078309258,133.62800063059584,12.50689075204666,70.12893630461217,57.3317221450239,-945.5542850552653,1345.118278322343
2025-09-05 21:24:08.930875,37.19371666636043,13.33247442502638,78.22375434893385,28.44655745949544,-18.37032979605511,-6.059598855592387,122.95114907986799,11.352637003581055,69.99160264842241,57.313366823762934,-945.4122736515371,1347.0483010511916
2025-09-05 21:24:08.934500,39.5162561284654,8.184109668402714,68.11110468892589,28.706164768498297,-19.833571332500693,-6.575807973743573,111.77049896559241,10.195513338847444,69.83931931087405,57.306228982950685,-945.3003692588071,1349.2327108439367
2025-09-05 21:24:08.938125,41.99342595374033,3.042437108476584,57.70123724125289,29.066070253506087,-21.267173487469925,-7.08339146152389,100.06253028138535,9.05213736333818,69.67337186330211,57.310021240050204,-945.2198455168204,1351.631668331699
2025-09-05 21:24:08.941750,44.62608254557115,-2.075739421105282,47.00234729177025,29.53399591481559,-22.654860097213586,-7.581197837801009,87.83583078333344,7.938099977640358,69.49537376705884,57.32442794887852,-945.171059645652,1354.197692820353
2025-09-05 21:24:08.949000,47.39117113581133,-7.1215585294683645,36.05840319200568,30.109265800992947,-23.98312222354144,-8.070376468129954,75.13677147998735,6.864101923419861,69.30723825835513,57.349055904880984,-945.1535685453943,1356.8779611573182
2025-09-05 21:24:08.949125,50.23446228730538,-12.018807121657805,24.944223238415184,30.780316954299078,-25.24318725295417,-8.556171647325964,62.043211637608096,5.833962627851126,69.11112902940597,57.383371132697604,-945.1663582842095,1359.6174322575644
2025-09-05 21:24:08.949250,53.07552178274701,-16.67836063279923,13.751098766699084,31.52577840442173,-26.431187138517352,-9.04809138973478,48.64953393986189,4.84526023504088,68.9093954781023,57.426667621992166,-945.2080362447147,1362.362232732201
2025-09-05 21:24:08.949375,55.82254874555793,-21.015648574424475,2.5708519067480906,32.31860013229616,-27.546360902287816,-9.558208496078024,35.051546383092976,3.8922029961436904,68.70451204564431,57.4781035926123,-945.2768933305787,1365.0621614001384
2025-09-05 21:24:08.949500,58.39046874615863,-24.963240179277854,-8.512914283428977,33.13148612173749,-28.587902921351187,-10.098052309884496,21.340028504956784,2.9695043464708175,68.49904975749251,57.53678665764964,-945.3708303135764,1367.6716310594393
2025-09-05 21:24:08.949625,60.71408618042683,-28.473483101013528,-19.422370664495794,33.941244433283316,-29.55185261343351,-10.675388194079492,7.605921155751157,2.075573169975743,68.29571811195032,57.6018458554865,-945.4872433892948,1370.1494556838506
2025-09-05 21:24:08.949750,62.75067799128802,-31.511332211232443,-30.074224828114172,34.730204500059926,-30.429503044967788,-11.292323492571953,-6.046580265134992,1.2136499810908088,68.09747668996687,57.67244162913932,-945.6229768255197,1372.4582872399506
2025-09-05 21:24:08.950000,64.47175443775566,-34.04168727095921,-40.36526880535812,35.484411066043734,-31.207938967529802,-11.94534223054743,-19.485148507606148,0.3905720294072868,67.90763353797001,57.74771464969462,-945.7743398930533,1374.5638773548026
2025-09-05 21:24:08.955375,65.84842826920489,-36.01739491501154,-50.16086670244616,36.189764298669886,-31.872303989865678,-12.626934345066383,-32.53862573347372,-0.3860916773787778,67.72983462485392,57.82670936934683,-945.9371262158816,1376.4339302107282
2025-09-05 21:24:08.960750,66.83762223155627,-37.37427261419442,-59.292447387190194,36.828154303805185,-32.40872272718599,-13.327925928785755,-44.996209038157076,-1.1111017396149725,67.56793190996575,57.90831645619134,-946.1066394625377,1378.0368077173425
2025-09-05 21:24:08.966125,67.3762271228137,-38.036914602997996,-67.5673291442239,37.375709621054,-32.80655991204718,-14.039384639084506,-56.619324040457194,-1.7832832207081724,67.42579111264129,57.991261370610246,-946.2777776323283,1379.3407343024091
2025-09-05 21:24:08.971500,67.38649416792039,-37.93371789154182,-74.78860650515216,37.80423071386107,-33.059116806786676,-14.753249017991575,-67.16327569269495,-2.4051067803113,67.30710009508086,58.074134527527505,-946.4452026683649,1380.3139728449278
2025-09-05 21:24:08.976875,66.79079073608806,-37.01547069922692,-80.77874072758583,38.08534048719757,-33.162720770076696,-15.461572839872998,-76.4019385618993,-2.9803946236280767,67.21519988683485,58.155451078128365,-946.6036099431528,1380.9262844775685
2025-09-05 21:24:08.982250,65.53030693927971,-35.27094515195663,-85.39984519721524,38.19582012527777,-33.11483495927955,-16.154962293513684,-84.14848476547886,-3.5113404318604786,67.15294255467684,58.23372991805332,-946.7480806017612,1381.1512976314734
2025-09-05 21:24:08.993000,63.58087298759249,-32.733840130982784,-88.56472663650251,38.12219934463551,-32.91206471796221,-16.82104609200993,-90.26651487568503,-3.996288495968066,67.12258263849871,58.30755598449574,-946.8744114872163,1380.968355921509
2025-09-05 21:24:08.994625,60.959947992517975,-29.478161059741947,-90.2356044849415,37.86289884313498,-32.54888888518507,-17.44370990224895,-94.669064107622,-4.429182835781929,67.12569403626402,58.37558808412428,-946.9793181441653,1380.3629566960935
2025-09-05 21:24:08.996250,57.72210944276685,-25.603745238697716,-90.41228494992794,37.427103190628465,-32.017712043726185,-18.003556716313177,-97.30774468780385,-4.800765479505186,67.16309531156558,58.43651961729456,-947.0605016810538,1379.326595424216
2025-09-05 21:24:08.997875,53.944494397537255,-21.217740059777466,-89.11588979129299,36.83071342446583,-31.310453430480123,-18.47976141703237,-98.15827303683267,-5.101080284652136,67.23478348186943,58.489028062282564,-947.1166055330749,1377.857394568312
2025-09-05 21:24:08.999500,49.70784665106657,-16.419653743581193,-86.37601821195773,36.09094863652488,-30.42121267799992,-18.852964186085387,-97.2101072036401,-5.322431030189372,67.33988857554093,58.531748793357494,-947.1470939474185,1375.9619491917447
2025-09-05 21:24:09.001125,45.081775827471915,-11.296102802789973,-82.22740592043452,35.22207025672506,-29.348771788266863,-19.10809056998648,-94.46568452864203,-5.4614604572869085,67.47667642050479,58.563304176453144,-947.1521174472342,1373.6576269723473
2025-09-05 21:24:09.002750,40.12083245538021,-5.926130394051127,-76.71668328545469,34.23422676164547,-28.097682377719952,-19.235823897735745,-89.9490315263561,-5.5192203245153815,67.64263265809707,58.582391539312354,-947.132402638214,1370.9743129842882
2025-09-05 21:24:09.006000,34.87164188825432,-0.3923852272236689,-69.91436786814057,33.135608219444315,-26.677584107698873,-19.232251848825726,-83.71845693231295,-5.499203144175563,67.83460682600067,58.5878967947405,-947.0891259970134,1367.9548807700285
2025-09-05 21:24:09.006375,29.386054584435126,5.208668418410391,-61.925192519068794,31.93646822422048,-25.101265985418756,-19.097163269252263,-75.87652603830404,-5.404328042242583,68.04894349455286,58.57899794215406,-947.0237368656516,1364.6540155098746
2025-09-05 21:24:09.006750,23.733752866508517,10.762695870491045,-52.891462126743946,30.65299139158929,-23.382359888111875,-18.831919616827637,-66.57227352228759,-5.23418908276846,68.2815602407262,58.55524237461359,-946.9378015609966,1361.136009946702
2025-09-05 21:24:09.007125,18.00980986431231,16.14027135074748,-42.98886519575319,29.309532061375716,-21.5335109840594,-18.43769027380486,-55.995422160030834,-4.983503292022907,68.52798514101177,58.51658442828245,-946.8330093619702,1357.472564585929
2025-09-05 21:24:09.007500,12.335992707368664,21.203889109580434,-32.41775646368155,27.938827957774304,-19.56546475302882,-17.9144006637716,-44.36597990002135,-4.641999639989935,68.78336941743414,58.46336408958818,-946.7113722651102,1353.7404368419911
2025-09-05 21:24:09.007875,6.855483185685365,25.81827433841694,-21.391084363644982,26.580249327946973,-17.48712226316028,-17.260509220416612,-31.92068912305652,-4.195646873062424,69.04249036435077,58.396239186934864,-946.5754556717143,1350.0185052254346
2025-09-05 21:24:09.008250,1.7202335273913782,29.86478602144645,-10.118050911625055,25.276029457540744,-15.306541346455662,-16.47374866636084,-18.895679233694416,-3.629196228182671,69.2997796676063,58.316127061403776,-946.428450279483,1346.3850492289566
2025-09-05 21:24:09.009000,-2.928220017545032,33.25815579539195,1.214875135776516,24.06570473842991,-13.032856999741501,-15.552859769139612,-5.50707764483082,-2.9299082191133574,69.54940472944689,58.22419926041893,-946.2740316924433,1342.9157607799725
2025-09-05 21:24:09.013250,-6.9805185721873,35.96047855970909,12.460341107851837,22.979771410615808,-10.678832328786179,-14.500028173259674,8.065200593303087,-2.0918281942600054,69.785400274119,58.12192104756279,-946.1160712190261,1339.6815915572297
2025-09-05 21:24:09.017500,-10.377896286920295,37.98715427769635,23.518202716744927,22.03416534800919,-8.263351303027646,-13.323381346825403,21.68496734462526,-1.1195046201599899,70.00181932704821,58.01109206029004,-945.9583521307237,1336.7459075651495
2025-09-05 21:24:09.021750,-13.122899934512052,39.40362063984792,34.33406601737885,21.226892217336644,-5.813116598385567,-12.038796711226489,35.25766291147124,-0.030205302449361145,70.19284408469694,57.89384817391213,-945.8044869262235,1334.1619828706516
2025-09-05 21:24:09.026000,-15.281467435812754,40.315829174928794,44.89155040832265,20.53728403835437,-3.363172296586629,-10.670556833782353,48.722329100442664,1.1456770468948825,70.35283111731623,57.772624707407275,-945.658091675851,1331.9722223129493
2025-09-05 21:24:09.030250,-16.97622548064469,40.856051327533706,55.20006883087564,19.9280068682553,-0.9560857308988969,-9.250705749321616,62.039770178474164,2.366075949628052,70.4763564112953,57.650113997201444,-945.5230512095061,1330.209144141496
2025-09-05 21:24:09.034500,-18.370479916057256,41.16377573560011,65.27782279349093,19.349868045637756,1.3603552821033396,-7.817074110065937,75.1767048593032,3.5806455376070407,70.55832971089497,57.52924017159357,-945.4036912437435,1328.8969077443153
2025-09-05 21:24:09.043000,-19.644596154073838,41.364342879398656,75.13259774742775,18.748845638793398,3.5367969635662138,-6.410121087884567,88.08831610985305,4.735807767542232,70.59417399654193,57.41313848702593,-945.3048456956554,1328.052383866182
2025-09-05 21:24:09.045750,-20.969738873595688,41.551055989131,84.74607127632808,18.073941808862543,5.526713372185344,-5.069087191134158,100.70465670796624,5.780497938506627,70.58003875806979,57.30509229237491,-945.231844155258,1327.6854375067505
2025-09-05 21:24:09.048500,-22.485127729142334,41.77565389186002,94.0664406403513,17.284134730115845,7.290625149519444,-3.828221426253061,112.92555904255603,6.671319448271872,70.51301035716342,57.20837744226524,-945.1903227256267,1327.7985534370018
2025-09-05 21:24:09.051250,-24.282885231722098,42.04763272793391,103.0096847211987,16.35319963548617,8.799315732145455,-2.7137992157968425,124.62409235521928,7.376145912302026,70.3912677945328,57.126016875255836,-945.1857767580703,1328.3862225915555
2025-09-05 21:24:09.054000,-26.401262261569,42.33950116612925,111.46632153977589,15.272053817892738,10.035628451280635,-1.742299103038086,135.65501742647004,7.8758743552194606,70.21416135654802,57.06050959286251,-945.2229628434757,1329.4342048183426
2025-09-05 21:24:09.056750,-28.826292042953888,42.59671140390034,119.31233757289687,14.048537244799073,10.994766230126723,-0.9198554509205762,145.86665716271432,8.164313004825557,69.98223531523256,57.01360136330468,-945.3053920150896,1330.9184031334798
2025-09-05 21:24:09.059500,-31.502523345107143,42.75290484099739,126.42506142713736,12.704407590662175,11.683078221365237,-0.24312401700761122,155.11692780178115,8.246149367341424,69.69720816574333,56.98612961834673,-945.4350765147173,1332.8036000739448
2025-09-05 21:24:09.065000,-34.35187017391507,42.748636644689,132.70222836717673,11.269791649847546,12.115408453895979,0.2984028831708817,163.2918438101882,8.133206122966468,69.36190130123454,56.97795979222193,-945.6124873901634,1335.0431632437303
2025-09-05 21:24:09.065625,-37.2963946293354,42.5483434958077,138.07884801544853,9.776276652985734,12.311438934582434,0.7190154824081422,170.3211736637512,7.83977446326836,68.98012253143627,56.98802418990568,-945.8366172366165,1337.580360480757
2025-09-05 21:24:09.066250,-40.27880479321215,42.150038154043244,142.53613275112923,8.250441532731896,12.291869056210288,1.033150998775872,176.18562101711245,7.378238171101494,68.55655205242039,57.014437257882925,-946.1051179999577,1340.3506498710267
2025-09-05 21:24:09.066875,-43.2759337653087,41.58632224261909,146.10113258153888,6.709288997757042,12.075297901771913,1.252355380812887,180.91447038231942,6.75597020212622,68.0967079616253,57.054631621527484,-946.4144788879591,1343.2845438044806
2025-09-05 21:24:09.067500,-46.30393859372943,40.919357116088584,148.84008626679494,5.158133271228096,11.676292631901001,1.3833523037516828,184.57713147312404,5.973828846092732,67.60702031582561,57.10549448676365,-946.7601814688315,1346.3112726139152
2025-09-05 21:24:09.068125,-49.41500670531319,40.23094663765016,150.84700866259968,3.5911236066979915,11.104842043789796,1.4274210424408182,187.27052200427775,5.026337383674237,67.09491901236858,57.16353340524837,-947.1368248052582,1349.3624718576739
2025-09-05 21:24:09.068750,-52.685063503325814,39.60705862622629,152.22697807121043,1.9945198679105764,10.367323218850975,1.3811516070341652,189.10204922362718,3.9036746236535516,66.56881243389037,57.225084737727435,-947.53825807943,1352.374632162413
2025-09-05 21:24:09.070000,-56.19407828861756,39.119273561641066,153.07654419479644,0.352220892140225,9.468849429724553,1.2384465506118694,190.1706107846046,2.5952561538878007,66.03795061636252,57.286526656413294,-947.9577533398989,1355.2903121855961
2025-09-05 21:24:09.073625,-60.00379105861068,38.80902226648478,153.46706588705732,-1.3478046030013915,8.416392719825259,0.993340403294518,190.5511449990957,1.0940601187104508,65.51221959675216,57.344451496251835,-948.3882077797327,1358.0586512726477
2025-09-05 21:24:09.077250,-64.13891361311116,38.67965571381741,153.4361151231414,-3.107893030194392,7.22176482324412,0.6429665132573145,190.28751346928578,-0.5995250851764274,65.00185455538418,57.39579720893302,-948.8222966478805,1360.6352014993972
2025-09-05 21:24:09.080875,-68.5757852431171,38.696974700341464,152.98763846384693,-4.917097648452781,5.903678339516029,0.18999006696236964,189.39400160417884,-2.4752374093716862,64.51706547184843,57.43797068022862,-949.2524926288304,1362.981415967638
2025-09-05 21:24:09.084500,-73.23917371891935,38.79540999986186,152.09800833131214,-6.7499952555997895,4.488558308241052,-0.35592131355895124,187.862169772804,-4.512059519604653,64.06763878575738,57.46896263535667,-949.6709619755381,1365.0644906729476
2025-09-05 21:24:09.088125,-78.0072016976611,38.88853592909163,150.72661001685958,-8.567941172364584,3.010055126603714,-0.9777890770699793,185.67151597085356,-6.678912597092159,63.662581320255065,57.48739875768616,-950.069459324154,1366.8576060367586
2025-09-05 21:24:09.091750,-82.72499030516228,38.8844615268732,148.83149162798938,-10.322895254630696,1.507222588495009,-1.652309404583866,182.80448928999294,-8.937084681104237,63.30982932213794,57.49250729396745,-950.4393544274965,1368.3402852147528
2025-09-05 21:24:09.099000,-87.22599949675967,38.70433606291063,146.38814932967907,-11.963528842652009,0.021426264415272584,-2.3521458499915098,179.26401407633935,-11.244296949931268,63.01603438715113,57.48408818748068,-950.7718438172266,1369.4990367663504
2025-09-05 21:24:09.103625,-91.35686872464001,38.29888679748982,143.40597766058514,-13.442479221987035,-1.4075984815343425,-3.0492194152412697,175.08818470405026,-13.559631731046078,62.78644236141988,57.462559962828706,-951.0583248087286,1370.328443375225
2025-09-05 21:24:09.108250,-94.99830479626894,37.656685154579925,139.93565185911064,-14.72263430830176,-2.7455281326646985,-3.718070700712747,170.35566293770603,-15.847805426254483,62.62485631113574,57.42901848937096,-951.2908696501102,1370.8320150969012
2025-09-05 21:24:09.112875,-98.07317742951147,36.80027671078247,136.0635131612123,-15.779822739424896,-3.96554689731191,-4.337771615784342,165.17843149141976,-18.08097780794435,62.533640214377264,57.38519104965463,-951.4627699967621,1371.0219207461814
2025-09-05 21:24:09.117500,-100.53891237127807,35.77342581069942,131.8966686993437,-16.600920446104965,-5.047868645932413,-4.891454013257913,159.68619663012427,-20.237439386846702,62.513728337269576,57.33327130560341,-951.5691333755253,1370.9177570559232
2025-09-05 21:24:09.122125,-102.37281872307287,34.62896246796284,127.54891052098283,-17.179748484548305,-5.97768592756003,-5.36438562083665,154.01248004581453,-22.298770872850383,62.56465455871491,57.27569930122122,-951.6073825858278,1370.544901814499
2025-09-05 21:24:09.126750,-103.56302120585566,33.42461189449471,123.13513644431603,-17.51441650579365,-6.743578002986485,-5.742509455333284,148.28947867389428,-24.247992309987442,62.68464292800271,57.21495048840423,-951.5774726723847,1369.9324752949524
2025-09-05 21:24:09.136000,-104.11023584529869,32.22656071924699,118.77390870343163,-17.60769589648842,-7.337515482178708,-6.012502663890932,142.65075027209775,-26.069920450556047,62.870769733142076,57.153369969212925,-951.4818181742683,1369.1114290795558
2025-09-05 21:24:09.136625,-104.03705941674505,31.115160714046937,114.59225919155932,-17.469561894614895,-7.756241321006187,-6.163206771855262,137.23551352757977,-27.7532076803074,63.119159001873946,57.09303750365584,-951.3250267863218,1368.1139186176824
2025-09-05 21:24:09.137250,-103.39808015390466,30.186716231455804,110.72654699186776,-17.12007394671189,-8.00311026498923,-6.187663168909664,132.18853211234193,-29.292686910317602,63.42514383411252,57.035644822778394,-951.1134888510684,1366.9737736632587
2025-09-05 21:24:09.137875,-102.28552545640798,29.5494684072037,107.3175151657964,-16.591063703768114,-8.089463137205664,-6.084863403031054,127.6543648421323,-30.690868420327853,63.78332566493107,56.98243692903067,-950.8548434314939,1365.7262137616135
2025-09-05 21:24:09.138500,-100.82857964051315,29.315869273967287,104.5015626880856,-15.925989597144735,-8.035071119364225,-5.860661428036062,123.76836714985586,-31.958202773420588,64.1875324503577,56.93426173279065,-950.557375056379,1364.4059702294917
2025-09-05 21:24:09.139125,-99.18574570695623,29.59171172311382,102.39853870066622,-15.17774678911383,-7.867518098526996,-5.5276881707407055,120.64449662680919,-33.11206890959733,64.6307712782371,56.89166476256209,-950.2294518470378,1363.0451608552485
2025-09-05 21:24:09.139750,-97.5295275078756,30.461040680202718,101.09490964525652,-14.40426682575092,-7.620374227888455,-5.1041949253399475,118.35857737649033,-34.174383171401814,65.10526063988759,56.85494762741213,-949.8791130356669,1361.6721766094734
2025-09-05 21:24:09.141000,-96.02478873739807,31.969096545164515,100.62524797813028,-13.662252292944906,-7.330124176259199,-4.611798420348097,116.93038988317602,-35.16793219529695,65.60254234502666,56.82419680562843,-949.5138284373387,1360.3113087714255
2025-09-05 21:24:09.147250,-94.80527306116652,34.108847394473585,100.95891170244944,-13.00019699841462,-7.032264781839149,-4.072399985105493,116.31203083673714,-36.1120415509385,66.11364244236744,56.79932474482128,-949.1403907690553,1358.9823467098531
2025-09-05 21:24:09.153500,-93.95393300934725,36.81573572233998,101.99684671311705,-12.452274436429535,-6.7574463923108725,-3.5049887798454034,116.38737756461936,-37.01860134009295,66.62926992245023,56.78013860583674,-948.7649057885999,1357.7000345290498
2025-09-05 21:24:09.159750,-93.49061371956864,39.97078348825522,103.57717241683558,-12.034263199294953,-6.528533296984211,-2.923168458293368,116.98063852618267,-37.88931937024689,67.14005026776856,56.76645066542325,-948.3928537976357,1356.4740664791052
2025-09-05 21:24:09.166000,-93.36763903906338,43.4090406159184,105.48510764355552,-11.741814574670444,-6.358979032033833,-2.3338733242160887,117.86889090805464,-38.714522255983425,67.63677726321008,56.758236203688725,-948.0291785183422,1355.310195629063
2025-09-05 21:24:09.172250,-93.47381830196369,46.93263310377483,107.46634224056703,-11.551208595669364,-6.252572523626098,-1.7373792284588814,118.79668777730339,-39.47368922108035,68.11064872487925,56.75576716368099,-947.678354200935,1354.2121763101122
2025-09-05 21:24:09.178500,-93.64828358958417,50.32976520055142,109.24514401995808,-11.423008465073718,-6.204657620606656,-1.1286962824235625,119.49268640020888,-40.13805378705984,68.55345886724284,56.75960088825014,-947.3444139431165,1353.1840966687987
2025-09-05 21:24:09.191000,-93.70343422023541,53.39797165304524,110.54560035174366,-11.308516528671532,-6.204825383511156,-0.5002687898043203,119.68704694530861,-40.67518049330773,68.95774682993225,56.770392988655296,-947.0309385588249,1352.2328556123075
2025-09-05 21:24:09.198000,-93.45256423813565,55.96605994834384,111.11222008828014,-11.157816397259763,-6.240592146346467,0.15463420164070635,119.12844743350921,-41.0544955081061,69.31691104182592,56.78862733043457,-946.740993392975,1351.3696757955613
2025-09-05 21:24:09.205000,-92.73590198985049,57.90907327884942,110.72606754327104,-10.927506593874686,-6.301160047357876,0.838703147147748,117.59868343481304,-41.25228225940465,69.62529073849954,56.81439274621685,-946.4770316067874,1350.6095504115801
2025-09-05 21:24:09.212000,-91.44076384498435,59.15475362870257,109.21386684845247,-10.586743671870313,-6.380467694976555,1.54795701164682,114.92114118607358,-41.255238381802535,69.87823216379952,56.84732032688588,-946.2408339380364,1349.9696403308026
2025-09-05 21:24:09.219000,-89.51465519848945,59.68344462055515,106.4496612859382,-10.121208888937455,-6.479159257968028,2.2697393062032947,110.96112246393754,-41.06250879553773,70.07219441210312,56.886724743026306,-946.0335346861444,1349.468272664917
2025-09-05 21:24:09.226000,-86.96974179460545,59.52146908131819,102.34887479140401,-9.534647634732622,-6.605235922521784,2.9817257215860398,105.61840242073404,-40.686078963693454,70.20491878052563,56.9318615997159,-945.8557290006374,1349.1245434671546
2025-09-05 21:24:09.233000,-83.87615540902607,58.726693923199534,96.85509148808244,-8.847324530597858,-6.773122361784819,3.652600175378811,98.8136870174974,-40.14915996531787,70.27558756314214,56.982156477052044,-945.707635656594,1348.9578434842288
2025-09-05 21:24:09.247000,-80.3447864962218,57.36896170454358,89.92333518470791,-8.091447047837327,-7.001183763105983,4.244593081428687,90.47302885129666,-39.48264144040502,70.28487903788674,57.03732538654291,-945.5892861154368,1348.9871599236558
2025-09-05 21:24:09.250500,-76.50458036720119,55.5117074789229,81.50619218934752,-7.304792059652879,-7.308256761736512,4.717361720448311,80.51613155392995,-38.720437035705444,70.23490135411684,57.09736703761059,-945.5007288737114,1349.2301771115644
2025-09-05 21:24:09.254000,-72.48195888692906,53.200989034540065,71.54861217160853,-6.5246263903977955,-7.710269887696149,5.0321376120147585,68.85395131555585,-37.8951879276194,70.12902732047665,57.162438610485495,-945.4422358603833,1349.7019429701377
2025-09-05 21:24:09.257500,-68.39042815234565,50.46506065768969,59.99448803429059,-5.7842596720737856,-8.218348711974087,5.1548140484420975,55.39810104513414,-37.03604940468642,69.97167923950227,57.2326726272207,-945.4144030076126,1350.412913170484
2025-09-05 21:24:09.261000,-64.33285789170449,47.3212045217983,46.80163566480652,-5.113100621434346,-8.839120673359616,5.057263080473984,40.07811606451052,-36.16917959833837,69.76816684198609,57.307987921676734,-945.4179967491924,1351.3667838604988
2025-09-05 21:24:09.264500,-60.40867078789148,43.7812470689352,31.95516213221605,-4.538250175479119,-9.57621117984988,4.71751718634846,22.856593505487382,-35.31937762855927,69.52460435550636,57.3878953293029,-945.4535752328082,1352.5588751143432
2025-09-05 21:24:09.268000,-56.71494505847681,39.84980449707275,15.471232362946184,-4.084640729904504,-10.431090830945047,4.1201041574959705,3.734644890144687,-34.51057439852452,69.24778575128168,57.47131852952422,-945.5211038731044,1353.9754385634578
2025-09-05 21:24:09.275000,-53.33769152525624,35.51683805782172,-2.6079239645556447,-3.7725793831858576,-11.4023860277036,3.257210196180547,-17.25135893762743,-33.76431834029103,68.94494678908673,57.55649847348659,-945.6197420553098,1355.5937964044642
2025-09-05 21:24:09.276750,-50.33739111978187,30.750418673821247,-22.221320674144756,-3.6137001037925205,-12.484007980293638,2.130488618928878,-40.03556124261197,-33.096977328149315,68.62349481632926,57.64100992631115,-945.7478270048628,1357.3831962309378
2025-09-05 21:24:09.278500,-47.73519079752245,25.49481133070679,-43.29286900705406,-3.607087742902948,-13.66299783533275,0.7529375519179553,-64.52511928221624,-32.51689517460081,68.29078240232094,57.721851525088034,-945.902982806766,1359.306526070568
2025-09-05 21:24:09.280250,-45.504041415113015,19.67503158187541,-65.72939577627506,-3.7368348695779927,-14.917908656164439,-0.849749242524318,-90.59746764498088,-32.02242917550348,67.95390327328501,57.795560394102786,-946.0822162410562,1361.3228116081727
2025-09-05 21:24:09.282000,-43.56595331875417,13.205817046442913,-89.41461687409824,-3.9714288253460217,-16.21809761630882,-2.6387539985152615,-118.09407811253261,-31.601207090149707,67.61948451518204,57.8583334745959,-946.2819112849836,1363.3895429489758
2025-09-05 21:24:09.283750,-41.79620526315454,6.004050537365245,-114.20032221146259,-4.2652327189416175,-17.524087321123808,-4.562880536386715,-146.81224180406693,-31.230775808218823,67.29350545222606,57.90618141149472,-946.4978049547406,1365.4639466352382
2025-09-05 21:24:09.285500,-40.03605736480194,-1.994841910501649,-139.89488917678844,-4.562457039641884,-18.78925949023498,-6.560723549516612,-176.49513782205835,-30.880915427191752,66.98118118213203,57.93515169227067,-946.7250591291079,1367.5033530424216
2025-09-05 21:24:09.289000,-38.11353688785805,-10.818299213482998,-166.2510731447117,-4.8034449414357105,-19.962982363650465,-8.56432380920719,-206.82205084286502,-30.517581548135542,66.68692009221202,57.941616587800794,-946.9584220850165,1369.4650962457135
2025-09-05 21:24:09.291000,-35.868323724733116,-20.440861757546642,-192.9577739404959,-4.932132402515362,-20.99478029552681,-10.503900051479734,-237.4032935939266,-30.1077577350528,66.41435792887364,57.92259905673008,-947.1924420004249,1371.3066269960382
2025-09-05 21:24:09.293000,-33.174589757091184,-30.77649216686093,-219.6406192529704,-4.902902306928089,-21.83870487329162,-12.312791347078699,-267.78447255215394,-29.62399259321201,66.16646284389391,57.87610266149191,-947.421731107366,1372.9867088650026
2025-09-05 21:24:09.295000,-29.95680609242021,-41.68002854871374,-245.87179917646398,-4.685315830282011,-22.45697658950799,-13.931658513879677,-297.4599761501813,-29.04757427246123,65.94562335536715,57.801348039751595,-947.6412644603456,1374.467329834907
2025-09-05 21:24:09.297000,-26.1967699072388,-52.95487190702262,-271.1855095138754,-4.266162896244448,-22.822318421222782,-15.311347662067798,-325.89134898889944,-28.369955176692283,65.7535860367144,57.698789538687954,-947.8466643353514,1375.7152892878912
2025-09-05 21:24:09.299000,-21.931377313620413,-64.36590812901649,-295.097697415696,-3.648775521543374,-22.918782188474008,-16.41421890423813,-352.5289748350411,-27.592360481103494,65.59127714075758,57.569900628328675,-948.034391308652,1376.7034460986988
2025-09-05 21:24:09.301000,-17.240684041415516,-75.65868249373801,-317.1312479336964,-2.849588483341651,-22.741010251509174,-17.21393444323,-376.83837472705693,-26.723545083395024,65.45871678700739,57.4168627877929,-948.2017867067195,1377.4119006155688
2025-09-05 21:24:09.305000,-12.227920011863725,-86.58243526352064,-336.8442237895479,-1.8924043964821935,-22.292082264366286,-17.693876066971907,-398.32899991116693,-25.77601243039353,65.3551507438462,57.24230445180954,-948.3469903368765,1377.8285397868622
2025-09-05 21:24:09.305500,-6.996169270769576,-96.91112085214657,-353.85500963062935,-0.8016132552189567,-21.58045443828982,-17.844628424214207,-416.57951134083413,-24.76154377270996,65.27935005030562,57.049142588992325,-948.4687728266474,1377.9483480189447
2025-09-05 21:24:09.306000,-1.6276817744928525,-106.45730459952945,-367.85894237717594,0.40394991600592295,-20.616721961083964,-17.661233175828194,-431.25412277548577,-23.68716374310059,65.22995706508551,56.840504985855496,-948.5663367538427,1377.7720240976305
2025-09-05 21:24:09.306500,3.829818387399496,-115.07777571408545,-378.6351543336875,1.7152021558656052,-19.410846858016242,-17.14098736226669,-442.1088083022585,-22.552418051887432,65.20573414579705,56.6196765163075,-948.639236158956,1377.305221263885
2025-09-05 21:24:09.307000,9.368529966681162,-122.67285048151632,-386.0457598883199,3.1346234236793338,-17.97022314766633,-16.282237200096155,-448.98975254163116,-21.34825112183528,65.2056061182649,56.39001627342939,-948.6875173892391,1376.5588327937876
2025-09-05 21:24:09.307500,15.017615665181461,-129.1802388451332,-390.0285939107764,4.675595986555008,-16.298821747462405,-15.0842065130187,-451.82554852057166,-20.0575305086852,65.22852877651452,56.15485197623591,-948.7119460966669,1375.5493142966898
2025-09-05 21:24:09.308000,20.83164419404565,-134.56294699714576,-390.5833043746634,6.359112620630671,-14.397658827303024,-13.547782687671505,-450.6132092663251,-18.657350351987997,65.27333567686433,55.917398399566714,-948.7141024733223,1374.2982101208727
2025-09-05 21:24:09.309000,26.871589058306867,-138.79306046088493,-387.75284451377615,8.208112485045717,-12.266663297141065,-11.67718068840695,-445.40011529781646,-17.122999508968842,65.33867299277405,55.6807141041403,-948.6962737857896,1372.8311484200049
2025-09-05 21:24:09.312750,33.18238074622329,-141.83648184817054,-381.60564589691063,10.240597454864591,-9.907601090953326,-9.48222295869014,-436.2670253670384,-15.432857852347741,65.42300468021084,55.44766451362981,-948.6611668934382,1371.1768842025285
2025-09-05 21:24:09.316500,39.77288406329458,-143.64411470821787,-372.2241723162712,12.463294533779655,-7.327260905385173,-6.980687491194312,-423.31767485361155,-13.573003549839212,65.52463153096294,55.220863977709804,-948.611508818336,1369.3667588984454
2025-09-05 21:24:09.320250,46.602794061957105,-144.1512893954151,-359.70150892047,14.867260979473853,-4.540072722302104,-4.200127274978031,-406.6764133613735,-11.54049806762815,65.64171730249282,55.00260329269896,-948.54974094151,1367.4345052322633
2025-09-05 21:24:09.324000,53.57775528771664,-143.28337665835835,-344.1435741633958,17.425889446859248,-1.5697405962924014,-1.1788055155370125,-386.49108352510996,-9.344939898251317,65.77233836558186,54.794767483218784,-948.4780112987125,1365.4157765771915
2025-09-05 21:24:09.327750,60.55325920354255,-140.96658654275356,-325.67599299509993,20.095534162459174,1.5503272202639906,2.034501004828458,-362.93977049603046,-7.008119466211967,65.91454653567452,54.5987445728417,-948.3983888277181,1363.3471226886822
2025-09-05 21:24:09.331500,67.34826524987216,-137.14423008720354,-304.4563114530036,22.819101918053196,4.778083609869117,5.382130067815951,-336.2419840613948,-4.561623844642368,66.06640418710772,54.41535783730286,-948.3130237179563,1361.2649261582183
2025-09-05 21:24:09.339000,73.76718563433747,-131.79554166482498,-280.6888410811437,25.532289440960035,8.065479576779115,8.800654021937966,-306.6717643663274,-2.0426911931232903,66.2259633860608,54.244851463719904,-948.2241131164458,1359.2043643696552
2025-09-05 21:24:09.342250,79.62543736268442,-124.95117465929022,-254.63609837814548,28.171130160797475,11.362230402640394,12.225033393098776,-274.5668668400324,0.5107680426641177,66.39121007228833,54.08693081373342,-948.1337568060691,1357.1976262209882
2025-09-05 21:24:09.345500,84.77109410269189,-116.6995649230552,-226.6209113382084,30.67864172564963,14.61967409733598,15.592783372965782,-240.32824876155024,3.0645855743811774,66.5600214241869,53.94086811807609,-948.0438306361211,1355.271522578444
2025-09-05 21:24:09.348750,89.09394673190884,-107.18085823685385,-197.01608386822147,33.007861863693755,17.793207516795384,18.846700245106323,-204.4073776764908,5.590538942761621,66.73017644275832,53.805674629731335,-947.9559329611434,1353.4461145286796
2025-09-05 21:24:09.352000,92.51883163572143,-96.57153497392001,-166.2251586068148,35.120172796840414,20.8423989112937,21.93525757046159,-167.2857245835477,8.065658495557011,66.89942388440498,53.680283248750534,-947.8714184131179,1351.735509353828
2025-09-05 21:24:09.355250,94.9919073418226,-85.06951211500021,-134.66434119449283,36.98145395991383,23.729742641174777,24.81155383514362,-129.45635378692762,10.47010687735639,67.0655623199148,53.56366935432724,-947.7915025144456,1350.1503750713655
2025-09-05 21:24:09.358500,96.47291883286799,-72.88766248343006,-102.75349567021863,38.56003218164181,26.42000645260879,27.43271844238468,-91.41447061859918,12.786033120562653,67.22649484007052,53.4548919068015,-947.7173859120493,1348.7010011820503
2025-09-05 21:24:09.365000,96.93847267540069,-60.25507736429634,-70.91526641710666,39.828041913637115,28.881128843020658,29.760809307162024,-53.65532918844621,14.99848629874319,67.3802816842831,53.35309909636113,-947.6503600761788,1347.399723651416
2025-09-05 21:24:09.365500,96.3924505214717,-47.41982347581055,-39.57577231943022,40.76510261923363,31.08628212758164,31.76489423143539,-16.673071816018034,17.097756820615817,67.52521642947063,53.25754486554235,-947.5918790441184,1346.2620789285074
2025-09-05 21:24:09.366000,94.8764970125694,-34.64690948408741,-9.160492774406436,41.36219018192366,33.0161747859555,33.42338210875332,19.04553638192671,19.08170340159993,67.65988499071572,53.167617425828844,-947.5435705950218,1345.3069156095517
2025-09-05 21:24:09.366500,92.47397338781997,-22.20792283502777,19.91800166399194,41.623684131748966,34.66061830635559,34.725629959299525,53.03543861193771,20.9566815624639,67.78314226983001,53.082863454589734,-947.5071587381259,1344.5554110582189
2025-09-05 21:24:09.367000,89.30375342268438,-10.362944788575238,47.27968569866821,41.566435481491936,36.0186286084809,35.67215355625646,84.87440298918632,22.736376690024283,67.89399881538397,53.00300187455918,-947.4843030230546,1344.0285058323843
2025-09-05 21:24:09.367500,85.50449170982483,0.6609983281766555,72.59986244115757,41.21586622877723,37.096820054008944,36.27320727861145,114.20635575398202,24.43863033733869,67.99147639615778,52.927921022919186,-947.4763934677918,1343.7435107192123
2025-09-05 21:24:09.368000,81.21353801667102,10.688862839581626,95.62895040718124,40.60013619368199,37.906401136020534,36.545948498505595,140.76070703210254,26.080902884776762,68.07450367841999,52.857652192832866,-947.4843443545026,1343.7114708556537
2025-09-05 21:24:09.369000,76.54709404410093,19.60761775487502,116.20267412384672,39.744319153020314,38.45965721845654,36.51094735373191,164.36120903992534,27.675572333465382,68.14188802337007,52.79230998560249,-947.5084241097364,1343.9358077242405
2025-09-05 21:24:09.372875,71.5886315562412,27.363621233685375,134.23870722345086,38.66685627915826,38.76719436896598,36.189222321633906,184.92090200199758,29.226677179012686,68.19235790013865,52.73198519293593,-947.5481643811546,1344.411852031356
2025-09-05 21:24:09.376750,66.38967910698605,33.94895782479954,149.7215707342395,37.379674618628634,38.837007370133946,35.600843634034185,202.42572878893066,30.729382680668614,68.22465945678648,52.67660175201653,-947.6023896109706,1345.1269662341438
2025-09-05 21:24:09.380625,60.98203113709429,39.38317679719478,162.68257056947692,35.891766276039604,38.67565845536866,34.76548434383365,216.91411327046023,32.17235903668754,68.23769159511478,52.62579661513596,-947.6693685309237,1346.0612094553435
2025-09-05 21:24:09.384500,55.39543567987518,43.69825612734271,173.18289354038865,34.21452027026691,38.290872861658706,33.704384032027505,228.4604717851434,33.541908036377386,68.23063658007867,52.578889456267554,-947.7470422919611,1347.1886555684596
2025-09-05 21:24:09.388375,49.671966498634134,46.93234836354894,181.3056450669343,32.3661836201924,37.69413047074373,32.4424138456141,237.16776884142692,34.82582130944322,68.2030334930078,52.534959637748166,-947.8332683134597,1348.4791024997485
2025-09-05 21:24:09.392250,43.87020364914946,49.133180780925606,187.15775874062095,30.37328059057082,36.901926373186974,31.008944368484443,243.1694249383953,36.01530968171246,68.15478166350535,52.4929826331497,-947.9260119970445,1349.8993252553773
2025-09-05 21:24:09.400000,38.058036638813945,50.367647214327036,190.87814174668375,28.26849413209315,35.93519734551876,29.437006528380337,246.6367607538839,37.10456326018011,68.08609383892046,52.45194695818956,-948.0234382701433,1351.413819317424
2025-09-05 21:24:09.404875,32.29808975251065,50.73187451133273,192.6460579592788,26.086122446700674,34.817239711857496,27.761045697825715,247.786014360736,38.08862041139565,67.99742853344027,52.410897714555176,-948.1239263396405,1352.9862215656349
2025-09-05 21:24:09.409750,26.63275900680218,50.3553373649335,192.6830961662876,23.857178190890238,33.57098954089756,26.014090101597155,246.8783925612724,38.96087463317037,67.88942085069785,52.36890357784885,-948.2260794373296,1354.5816373517973
2025-09-05 21:24:09.414625,21.07623251822165,49.39443377779188,191.2441534723302,21.606353499103363,32.21681654610822,24.225424716252558,244.2090847953238,39.711644090520295,67.76280327976302,52.32498721247149,-948.3287565484002,1356.1682810708453
2025-09-05 21:24:09.419500,15.617590559360346,48.016101291345024,188.59831680950705,19.35212294722114,30.771759908993165,22.419645186972602,240.0867918046343,40.32864670635256,67.61832685494402,52.27808371305097,-948.4310782425077,1357.7174577190344
2025-09-05 21:24:09.424375,10.233820753386226,46.37690314532719,185.00539890821352,17.10970926609367,29.25040264301654,20.617258624584363,234.80975405369787,40.799249601407695,67.45673276175891,52.22706630225063,-948.5323723901415,1359.2031313007656
2025-09-05 21:24:09.429250,4.907645967416644,44.60429088944578,180.6950596030899,14.895463053888038,27.66684965295718,18.836322429748613,228.64512628807088,41.113560229414475,67.27877531846441,52.170830160498106,-948.6320859957093,1360.6024503618792
2025-09-05 21:24:09.439000,-0.35651603764652423,42.78572298406853,175.85437453117456,12.730747912019423,26.036925202171265,17.094325246720175,221.81745903367184,41.26713535716402,67.0852256468517,52.1084217611998,-948.7296846756605,1361.896555447789
2025-09-05 21:24:09.448875,-5.524485083091687,40.96908447248912,170.6273032767463,10.643661157955881,24.379697003058258,15.40952750948519,214.50928348286698,41.262314830107734,66.87683698420851,52.0391949583933,-948.8245483352244,1363.0705695608722
2025-09-05 21:24:09.458750,-10.535352259379431,39.17383253203538,165.12525540299785,8.667743497205539,22.717652145934505,13.801169684517998,206.87215700042714,41.10772601681972,66.65435697953556,51.962919503060476,-948.9159013354194,1364.1130494986346
2025-09-05 21:24:09.468625,-15.314915689182115,37.40783383342049,159.4434016835298,6.83788790337136,21.07524201069743,12.288286911880077,199.0422230237198,40.81607424268495,66.41866842574419,51.87975441559357,-949.0027924804584,1365.0153014441385
2025-09-05 21:24:09.478500,-19.794371497505786,35.682154136811256,153.674704116849,5.184846520214059,19.476169520343518,10.887431753308364,191.1523625388116,40.401004417925854,66.17105542562467,51.790088347876726,-949.0840726409577,1365.77064926008
2025-09-05 21:24:09.488375,-23.925514790105527,34.016786438833925,147.91464054619323,3.730737620963171,17.94061546717448,9.61033521990313,183.33466190963512,39.87452865491717,65.91351440041292,51.694361336246324,-949.1583462437645,1366.3742684416966
2025-09-05 21:24:09.498250,-27.685129343911573,32.43540637806946,142.2550087745233,2.487616895697146,16.48379264507284,8.462741499149441,175.71246003140314,39.2463881865235,65.64896726725279,51.592986329478244,-949.2239642546017,1366.8239291666805
2025-09-05 21:24:09.518000,-31.067688486379566,30.953454070748215,136.77132911619765,1.459440942682359,15.116383000043957,7.444981500389634,168.38692036768987,38.525538791760155,65.38125955781787,51.486372851133304,-949.2791113758019,1367.1212368496635
2025-09-05 21:24:09.518125,-34.07118208054715,29.566493910761384,131.51082924110597,0.6461723466783661,13.846402174456351,6.5539844985605455,161.42514831764814,37.72284587016164,65.11495780616973,51.3749776400851,-949.3219543018041,1367.272871417329
2025-09-05 21:24:09.518250,-36.68385901555315,28.245253035181687,126.48745463725021,0.047841148858860996,12.681401081177924,5.785796724323157,154.85609072754133,36.85349615855938,64.85505062403705,51.25934199985395,-949.3508081096161,1367.291217853298
2025-09-05 21:24:09.518375,-38.88073883744825,26.94117197759249,121.68770981740957,-0.3340954352960901,11.629504949166355,5.137217452116832,148.67721614161871,35.93737243813844,64.60667093995303,51.14013081481665,-949.3643003247292,1367.1935828229189
2025-09-05 21:24:09.518500,-40.6333469295087,25.599842569974395,117.08441087331163,-0.4992568468029246,10.698348411505343,4.605595745900905,142.86814666612216,34.99664004925781,64.37493745085989,51.01820477726922,-949.3614779970588,1366.9997843389992
2025-09-05 21:24:09.518625,-41.92464936793785,24.172921505605313,112.6485974259461,-0.45245267369851727,9.892812138171994,4.187421315357872,137.40176710055107,34.05209254890818,64.16489963838886,50.89473075508955,-949.3417876980601,1366.728950580442
2025-09-05 21:24:09.518750,-42.756815082274976,22.62074827681981,108.35186042956072,-0.20577483662237286,9.213538847654897,3.877324602191529,132.2461960344673,33.12076175716129,63.981467640688514,50.771279019550356,-949.3049409443081,1366.3966088215511
2025-09-05 21:24:09.519000,-43.14714005702033,20.90641057669854,104.16022877356382,0.22279571387158253,8.657251574808708,3.6684146883104414,127.35925826167968,32.21586831546369,63.82929083352186,50.64982598725741,-949.2507700405615,1366.0128507401205
2025-09-05 21:24:09.522750,-43.11610573118676,18.987560545913812,100.02636702313835,0.813216298202314,8.218514920271815,3.553800969268135,122.68194334984967,31.348527580346442,63.712643149388036,50.53262648092224,-949.1791614437951,1365.5821940200885
2025-09-05 21:24:09.526500,-42.67457811155678,16.81243521822207,95.88676722740311,1.5476064377203482,7.892005410439819,3.5286039377880405,118.13719236270202,30.529961730227946,63.63531424548653,50.42199526885037,-949.0900693092988,1365.105132547863
2025-09-05 21:24:09.530250,-41.81672821231499,14.323983148863157,91.66770998513297,2.412887967626732,7.674291166987862,3.5915612454074677,113.63739660852607,29.7729152074706,63.6004628204549,50.32005655039441,-948.9835687987351,1364.5804046177627
2025-09-05 21:24:09.534000,-40.522526735876895,11.47191935281876,87.29941818877575,3.4006563815297666,7.564350927887341,3.7454625100041823,109.09955538579412,29.091369477688115,63.61044509579249,50.22850379768852,-948.8599226330896,1364.0067394176076
2025-09-05 21:24:09.537750,-38.76958834406167,8.228881009378657,82.734128121098,4.504231106743279,7.562548093185618,3.996090632989924,104.46359312977721,28.49832418684752,63.66666393761863,50.14841457730179,-948.7196706634811,1363.3835935012348
2025-09-05 21:24:09.541500,-36.55054675284728,4.605011075542516,77.96198091524631,5.713858520390761,7.668330256369363,4.349847300073732,99.70776714521223,28.00212224775269,63.7694611322426,50.080155368514404,-948.5637626627909,1362.7112771458178
2025-09-05 21:24:09.549000,-33.889530143407825,0.6548415532306696,73.01828352224952,7.011918591354618,7.8774934371401555,4.810772950344606,94.85490707005135,27.602586381398453,63.91804876217135,50.02337750879937,-948.3937033770312,1361.9908601172192
2025-09-05 21:24:09.553375,-30.850662749210095,-3.5275898602888214,67.97813975999826,8.370312796151946,8.180223037547673,5.378115249149599,89.96605878602756,27.288739911606033,64.11046454281846,49.9770800829316,-948.2116002195875,1361.2238470802467
2025-09-05 21:24:09.557750,-27.534336876989958,-7.824279450616754,62.940097455138044,9.75145241676625,8.560915811841177,6.045511887060098,85.12390433203662,27.03945014063437,64.34356703203038,49.93971779775979,-948.0200250901538,1360.4119110715337
2025-09-05 21:24:09.562125,-24.06205656074204,-12.113290141649566,58.00566487620281,11.112715139700327,9.00006073905112,6.802176401310905,80.41306569994197,26.827052599265087,64.61313597434574,49.90934726248569,-947.8217638104459,1359.5571389962015
2025-09-05 21:24:09.566500,-20.555707734381812,-16.285387918874182,53.26306936189482,12.412604628818054,9.477528879336722,7.635539189474818,75.90529989142509,26.622597523907558,64.91412377711538,49.883794845209856,-947.6196290640202,1358.6623946727314
2025-09-05 21:24:09.570875,-17.12014536058704,-20.251384684689018,48.78113529922253,13.615921386785903,9.975855911711925,8.534034791087867,71.65479604175815,26.40056700488364,65.24101668167702,49.86082087832643,-947.4164563370149,1357.7313536670254
2025-09-05 21:24:09.575250,-13.836166607150858,-23.93888925870115,44.6140498938806,14.695841861767187,10.482105335498803,9.488732677906386,67.70379993400454,26.141323369336614,65.58819497004593,49.838287148530135,-947.2152770143354,1356.7687730285352
2025-09-05 21:24:09.584000,-10.765154122109529,-27.28176299167847,40.813129643852456,15.63250996321976,10.987734520439934,10.493282249071566,64.09449209893992,25.83085035839367,65.95019170119316,49.814342797303404,-947.0195120973445,1355.781420495814
2025-09-05 21:24:09.584875,-7.961505998448218,-30.208171553095323,37.43935391553062,16.409258836957857,11.486811720520322,11.542437517144919,60.88087199640264,25.458570449587253,66.32183440706697,49.787608893809406,-946.8330092527143,1354.7792293696457
2025-09-05 21:24:09.585750,-5.486075963627754,-32.63392006639536,34.569844284057446,17.008445562169115,11.973525369144395,12.629908241205218,58.133923570319126,25.01469367742443,66.69833300678178,49.75733978013686,-946.659897887952,1353.7760063688283
2025-09-05 21:24:09.586625,-3.4133151611533656,-34.46591605180252,32.293569384188814,17.409061223972042,12.440186177149613,13.746556734571039,55.93587545926013,24.48859792873993,67.07536700229113,49.72355822288976,-946.5043015047111,1352.7893812887069
2025-09-05 21:24:09.587500,-1.8278036985118056,-35.61552719371463,30.696892118158388,17.587423537430475,12.876662141307424,14.879809311358883,54.364944087121195,23.869075450687937,67.44915591397942,49.687132412933074,-946.3699391399301,1351.8404953333493
2025-09-05 21:24:09.588375,-0.8110636944574813,-36.01670181182661,29.844470356371172,17.52073234072435,13.271417287304795,16.014498033598393,53.47635541478894,23.146240545236196,67.81646739436219,49.64973187765137,-946.2597432670005,1350.95421756419
2025-09-05 21:24:09.589250,-0.4236189982393428,-35.64217419182757,29.762417951115587,17.192061977263155,13.613588266854565,17.13467754712245,53.28634670549617,22.314123008422854,68.17456141522828,49.61364017074888,-946.17564085745,1350.1597930417483
2025-09-05 21:24:09.591000,-0.6889749096620977,-34.511946750567304,30.429617415086504,16.594892057521406,13.895228450146954,18.225654879442445,53.76481877017214,21.372772162628802,68.52111608426044,49.58145708462982,-946.1185138862415,1349.4907212038534
2025-09-05 21:24:09.592875,-1.585652202543291,-32.690543952748335,31.780583219553804,15.73548926751151,14.112892902579036,19.27548581820581,54.83970975674601,20.32901954079851,68.85414161726281,49.555741067003886,-946.0882927699237,1348.9828873541646
2025-09-05 21:24:09.594750,-3.0506469837594063,-30.273602686352643,33.719096734308984,14.632209815074571,14.267960709379677,20.275399935299813,56.411730135561974,19.195617298148402,69.17184121166297,49.53867226308794,-946.0841414151557,1348.6713943938903
2025-09-05 21:24:09.596625,-4.993685763717195,-27.368763700609623,36.13742260092029,13.311774032801505,14.36543092159266,21.21890853053822,58.37372025858711,17.988918973826262,69.47243676902995,49.53182780549498,-946.1046908058963,1348.587151040584
2025-09-05 21:24:09.598500,-7.317101251887235,-24.078566576572527,38.93322150249843,11.80377534790866,14.411531762716116,22.09985383394018,60.62658483766222,16.72577610459781,69.75402253363193,49.536085829511364,-946.1483237546372,1348.7539431025334
2025-09-05 21:24:09.600375,-9.932549301208406,-20.492538784640892,42.01702893295718,10.135841260722469,14.41127721843912,22.910396043673856,63.08521713657564,15.42098288808898,70.01447901092997,49.55160325368261,-946.2134843214351,1349.1867205194385
2025-09-05 21:24:09.602250,-12.767201851085215,-16.69072566611765,45.3083217256198,8.3316555853156,14.367275200612646,23.64012393210178,65.67342296495468,14.086539811162453,70.25148694027504,49.57783771398821,-946.2988645034412,1349.8914947300227
2025-09-05 21:24:09.606000,-15.758436653094781,-12.754538860268733,48.72443925336303,6.412319931534087,14.280297008740995,24.276743843103628,68.31266951351313,12.732977719863959,70.46267872517527,49.61361900785315,-946.4033895330691,1350.865976365405
2025-09-05 21:24:09.610250,-18.841658676550313,-8.777860079337922,52.169440961612885,4.399874084915726,14.15118991126699,24.807998137560123,70.91163888399778,11.371971028525493,70.64587888170031,49.65724807617755,-946.5260888933897,1352.0994348304775
2025-09-05 21:24:09.614500,-21.938860959141564,-4.871794534806178,55.52958063266358,2.3207898270161653,13.983080726122903,25.223906710619357,73.36283081826768,10.018783388288316,70.79931628457483,49.706591322201525,-946.6659269585356,1353.5715291973502
2025-09-05 21:24:09.618750,-24.956768479347463,-1.1589447341492707,58.67945846037976,0.20676177748965674,13.782389745486629,25.517871845405764,75.54943184995729,8.692693616492202,70.92173654343482,49.7591811098032,-946.8216764355251,1355.2517877937971
2025-09-05 21:24:09.623000,-27.798183633672068,2.2405457815823735,61.496224200870486,-1.9084154892636234,13.557787582910688,25.685631457283684,77.35901490638253,7.414588574932825,71.01244658242008,49.81234525087103,-946.9919951493218,1357.1012188607601
2025-09-05 21:24:09.627250,-30.378593206887537,5.221755241237366,63.87208997160772,-3.993691727470769,13.318042835016504,25.72291719472928,78.69464543928096,6.203317715540856,71.07134307449279,49.8633437792565,-947.175694209835,1359.075082831675
2025-09-05 21:24:09.631500,-32.63551930638049,7.698304623542498,65.71696360796834,-6.023680027456775,13.07063903898691,25.623791791223276,79.47635528584085,5.073382159874655,71.09891645691734,49.90948460321341,-947.3719511971613,1361.1248234955765
2025-09-05 21:24:09.640000,-34.52568277408561,9.596691318416136,66.95190923634487,-7.9781087565461934,12.822071113302272,25.380733402046154,79.63431716445068,4.03505762804554,71.09621659409002,49.94824328638948,-947.5802957676498,1363.1989456266501
2025-09-05 21:24:09.640000,-36.013756179134774,10.84807465057725,67.50023125975459,-9.83877322163426,12.57945287993532,24.986221640733792,79.10039301635943,3.0963431674315163,71.0648125268009,49.977415491728046,-947.8004001585092,1365.2442416899048
2025-09-05 21:24:09.640000,-37.059760098586914,11.384094825495364,67.28328343784814,-11.585935163240448,12.352511420393455,24.435035758139353,77.80488535675373,2.2654031361899603,71.00677568710341,49.99528293626936,-948.0317923269364,1367.2083089111575
2025-09-05 21:24:09.640000,-37.61194048770403,11.140601413547584,66.22509982958539,-13.196127545511173,12.15495261496395,23.7263269550553,75.68227044707615,1.5520837532715663,70.92467157386143,50.00077464358274,-948.2735897374768,1369.0427309153883
2025-09-05 21:24:09.640000,-37.60922145497583,10.069077405884391,64.26521333231231,-14.642630106414202,12.004436228449642,22.864581373336126,72.68477295598055,0.9675623327034906,70.82152929028732,49.99359861734258,-948.5243032318014,1370.7056194720535
2025-09-05 21:24:09.640000,-36.993111668170116,8.151885139679374,61.37520800122451,-15.89876910110382,11.920901313714527,21.859004026763888,68.79884057948567,0.5219814222142661,70.7007838965759,49.974264243864674,-948.7817409606565,1372.163074404214
2025-09-05 21:24:09.640000,-35.725230347707814,5.415787834431944,57.57312086610867,-16.943130443492116,11.923539249827979,20.721501487799415,64.0584999106193,0.22066014162790967,70.56622193163426,49.94394827907889,-949.0430295984139,1373.389983079096
2025-09-05 21:24:09.640000,-33.803959444374655,1.9379717660688023,52.92976677125116,-17.7648339545071,12.027282707361787,19.464042847050315,58.54999302678626,0.06018283901254252,70.42196051968119,49.90426454341912,-949.3047137950872,1374.3705526724016
2025-09-05 21:24:09.643375,-31.27307992692548,-2.1593976830658232,47.56305085695211,-18.366626919506462,12.24004957865863,18.096498529884474,52.40444119553234,0.026065572685101047,70.27245643486737,49.85701906757925,-949.5628428672346,1375.0983747035343
2025-09-05 21:24:09.646750,-28.21802682554394,-6.725295283030531,41.621285675050295,-18.764295659993614,12.561810283159966,16.6259100760386,45.780279542719185,0.09328011659260409,70.12252560825635,49.80399592587123,-949.8130035886658,1375.5754663124662
2025-09-05 21:24:09.650125,-24.75044271718322,-11.600770112727075,35.26156947306716,-18.982423158874777,12.98585426490356,15.057538695457016,38.84176196842546,0.2297447792863082,69.97735771701406,49.74681789184638,-950.050371609144,1375.810384028514
2025-09-05 21:24:09.653500,-20.986852761594022,-16.63679635791899,28.630984024940467,-19.048156660469658,13.50166520420956,13.397155228338201,31.740768360078974,0.40148055596714194,69.84250579999895,49.68691125606251,-950.2698672661096,1375.8161951481852
2025-09-05 21:24:09.656875,-17.030454247762226,-21.702942834529278,21.85662850652756,-18.98569038045395,14.098002473534704,11.653341133646965,24.60730606537995,0.5773142402095883,69.72382828612453,49.62554724474064,-950.4664207326343,1375.6088312841039
2025-09-05 21:24:09.660250,-12.963291947934282,-26.6854306643279,15.046724241673436,-18.81369925966357,14.764799321422517,9.838687277899082,17.551216996057597,0.731510920938288,69.62737578087004,49.56390064706833,-950.6353013661444,1375.2058666606445
2025-09-05 21:24:09.667000,-8.850269198942646,-31.477863551148328,8.300531027188683,-18.54625779643049,15.49331596330492,7.96951167006629,10.673300542791644,0.8439515438070494,69.55922428978786,49.50308331106206,-950.772442661884,1374.625634536872
2025-09-05 21:24:09.670750,-4.751132973272446,-35.97047677493071,1.7208389251140173,-18.196221124869943,16.274823159772005,6.064307972087391,4.078583334226561,0.8983902659572509,69.52524170176306,49.444145874661025,-950.8746930031018,1373.8866085637283
2025-09-05 21:24:09.674500,-0.7335791598675144,-40.04449863522964,-4.579063129066977,-17.77914385872429,17.098613045785864,4.141509770680974,-2.117820926134142,0.8799464870014785,69.53077977815113,49.38806311296043,-950.9399589608654,1373.0070789861074
2025-09-05 21:24:09.678250,3.119928688049993,-43.5764349890606,-10.479634650761696,-17.315572831170496,17.950437641714373,2.2175056025221536,-7.797170090149335,0.7733715541729365,69.58033464875794,49.335702699746065,-950.9672217720758,1372.005304727316
2025-09-05 21:24:09.682000,6.716001850082712,-46.45206027652855,-15.870236429741361,-16.83034735781888,18.812300536544498,0.3057823569338407,-12.853561460125679,0.5632046234917205,69.67725252041936,49.287754740771476,-950.95641780234,1370.9000337476555
2025-09-05 21:24:09.685750,9.963948260080382,-48.58504761859086,-20.669707747021366,-16.349056236162166,19.66382259781286,-1.5825544013250619,-17.21463057500594,0.23577518472103487,69.82353256508961,49.244617441520916,-950.9082437627974,1369.7107407953126
2025-09-05 21:24:09.689500,12.794247073507462,-49.93370594422936,-24.845083582380536,-15.89298563826339,20.48471758336968,-3.4372796762736693,-20.86012331804034,-0.21797294909120174,70.01973137604611,49.20627653519864,-950.8239836204823,1368.457189022406
2025-09-05 21:24:09.697000,15.175283979483169,-50.51008491268794,-28.42192619022245,-15.474346264682815,21.25756346992943,-5.247281483007424,-23.832244151029037,-0.8001548036074749,70.26495198539178,49.17224149716828,-950.7053866993973,1367.1586702409923
2025-09-05 21:24:09.702375,17.122179167653098,-50.3777398135784,-31.482725105579867,-15.093469490660198,21.96993921511094,-6.999313565676316,-26.234114880633495,-1.5050945303365675,70.5569130412743,49.14159221769655,-950.5545796407948,1365.8333634432574
2025-09-05 21:24:09.707750,18.694099147257884,-49.63837137199695,-34.15406251849863,-14.739063875940472,22.615158763023285,-8.677842869137274,-28.216328134306426,-2.3202182006537515,70.89210260517831,49.11313430075155,-950.3740162040834,1364.4979051317423
2025-09-05 21:24:09.713125,19.980330271443602,-48.41207492179035,-36.58673271085572,-14.391653898629881,23.191300730645544,-10.266152148474456,-29.95511036153198,-3.228369123142636,71.26600247595331,49.08558357937557,-950.166461729946,1363.1671282566585
2025-09-05 21:24:09.718500,21.080002157102893,-46.8187641703838,-38.93584890470754,-14.02901077854553,23.698941756718714,-11.74840825550213,-31.629902135304004,-4.210852350932268,71.67333886276575,49.05769273361191,-949.9349802160575,1361.8541155098173
2025-09-05 21:24:09.723875,22.08421388103427,-44.967811160516206,-41.349038401050485,-13.631138284933902,24.1387584822022,-13.111919302297705,-33.410156945742585,-5.250086637333423,72.10829774866923,49.028317976094264,-949.6829018259375,1360.5709997195781
2025-09-05 21:24:09.729250,23.06816079162444,-42.95823582653802,-43.96655427117153,-13.182566895627463,24.510265887289737,-14.348595296933384,-35.45611533957095,-6.330767125156349,72.56467287628055,48.996481146055096,-949.4137611334395,1359.3303534051038
2025-09-05 21:24:09.740000,24.094535550788542,-40.88582571582458,-46.92940458284543,-12.671466761112123,24.812192921938625,-15.454969167052187,-37.92863679323342,-7.439214561611712,73.03597599827347,48.96144324515359,-949.1311911786295,1358.1459113380088
2025-09-05 21:24:09.746625,25.223762483814625,-38.850669731070596,-50.387305826621215,-12.086706853243955,25.04414481070438,-16.430807004525064,-40.997680428011684,-8.561447257095608,73.5155418535492,48.922744947721526,-948.8387853454062,1357.0318746050489
2025-09-05 21:24:09.753250,26.524583342888914,-36.95989702185194,-54.50058619594737,-11.414640639123492,25.20867960156969,-17.277046269928128,-44.843082949937475,-9.68105252601591,73.9966196457433,48.88018359449212,-948.5399713146415,1356.0015326739785
2025-09-05 21:24:09.759875,28.07965954817403,-35.325020405925535,-59.43632892602834,-10.637269613321154,25.312707739983583,-17.994118680924494,-49.649587994671016,-10.777939994894295,74.47246194838385,48.833780755948546,-948.237908404475,1355.0661024079145
2025-09-05 21:24:09.766500,29.984063859980754,-34.05657779730627,-65.36217518954527,-9.73259160318789,25.36750666589926,-18.581300248674598,-55.60053329224824,-11.82846476171344,74.93644882215492,48.7838195909761,-947.9353735386413,1354.233984775381
2025-09-05 21:24:09.773125,32.337047980539815,-33.25664003983626,-72.437916157083,-8.677042618723764,25.38743110154731,-19.037059075625425,-62.869825916109235,-12.806863449800174,75.38223861128614,48.73093469141251,-947.6346190936456,1353.5102703843459
2025-09-05 21:24:09.779750,35.22799388207846,-33.007574514452116,-80.80239894487674,-7.449686431990338,25.38773919539523,-19.360188793650405,-71.60921315914932,-13.687855594944077,75.8039063987533,48.67616536034658,-947.3372446263902,1352.8961024502132
2025-09-05 21:24:09.793000,38.71794389963909,-33.35814045238917,-90.5565944675546,-6.0377531719162345,25.38179836545243,-19.551677792644522,-81.93178540234366,-14.450226577403752,76.19606472194627,48.62093354029569,-947.0441597645682,1352.3876716443756
2025-09-05 21:24:09.796250,42.81984305803849,-34.31146241071369,-101.74794587170433,-4.44263720972008,25.377958372517977,-19.617145668815837,-93.89709272394992,-15.080863771774903,76.55397433174446,48.56696603860116,-946.7556710397567,1351.975474351144
2025-09-05 21:24:09.799500,47.482850142840256,-35.820418614507126,-114.3624067653961,-2.684731253811127,25.376718522253956,-19.56924770089653,-107.5042927347348,-15.578183012539407,76.87363625493629,48.51618257588999,-946.4716420542535,1351.644774017599
2025-09-05 21:24:09.802750,52.58679976495233,-37.79433225793715,-128.32866519392493,-0.8052463473847785,25.36908766411104,-19.42912969511323,-122.69734033108743,-15.953660514551215,77.15186240908633,48.47059252608546,-946.1916637240171,1351.377219162293
2025-09-05 21:24:09.806000,57.95021027313558,-40.11633272497867,-143.53395724788382,1.1360012305975196,25.33684531508208,-19.226201260539973,-139.3808600728351,-16.2307369829801,77.38633327102016,48.432256203624185,-945.9152164687978,1351.1526643392626
2025-09-05 21:24:09.809250,63.35028719362826,-42.6660805160787,-159.84580966885397,3.0663674267124446,25.25473814594948,-18.996174273607128,-157.4406808803123,-16.44143949763936,77.57564049818268,48.40329422213143,-945.6418375285946,1350.9503757735638
2025-09-05 21:24:09.812500,68.54942396828787,-45.34092336404215,-177.13237291691158,4.908102827808248,25.093953536329007,-18.777942287043764,-176.76194884638022,-16.62190222292573,77.71929312388158,48.38587208127962,-945.3713080302202,1350.749596807852
2025-09-05 21:24:09.819000,73.32101681454778,-48.06939861119075,-195.27500499451324,6.585990164590614,24.825880761275076,-18.61011941107203,-197.2390387044634,-16.808162993237715,77.81766290504072,48.38212729323525,-945.1038196548172,1350.5303229321626
2025-09-05 21:24:09.827125,77.46784043518782,-50.813343975536576,-214.16945086199203,8.033050979049204,24.425196982948865,-18.52805005454671,-218.7743618198477,-17.033289721194308,77.87186928285146,48.39405209581887,-944.8400193993883,1350.2752548083363
2025-09-05 21:24:09.835250,80.82886300334634,-53.55895563473534,-233.7163656457318,9.193135862753604,23.87156495389277,-18.56194219879606,-241.26754084348877,-17.32628753799229,77.88363366591636,48.423359049049544,-944.5809210084685,1349.972879158472
2025-09-05 21:24:09.843375,83.27446831262799,-56.30154086877173,-253.806361590074,10.02019967103865,23.149616267775464,-18.73649860308428,-264.60041393019384,-17.712656534228977,77.85513653697245,48.47136686169083,-944.3278449796544,1349.6206071997613
2025-09-05 21:24:09.851500,84.69486431440528,-59.03150318172174,-274.3073349407742,10.47540311688361,22.247544254472693,-19.071894694009128,-288.62539806384785,-18.21590977218462,77.78889507549476,48.53893146267456,-944.0825146185576,1349.2268821132438
2025-09-05 21:24:09.859625,84.99029174213146,-61.728750332852066,-295.061176636614,10.524459669800414,21.155453780800215,-19.585149907206926,-313.16365492160986,-18.858736241594766,77.68766606539658,48.62643432502012,-943.8472282682479,1348.8114317531545
2025-09-05 21:24:09.867750,84.07039920436112,-64.36799919201152,-315.8919804274298,10.137460155397022,19.864796603322617,-20.290651141091526,-338.01441669402715,-19.662517966254626,77.5543743961816,48.73383314641732,-943.6249475736088,1348.4031852282997
2025-09-05 21:24:09.884000,81.863915623546,-66.93115242270119,-336.6215625614368,9.2916363326549,18.369411326315976,-21.199282840515792,-362.9710209853729,-20.64493966841066,77.392068678903,48.86073747994474,-943.4192338693257,1348.03629136369
2025-09-05 21:24:09.886750,78.33420004846771,-69.41987768846103,-357.08524832552723,7.975868681619917,16.667721822043248,-22.316493957788865,-387.8367078158235,-21.81652460081389,77.20390019033755,49.00644193531779,-943.2340799473837,1347.7454305885021
2025-09-05 21:24:09.889500,73.49449607032183,-71.86282005464368,-377.1421509054262,6.1951483377608785,14.765220286845413,-23.64003820411899,-412.4343853431161,-23.17733372870739,76.99310096690677,49.169890474866044,-943.0737220828938,1347.5617335829074
2025-09-05 21:24:09.892250,67.41837362570357,-74.31603522358486,-396.6781273054556,3.9735876493016384,12.676472772153774,-25.15808032135634,-436.608579908494,-24.714746993314424,76.7629358703115,49.34960824924759,-942.9424805892378,1347.5101358587854
2025-09-05 21:24:09.895000,60.24366599003685,-76.85838098188214,-415.60286309750944,1.3554006390755395,10.426238962635312,-26.848048932451665,-460.22142252845066,-26.402637265169805,76.5166407284317,49.54365198703022,-942.8446344226148,1347.6080666662483
2025-09-05 21:24:09.897750,52.168857907451844,-79.58243809729925,-433.841907148977,-1.59637799125033,8.049467866856148,-28.6764728785766,-483.1441618203157,-28.2020659555823,76.2573886117404,49.74959372409945,-942.784296254753,1347.865050776114
2025-09-05 21:24:09.900500,43.44041646309395,-82.58018510101176,-451.32351755916443,-4.803717062298358,5.589911403989597,-30.600138006579087,-505.2445519973567,-30.06376936839647,75.9882946694989,49.96452684950723,-942.7652267682312,1348.2832615119978
2025-09-05 21:24:09.906000,34.331398734850666,-85.92512018354736,-467.96247773255266,-8.179859656966462,3.0972891125291033,-32.568753749974505,-526.3722584166351,-31.932437059839113,75.7124045513659,50.18510195421292,-942.7905891699675,1348.8591581977598
2025-09-05 21:24:09.910625,25.115078683346137,-89.65568019244239,-483.6458546966983,-11.637083353789759,0.6233843668572971,-34.52884199561879,-546.3470452768356,-33.75211122978675,75.43262160409539,50.40761929317086,-942.8627549076846,1349.5857393542692
2025-09-05 21:24:09.915250,16.03965784450065,-93.76516648439299,-498.225705144885,-15.094227432215982,-1.7821287242146124,-36.42805151121276,-564.9545336136971,-35.471530192243414,75.15161563632773,50.62818418292773,-942.9832451874411,1350.4544993047602
2025-09-05 21:24:09.919875,7.30955395729372,-98.19994900932805,-511.51975659897846,-18.482313178621187,-4.075200968592222,-38.21881473718418,-581.9499170527911,-37.0483131281286,74.87179840285069,50.84289743916694,-943.1527442675758,1351.456332873533
2025-09-05 21:24:09.924500,-0.9241869139573172,-102.86411591311607,-523.3174993781815,-21.747466083813833,-6.219643517040198,-39.86056417734819,-597.0662221814126,-38.45140912866283,74.5954048512512,51.04804149230103,-943.371090637522,1352.5812577114439
2025-09-05 21:24:09.929125,-8.563805244562886,-107.62991763957255,-533.3913541673911,-24.85101058775896,-8.187904845274963,-41.32042920706146,-610.0265031948472,-39.66160014380401,74.32463161395027,51.24022135892989,-943.6372791300738,1353.8176980405688
2025-09-05 21:24:09.933750,-15.55505889886667,-112.35481694196632,-541.5146373850356,-27.766747629788224,-9.960418825724158,-42.57267004187772,-620.5619934651659,-40.669963587532024,74.06172337071652,51.41642225888814,-943.9495418572856,1355.152117743498
2025-09-05 21:24:09.943000,-21.86943259458715,-116.90261732160138,-547.4841120843197,-30.47585877773868,-11.523675200364975,-43.59706043211668,-628.4343747958276,-41.47453048654097,73.80894662853527,51.57398675756111,-944.3054534869631,1356.56893303384
2025-09-05 21:24:09.945875,-27.482617138020576,-121.16270426125885,-551.14085287839,-32.96067936934724,-12.867419963584627,-44.37654495375959,-633.4560684287078,-42.075931756725495,73.56851997139572,51.710569436307374,-944.7019671332042,1358.0506423683682
2025-09-05 21:24:09.948750,-32.35490940912347,-125.062156516721,-552.3837251934987,-35.19897541460704,-13.981670543381302,-44.89474660239265,-635.5028327210467,-42.47317547226552,73.34259982963744,51.82413060794358,-945.1353715556453,1359.5784831228966
2025-09-05 21:24:09.951625,-36.41791705660759,-128.56924162518422,-551.1735582413428,-37.15990847364353,-14.854280081559828,-45.13394672827564,-634.5168481628932,-42.660451029318885,73.13331462589082,51.91300619886051,-945.6011712256123,1361.1329438532002
2025-09-05 21:24:09.954500,-39.56921771527367,-131.68982152039732,-547.5294123698444,-38.8021536412013,-15.469510347921501,-45.073926265211476,-630.5020394944421,-42.62527143131084,72.94278157086296,51.97605173369278,-946.0938786102993,1362.6929858106223
2025-09-05 21:24:09.957375,-41.675514653791076,-134.45759045746215,-541.5182177171495,-40.07451840015783,-15.807816227490536,-44.69181627586322,-623.5132717076734,-42.34812184358348,72.77308131838807,52.01277579552772,-946.6068234329309,1364.2346374019562
2025-09-05 21:24:09.960250,-42.584932815601576,-136.91830112100433,-533.2383595258055,-40.91944522990576,-15.847020221827123,-43.96307401149803,-613.6401985969216,-41.80394991068326,72.62618687051938,52.02336833469577,-947.1321669972323,1365.7309082400006
2025-09-05 21:24:09.966000,-42.14753273499824,-139.11045453986154,-522.7997509974258,-41.279136912254266,-15.564904804882719,-42.863656133059045,-600.9882892390754,-40.965552447245045,72.50385024505539,52.00864960969995,-947.6611773291836,1367.1534258210859
2025-09-05 21:24:09.982000,-40.24020502511822,-141.0475386211342,-510.30543920761085,-41.103118727931395,-14.942804301100528,-41.3731629115267,-585.6619533499406,-39.80822381885924,72.40750365997917,51.97002628430361,-948.1846258083717,1368.4744408394135
2025-09-05 21:24:09.998000,-36.78956583584449,-142.70770638554058,-495.8408136555421,-40.35539748033146,-13.969300776418493,-39.47827507945734,-567.7556864789428,-38.314408007988206,72.33823551503997,51.90946734979733,-948.693131635167,1369.6684775146005
2025-09-05 21:24:10.014000,-31.785722894578836,-144.0352419359806,-479.47486860263376,-39.01917533261787,-12.642907659296132,-37.17549459079249,-547.3571983444285,-36.47688091218357,72.29681841016864,51.82945182138477,-949.1773965514735,1370.7140919930262
2025-09-05 21:24:10.030000,-25.28255874185765,-144.95355781278877,-461.27296535878037,-37.09776091504529,-10.972910316660782,-34.472349241172225,-524.5612073608567,-34.299483516512666,72.28373651580756,51.732874247497115,-949.628415185528,1371.5957275151213
2025-09-05 21:24:10.046000,-17.385476621824154,-145.38457477718555,-441.31547315694087,-34.61179207301644,-8.978262375171893,-31.38681008602866,-499.48791189236493,-31.795499390447343,72.29920179348215,51.62295001139308,-950.0377788419271,1372.3048058834993
2025-09-05 21:24:10.062000,-8.231798171965407,-145.2675348085459,-419.7150441472386,-31.594174608124664,-6.685112223215284,-27.94529490564006,-472.2990238980808,-28.98472179186959,72.3431548036503,51.50313473001251,-950.3980480811967,1372.8397351364883
2025-09-05 21:24:10.094000,2.02927755461966,-144.57100842358417,-396.62624158594997,-28.08466971992941,-4.123831587535173,-24.180016965464468,-443.2053830676943,-25.89052762561136,72.41523747364462,51.37701061710363,-950.703061619197,1373.2055296671715
2025-09-05 21:24:10.097875,13.25057553416173,-143.29412651729845,-372.24371447915945,-24.125939041867568,-1.3264337506790196,-20.126558997087237,-412.46287073821196,-22.537933286723938,72.51475970780658,51.24811924838139,-950.9481383545046,1373.413601928144
2025-09-05 21:24:10.101750,25.290485891311057,-141.45717076646187,-346.7893706396787,-19.762242455871142,1.6748554625784906,-15.822423643498901,-380.3577702334311,-18.953115039906482,72.64070051475869,51.119780633396694,-951.1302128440824,1373.4814230834945
2025-09-05 21:24:10.105625,38.00581230877682,-139.08610365547702,-320.49350793608824,-15.041050209502272,4.847422598536895,-11.30700686760191,-347.18701372178873,-15.164502850116644,72.79173852781922,50.994936896598524,-951.2478921348523,1373.4315038628383
2025-09-05 21:24:10.109500,51.23850489094196,-136.19847477405057,-293.57762475287916,-10.016517541231998,8.15677198971529,-6.6228318289823065,-313.2410086207797,-11.204920989712605,72.96624086829385,50.87603339163372,-951.3013903953018,1373.2897717823043
2025-09-05 21:24:10.113375,64.80507571774571,-132.79794574208,-266.24619837017934,-4.75240925766418,11.564932922194563,-1.8169861673262824,-278.7956799144929,-7.1133372613392964,73.16216777034796,50.764945514347296,-951.2923795006162,1373.0840003188077
2025-09-05 21:24:10.117250,78.4964551887308,-128.8800252948079,-238.6899107322789,0.6778822060606335,15.030139916539209,3.0585892805548056,-244.11537465314552,-2.934740507478814,73.376986710002,50.66295697572688,-951.2238775751078,1372.842349750027
2025-09-05 21:24:10.125000,92.08957542533862,-124.44521605251803,-211.09641092264096,6.194790826220839,18.508276341001395,7.948532534960226,-209.4624339161865,1.2821824962203634,73.60771306700019,50.570781353769945,-951.1002380177687,1372.5913334975157
2025-09-05 21:24:10.127375,105.36617007203546,-119.51268395950248,-183.6615300810981,11.718261695680765,21.955628450382374,12.79683278834098,-175.10654474482578,5.488768308710263,73.8510489327416,50.4886015566882,-950.9271496311038,1372.353573062106
2025-09-05 21:24:10.129750,118.13233304377192,-114.12879751048793,-156.59508093704468,17.173727547991284,25.332052294313648,17.5501277421048,-141.32819813019398,9.64027453388345,74.10354067150257,50.41610698759113,-950.711521966865,1372.1467088754844
2025-09-05 21:24:10.132125,130.23352807373814,-108.36886676140672,-130.11967360221448,22.496794672921702,28.603645164758742,22.1606595844721,-108.41495036633529,13.69892281497972,74.36176057920014,50.352550093696614,-950.4612178029001,1371.983436295156
2025-09-05 21:24:10.134500,141.56247758793907,-102.33355198307513,-104.46438661055379,27.635949040518064,31.744383684043534,26.58828570724967,-76.65280177415947,17.635611795430616,74.62251371162566,50.29685712688062,-950.1846749753872,1371.871651318027
2025-09-05 21:24:10.136875,152.05903868420498,-96.14041296925149,-79.85407531491998,32.55309817736101,34.736568436221255,30.80134340105864,-46.31391371087583,21.43016823013482,74.88298505891885,50.24777016167116,-949.8904902804982,1371.814878768546
2025-09-05 21:24:10.139250,161.7015427237088,-89.90982528641828,-56.493739222410696,37.22176079273145,37.56999051847321,34.77634429566718,-17.64026969189877,25.069996861875303,75.1407591767501,50.20396221663342,-949.5869798986106,1371.8132518354614
2025-09-05 21:24:10.144000,170.49044173431741,-83.74700230353093,-34.54982419628735,41.62298434145464,40.239819929706364,38.49651045289897,9.174924692369395,28.547157526138157,75.39375292681078,50.16411248988647,-949.2816963761054,1371.864068337898
2025-09-05 21:24:10.149000,178.42765338241705,-77.724991625206,-14.133451571881238,45.73981733694326,42.74354599620486,41.94936882441204,34.0032198826762,31.854423804313242,75.64015558845526,50.12696007339159,-948.981012561015,1371.9612463833246
2025-09-05 21:24:10.154000,185.49695063888038,-71.87390015092919,4.709121556091022,49.55185401132591,45.07764199895796,45.12396013122691,56.788989642560466,34.98138702355878,75.87840875673983,50.0913217887555,-948.6899506891746,1372.0943497625285
2025-09-05 21:24:10.159000,191.6501743682188,-66.17853119285333,21.996901614151284,53.03130340821472,47.234676565494745,48.008386330358874,77.54794327716711,37.91160829163644,76.1071636728218,50.05606196315615,-948.4122746718816,1372.2482940552854
2025-09-05 21:24:10.164000,196.80150321272785,-60.58318074530197,37.80714411201496,56.141298285236275,49.20138335648117,50.58823776020694,96.3583892705029,40.621263528353424,76.32516583543173,50.02005470298054,-948.1507039542961,1372.4041173713358
2025-09-05 21:24:10.169000,200.83076980101572,-55.00289822251213,52.26183385320378,58.8367443409766,50.95807717812023,52.84617336628677,113.34660564582491,43.07946085135855,76.53111760457017,49.9821724669778,-947.9071114183363,1372.5403331320267
2025-09-05 21:24:10.174000,203.59650870698067,-49.34138408972989,65.50747931400944,61.067946422414764,52.479739142203286,54.76280644978791,128.6662340800947,45.250421782357435,76.7235983356953,49.94128908546865,-947.6826581114691,1372.6342294460292
2025-09-05 21:24:10.184000,204.95718307642656,-43.5125200243957,77.69131374864871,62.78669815592086,53.73872007025357,56.318855842734,142.47465379600467,47.0973573883229,76.90105753510736,49.89629574123902,-947.4778860810267,1372.6627056408634
2025-09-05 21:24:10.184875,204.79598613667855,-37.459515980919925,88.94011345632745,63.953598410991994,54.70847940210183,57.49817352139618,154.9123978324279,48.58725704851761,77.06184976994177,49.84615773484479,-947.2928012837822,1372.602689197859
2025-09-05 21:24:10.185750,203.04333765265412,-31.16667552368046,99.34675671376728,64.54479626957588,55.36748182216281,58.29094082676526,166.09064975736524,49.69544651515729,77.20428238734124,49.790014391528565,-947.1269586298807,1372.4317368035709
2025-09-05 21:24:10.186625,199.69250619833497,-24.662779921919807,108.96539808954326,64.55665637212748,55.70241945744651,58.69620019303842,176.08741140818196,50.40894175954477,77.32666346835754,49.72727769354646,-946.979534782713,1372.1291806309837
2025-09-05 21:24:10.187500,194.80649236423446,-18.01802596833667,117.81306503423802,64.0077413336313,55.71025006063703,58.723149688859124,184.94964922823982,50.72816604231839,77.42734445296418,49.657694649670425,-946.849360253028,1371.6774451687797
2025-09-05 21:24:10.188375,188.51562233363765,-11.335178542323344,125.87700110273272,62.93805672862039,55.398845551846996,58.39110915530721,192.70041769645348,50.66691261188073,77.50474678275334,49.581393017555804,-946.7349131167191,1371.0630855117533
2025-09-05 21:24:10.189250,181.00538938709977,-4.734287678898341,133.1286249433336,61.40553403060694,54.78611724723227,57.728251146076474,199.3518474534963,50.250447251400395,77.55735966898887,49.498944578140744,-946.6343263242533,1370.2775438395329
2025-09-05 21:24:10.191000,172.49553601065568,1.6670705890430477,139.54227525254774,59.47999841852865,53.897593683509584,56.76913786512614,204.92233690798236,49.51184970577609,77.58372449209469,49.411430872414606,-946.5454592510297,1369.3180873513948
2025-09-05 21:24:10.193375,163.21408641190436,7.7729107108973885,145.1135051199969,57.23556477404657,52.76278834584786,55.55129873568391,209.4527537151168,48.487205170127645,77.58246387794827,49.320454822556094,-946.4660258743887,1368.1894640975734
2025-09-05 21:24:10.195750,153.3720768853541,13.521954412015294,149.87125861949698,54.74305534524522,51.41114902145141,54.1114716243785,213.01603091394517,47.210756662845306,77.55238689128831,49.22807027421056,-946.3937307187723,1366.9058959272807
2025-09-05 21:24:10.198125,143.14422762726454,18.892630428138347,153.88162868199646,52.06398386105904,49.86860261326803,52.482289846117155,215.71834345864244,45.711167106031546,77.49263028308172,49.136661179323916,-946.3263982284672,1365.4919246694853
2025-09-05 21:24:10.200500,132.65812187238802,23.901214692579796,157.24454082029968,49.246905593986845,48.1554278751383,50.6899974737864,217.69390808000418,44.00953915352651,77.40279727965361,49.04881239350039,-946.2621197819468,1363.980787033075
2025-09-05 21:24:10.202875,121.99289444325343,28.593593943490266,160.08392871559587,46.326456148759284,46.28567562576012,48.753509458796835,219.09431503594095,42.11937136228214,77.28308918335014,48.96718755022207,-946.1994077097706,1362.4104114558659
2025-09-05 21:24:10.205250,111.18805069967897,33.03017174298702,162.53101261342366,43.32529773137695,44.26809664286193,46.6849886895107,220.07197246445307,40.04842205254418,77.13439826859758,48.89442578762044,-946.1373213840063,1360.8187780151284
2025-09-05 21:24:10.210000,100.26098448429448,37.26665708827803,164.7036940073039,40.25865550164728,42.108401485055644,44.491871165437935,220.76046577345903,37.802146677570455,76.95831201655031,48.83306574746653,-946.0755592925278,1359.2405700141953
2025-09-05 21:24:10.214125,89.22879365104924,41.336584135886476,166.68822337754088,37.14027942183628,39.8123910813568,42.17988379560418,221.25772841614054,35.38792884509648,76.75703316963339,48.78547520033727,-946.014514304437,1357.7052704910611
2025-09-05 21:24:10.218250,78.12864418146107,45.24053277975287,168.52830673986637,33.98819054720389,37.38921785785457,39.756306613174196,221.61694392937875,32.81902910283494,76.53326936177072,48.7537630239574,-945.955267730538,1356.235708926034
2025-09-05 21:24:10.222375,67.03215109423692,48.94314112968501,170.2226451145235,30.82882093877927,34.8540109060741,37.2326788285836,221.84578302160557,30.117300547743046,76.29013212452551,48.739686958648186,-945.8995023465214,1354.8471446763288
2025-09-05 21:24:10.226500,56.051867651871525,52.376112460595834,171.72873370161514,27.6988979268027,32.22937648066204,34.62641316817095,221.9113539058655,27.31425053973812,76.03105743873644,48.74457719313467,-945.8493427157524,1353.5480105199176
2025-09-05 21:24:10.230625,45.33925312061463,55.44668797600929,172.97224092134377,24.64486724164774,29.54559469526476,31.961176902925363,221.75000720517818,24.450428834706436,75.75974853206498,48.76927558345427,-945.8071520786733,1352.3425299943083
2025-09-05 21:24:10.234750,35.07356542992883,58.05236838488656,173.86291089969941,21.719728040494658,26.83941803979899,29.266073915968118,221.28302964307952,21.57314755561117,75.48012557156838,48.81409310285472,-945.7753138539208,1351.2338959441631
2025-09-05 21:24:10.243000,25.44254147548477,60.10009265294419,174.31517260294544,18.97752392533264,24.151471890242565,26.573689278206846,220.43657872555673,18.732664198962166,75.19626504179703,48.87878670235418,-945.7560274807818,1350.2264646383028
2025-09-05 21:24:10.243000,16.618420694253782,61.5249089703575,174.26811643470504,16.466460063183966,21.52259867332106,23.917200642026955,219.16058274889866,15.977420926220342,74.9123361528548,48.96254421280904,-945.7511670649254,1349.3265872502861
2025-09-05 21:24:10.243000,8.735404876446802,62.30202168672495,173.6982916930093,14.222373957414224,18.989918192941232,21.327105510450632,217.44008241289765,13.349441252288935,74.63254241448058,49.06399871741667,-945.7622474101908,1348.5428467381216
2025-09-05 21:24:10.243000,1.8755577934955503,62.44742114810555,172.62041234569966,12.26463268448925,16.583666162810438,18.828519221367856,215.29452006432112,10.88120565397741,74.3610564307829,49.181316844645416,-945.7904779754157,1347.8863182407986
2025-09-05 21:24:10.243000,-3.932441888495002,62.006883049378644,171.0760354231591,10.595829275937762,14.325746408603498,16.439978583218075,212.76574321189648,8.594921147521015,74.10195996317623,49.31234868187506,-945.8368139966037,1347.370689115608
2025-09-05 21:24:10.243000,-8.702425978316203,61.03822698127109,169.1155107106951,9.205113051731171,12.230256795577263,14.173994549844242,209.90028912694004,6.504093619059265,73.85922693529795,49.45478844656578,-945.9019486924166,1347.0119591927805
2025-09-05 21:24:10.243000,-12.472664726177843,59.59356371230262,166.7802929811091,8.0736914441352,10.305463022089706,12.038822900543252,206.73284773018418,4.616396508550987,73.6367272060046,49.606311427515614,-945.9862943708096,1346.8276689213353
2025-09-05 21:24:10.243000,-15.287328116238976,57.70747071234165,164.09182577004105,7.180508592666405,8.55629635474685,10.040645517395637,203.27685062134844,2.9365289004326027,73.43817124489402,49.76464309372671,-946.0900010894862,1346.8354830390608
2025-09-05 21:24:10.246000,-17.184019883145137,55.395124057655075,161.05100013884962,6.506219733118746,6.986425764820699,8.185412416587537,199.52569504052965,1.4679953243178134,73.2669589827096,49.92752998115132,-946.2129809004557,1347.0509033866792
2025-09-05 21:24:10.249000,-18.191667047977717,52.66082940363842,157.64823856234773,6.034245565913998,5.599130467316134,6.479709194170771,195.4639183401107,0.21329919167345587,73.12593885475884,50.09265821673632,-946.3548913604837,1347.4844268904899
2025-09-05 21:24:10.252000,-18.33921370194371,49.512917427376316,153.87968571910724,5.74872209930693,4.396572100208506,4.930228069193385,191.0833525302269,-0.8273658649356962,73.01709944668194,50.257588010195356,-946.5150654785426,1348.139247778945
2025-09-05 21:24:10.255000,-17.670674990801498,45.977675374892954,149.76184511960258,5.63051807595415,3.377788790543449,3.5419538705059344,186.39671980217508,-1.6582735612886206,72.94129421091033,50.41972136408956,-946.6924080842115,1349.010461689214
2025-09-05 21:24:10.258000,-16.25777861595633,42.104834561400004,145.3370627509906,5.653790787424209,2.5366037079829074,2.3160154900101912,181.44176226237985,-2.289905402818797,72.89812121954473,50.57629626020509,-946.8853068128478,1350.0854556926006
2025-09-05 21:24:10.261000,-14.202258756921637,37.96168698624018,140.66707415754263,5.78540697271015,1.8607938003012465,1.2485097610414122,176.27397170221676,-2.738988887755988,72.88594853974892,50.724421279898685,-947.0915800283381,1351.3446484398019
2025-09-05 21:24:10.267000,-11.626276381708346,33.61941142152221,135.81855678906487,5.987769967512442,1.3330565125636584,0.3309584945539883,170.95215334766567,-3.0264601401544358,72.90198482456346,50.86118468913265,-947.308457026707,1352.7626624678815
2025-09-05 21:24:10.270375,-8.655323341883506,29.13843554052836,130.84791017482752,6.223884912705348,0.9334064033001985,-0.4478483109218932,165.5238510715591,-3.174018485922204,72.94237702627106,50.983844090717135,-947.532624427101,1354.3103054318399
2025-09-05 21:24:10.273750,-5.401217973529095,24.55955880089203,125.79217612142486,6.462473988860354,0.6419788882732151,-1.0994971490951932,160.01728851431682,-3.2007043035310008,73.00241013926468,51.09002513739191,-947.7603537528571,1355.9566980527634
2025-09-05 21:24:10.277125,-1.9546266839971433,19.90573927314126,120.6707472191258,6.680355824023872,0.44066347909145387,-1.6344223731150955,154.44386599156377,-3.121378548486477,73.07682585107096,51.17783539497547,-947.9876270426713,1357.6706427070185
2025-09-05 21:24:10.280500,1.6082591981624985,15.193257890841966,115.49606039620184,6.860669698777229,0.31248799407268013,-2.062170942103082,148.80868337119563,-2.948044970455429,73.1601861121029,51.24587889751542,-948.2101943516724,1359.42180022112
2025-09-05 21:24:10.283875,5.21234124452464,10.442879987146812,110.28377084153648,6.989012722465553,0.2396133112101116,-2.3928882124020436,143.1198113162807,-2.6926156907126733,73.24722067896283,51.293225009817526,-948.4236048074011,1361.1828569892468
2025-09-05 21:24:10.287250,8.776365663954035,5.681964823725723,105.05380540665776,7.051173418718422,0.20198520016904747,-2.638418998907675,137.38871741495618,-2.3686149751268526,73.33312335349689,51.31937042212332,-948.6232453892613,1362.9321416838857
2025-09-05 21:24:10.294000,12.217202983594682,0.9373659273239285,99.82265122891766,7.0340998499421925,0.1777749536153281,-2.812008615728957,131.62276295985163,-1.9906257590718839,73.41374953621555,51.32419658649494,-948.8044012506127,1364.6550051579416
2025-09-05 21:24:10.294625,15.462180010024877,-3.77458221381349,94.59342512654675,6.929194895014547,0.14533600194343588,-2.9266818605744866,125.81619833759443,-1.5719834487608217,73.48568741462766,51.307923081587695,-948.9624297651536,1366.3436113034713
2025-09-05 21:24:10.295250,18.461829991545354,-8.453847643072912,89.35084058668706,6.735765527629656,0.0856634714372124,-2.9931539003177825,119.94638894028569,-1.1221688931020184,73.54622519041544,51.271079069313636,-949.093098767226,1367.9962218440014
2025-09-05 21:24:10.295875,21.193621042016673,-13.112875209032394,84.06608776291363,6.461902221964916,-0.016057424299978827,-3.018725182962257,113.97958499142331,-0.6458508649663766,73.59326778755197,51.21452964136484,-949.1929830645765,1369.6166100681467
2025-09-05 21:24:10.296500,23.652039902689193,-17.7640186248509,78.7101383673124,6.121414798241426,-0.17078120351651155,-3.008222464139457,107.88408934885523,-0.14465313952638342,73.62523833388819,51.13956112308788,-949.2597786545064,1371.2130839694028
2025-09-05 21:24:10.297125,25.83252289297214,-22.40744827964923,73.26588717318495,5.728875892894907,-0.3871532288436105,-2.966281028913639,101.6415142471565,0.37967862354054943,73.64097146415757,51.047959213698114,-949.2924592162569,1372.7964620811126
2025-09-05 21:24:10.297750,27.722105185997506,-27.02870759521229,67.73028757447841,5.296429233710255,-0.6725994751986574,-2.8991234063411286,95.24818646626966,0.9232297719481234,73.63961290120578,50.94201878756864,-949.2912551663549,1374.3772349551518
2025-09-05 21:24:10.299000,29.3021523925476,-31.60625206738083,62.10688242435376,4.834009977315707,-1.0329957903617637,-2.814742761245372,88.70750597206616,1.4801806804959445,73.62052481992568,50.824519706293394,-949.2574727961226,1375.9628833926035
2025-09-05 21:24:10.304500,30.55965231493808,-36.12264049734686,56.39554037207754,4.352102511567717,-1.471123586165738,-2.7216115885781016,82.02000039895306,2.044836639870823,73.58317570734711,50.69871262636202,-949.193213561902,1377.5559868164792
2025-09-05 21:24:10.310000,31.50068561625743,-40.57301384854401,50.58556144093594,3.865253678986862,-1.9846760990049834,-2.6266300753713354,75.17713190050564,2.6142209232738485,73.52704775619348,50.568254475923744,-949.1011084588049,1379.1530297002946
2025-09-05 21:24:10.315500,32.16087176472931,-44.96829000182432,44.6538402952356,3.3948251059041494,-2.564650221374205,-2.5331890784353206,68.16022617977424,3.19018646798995,73.45162648375795,50.4370353263947,-948.9841739729673,1380.743812255304
2025-09-05 21:24:10.321000,32.61015629564424,-49.33372653257643,38.56667718755356,2.9701975476938522,-3.1946432183301576,-2.43997202470394,60.94277813310666,3.7805118823315875,73.3564715545052,50.30895954846364,-948.8457900650466,1382.3117368358717
2025-09-05 21:24:10.326500,32.950679203711054,-53.702840778568095,32.28547352362775,2.6280914057334854,-3.851213203056525,-2.3407049394784587,53.49630785780924,4.398735493662354,73.24132109327904,50.18775954193172,-948.689715147773,1383.8353504939432
2025-09-05 21:24:10.332000,33.30668554443744,-58.10576398930019,25.77795210701702,2.409740487040294,-4.505413413452224,-2.2249487895880855,45.801367147476206,5.062475005621207,73.1061996819134,50.07682832376943,-948.5200636061462,1385.2908189012105
2025-09-05 21:24:10.343000,33.80697455036514,-62.55376143032229,19.033455682910834,2.355991434794911,-5.125539894744821,-2.0800032745883885,37.862208799392526,5.79022219116951,72.95151372712088,49.97901581253896,-948.3411957389835,1386.6538446607383
2025-09-05 21:24:10.343125,34.56309916145097,-67.02474283195124,12.077405562922207,2.501124678797485,-5.680781030930157,-1.8936936007768743,29.720211911454065,6.597153784963959,72.77811062821665,49.896383610487504,-948.1574889288971,1387.9000229955755
2025-09-05 21:24:10.343250,35.649035281758906,-71.45559498561774,4.978891356132819,2.8669674510669436,-6.145038578438742,-1.657391399255634,21.459957519159577,7.491045822810961,72.5872757454835,49.83000278549006,-947.973043148488,1389.0045766445446
2025-09-05 21:24:10.343375,37.08913211070394,-75.74575004682791,-2.1533819723157004,3.459251262107321,-6.499903152197782,-1.3683814602792392,13.2032572879769,8.469648353293993,72.38065800030431,49.77990052902357,-947.7914454273545,1389.9430300653466
2025-09-05 21:24:10.343500,38.858823318176405,-79.77190939781596,-9.186996801804291,4.267563227482071,-6.735890618848012,-1.0308083772732277,5.09149939841814,9.520506307703553,72.16014422245367,49.745181220556056,-947.6156589488061,1390.693182122639
2025-09-05 21:24:10.343625,40.897433432249926,-83.40901786492108,-15.988403933562338,5.268794055072165,-6.85172787721432,-0.6549193284057365,-2.7375951533563505,10.623212575673955,71.92772139124979,49.72426844733935,-947.4479918599217,1391.23747712137
2025-09-05 21:24:10.343750,43.12815323194759,-86.55098747180233,-22.444962282526117,6.4327247481561765,-6.852228828220457,-0.2549435677996023,-10.171055479093743,11.753095120931306,71.68537087104256,49.715185782675526,-947.2900878124844,1391.5644150731996
2025-09-05 21:24:10.344000,45.478487707197495,-89.12532717499236,-28.480114616964297,7.727885290576322,-6.74560448934958,0.15360744817861482,-17.133797334338716,12.884968053207206,71.43502962839464,49.715803080467175,-947.1429418647961,1391.6681965139142
2025-09-05 21:24:10.353125,47.89461178069751,-91.09729549989738,-34.05732056070523,9.125908104201761,-6.541017334939164,0.5563812199733826,-23.590556839320044,13.995886638280952,71.17861003978241,49.724025044687416,-947.0069538624105,1391.5474152096795
2025-09-05 21:24:10.362250,50.34515265546898,-92.46267991611423,-39.172129184603975,10.603119862533692,-6.247117289572323,0.9416581152252699,-29.536865607182097,15.066370793027032,70.91802823167332,49.73793270410645,-946.8820069093363,1391.2044003698666
2025-09-05 21:24:10.371375,52.81362303668061,-93.23328962482404,-43.83705019228611,12.138981408240168,-5.872127797784706,1.3002811043633127,-34.98421735974104,16.0798901765559,70.65521963682956,49.75586093456039,-946.7675764581955,1390.6451705429308
2025-09-05 21:24:10.380500,55.28367704842448,-93.42289645678015,-48.06742408761865,13.712362663772996,-5.4254021081457315,1.6240798055673016,-39.947310043603736,17.02101024066232,70.39216605469967,49.776381146690916,-946.6628675018205,1389.8786476253672
2025-09-05 21:24:10.389625,57.725974269489114,-93.0412781477158,-51.875873923147,15.29812665168881,-4.919364583546833,1.9038684726521877,-44.43967813129236,17.873588329555787,70.13093826777829,49.79821980106434,-946.5669193236663,1388.9148868315742
2025-09-05 21:24:10.398750,60.09485799143176,-92.0991977913422,-55.27825908139311,16.866462511853893,-4.370436448067288,2.1283222816928506,-48.48018156805791,18.62049040732772,69.87371360073924,49.820200632799704,-946.4786340159333,1387.7631747290043
2025-09-05 21:24:10.417000,62.33664407459107,-90.62069535054991,-58.30784806086617,18.385548419458758,-3.7982920295169462,2.2842467107046738,-52.107926979206674,19.24520772646813,69.62271439957841,49.84125347737777,-946.3967852741923,1386.431021217958
2025-09-05 21:24:10.417250,64.40529864029571,-88.65592180171251,-61.030024134360616,19.82632700128102,-3.223677123337037,2.3581091989445313,-55.39753547173131,19.734818690308042,69.38005851318236,49.860444493676546,-946.3200875581709,1384.925183390489
2025-09-05 21:24:10.417500,66.27890821209556,-86.28860693140524,-63.54981031333054,21.167489639189593,-2.6655391227446024,2.3383797341650245,-58.465208612451676,20.083333380663465,69.14760586041943,49.87696719772675,-946.2473139048086,1383.2545414839078
2025-09-05 21:24:10.417750,67.97067353632963,-83.63528829298102,-66.00995883189161,22.398908545095587,-2.1384938197361603,2.2177954860650195,-61.463795170456734,20.29424055511331,68.9269062390026,49.89008900031019,-946.1773914899101,1381.4324375680126
2025-09-05 21:24:10.418000,69.53086743614926,-80.83663192558231,-68.58286285069,23.522548728862564,-1.6514740434432265,1.9946361807798147,-64.5732731466918,20.381349710668804,68.71926071511776,49.89909808161389,-946.1094549342694,1379.4767046340885
2025-09-05 21:24:10.418250,71.03954643880331,-78.04236388722211,-71.45836028109392,24.55079381296715,-1.2078250455541713,1.6727333467670602,-67.99016000941012,20.367706851742568,68.52583091161837,49.903296603879774,-946.0428957095852,1377.4086291141166
2025-09-05 21:24:10.418500,72.59139686468781,-75.39155829432272,-74.82668788663028,25.50247725702738,-0.8067375752495446,1.260399085608335,-71.91329489256006,20.282796875863962,68.34773414605327,49.90205013687615,-945.9774428341001,1375.2528171651438
2025-09-05 21:24:10.419000,74.27469610199385,-72.99147744106601,-78.85796579781741,26.39704592741476,-0.44582124403975487,0.768404065586,-76.52536190197107,20.15836219092302,68.18608953173562,49.894866076506396,-945.913307706961,1373.037860255863
2025-09-05 21:24:10.422375,76.14772579288051,-70.89985601571904,-83.68304802210542,27.247722466219358,-0.12443110526322902,0.2071255479311092,-81.97485461456958,20.023386111197333,68.04198914919051,49.88145496868262,-945.8513854042496,1370.7963826127625
2025-09-05 21:24:10.425750,78.21763005596861,-69.1155540047656,-89.38120063186196,28.055075213635977,0.15290963431442461,-0.41670754515901937,-88.36468293426357,19.899193584072716,67.91639547179084,49.86174466535156,-945.7933791803405,1368.5637992672873
2025-09-05 21:24:10.429125,80.42649352633872,-67.579663580072,-95.97711553672482,28.80242880928301,0.3736967092578653,-1.1029365385836405,-95.7497748793254,19.79577007400115,67.81002262481418,49.83588434094981,-945.7416993486293,1366.3764733697417
2025-09-05 21:24:10.432500,82.64706366682472,-66.18557153872075,-103.44603289114325,29.453967850240662,0.5157499908515758,-1.8598636890197155,-104.14153949267941,19.709993091393017,67.72326628618661,49.80430361834539,-945.699144472692,1364.2701373076688
2025-09-05 21:24:10.435875,84.68894195517873,-64.79620016177405,-111.72580380374433,29.955948325261506,0.5470027689265039,-2.7046848809488133,-113.51781279145486,19.625991115759604,67.65619195362267,49.76779869799001,-945.6684796339597,1362.2784814648394
2025-09-05 21:24:10.439250,86.31547592091373,-63.26721444203377,-120.73544584298605,30.241224914384855,0.4270733973174063,-3.6622784376816044,-123.83841352943227,19.517645562620316,67.6085451387864,49.72754735216652,-945.6520139736832,1360.4315789846232
2025-09-05 21:24:10.446000,87.2695084899839,-61.472611559996125,-130.39689272172683,30.236626006215342,0.11060143692616398,-4.76247107581007,-135.06360480302632,19.3529604627649,67.5797390035956,49.68502136731082,-945.6512485299562,1358.7543336906565
2025-09-05 21:24:10.450750,87.30332338878243,-59.326918959851106,-140.65403653872897,29.871770100722813,-0.448193027106906,-6.036277811522035,-147.16996923230386,19.099486428327804,67.56883060543052,49.64184930673165,-945.666658255315,1357.265088434594
2025-09-05 21:24:10.455500,86.20689965892022,-56.79932737605349,-151.4840868946879,29.08748045072839,-1.2906541978867687,-7.511844664550051,-160.15894366447964,18.72958032288176,67.57457270111567,49.599702363133204,-945.6976670859523,1355.9745799389084
2025-09-05 21:24:10.460250,83.8297569560154,-53.9186558134973,-162.8998316476492,27.842283368652854,-2.4494716335494684,-9.210841049404776,-174.0567712339979,18.224428623960755,67.59558710211707,49.56025859217534,-945.742813842831,1354.8859871138848
2025-09-05 21:24:10.465000,80.09416589186672,-50.77068656584887,-174.944385573939,26.116266762187724,-3.9456692744620905,-11.14581030358825,-188.907698831816,17.576341255669828,67.63058484821036,49.52523903629112,-945.8000076950017,1353.9962837974927
2025-09-05 21:24:10.469750,74.99870456852533,-47.4883026407801,-187.67942068786894,23.912098708611563,-5.78703073938272,-13.318669938242428,-204.76160303074457,16.789184081765484,67.67852430945615,49.49643141674765,-945.8667544961623,1353.2978245443783
2025-09-05 21:24:10.474500,68.61124542060544,-44.23392253347155,-201.16702106794003,21.25307785273721,-7.968093259005321,-15.720490107853099,-221.65625725876126,15.876861330935528,67.73867551540411,49.475625863805114,-945.9403305710284,1352.7792731700183
2025-09-05 21:24:10.484000,61.05201972872547,-41.17654497594999,-215.4477435826363,18.17833591763341,-10.471753206676727,-18.33269566481879,-239.59674140788402,14.85998119663605,67.81064969572418,49.46446802411399,-946.0179672170731,1352.4260860658278
2025-09-05 21:24:10.486625,52.4702309714377,-38.46875360115197,-230.5202279331107,14.736037183090776,-13.272236066922567,-21.129560780748847,-258.53719635151884,13.761336291767803,67.8944348334561,49.464280939751355,-946.0970561742502,1352.2210823851692
2025-09-05 21:24:10.489250,43.01992484747635,-36.229248999144005,-246.3277017369184,10.976233033912196,-16.338735892978367,-24.081375590102542,-278.37007907116714,12.601298478409262,67.99037775179269,49.47591704204414,-946.1752703636915,1352.1454278251367
2025-09-05 21:24:10.491875,32.84084774731819,-34.53359170792537,-262.7533237430486,6.945194866069616,-19.638716701704887,-27.15736766346505,-298.92432048727255,11.394268059792177,68.09905778055993,49.499695805313,-946.2505368034045,1352.1800155941091
2025-09-05 21:24:10.494500,22.04755455963975,-33.412530273362194,-279.62288285046793,2.682291006920077,-23.140079518490015,-30.327655277374824,-319.9702232023635,10.146857841307506,68.22109240149037,49.53543385723899,-946.3209560432815,1352.3069156963847
2025-09-05 21:24:10.497125,10.72776943378305,-32.85769723280168,-296.7145510538605,-1.7803709067756472,-26.811941294588117,-33.5639682310124,-341.2305965611911,8.858042068596648,68.35693912576933,49.582507791366915,-946.3847954222624,1352.5107543667473
2025-09-05 21:24:10.499750,-1.0498838315083387,-32.83524990207498,-313.7767387749729,-6.415660618059256,-30.624094029861446,-36.839172251904735,-362.3993669102434,7.521241564814323,68.50672256196505,49.63988490161038,-946.4405880992671,1352.7800161635741
2025-09-05 21:24:10.505000,-13.220286868679734,-33.30480347319003,-330.55155717727115,-11.196980771430844,-34.54533750379291,-40.12579263549691,-383.16535020136996,6.127954759581188,68.67009238643998,49.70612766988407,-946.4872844021736,1353.107887963134
2025-09-05 21:24:10.505500,-25.70234623366351,-34.23773127078157,-346.79773406033314,-16.0927414213618,-38.54110214392523,-43.39390568232074,-403.2351560892231,4.672138203289625,68.8461197040419,49.779422319739076,-946.5243571946905,1353.4920618836813
2025-09-05 21:24:10.506000,-38.38205147050259,-35.62813752142464,-362.30577210692275,-21.061505211194635,-42.571113591036074,-46.60904655960403,-422.34810662284656,3.1541413075951077,69.033250929371,49.85766577007707,-946.5517825687384,1353.9333903149209
2025-09-05 21:24:10.506500,-51.106105846430765,-37.49065338020595,-376.89839587790976,-26.05001379074127,-46.588112507669116,-49.731145280023185,-440.27637047462713,1.5826724820587135,69.22932083599521,49.93862755355796,-946.5699367976272,1354.434247454129
2025-09-05 21:24:10.507000,-63.68988627282654,-39.84557351598014,-390.4160840002843,-30.99520414474249,-50.53830285167677,-52.715238732444284,-456.8103226886917,-0.025997928618057574,69.43161176230642,50.02015842672967,-946.5795352955149,1354.9977237236353
2025-09-05 21:24:10.507500,-75.93295677292201,-42.70195921625329,-402.69956530373764,-35.828502340365674,-54.363112791001896,-55.51348740746383,-471.7410742060292,-1.6504210419151417,69.63696852062198,50.100357787705555,-946.5816544752404,1355.6277608229193
2025-09-05 21:24:10.508000,-87.63051234948878,-46.05025804996434,-413.5829334224077,-40.4792338378465,-58.00107630211496,-58.077150808008014,-484.8537615671624,-3.2657240788401363,69.84197855064377,50.177638469289725,-946.5777526590822,1356.329490040559
2025-09-05 21:24:10.509000,-98.57541179578962,-49.866055279789364,-422.89960065008654,-44.875495331126615,-61.388955124237874,-60.357598531399525,-495.9338317535717,-4.84361025855619,70.04319674364106,50.25071842525265,-946.5696008322458,1357.109195521547
2025-09-05 21:24:10.513250,-108.55336070725976,-54.11878527507563,-430.4941468894798,-48.94299840642692,-64.462012273426,-62.306347369625364,-504.7793698873212,-6.351047772990833,70.23737623368511,50.3186191038532,-946.5591298273226,1357.9737475982329
2025-09-05 21:24:10.517500,-117.33678659050123,-58.77903581081448,-436.2328664691012,-52.603433885709514,-67.1539141357906,-63.87467014930367,-511.2121182821776,-7.748781167674198,70.42163920320341,50.380723045403485,-946.5482943888301,1358.9297285500597
2025-09-05 21:24:10.521750,-124.68228713742235,-63.82164916890067,-440.00973853705136,-55.77386548988558,-69.3969107654669,-65.01344016671064,-515.0839047112879,-8.990695089979988,70.59350588295841,50.43687559362301,-946.5390347587023,1359.9824249323883
2025-09-05 21:24:10.526000,-130.33413712030992,-69.22471317009358,-441.7477582829396,-58.36793694089576,-71.12272079090907,-65.67362454493461,-516.2786823739369,-10.024514087470521,70.75078612028557,50.48747485349251,-946.5333039686602,1361.134636640174
2025-09-05 21:24:10.530250,-134.0344815974189,-74.96410460940862,-441.3953555273511,-60.29904119301369,-72.26425710985859,-65.80752822464102,-514.7101482991171,-10.79388538675722,70.89147055017345,50.53350684120353,-946.5330767778352,1362.3858478258844
2025-09-05 21:24:10.534500,-135.54026677285717,-81.00274494682513,-438.91710642582376,-61.48540691052106,-72.7582809406677,-65.37084369356887,-510.3141722902676,-11.241834103736517,71.013737621032,50.576520419706,-946.5403097110817,1363.7324529075113
2025-09-05 21:24:10.543000,-134.64587048951574,-87.2763428633091,-434.28046635814127,-61.85680465156468,-72.54901441414445,-64.32556798631998,-503.03760518448104,-11.315461287581925,71.11603957658035,50.61855436742608,-946.5568684202536,1365.1686646445623
2025-09-05 21:24:10.545750,-131.2082989472654,-93.68019404880727,-427.44314799890407,-61.36202966485766,-71.59243229546891,-62.643622111022616,-492.8279174521428,-10.971314301095246,71.1971783483199,50.66200413968719,-946.5844060592486,1366.6872605439712
2025-09-05 21:24:10.548500,-125.1699835451938,-100.06181854081424,-418.3460443309953,-59.97576355752431,-69.8605499780155,-60.310635679399525,-479.62844903451196,-10.180410614932093,71.25633611394379,50.70940053045957,-946.6241762548825,1368.2797316408896
2025-09-05 21:24:10.551250,-116.57439953358136,-106.221456822171,-406.9135201522384,-57.7033800744847,-67.34485205373069,-57.329106728346275,-463.3807625422106,-8.931910892398964,71.29304682353408,50.763123062603036,-946.67686467879,1369.9358783773969
2025-09-05 21:24:10.554000,-105.5719470896281,-111.91953401619708,-393.05980483880677,-54.5828762965104,-64.05826918710476,-53.72026700452432,-444.03227264348413,-7.234905516501894,71.30712601286208,50.82513348456917,-946.7425502054995,1371.6432963293464
2025-09-05 21:24:10.556750,-92.41494856931591,-116.89106294713534,-376.70145995939765,-50.68360229600447,-60.03548431193817,-49.524338432025694,-421.548742013023,-5.118101785862521,71.29863487270468,50.89680920610741,-946.820798275261,1373.3871397745115
2025-09-05 21:24:10.559500,-77.44106399677413,-120.86769123677854,-357.7768296522033,-46.10162419514511,-55.331448338696596,-44.79909106190168,-395.93254819360914,-2.6272901934154116,71.2679254918789,50.97889599176427,-946.9108188633663,1375.150118734361
2025-09-05 21:24:10.565000,-61.04655150355355,-123.60437929488495,-336.26939103498984,-40.95212076838211,-50.01809540224882,-39.6167575378739,-367.24390236171104,0.17919572797449831,71.21572140928673,51.07154969360119,-947.0116114363001,1376.9124128423891
2025-09-05 21:24:10.565625,-43.65387195713689,-124.90425751633384,-312.22839629832447,-35.3600818484559,-44.179636858227155,-34.059629301863076,-335.6187071556081,3.2362707223013873,71.14317337933824,51.17443393871197,-947.1219905351619,1378.6514038459582
2025-09-05 21:24:10.566250,-25.679746467095878,-124.63607421207048,-285.78136735971833,-29.451029205473823,-37.90725128207472,-28.215039112078703,-301.2778129272843,6.478014453397995,71.05188456655729,51.28685075636623,-947.2404468703288,1380.3415502143225
2025-09-05 21:24:10.566875,-7.5090171178434195,-122.74238892962677,-257.1371130658434,-23.343266154964965,-31.29417346659477,-22.170691260950676,-264.5265901346301,9.842632779749845,70.9439173648868,51.407857487650695,-947.3649640870347,1381.9546937611303
2025-09-05 21:24:10.567500,10.52284498075901,-119.23961260381192,-226.58087522821535,-17.14250462443776,-24.431909639796093,-16.011060360279494,-225.74680602270305,13.275835114732473,70.82178182798233,51.536317772206196,-947.492952987647,1383.4608570532846
2025-09-05 21:24:10.568125,28.13758374021937,-114.21026972406409,-194.46206031503152,-10.939225954410343,-17.407791074001498,-9.815033642197161,-185.38165683962396,16.73240352891925,70.68841526514791,51.670892645131495,-947.6213535209679,1384.82970714575
2025-09-05 21:24:10.568750,45.111882618116745,-107.78699356812201,-161.17391386892317,-4.808972150157257,-10.30384156227484,-3.654768053104087,-143.91355179734632,20.175848394098452,70.54717935144632,51.81001336641925,-947.7468628657195,1386.0328214315168
2025-09-05 21:24:10.570000,61.26575356803151,-100.13049587422475,-127.12742759013437,1.1845865078686113,-3.196922474639337,2.404190984928724,-101.83690393485192,23.57623356380203,70.40188665434894,51.95186289141618,-947.8662213822471,1387.0462064163012
2025-09-05 21:24:10.573625,76.44476514457469,-91.40685613394339,-92.72514425138984,6.984657008846823,3.8400376296370746,8.30161530430783,-59.63147464354407,26.906700242371066,70.25682385906543,52.09439851267715,-947.9764957960704,1387.8520336210104
2025-09-05 21:24:10.577250,90.50133410785499,-81.76965910541207,-58.34067189157523,12.535941293208973,10.736261431774139,13.980594320029722,-17.742063237552117,30.13965699658288,70.11671616909251,52.235444477724236,-948.0753225075209,1388.4392485530707
2025-09-05 21:24:10.580875,103.28024238281644,-71.34953542069695,-24.306359419032795,17.780523141549484,17.42157170541951,19.385620172927936,23.433189722915287,33.24365540293099,69.98660213212764,52.37283092105444,-948.161100420664,1388.8036401401978
2025-09-05 21:24:10.584500,114.61131434488091,-60.25059727703219,9.091718446276712,22.655980718731513,23.825678589129186,24.461458994508643,63.547180051663425,36.18163742953438,69.87162723558279,52.50453204170331,-948.2331178007786,1388.947594641042
2025-09-05 21:24:10.588125,124.31062178642428,-48.55402561617671,41.611376792543,27.095963198366285,29.878526175607725,29.15313573517617,102.30124768330047,38.9109646055742,69.77679972818964,52.628792223254564,-948.2915621588882,1388.8791494709812
2025-09-05 21:24:10.591750,132.19109094172168,-36.329830943432135,73.04358269951904,31.033262922627074,35.51178710935701,33.407126465039525,139.43493225536025,41.385452436367856,69.7067616016823,52.7442480107088,-948.3374033344016,1388.610710105414
2025-09-05 21:24:10.599000,138.08141502353766,-23.654235391757346,103.1961385073186,34.40510809804099,40.66153073841801,37.17369215875746,174.7108330359,43.55918165178382,69.66559967245576,52.85002540857341,-948.3722223353564,1388.1584245422764
2025-09-05 21:24:10.604625,141.84921803277174,-10.626610612076695,131.87801972418447,37.159755139161284,45.271781210929575,40.40999024964338,207.90056119107817,45.391281763492735,69.65671179827294,52.94576149259735,-948.3980187290116,1387.5424302728643
2025-09-05 21:24:10.610250,143.42245544939482,2.6201814362592093,158.89041641263265,39.26283610318345,49.298267936855616,43.08331063808973,238.77758803309334,46.85051295106554,69.68274108654572,53.03152329935998,-948.4169678805372,1386.7874868252475
2025-09-05 21:24:10.615875,142.8026455708383,15.920215277178851,184.028365445002,40.70161289735412,52.71138580298239,45.1736365010826,267.1205332355102,47.91840128017291,69.74554946252366,53.10766953886975,-948.4311632021133,1385.9233698488579
2025-09-05 21:24:10.621500,140.065606787517,29.086149255028662,207.09309674799078,41.485729163889836,55.49745376500098,46.674805731382584,292.7265189878032,48.59003361164223,69.84619613199769,53.17473518921299,-948.4424265849154,1384.9840933576552
2025-09-05 21:24:10.627125,135.34955520839938,41.92829250273774,227.9110778990826,41.64419621035787,57.657875619668054,47.59392032718502,315.4302403818525,48.87234249716707,69.98492822470976,53.23337888069802,-948.4522179789791,1384.005464597848
2025-09-05 21:24:10.632750,128.8342949611844,54.2749996000227,246.35361910974368,41.21954881658034,59.206486418124804,47.94917893613734,335.1225287853741,48.78051684925015,70.16118102798285,53.284376765702184,-948.4616358344654,1383.0217237497354
2025-09-05 21:24:10.644000,120.71792054778702,65.98788228410933,262.3504528456396,40.261047611962745,60.16592137124853,47.766816792466585,351.7619565697587,48.333856006205636,70.37355916760467,53.3286289012883,-948.4714792543019,1382.0623991794882
2025-09-05 21:24:10.644000,111.19867398050198,76.96647379700664,275.8918403702241,38.81922620081721,60.56417496229449,47.07816144791668,365.3746238981841,47.55262425785503,70.61980741346639,53.36716685384589,-948.4823040160642,1381.1502959572126
2025-09-05 21:24:10.644000,100.46773066622494,87.14104960780422,287.0181010347531,36.94353472573415,60.43245897588837,45.91773670799094,376.0418605811433,46.45700031504616,70.89680288162172,53.4011607330846,-948.4944139865366,1380.3013187966817
2025-09-05 21:24:10.644000,88.71387265375998,96.45790186613318,295.8012731075774,34.6835084086533,59.804900452861936,44.322910878768894,383.88097491713444,45.06832991891388,71.20054965010446,53.43189153718178,-948.5077919579546,1379.5256164160892
2025-09-05 21:24:10.644000,76.1353615008384,104.86485727581673,302.3270911332932,32.09225508637384,58.71970724562785,42.33489500225622,389.02703041632054,43.41187130348953,71.5261504427401,53.46065157124767,-948.5220409414965,1378.8286093541346
2025-09-05 21:24:10.644000,62.95034881801201,112.30443200692636,306.6849799617989,29.22970890537914,57.22060942763433,40.000105766390824,391.6227701389056,41.51935926001009,71.86780239241891,53.488591656475684,-948.536426618227,1378.2115415234275
2025-09-05 21:24:10.644000,49.398143276205246,118.71775507173768,308.9692517988786,26.16324263067259,55.35729684181719,37.37065434668935,391.8193386605617,39.429760151548095,72.21886300385891,53.516565640049954,-948.5500332275639,1377.6720927645429
2025-09-05 21:24:10.644000,35.72917330276794,124.05681239335846,309.2888171565322,22.96492365218939,53.184284008220665,34.50329689129982,389.7849410531334,37.18763464995382,72.57197191428055,53.545013411997196,-948.5619747403538,1377.2048371430756
2025-09-05 21:24:10.650125,22.186748774464082,128.2992168943828,307.7793229711794,19.70632986735753,50.75839779545742,31.456945910096632,385.7153769144334,34.839637423381035,72.91921753762422,53.573922788810144,-948.5716279124983,1376.8008742323245
2025-09-05 21:24:10.656250,8.98641239213255,131.45953676630145,304.61165711319876,16.45258817588944,48.135524763702335,28.28937556166632,379.8404189176312,32.430308127231214,73.25235863132227,53.602880486683404,-948.5788388342042,1376.4468276519938
2025-09-05 21:24:10.662375,-3.701263023182625,133.5941099968546,299.9940119468172,13.257318247539416,45.367488922332356,25.054074823845145,372.42345380343255,29.99834391846328,73.56312676098756,53.63114457208804,-948.5839862923187,1376.1245843042225
2025-09-05 21:24:10.668500,-15.760797550423966,134.7995368157983,294.1680363969872,10.159579551122055,42.49981015082226,21.798041571311547,363.75538638541394,27.57408934416323,73.84363823316195,53.65766931311544,-948.5878182233381,1375.81313987659
2025-09-05 21:24:10.674625,-27.133129809948194,135.20459508256712,287.398756726426,7.183318120620941,39.57069483320046,18.560758377992418,354.1429508645552,25.178611409695993,74.08684499080901,53.68111806426828,-948.5911086799159,1375.4922297999838
2025-09-05 21:24:10.680750,-37.80720091324295,134.95466192475095,279.95709614401164,4.339530009129643,36.61134137962708,15.374305853283554,343.8905017402845,22.824606924293153,74.28686746127265,53.699932012804375,-948.5943097984467,1375.145722687229
2025-09-05 21:24:10.693000,-47.80276891419072,134.19119388758193,272.0975752378999,1.6308841732691939,33.647493416499785,12.264598526643335,333.27788683773576,20.519058409011024,74.43913194728363,53.712438698405414,-948.5973676768577,1374.7630199220512
2025-09-05 21:24:10.693125,-57.14831577773925,133.03209912422898,264.0373612210336,-0.9422024396633605,30.701944094267784,9.253602018398546,322.54054131395935,18.267032866183357,74.54036184537578,53.71694756498787,-948.5997045861592,1374.3387634777691
2025-09-05 21:24:10.693250,-65.85989843771596,131.55872706645906,255.9427867850642,-3.3756455841772484,27.797383880868278,6.36201630321559,311.85779974632175,16.07560771212299,74.58850701256729,53.711836312425966,-948.6002826776121,1373.8723589445462
2025-09-05 21:24:10.693375,-73.92721405923027,129.81340841188808,247.92735501796562,-5.657730460672797,24.95871333764833,3.611553688191228,301.3529434740202,13.956715708657104,74.58266624945527,53.69566013473074,-948.5977374099816,1373.3677344566277
2025-09-05 21:24:10.693500,-81.31116622337082,127.80817231468919,240.0614689274134,-7.7683935893051475,22.21398672133696,1.0259475506306877,291.1045470506178,11.927937977031416,74.5230322572781,53.66726257924089,-948.5905838179956,1372.8328516703905
2025-09-05 21:24:10.693625,-87.95320446008718,125.54115435431373,232.38990426949678,-9.68195001050139,19.593568882421238,-1.3697350985297163,281.16481762859496,10.010930365536876,74.4108711216097,53.62584168267819,-948.5774342758627,1372.2791392240106
2025-09-05 21:24:10.693750,-93.79289309143476,123.01477527952368,224.9508628097386,-11.372394313843927,17.127668045631232,-3.5513178960076512,271.57874011752733,8.227952782707904,74.2485075961912,53.57098302372743,-948.557168579882,1371.7211471052542
2025-09-05 21:24:10.694000,-98.78738193811346,120.24927288115661,217.79009720447266,-12.819497414300697,14.84305503541111,-5.498544848087659,262.3975564172048,6.597777233217221,74.0392581343926,53.50269883911535,-948.5290519551713,1371.1759551462856
2025-09-05 21:24:10.697125,-102.92516844667081,117.28633627919395,210.96474133316715,-14.013371670402337,12.76022288636677,-7.19779058718079,253.68156985542015,5.132672038335891,73.787294343107,53.42146529506426,-948.4928191797804,1370.6620630020525
2025-09-05 21:24:10.700250,-106.2283709381903,114.18147532087112,204.53541159486562,-14.955643651788177,10.892103924937913,-8.643418886910137,245.4915817773938,3.8376599440478483,73.4974887999523,53.328227963552884,-948.4487219505842,1370.198186730012
2025-09-05 21:24:10.703375,-108.74225378649437,110.98906841687416,198.55049797876816,-15.656804849247994,9.244819572117443,-9.837300954831322,237.87336743828064,2.712180788491557,73.17531098875844,53.22437701898915,-948.3975338234038,1369.8017941945227
2025-09-05 21:24:10.706500,-110.51634465613856,107.74756491624107,193.0300283245433,-16.131032668411816,7.820014277535997,-10.786794695368862,230.84222401650152,1.753251813315749,72.82679404571047,53.111708079266016,-948.3405531821073,1369.4867629890641
2025-09-05 21:24:10.709625,-111.58625275106814,104.47214340904851,187.95647239262468,-16.391075293197897,6.617467889161478,-11.502293568926362,224.3739217465785,0.9584811762290835,72.45852953275534,52.99236985976368,-948.2796307884738,1369.261144699787
2025-09-05 21:24:10.712750,-111.96497809890444,101.15789529900098,183.2761592404142,-16.445644550893164,5.636634842469761,-11.995625346606626,218.40516127655275,0.3274160971172034,72.07762602147113,52.868774897316285,-948.2171475297109,1369.1267728144921
2025-09-05 21:24:10.719000,-111.64660705351042,97.79110442792737,178.90987245477945,-16.30017546910034,4.876568060626869,-12.27986712750024,212.84331529005868,-0.13923771882895616,71.69160047097816,52.74342764041387,-948.1558632432766,1369.0801285195048
2025-09-05 21:24:10.722000,-110.61940011348045,94.36323489411029,174.7678434057222,-15.96022476481135,4.334470928636559,-12.370343133611772,207.58239531576496,-0.4419481790647862,71.30820131623751,52.61866481835631,-948.0986804689517,1369.1125327955742
2025-09-05 21:24:10.725000,-108.88200667821756,90.88149737063105,170.7627562828131,-15.435830334425939,4.003573229893647,-12.286218556080886,202.51811867772182,-0.5851600151361411,70.93516784908746,52.49638869842284,-948.0484253375769,1369.20986735954
2025-09-05 21:24:10.728000,-106.45519597951389,87.37049415826857,166.81460867316898,-14.744708772303365,3.8713425768645644,-12.051878806297907,197.55382747720554,-0.5793174179951726,70.57995741780454,52.377899267989,-948.0076884045145,1369.353548278049
2025-09-05 21:24:10.731000,-103.383437403803,83.86332370649801,162.845289129453,-13.912619228459075,3.918978231066325,-11.697197297031005,192.5951864739198,-0.44110176783629945,70.24950283418956,52.26386846297976,-947.9786983546638,1369.5231915112445
2025-09-05 21:24:10.734000,-99.72576308873647,80.38619357227677,158.76626540626458,-12.970572383590312,4.1225085243310495,-11.256295513407474,187.53803906029776,-0.19175072196404944,69.95002280149892,52.15440221434227,-947.963186296675,1369.6999952398246
2025-09-05 21:24:10.737000,-95.53997324429945,76.94325213266956,154.4652777018646,-11.949917894162308,4.4550682861819775,-10.765194627684526,182.25460043584965,0.14571109442334076,69.68685679429683,52.049096317251895,-947.9622436006657,1369.8694907243926
2025-09-05 21:24:10.743000,-90.86651638610903,73.50761781604696,149.79821461559695,-10.877091366479755,4.8895778621877275,-10.259077957618745,176.58385937488433,0.5492009836327272,69.4643424366275,51.94705558315227,-947.9762347534765,1370.0224606414595
2025-09-05 21:24:10.743750,-85.71870454793124,70.02283623350353,144.5917677383296,-9.769933913074373,5.401049707469393,-9.769785946191412,170.333586182351,0.9994224549550775,69.2857925803838,51.84693992808946,-948.0048170946421,1370.1536679247838
2025-09-05 21:24:10.744500,-80.08405426172297,66.41587723983177,138.65864241407502,-8.637027870493,5.967819461990773,-9.324181132962881,163.29676703519291,1.4803071805454675,69.15355025017107,51.74712110721848,-948.0470424808111,1370.2594451143586
2025-09-05 21:24:10.745250,-73.93776610086539,62.6182072217982,131.82113136433256,-7.4805195836532725,6.571151976538783,-8.944028856192238,155.27661239700717,1.977785469537127,69.06902344302291,51.645941717953896,-948.1014826023634,1370.3360161333894
2025-09-05 21:24:10.746000,-67.26418020625638,58.58728738291248,123.93445106779762,-6.3014738196314815,7.193279690553276,-8.647491829167597,146.10951062828127,2.4772097130520523,69.03262419538088,51.541967859521385,-948.1663740428924,1370.3793303764305
2025-09-05 21:24:10.746750,-60.07697095158113,54.319481974388026,114.90051553931889,-5.105293086416599,7.8149519540351235,-8.451308447053368,135.67695742088793,2.960771497063674,69.0436359202306,51.43414016611448,-948.239799261564,1370.3853272360338
2025-09-05 21:24:10.747500,-52.42893012041692,49.8495023207797,104.66765768747152,-3.9045830906438437,8.414003058553131,-8.372243512104252,123.9038091404361,3.4065532789216326,69.10014491727696,51.32180174087802,-948.3198578990842,1370.3494548932285
2025-09-05 21:24:10.749000,-44.40857298524308,45.2389159573963,93.21936911421695,-2.7185166989787746,8.965704310175939,-8.427022908475154,110.74675862724335,3.7898259566612924,69.19915313207113,51.2046325777082,-948.4047757517925,1370.2656758466292
2025-09-05 21:24:10.754625,-36.127147212153396,40.56045382798085,80.55927113197804,-1.5695539438160777,9.44462461889983,-8.630879415870586,96.18025224086188,4.085999631084071,69.33684647745312,51.082546812039034,-948.4929630916733,1370.126070585332
2025-09-05 21:24:10.760250,-27.702116650761393,35.8839091227883,66.69871029080011,-0.4791828364281767,9.827177244121437,-8.995382890739483,80.18634748339771,4.274097036113211,69.5089285173932,50.95561074130482,-948.5830400619308,1369.9217016829043
2025-09-05 21:24:10.765875,-19.242707042382595,31.265647002310697,51.6490292057534,0.5356858462465636,10.093920117137728,-9.52645253185322,62.749973373855184,4.33963118330228,69.71096723081348,50.82403160415402,-948.6738126006567,1369.6441385893895
2025-09-05 21:24:10.771500,-10.840765262544373,26.741357433148096,35.41726712978315,1.4647173330879937,10.230970761106407,-10.223213834589894,43.85713037495188,4.276224582260592,69.9387116439436,50.68825027930903,-948.764212384317,1369.2861926794112
2025-09-05 21:24:10.777125,-2.568162974329629,22.323685465671677,18.00623979925113,2.304303399398634,10.230401860479969,-11.077842330239159,23.496390460109975,4.085773344607064,70.18830578539274,50.54911528710487,-948.8532526045168,1368.8411809198187
2025-09-05 21:24:10.782750,5.518607898541058,18.00769605906426,-0.5779654974258343,3.0557832224176793,10.08965676465222,-12.076343274240829,1.666957118540668,3.7770730490234317,70.45633823682041,50.40805669632787,-948.9399973507832,1368.3017778392868
2025-09-05 21:24:10.794000,13.366918398185682,13.783473981144258,-20.31162510737042,3.7217677684413495,9.809948566168321,-13.200287813636907,-21.60692191256582,3.3629429113942244,70.73975729468467,50.267173199453175,-949.0234897433086,1367.6599007586592
2025-09-05 21:24:10.795000,20.911926008582416,9.65111110372915,-41.13718646414958,4.301167482682068,9.393797202402038,-14.429420278437052,-46.260237410722574,2.8562782182637005,71.03575460407744,50.12919687418021,-949.1026452507245,1366.9078250052135
2025-09-05 21:24:10.796000,28.060859735489426,5.631830794179629,-62.95199508414727,4.784286997037064,8.842273174717874,-15.744704880670973,-72.17709187014546,2.2659901436649688,71.34166739671323,49.9973722788048,-949.1761995207326,1366.0399068522702
2025-09-05 21:24:10.797000,34.68427069673748,1.7695429445219295,-85.60782848301736,5.149834249384641,8.15283388551655,-17.13096130152723,-99.19173508970938,1.594180476527021,71.6549006960604,49.87530321758843,-949.2427736986353,1365.0542703827223
2025-09-05 21:24:10.798000,40.61916506589641,-1.878912384744939,-108.92269110313674,5.365286808065781,7.3186218154084655,-18.578166935465433,-127.10148844564335,0.8356442756688947,71.97290245170038,49.76677893577549,-949.3010217809601,1363.9538498378297
2025-09-05 21:24:10.799000,45.68398803289333,-5.260907583043892,-132.70049476825125,5.390728343913921,6.3295817350174435,-20.08102816932862,-155.68675759304097,-0.020223364030107716,72.29320294389484,49.67559317523056,-949.3497911330569,1362.7468018120908
2025-09-05 21:24:10.800000,49.701000230007594,-8.345886798932366,-156.75161358663232,5.184955276318269,5.175026750779408,-21.637122111781824,-184.73117160272284,-0.9860534683455613,72.61348173703621,49.60540539431885,-949.3882739380085,1361.446973981243
2025-09-05 21:24:10.802000,52.51950964885884,-11.137734007028078,-180.90785106538502,4.711983672322261,3.84678612171193,-23.24435461812661,-214.03562061424532,-2.072948936640116,72.93164886460767,49.55967206817762,-949.416149956664,1360.0743929216096
2025-09-05 21:24:10.807000,54.03307569412013,-13.677105344770787,-205.02714563256737,3.946015659102882,2.3418995614935403,-24.89863874525172,-243.42200324071595,-3.2878612300989474,73.24593824834008,49.541616856218276,-949.4336767701046,1358.6547307358242
2025-09-05 21:24:10.812000,54.18552768951673,-16.032405263746494,-228.98687708012076,2.8734265871745284,0.6639617483213374,-26.592597278827178,-272.7262546755331,-4.632610206327911,73.55497711575188,49.554174528623584,-949.4416439463646,1357.2175366207011
2025-09-05 21:24:10.817000,52.964394298073934,-18.282681469426883,-252.66941687773715,1.4912710366391977,-1.1773800506363883,-28.31577068546489,-301.7847727076949,-6.104770655687158,73.85779791645217,49.599871727738176,-949.4411788221723,1355.794485397012
2025-09-05 21:24:10.822000,50.385515462644996,-20.499732834991093,-275.9474390223394,-0.196836055991651,-3.1685679682062826,-30.056202298256387,-330.4216433483449,-7.699961135548611,74.1537869783179,49.68069042614714,-949.4335291309899,1354.41826636325
2025-09-05 21:24:10.827000,46.47755529275609,-22.737769135534904,-298.6773546690751,-2.185102733970283,-5.294767385931353,-31.80245882525464,-358.4443369773359,-9.414179179312622,74.44256718401871,49.79799051443523,-949.4199597819108,1353.1212807861102
2025-09-05 21:24:10.832000,41.275068921151735,-25.034764233142447,-320.70486643569046,-4.467642911648071,-7.5415090164272165,-33.54486160366766,-385.6510673747684,-11.244630064675091,74.7238305737697,49.95249385614432,-949.4017600768254,1351.933832550254
2025-09-05 21:24:10.842000,34.82271356389949,-27.422701024122464,-341.87941510379164,-7.037318228945499,-9.894608901355127,-35.275309367513216,-411.84620111525254,-13.18847482123543,74.99718505244937,50.144265979797986,-949.3802633133898,1350.8827666132547
2025-09-05 21:24:10.842250,27.187162370331937,-29.94015364347374,-362.07037660420417,-9.882205505822572,-12.338629884945783,-36.985846281051636,-436.856526555266,-15.240083904231849,75.26208350239958,50.37264895234774,-949.3568354450467,1349.9911406585652
2025-09-05 21:24:10.842500,18.47057246899242,-32.640880816406174,-381.1783155866095,-12.981433315842363,-14.85470292916899,-38.666562866390436,-460.54179809420003,-17.388000447608256,75.51782881404108,50.63614129491959,-949.3328733886325,1349.2780400920028
2025-09-05 21:24:10.842750,8.818876695033246,-35.59387437844108,-399.1367494486711,-16.302310907869213,-17.41874837096915,-40.30365845446848,-482.7955202624816,-19.612930319971895,75.76358080678034,50.93225715578067,-949.3098477812508,1348.7576029291113
2025-09-05 21:24:10.843000,-1.5800095012375244,-38.87373746742134,-415.90353504138056,-19.800181948732504,-20.001016079977063,-41.878532686067814,-503.53586293852203,-21.88767278962324,75.99832816792306,51.2574349177742,-949.289353970087,1348.438017505333
2025-09-05 21:24:10.843250,-12.508895129305934,-42.54454358257124,-431.44529602498375,-23.42138530878269,-22.567373240739684,-43.368459884249916,-522.6905605571653,-24.179252788136044,76.22086661253783,51.60705218213361,-949.2731013608607,1348.3215407881125
2025-09-05 21:24:10.843500,-23.741839511300228,-46.642802807725495,-445.72073535041295,-27.108663584293463,-25.082178825748265,-44.748844916606124,-540.1816003254381,-26.452918542157914,76.42981785214252,51.975544536430256,-949.2628202242241,1348.405031166083
2025-09-05 21:24:10.844000,-35.06655712828445,-51.165726007117414,-458.66926884505403,-30.807464566000423,-27.51200755516349,-45.99643813555907,-555.9158484753875,-28.67694356454245,76.62367245448067,52.35659827663978,-949.2601242851257,1348.680179213061
2025-09-05 21:24:10.846875,-46.30120250568283,-56.069947223098524,-470.2103302591397,-34.4709327316916,-29.82898241309806,-47.0923447631994,-569.7863962364543,-30.826491081446743,76.80084945749235,52.743379959478354,-949.2663597435851,1349.1335849974412
2025-09-05 21:24:10.849750,-57.299517751493205,-61.281908242233385,-480.2544022354986,-38.06165602313769,-32.01243204605302,-48.02356771296631,-581.684940220583,-32.88489102754337,76.95979774785408,53.12876478104102,-949.2824459101482,1349.7471572804052
2025-09-05 21:24:10.852625,-67.94296619247737,-66.71564469676508,-488.7210163782992,-41.54956265372985,-34.04821664536926,-48.782440120628806,-591.5199590341622,-34.84175755516699,77.09913358974097,53.505567888571086,-949.3087277411345,1350.4991109467237
2025-09-05 21:24:10.855500,-78.1243840750093,-72.29031313612059,-495.55558942371033,-44.907166944878874,-35.92614264977518,-49.364369158361775,-599.2326044926522,-36.68895015373695,77.21775789380916,53.86680165525792,-949.3448600104341,1351.3654107508382
2025-09-05 21:24:10.858375,-87.7322676235542,-77.9401042235793,-500.7376612116577,-48.10480522410949,-37.636891683672076,-49.76517747722276,-604.8034603629316,-38.416532393284164,77.31490767750068,54.2059374326953,-949.389740762819,1352.321062118208
2025-09-05 21:24:10.861250,-96.64417531633791,-83.6132605701244,-504.27756768968254,-51.10841692543796,-39.170030875118776,-49.97937541858897,-608.2479472046981,-40.010672479694506,77.3901514117617,54.51713633327431,-949.4415598376792,1353.3411436884717
2025-09-05 21:24:10.867000,-104.73196652695484,-89.262364727685,-506.20412364247767,-53.880801313997594,-40.51385129611625,-50.00000449461837,-609.6033581307047,-41.45413601203072,77.44336701558225,54.79545178590301,-949.4980166565721,1354.4021632839213
2025-09-05 21:24:10.870250,-111.87599688791254,-94.83131986886558,-506.5491200742837,-56.385627796698934,-41.656857821487755,-49.81995246667353,-608.9134652349335,-42.728845368612916,77.47471833293696,55.03702205918215,-949.5566623906327,1355.4836087819513
2025-09-05 21:24:10.873500,-117.98246919002098,-100.24475856984448,-505.3345471928424,-58.592539947169605,-42.59014906014,-49.434112957124086,-606.2165527096164,-43.81939518177794,77.4846088511038,55.239236424859776,-949.615263674009,1356.568575660106
2025-09-05 21:24:10.876750,-122.99769326398658,-105.40314023847434,-502.56528825950437,-60.481418324043595,-43.30961307399595,-48.841399614180006,-601.539065761591,-44.716269625194826,77.473591294046,55.40082533609039,-949.6720814900294,1357.6431917078007
2025-09-05 21:24:10.880000,-126.91518211255737,-110.18374408480967,-498.2268686698724,-62.044491273314506,-43.81707886920168,-48.04580627023112,-594.893713307102,-45.417789146186614,77.44225661605506,55.52185551803727,-949.7259897934254,1358.6961279011439
2025-09-05 21:24:10.883250,-129.77411242747505,-114.44803203162783,-492.2893238478257,-63.285969495270486,-44.12018252434044,-47.05635638070001,-586.2828810620503,-45.93029463749492,77.3911599115026,55.603665402811785,-949.7764296563386,1359.7190981039084
2025-09-05 21:24:10.886500,-131.64889785940514,-118.0563816838268,-484.719360701479,-64.21929457489136,-44.231048835101795,-45.88608627359092,-575.7097715232322,-46.266456469746934,77.32080897871936,55.64876738333738,-949.82324188945,1360.7076475688036
2025-09-05 21:24:10.893000,-132.6310933327742,-120.88776587653179,-475.4986119367883,-64.8622722971622,-44.163956622333934,-44.55011938619554,-563.1952794088098,-46.441957625470195,77.23168858783754,55.66069471534323,-949.8664518580449,1361.6611147875783
2025-09-05 21:24:10.893625,-132.8071625728194,-122.8586438422363,-464.6417715043421,-65.23093349873724,-43.932353165832374,-43.06302286022153,-548.7944360660309,-46.47120517471624,77.12428611091026,55.64376822645344,-949.906084641344,1362.5814876921568
2025-09-05 21:24:10.894250,-132.23755329812616,-123.93528092670475,-452.2084923390719,-65.33365347431712,-43.5458527132419,-41.43599841025997,-532.6063269887372,-46.36311061367822,76.9990935450604,55.60281059548067,-949.9420082880429,1363.471894713919
2025-09-05 21:24:10.894875,-130.94320506007705,-124.13537116130914,-438.3047551319071,-65.16735751141843,-43.00803849255712,-39.674714067185505,-514.7735137051199,-46.118222322428515,76.856563395468,55.54287214536797,-949.9737991376556,1364.3355160940882
2025-09-05 21:24:10.895500,-128.90388942570698,-123.5181744104352,-423.0728373794681,-64.71716491550258,-42.315822964003395,-37.778519974682325,-495.47064396701995,-45.72823122527813,76.69703250063561,55.46900592893838,-950.0007251553718,1365.1747524896618
2025-09-05 21:24:10.896125,-126.06887121939947,-122.16662377241023,-406.6733646570997,-63.95967744250678,-41.46069836222777,-35.741415515801094,-474.88601087062676,-45.178125390586466,76.52067457305306,55.38608727789396,-950.0218849660557,1365.9902638889253
2025-09-05 21:24:10.896750,-122.3765849924728,-120.16725994454649,-389.265430082254,-62.86897360899091,-40.431641779398305,-33.55464390528819,-453.2020649705864,-44.45050369894062,76.32752399158561,55.29866464672529,-950.0364160451336,1366.7802034954357
2025-09-05 21:24:10.898000,-117.77710860524775,-117.59435880421343,-370.9913518414085,-61.42348184985627,-39.21888283355358,-31.210221429331426,-430.58144334437054,-43.53083464947395,76.11755072058385,55.21082558659867,-950.043750992283,1367.5402121010538
2025-09-05 21:24:10.903750,-112.24949621286892,-114.50375531745826,-351.97163744280726,-59.6113670612518,-37.817299238560345,-28.704188877883432,-407.16371685354784,-42.411858699712454,75.89073041648398,55.12604394729701,-950.0439316689811,1368.264108932738
2025-09-05 21:24:10.909500,-105.80752260432912,-110.93806111677227,-332.311568653285,-57.432467879977985,-36.228186244449326,-26.03832992940292,-383.0734156809275,-41.09544094837256,75.64707966663356,55.047013237875525,-950.0378420840991,1368.9446314842544
2025-09-05 21:24:10.915250,-98.49221888638928,-106.9393757742125,-312.11497748397187,-54.896225491558546,-34.45871283190655,-23.219692232888654,-358.4341646109844,-39.5911773320332,75.3866895259301,54.97555684423964,-950.0271924261767,1369.5739868525097
2025-09-05 21:24:10.921000,-90.35565662892016,-102.56197644567584,-291.4972574334879,-52.016865969001934,-32.519433785736204,-20.258257523117464,-333.3809353114726,-37.91260383906199,75.10979083084779,54.912688107018695,-950.0142525374919,1370.1443475976394
2025-09-05 21:24:10.926750,-81.44508706611899,-97.87770025386826,-270.5902889587009,-48.808551689920286,-30.42127625275917,-17.164071139799773,-308.0637622027882,-36.073140828024385,74.81682067601157,54.858786387123885,-950.0014795560988,1370.647919696623
2025-09-05 21:24:10.932500,-71.79591689763738,-92.97086016701519,-249.53647567801164,-45.28310092088295,-28.17355928479226,-13.945329049956905,-282.64088725351553,-34.08380801367579,74.50846111755892,54.813815996890874,-949.9912116382886,1371.0766537493191
2025-09-05 21:24:10.944000,-61.43627498399338,-87.92505688223413,-228.4746786875978,-41.451159110823525,-25.783767856186792,-10.608197254940821,-257.2644353704465,-31.95340277227249,74.18567175832028,54.777530740738804,-949.9854975684045,1371.4227701752607
2025-09-05 21:24:10.950125,-50.40041579687014,-82.80742096392429,-207.52389283561806,-37.3260055905526,-23.25892010042192,-7.158258122389627,-232.06447810576776,-29.69059991603213,73.84972829109613,54.74961559075974,-949.9860151641574,1371.6804044797982
2025-09-05 21:24:10.956250,-38.74546024867423,-77.65585749239543,-186.77035422473753,-32.92835954220744,-20.607838562293974,-3.6029283369639575,-207.13712497541533,-27.306908218134804,73.50224061826195,54.72975256035884,-949.9940258323539,1371.846908980343
2025-09-05 21:24:10.962375,-26.565704075549274,-72.4722420231434,-166.2607672518262,-28.290469714514888,-17.84337906362472,0.0460736333187873,-182.53896825515133,-24.81941946927584,73.14512490141168,54.717637748682996,-950.0103570723346,1371.9223484315944
2025-09-05 21:24:10.968500,-14.000632546754714,-67.22170331305242,-146.00142480854285,-23.458326452150303,-14.983869011354965,3.7710167002202506,-158.28704954476436,-22.252592705455445,72.78054676963569,54.71296454648857,-950.0354445913271,1371.9073209174494
2025-09-05 21:24:10.974625,-1.2345391191777837,-61.838813488457916,-125.96418275794849,-18.49145013391107,-12.053458938982418,7.5475797049452575,-134.3649942509751,-19.638566837489734,72.41090039675609,54.71536395997209,-950.0694564080193,1371.8007089054427
2025-09-05 21:24:10.980750,11.513577966411212,-56.242073304060725,-106.101094269638,-13.459975965647196,-9.081285631437323,11.345509205021605,-110.73719898828065,-17.01567418560877,72.03886571774052,54.724318938444476,-950.112415826503,1371.598862546315
2025-09-05 21:24:10.993000,24.009126555016714,-50.35420673725556,-86.36525465308294,-8.439197105020263,-6.099406310581119,15.130532122135087,-87.36879400125424,-14.425238244957592,71.66750211062552,54.73910640298855,-950.1642069450733,1371.296425976644
2025-09-05 21:24:10.995375,36.02629823028006,-44.12218526569643,-66.73139878977969,-3.502503701045702,-3.1397359802269857,18.867321525852066,-64.24498620645572,-11.907254122103359,71.30030223080273,54.75880104177695,-950.2244710850057,1370.8885306348047
2025-09-05 21:24:10.997750,47.371882441952344,-37.5310255627906,-47.20985956849925,1.2857040776963558,-0.2306438744404589,22.522939000710277,-41.38346159305795,-9.495963903367906,70.94116398176354,54.78233925013659,-950.2924848605132,1370.374049992609
2025-09-05 21:24:11.000125,57.902022894320126,-30.607186825967766,-27.8495628780867,5.875265898889775,2.6058298840058884,26.069843801409572,-18.835943583703298,-7.216571173736205,70.59427872231824,54.80863839360431,-950.3670775432303,1369.758415192201
2025-09-05 21:24:11.002500,67.52715620342934,-23.410644154191512,-8.729335544141135,10.232171611881704,5.355260726987955,29.487548603960473,3.321168376466834,-5.08412517572413,70.26395320277511,54.83674426613067,-950.4466096578101,1369.0540372370597
2025-09-05 21:24:11.004875,76.2044398405841,-16.01892165218286,10.058897063650887,14.33672827881532,8.010220585165877,32.76243604271384,25.003222970451333,-3.104947241127995,69.95438310460075,54.86592871876827,-950.5290269197028,1368.2782785727986
2025-09-05 21:24:11.007250,83.9209494343035,-8.508774314421201,28.429060920557422,18.178798897103462,10.567955040629027,35.88584829725535,46.13499884845741,-1.2801275871420292,69.6694098974889,54.89567654051809,-950.6119853249066,1367.4503314664535
2025-09-05 21:24:11.012000,90.6738163255789,-0.9416827575377152,46.315548697955336,21.75188640020981,13.027185957579023,38.851137547090914,66.66342301499724,0.3902912485315881,69.41232649466278,54.92559296594414,-950.6930225302758,1366.5880693561285
2025-09-05 21:24:11.012750,96.45505892810375,6.641402983777906,63.67783007780769,25.048378480379274,15.385289613617896,41.65082669976396,86.56007536515716,1.9042779233458986,69.18578887310957,54.95528583129266,-950.7697502733645,1365.7059466956234
2025-09-05 21:24:11.013500,101.24720741042894,14.214080311911875,80.49318069260696,28.05781463296258,17.636936911419983,44.2750101520908,105.81226384655712,3.257151616820164,68.99181737554754,54.98422277319313,-950.8400239480965,1364.8146618093579
2025-09-05 21:24:11.014250,105.03081382015112,21.750775841724256,96.74150388929363,30.768582066480928,19.77456604803887,46.711495801051264,124.40716080921948,4.443316588829377,68.83180251169647,55.01159302874786,-950.9020143883212,1363.92153568111
2025-09-05 21:24:11.015000,107.79911824168087,29.212803285151264,112.39024622331412,33.17179004152468,21.79019206485351,48.94733088711943,142.3169949244174,5.459351750387192,68.70645299465711,55.03626662675325,-950.9541610748145,1363.0302493153722
2025-09-05 21:24:11.015750,109.5713353070537,36.541824352155814,127.38725898236969,35.26498771807915,23.677440557120942,50.97072514532812,159.4926737780809,6.3068073569683945,68.61572502122624,55.05688144214236,-950.9950887022773,1362.1405967811024
2025-09-05 21:24:11.016500,110.39706646606624,43.66414971660702,141.6650086626666,37.05358395991663,25.43269614935281,52.77232025554186,175.86864814402122,6.993255214773063,68.55882595761813,55.07197696055042,-951.0235653561832,1361.2494951436993
2025-09-05 21:24:11.018000,110.34956959644816,50.50363057445609,155.15372402210824,38.54919213490836,27.054832593338368,54.34522521579991,191.37624249388566,7.531099528494767,68.53432200627357,55.08008431101806,-951.0385018705076,1360.3527442596542
2025-09-05 21:24:11.021750,109.51058930360192,56.997643099405366,167.7977461568526,39.7655434488951,28.54361601478038,55.68384267333988,205.95959597745065,7.934651487098505,68.54028442592092,55.07975637449636,-951.0389788171776,1359.446318787398
2025-09-05 21:24:11.025500,107.95211322341011,63.11047560503273,179.5691390934857,40.71345918227082,29.897319013679436,56.78198958222682,219.5882914937875,8.216547840981612,68.57440183674917,55.069569179147045,-951.0243028031567,1358.526901093168
2025-09-05 21:24:11.029250,105.72076678195211,68.84085443469213,190.47521136081573,41.39655972353,31.11037176380614,57.63104945614675,232.26361359059393,8.384694424722804,68.63405459697204,55.04811658833595,-950.9940558502307,1357.591706325472
2025-09-05 21:24:11.033000,102.82864727470539,74.22319660299455,200.5596097400379,41.808875282570575,32.171810972818136,58.218747129109055,244.0186030687184,8.440524248185474,68.71638263332672,55.014014247100256,-950.9480890705928,1356.6375978244168
2025-09-05 21:24:11.036750,99.25249421326411,79.32179714867456,209.89614885304158,41.93489250489767,33.06495451653484,58.52883995643411,254.91149481623054,8.378889367418088,68.81835103333079,54.9659449475758,-950.8864809820167,1355.6601955760189
2025-09-05 21:24:11.040500,94.94223255721805,84.21678645718461,218.5740967477727,41.752249323491576,33.768503605838255,58.541921653728025,265.01146464465575,8.189711295628326,68.93680022246998,54.90275488047835,-950.8095333031961,1354.654071803412
2025-09-05 21:24:11.048000,89.83808856702997,88.9844268299347,226.6776873460919,41.236843323207,34.2590798669851,58.23746508956543,274.3794061450578,7.86125956602905,69.0684861436341,54.823540364333475,-950.7178386107262,1353.6142746942287
2025-09-05 21:24:11.055125,83.89272798585914,93.67774294219011,234.26636383764097,40.3694179371579,34.51481514993829,57.59692947222784,283.05004077944477,7.384420299206971,69.21012156203362,54.727662246428345,-950.6123836370589,1352.5383001106275
2025-09-05 21:24:11.062250,77.09314120330937,98.3127033804616,241.36129327742668,39.142158772330255,34.519205787135895,56.60732641003284,291.020687275011,6.7569038848704945,69.35841093622157,54.61471053152281,-950.4946267802427,1351.427349056472
2025-09-05 21:24:11.069375,69.47726329710196,102.86176516260744,247.93981946240396,37.56382028693009,34.264329485410975,55.26437224102677,298.2479798145346,5.9863893376728745,69.51006153798322,54.484473189037864,-950.3665087932484,1350.2864482718269
2025-09-05 21:24:11.076500,61.14238060890528,107.25409812051522,253.93681178581508,35.662434852856705,33.7528233401623,53.574568717235294,304.65102200234713,5.092112287424758,69.66178170334038,54.336917432176485,-950.2303852428629,1349.123888727583
2025-09-05 21:24:11.083625,52.244228335023735,111.38265087808405,259.2528737078816,33.485219990368,32.998445308656386,51.55600189740397,310.1207183124436,4.104802939143849,69.81033837526434,54.17217494528132,-950.0888912699294,1347.9505078162556
2025-09-05 21:24:11.090750,42.9863292750242,115.11894142383392,263.77026364259063,31.09556487899913,32.02517490187332,49.23778152723628,314.53613681277375,3.0648509466683715,69.95273004939149,53.9905509989184,-949.9447673579631,1346.7790735359658
2025-09-05 21:24:11.105000,33.60029967514346,118.33372734200192,267.37455523348257,28.5672835229752,30.86483990050591,46.65806642193975,317.785979771863,2.018639992810629,70.08639417320886,53.792583576361615,-949.800688922082,1345.6240213834471
2025-09-05 21:24:11.112750,24.32012241875253,120.9187460456073,269.9769202856115,25.976909643801577,29.553545385247798,43.86088777208837,319.7900656168439,1.0134903025374022,70.20930566300937,53.579131452182374,-949.6591339767543,1344.50149307819
2025-09-05 21:24:11.120500,15.355897381173055,122.80354117554307,271.53073235071497,23.395595961097175,28.127609615990977,40.89234529936146,320.5145718765464,0.09230901740444845,70.31992568481344,53.3514344464297,-949.5222948311426,1343.4290714749586
2025-09-05 21:24:11.128250,6.874246499028417,123.96171510585496,272.0367362088517,20.882776846948214,26.620033951270873,37.79708414897401,319.9756812767134,-0.7105397454256819,70.41705940233065,53.11112387888145,-949.3920324149791,1342.4248532572683
2025-09-05 21:24:11.136000,-1.008960160730598,124.40453149735298,271.53505311469274,18.483353789644408,25.058489493191797,34.61601469782716,318.23051839760745,-1.3709676746203512,70.49971093350231,52.860206850697075,-949.2698939660821,1341.5064228182046
2025-09-05 21:24:11.143750,-8.222814245801725,124.1654095327076,270.0882340193088,16.228700591306424,23.465222925920145,31.385746135699833,315.3598276591879,-1.8743945788188219,70.5670228637277,52.60104817609389,-949.157200842311,1340.6906491266327
2025-09-05 21:24:11.151500,-14.726491350464718,123.28191812261116,267.7624501022631,14.14039827100609,21.858529603703218,28.13949874995348,311.4493303023624,-2.2133646512512684,70.61831243904452,52.336360675411335,-949.0551389175695,1339.9942789896668
2025-09-05 21:24:11.167000,-20.491642133259663,121.78179246220029,264.6133606988089,12.23497309653863,20.25498705746116,24.908803217931013,306.57611647640033,-2.3847583371117045,70.65312280190913,52.06919676898398,-948.9647764161676,1339.43414638978
2025-09-05 21:24:11.170500,-25.488923956834313,119.67808537256032,260.68153640705634,10.527765868584966,18.67153427194257,21.725140841474033,300.80466461964875,-2.3876795354039975,70.67122433031538,51.80289796530116,-948.8870527066823,1339.026369825896
2025-09-05 21:24:11.174000,-29.684018212309734,116.97532274351057,255.99906051123875,9.034370188008836,17.126566840698334,18.620717469064754,294.19362452463906,-2.2227481523408983,70.6725643227315,51.54096396956985,-948.822830727104,1338.7849579023577
2025-09-05 21:24:11.177500,-33.04495504286181,113.6837357202195,250.60416706020098,7.7689599666488105,15.639443732194241,15.627774947481628,286.8097538987539,-1.8930198384387589,70.65718258494512,51.28688017792357,-948.7729806352825,1338.720151736955
2025-09-05 21:24:11.181000,-35.55741346651527,109.83439988800238,244.55653711139894,6.740267574092102,14.228427404974472,12.776449547100556,278.7415428669778,-1.4060457277663043,70.6251217587736,51.043984337184675,-948.7383710776112,1338.8369360734914
2025-09-05 21:24:11.184500,-37.23939684436732,105.48673001828,237.9445572881205,5.947535195543554,12.908095783234392,10.092156364328934,270.10440365164067,-0.7757589029381822,70.5763705261379,50.81539332129149,-948.719729988731,1339.1343646833493
2025-09-05 21:24:11.188000,-38.146369960281504,100.72381329700514,230.88006979154034,5.379000890693873,11.687706725936836,7.593912346010473,261.03384125491726,-0.022711044804950814,70.5108761382371,50.603938175364966,-948.7174837642145,1339.6056928861044
2025-09-05 21:24:11.195000,-38.36399357143746,95.63831725950554,223.48359645217056,5.013878184407426,10.571323697600446,5.294350246765759,251.67006736271236,0.8279068848828196,70.42863951796984,50.41206488572329,-948.7317128594818,1340.2388892827566
2025-09-05 21:24:11.198875,-37.99190658881322,90.31580222293256,215.86713283939926,4.82695580985012,9.559547813522325,3.201198574504663,242.14111847056742,1.7498928961786901,70.32984105084522,50.24172929166637,-948.7622258630008,1341.017317796437
2025-09-05 21:24:11.202750,-37.12458206724443,84.82143942701775,208.12054700872892,4.794095456419064,8.652110712371599,1.3194869051603082,232.55025904786385,2.720116847669439,70.21492327211156,50.0943402812489,-948.8086409620194,1341.920533611752
2025-09-05 21:24:11.206625,-35.8348907854231,79.19272027130346,200.30394726750916,4.896948765031537,7.850365243334266,-0.34633946857688286,222.96963395971727,3.7218776567120564,70.08462161483537,49.970750038545425,-948.8704090136805,1342.9251444131824
2025-09-05 21:24:11.210500,-34.163859529501366,73.43798841268139,192.4457721651486,5.125858165522882,7.158961667071733,-1.790960857864929,213.43948190224444,4.746912674046611,69.93997666119792,49.8712447510174,-948.9467810286758,1344.005786823971
2025-09-05 21:24:11.214375,-32.118213489006415,67.54115342114929,184.5472395912785,5.480541018317555,6.5864814736562565,-3.0075701024233625,203.97321080751396,5.795904526140394,69.78233148975617,49.79551119888047,-949.036729624929,1345.1363241981599
2025-09-05 21:24:11.218250,-29.67655433279233,61.47359571452591,176.59430090466753,5.968403343855309,6.144973023785485,-3.988179985062721,194.56929050385966,6.877358235077423,69.6132816160757,49.742613547922254,-949.13885521246,1346.2910309427798
2025-09-05 21:24:11.226000,-26.80380902892842,55.21162343562589,168.57513818505734,6.600589841067547,5.848313616812926,-4.724958756262578,185.22807883629022,8.004790287990833,69.43456946443551,49.71103918316113,-949.2513388850302,1347.4454215232236
2025-09-05 21:24:11.229375,-23.4713494492597,48.754808240573425,160.49824137102829,7.38638564333244,5.709522325028024,-5.212504217301525,175.96884581310428,9.19257308349421,69.2479762508057,49.698819862794444,-949.3719714214944,1348.5768914453638
2025-09-05 21:24:11.232750,-19.67764905256231,42.13921321098592,152.40510567760285,8.327283556989725,5.737566876964574,-5.450571910481529,166.84114739182752,10.45137836210773,69.0552716085243,49.70369129088685,-949.4982313030706,1349.6651917513718
2025-09-05 21:24:11.236125,-15.462574496396387,35.439953938669866,144.37203410594807,9.412665287894827,5.934629820053286,-5.446403134200033,157.9252091109599,11.784637186093017,68.85825647929269,49.723273400366374,-949.6273761055332,1350.6923012888328
2025-09-05 21:24:11.239500,-10.909817330997084,28.761378316110786,136.4993578649358,10.618808296778232,6.294822781789176,-5.215751668243904,149.32004862274448,13.1872056567615,68.65892096849512,49.75523827105793,-949.75653015651,1351.6420155146452
2025-09-05 21:24:11.242875,-6.136763044639648,22.21879068168187,128.8921965048283,11.911589309561615,6.804761828146902,-4.782197653706955,141.12384180549122,14.646433805347709,68.45966005903654,49.7973941106497,-949.8827729113747,1352.500117190326
2025-09-05 21:24:11.246250,-1.2757033739332262,15.918419774177051,121.63968658672081,13.25181435430697,7.445693148935986,-4.175042733235162,133.41358662632393,16.144852494416707,68.26340398470163,49.84766134806524,-950.0032485418529,1353.2549891250437
2025-09-05 21:24:11.253000,3.54729891005904,9.941948193136188,114.7991450816814,14.60133995515588,8.196410286473315,-3.426514460440948,126.23039974747878,17.663275422109628,68.07357449624699,49.903985674607696,-950.1152940868529,1353.8978990859478
2025-09-05 21:24:11.261125,8.228921530025666,4.340458315695301,108.39029927945298,15.928034884465433,9.036018973130142,-2.5690748302390145,119.57518353040632,19.18321013277406,67.89387850975861,49.96422802591155,-950.2165345661894,1354.4228550261869
2025-09-05 21:24:11.269250,12.694898176951517,-0.8604206553300997,102.40186492531032,17.208054262932045,9.945679787130565,-1.6335120586362784,113.41660998672963,20.687892661616583,67.72799084540345,50.02606281809012,-950.3049066947972,1354.8264549283685
2025-09-05 21:24:11.277375,16.894170201411075,-5.646924336017063,96.80783841731022,18.42475112185141,10.908777583571112,-0.6483615516398118,107.70872238764309,22.161715346803227,67.57923057390524,50.08694486945004,-950.3786547494772,1355.108181531209
2025-09-05 21:24:11.285500,20.78429637511775,-10.002060004812021,91.58561566006347,19.564916828271247,11.909558160682609,0.35918790425601527,102.40989062754433,23.588365954739103,67.45035539254893,50.1441899196525,-950.4363580427723,1355.2712946013708
2025-09-05 21:24:11.293625,24.316909708471922,-13.897578397585486,86.7258096248711,20.614650353134813,12.931144422033345,1.3616018468326634,97.49226668748489,24.948845168870236,67.34350621537358,50.19513349362319,-950.476966148304,1355.323627576984
2025-09-05 21:24:11.301750,27.432259000796076,-17.297750041310984,82.22812772425775,21.55750238110358,13.954284679135403,2.3298022202454804,92.9361314505763,26.22085704072069,67.26024613857987,50.23727253530723,-950.4997770593257,1355.2772061884134
2025-09-05 21:24:11.318000,30.065771754094268,-20.17235363317304,78.08649905345898,22.375997855993567,14.957652407935923,3.233402704536385,88.71374281728377,27.38027783332302,67.2016369137614,50.26830778834031,-950.5043601657954,1355.1464612304471
2025-09-05 21:24:11.321375,32.163238473917346,-22.512165390394497,74.2720693346663,23.055765320816924,15.919660882344955,4.042523145821261,84.773037461106,28.40433504135274,67.16832219704597,50.286089297470596,-950.4904942608915,1354.9459296846471
2025-09-05 21:24:11.324750,33.69828225210611,-24.340456078696093,70.72205059400954,23.5904671758817,16.821135501494105,4.7305911149125635,81.02932662308223,29.27540004553903,67.16060705933234,50.28855301260759,-950.4581614176385,1354.6886208081232
2025-09-05 21:24:11.328125,34.68505405758692,-25.715551742925,67.3384674000743,23.985432566055092,17.647763149139983,5.276992137390949,77.36717733076419,29.983939068149375,67.17854109924737,50.27373400347248,-950.4075496707828,1354.3854841037355
2025-09-05 21:24:11.331500,35.18073866613539,-26.722679663573928,63.99623668001682,24.258372978208126,18.39126214424984,5.668437877843416,73.64977569991053,30.529430422148636,67.22199034069443,50.239888522603316,-950.3389754160922,1354.0456293713796
2025-09-05 21:24:11.334875,35.2764817918929,-27.45774172196157,60.55783889717052,24.436737862492727,19.04881438369129,5.898626447790408,69.73304331380967,30.918888340938643,67.29063896800913,50.18571821747913,-950.2527160856746,1353.6769266350138
2025-09-05 21:24:11.338250,35.079345918976045,-28.00837516961329,56.89189285441802,24.552453206576473,19.620968056686714,5.966525442882794,65.48391760642288,31.163447069155843,67.38390212000628,50.110641559686634,-950.1488827864957,1353.286441711718
2025-09-05 21:24:11.345000,34.69088020718918,-28.43844813487763,52.890619776813196,24.635618503215838,20.1086844282604,5.8738875875307235,60.79823146074951,31.27402570607919,67.50082157307553,50.01501916127925,-950.0274460654258,1352.8800984436511
2025-09-05 21:24:11.349500,34.189840833451726,-28.781570234028973,48.47850745246879,24.709286942699944,20.51062233452854,5.6227721932754315,55.60834953739865,31.25757056786335,67.64002394375035,49.90026993111913,-949.8883573952983,1352.4623417352468
2025-09-05 21:24:11.354000,33.62556495518205,-29.045500096413168,43.60827388818688,24.787309338396838,20.821880566857093,5.214064309255038,49.875932850985485,31.115450795639415,67.79976640891094,49.76887289479737,-949.7316671638849,1352.03693383283
2025-09-05 21:24:11.358500,33.0238540350491,-29.22368356050078,38.24791945319792,24.876002659673873,21.03484773860521,4.647704936264056,43.57539991909415,30.844765357266624,67.97803894878503,49.62424494779742,-949.5576380157021,1351.6077705842636
2025-09-05 21:24:11.363000,32.40110093169333,-29.306772189002398,32.366970608491506,24.97850331300867,21.14173484524035,3.9244202195072675,36.67774463627677,30.441816713836403,68.17265274677443,49.47046417586185,-949.366873100975,1351.1780914282444
2025-09-05 21:24:11.367500,31.777869949291205,-29.28753836598786,25.929492100019267,25.09913270228894,21.13744901921194,3.047809941231669,29.142688916878715,29.905804946792795,68.38127208290724,49.31187227976534,-949.1604558521143,1350.748922144683
2025-09-05 21:24:11.372000,31.18380892596288,-29.15670339122683,18.89732305876817,25.245198825873366,21.021337259114464,2.0254915674248917,20.922413102458123,29.24085759291171,68.60141266254831,49.15265759489,-948.940071994667,1350.3185451278678
2025-09-05 21:24:11.381000,30.651306805670796,-28.892350350081557,11.241698510327307,25.425314579998968,20.79701889394948,0.8686820685123832,11.974747240515649,28.455648335120777,68.83045512750098,48.99651167074098,-948.7080149001114,1349.8831481275947
2025-09-05 21:24:11.384375,30.20071427915544,-28.44822435934917,2.9581479392694026,25.645003740598302,20.470420053950622,-0.40960544941967675,2.28048687305582,27.56097914182089,69.06570205683349,48.84642929264371,-948.4670244160521,1349.437646882022
2025-09-05 21:24:11.387750,29.82397396252483,-27.747478170081468,-5.922853141510314,25.9016121714119,20.046890575047485,-1.7970282022468347,-8.143574722515538,26.566521423953958,69.30446261094698,48.704681911306814,-948.2200743660609,1348.976390171645
2025-09-05 21:24:11.391125,29.47693129604989,-26.689357115814992,-15.33853073460346,26.181536473667965,19.528961524387686,-3.2837595869552483,-19.245893640925274,25.478677898283706,69.54412903963875,48.57293369809913,-947.9702573113283,1348.4941124137904
2025-09-05 21:24:11.394500,29.086989141850296,-25.170264359955265,-25.211895468194967,26.4617934844752,18.916098885914387,-4.862525807752414,-30.957541266261305,24.30107204055249,69.78222797664314,48.45244605981387,-947.7207983349377,1347.9866053636797
2025-09-05 21:24:11.397875,28.570344622727262,-23.108405603686688,-35.4739625084927,26.714486815325277,18.20618970930499,-6.5270701402426266,-43.213647539938314,23.036898347629037,70.01643997193203,48.344297638972876,-947.4751148037745,1347.4501505010294
2025-09-05 21:24:11.401250,27.84591125759536,-20.458299492298963,-46.07588168265335,26.910628806164425,17.39713990921323,-8.270546506064484,-55.964708356018804,21.690802624162387,70.2445882012164,48.249518906326365,-947.2368180062604,1346.8800296515565
2025-09-05 21:24:11.408000,26.838734106294318,-17.211278700708778,-56.987246618289745,27.021228028688416,16.48734830485457,-10.085020855898469,-69.17448213746432,20.2688391055029,70.46462793431766,48.16909703121977,-947.0096235260909,1346.2693158606953
2025-09-05 21:24:11.412500,25.474053957407932,-13.386885424700017,-68.18588189190517,27.015861473831713,15.474933622248443,-11.962264915970321,-82.81017181021332,18.7766529465947,70.67467811605148,48.103921438219295,-946.7972128086949,1345.608971595544
2025-09-05 21:24:11.417000,23.66859365980013,-9.023078207935425,-79.64702838400325,26.860492187226104,14.356459617193801,-13.895200348477186,-96.83275444511575,17.217165025088008,70.87307190254556,48.05474691726124,-946.603113566595,1344.8899849619438
2025-09-05 21:24:11.421500,21.330118517598986,-4.173655913705715,-91.33932254807505,26.51757981072555,13.126683427128818,-15.87845280857983,-111.19375818012426,15.58997303376715,71.05832814743069,48.022147926780974,-946.4306458760998,1344.1071852567793
2025-09-05 21:24:11.426000,18.372776392345468,1.0845890974803314,-103.22892316313786,25.950650267264546,11.780578154464138,-17.906583686132052,-125.83850293152781,13.894056120424876,71.22899538971056,48.00640459923625,-946.2829206149145,1343.262875884705
2025-09-05 21:24:11.430500,14.741263839205686,6.643169861515412,-115.28437047137648,25.131497959004324,10.316896286371252,-19.970584419620764,-140.70865643999977,12.132512628507724,71.38346339649168,48.00734525856894,-946.162849290437,1342.3685279300325
2025-09-05 21:24:11.435000,10.428439242482733,12.362119580377923,-127.4739680000167,24.045698033206858,8.741099467925322,-22.05484901472188,-155.73756682030532,10.31625980534051,71.51988551950494,48.024235077125134,-946.0731854442276,1341.4440948410129
2025-09-05 21:24:11.444000,5.4780384990143185,18.08133203638865,-139.75483362582517,22.693912735056024,7.066218442510034,-24.13619833499706,-170.8387071614598,8.46488274980897,71.63625075178162,48.05576713664076,-946.0166231694101,1340.5156754430172
2025-09-05 21:24:11.444000,-0.02583162452866123,23.63801635306392,-152.05860772518665,21.089289521710093,5.311593896277907,-26.185095694411885,-185.89241350470692,6.604751311759082,71.73054373821876,48.10014427049507,-945.9958607081016,1339.6129531173538
2025-09-05 21:24:11.444000,-5.976015022913115,28.883096396860964,-164.28056315762828,19.252743759927352,3.50022299989567,-28.168346630960688,-200.73743373734663,4.7655110374507945,71.80094944957389,48.1552098341943,-946.0135130310709,1338.7674454983535
2025-09-05 21:24:11.444000,-12.258205329149089,33.689778823886265,-176.27843468157965,17.208581735713018,1.6558671702935515,-30.052141715254407,-215.17300327461302,2.9766128073264246,71.84608783763922,48.21859471613252,-946.0718811198382,1338.0116239107256
2025-09-05 21:24:11.444000,-18.75849200361857,37.95128187971154,-187.88329361570388,14.982528008522877,-0.19887538953226713,-31.804277606750723,-228.972850111227,1.2654482091221728,71.86521976914781,48.287860217501965,-946.1726622896506,1337.3784232050466
2025-09-05 21:24:11.444000,-25.36056886896268,41.57050979833327,-198.91876663145092,12.602727034785847,-2.0429012596404856,-33.394928427131624,-241.90671793974792,-0.3424239565229562,71.85837372657332,48.36061005035654,-946.3166788157779,1336.9004470898335
2025-09-05 21:24:11.444000,-31.935634045862784,44.44764438965055,-209.22180983522148,10.102840545231194,-3.8555088117666014,-34.79609382452005,-253.76238601739925,-1.8216429410959425,71.82641385631209,48.43454156437147,-946.5036860100641,1336.6085521496243
2025-09-05 21:24:11.444000,-38.330701291832156,46.47171364872181,-218.65849198431945,7.525618940964693,-5.614577676129711,-35.980343851807326,-264.36175826760154,-3.145157424961974,71.77106964841036,48.50743434240337,-946.7322796487384,1336.5301304629966
2025-09-05 21:24:11.446625,-44.36177254403936,47.5210529119866,-227.12966060789194,4.925144721121575,-7.294916299082039,-36.91962015153181,-273.5663516897762,-4.283139391163328,71.6949247371627,48.57711280262803,-946.9998627416427,1336.6873374542056
2025-09-05 21:24:11.449250,-49.81702885549339,47.47454327097604,-234.56458317309517,2.366282889621744,-8.86766858280601,-37.58482911132043,-281.2709751954382,-5.203348865192599,71.60139267631374,48.64143410824989,-947.3026191254736,1337.0954485350057
2025-09-05 21:24:11.451875,-54.47184680039089,46.23079928841645,-240.90557238104924,-0.07930690893077227,-10.301412129019923,-37.946813212930984,-287.38915523550276,-5.873128162764993,71.49469334452144,48.69833488126702,-947.6354945578302,1337.76193021984
2025-09-05 21:24:11.454500,-58.11223700636198,43.72818220275605,-246.0910502303296,-2.339843392267006,-11.564850821477032,-37.97874576129821,-291.8377923223658,-6.2626595342989555,71.37977801314744,48.74592288524071,-947.9922451994113,1338.686466215101
2025-09-05 21:24:11.457125,-60.55780180948036,39.95683015892755,-250.04601889965934,-4.350331753242385,-12.629994921685178,-37.65907872755642,-294.5294466348916,-6.348297317029391,71.26215702608633,48.7825704172916,-948.3656012273774,1339.8612936757909
2025-09-05 21:24:11.459750,-61.674752971023835,34.9575964919348,-252.68484028832538,-6.056868584864961,-13.474367303575379,-36.97369372368088,-295.37636998992133,-6.114447368741434,71.14765669421291,48.80699924851985,-948.7475420801793,1341.2713304789922
2025-09-05 21:24:11.465000,-61.37551824830473,28.810141539305206,-253.92379906962512,-7.41711631929413,-14.081454342891979,-35.91640898313509,-294.30334295898024,-5.55325920979312,71.04219109119396,48.81837293898605,-949.1296676348966,1342.8944263046496
2025-09-05 21:24:11.469375,-59.60800197591538,21.616857232516033,-253.6967065681199,-8.397669272540266,-14.439531588116472,-34.48790009386885,-291.26260239000254,-4.662480049910327,70.95162524869733,48.8163803418766,-949.5036289271404,1344.702399224264
2025-09-05 21:24:11.473750,-56.34057661134399,13.488737132146001,-251.96744661046358,-8.970033773647243,-14.539560992938034,-32.69370218080418,-286.24495026000915,-3.4424619804164993,70.88170099559801,48.80127513239356,-949.8615037687592,1346.6629369701086
2025-09-05 21:24:11.478125,-51.548945181468575,4.536366327209743,-248.7361890356167,-9.107014499641874,-14.373082458793926,-30.542130150296735,-279.2840782724977,-1.8934925352674548,70.83791897356699,48.77384730975186,-950.1959651867876,1348.741235984041
2025-09-05 21:24:11.482500,-45.208830716685775,-5.133323970285176,-244.03860774087426,-8.78065437521589,-13.930806231739274,-28.042713226084718,-270.4538485070949,-0.014243552783856158,70.82532989072828,48.73530657365808,-950.5002062735482,1350.900034350022
2025-09-05 21:24:11.486875,-37.29587939188111,-15.414147346784272,-237.93808517520935,-7.962180881050053,-13.20217336742167,-25.205366952645853,-259.858822052976,2.198418458711951,70.84828045306614,48.6870853948343,-950.7677548807094,1353.098412567767
2025-09-05 21:24:11.491250,-27.793043472895768,-26.191370028568404,-230.5112880817811,-6.624164832361181,-12.176005011400447,-22.04042447588112,-247.61857299235558,4.748173218049709,70.91018653563467,48.63062330505355,-950.9923286771127,1355.2912634290115
2025-09-05 21:24:11.500000,-16.704845379604052,-37.32822884878691,-221.82977196494244,-4.7448587683765675,-10.84235786849489,-18.559695349734145,-233.8484734896397,7.636506479250895,71.01338482268116,48.56721208416,-951.1677943276848,1357.430683610116
2025-09-05 21:24:11.503625,-4.0761004376496635,-48.65271295749443,-211.9423065034334,-2.314109870779303,-9.195411644983858,-14.778532911417019,-218.6416789862588,10.858850568998847,71.15907889426563,48.49794351699808,-951.2882564039169,1359.468641761855
2025-09-05 21:24:11.507250,9.989733481841602,-59.949919232106296,-200.8633448690309,0.6605540793508078,-7.236738485093611,-10.71845930625455,-202.05784721781677,14.400552881687103,71.34736842872246,48.423731737087564,-951.3482640357906,1361.3596591898622
2025-09-05 21:24:11.510875,25.31926343573742,-70.96509465055114,-188.5727471490186,4.149734287392749,-4.977951312811943,-6.409452227985604,-184.1235189505098,18.234030352602336,71.57731441233166,48.34534377860448,-951.3430847361492,1363.0634941188328
2025-09-05 21:24:11.514500,41.670426087692256,-81.4190956354548,-175.0283565539707,8.101649417310426,-2.441772299876969,-1.8909067729849183,-164.84515428407244,22.318225080314424,71.84695823965316,48.26340975268093,-951.2690303520656,1364.5483381513168
2025-09-05 21:24:11.518125,58.74707861274711,-91.03234990952335,-160.18727393970647,12.445653095697315,0.3388666452512752,2.789206206128415,-144.23019374366262,26.600525694174213,72.15328003981116,48.178416110710884,-951.1238299802502,1365.7937619470058
2025-09-05 21:24:11.521750,76.2228692733696,-99.5503516067969,-144.02858001128286,17.09864408084735,3.323349829430505,7.576716863850235,-122.30882572978862,31.020408465352588,72.49220587916506,48.09066860362719,-950.9069606495053,1366.7918111871904
2025-09-05 21:24:11.529000,93.76781588040902,-106.76396757197998,-126.57059530187374,21.972491505781182,6.466740978295349,12.414435745714243,-99.14968985113053,35.513670807336304,72.85873473791031,48.00023650341862,-950.6198118866381,1367.5456366588505
2025-09-05 21:24:11.529375,111.0704361273856,-112.51925300583957,-107.87740885867638,26.980466603007997,9.723039726804073,17.245283064220594,-74.86461413921033,40.01612910402753,73.24712500561566,47.90693898351413,-950.2656521810942,1368.066651180765
2025-09-05 21:24:11.529750,127.84965685963628,-116.71462073805547,-88.0527277793102,32.04102513963636,13.047418200199775,22.01458477827534,-49.60106716587866,44.4659379077149,73.65108530118114,47.810423500075,-949.8494608302507,1368.3716168510791
2025-09-05 21:24:11.530125,143.8541380867108,-119.28803715356116,-67.22397789524601,37.0781201598131,16.396769301698107,26.670954997421617,-23.525819427733026,48.80413530761558,74.0639630478322,47.710338442697555,-949.3776814731859,1368.480307514339
2025-09-05 21:24:11.530500,158.8519296987721,-120.20132866403921,-45.524071372430015,42.01866139865311,19.728565684294004,31.165699365516925,3.1926586036206177,52.97365441483959,74.4789111836152,47.60654950897365,-948.8579029647644,1368.4137660093465
2025-09-05 21:24:11.530875,172.61896241373736,-119.4303859401461,-23.079987372826807,46.78945034049475,22.99906428139874,35.451558083721004,30.394436398236472,56.917989842235855,74.88902670240607,47.49931913087293,-948.2984902595111,1368.1930475899653
2025-09-05 21:24:11.531250,184.93553795805306,-116.96637238336568,-0.013382153457636312,51.3162977878546,26.162381815154877,39.482104771893866,57.926648892052725,60.581118783749616,75.28747377741098,47.3893984976148,-947.708249109733,1367.8383554936727
2025-09-05 21:24:11.532000,195.59415527026138,-112.82581714295779,23.549133255005533,55.52643099396446,29.17132387664722,43.21259029392567,85.6332237654649,63.90945042056271,75.66759821829882,47.278026979297074,-947.096207642615,1367.3683966539556
2025-09-05 21:24:11.542000,204.41568394825478,-107.06314424367523,47.46289197884324,59.35341449938272,31.97983652405579,46.60207544389947,113.34267770557517,66.85539895085242,76.02305560970117,47.16685521228954,-946.4715171885617,1366.7996568496546
2025-09-05 21:24:11.552000,211.26806935886273,-99.77986909604749,71.5553537956328,62.74288098873027,34.54629566433532,49.61611590857228,140.85983858472525,69.38148751197383,76.34795765937902,47.0578341061912,-945.8433966871163,1366.145603134274
2025-09-05 21:24:11.562000,216.0817384429889,-91.12795051389584,95.62217397781974,65.65730373294542,36.83657878189948,52.22911916036353,167.9636662610885,71.46373453003447,76.63698086841326,46.953112803297586,-945.2210652648879,1365.416291052903
2025-09-05 21:24:11.572000,218.85791764158452,-81.30728686985562,119.42901738827814,68.07869779136031,38.82610635005672,54.425762970060575,194.41053360643053,73.09348501279146,76.88539225758073,46.85493302402554,-944.6136833318693,1364.6183804381017
2025-09-05 21:24:11.582000,219.668405972108,-70.55674577479436,142.71970290045115,70.00889719232312,40.50064032660652,56.201385978308316,219.94325748684125,74.27747051326571,77.08903491949195,46.76548317792083,-944.0303075490218,1363.7549859860883
2025-09-05 21:24:11.592000,218.64634506516234,-59.13765818044525,165.2319468391072,71.46729191989115,41.85589122191278,57.56147173365691,244.30702113077163,75.03614352314673,77.24435749978547,46.68672796792212,-943.4797852161722,1362.8255647696033
2025-09-05 21:24:11.612000,215.96845712070203,-47.31161432984459,186.71892138301754,72.48607762105829,42.89589129733761,58.520178298025414,267.2703093623101,75.4003855437591,77.34849527656935,46.620267218065464,-942.9705239123872,1361.826608604225
2025-09-05 21:24:11.613000,211.8311815030075,-35.31743255947399,206.97153035873552,73.1036248026597,43.630215023089974,59.09784921174946,288.6457370459314,75.40694204858048,77.39931390509521,46.56724744884059,-942.510185065689,1360.7529210224156
2025-09-05 21:24:11.614000,206.4253524625459,-23.35255602056756,225.83586864580192,73.35725827343319,44.07055941650203,59.31781206006073,308.3053793942572,75.09336653537956,77.39535004429162,46.528318348274134,-942.1054373344688,1359.5988259823234
2025-09-05 21:24:11.615000,199.914902646634,-11.562043004940415,243.22263020057625,73.2770779731283,44.22755250126964,59.203237388333804,326.1877998379865,74.49350770862038,77.33567951710897,46.503649380042624,-941.7618700330296,1358.3597090563208
2025-09-05 21:24:11.616000,192.423483152398,-0.0356844420586556,259.10805755639734,72.88207341738908,44.108542572266735,58.77484669140865,342.2969219225817,73.63437850355812,77.21978459333893,46.49302455543006,-941.4840493684788,1357.0343743459189
2025-09-05 21:24:11.617000,184.03070208038528,11.186295751385067,273.5260101643591,72.17909268231894,43.71668698039338,58.04976991939102,356.69268318259503,72.53487178410894,77.04746679216383,46.49597013994731,-941.2756158134612,1355.6272446166531
2025-09-05 21:24:11.618000,174.77861296344673,22.09842164652123,286.55063222655536,71.16482587399697,43.051436247848685,57.04152479221759,369.47315177159555,71.20653994693147,76.8188102506485,46.51184169420617,-941.1393248764788,1354.1492255064968
2025-09-05 21:24:11.620000,164.68759656422324,32.70883659867927,298.2727692766926,69.83054804038748,42.11041265760482,55.76113071015833,380.7512818654338,69.65633036664566,76.53420213238682,46.539849145997074,-941.0770083940262,1352.6177620091266
2025-09-05 21:24:11.629250,153.77825208056848,43.017805117737524,308.7765842344368,68.16867665474437,40.89235255256096,54.219286611028416,390.6325050918985,67.89067825453182,76.19445475577773,46.57905534411631,-941.0895091721983,1351.0571148228837
2025-09-05 21:24:11.638500,142.09368062631694,53.00184356465782,318.1226337677761,66.17953911481584,39.40037081360411,52.42913371927567,399.19908159271887,65.91990107474743,75.80104509633271,46.62837705601663,-941.176648887271,1349.4981106482473
2025-09-05 21:24:11.647750,129.71554100142205,62.60807164681337,326.34189643959644,63.87641450046637,37.644612762960584,50.40872289659062,406.50535807179983,63.76159580557321,75.35640209772635,46.6865668196489,-941.3372416468951,1347.9758369253796
2025-09-05 21:24:11.657000,116.76874859170006,71.76028877037848,333.44193635587044,61.28728123954247,35.6435171516131,48.182304110687674,412.58470060686886,61.441946254767515,74.86414717356432,46.75215251722191,-941.5691170506944,1346.5254972433322
2025-09-05 21:24:11.666250,103.41362767078937,80.37389088248618,339.42194693956174,58.45278336757489,33.423325821864594,45.779951472657395,417.4645755621751,58.99445778573028,74.32922353572361,46.82337985785177,-941.8691185548496,1345.1784837450687
2025-09-05 21:24:11.675500,89.82826567602207,88.37400194189848,344.2907277541604,55.42110244352947,31.015895439409793,43.235547782459896,421.18379740901094,56.456345036247065,73.75788229567699,46.898238371731516,-942.2331041628862,1343.9606326943776
2025-09-05 21:24:11.694000,76.18680464855572,95.71043486637622,348.0809570205758,52.24139939239333,28.4553722566529,40.583701892522775,423.8054068777729,53.86363938209264,73.1575362514976,46.97459117329581,-942.6560045212453,1342.8928467257383
2025-09-05 21:24:11.694000,62.64146876965168,102.36364717400639,350.8537960581611,48.95819713798909,25.774909013910243,37.85669530621206,425.41957631426084,51.24690490331683,72.53652295847873,47.05034787939076,-943.1319436033128,1341.9924616603248
2025-09-05 21:24:11.694000,49.31527489783317,108.33922850827322,352.6915665887196,45.60888444824129,23.00476349162514,35.08267120550513,426.13488017553055,48.62942062002766,71.90381178029192,47.12360723886068,-943.6543802105389,1341.2736237411245
2025-09-05 21:24:11.694000,36.307861219194386,113.65390079771831,353.68208924228395,42.22517047204988,20.17248057953905,32.28578969802416,426.06199920784894,46.028493630812626,71.26869337585055,47.19273943738316,-944.2162345370352,1340.7462950319068
2025-09-05 21:24:11.694000,23.71060966160331,118.32020240613473,353.9025007435036,38.837412699576376,17.304803937077548,29.48817036586511,425.2977746978041,43.45895833848415,70.64050559086037,47.25642549243515,-944.8099892307114,1340.414770049606
2025-09-05 21:24:11.694000,11.622154299554333,122.3377444555485,353.4106289494159,35.47921682291179,14.430065993156418,26.712508896529748,423.91732918632124,40.936838335359646,70.0284124367388,47.31368880498486,-945.427774181874,1340.2768686286436
2025-09-05 21:24:11.694000,0.15546112629154993,125.6951572385401,352.2476600213679,32.18967783278556,11.579623415693797,23.98391980182793,421.97738497625187,38.48128009187875,69.44120054064747,47.36392819763017,-946.0614604476424,1340.3243213869273
2025-09-05 21:24:11.694000,-10.566879072917434,128.38096710352085,350.4497578796941,29.0121336061042,8.787536418234119,21.33009355309126,419.52802126706143,36.114018189376054,68.88707278777859,47.40691478695837,-946.7027640144421,1340.5441271067766
2025-09-05 21:24:11.695500,-20.426858318681877,130.3981355777798,348.06304205656147,25.98996044435825,6.088541385967273,18.7797157977371,416.62712672176303,33.85678554440415,68.37346460788225,47.44271145722348,-947.3433157351252,1340.9202921701944
2025-09-05 21:24:11.697000,-29.329427982750293,131.77667120223228,345.1563421860243,23.160950049065324,3.514987654605889,16.35977962423803,413.35198770306454,31.727738913811745,67.90691814784037,47.47153255628598,-947.9746835859961,1341.4351692736855
2025-09-05 21:24:11.698500,-37.21896895174386,132.58069212822653,341.828280892143,20.552115717585295,1.0937186335605025,14.092801363313962,409.8048927213719,29.73815575970911,67.49302689325182,47.49359519169684,-948.5883837337489,1342.0701021394152
2025-09-05 21:24:11.700000,-44.08946931908717,132.90890885350325,338.20775263678576,18.176294686688514,-1.1562753828201038,11.994787673598143,406.11238408272885,27.89029878228703,67.13643449124103,47.50898832163449,-949.1759089468699,1342.8059693457462
2025-09-05 21:24:11.701500,-49.986303599955384,132.88769949282664,334.44682274075694,16.03119584381733,-3.225035867344933,10.074248719387077,402.41757566008806,26.176813820474077,66.84086258760155,47.5175763515048,-949.7288039551961,1343.6240055415583
2025-09-05 21:24:11.703000,-54.998564875600486,132.65594218551502,330.7050930559006,14.101179456400628,-5.11144341092161,8.332301210030435,398.8647084177674,24.581829609579355,66.6091584554724,47.51896061765535,-950.2388222562785,1344.5064708294867
2025-09-05 21:24:11.706000,-59.24239062336471,132.34408007422644,327.1282873145085,12.361666693067471,-6.821515381906924,6.763973283566722,395.5786625516583,23.083794723135156,66.4433609360396,47.512494030134945,-950.6981440795613,1345.436992569592
2025-09-05 21:24:11.710125,-62.83842357439164,132.0531434311478,323.8272339957327,10.785385542423978,-8.365432573998147,5.360624889833965,392.64542960163055,21.659634226227556,66.34475665578145,47.49732189166056,-951.0995898793416,1346.4007633617966
2025-09-05 21:24:11.714250,-65.88859160684756,131.8390295355795,320.86259829047884,9.349039254188467,-9.754080028228021,4.112916598597128,390.09861420361875,20.289255830619638,66.31387970322277,47.47244097903706,-951.4368083936907,1347.3840814272226
2025-09-05 21:24:11.718375,-68.45724444800939,131.7041940694539,318.23677541250646,8.038847833111431,-10.996121232814883,3.013457537996814,387.9128714028987,18.959286336290862,66.35044455123189,47.43678424767859,-951.7044909776544,1348.3728734467113
2025-09-05 21:24:11.722500,-70.55964488334273,131.59638917050685,315.8914828458798,6.853911267774381,-12.096267124233913,2.0584615640213353,386.00217176915015,17.665354797063493,66.45324102432326,47.38933014682465,-951.8986340418443,1349.3514366239742
2025-09-05 21:24:11.726625,-72.15914846374423,131.4148662737815,313.71127960685413,5.806984410732021,-13.054777205022408,1.2482555100045534,384.22290879681117,16.41272484225,66.62002598136374,47.32922424480029,-952.0167630943639,1350.3027276803105
2025-09-05 21:24:11.730750,-73.17396016548074,131.02516247075081,311.53533314846015,4.922549336339369,-13.868028813273089,0.5867611338020237,382.3846600265756,15.215182620440467,66.84743902201309,47.25589727991312,-952.0580329815244,1351.2095483718722
2025-09-05 21:24:11.739000,-73.49323099290993,130.28063059545488,309.1770550875523,4.23232412909018,-14.530158913152665,0.07999133599445254,380.26897325227094,14.092174863299705,67.13092841517671,47.16917261366195,-952.0232400183049,1352.0552224887251
2025-09-05 21:24:11.742250,-72.99995249500785,129.04561513507818,306.4470014584625,3.7688595185919196,-15.035707628823163,-0.26642054460410464,377.65188481521614,13.06458116381875,67.46466992313465,47.06936648114641,-951.9148192918497,1352.8238205275638
2025-09-05 21:24:11.745500,-71.59549858691034,127.21407372694944,303.17265035872634,3.5586078054788075,-15.382754778220889,-0.45026155405662555,374.32383079081643,12.150098869258093,67.84154316242793,46.95737646667204,-951.7368131202594,1353.5009122531183
2025-09-05 21:24:11.748750,-69.21865667774722,124.71790486282354,299.2093337803404,3.6165085324459216,-15.575579204058108,-0.4753979806488008,370.10174580104814,11.359699451573709,68.25324359108502,46.834734723869396,-951.4947428278598,1354.0750518158948
2025-09-05 21:24:11.752000,-65.85296904099384,121.5226825533128,294.439656485168,3.9438926460187393,-15.62586226198163,-0.35307691160824684,364.83091282323153,10.696355989579121,68.69052502077109,46.70359549617214,-951.1953539235014,1354.5394107254551
2025-09-05 21:24:11.755250,-61.52087635805044,117.61405290890119,288.76300268171696,4.530134758671546,-15.552064679026914,-0.10156777743444217,358.37689957173546,10.15618296893601,69.14351802186935,46.56663799414398,-950.8462582966935,1354.8928820170204
2025-09-05 21:24:11.758500,-56.268126075930226,112.9813314806488,282.08003932662325,5.357084656123146,-15.377284744905541,0.25553626884828406,350.6108566718158,9.731230176901905,69.60205996735017,46.42689395001128,-950.4555361634751,1355.140160548628
2025-09-05 21:24:11.765000,-50.14470140957974,107.60497877930939,274.2794907522215,6.404596782757938,-15.126230827273732,0.691884734999626,341.39586561585065,9.41293383504829,70.05597809743308,46.287538675115286,-950.031383964198,1355.2906510629718
2025-09-05 21:24:11.765625,-43.189474304941015,101.4532610475856,265.2351516502923,7.655188799189577,-14.822136570282701,1.1812452666704645,330.5846170146544,9.195173432743147,70.49530671584442,46.151690680539076,-949.5818596043895,1355.3564823767565
2025-09-05 21:24:11.766250,-35.423921125943,94.4889056268274,254.8151308162924,9.096246892060595,-14.484553929194474,1.6998739657281716,318.031228436026,9.075966684669071,70.91046381345872,46.02225261799731,-949.1147097073075,1355.3505302531194
2025-09-05 21:24:11.766875,-26.854742142708456,86.67925647942882,242.8936837989727,10.719621477950774,-14.128580967286814,2.227582938901964,303.60522533753215,9.057535474198186,71.29242722301565,45.901804274390884,-948.6372546219043,1355.2854949028488
2025-09-05 21:24:11.767500,-17.480694083327602,78.0021613482939,229.35451033779327,12.519775897471687,-13.765258960643518,2.74744231677928,287.19455679077606,9.145392950590649,71.63294504205543,45.7925388692091,-948.1563511251604,1355.1739831905697
2025-09-05 21:24:11.768125,-7.300478478859296,68.44828066701866,214.08888310689454,14.491427528684635,-13.40243244526237,3.244905960905036,268.702611690817,9.347164252067254,71.9247926665977,45.69624752241166,-947.6784555552274,1355.0285722287672
2025-09-05 21:24:11.768750,3.677230548059791,58.02636803802632,197.00070014366435,16.62654721794017,-13.045785878662288,3.706980813780763,248.0535533405397,9.671048624477363,72.1620429349817,45.614363073564476,-947.2097420102468,1354.8612988372697
2025-09-05 21:24:11.770000,15.419890290351525,46.773901740484526,178.0217095844838,18.91033230453437,-12.700337391204707,4.121205648763478,225.2081084012746,10.123342637311534,72.34027623761118,45.54801846963045,-946.7562071409568,1354.6829123632679
2025-09-05 21:24:11.773750,27.854246925179492,34.76961796538214,157.13010664482792,21.31642617517742,-12.37262755354612,4.473991090041248,200.18071424308806,10.70491687880076,72.45667125783443,45.49804713818153,-946.323776467097,1354.5024051482842
2025-09-05 21:24:11.777500,40.85016459006868,22.14286288028554,134.36479152212738,23.80236727764726,-12.073321062076133,4.748438228393598,173.05041062381213,11.407376109355994,72.509984230525,45.46493126227353,-945.9184372742629,1354.3272216022187
2025-09-05 21:24:11.781250,54.20982493325478,9.07613051521517,109.83109746505795,26.306543127334354,-11.819438698737166,4.922302724818728,143.9629319661714,12.209944747613882,72.50047619131628,45.44877646150312,-945.5462804363976,1354.164253955054
2025-09-05 21:24:11.785000,67.66563089607673,-4.200289593179112,83.69762784130239,28.747594352053326,-11.63544416682984,4.966823247820482,113.12474104612808,13.077821132804486,72.42982777759728,45.449359652614,-945.2133033062254,1354.0208002610061
2025-09-05 21:24:11.788750,80.88798807364726,-17.421854372807584,56.185327951661634,31.026637397253637,-11.55291148839908,4.8468391814362795,80.79086533437973,13.962477576711388,72.30103711962023,45.46622815260475,-944.9250176825584,1353.9041347308876
2025-09-05 21:24:11.792500,93.50311224658357,-30.311471135444485,27.54952293653183,33.03234924320158,-11.608858167041811,4.522358237673833,47.24776316976786,14.804225230643162,72.11829332002519,45.498817064984436,-944.6860557259865,1353.8194058657418
2025-09-05 21:24:11.800000,105.11971841457877,-42.60628621887238,-1.9430426681495834,34.648594067475784,-11.842875246543633,3.95148620411784,12.79244210656987,15.53687908766882,71.88683838823567,45.546582908450155,-944.4999393053429,1353.7671145353725
2025-09-05 21:24:11.803125,115.36103689508582,-54.0836107464648,-32.037728742266765,35.76362974050308,-12.29330964712698,3.094305533847497,-22.28918381072346,16.09374345320555,71.61283260493069,45.60912525929508,-944.3690838039719,1353.7418489347374
2025-09-05 21:24:11.806250,123.89668772912908,-64.58059937598304,-62.51120483091682,36.279353746338245,-12.993064580609923,1.9170002009477316,-57.740451881896256,16.41377754038324,71.30320716372334,45.68620540363756,-944.2949897800454,1353.7331667175267
2025-09-05 21:24:11.809375,130.46893106043728,-74.00518375645946,-93.18333010911971,36.119003101847625,-13.9658351123613,0.3953944032434904,-93.3456114217788,16.44682668512499,70.96545837321749,45.777612182575325,-944.2784773280409,1353.7281030857039
2025-09-05 21:24:11.812500,134.90980778657388,-82.33818612828192,-123.92074947349589,35.232350219729526,-15.223467930780588,-1.4826708799374557,-128.93369377131657,16.157269525492076,70.60736471434079,45.88294241593482,-944.3198361955623,1353.7138209107643
2025-09-05 21:24:11.815625,137.14777045208297,-89.62648174111892,-154.6316753028986,33.598048140808196,-16.76474205273951,-3.716224697121002,-164.37378709636593,15.525880906557624,70.23666330373082,46.00140619189395,-944.4188553316361,1353.6790606164204
2025-09-05 21:24:11.818750,137.20316255892635,-95.96701664266394,-185.25208038984476,31.222870757110368,-18.57568699506692,-6.291316578522526,-199.5621597887876,14.549757448290077,69.86074516979768,46.13171735427537,-944.5747527069108,1353.6138007904347
2025-09-05 21:24:11.825000,135.17288914896554,-101.48405664412059,-215.72611261797272,28.137787575693313,-20.63148712329879,-9.182552675774152,-234.40380932858497,13.240214918721675,69.48641443595953,46.272073898622246,-944.7860434119999,1353.5078118974152
2025-09-05 21:24:11.826125,131.20682869657196,-106.3045690814458,-245.98509627250772,24.39150651121855,-22.899695026575777,-12.355871271719032,-268.7916894405094,11.619003407597582,69.1197207001742,46.42022786258631,-945.0503955973232,1353.3499139379528
2025-09-05 21:24:11.827250,125.48095770691913,-110.53688830658234,-275.92906735060217,20.042914204042,-25.344058773390014,-15.7719162419877,-302.5873487308246,9.713734943919864,68.7658428158047,46.5736429165481,-945.3645304038066,1353.1288548789626
2025-09-05 21:24:11.828375,118.17321745810042,-114.25600572880894,-305.4141521357366,15.154199095163092,-27.928087856324566,-19.389231404982084,-335.60789146603435,7.5536210761419165,68.42900102295148,46.729686174925604,-945.724184424809,1352.8346124913378
2025-09-05 21:24:11.829500,109.44656235466358,-117.49658533256611,-334.2485082297873,9.785968643366447,-30.617698116394152,-23.166812178097654,-367.6233266993458,5.166317615462636,68.11240227757052,46.885774555977555,-946.1241074700339,1352.4589499174817
2025-09-05 21:24:11.830625,99.44105900368503,-120.25487170047703,-362.19911796415295,3.994856019693361,-33.38272393250388,-27.065873529318715,-398.36597284143176,2.5762647907946286,67.81824916845305,47.039462973305184,-946.5580953962719,1351.9958129618353
2025-09-05 21:24:11.831750,88.27571059232365,-122.50060479542343,-389.00986870726956,-2.166247885380436,-36.197281134939146,-31.050657087999646,-427.5507517963458,-0.19524346775111692,67.54782173641387,47.18852544994102,-947.019100125676,1351.4419470436706
2025-09-05 21:24:11.834000,76.05951686384611,-124.19638801701987,-414.42676208817096,-8.645421979493777,-39.03889488888332,-35.08799971999325,-454.9012196506405,-3.128212953334302,67.3016095321253,47.33104961725696,-947.4994288341342,1350.796852187851
2025-09-05 21:24:11.843875,62.908843979469594,-125.31846461969998,-438.222989529442,-15.387107790340592,-41.88647444146088,-39.14569671734502,-480.17422150604,-6.20076486112235,67.07949205685635,47.46550680582587,-947.9909861288434,1350.0622065767102
2025-09-05 21:24:11.853750,48.96484861897012,-125.87187113228924,-460.21665689768093,-22.327336122959874,-44.71778705459295,-43.190312175822015,-503.1766565422179,-9.385784370829732,66.88096268581099,47.59075331324206,-948.4855034130982,1349.241889753227
2025-09-05 21:24:11.863625,34.401550461186204,-125.89291115964072,-480.2743351762157,-29.391308435980704,-47.507674567475746,-47.1855972788717,-523.7678559963631,-12.649319764801755,66.70531488213923,47.705952644015525,-948.9747405839918,1348.3421769406295
2025-09-05 21:24:11.873500,19.418423230513184,-125.43749566338293,-498.2991460676851,-36.49503082097742,-50.228036703116935,-51.092496777072995,-541.8464242701793,-15.952129881187064,66.55171346065781,47.81045180737922,-949.4506951543976,1347.370903721082
2025-09-05 21:24:11.883375,4.223202200093495,-124.56516771191981,-514.2140345911298,-43.549745194838934,-52.84929451172792,-54.87060956289488,-557.3326096211964,-19.25338710931174,66.41918168695084,47.90366302470173,-949.905853931638,1346.3362062157003
2025-09-05 21:24:11.893250,-10.982113428564613,-123.33146346272484,-527.9541034203905,-50.465946588287075,-55.34194398695154,-58.479929172053154,-570.1601941568241,-22.51387760262895,66.30656192562701,47.984978437951185,-950.3334534008815,1345.2465420067292
2025-09-05 21:24:11.913000,-26.0045582278257,-121.79154829659824,-539.4712359421021,-57.15490894615874,-57.67706151424022,-61.8817761239571,-580.2807607846023,-25.69702906827066,66.21246768172973,48.05371798290929,-950.7276721947297,1344.112330416462
2025-09-05 21:24:11.913750,-40.65403365344465,-120.00939909151452,-548.7448034987398,-63.5278042302316,-59.8256021908047,-65.03862924539843,-587.6740092656952,-28.76793228084032,66.13525974083198,48.10911002696494,-951.0837112102998,1342.9476381090972
2025-09-05 21:24:11.914500,-54.73298851852458,-118.06607220094037,-555.7915883197918,-69.49372811693712,-61.75704162664689,-67.91321114260643,-592.3574476921159,-31.69140962748852,66.07309426809309,48.15031795852207,-951.3977689215974,1341.770341848889
2025-09-05 21:24:11.915250,-68.02760747256798,-116.06372023944958,-560.6711833777898,-74.95821550604221,-63.43811748843499,-70.46744355079763,-594.3916080875175,-34.43023571660525,66.02405015397552,48.17654434610089,-951.6669870166917,1340.6013487460932
2025-09-05 21:24:11.916000,-80.30424850937418,-114.12465079814565,-563.4857250333589,-79.82332505961708,-64.83221949043728,-72.66178726615883,-593.8793322336749,-36.94423976050937,65.9862786538885,48.187222599000656,-951.8894487477473,1339.4644132985513
2025-09-05 21:24:11.916750,-91.31263331459145,-112.38464312703934,-564.3731176592717,-83.98965105275349,-65.89967522219345,-74.4552440031617,-590.9584711594918,-39.19062145934842,65.95809037261618,48.18221492375327,-952.0642002143702,1338.3861081737186
2025-09-05 21:24:11.917500,-100.79651564643322,-110.9795164468284,-563.493075794902,-87.36034500447808,-66.5991200338404,-75.8062741822978,-585.7880001507583,-41.125677004442984,65.9379511404404,48.16190520101356,-952.1912229752804,1337.394741249931
2025-09-05 21:24:11.919000,-108.5118039046281,-110.02652193469908,-561.0078448148344,-89.84708758083,-66.89011540641654,-76.67491085589366,-578.5299020190773,-42.70798570697152,65.92442717451912,48.127174350220486,-952.2713686302711,1336.518914457687
2025-09-05 21:24:11.922250,-114.25008307740494,-109.60490346876514,-557.0621681322903,-91.37749541296353,-66.73688197617004,-77.02603612535071,-569.3312382679838,-43.902715390897406,65.91612384148017,48.07931767396892,-952.3062933956339,1335.7866621129651
2025-09-05 21:24:11.925500,-117.86303881170255,-109.74050945046245,-551.7676238699679,-91.9027630351699,-66.11253766387291,-76.83323706157357,-558.3108622373329,-44.68622285425515,65.91164722915498,48.019943921605176,-952.2983766769504,1335.2247219106684
2025-09-05 21:24:11.928750,-119.2821019712515,-110.39766674495394,-545.1943527971412,-91.4038589353335,-65.00287609716352,-76.08227299372969,-545.553044183896,-45.04983461223944,65.9096071116996,47.95087622244788,-952.2505607202849,1334.8575625142166
2025-09-05 21:24:11.932000,-118.52911827264074,-111.47915403233623,-537.3703514676503,-89.89494352466097,-63.40884805253375,-74.77333671508985,-531.1078698637898,-45.00191596030636,65.90866129621578,47.8740768142325,-952.1661186951038,1334.7064165858774
2025-09-05 21:24:11.935250,-115.71646681987416,-112.83492244730482,-528.2885659504058,-87.42351842837557,-61.34741416992114,-72.92185502155316,-514.9988514885542,-44.56789765422917,65.90759621139269,47.79160246048145,-952.0485031195277,1334.7883976668181
2025-09-05 21:24:11.938500,-111.0363135435808,-114.28023723370235,-517.9226188088187,-84.06721359412286,-58.85072500805246,-70.55787472414009,-497.23865674490514,-43.788234667098905,65.90543528114692,47.70556574474521,-951.9013671137487,1335.1154832216816
2025-09-05 21:24:11.945000,-104.73977164785762,-115.62063463187062,-506.2489753682902,-79.92736816000578,-55.963637908770714,-67.7240306895233,-477.85055419569846,-42.71440962937541,65.9015476778831,47.61806784707147,-951.7286632184317,1335.6933433885797
2025-09-05 21:24:11.945625,-97.10909890722266,-116.6777207093094,-493.2699391545419,-75.12027517430795,-52.739834754680324,-64.47223265919371,-456.8900208941483,-41.4035081263736,65.89572151574593,47.53108251364171,-951.5347362666313,1336.5203067073762
2025-09-05 21:24:11.946250,-88.4282918468653,-117.3100532963654,-479.0318282265757,-69.76771908519612,-49.23724442660921,-60.859616434417624,-434.4612316205639,-39.912421066755975,65.88819175054888,47.44628351003237,-951.324393430242,1337.586563526299
2025-09-05 21:24:11.946875,-78.9577993895827,-117.42622980889905,-463.63518668854914,-63.98859873726594,-45.513694578713235,-56.94458801458146,-410.72560966962214,-38.292856345118544,65.87966216766945,47.36485708854864,-951.1028499546754,1338.873760333223
2025-09-05 21:24:11.947500,-68.91715135114153,-116.98989407422657,-447.23636101932834,-57.89283604706226,-41.6234482211736,-52.783611355479024,-385.90169829493885,-36.58788157995544,65.87134324058398,47.2874034342758,-950.8754234592678,1340.3557942185107
2025-09-05 21:24:11.948125,-58.4769115643561,-116.01631265185055,-430.0401132483562,-51.57795592370621,-37.61486776793565,-48.42895266467959,-360.2557403442654,-34.83019005071915,65.86492910537773,47.21398318836777,-950.6470302227043,1342.001225158091
2025-09-05 21:24:11.948750,-47.760416715093584,-114.55990850377962,-412.2831886934148,-45.12838991322614,-33.529376181977376,-43.92746579272571,-334.08318443168486,-33.04216856532162,65.86243683319701,47.144253394958675,-950.4217335358657,1343.7761474877134
2025-09-05 21:24:11.950000,-36.8550382253927,-112.69467805850292,-394.2114082380598,-38.61748497059492,-29.40189151781681,-39.320622295555594,-307.6844042830658,-31.237808395591575,65.86595703468397,47.077625399940736,-950.2025564068124,1345.6460866688494
2025-09-05 21:24:11.955250,-25.830796270483223,-110.4922846143221,-376.0554240644216,-32.111771903194544,-25.262639856518764,-34.64585960562168,-281.3400810657408,-29.42617245452898,65.87742323632172,47.01342879341391,-949.9915582196331,1347.5768932236233
2025-09-05 21:24:11.960500,-14.761527677093632,-108.00393207630219,-358.01119491355115,-25.67622377799077,-21.139854893236077,-29.938881140964007,-255.2922270114443,-27.615602204725228,65.89845908076687,46.95105922092827,-949.7900604189286,1349.5352331208906
2025-09-05 21:24:11.965750,-3.741660862207872,-105.25212250842952,-340.23113214292795,-19.378492925791505,-17.062482665637255,-25.23605263975601,-229.73642495852266,-25.817333909621915,65.93030656296447,46.89006289863619,-949.598918006189,1351.4888981057866
2025-09-05 21:24:11.971000,7.10766925839754,-102.23517537388446,-322.8286701115028,-13.290249557276688,-13.06182563337174,-20.575877286693814,-204.82731298360255,-24.047211473037134,65.97381356392252,46.83014189821918,-949.4187526529583,1353.4071795263326
2025-09-05 21:24:11.976250,17.645086671364908,-98.9416321457012,-305.89302487929757,-7.484995595885933,-9.171458220142458,-15.998937286539695,-180.69350430423592,-22.325037835369653,66.0294585039501,46.77110747617343,-949.250114816695,1355.261450531416
2025-09-05 21:24:11.981500,27.7250124964149,-95.36813697684279,-289.50711638105804,-2.033197089564945,-5.425527726005887,-11.546345499752025,-157.45480092359028,-20.672153407521222,66.09738813523573,46.71281029007875,-949.0936236107377,1357.0257513459783
2025-09-05 21:24:11.992000,37.21734512880705,-91.53415276002563,-273.76146363172626,3.0035406734201904,-1.8561012423480236,-7.257212764400722,-135.23462198050802,-19.108348760336845,66.17742654790034,46.65507254604785,-948.9501096749196,1358.67714865397
2025-09-05 21:24:11.993625,46.023780077867265,-87.48793879231633,-258.7583899034235,7.57728431849693,1.509569123561233,-3.1658997742074892,-114.16235187294956,-17.649243952640212,66.26903278685539,46.59765135332995,-948.8206624338992,1360.1958273921355
2025-09-05 21:24:11.995250,54.0845802687507,-83.30100255683453,-244.60440513827555,11.65592024228008,4.650903336871419,0.700000324554263,-94.36426251682572,-16.305022349853886,66.37125891055662,46.540238426877295,-948.706459117729,1361.565179934778
2025-09-05 21:24:11.996875,61.372724446884156,-79.05289620222347,-231.3937416934603,15.221787308335093,7.554162073893422,4.320084017764231,-75.94674860231021,-15.080974708149862,66.48278485539717,46.48247525454457,-948.6083780858181,1362.7721482297593
2025-09-05 21:24:11.998500,67.87787054356114,-74.8129544155752,-219.1904823808347,18.267307428427017,10.210792315693773,7.679738252578272,-58.979447702388484,-13.979605458070038,66.6020453440789,46.42397491481467,-948.526543340142,1363.807954066352
2025-09-05 21:24:12.000125,73.58863804964705,-70.62799205411294,-208.01835440263227,20.789856255185438,12.614879521391352,10.767746996310363,-43.486782567852096,-13.003098378242786,66.72741030703241,46.36436562884905,-948.460005297985,1364.6691696732241
2025-09-05 21:24:12.001750,78.4829236794453,-66.52194057267634,-197.8634056856803,22.788642381888412,14.76121085216849,13.57432771827281,-29.452333435696183,-12.154577053329644,66.85736992491181,46.303369107816685,-948.406668534889,1365.3584168897123
2025-09-05 21:24:12.005000,82.5304461920589,-62.506155537399465,-188.68735078438536,24.264903437239653,16.644958878126225,16.09060211286488,-16.833237636090338,-11.4373800485992,66.99067671586177,46.24089835409061,-948.3634194273111,1365.8839869119884
2025-09-05 21:24:12.005500,85.70510809195073,-58.5941528034434,-180.44493194492028,25.224884548362887,18.262999195598276,18.30961867320981,-5.577685539740438,-10.852652577786216,67.126394841813,46.1771496281339,-948.3263681442701,1366.2583804758015
2025-09-05 21:24:12.006000,88.00143127999871,-54.81452116872253,-173.09909697779256,25.684108627264784,19.616124715283497,20.228363942546068,4.360774875604903,-10.39620636901938,67.26383445129257,46.11268601247147,-948.2911829899734,1366.4962288081351
2025-09-05 21:24:12.006500,89.44905244153479,-51.21856319371077,-166.63063701866017,25.671246922862235,20.711150190722748,21.849882602285515,13.015061060750961,-10.055808989083037,67.40241497732374,46.048491796340706,-948.2535029236988,1366.6127752611528
2025-09-05 21:24:12.007000,90.12124961220225,-47.881838384193436,-161.04146310001872,25.23033974819681,21.56218111718237,23.184783127195328,20.4025277178294,-9.809737931652906,67.54151349200636,45.98593450078968,-948.2093234431386,1366.6239995604283
2025-09-05 21:24:12.007500,90.13583086435244,-44.89894604528914,-156.3508091800527,24.420809618057167,22.19084507800466,24.25185706205907,26.52941336883382,-9.626883058500077,67.68032507596082,45.92662175584949,-948.1552174910952,1366.5475696627655
2025-09-05 21:24:12.008000,89.64764681066706,-42.3707950436564,-152.58365193003362,23.315003653971846,22.625461635313435,25.077707459896157,31.40242194764338,-9.468494053789923,67.81779292445735,45.87222850440836,-948.0883866911199,1366.4029343399452
2025-09-05 21:24:12.009000,88.83277234243036,-40.38614528420678,-149.7532972484016,21.993183190301888,22.899039697721054,25.695197962344224,35.04531117107826,-9.291614298065703,67.95266591653758,45.82436909961968,-948.0066476326874,1366.2100095890037
2025-09-05 21:24:12.013000,87.86637054518103,-39.001978246320235,-147.84270091486738,20.53649504036373,23.046151050270986,26.1407221795481,37.515850438848446,-9.053853449863826,68.0836556478765,45.78453507929681,-947.9084141713766,1365.9868743476854
2025-09-05 21:24:12.017000,86.8988449727859,-38.22842507378247,-146.79019371339183,19.019321669515598,23.099162506511913,26.450737074717686,38.91777338468246,-8.718559956215312,68.20963163778404,45.754087398664616,-947.7927085829175,1365.7477534745576
2025-09-05 21:24:12.021000,86.03703292756823,-38.02395427229586,-146.4854882432113,17.503038911105463,23.084757175499806,26.658394749455077,39.40237983913302,-8.259019626346774,68.32981075107392,45.73428051880618,-947.6592407726132,1365.5028278131822
2025-09-05 21:24:12.025000,85.33663829817083,-38.3034799624255,-146.7787864196058,16.03302986170173,23.021826498194752,26.791222151684256,39.15749340108343,-7.660461924112691,68.44387694604039,45.72628710675506,-947.5085350146385,1365.259522031859
2025-09-05 21:24:12.029000,84.80784063914842,-38.95650312489005,-147.50002045070707,14.63957825179815,22.921367231287668,26.870427215355996,38.38707311966724,-6.919532932746036,68.55197472821713,45.7311890593486,-947.3420639622238,1365.0234633009723
2025-09-05 21:24:12.033000,84.43105176268851,-39.868904714684966,-148.48172731198667,13.34181820725118,22.78820143602319,26.91174364074856,37.288051154124716,-6.0418628118625195,68.65457993593672,45.74990882494441,-947.1623757080895,1364.7985323738058
2025-09-05 21:24:12.041000,84.17683933526675,-40.94169986535705,-149.57871908118906,12.153079150376094,22.62372517619545,26.92725292634817,36.031146070372166,-5.038813249949538,68.75228218328736,45.78307722661103,-946.9731373757626,1364.5868986575497
2025-09-05 21:24:12.043875,84.02300684980756,-42.1010432162822,-150.67859195604456,11.085674121007601,22.428684388588312,26.92743514177984,34.75148811870419,-3.924504358499224,68.84553402257619,45.83087623973174,-946.7789818697934,1364.389423005102
2025-09-05 21:24:12.046750,83.96265183282549,-43.29646347122087,-151.69988136318588,10.153353195921364,22.20504971388413,26.922628049335156,33.55182859823682,-2.7140290276699455,68.93446548859542,45.89292929326896,-946.5851732690803,1364.205727152963
2025-09-05 21:24:12.049625,84.00002710021595,-44.488905546616955,-152.57954141035233,9.370414654880934,21.956327079710654,26.92318576979761,32.51573344162399,-1.4234188775389505,69.01884069744821,45.968287277561394,-946.3972543940687,1364.0337866836871
2025-09-05 21:24:12.052500,84.13639398747388,-45.635050317087284,-153.25654092227293,8.747925020576139,21.68625304580009,26.93818961846536,31.72333360602425,-0.07122224365586581,69.09815195104648,46.05550121303319,-946.2208473139258,1363.8699121796926
2025-09-05 21:24:12.055375,84.35419237565077,-46.67709736860649,-153.66103341740157,8.289265824344932,21.396768236831498,26.97348116858543,31.260669882134284,1.3195157298165456,69.1717999318984,46.152743196389565,-946.0616376563554,1363.709272101264
2025-09-05 21:24:12.058250,84.60926237536918,-47.54419829186735,-153.71537321645215,7.987785462809838,21.08664246037926,27.03027866565621,31.217421491396113,2.7205456402949157,69.23927616451577,46.25792677205541,-945.9253852903107,1363.5462783032208
2025-09-05 21:24:12.064000,84.83539887528121,-48.16425155642865,-153.34562139306308,7.827933341403503,20.751604993969853,27.105229809673492,31.675037223972428,4.099865495826034,69.30025833554338,46.36878495595471,-945.8177752932966,1363.3746859571766
2025-09-05 21:24:12.064625,84.95885465379148,-48.47965478913873,-152.49696679539878,7.789354901583455,20.385942081349864,27.19196199558222,32.6920063680944,5.42505244679114,69.35461030721748,46.48290504239449,-945.7440895502597,1363.1877010540138
2025-09-05 21:24:12.065250,84.91698427914113,-48.4607426616645,-151.14672979072634,7.852328518646927,19.984917044436617,27.283547188819266,34.292300707059184,6.667450216481163,69.4023544786494,46.59775139226404,-945.7088125919463,1362.9780975603544
2025-09-05 21:24:12.065875,84.67486591563741,-48.11367505968929,-149.31181601282069,8.002697119806134,19.54715932199712,27.374987636436785,36.45941331143048,7.805940854317041,69.44366157469574,46.710701127121496,-945.7152748668774,1362.738070742108
2025-09-05 21:24:12.066500,84.23578412133406,-47.48218581146617,-147.04996640720708,8.235036564996717,19.07639988073429,27.465045669375957,39.1361001715412,8.82939389797006,69.47886216239488,46.81907737572041,-945.765359290319,1362.4588592761538
2025-09-05 21:24:12.067125,83.64396147193762,-46.642586680339704,-144.45390335304663,8.553657002981007,18.582319664432042,27.557203466494585,42.23065338196907,9.737498440634688,69.5084863149466,46.92013190806972,-945.8592584753319,1362.130727346569
2025-09-05 21:24:12.067750,82.978856234925,-45.69114168500927,-141.63736334715912,8.971340482370122,18.080351443316065,27.659664506706836,45.630866836860385,10.539914526182793,69.53332123222434,47.01097812092655,-945.9953234257835,1361.743653869159
2025-09-05 21:24:12.069000,82.34103607812604,-44.725382099199194,-138.71491183157696,9.505758296874372,17.590214985804074,27.784244551722253,49.22390171418381,11.253704344698898,69.55443816916427,47.08854682052893,-946.1700813800837,1361.2883391454452
2025-09-05 21:24:12.072500,81.831598303286,-43.823767173474046,-135.7805211465572,10.173946560850261,17.133211456088528,27.944172582899995,52.917000003179176,11.899278433730581,69.5731468814008,47.14962528485859,-946.3784247990587,1360.7571553400066
2025-09-05 21:24:12.076000,81.52970995040266,-43.02941002365405,-132.8909094598477,10.986019040222057,16.728776927423148,28.151173001816577,56.653008186909766,12.495662591241242,69.59088126512388,47.19099408752294,-946.6138921715618,1360.145162069667
2025-09-05 21:24:12.079500,81.47496936643212,-42.343713960866324,-130.05920345568512,11.940037829783854,16.3912241314451,28.41259138767869,60.415525292625745,13.056467795669613,69.60906342328215,47.20963905721263,-946.8689932546896,1359.4512452505214
2025-09-05 21:24:12.083000,81.66078195443248,-41.73278249882624,-127.26145419096454,13.019928004817066,16.127729581042665,28.729534451751427,64.22169581438536,13.587896556892474,69.6290104715805,47.20297450721296,-947.1356143480643,1358.6790255681026
2025-09-05 21:24:12.086500,82.04074408318372,-41.143768519496014,-124.4532766977529,14.197164673166563,15.938208981640873,29.096666319766776,68.10550016293587,14.089195873606158,69.65190963016542,47.16901808181083,-947.4055235327141,1357.8371340545864
2025-09-05 21:24:12.090000,82.54503440425539,-40.524655703190646,-121.59024966493607,15.435492049544873,15.816945991863676,29.50360889696192,72.09776919360911,14.554931956121784,69.67882858606174,47.10650226695307,-947.6709058396904,1356.9386415985073
2025-09-05 21:24:12.097000,83.10080354743452,-39.8407727399949,-118.64503129483825,16.697022771743537,15.755211150114988,29.937363112216772,76.209971349427,14.978026620687677,69.71071892933922,47.01492334382499,-947.9248502193681,1355.99966632433
2025-09-05 21:24:12.101750,83.6495553546345,-39.08261313026632,-115.61537024721835,17.94774824341011,15.743890254388274,30.38491727922754,80.42730989171054,15.352497223179403,69.7483851368434,46.89453049855615,-948.1617439566226,1355.0375233023879
2025-09-05 21:24:12.106500,84.15539938595673,-38.2622631666466,-112.52049090346547,19.160667381069604,15.775221997791599,30.835123062889267,84.71300741866246,15.674999925055243,69.7924019937714,46.74627653376771,-948.3774971574055,1354.0691568541451
2025-09-05 21:24:12.111250,84.60100129417289,-37.40013877800365,-109.3877438629881,20.315473736693647,15.842984532617608,31.27912060278021,89.021868534233,15.944604462490304,69.84300183531137,46.57175795074414,-948.5695494129452,1353.110500289593
2025-09-05 21:24:12.116000,84.97332772718453,-36.50847297719501,-106.23561427604427,21.3952014957161,15.941033382010993,31.70923242450382,93.31753081163524,16.160918088688515,69.89998750028165,46.37315846863177,-948.7367607890645,1352.1765583069982
2025-09-05 21:24:12.120750,85.24743606039496,-35.58061141580533,-103.06211114440954,22.382055698790932,16.061053109493667,32.11709896711588,97.58431869816204,16.32172725804031,69.96271708707732,46.15319030232189,-948.8793161865756,1351.2816606630213
2025-09-05 21:24:12.125500,85.37806103733419,-34.59205100000186,-99.8452454776045,23.25520494382695,16.191010085841448,32.492269734978294,101.82680762445291,16.421809994987292,70.0301875044253,45.91501126672125,-948.998625054454,1350.439795889919
2025-09-05 21:24:12.135000,85.30335871005231,-33.51173059062386,-96.55470318458377,23.991872172079724,16.315364112607085,32.82212276368778,106.05842670349872,16.453803601495647,70.1012185119516,45.66211033302588,-949.0971368858224,1349.6650483610929
2025-09-05 21:24:12.135000,84.95853909874337,-32.31726508421976,-93.16815529782825,24.571203472330858,16.417065299984767,33.09324226231309,110.28602567445695,16.4108284463121,70.17469733902496,45.39819012457082,-949.1780553139529,1348.9720486836477
2025-09-05 21:24:12.135000,84.29372000836271,-31.00809584304203,-89.68554422812863,24.979368387795436,16.48054834509825,33.293735972825154,114.4968767686593,16.289843842018072,70.24983128910475,45.12708687103393,-949.2449686337696,1348.3760086794055
2025-09-05 21:24:12.135000,83.28992550128974,-29.613379883963916,-86.13767889529046,25.21410817288826,16.494625577871393,33.41559698109556,118.65124435495366,16.094549297872657,70.32635718864836,44.852741097350616,-949.3014508064285,1347.8916449363778
2025-09-05 21:24:12.135000,81.9690713424625,-28.193919670899223,-82.58819892838376,25.28748013965526,16.454453067978566,33.45633281703634,122.68089859086452,15.837042976244197,70.40463036217668,44.57917934464936,-949.3507590961757,1347.5313788317462
2025-09-05 21:24:12.135000,80.39623128534694,-26.83745775363579,-79.128217555125,25.226340564009416,16.362328884338865,33.41962244826538,126.49427482348672,15.538011029837053,70.48554640281483,44.31045809903336,-949.3957353112601,1347.3041390274493
2025-09-05 21:24:12.135000,78.67345368873436,-25.646408880814256,-75.86298003966968,25.07037614434024,16.227337468419076,33.315057069457346,129.98956123742755,15.225402850265125,70.57036931881265,44.05058657880529,-949.4388782086859,1347.215026515465
2025-09-05 21:24:12.135000,76.92509590309248,-24.719454643212178,-72.8924796063001,24.867587929915498,16.063778908275008,33.15689893627768,133.07398201903953,14.93155701029693,70.66058830936745,43.80347260477101,-949.4824471691205,1347.2651256804675
2025-09-05 21:24:12.142375,75.2765793060418,-24.13123699587728,-70.2906263634763,24.66769610780762,15.888437291117352,32.961808243958245,135.68405396632824,14.689001336089289,70.75783817243249,43.57288687286144,-949.5284938621735,1347.451276401338
2025-09-05 21:24:12.149750,73.8320416512476,-23.91651968616705,-68.08924663763602,24.515057083630253,15.71729759718307,32.74600665805345,137.80001359275755,14.525849253998249,70.86384843139348,43.36241878621505,-949.5788161460509,1347.766155912991
2025-09-05 21:24:12.157125,72.66061676057483,-24.066606551488732,-66.27455386501619,24.4439307416251,15.563144283241733,32.52313564188783,139.44720706280418,14.462661220912711,70.98039439436403,43.17541942760144,-949.6348059763312,1348.198961293525
2025-09-05 21:24:12.164500,71.79869547166655,-24.540616826379225,-64.7986279612991,24.478291577290147,15.435419424855416,32.30405131246652,140.68304456783662,14.512341851422942,71.10921779777999,43.01493628262944,-949.6971225068536,1348.7365523689487
2025-09-05 21:24:12.171875,71.26346838620327,-25.282779297582497,-63.59668177500883,24.635036745150124,15.342049172376228,32.09835472880905,141.57946821598878,14.682381172761039,71.2518798379366,42.88364271567415,-949.765312955997,1349.3643737614602
2025-09-05 21:24:12.179250,71.06485177650045,-26.23324019892983,-62.59726023965812,24.92705250034327,15.29142676797323,31.91608286889841,142.2132605362547,14.977038931091734,71.40957138414177,42.78376551582653,-949.8376674798475,1350.0667346975551
2025-09-05 21:24:12.194000,71.20758704513275,-27.328155126392968,-61.721516598337054,25.36372366269694,15.29301015656659,31.768175967958094,142.66703799687477,15.397810467185412,71.5829587520216,42.71699678677908,-949.9113880915917,1350.8267762761498
2025-09-05 21:24:12.200500,71.68368391033412,-28.492985744073554,-60.876165379010835,25.948766832498485,15.356149357081357,31.665402103684656,143.0360701384917,15.942095656502202,71.77211823261263,42.68437558241027,-949.982913219243,1351.626543697228
2025-09-05 21:24:12.207000,72.46003651143083,-29.63552205661276,-59.946928920064735,26.676649316951472,15.487659968589833,31.616212521902394,143.43431198558693,16.600897513540325,71.97656312225217,42.68616706767517,-950.0482900733707,1352.4473290932638
2025-09-05 21:24:12.213500,73.46832316358639,-30.645230552544835,-58.79913827239208,27.529574392380795,15.689232372527846,31.624409289057027,143.9930790379617,17.356841502012742,72.19532019130853,42.72177468469704,-950.1035521912814,1353.2704575225753
2025-09-05 21:24:12.220000,74.6038021162941,-31.402579365614585,-57.28917084685882,28.476953996986346,15.955888058205424,31.687616455552007,144.84902577631308,18.18383794211476,72.4269728997693,42.78968847034349,-950.1450039337635,1354.0784916174534
2025-09-05 21:24:12.226500,75.7353952669696,-31.796297947180786,-55.28440669211191,29.478133974191305,16.276169316426575,31.797187837718894,146.12431620844632,19.048966247038724,72.66962313712115,42.8874915713794,-950.169366756201,1354.8565195926612
2025-09-05 21:24:12.233000,76.7244422498699,-31.742678015783607,-52.68509333326676,30.487690105095172,16.633956278293024,31.939559997678444,147.9057995280403,19.91608358167408,72.92081530525238,43.01196802399613,-950.1738502928844,1355.5933835127853
2025-09-05 21:24:12.246000,77.44644121408011,-31.200574097081194,-49.44088487942432,31.461778415784874,17.011294583110626,32.09864365285506,150.23020723243215,20.750065111430004,73.17750330831161,43.15930235562747,-950.1561658049721,1356.2827455317247
2025-09-05 21:24:12.252000,77.80901500321708,-30.176821887354368,-45.55619998298093,32.36376294331523,17.391410684048754,32.25864085085271,153.08077201036028,21.520598627782796,73.43609199801689,43.32532367229462,-950.1144529080628,1356.9234682713322
2025-09-05 21:24:12.258000,77.76009614207541,-28.719497494628797,-41.082156491312354,33.1673776943076,17.760939130874334,32.40642343405035,156.3969071124549,22.204583148654937,73.69252897319917,43.505777224084234,-950.0471953462352,1357.5190227385
2025-09-05 21:24:12.264000,77.2831480357568,-26.90101208129243,-36.09815303518237,33.8561941116152,18.11041839935,32.53251303211866,160.09339462045185,22.786296237927978,73.94243145982634,43.696619264457105,-949.9532621174011,1358.0762763930397
2025-09-05 21:24:12.270000,76.38151531145877,-24.797708993841834,-30.6905881341988,34.4196502130283,18.432818157655042,32.63026739065088,164.0813955109844,23.25527315603548,74.181272049276,43.894277647081,-949.8320996752043,1358.6039423712164
2025-09-05 21:24:12.276000,75.06019844799856,-22.475003700050014,-24.937936058267844,34.84792195619661,18.72109426249212,32.69398644731845,168.2822576261616,23.603270889179303,74.40464486682586,44.09576724943946,-949.6839687495208,1359.1109087109508
2025-09-05 21:24:12.282000,73.3149401798421,-19.98420918761544,-18.908110600769735,35.128623085926634,18.966369676538573,32.71731981769205,172.6289542111241,23.822288543326177,74.60858535846438,44.29859835882135,-949.5100946307609,1359.6052511248463
2025-09-05 21:24:12.294000,71.13327500158702,-17.370130959075336,-12.666630513689555,35.24693348402648,19.15773489223612,32.69298574001924,177.0574893717691,23.904716605581886,74.78986896255503,44.50056116615781,-949.312667822144,1360.0948508114016
2025-09-05 21:24:12.311500,68.50557096075163,-14.68347933009781,-6.2889350577158325,35.18880014893411,19.283664649776753,32.61394077996538,181.49502320632922,23.845394452961887,74.94621076278807,44.699536275876596,-949.0947242486501,1360.5893379271538
2025-09-05 21:24:12.329000,65.44051774166032,-11.992000324482703,0.12948060727047644,34.945654485662615,19.334397799410233,32.47544934966885,185.8505359588322,23.644544637389412,75.07632022038734,44.89339184327807,-948.8599902295382,1361.101507116734
2025-09-05 21:24:12.346500,61.978926555365064,-9.386929905106099,6.4680203863071855,34.51878983370978,19.304363441559346,32.27717169269492,190.01046234947555,23.310342170034804,75.17981175375016,45.0799488183296,-948.6127696277717,1361.6465085405653
2025-09-05 21:24:12.364000,58.20162746954894,-6.983772447341497,12.58131713397217,33.92209687677453,19.193913223676958,32.02455030606928,193.83924758004767,22.860292700801182,75.25703433127833,45.25700205244996,-948.3578808197379,1362.2392894284485
2025-09-05 21:24:12.381500,54.229933336553415,-4.9164518859560085,18.305882078044082,33.182694001970425,19.010086065340523,31.729303879487194,197.1856492290098,22.32119130749974,75.30890451163202,45.42237792849701,-948.100568880614,1362.8923006917084
2025-09-05 21:24:12.399000,50.218180953138024,-3.3239470887541347,23.47461292317741,32.339281578125664,18.766332323141256,31.40906731303734,199.89663023006202,21.72761750548286,75.33677731717322,45.573998624544146,-947.8463252705507,1363.6146570102055
2025-09-05 21:24:12.434000,46.33827785129462,-2.3311115250307766,27.937381664595193,31.43807091708097,18.4810408058027,31.086010834252914,201.83753601865124,21.11889550488417,75.34234186796756,45.709951418851006,-947.6006550042717,1364.412123443025
2025-09-05 21:24:12.434000,42.75793572265903,-2.0280434667810776,31.582341969779023,30.526618599287865,18.174854859438952,30.784307726167107,202.9131691079891,20.5347077684708,75.32750808941798,45.82856935496366,-947.3688856405546,1365.286741273696
2025-09-05 21:24:12.434000,39.61678291195516,-2.4529653835132783,34.352803999512794,29.646729197721285,17.867240795616226,30.52685698867895,203.08409050232186,20.010108418658607,75.29425912849555,45.928519633821914,-947.1560408476602,1366.235925387973
2025-09-05 21:24:12.434000,37.00595599704035,-3.582134397378089,36.25726655304604,28.828087150066803,17.57319071970262,30.332192550080272,202.37565744506088,19.5711087000737,75.24451597881799,46.00891412522089,-946.9667180881346,1367.2517123493299
2025-09-05 21:24:12.434000,34.95553214924946,-5.328044705718214,37.371989388569446,28.083935279727317,17.30083666449065,30.21237233547937,200.87962016300264,19.231788600887825,75.18009975846019,46.069447771865185,-946.8049305671501,1368.3206816668007
2025-09-05 21:24:12.434000,33.43159543989307,-7.54674853831434,37.834334670548124,27.4094222265618,17.0502700090867,30.17196901249207,198.74645739504444,18.993280120869265,75.10279854756052,46.110501613003095,-946.6739942944503,1369.4247434615081
2025-09-05 21:24:12.434000,32.343454360508694,-10.055033398069813,37.824974218080946,26.78294290199964,16.813670267932913,30.20804038400666,196.16636520580806,18.844705161925138,75.01447435841857,46.133125806891286,-946.5765708507998,1370.5426612969768
2025-09-05 21:24:12.434000,31.56059035384,-12.655074969394585,37.54181818393673,26.17053219276382,16.576908755190008,30.311260311147034,193.34266226326602,18.766101674173363,74.91715934851712,46.138907897687496,-946.514821062943,1371.651792431383
2025-09-05 21:24:12.444000,30.93664350297527,-15.160661805863757,37.173072068377024,25.532672827341973,16.32253228809309,30.46831077505639,190.4659758811594,18.73293657022058,74.81310864305792,46.12981781598672,-946.4905429791437,1372.729502294501
2025-09-05 21:24:12.454000,30.335220889020626,-17.4183647127283,36.876355350780635,24.832032790960103,16.033515495229693,30.66503534504237,187.6954195577277,18.721143824583784,74.70478166784824,46.108091920513885,-946.5052554184786,1373.7538297648634
2025-09-05 21:24:12.464000,29.65094860716934,-19.318373331047955,36.76817323551922,24.040083863551022,15.696823164714278,30.889453445087444,185.1496934455308,18.711348859269982,74.5947596618768,46.076122085661865,-946.5602118643103,1374.7030961590854
2025-09-05 21:24:12.474000,28.820100215357517,-20.792964263610507,36.92525117081243,23.14074464323619,15.30582086796998,31.133786777193734,182.90925059635072,18.691209367191636,74.48564976316928,46.0362989789885,-946.6562935661151,1375.5547161483264
2025-09-05 21:24:12.484000,27.81857820801608,-21.804991929251898,37.395618926679376,22.1302215758351,14.860895545333573,31.394943251081937,181.02763669461433,18.655314745161718,74.38002372144899,45.990856639397954,-946.793801775869,1376.284362884223
2025-09-05 21:24:12.494000,26.64905459674899,-22.331644933063174,38.214410907909475,21.01344675298151,14.368163800163126,31.673346646321296,179.5470971679075,18.60267834149387,74.28039812023871,45.94181958104682,-946.9722507730983,1376.8668381377074
2025-09-05 21:24:12.514000,25.32236768438059,-22.34965156122129,39.41809717834404,19.798551348172932,13.836747985477407,31.970545994607924,178.5122002669825,18.53268341718831,74.18922887244884,45.891077734753544,-947.1902103987337,1377.2787222419456
2025-09-05 21:24:12.517750,23.840661288437964,-21.828053704379563,41.050844707902485,18.491625047939806,13.275692853006436,32.286520818628134,177.9752077222593,18.441193308457887,74.10888883989668,45.84052749536949,-947.4451393940277,1377.501223546723
2025-09-05 21:24:12.521500,22.189641982483046,-20.73193987664573,43.15958185515603,17.094106842359217,12.691871752814938,32.61783661105405,177.99006193226936,18.31871493821889,74.0416232430166,45.79219458467966,-947.7331761616666,1377.5216310769802
2025-09-05 21:24:12.525250,20.343608180070355,-19.035112561956662,45.78025053762859,15.60411613439567,12.089867846074963,32.95760842421305,178.59805436534995,18.151701758783044,73.98951307480502,45.74825682142412,-948.0490053984164,1377.3332700211286
2025-09-05 21:24:12.529000,18.280655111100167,-16.734952962492212,48.92272787886806,14.021061690350757,11.47379726312794,33.29739616564141,179.81311147373896,17.926535346746256,73.95447542759848,45.710920934505936,-948.3859324779895,1376.9349204480832
2025-09-05 21:24:12.532750,15.999604629197924,-13.861443133621808,52.562609764296916,12.35093269034246,10.849903888832669,33.630033637135476,181.61493244041972,17.634203919738194,73.9382948180509,45.68218407354826,-948.7361195619688,1376.3306230081253
2025-09-05 21:24:12.536500,13.529358711417308,-10.475474573950821,56.644097769685175,10.609380749177442,10.228407415609993,33.951919783137974,183.95351504168798,17.273406811085458,73.94265625821635,45.66356811137834,-949.0908536854914,1375.5302397685236
2025-09-05 21:24:12.544000,10.926344255271994,-6.657240652156898,61.092312789085746,8.821247034980164,9.623701325105422,34.263771313592365,186.76203814285648,16.850918789933534,73.96913688613856,45.65593627727146,-949.4408119042821,1374.5503845616495
2025-09-05 21:24:12.551250,8.261523744526183,-2.4894452924253074,65.82993781916865,7.016917359111287,9.052829003433,34.569668164168036,189.97258628726715,16.37940585819334,74.01911940150578,45.65947318870898,-949.7763667506026,1373.414976836927
2025-09-05 21:24:12.558500,5.601941538141192,1.9590038714335012,70.79351690320804,5.226903514566998,8.532795087916584,34.874963069970384,193.5316211828596,15.873801504079989,74.09363405320083,45.67381204901617,-950.0879493215946,1372.1550538404736
2025-09-05 21:24:12.565750,2.9930621699449627,6.644609578355682,75.94685184795539,3.4765055794344075,8.077681996970558,35.184055491408316,197.41448957325173,15.347728456960054,74.19315529711564,45.69821659338843,-950.3664315575691,1370.8079355565778
2025-09-05 21:24:12.573000,0.44676870282005926,11.554524819902216,81.28964517693466,1.7820586081037364,7.696418641309741,35.498768333090425,201.63660477310265,14.8110310415584,74.317378763529,45.73174921336133,-950.6034792162069,1369.4158540538147
2025-09-05 21:24:12.580250,-2.062764409713639,16.704280014092983,86.8575747381183,0.14938693464735026,7.3914934586937395,35.81735853486447,206.25461516949701,14.268678727119244,74.46505503878242,45.77341986683599,-950.7918657426213,1368.0240767783343
2025-09-05 21:24:12.587500,-4.594361109514766,22.126731698672415,92.71051373091329,-1.4253373796577062,7.158720727800418,36.134115863836065,211.35259568667996,13.72106025777128,74.6339711227977,45.82231661890495,-950.9257582598462,1366.6788710014862
2025-09-05 21:24:12.602000,-7.226238842223615,27.85397783293083,98.91168572061144,-2.9522670857367297,6.988333593612091,36.439975434842545,217.017678517176,13.165808003452607,74.82107254739765,45.8776755947076,-951.0009565414708,1365.4256515828492
2025-09-05 21:24:12.603000,-10.0358283102375,33.89770576954699,105.50524304019805,-4.4425968146807016,6.867428167955892,36.7244300679544,223.31503041135832,12.600963396600603,75.02264908142405,45.938856131398495,-951.0150440627173,1364.3068946993508
2025-09-05 21:24:12.604000,-13.078000413250775,40.23430204087164,112.49923311975628,-5.902656991008239,6.783184815259173,36.97831848745495,230.26998751671036,12.02863608147724,75.23453053178605,46.00524983900854,-950.9674174918059,1363.3595044615859
2025-09-05 21:24:12.605000,-16.36807488446627,46.79973441496988,119.85859653496269,-7.329216014273776,6.7259020371020295,37.19654512585993,237.86119994642144,11.457863836060415,75.4522593912572,46.07616639862161,-950.859158024138,1362.6124214258161
2025-09-05 21:24:12.606000,-19.87512481764124,53.49607845710811,127.50972868022647,-8.70761556793509,6.690872238032677,37.379722202076415,246.02474358267995,10.905486312449103,75.6712197310415,46.150716375237096,-950.6927577352322,1362.0854411487771
2025-09-05 21:24:12.607000,-23.52776170437699,60.20721381611606,135.35443072055364,-10.01341761529895,6.6784793857129925,37.5341361014565,254.66650371478244,10.394518207416462,75.88674446713472,46.227725550434684,-950.4718175692834,1361.7893250678526
2025-09-05 21:24:12.608000,-27.23052594116138,66.81841334653,143.28893842615636,-11.217116758865183,6.692495363952786,37.67009329670266,263.6798684612732,9.950336434998416,76.09423857189714,46.30571705285692,-950.200807770024,1361.7267057748131
2025-09-05 21:24:12.610000,-30.885646811453284,73.23379345019161,151.222569165589,-12.29050553482087,6.73718589878017,37.799235943771535,272.96461603405845,9.5957443446648,76.28932956169257,46.38295667568921,-949.8848864207768,1361.893498820681
2025-09-05 21:24:12.620500,-34.41260361739226,79.38577176350535,159.0892369718192,-13.212509138816541,6.814306262747193,37.93171743333417,282.4397025648177,9.346571442620196,76.46804293641316,46.45754480852969,-949.5298268579028,1362.2806819505604
2025-09-05 21:24:12.631000,-37.75803768334787,85.23305326121199,166.84680336459542,-13.972243514708593,6.921221379366651,38.07424228500393,292.0436182410193,9.209519351919234,76.62698563797437,46.52755150168009,-949.142115917904,1362.8759462376602
2025-09-05 21:24:12.641500,-40.89223481897787,90.7486760836791,174.46533744151756,-14.568083824566708,7.051065420457661,38.229797598359745,301.7231167339327,9.183153305624705,76.76349529833084,46.59118203523179,-948.7290829308927,1363.664536991042
2025-09-05 21:24:12.652000,-43.794728460271315,95.90463752369995,181.91142763068095,-15.003357848100881,7.194917122266498,38.399152962454615,311.4177998269559,9.261446636121601,76.8757318959104,46.646940827682045,-948.2988505477083,1364.628910547658
2025-09-05 21:24:12.662500,-46.437583954844875,100.66152324538028,189.1374918321937,-15.281052876156439,7.344828910816182,38.58315559321551,321.04976026126536,9.43796160269029,76.96273972381681,46.69374155881682,-947.8600997889818,1365.7474352174222
2025-09-05 21:24:12.673000,-48.77583524575431,104.96852027250705,196.0815577523798,-15.400344192088623,7.496180181058051,38.78444669477462,330.52389155780753,9.708628876466424,77.02453090897501,46.73093891755713,-947.4217803286825,1366.9930128112765
2025-09-05 21:24:12.694000,-50.749534631484664,108.77325122345685,202.67671610449892,-15.356469235241741,7.648427290224142,39.00776021262329,339.73779351836464,10.072098490690639,77.06221221480286,46.758338775924024,-946.9928499059475,1368.332658429501
2025-09-05 21:24:12.701250,-52.296043182136714,112.03673265746322,208.86533468935573,-15.14374161343424,7.804141287191804,39.258755020537706,348.596047690864,10.527801363332948,77.07810315235082,46.7762509128281,-946.5820504521686,1369.7283577640346
2025-09-05 21:24:12.708500,-53.367701381753506,114.74778433540047,214.61299158493262,-14.760324589075939,7.966836983279298,39.54190957841195,357.0242680038378,11.07269783326774,77.07576364318223,46.785564858551375,-946.1977023082984,1371.138662818178
2025-09-05 21:24:12.715750,-53.9486711899141,116.93261183957136,219.9186990665044,-14.21293026973261,8.138477517961949,39.85824797932869,364.9800018194828,11.698048710087969,77.05992342484981,46.787774931033915,-945.8475041858426,1372.5204329595608
2025-09-05 21:24:12.723000,-54.06604424947067,118.65768952288413,224.81911125681347,-13.51999354400537,8.31746149823635,40.203499722433634,372.45800660069517,12.38727685408996,77.03637377689431,46.78490650357475,-945.5383586877927,1373.8305020168482
2025-09-05 21:24:12.730250,-53.792938159459936,120.02472148024299,229.38467372422716,-12.712604771773844,8.497508628957359,40.567049560009835,379.487857692553,13.115482659570846,77.01186411938635,46.77936954552843,-945.2762832833625,1375.0273047868322
2025-09-05 21:24:12.737500,-53.24254780575465,121.15672056253702,233.7068492414596,-11.832852691145147,8.667702550309405,40.93198280849435,386.1228842488719,13.850817384326685,76.9940042462945,46.773796891204576,-945.0664081238187,1376.0726522169844
2025-09-05 21:24:12.752000,-52.5530537636173,122.1773532326095,237.87874291796655,-10.929537583458496,8.813902831959792,41.2764473300076,392.421821340908,14.557592186155075,76.99113080210314,46.77088195895741,-944.9129371910541,1376.9335600809582
2025-09-05 21:24:12.759875,-51.8657432707262,123.1890807157394,241.97455742965207,-10.051897924771685,8.921396897761797,41.57627409393921,398.4286360835047,15.200677418834907,77.01206798910407,46.773204060556715,-944.8189887296072,1377.5834963090965
2025-09-05 21:24:12.767750,-51.301436180350706,124.25629595650318,246.0341599868898,-9.242736877731442,8.978213818833115,41.808392848993876,404.1582807582786,15.750342491541087,77.06576392202268,46.78306231028595,-944.786375071618,1378.0027637011726
2025-09-05 21:24:12.775625,-50.94173101983468,125.39843670511912,250.05760613786404,-8.532770291068049,8.978199542871687,41.95417408952942,409.5934712760154,16.186223638006915,77.16086530019642,46.80237972687602,-944.8153881243469,1378.1786261025745
2025-09-05 21:24:12.783500,-50.820654841070706,126.59505875441367,254.0112251473503,-7.937851258613743,8.922868333847,42.00173595495728,414.6925346060104,16.499183636229855,77.30530786071526,46.83272653735501,-944.9046257964717,1378.105574983615
2025-09-05 21:24:12.791375,-50.92886689576963,127.8005313813594,257.84281488626317,-7.459861509391295,8.821371562235123,41.946584901479476,419.4047782841241,16.690528395027755,77.50596515900111,46.875437340397276,-945.0509418890371,1377.7851461410064
2025-09-05 21:24:12.799250,-51.22851735159975,128.9630825368727,261.50068489343136,-7.090908984874279,8.68853555938197,41.79045986946893,423.6882530238083,16.7688298896029,77.76836402690162,46.931739247037235,-945.2495657644855,1377.2245789666704
2025-09-05 21:24:12.815000,-51.67357562411549,130.04207373257026,264.95030017592336,-6.819370614543115,8.541555178736715,41.53882690391136,427.52418296974156,16.74543212997196,78.09646806959552,47.00282927538206,-945.4943213768597,1376.434608510849
2025-09-05 21:24:12.819000,-52.22817304841244,131.01751537843901,268.18242566328354,-6.6355153396604205,8.396453733940229,41.198016671248105,430.92258099685273,16.63038045689231,78.49253127788936,47.08989215179182,-945.777844198796,1375.4277558991917
2025-09-05 21:24:12.823000,-52.87674421737947,131.889397565875,271.2106449027722,-6.53477916096014,8.265483948296295,40.77305219165031,433.9176048486923,16.430162952566103,78.95698939009233,47.19407160069688,-946.0917340474099,1374.2182311665547
2025-09-05 21:24:12.827000,-53.626227439536464,132.6724040120735,274.06451258735177,-6.518659164405636,8.155908238929673,40.26652838509509,436.5590703395673,16.147191635068562,79.48832862831537,47.31641303269914,-946.4266492491016,1372.8231136041868
2025-09-05 21:24:12.831000,-54.50587556882225,133.3941128322556,276.78666489770575,-6.594792252729978,8.06963936816368,39.67809963703586,438.90785417082066,15.77987984700864,80.082927295594,47.45780325987287,-946.7724544850141,1371.2638432797958
2025-09-05 21:24:12.835000,-55.566997616087306,134.09574738886224,279.4325101115064,-6.77697531521618,8.003181985902001,39.004163448925766,441.0336977578531,15.322800733783529,80.73495036844386,47.61891589491723,-947.1185770831269,1369.5674582085057
2025-09-05 21:24:12.839000,-56.87876141441394,134.827567024617,282.06460084280036,-7.084087900346631,7.948098622444859,38.23803842744573,443.0084876360472,14.767611575756764,81.43635997992013,47.800161109212965,-947.4545805059628,1367.7672194488523
2025-09-05 21:24:12.847000,-58.51642442231396,135.6361910934347,284.7394752406183,-7.536800188269979,7.892555822860849,37.37119256417764,444.89339944168177,14.105398973977268,82.17702074111554,48.00168494093309,-947.7707524737214,1365.9024315320476
2025-09-05 21:24:12.851875,-60.54319868961385,136.54858213885169,287.49161011471335,-8.152297363756734,7.823990560600061,36.395569305220405,446.72403631911703,13.330182605043523,82.94486912668134,48.22348726209991,-948.0585163078083,1364.0175760989823
2025-09-05 21:24:12.856750,-62.99060337037153,137.55908315161045,290.3205273310677,-8.938380135271592,7.732295749171295,35.306462304401485,448.49902877989115,12.442669766652694,83.7261543765131,48.465648926204395,-948.3106656807383,1362.1608893912826
2025-09-05 21:24:12.861625,-65.8436134523893,138.62470942333934,293.18623621281387,-9.888785583077656,7.612630625219887,34.10509416956245,450.1769925962963,11.45313148261105,84.5057482481131,48.72854843528829,-948.5215072358592,1360.3823370041755
2025-09-05 21:24:12.866500,-69.03606660075114,139.67127890997148,296.0154605346761,-10.981380184349277,7.467026253400981,32.80005033702138,451.68381836137183,10.382348725810338,85.26751805332353,49.012929380707206,-948.6869618001556,1358.731112872766
2025-09-05 21:24:12.871375,-72.45839278922782,140.6086805030089,298.716882174017,-12.179985781864483,7.30429225160553,31.40705542581623,452.92836597881995,9.260042301625216,85.99479489794453,49.3197728465342,-948.804634220874,1357.2532615761156
2025-09-05 21:24:12.876250,-75.97571804389679,141.3501764779065,301.20074006687844,-13.439503219425621,7.13816008048474,29.94710197955538,453.8223515837492,8.120922466323332,86.6709503115195,49.65003769800402,-948.8738212975491,1355.9902757150721
2025-09-05 21:24:12.886000,-79.45121306854836,141.8294244149131,303.39653795533695,-14.713004326734177,6.984086540551017,28.44339613359947,454.2981676861516,6.999312762953045,87.28003425342501,50.004365839839586,-948.8954316856999,1354.9789659310636
2025-09-05 21:24:12.886000,-82.76722927774006,142.0091722683211,305.26215880807854,-15.958574806776292,6.855745371098181,26.91800680419729,454.31745377830345,5.924075976228306,87.80741315423114,50.38281862127199,-948.8718273558229,1354.2513287504935
2025-09-05 21:24:12.886000,-85.83670079458908,141.87827692161127,306.78072083663153,-17.14345661269907,6.762612699264584,25.38938949588704,453.8670361652058,4.915750382748943,88.24032462078564,50.784674391925684,-948.8065790674152,1353.832881796522
2025-09-05 21:24:12.886000,-88.60084343754384,141.43893824283128,307.94726450621323,-18.244027097424897,6.709714027160255,23.87172787467572,452.94525599034705,3.9869614748357405,88.56822554996658,51.208297262054124,-948.7041362953139,1353.7403743498417
2025-09-05 21:24:12.886000,-91.0155114243275,140.69092615244088,308.7522005928149,-19.24214308747038,6.69952866222728,22.3761960186569,451.54614507855837,3.145602596248931,88.78287926416614,51.651078814335285,-948.5694980416387,1353.9809875806031
2025-09-05 21:24:12.886000,-93.03466774429008,139.62113394044366,309.17016927195533,-20.120316744893458,6.734868651450608,20.9131983008987,449.6497958660665,2.398857903334702,88.87827459525676,52.10946125533025,-948.4079818111463,1354.553259227302
2025-09-05 21:24:12.886000,-94.60052174873859,138.20358677703092,309.1599351111388,-20.85858101080654,6.82114352933504,19.49417785698403,447.2236532186544,1.7559192274752078,88.85051761397632,52.579046103838955,-948.2251151819177,1355.4485593115924
2025-09-05 21:24:12.886000,-95.64504836043852,136.40916498422922,308.6747198770367,-21.434541664966805,6.966971670620965,18.132057109804606,444.2332981315636,1.2282817746573382,88.69773795319661,53.05476562612314,-948.0266323245761,1356.6523232595619
2025-09-05 21:24:12.888625,-96.10175597152931,134.22029748496018,307.67791511173635,-21.826435138929117,7.182955856964378,16.840178591891537,440.65742047947253,0.827722617757027,88.41993451881295,53.5310924417882,-947.8185172104696,1358.1446439013725
2025-09-05 21:24:12.891250,-95.92293511961029,131.6450904935082,306.15822015157016,-22.017882849915765,7.479160454720947,15.630204031489482,436.5013733592036,0.5628789211049756,88.01870198079706,54.00227431755065,-947.6070164237361,1359.8999290896809
2025-09-05 21:24:12.893875,-95.09614758804021,128.72682732375574,304.13997015284735,-22.002518955095262,7.862329385850814,14.509822854643032,431.8057296528496,0.4357995330282489,87.49687863316655,54.462557679151736,-947.3985987638829,1361.885796627339
2025-09-05 21:24:12.896500,-93.65499369675621,125.54706772035797,301.68695538308907,-21.78705635536091,8.333814763008213,13.481093211284017,426.64867517460226,0.43967979394630086,86.85818411915167,54.906352708952745,-947.1998798022569,1364.0620330521215
2025-09-05 21:24:12.899125,-91.68190342074767,122.22110122226685,298.8984973731289,-21.392200691335965,8.888577211836319,12.539735325660939,421.14106116627755,0.5582836416816779,86.1068911813573,55.32834017313941,-947.0175060507729,1366.3805192609943
2025-09-05 21:24:12.901750,-89.30196819410229,118.88457934593278,295.896489363887,-20.851161227344605,9.515302576568171,11.675407711668864,415.41271020530974,0.7670832742350515,85.24756237675771,55.72356761056867,-946.8579709631636,1368.7862641238771
2025-09-05 21:24:12.907000,-86.66766123047567,115.67314316142254,292.80512954317254,-20.20561830951978,10.19777483318872,10.873082816056721,409.59191391311936,1.0360683806126871,84.28488000042927,56.08756892473787,-946.7273794643482,1371.2193641782324
2025-09-05 21:24:12.907250,-83.93669670547658,112.70045246569394,289.7288467471192,-19.499590158710866,10.91744999717759,10.115514709306234,403.7838602050389,1.3339500380050622,83.22359411721345,56.4164927320411,-946.6312409333099,1373.6180527888546
2025-09-05 21:24:12.907500,-81.24803063948328,110.04085571645416,286.7350909981171,-18.77248942640896,11.656696919275754,9.386381700741353,398.05453771416325,1.632950453870274,82.06857411003864,56.707206335119174,-946.5743472162794,1375.9222812004627
2025-09-05 21:24:12.907750,-78.7024432861392,107.72172446664165,283.84748152028584,-18.053262516364672,12.401850873142868,8.673334103948196,392.4253033377864,1.912891268181972,80.82490278111061,56.95735317370791,-946.5607252731735,1378.0763965838705
2025-09-05 21:24:12.908000,-76.35332755165693,105.7276607434881,281.0513758229573,-17.35738790397187,13.14516847069316,7.970084262421215,386.879820511828,2.163321976420423,79.49798249343296,57.16535639582183,-946.5936445692462,1380.0303233161494
2025-09-05 21:24:12.908250,-74.21002003469204,104.01458512994182,278.3092674912154,-16.687556715548773,13.88504148534413,7.27691997327562,381.38043771051815,2.3830222788385793,78.09369693972762,57.33040015657518,-946.6756628602587,1381.7397027042807
2025-09-05 21:24:12.908500,-72.25198708462813,102.5285110485878,275.580489067764,-16.037661508356997,14.624404059083627,6.599487912217999,375.8883244290397,2.5769881901328273,76.61866206428822,57.45245118303963,-946.8086671895957,1383.1657200993795
2025-09-05 21:24:12.909000,-70.44885698675574,101.22264205600703,272.8388057987608,-15.39868959099172,15.367888320768488,5.946248025051971,370.38091347665016,2.7518323693272837,75.08049968333255,57.53233747507325,-946.9938718972784,1384.2756499924835
2025-09-05 21:24:12.913250,-68.77889507248068,100.066691824772,270.0816550506028,-14.76431656862924,16.118763872136935,5.325566281942685,364.86049705342214,2.9113217262004767,73.48801733575175,57.571827346668655,-947.2317791194828,1385.0446128709718
2025-09-05 21:24:12.917500,-67.23841784103509,99.04504649686754,267.32756787583855,-14.13387353243357,16.876926583699063,4.743704804045243,359.35093109224124,3.0539803289772927,71.85124308624272,57.573633983496315,-947.5221149756765,1385.457459113777
2025-09-05 21:24:12.921750,-65.83808439228835,98.14549279743856,264.60373102852753,-13.511340231440437,17.638908315025077,4.204658375872577,353.88495303779285,3.1738712914185396,70.18137482238508,57.54129725569462,-947.8637189606684,1385.5093256109958
2025-09-05 21:24:12.926000,-64.5882903153759,97.344913626602,261.93049929242204,-12.900950515084938,18.399903269126828,3.7118523521709506,348.4891401844693,3.2640491447697224,68.49074711615556,57.47895497132834,-948.2543766850013,1385.204763182678
2025-09-05 21:24:12.930250,-63.48208331584127,96.6000087702016,259.31123428062904,-12.301944170661832,19.156649273378992,3.270661504402056,343.1746727952413,3.3206861347590952,66.79284678626117,57.391088601852466,-948.6906597930267,1384.5563029330933
2025-09-05 21:24:12.934500,-62.48520189348028,95.84823453718603,256.7327186953429,-11.705378792677827,19.909606044127663,2.890329889462417,337.93865925555883,3.3457516846119226,65.10233557017288,57.28232140388395,-949.1678501149646,1383.5831527151631
2025-09-05 21:24:12.943000,-61.53796332577668,95.01844052581328,254.17536597408744,-11.094442584738157,20.663467137906817,2.584351207787758,332.77471221988054,3.3472852478712167,63.435033904657146,57.157273207171905,-949.6799597002388,1382.310457274887
2025-09-05 21:24:12.945750,-60.567800940581456,94.04657748629677,251.6281781526838,-10.44795461194913,21.425903020215475,2.369141168290334,327.68748704508795,3.3374594482366815,61.80780391799362,57.02044016343803,-950.2198065658066,1380.7692619972768
2025-09-05 21:24:12.948500,-59.50743379906373,92.89089518102782,249.10269029690048,-9.745638284176993,22.205071281868896,2.2614938226821475,322.7055658931051,3.329288043503887,60.238282791132114,56.87607583262066,-950.7790957012185,1378.9964774912123
2025-09-05 21:24:12.951250,-58.31180897737454,91.54230378882117,246.64203993372078,-8.973180643236383,23.006853417480897,2.2757946307411174,317.88920498048196,3.3332336089269607,58.744511348263295,56.72808269592939,-951.3485106381444,1377.0339378181534
2025-09-05 21:24:12.954000,-56.96836762696535,90.02784812697975,244.3237534321425,-8.125431802561298,23.832715042858126,2.4219276542510646,313.33187808138706,3.354848626506335,57.344549972273136,56.5799602566923,-951.9178897628047,1374.9268739153276
2025-09-05 21:24:12.956750,-55.49893331616115,88.40622912522126,242.25501571868563,-7.207207461246163,24.67855104993172,2.704205424312824,309.1545230008561,3.3939234329739465,56.05612729795433,56.434831003686085,-952.4765255734469,1372.7227918905555
2025-09-05 21:24:12.959500,-53.95337989003191,86.75476758517908,240.55916709750608,-6.231747598583005,25.53463722668668,3.1212945791822695,305.4914189474657,3.445185568817772,54.89632411933479,56.29550452168799,-953.0135664073701,1370.470628585581
2025-09-05 21:24:12.965000,-52.395394717280865,85.15001408374324,239.35557766907453,-5.216877205837236,26.386928601761728,3.6672578441766537,302.4700893672069,3.5005381264739484,53.88128746051407,56.16452264325904,-953.5184845405911,1368.2192670448621
2025-09-05 21:24:12.965500,-50.882315217912385,83.64744257524582,238.73872419930245,-4.179333884131207,27.219694187318545,4.333737930525666,300.1909545713605,3.5525672624434534,53.02594974387213,56.044150678268394,-953.9815178867096,1366.015351897524
2025-09-05 21:24:12.966000,-49.44357322473905,82.26591220103235,238.76238285124492,-3.1285328042375204,28.018905650510625,5.112831034813587,298.71231261320327,3.5985601601709694,52.34370332571024,55.93632986543072,-954.3939666269434,1363.9011747220356
2025-09-05 21:24:12.966500,-48.06320395433555,80.98004022362743,239.4323968356911,-2.061388283402417,28.775500612150335,5.99989032446758,298.0439130860041,3.6440304000948,51.84600973058107,55.842654258996575,-954.7483057385767,1361.913227207834
2025-09-05 21:24:12.967000,-46.670215014784475,79.72085124124256,240.7087749088018,-0.9593062519316905,29.48783432760516,6.99566039908933,298.14979324237635,3.7050158299618707,51.54198254680455,55.764410615608014,-955.0381595435266,1360.0817674674781
2025-09-05 21:24:12.967500,-45.13807592851719,78.38442795609598,242.51649720761407,0.21229680516234867,30.163027056501644,8.107489051010536,298.95969915394284,3.8088072706483143,51.437995598635034,55.70265494914442,-955.2582161496271,1358.4313655591604
2025-09-05 21:24:12.968000,-43.29359047777253,76.84840444857991,244.76378225540856,1.5018212957835182,30.81704087341038,9.349438256263756,300.38776036217496,3.992841183837873,51.53733943441233,55.65828136227485,-955.404147254602,1356.9814168562107
2025-09-05 21:24:12.969000,-40.935008267352735,74.99432347582226,247.36512332079232,2.9665870421619966,31.473282345100984,10.741072950487354,302.3555243299469,4.301585961866423,51.839953467874146,55.632059337982824,-955.4725686966466,1355.7455291216456
2025-09-05 21:24:12.972875,-37.857482459116355,72.73146297361858,250.2647845556331,4.6656624979793,32.1597732913777,12.304919430746532,304.8148597008203,4.781715128074908,52.342286919244394,55.62462658431958,-955.4610620208095,1354.7301031665138
2025-09-05 21:24:12.976750,-33.8812883026682,70.01643276017212,253.45529112655913,6.651701097976624,32.90540371858994,14.062981124383075,307.7651947237319,5.476477996344469,53.037312863686275,55.636427231166216,-955.3682526387092,1353.9333063162876
2025-09-05 21:24:12.980625,-28.875892057063318,66.86263559256315,256.98497406224516,8.96377043077697,33.736172109519316,16.033106393471634,311.25930700924243,6.420687747421592,53.91467952068379,55.6676125676759,-955.1939127602725,1353.3451853043953
2025-09-05 21:24:12.984500,-22.773085880782386,63.33622685733007,260.9512351654095,11.623169596179679,34.672429106388556,18.226224244884662,315.39490337914145,7.637723782623007,54.960997162851555,55.71795936441641,-954.9390890355157,1352.9488526425266
2025-09-05 21:24:12.988375,-15.56624043719041,59.54052332395557,265.4819094866357,14.63315706886899,35.727807891862255,20.64518767300205,320.2950236173065,9.139085531098889,56.16025514300688,55.78684758639993,-954.606287296919,1352.7221594820048
2025-09-05 21:24:12.992250,-7.297886636556841,55.59489244611474,270.71138263310024,17.982033527539812,36.90985899591953,23.285286979828225,326.08415792115335,10.925974789161982,57.4943042571781,55.873294290453615,-954.1996827053815,1352.6393425601536
2025-09-05 21:24:13.000000,1.9586854863214351,51.61508232504695,276.75891836233365,21.648072860688888,38.221814001018,26.13592954571669,332.86744222297364,12.991903539846744,58.94332042044536,55.976028762846724,-953.7252451250222,1352.6724924503123
2025-09-05 21:24:13.005250,12.116788437667864,47.70112986739371,283.71554773093743,25.604427013624978,39.66462161788294,29.182757389613467,340.7190312294863,15.325311706101019,60.48621543390933,56.09358576981644,-953.1906962385824,1352.792747910049
2025-09-05 21:24:13.010500,23.086140954684737,43.93643442840615,291.6429852680907,29.822163255697706,41.238340015809364,32.40938248501602,349.68257531252607,17.911274864116223,62.10100214003492,56.224368783618424,-952.6052956716625,1352.9708933176153
2025-09-05 21:24:13.015750,34.77117635971683,40.39707324764659,300.5833065366134,34.270163218055266,42.94208403217351,35.797893237252175,359.78185446570996,20.731592221988432,63.76514997087452,56.366647493242006,-951.9794824399041,1353.1773792509775
2025-09-05 21:24:13.021000,47.05919637352011,37.16545202283195,310.5730964911969,38.91201605896419,44.77230782360769,39.32774686285757,371.03487832081123,23.763198862129084,65.45598628044232,56.5185023334268,-951.3243991086847,1353.3831019086938
2025-09-05 21:24:13.026250,59.80621165365034,34.33943416705059,321.6529031144621,43.70198514426603,46.72026045624816,42.97374383665648,383.462478890035,26.976023626116625,67.15114605854933,56.67775189744251,-950.651390402173,1353.5623569858308
2025-09-05 21:24:13.031500,72.83037034479706,32.03044032218659,333.8654702491845,48.58296456284232,48.77010068780124,46.70452328029955,397.0856439566774,30.3320592506435,68.82899817979036,56.84188126739142,-949.9716506870124,1353.6968349846347
2025-09-05 21:24:13.042000,85.91791786518566,30.350890553773137,347.2434588648494,53.48805920040614,50.89875814443818,50.482632753390185,411.91307266814584,33.78667455067276,70.46897744903924,57.00798808267931,-949.2961167146673,1353.7778045643536
2025-09-05 21:24:13.042000,98.83989680906775,29.396771903903034,361.79278871710204,58.34541893518877,53.07770299067731,54.266300348016635,427.9252199978269,37.29193191985189,72.0518170034436,57.172790876695196,-948.6354773237887,1353.8054274847063
2025-09-05 21:24:13.042000,111.37392922828609,29.231747653834102,377.4781053392461,63.08469411809123,55.275973657367814,58.012334036858896,445.0609629776785,40.80082751034703,73.55974092871915,57.33272765886734,-948.0000855497058,1353.7866752605441
2025-09-05 21:24:13.042000,123.32452762914595,29.876626297439383,394.2140521756588,67.64310328771285,57.46333432399511,61.67918773242506,463.2101375969092,44.271097813347765,74.97666385878887,57.48412765968219,-947.3996943918099,1353.7332667773799
2025-09-05 21:24:13.042000,134.53724365663663,31.305326971583167,411.86328898795625,71.96965735723322,59.612636147260226,65.22935849230174,482.21260472955237,47.66769259689935,76.28837506228786,57.62343241886926,-946.8430815682399,1353.6593544817297
2025-09-05 21:24:13.042000,144.90501938128577,33.44813205079556,430.24201366673475,76.02709340406426,61.70118730124004,68.6308746182719,501.86454872761306,50.963796497548046,77.48266661467274,57.74743639670841,-946.3376734353245,1353.5785552705502
2025-09-05 21:24:13.042000,154.3663507607985,36.20309682762369,449.13389415446926,79.79148414372602,63.71122855757393,71.85790773030378,521.9328961297939,54.14048364291188,78.54940022787764,57.8534939988797,-945.8892699205649,1353.501521838156
2025-09-05 21:24:13.042000,162.89500647632823,39.45422779247432,468.3108151741119,83.24946541761823,65.62935001912209,74.89036101436294,542.1761008798626,57.184886487353104,79.4805488708446,57.93964229959912,-945.5019511994642,1353.435343943026
2025-09-05 21:24:13.050750,170.48260604837898,43.09231714477732,487.55595466348865,86.39340527160327,67.44473236824025,77.71235934633498,562.3667190622475,60.0869524555655,80.27025437768323,58.00461351755781,-945.1781854804393,1353.3841847414424
2025-09-05 21:24:13.059500,177.1181478994111,47.032905856948716,506.68337691801077,89.215600176104,69.1465922036846,80.30997556778263,582.3099972894319,62.835487661074325,80.91488063084826,58.047748663804846,-944.9190349576096,1353.3498546304427
2025-09-05 21:24:13.068250,182.7709877433991,51.225462161739216,525.5480994391984,91.70329272841518,70.7216944982567,82.6689100233146,601.8525916749976,65.41479442152296,81.41301869765434,58.068866158164816,-944.7243178689585,1353.3320502061488
2025-09-05 21:24:13.077000,187.38368646317863,55.65018174373574,544.0431613336536,93.83637891352888,72.15294840505744,84.77300051618862,620.8784294861359,67.80322496004362,81.76546638397167,58.06814671467448,-944.5926995745118,1353.3286588574847
2025-09-05 21:24:13.085750,190.8774109489194,60.30413335769804,562.0857533055262,95.58868052932691,73.41971939236979,86.60418150226829,639.2943553827715,69.97412280827274,81.97521496953911,58.04606004553731,-944.521758262161,1353.3364667702817
2025-09-05 21:24:13.094500,193.16755738688693,65.18276854983253,579.598706435786,96.93222737418537,74.49976558141269,88.14391031943987,657.0120281574718,71.89856554661527,82.04739989504043,58.00332253873825,-944.5080480044885,1353.3520811203934
2025-09-05 21:24:13.112000,194.1839469959825,70.26375348796827,596.4945048947287,97.84305220005963,75.37214661292192,89.37555819001804,673.9330490624102,73.54886973360082,81.98915492271794,57.94087254283989,-944.5472012726063,1353.372099813928
2025-09-05 21:24:13.113000,193.88870192022893,75.49898761940821,612.667932625323,98.30663111346058,76.020224137685,90.28703694015154,689.9431672478049,74.90190752785016,81.80937260267577,57.85986911115951,-944.6341115112067,1353.392066084366
2025-09-05 21:24:13.114000,192.28536434867686,80.81796064622263,628.0005298847675,98.32107343560907,76.43380241049479,90.87281742369322,704.9182612727416,75.94136079651165,81.51841769934643,57.7617257866972,-944.763150035941,1353.4055731029384
2025-09-05 21:24:13.115000,189.41530717576114,86.14120307806515,642.3752441598405,97.89666337609462,76.60955596363124,91.13445561495587,718.7397760570062,76.6580464419869,81.12784363807924,57.64817050572425,-944.9283484420744,1353.4052935262898
2025-09-05 21:24:13.116000,185.34275372997615,91.39783551330198,655.6947969126375,97.05184605801733,76.54949552745535,91.07923999096245,731.3126823878205,77.04810154261197,80.65014335941908,57.52129155861657,-945.1235513529423,1353.385983656368
2025-09-05 21:24:13.117000,180.136294023766,96.53835783775595,667.8946213183979,95.80784110962685,76.25831519376959,90.7176846435964,742.577033812896,77.11021617324829,80.09852873922378,57.38352590891245,-945.3425864207898,1353.347936986148
2025-09-05 21:24:13.118000,173.85697553734062,101.53604243542848,678.9437669249056,94.1849075386608,75.74114517523404,90.06130903841455,752.5073111349972,76.84380934412569,79.48672092207511,57.23757925587123,-945.5794769107415,1353.2988418879659
2025-09-05 21:24:13.120000,166.5582331171257,106.37714982441307,688.8342943471482,92.20196304090798,75.00282807976689,89.12176693256531,761.1008477870321,76.2492344056993,78.82874498766174,57.08628977966041,-945.8286788266327,1353.2525741661793
2025-09-05 21:24:13.123250,158.29620372200768,111.04576281212155,697.5652850534161,89.87927274651943,74.04886017039414,87.91151737521065,768.3616666570977,75.32984722323997,78.13870865460063,56.932448749392,-946.0852837682797,1353.2257008340594
2025-09-05 21:24:13.126500,149.1439774817989,115.51091728037781,705.1292052513129,87.24238429047604,72.88724832155522,86.44542757375055,774.2871960771113,74.09478947211252,77.4305579734939,56.77859727092005,-946.3451333293551,1353.2343143637854
2025-09-05 21:24:13.129750,139.1995794014698,119.72367485254833,711.5079596861166,84.32430882201801,71.52984064992293,84.74191536011723,778.8646332507346,72.56045696367559,76.71786224243266,56.6268241139716,-946.6048415615611,1353.2924968308225
2025-09-05 21:24:13.133000,128.57999487667414,123.62661373389278,716.6807132077361,81.16363183092315,69.99185137126045,82.82225151447037,782.0782891266307,70.74902684069258,76.01366666290596,56.47859424008093,-946.8617553073442,1353.4112112118582
2025-09-05 21:24:13.136250,117.40532097608428,127.1677607463785,720.6355594694628,77.79967420993638,68.28981893740622,80.70818542951977,783.91983049807,68.68485394742612,75.33037774210769,56.33464100397263,-947.1138716718241,1353.5964759533836
2025-09-05 21:24:13.139500,105.78565742813306,130.3072826182537,723.3739622076159,74.2683816389753,66.43959090178859,78.41955565729103,784.3911904295695,66.3913492766512,74.67965378356485,56.194945436483074,-947.3596943389766,1353.8476389295956
2025-09-05 21:24:13.146000,93.81901211675844,133.0131801797107,724.9047856980687,70.60143376994552,64.45565736138411,75.97329330787579,783.4979449217014,63.89009475972423,74.07229679087649,56.05881297174714,-947.5979903275125,1354.1571047761
2025-09-05 21:24:13.146625,81.59965476088257,135.25069601216072,725.2327242728877,66.82850130003833,62.35206675779941,73.38407832175606,781.2382552430715,61.20216203755747,73.51809358156348,55.925019328214944,-947.8274687621902,1354.5116296305869
2025-09-05 21:24:13.147250,69.23168610926932,136.97187213693527,724.3473470852218,62.98116975639178,60.14436247630833,70.66614545420859,777.5933097445462,58.350622645475745,73.02555798576107,55.7919371236848,-948.0464990356223,1354.8943952952523
2025-09-05 21:24:13.147875,56.84178218322918,138.10918362129217,722.2164317633269,59.09673991858222,57.851637078747615,67.83538227877102,772.522396368059,55.36306173839308,72.60160638727129,55.657592198420765,-948.2529799870413,1355.2869206511396
2025-09-05 21:24:13.148500,44.58683539882872,138.5744799233713,718.7847767437428,55.220602635060565,55.49796594650459,64.91093203433607,765.9632661572072,52.27329615067931,72.25125254203905,55.519726699914294,-948.4443595624707,1355.6701179468291
2025-09-05 21:24:13.149125,32.65483070800703,138.26416778686018,713.979710289215,51.40672647839325,53.11295487250592,61.916013764360784,757.8388111309504,49.12197367626454,71.97742644151211,55.375962390076815,-948.617733346028,1356.024751380416
2025-09-05 21:24:13.149750,21.258216336183683,137.0717671951702,707.724661249971,47.71611476013903,50.73131158126528,58.87793113892768,748.0714020274484,45.95579326147032,71.78098472591972,55.22404120875124,-948.7699827419998,1356.3321417409597
2025-09-05 21:24:13.151000,10.619267490557469,134.90658842295306,699.9593369060906,44.213035377513904,48.39122767764359,55.82708451134858,736.6032712720715,42.82506525163005,71.66087808409456,55.06205151732741,-948.8979437009081,1356.575532729088
2025-09-05 21:24:13.156375,0.9487520226025907,131.71428061172566,690.6618036569181,40.9592024019625,46.13149748375598,52.7948561284013,723.4180847835931,39.77971121558369,71.61436180371471,54.888577691993966,-948.9985776752894,1356.7421315912316
2025-09-05 21:24:13.161750,-7.578055529532914,127.49416051551174,679.8669083805387,38.00695778933917,43.98779209865539,49.810689550108734,708.5581677237586,36.86443172178643,71.63714654573637,54.70276611034718,-949.0691248882915,1356.8255714577572
2025-09-05 21:24:13.167125,-14.842318105059004,122.30965618219786,667.6769440686353,35.39324183837304,41.98899734467534,46.899125819356804,692.133542981584,34.11419828232866,71.72347459843401,54.504336945390385,-949.1072454161002,1356.8280229079237
2025-09-05 21:24:13.172500,-20.79498845230848,116.29042512870689,654.262882458219,33.135869977041224,40.1545265429795,44.07754021741701,674.3215667757759,31.551064698227258,71.86619591083506,54.29357675217788,-949.1111506800129,1356.7610066572252
2025-09-05 21:24:13.177875,-25.460797593003356,109.62523871140604,639.8553871608891,31.232557950837112,38.492969939873525,41.35490216457743,655.356827761714,29.182752401177872,72.05693448267341,54.07132643723896,-949.0797287046578,1356.6446647483072
2025-09-05 21:24:13.183250,-28.932341858791606,102.54475597645359,624.7253218054608,29.66263856582915,37.00209385432922,38.73166277283487,635.5113864260472,27.003197816687297,72.28637084391498,53.83893671068174,-949.0127022464272,1356.5060032085967
2025-09-05 21:24:13.194000,-31.35422846931449,95.29622074210445,609.1566882826326,28.39147932215678,35.67027167367278,36.20094205083533,615.0684415533995,24.995179465423835,72.54458766577379,53.598144515771224,-948.9109021020598,1356.376431014608
2025-09-05 21:24:13.195375,-32.89945824822564,88.11583314682623,593.4183236407196,27.37713999419013,34.47927284050416,33.751034778898536,594.2954769884183,23.134736399953574,72.82141598794362,53.35087660362939,-948.7766403937788,1356.288694517797
2025-09-05 21:24:13.196750,-33.74302196132331,81.20550991426991,577.7409581408986,26.577918027967492,33.40788372919388,31.368811798611077,573.4231140855383,21.396432480068977,73.10675083235851,53.09904727777775,-948.6139570745407,1356.2738949247587
2025-09-05 21:24:13.198125,-34.03920875300689,74.71950016357879,562.3046936825106,25.95886758916392,32.43550133093563,29.043177348641407,552.634567967764,19.75810008095962,73.39079160565957,52.84441947852623,-948.4285418522621,1356.3593231449458
2025-09-05 21:24:13.199500,-33.908538939570114,68.76346939325876,547.2392342527882,25.495521342265192,31.54475197448299,26.76758389452181,532.0677043691012,18.20379501360098,73.66415545423693,52.588556732616446,-948.2273904361987,1356.566991204876
2025-09-05 21:24:13.200875,-33.4371649994113,63.40436750258842,532.6350348426718,25.173917371941883,30.72239808027124,24.540857718867084,511.8272393270803,16.724224050809088,73.91789509541711,52.33284128643948,-948.0183236710994,1356.912658257128
2025-09-05 21:24:13.202250,-32.687460871093386,58.68611238881346,518.5602425629298,24.98719656089661,29.95837556447341,22.366189366052158,492.001613029723,15.314674202596143,74.14353664526796,52.07851476130154,-947.809411506804,1357.4055654245603
2025-09-05 21:24:13.205000,-31.714973958198645,54.64500565925127,505.0770933560715,24.93012903666724,29.243553278366857,20.24880920592293,472.6783214975936,13.971408839154298,74.33322551635278,51.82671587746538,-947.6083741915298,1358.0487858782953
2025-09-05 21:24:13.205500,-30.584459837888964,51.31876304785535,492.2513883294943,24.993800043683915,28.567330073529163,18.19335053684742,453.9516532233402,12.688223424261816,74.47996736490539,51.57850187247147,-947.4220745663755,1358.8397201705266
2025-09-05 21:24:13.206000,-29.378556204447307,48.74622419028306,480.1520695788561,25.16248371337135,27.916127458544473,16.20191829144111,435.92037998360036,11.454607533072807,74.57788829460304,51.3348533561248,-947.2561438705179,1359.7702462416019
2025-09-05 21:24:13.206500,-28.198631888850553,46.96253996523334,468.84586114648124,25.412849312825728,27.273083113054614,14.273231444011587,418.6808735494833,10.255643800061335,74.62247548957268,51.09668935518352,-947.1147225374183,1360.8261539366513
2025-09-05 21:24:13.207000,-27.162854938043225,45.997695954605334,458.3949559883255,25.713948567486064,26.618375936503398,12.402397359347795,402.32357235526763,9.072674207312124,74.61081426585437,50.86491421526086,-947.0003135971708,1361.986154612885
2025-09-05 21:24:13.207500,-26.404152350376926,45.87799663715764,448.8573975574728,26.027223894329392,25.929601015547885,10.58084274319533,386.93210257715907,7.88411543302873,74.5418122608726,50.64047141235185,-946.9137756232633,1363.221795491033
2025-09-05 21:24:13.208000,-26.06477187975919,46.62293878915681,440.2827739858426,26.30763449063284,25.182396845257202,8.796594846431853,372.5778134426224,6.666841006043443,74.41635757966074,50.424353105860405,-946.8544615404192,1364.4994223776994
2025-09-05 21:24:13.209000,-26.283781389455818,48.23420469436891,432.7003543332769,26.507099029951213,24.351911958852806,7.035408180006612,359.30735023954895,5.398704743635417,74.23737164000602,50.217539203412976,-946.8204687843358,1365.7832798572226
2025-09-05 21:24:13.213250,-27.1783395732136,50.68093216736446,426.1040377181651,26.580065487599732,23.41526597752288,5.282844792135071,347.1278374852961,4.062098003123604,74.0097445809387,50.02088826896539,-946.8089574699189,1367.0376864244136
2025-09-05 21:24:13.217500,-28.824291521756972,53.888558979113064,420.44120315473623,26.48956382369393,22.354456727853837,3.5268027402637196,335.9965976825451,2.6475973209082957,73.74015047332762,49.835032191980595,-946.8164914514215,1368.2279427201383
2025-09-05 21:24:13.221750,-31.2454668742247,57.73897756847025,415.6127694970972,26.210922802396148,21.15848266328766,1.7593436573573453,325.8222226328983,1.1558989222954577,73.43678130893545,49.66031275515622,-946.8393761104727,1369.3211231116802
2025-09-05 21:24:13.226000,-34.418834695850876,62.084615717352676,411.4867204451703,25.730963386046774,19.823477609840783,-0.023344066239664264,316.4784698126829,-0.40347351905205897,73.10908451970516,49.49677048992397,-946.8740032497712,1370.2868398657747
2025-09-05 21:24:13.230250,-38.29121990094295,66.76803946611086,407.9166607014113,25.04382376532089,18.351044762575977,-1.822691676362039,307.82225012972395,-2.0159125820690513,72.76754001330397,49.34417730973977,-946.9171769348286,1371.0973908807746
2025-09-05 21:24:13.234500,-42.79467001248984,71.63443574040564,404.7531767898529,24.147093609366976,16.746349090050487,-3.6396736267969234,299.7041583806613,-3.6652941925513844,72.42343891718616,49.20208408677749,-946.9663245135115,1371.7276932893537
2025-09-05 21:24:13.243000,-47.85168552123841,76.5324803766041,401.8440392793413,23.04079951436289,15.017323674901803,-5.47553878778452,291.96843079527656,-5.3354664409783314,72.08865676973494,49.069859217949336,-947.0195042855556,1372.1554556910642
2025-09-05 21:24:13.246000,-53.370398783037345,81.30812565253531,399.02801894561094,21.729298740965316,13.175274995071087,-7.331065260267411,284.447315408173,-7.009528027788619,71.77545112515423,48.94674056799287,-947.0752147544491,1372.3613971243767
2025-09-05 21:24:13.249000,-59.234593091896684,85.79778090940917,396.1286679272634,20.22475015259491,11.236395175551296,-9.204848650643227,276.9560026604074,-8.667804420699971,71.49623207230854,48.83193486058903,-947.1321412183736,1372.3296568995438
2025-09-05 21:24:13.252000,-65.29443197504939,89.8248576609104,392.9516690428536,18.550445092054172,9.22333446371873,-11.09143955510731,269.2914659419568,-10.28577615091281,71.26318726503061,48.724720070813646,-947.1890042905741,1372.0487379192346
2025-09-05 21:24:13.255000,-71.36216408645639,93.20098796011033,389.2867784381409,16.742682655362223,7.1660839452051155,-12.979987196179573,261.2359367151337,-11.832976880200244,71.08774447827344,48.624467202283405,-947.2445283150872,1371.513053173755
2025-09-05 21:24:13.258000,-77.21440995277953,95.73280546281025,384.91544264179845,14.85071198366498,5.101886116366056,-14.853608432975063,252.56585071492174,-13.27320889442346,70.98000509651337,48.53059585754634,-947.2974095344179,1370.725232280869
2025-09-05 21:24:13.261000,-82.60163290710399,97.23531567869124,379.6255019906988,12.934579407076601,3.0741211875132124,-16.689573273597432,243.06750737076567,-14.566084205107748,70.94829342072313,48.44255100896101,-947.3462341520781,1369.6987386850715
2025-09-05 21:24:13.267000,-87.26525139899753,97.55075415700841,373.2318536958294,11.060650722972492,1.1300243990088081,-18.460568625398977,232.55807748382065,-15.669985706509388,70.99887495570815,48.35983487637876,-947.3894693364042,1368.4588995667045
2025-09-05 21:24:13.267250,-90.96114458981829,96.56899146402662,365.5987682550628,9.295041041302538,-0.6827525292488632,-20.13718718280431,220.90751089389957,-16.54634225506966,71.13583179708618,48.28206364184906,-947.4256080731085,1367.0409754825832
2025-09-05 21:24:13.267500,-93.48555025226277,94.24455795843001,356.65861589082743,7.696082497921335,-2.3202408061886652,-21.691276921442885,208.05619342240723,-17.164494437958286,71.36104583477544,48.20901296537151,-947.4533131214476,1365.4866490480172
2025-09-05 21:24:13.267750,-94.6976224741677,90.6066264707094,346.4231567267587,6.307540459836971,-3.7460259294802545,-23.099275875388237,194.02476163487722,-17.505960836452157,71.6742011277739,48.140649701527884,-947.4713851462803,1363.8411436807592
2025-09-05 21:24:13.268000,-94.53403799052953,85.76049040997451,334.98578486250716,5.153995608631194,-4.934104942721536,-24.344723103592287,178.91485132608292,-17.567137458220788,72.0727471856759,48.077172941919834,-947.478612326265,1362.151434943372
2025-09-05 21:24:13.268250,-93.01389977155209,79.87974921903051,322.5137671274373,4.238975287324658,-5.870460944389519,-25.4197262344771,162.90016440102823,-17.360096168087342,72.5518789701519,48.019059071771814,-947.4736740058536,1360.465138754922
2025-09-05 21:24:13.268500,-90.233396240095,73.18850609920761,309.2297852819986,3.5460146972423727,-6.553324806848554,-26.32538590476971,146.20738585369253,-16.911398548071073,73.1046300509397,47.96706649936249,-947.4551688528501,1358.8297699676696
2025-09-05 21:24:13.269000,-86.35005028789419,65.93553543016412,295.3850933385852,3.0427122231448496,-6.99198292902519,-27.070963310211525,129.0894638052564,-16.258878652848125,73.7220782930292,47.92216200259276,-947.4217152560298,1357.2916986836299
2025-09-05 21:24:13.272500,-81.55865224478586,58.365974831450956,281.23023846254665,2.687264082468859,-7.204138785619899,-27.671702591932725,111.79720558919662,-15.446770458845858,74.3936022328661,47.88537696778872,-947.3720671235598,1355.8943219340563
2025-09-05 21:24:13.276000,-76.06380598107886,50.696819359551085,266.98975001928756,2.4361409163691183,-7.212307510282947,-28.145713638272465,94.5552216410231,-14.52015278085293,75.1071729191567,47.857664101551315,-947.3052607434823,1354.6760485488203
2025-09-05 21:24:13.279500,-70.05498838570057,43.099939579586696,252.8444855186368,2.2511460454674705,-7.040132372945299,-28.510704734181836,77.54531732774397,-13.519958172986561,75.84966898429481,47.83983213001239,-947.2208453582216,1353.6688794750698
2025-09-05 21:24:13.283000,-63.68840417210712,35.69344322923265,238.9224629516816,2.104521055806599,-6.7094357450595865,-28.781300722126176,60.89778392326972,-12.479445297052152,76.60716516364008,47.83256088361825,-947.1191898585263,1352.8974134575328
2025-09-05 21:24:13.286500,-57.077275449024334,28.54175855416407,225.29869868246058,1.9816661558278241,-6.238271647744341,-28.967252396434247,44.69126391281203,-11.422354226773125,77.36521158346326,47.83644063616024,-947.0017381466638,1352.3778806254295
2025-09-05 21:24:13.290000,-50.291204374936044,21.6651094799053,212.004843166108,1.8813654827749025,-5.639996283504244,-29.07262050521989,28.96226601811032,-10.362714353618582,78.10919339701283,47.851987974783164,-946.8710956897146,1352.1175154791308
2025-09-05 21:24:13.297000,-43.36506387583382,15.057038589861415,199.04716333938484,1.8133147854363127,-4.923560470796372,-29.09613888795423,13.722773134028532,-9.306390296304917,78.82478098492406,47.87961116883187,-946.731015082249,1352.1147283746595
2025-09-05 21:24:13.302500,-36.31611496284852,8.70576541122957,186.42838372082068,1.7931698986506703,-4.095147378384565,-29.032897527215,-1.0187529092314558,-8.254262374330757,79.49836442378115,47.91951663903209,-946.5863929502578,1352.359762974842
2025-09-05 21:24:13.308000,-29.164259426605433,2.61283803792577,174.16645978992793,1.8364752878218962,-3.1606931041604116,-28.87698690356828,-15.239830279190299,-7.206200974814963,80.11738578202542,47.97159692063227,-946.4431831949754,1352.8351494181125
2025-09-05 21:24:13.313500,-21.945686546296113,-3.199122314757135,162.30163702804393,1.9542551564329065,-2.128008089369159,-28.624002469906564,-28.898141556167285,-6.1640111392858765,80.67060970455401,48.035374219810144,-946.3080331052305,1353.5160832384763
2025-09-05 21:24:13.319000,-14.711612257332707,-8.693308367046663,150.8880757263846,2.152716751546548,-1.007117107456576,-28.272139139156188,-41.94050742722493,-5.131710815829983,81.14840741501226,48.11002738025764,-946.1876558230247,1354.3712780538472
2025-09-05 21:24:13.324500,-7.515359966019784,-13.832671096055684,139.9783926493976,2.436268123557349,0.19116198048521643,-27.821684747825437,-54.3179344944844,-4.113626625890364,81.5430137437169,48.194462108658065,-946.088194165452,1355.3640527943307
2025-09-05 21:24:13.330000,-0.40023178054542585,-18.58847573663602,129.61433598281772,2.810431264681342,1.456901635693885,-27.27399029856645,-65.99402886381559,-3.1125238980204886,81.84866682427744,48.2873752974704,-946.0148075606317,1356.4532966210654
2025-09-05 21:24:13.341000,6.602871357219821,-22.93832934465435,119.8287231820318,3.2821548849766327,2.7816016114859963,-26.631102762585325,-76.94249127342975,-2.129430291212571,82.06163202817993,48.38730375970889,-945.9714867196914,1357.5947294115722
2025-09-05 21:24:13.341000,13.467446962496647,-26.856915995213328,110.65497863349187,3.8572667663456355,4.15717275979656,-25.896529740325075,-87.13768376200186,-1.1653701555389557,82.18016371770716,48.4926892042781,-945.9609501983304,1358.7428725786895
2025-09-05 21:24:13.341000,20.157269861973468,-30.305130058068112,102.1382833614393,4.53612463314559,5.573806248550308,-25.076872744040234,-96.5440689586449,-0.2242911607178396,82.2044349968462,48.6019763339265,-945.9845264741392,1359.853645105888
2025-09-05 21:24:13.341000,26.612222650044217,-33.222157052098424,94.34363575814328,5.309139477708526,7.017669409946452,-24.183557760615503,-105.10885867371591,0.6840328358798571,82.13647445493768,48.713687040686445,-946.0420554938971,1360.8872721164862
2025-09-05 21:24:13.341000,32.73910481374816,-35.522977671845666,87.35827146846538,6.153717805102754,8.469275308091897,-23.233924647373403,-112.76014036643636,1.5421944792570863,81.98014562034169,48.82641006332313,-946.131890563798,1361.810611627292
2025-09-05 21:24:13.341000,38.40960008130466,-37.10287055798231,81.28677609142608,7.0334004378703785,9.902801230304389,-22.25147618509722,-119.41213878008547,2.324815263708,81.7411267920813,48.938762827807395,-946.251033955939,1362.5977112005448
2025-09-05 21:24:13.341000,43.46633711214891,-37.85010665684633,76.23761025853425,7.899518974647078,11.286441926832257,-21.265297450547536,-124.97878733145855,2.999708495521083,81.42680282334143,49.04944658128643,-946.3953940426122,1363.2286993835796
2025-09-05 21:24:13.341000,47.73764979000792,-37.66545341423807,72.3026547776207,8.695503536311351,12.584076786237741,-20.30843175090107,-129.39355471793638,3.5306593013845933,81.0460418236726,49.157420720069844,-946.5601195501705,1363.6884009009154
2025-09-05 21:24:13.347625,51.05937573428005,-36.48369116909247,69.53512900655835,9.363355169276398,13.758289509151284,-19.415114203437263,-132.62998479959657,3.881691523308692,80.60891053857708,49.262098685672335,-946.7399299838468,1363.9654953101635
2025-09-05 21:24:13.354250,53.299032228523195,-34.2914459615644,67.93196408720083,9.850974411653093,14.774171934506608,-18.617273076506848,-134.7172378251362,4.02205001334569,80.126372937372,49.36344819412225,-946.9293812909633,1364.0522448351003
2025-09-05 21:24:13.360875,54.376601429341655,-31.137679326447604,67.42414515441388,10.118646479009731,15.602986319813196,-17.94111684055477,-135.7477137215365,3.930718109627483,79.60995067241905,49.461940368741786,-947.1230764164259,1363.9447629033448
2025-09-05 21:24:13.367500,54.27781234787684,-27.135810219399605,67.87562575518807,10.143417529164001,16.224923817151396,-17.404547687552885,-135.87663550768775,3.599546542498722,79.0713361069543,49.55838016444,-947.3158504465287,1363.643300710759
2025-09-05 21:24:13.374125,53.05857451171131,-22.45719842500096,69.09094292033076,9.920971735897943,16.630672750662306,-17.015647985377733,-135.31356596764346,3.0346370690638307,78.52201481167174,49.65372341235673,-947.5029334295009,1363.1522128275228
2025-09-05 21:24:13.380750,50.84022252184309,-17.315693552425792,70.83198989455366,9.464954772366166,16.82172226506051,-16.772267948562902,-134.3052791717613,2.255849178956321,77.97294081645487,49.74896416385898,-947.6800897864309,1362.4804117584063
2025-09-05 21:24:13.394000,47.79525217317106,-11.944819041611828,72.84237668626818,8.803627656313882,16.809254695548944,-16.66290462254357,-133.11153607079098,1.2943349365485903,77.43425863596605,49.84509243765835,-947.8437407387729,1361.6425930607802
2025-09-05 21:24:13.400625,44.124860716211366,-6.571860066186374,74.87481639032889,7.974111382066054,16.611620992742758,-16.66897215705817,-131.9783231855348,0.18832017780179314,76.91507224741054,49.94310309671207,-947.99107618689,1360.6600526904795
2025-09-05 21:24:13.407250,40.03239969825261,-1.394118736985338,76.71592336576107,7.015292625768701,16.250815658361105,-16.768103734218936,-131.11411231700595,-1.0221143030451187,76.4232676892514,50.044042370573045,-948.1201491254004,1359.5603673119012
2025-09-05 21:24:13.413875,35.698735672713596,3.4387025289245194,78.20426395429527,5.961141217547672,15.7487954942685,-16.9376696846281,-130.67316353357924,-2.300062870670834,75.96536641036865,50.1490372109536,-948.2299235967907,1358.3764734033093
2025-09-05 21:24:13.420500,31.264502235409104,7.8341603569850475,79.23984023824632,4.835977039611933,15.12446805661717,-17.157705418005932,-130.74742281633826,-3.6155728144534223,75.54639797727688,50.25924380842847,-948.3202530057949,1357.1455342669387
2025-09-05 21:24:13.427125,26.821175543872997,11.757496470936847,79.78386366652838,3.6522327613669283,14.391667674405523,-17.412915141415954,-131.36793983954075,-4.947725306043196,75.16984870816319,50.37571316622837,-948.3917889441701,1355.9074081911922
2025-09-05 21:24:13.433750,22.411548025340927,15.221658576060426,79.84783961189365,2.410783041762863,13.558234251822432,-17.693626090133314,-132.51658721976779,-6.284909010013503,74.83774501760544,50.49922884593389,-948.445833369478,1354.7027343247728
2025-09-05 21:24:13.447000,18.040050872622576,18.26849201257187,79.4737643491548,1.1039376677030002,12.626510752295898,-17.995435543625167,-134.14604369119044,-7.623180345703254,74.55085007250113,50.630175838682,-948.4841347869561,1353.570786037907
2025-09-05 21:24:13.452625,13.69129059692203,20.94630576576382,78.71086362664258,-0.2793280260468671,11.595363663772629,-18.31748034014927,-136.2026044918505,-8.962923187539284,74.30892762142611,50.7684686427767,-948.5085879207718,1352.5473187134166
2025-09-05 21:24:13.458250,9.35210333491894,23.28984852566486,77.59509764541,-1.7471829468872444,10.46317597530104,-18.659778288309298,-138.64578919723303,-10.30465278370978,74.111039533439,50.91354293614868,-948.5208346772864,1351.6630369299146
2025-09-05 21:24:13.463875,5.031215535410837,25.306603615274238,76.13536020352926,-3.2994655202072414,9.230840949871439,-19.020490477598702,-141.4610593703567,-11.645175449503386,73.95579803215466,51.06440352275522,-948.5219040360457,1350.942956640858
2025-09-05 21:24:13.469500,0.7722822539297778,26.97064544971727,74.30747276004304,-4.9241509938269905,7.904002847068781,-19.393856292396837,-144.66480750071125,-12.974997343728765,73.84150260948826,51.21970949007687,-948.5120491001132,1350.4060484598722
2025-09-05 21:24:13.475125,-3.3410720257344604,28.224511622964773,72.05639180042697,-6.596074332433305,6.49434080794241,-19.769050539523047,-148.30134599162807,-14.277238718705119,73.76620790232502,51.377879659961486,-948.4907986119794,1350.0647608503768
2025-09-05 21:24:13.480750,-7.18859100925808,28.98961452056446,69.30723761189914,-8.277933709714045,5.019856619833086,-20.13001240381176,-152.43145011123943,-15.528099292659661,73.7278052196751,51.53720948159182,-948.4571445981998,1349.9250105005767
2025-09-05 21:24:13.492000,-10.6255682341382,29.183901246001835,65.98376822933211,-9.923782524755438,3.5039713475716066,-20.456448438718184,-157.11410777585456,-16.69900270973689,73.72411415927255,51.6959804050444,-948.4098073391331,1349.98725427513
2025-09-05 21:24:13.493500,-13.502800053558873,28.742746683724167,62.02995303781435,-11.484827419431186,1.9733437288093014,-20.72608770028076,-162.38588053794845,-17.760331878347934,73.75292346247447,51.85253214467702,-948.3475831612824,1350.248210722324
2025-09-05 21:24:13.495000,-15.690390002793386,27.637473615434697,57.428633559074356,-12.916455503312125,0.4546991572840047,-20.91784599741373,-168.24372434586587,-18.686113263966742,73.81193490270294,52.005285537835285,-948.2697653930655,1350.7020716809138
2025-09-05 21:24:13.496500,-17.098912481678443,25.885468126781475,52.210983725890756,-14.184627274148285,-1.0285935872390553,-21.015132995852248,-174.6373546316018,-19.458402256735283,73.89862785195308,52.15273463192148,-948.1765019571436,1351.3405004685947
2025-09-05 21:24:13.498000,-17.691030572517242,23.54779175052805,46.452805620450526,-15.269631033295294,-2.4591379251000856,-21.008289478169342,-181.47465630323575,-20.069931093765927,74.01013777120741,52.293443640252384,-948.0689294467717,1352.151799135645
2025-09-05 21:24:13.499500,-17.48000141362312,20.71515513692905,40.25902974034584,-16.166123934218945,-3.8264670747009166,-20.895357896753687,-188.63813903254533,-20.52422377972684,74.14322821276431,52.42608519259984,-947.9490672727884,1353.1202026949077
2025-09-05 21:24:13.501000,-16.516742560214905,17.4877783626222,33.742492708585544,-16.879850903019392,-5.12619398036003,-20.681059955700846,-196.00613323889115,-20.833480391703745,74.294354554688,52.54953351602433,-947.8195403212349,1354.2259994753167
2025-09-05 21:24:13.504000,-14.870840201432118,13.956244393762333,27.004446860372678,-17.422471582579266,-6.357832627513579,-20.37449508775783,-203.47148759632157,-21.01521116035397,74.45979098488644,52.66297581985021,-947.6831962439089,1355.4464936446366
2025-09-05 21:24:13.508500,-12.61222968167069,10.189727962049211,20.123225940690595,-17.80634587201043,-7.522098104474767,-19.986378805894958,-210.95168513977197,-21.0886736442444,74.63580101593243,52.76597445122673,-947.5427353530788,1356.7573828921995
2025-09-05 21:24:13.513000,-9.800065775429127,6.235493969509996,13.154651900165458,-18.041156687151656,-8.618692016800424,-19.52675684910108,-218.38727660518254,-21.072169370964644,74.81881831294353,52.85844857217197,-947.4004977122001,1358.1343276839762
2025-09-05 21:24:13.517500,-6.483310841187713,2.1292297173934327,6.143263103490043,-18.1338034753299,-9.645568933598963,-19.004070718555877,-225.73010716341358,-20.982257213009042,75.0056126337216,52.940617317877255,-947.258442072056,1359.554539824685
2025-09-05 21:24:13.522000,-2.7125677971353155,-2.089253621188887,-0.8614913343516742,-18.091633529182495,-10.600061294790553,-18.425892281551043,-232.92750546264568,-20.835206863815124,75.19344122600725,53.012977031411346,-947.1182357251621,1360.997715133075
2025-09-05 21:24:13.526500,1.444099325077271,-6.3638259020411105,-7.793170922460172,-17.927026463014652,-11.48110906379316,-17.80068952823831,-239.91139709719704,-20.64952153352865,75.3801764955883,53.0763286886992,-946.9813747210102,1362.445740758938
2025-09-05 21:24:13.531000,5.891435476596432,-10.620582143409454,-14.56758394724199,-17.660382002513398,-12.291147577246647,-17.139392597862216,-246.59891914904864,-20.447564065408745,75.56438843591971,53.131794185758345,-946.8492927508311,1363.881553150346
2025-09-05 21:24:13.540000,10.509169647170046,-14.777702813060879,-21.093598580071298,-17.31972948862594,-13.036569885012222,-16.45575430933009,-252.90400931061947,-20.255051474642837,75.74536740465592,53.180777351589924,-946.7234363174108,1365.2881012520793
2025-09-05 21:24:13.542750,15.165161463545697,-18.761316937614286,-27.28974561496122,-16.937097886168115,-13.726556492047845,-15.765211192359823,-258.75392975421147,-20.098455975840565,75.9230790398806,53.22490460519089,-946.6053308213291,1366.6482045457524
2025-09-05 21:24:13.545500,19.734306403480595,-22.52091269697454,-33.09990841457644,-16.54303404607046,-14.37078929724406,-15.082683562119236,-264.1042764711078,-20.001254038261038,76.09805839854268,53.26598067633024,-946.4966686513712,1367.9455551585352
2025-09-05 21:24:13.548250,24.11678062672089,-26.04009785498505,-38.50401905294199,-16.161113134805255,-14.97698857730103,-14.42022592623911,-268.948736838263,-19.98034931215755,76.27124315404723,53.30593096830831,-946.3993220463611,1369.1663739930164
2025-09-05 21:24:13.551000,28.250894327058475,-29.341048511437386,-43.52233155312967,-15.803903214752223,-15.549082902327571,-13.785293887850045,-273.32237697817754,-20.04365406269586,76.44373480595854,53.346698392430376,-946.3151506719754,1370.300884178023
2025-09-05 21:24:13.553750,32.11884247263319,-32.48163107881333,-48.21228498703614,-15.47099031225095,-16.086210042430643,-13.17976659516479,-277.2974778518432,-20.189092769762777,76.61653737674371,53.39011595639319,-946.2456993369516,1371.3441589035156
2025-09-05 21:24:13.556500,35.7447289580876,-35.5443091166134,-52.6570021999526,-15.149317037423772,-16.58250985262995,-12.59966639886982,-280.9710153795714,-20.40506081771365,76.79036365933192,53.43781033113079,-946.1920093017085,1372.2963724096398
2025-09-05 21:24:13.562000,39.18406864366979,-38.61806235864517,-56.946759895409464,-14.816103665998432,-17.02793875349099,-12.03584569501592,-284.44542378940173,-20.67249832306307,76.96555019997714,53.4911814542791,-946.154606813858,1373.1624201742543
2025-09-05 21:24:13.562500,42.50556406044463,-41.77729057821158,-61.157596714622606,-14.444166834763088,-17.41030055037209,-11.475888333340519,-287.8070558720277,-20.96851495068565,77.14205850227846,53.55145401389065,-946.1335775864078,1373.9504796725778
2025-09-05 21:24:13.563000,45.76893846672194,-45.06266422248158,-65.3321519200655,-14.008579213114821,-17.71818369358984,-10.906937998323343,-291.107399483364,-21.27093962290248,77.31948341541647,53.61974937513578,-946.1286324812376,1374.6694269429208
2025-09-05 21:24:13.563500,49.00460801119467,-48.46783600526203,-69.46671426123527,-13.492953941358609,-17.9439833957801,-10.31863969046674,-294.35076709345725,-21.562703548813413,77.49699994318956,53.69713455185034,-946.1391504450601,1375.326174855939
2025-09-05 21:24:13.564000,52.19996158213604,-51.93398180340676,-73.50643420556624,-12.893884569660557,-18.08618245552312,-9.705400037582692,-297.4901027704382,-21.83503047064551,77.67328492586688,53.784644849445655,-946.1642613459039,1375.9240082822425
2025-09-05 21:24:13.564500,55.29405637047724,-55.353393686771305,-77.34987728776186,-12.222974215204527,-18.15058395878874,-9.067728977370148,-300.43203864354183,-22.088944810060326,77.8464898622297,53.88327699593186,-946.202996024436,1376.4618099304716
2025-09-05 21:24:13.565000,58.1813746412991,-58.58308174590143,-80.86373226465084,-11.506234157761039,-18.150440381761623,-8.41264601247,-303.05199420560956,-22.334951592884803,78.0142772079567,53.99392748356693,-946.2544570913107,1376.9340527235208
2025-09-05 21:24:13.566000,60.72521551002362,-61.466698761494335,-83.90555633792611,-10.78061131818669,-18.10526115942691,-7.752871456826299,-305.2169013213961,-22.590826017654617,78.17389467538665,54.11727370512185,-946.3179576396063,1377.3321542307576
2025-09-05 21:24:13.574500,62.77912462994745,-63.85952767012603,-86.34883674610849,-10.088050004995813,-18.03823540017595,-7.104653996702878,-306.8097088442663,-22.87778032464706,78.32226390183385,54.25362937742768,-946.3930682370299,1377.6469045938275
2025-09-05 21:24:13.583000,64.21166334759572,-65.64999240846237,-88.10375961073694,-9.468429256228132,-17.97271598975803,-6.484655698414575,-307.749252970082,-23.215826887702683,78.45607118813305,54.40279951016783,-946.4795252662992,1377.870399694525
2025-09-05 21:24:13.591500,64.92805974610364,-66.77206521358787,-89.12831229747538,-8.953213518946862,-17.928622149756468,-5.906729441785525,-308.00027741945195,-23.619549700969923,78.57186885841001,54.56394872993395,-946.577045327969,1377.9968696434535
2025-09-05 21:24:13.600000,64.88259174728891,-67.20548382008225,-89.42699971871619,-8.561582312600537,-17.919760779550447,-5.379533329828371,-307.5711071716422,-24.095494214509348,78.66618530204634,54.73550128437194,-946.6851474832254,1378.0231867403481
2025-09-05 21:24:13.608500,64.07843867749442,-66.96484330051287,-89.03856224189087,-8.300070555510091,-17.95284704578232,-4.905711502589718,-306.5007293937729,-24.64196352461051,78.73561798394984,54.91509795548968,-946.8030620324377,1377.9490187351867
2025-09-05 21:24:13.617000,62.5559590480734,-66.08232363206179,-88.01755409519176,-8.165591133473168,-18.02845903632433,-4.482834480599893,-304.8403521244201,-25.25127431875985,78.77690497374338,55.099656903434564,-946.9297843580239,1377.775899807919
2025-09-05 21:24:13.634000,60.373911288680766,-64.59035325773004,-86.416162475743,-8.150597266741514,-18.143500994707118,-4.105689288310846,-302.6359222092936,-25.913597313899615,78.78700016365612,55.285584428945455,-947.0642649743231,1377.5059463237058
2025-09-05 21:24:13.641375,57.59058133203592,-62.51056290405594,-84.27292136201126,-8.248336589720976,-18.294177170302095,-3.7690707247592763,-299.91825477002305,-26.620779993977337,78.76316833366171,55.4690972260381,-947.2055993072718,1377.1417210017735
2025-09-05 21:24:13.648750,54.25243161260594,-59.85362613703089,-81.6130610733139,-8.455974310837345,-18.47821279400465,-3.469966801325093,-296.704974135775,-27.368485080023863,78.7030989663289,55.646535905696375,-947.3530689519885,1376.6871041861186
2025-09-05 21:24:13.656125,50.39529203195543,-56.629904733375746,-78.46015908371679,-8.774108136142946,-18.69528516230383,-3.20805268697405,-293.01304659346647,-28.15557652868344,78.60504507640161,55.81457828971245,-947.5060158229655,1376.1477166950608
2025-09-05 21:24:13.663500,46.057071607823794,-52.86507253721796,-74.85279948142981,-9.202855459341935,-18.94546254281197,-2.9840949036380584,-288.8751700060924,-28.98091689429071,78.46799990054458,55.97034129312238,-947.6636786566033,1375.530367351971
2025-09-05 21:24:13.670875,41.29427792904722,-48.611973328230725,-70.85685539809268,-9.736612533699201,-19.22659283994992,-2.7971102937458165,-284.35087850632976,-29.83925195106847,78.29189264015335,56.11140156102318,-947.8251583436545,1374.842275899383
2025-09-05 21:24:13.678250,36.19256323562535,-43.952233318261726,-66.56648384527595,-10.360324857754735,-19.532140682181232,-2.6418510390917875,-279.5261730156252,-30.718376704513293,78.07774410383274,56.23576257855647,-947.9895080811798,1374.0909358688705
2025-09-05 21:24:13.693000,30.86573775249465,-38.98695124322946,-62.09348686823654,-11.049074687735809,-19.850545274926578,-2.507789997090685,-274.5020907573449,-31.598826292945358,77.82772240014901,56.341792850580966,-948.1557998121033,1373.284932407345
2025-09-05 21:24:13.699500,25.44366028372722,-33.820661010652735,-57.55000297268301,-11.771125318546005,-20.166369421850213,-2.3799217625606004,-269.3775225584818,-32.45606122403528,77.54506969948388,56.4281761502339,-948.3231084016646,1372.435190881879
2025-09-05 21:24:13.706000,20.053436072941487,-28.54479835928015,-53.03131145127012,-12.493276382529649,-20.462846832661498,-2.241039674965396,-264.23313810364203,-33.26429600288899,77.23391281061973,56.49390907689242,-948.4904316232795,1371.555545435188
2025-09-05 21:24:13.712500,14.800770446417841,-23.227229056461713,-48.60548330392403,-13.186527073554858,-20.724912818897895,-2.0746815626626502,-259.123043471351,-34.00056859896879,76.8990184744695,56.53834574690914,-948.6565391771859,1370.6620600231727
2025-09-05 21:24:13.719000,9.75878608089321,-17.912434737542036,-44.314329171800175,-13.82986332635865,-20.941545983355244,-1.8676695407354573,-254.07790716940482,-34.647504531395924,76.545575064736,56.56126791670901,-948.8198151898812,1369.7718482393857
2025-09-05 21:24:13.725500,4.968488560406429,-12.632065876091511,-40.18494123803734,-14.410864672411071,-21.106562837371513,-1.6113776977610192,-249.1178615811888,-35.193886972543964,76.17904202636447,56.562960811306155,-948.9782287809455,1368.9025522019156
2025-09-05 21:24:13.732000,0.44982875013509355,-7.420827421661025,-36.246346524770374,-14.92324058305997,-21.217730963698987,-1.3014560496297047,-244.2693152629815,-35.63318984044171,75.80506620926613,56.54428183822431,-949.1294715309633,1368.072619719982
2025-09-05 21:24:13.745000,-3.7815482247103342,-2.3309458956271003,-32.54428963939468,-15.362483650247645,-21.27466055422717,-0.9362859048440426,-239.5788588879417,-35.9608773552571,75.42947831751175,56.506696201927475,-949.27117819259,1367.3016712380513
2025-09-05 21:24:13.749875,-7.698359121050157,2.5607230025778662,-29.14822841438541,-15.721410652745252,-21.27629738480044,-0.5148538529900687,-235.11863242835537,-36.17152972784337,75.0583754273978,56.45223319757907,-949.401130540774,1366.6104044341564
2025-09-05 21:24:13.754750,-11.252234359790709,7.155282219768667,-26.14853757689097,-15.98729967908287,-21.218984226937852,-0.03502081978251365,-230.98175523028397,-36.256874760778175,74.69819969155465,56.3833514050538,-949.5173886874214,1366.0197226758892
2025-09-05 21:24:13.759625,-14.371863025768413,11.339705468335127,-23.648978878044215,-16.14111779794716,-21.0955871186423,0.5070607652886897,-227.27360520577133,-36.20511604254636,74.3556555010866,56.30277038816673,-949.6183472239609,1365.5490492190384
2025-09-05 21:24:13.764500,-16.96472769856146,14.99289225768268,-21.762084297948032,-16.15786773454664,-20.89532235699338,1.1164695830102083,-224.10657691548826,-36.00095194188816,74.03741257053267,56.2133193624888,-949.7027508879775,1365.2145238930443
2025-09-05 21:24:13.769375,-18.91947652615841,17.989305694564397,-20.60746794630753,-16.007232981914573,-20.603729786956222,1.7987010097814318,-221.59777687047094,-35.62576335977331,73.74971108806571,56.117797776566576,-949.7697029505991,1365.0277363503683
2025-09-05 21:24:13.774250,-20.111164715574798,20.206134218595476,-20.306039901618277,-15.655034936351383,-20.202908595950216,2.558908271989954,-219.86267435421144,-35.058408517962285,73.49800288290305,56.01885791687153,-949.8186789343888,1364.9945644851468
2025-09-05 21:24:13.784000,-20.412914502137784,21.53717119553319,-20.966458233078757,-15.066434328656735,-19.672631539747623,3.400889389337871,-219.00164060389747,-34.27732940316038,73.2866792775173,55.91893544669646,-949.8495484552129,1365.1137638151667
2025-09-05 21:24:13.786750,-19.71418831052365,21.91056479169873,-22.66686772986233,-14.211007432490085,-18.992688159662872,4.32544473591659,-219.08264276339324,-33.26400553413345,73.11888189457163,55.82020574698098,-949.8626170999707,1365.3761286206181
2025-09-05 21:24:13.789500,-17.942149095914342,21.304721929358287,-25.43801528465711,-13.068830731153195,-18.146171129134277,5.328194457898089,-220.12601174284464,-32.00706687024323,72.99634368461317,55.72454212905277,-949.8587275985886,1365.7649897626416
2025-09-05 21:24:13.792250,-15.08004799912645,19.756197073702715,-29.254456949143165,-11.63591857736817,-17.122867973639046,6.397403440054789,-222.0977719443071,-30.505935517423232,72.91922606609882,55.63349977081397,-949.8394174372106,1366.2578836690773
2025-09-05 21:24:13.795000,-11.176014217212474,17.355426486874485,-34.03847387839981,-9.92707596367541,-15.921689297875135,7.512655828976626,-224.91558461907596,-28.77276317302946,72.88603962904195,55.5483488259429,-949.8069974442061,1366.828728810673
2025-09-05 21:24:13.797750,-6.3385841067922515,14.231070745885775,-39.67574858617908,-7.974969267377643,-14.551353003936393,8.645118141146737,-228.46557950014662,-26.831947831583513,72.89374811514877,55.47013762387923,-949.7644160506421,1367.4496667229978
2025-09-05 21:24:13.800500,-0.7204282105414578,10.528307012214297,-46.03679070436776,-5.825672763257631,-13.029216639197765,9.759544301354424,-232.62378971896607,-24.717476365155953,72.93802509760818,55.399739681528594,-949.7149694049943,1368.0922262657268
2025-09-05 21:24:13.806000,5.504401256001412,6.388046127483512,-52.99676669184595,-3.532124510305582,-11.378747636614058,10.81756725342617,-237.2750886382161,-22.468998532994334,73.01358514975408,55.33785045803706,-949.6620454523072,1368.7283669440194
2025-09-05 21:24:13.823125,12.162839055240454,1.933405165695475,-60.44749546810744,-1.1474236959231876,-9.626430441644318,11.781513634783316,-242.32377299290098,-20.127631546233353,73.11454462066021,55.28494206858333,-949.609007956066,1369.331751651047
2025-09-05 21:24:13.840250,19.097938379975165,-2.7326472249158202,-68.2979310731809,1.280023048525251,-7.799078674990833,12.617786876228573,-247.69265604188624,-17.732544971532775,73.23476543139205,55.241222169204356,-949.5591565472292,1369.8787998554262
2025-09-05 21:24:13.857375,26.171771594419926,-7.518799405336558,-76.46382613010248,3.707902123819988,-5.922530092663526,13.298780879930144,-253.3118824820714,-15.31948691697039,73.3681519830532,55.20664796348974,-949.515634164141,1370.349423876165
2025-09-05 21:24:13.874500,33.25616234382789,-12.33128832429283,-84.85232904732892,6.097734155495927,-4.022175667164516,13.802776166688117,-259.1034331600848,-12.921755054051067,73.50891001393487,55.18103329076591,-949.481244160257,1370.7280392281773
2025-09-05 21:24:13.891625,40.21829141064838,-17.062760111394155,-93.35049795047718,8.410855328925736,-2.124698006164027,14.112371647098788,-264.9702723137947,-10.572539660461361,73.65176742902779,55.16424169598219,-949.4582365727996,1371.004821842891
2025-09-05 21:24:13.908750,46.911369509987054,-21.59138030238772,-101.82496377583884,10.605605354794967,-0.2596058181409004,14.21280837425063,-270.7969373776058,-8.306595838791157,73.79213605619577,55.1563566738081,-949.4481291295261,1371.176153923805
2025-09-05 21:24:13.943000,53.17661150903641,-25.791206704080448,-110.13327020349406,12.637665288566614,1.540636350761737,14.091344483117513,-276.461353737297,-6.159864971244886,73.92619916052445,55.1576973382905,-949.451604319666,1371.2432775561483
2025-09-05 21:24:13.943125,58.85599253879242,-29.548760009108832,-118.14126886555073,14.463545456379244,3.2422302104272958,13.7380380819882,-281.85187220645156,-4.1669968937534785,74.05092653503763,55.16867772073633,-949.4685031751538,1371.2093243595564
2025-09-05 21:24:13.943250,63.81076493615794,-32.779237500771714,-125.73974653466288,16.045813837940393,4.812947606377068,13.147541771416948,-286.88284739384784,-2.3576670105937874,74.16403601761913,55.1896105437108,-949.4979093146845,1371.0760790997165
2025-09-05 21:24:13.943375,67.9392885768228,-35.43811986484168,-132.85613193282825,17.358170869256057,6.2253198006193395,12.321073619624904,-291.5049427149202,-0.7529923917240378,74.26391164185159,55.22054715830894,-949.5383034248265,1370.8421223328078
2025-09-05 21:24:13.943500,71.1893165006589,-37.52660254795464,-139.45994970512587,18.388983559776303,7.459175460566456,11.267836036473803,-295.70918909818243,0.6369204489196125,74.34948146328446,55.26120649479479,-949.5877406143779,1370.5032163059159
2025-09-05 21:24:13.943625,73.5630484323328,-39.08987743365551,-145.56111652459577,19.14281994379596,8.503186312742802,10.005663535142826,-299.52408359550486,1.8139368874749922,74.42009375468774,55.31100348244213,-949.6439660715713,1370.0542095049968
2025-09-05 21:24:13.943750,75.11446449626186,-40.207185823913676,-151.1999543725227,19.639791500233226,9.355376831454786,8.560862828086295,-303.0046803195991,2.7912607065131168,74.47543422168425,55.36914870770086,-949.7044466037855,1369.4905868775531
2025-09-05 21:24:13.944000,75.93813882411983,-40.974480750663425,-156.42984024230648,19.91238575862253,10.022392204715997,6.967004614765146,-306.2147489945641,3.5910546455761247,74.51547866136187,55.434763697076264,-949.7664059605518,1368.808765666
2025-09-05 21:24:13.950000,76.1502284340223,-41.48343976581003,-161.29645939325667,19.99992590214407,10.517381541939454,5.262493767554861,-309.20610999954977,4.240462561002527,74.5404522042101,55.50695152367394,-949.8269391349775,1368.0060296805896
2025-09-05 21:24:13.956000,75.86530293211692,-41.80188925600839,-165.81898183219755,19.9416603700944,10.85681181028473,3.487232045348912,-312.0005049784717,4.766754936808163,74.55077657031686,55.58480022614237,-949.8831890288725,1367.0809682550107
2025-09-05 21:24:13.962000,75.17469858431906,-41.95974672258479,-169.97738325352938,19.77010059642283,11.057068575312126,1.6792396219956813,-314.5780111684126,5.1927621572542835,74.54702624309311,55.66733288089447,-949.9325440405837,1366.034283807051
2025-09-05 21:24:13.968000,74.13120208514769,-41.94247505899746,-173.70773512651144,19.506043778839892,11.131743575976856,-0.12789184791822775,-316.87341228086575,5.533625968405458,74.52995338970328,55.753427876432944,-949.9728378676693,1364.8696599092355
2025-09-05 21:24:13.974000,72.74196873913502,-41.693162507556124,-176.90624539961112,19.15590669259934,11.089922314890591,-1.9065142186059383,-318.7811893556447,5.795258058653169,74.50059069770816,55.84174761233235,-950.002517073322,1363.594295510964
2025-09-05 21:24:13.980000,70.97040613441891,-41.12429272000254,-179.44285309793398,18.711638337220627,10.935500057287125,-3.63556095386829,-320.16992786004886,5.974554559568372,74.46035346001781,55.930720117034,-950.0207206241108,1362.21869024417
2025-09-05 21:24:13.992000,68.7477806889021,-40.13785295216565,-181.18293996866805,18.15353060285061,10.667787943859903,-5.300157896455996,-320.9043338814024,6.061428099890401,74.41107116904573,56.018592370865164,-950.0272486439268,1360.7562962464808
2025-09-05 21:24:13.994625,65.9931552954761,-38.64866598882273,-182.0120513273439,17.455694904118946,10.283557117834453,-6.890015631940514,-320.86945662106973,6.042438951143721,74.35494198665577,56.103538479922356,-950.0224286237424,1359.2239833522126
2025-09-05 21:24:13.997250,62.63707514559096,-36.60442441372089,-181.8570255955019,16.592990295279584,9.780107433237525,-8.39688960585695,-319.9906361366807,5.905274107983125,74.294433339346,56.18378678547195,-950.0068718828729,1357.6427493320634
2025-09-05 21:24:13.999875,58.64262785581741,-33.99694520771953,-180.6978654374084,15.547524194234862,9.158447880745056,-9.811859023678258,-318.2438396657891,5.642913228722177,74.23216678034981,56.25774464102089,-949.9811437589027,1356.037372302273
2025-09-05 21:24:14.002500,54.017669673149754,-30.861627872165602,-178.5672114384761,14.312821379484465,8.425522688947334,-11.123372236872639,-315.6538066868337,5.256227625298915,74.17081629461518,56.324108985330476,-949.9454881177785,1354.4349928243118
2025-09-05 21:24:14.005125,48.814636961614596,-27.26602971643621,-175.5383798304381,12.894491279457664,7.5947421954075285,-12.31683040958884,-312.2815404565517,4.7541141370141,74.11301272951499,56.381910732057754,-949.8997795817231,1352.8638075529616
2025-09-05 21:24:14.007750,43.11855537668164,-23.292117369472283,-171.70669919422772,11.30738298627211,6.684673768970435,-13.375939820251858,-308.2060405982165,4.150993033050309,74.06125305654524,56.43044601460645,-949.8437234967223,1351.3525335649174
2025-09-05 21:24:14.013000,37.02759782996343,-19.018354615364153,-167.1705939124659,9.570326208643673,5.716293732620654,-14.285426237874006,-303.50662313126577,3.4624328433950007,74.01784418641054,56.46914093280953,-949.777165269678,1349.929909663415
2025-09-05 21:24:14.013750,30.63318986638579,-14.507850868583795,-162.01897699896222,7.700490881067772,4.7097049693992545,-15.034187050170864,-298.25217745147853,2.7005668446222364,73.98488244258542,56.49744427432857,-949.700355412064,1348.6234073371543
2025-09-05 21:24:14.014500,24.00756587829636,-9.807038890627659,-156.32950777562164,5.709799486004692,3.6816107317938043,-15.617647459327904,-292.5013200499333,1.871311198787317,73.9642241956891,56.51480264028579,-949.6140847244034,1347.4573424399305
2025-09-05 21:24:14.015250,17.20423633917147,-4.9549035521026275,-150.1774690926901,3.605114009047183,2.6446807680594766,-16.038221928183482,-286.3124612609914,0.9747445767131884,73.9574078671847,56.52071489039734,-949.519692099116,1346.4507601341584
2025-09-05 21:24:14.016000,10.270645125728876,0.0026365296494303488,-143.64959726934887,1.3920544985188101,1.6090364554005316,-16.303614322541133,-279.7577927297068,0.008464587901800845,73.96550989061546,56.51481723989742,-949.4190227563048,1345.6156471361073
2025-09-05 21:24:14.016750,3.2653134763651597,5.001581752596211,-136.85437778430202,-0.9197578241057578,0.5848873452241758,-16.423868255870417,-272.93287563390226,-1.027875323887767,73.98896637400055,56.49694200659798,-949.3144126564196,1344.9566421979553
2025-09-05 21:24:14.017500,-3.73054180570609,9.95839755504259,-129.9222930806114,-3.312916916751725,-0.4152225283065038,-16.40865303939076,-265.95587021195854,-2.129112074082109,74.02745698655309,56.46713088424745,-949.2086761307138,1344.472330816673
2025-09-05 21:24:14.019000,-10.612779735279345,14.779058978335645,-122.99525087727142,-5.761658411386052,-1.3756848974180977,-16.26584749626896,-258.9562879500264,-3.2835343211665973,74.079923476337,56.425633750694445,-949.1049946059871,1344.1564052710482
2025-09-05 21:24:14.022750,-17.265315254403696,19.37453522873616,-116.20945979365337,-8.234583009761796,-2.278912042238898,-16.001686392804533,-252.05783305436373,-4.474315530083489,74.14471303068504,56.37293348928504,-949.0066688343652,1343.9976063115237
2025-09-05 21:24:14.026500,-23.5780180231224,23.677078941016894,-109.6776577754007,-10.699559939559885,-3.1078211086309624,-15.622111450186914,-245.36114984758427,-5.68264244141572,74.21979399793423,56.309782819254174,-948.9168051794637,1343.9795950456064
2025-09-05 21:24:14.030250,-29.465254518518694,27.652739023788698,-103.47540328049531,-13.12906284898111,-3.8487698465044295,-15.134546314971447,-238.9308938538681,-6.8913319942321225,74.30297332684844,56.237189935642,-948.8380461642159,1344.0821318461985
2025-09-05 21:24:14.034000,-34.87970904563322,31.30762650381754,-97.63389462427945,-15.50441099184292,-4.493981055184871,-14.549342993367684,-232.78932268229926,-8.08780613949749,74.39205457640884,56.156311176717544,-948.7724845491329,1344.2829546635512
2025-09-05 21:24:14.037750,-39.81913109964229,34.6863920884978,-92.14094618495383,-17.81819183804904,-5.043043509786364,-13.880652943841808,-226.91802122102465,-9.26583718070385,74.48492224611462,56.06827244235584,-948.7218188940093,1344.5590798659123
2025-09-05 21:24:14.041500,-44.324934921575704,37.86156087294207,-86.95157162576848,-20.074447069887537,-5.503344273361125,-13.146661091528221,-221.26913692751071,-10.42579315095522,74.57956823102128,55.97400612485974,-948.6875689335213,1344.8878452783383
2025-09-05 21:24:14.049000,-48.47158146136923,40.914861495078576,-82.00686811195808,-22.286181651411276,-5.889134473203645,-12.36885768926121,-215.78444035260563,-11.573120827043011,74.67408744393506,55.87421466358278,-948.6711107600238,1345.248545272725
2025-09-05 21:24:14.049000,-52.34784529841243,43.91544404148223,-77.25601197598064,-24.470395257724356,-6.219158911760572,-11.57012212147518,-210.41682149350117,-12.715179508588728,74.76668351695744,55.7694874505466,-948.6735092781349,1345.6238536611727
2025-09-05 21:24:14.049000,-56.0343291771567,46.901334321007724,-72.67486110225032,-26.641828209477353,-6.513359614621467,-10.77193731210722,-205.14787333187346,-13.857244293096812,74.85571669404425,55.660467946976595,-948.6952869657188,1345.9997040572161
2025-09-05 21:24:14.049000,-59.58347294927382,49.86952757003434,-68.27575422430208,-28.80721799958914,-6.789512364736323,-9.99151577752421,-199.9963609530193,-14.998903671024317,74.93979606778737,55.547975760242124,-948.7362690017815,1346.3639091289433
2025-09-05 21:24:14.049000,-63.00821849588063,52.77770202093709,-64.10562208262343,-30.96187657117858,-7.06069298481436,-9.239769026614573,-195.01500458555878,-16.131991838795738,75.01788152795959,55.43310380718758,-948.7955782991489,1346.7047208506046
2025-09-05 21:24:14.049000,-66.28286204701348,55.55662767749369,-60.23345897677853,-33.08970093992024,-7.334269912795924,-8.520845726820088,-190.27706897394205,-17.2408044168708,75.08934144947145,55.3173252337278,-948.8717404697268,1347.0100209084621
2025-09-05 21:24:14.049000,-69.35537441664852,58.12879573701205,-56.73168897373016,-35.16655925492728,-7.612680919206657,-7.83345109389998,-185.85752325235464,-18.304679746896404,75.15395298849376,55.20256696376559,-948.962805945564,1347.2673549684487
2025-09-05 21:24:14.049000,-72.16677008558261,60.427291259558174,-53.65753538426667,-37.16588070175897,-7.895662404829265,-7.1735405751014625,-181.81488227577958,-19.302092677942728,75.21187925145955,55.091193981348184,-949.0664413051497,1347.4646980206107
2025-09-05 21:24:14.054000,-74.67061942730177,62.40872617085723,-51.040897369490956,-39.0644710245561,-8.183034378478387,-6.5374781895268805,-178.180161019453,-20.21469427758617,75.26362388142157,54.98590697615346,-949.1799428693732,1347.5914493848377
2025-09-05 21:24:14.059000,-76.84504842102024,64.05536868828918,-48.883667944641914,-40.84631490442081,-8.476831614548408,-5.924504605912721,-174.95745269639048,-21.029755703261056,75.30991545392317,54.88959380172762,-949.3001421932372,1347.639219521042
2025-09-05 21:24:14.064000,-78.69197334201009,65.36579315983467,-47.17052366988134,-42.50277738914691,-8.781725175908777,-5.337488987056935,-172.1354336515709,-21.74009948150567,75.351526577649,54.805156687956305,-949.4232983322918,1347.6023201612434
2025-09-05 21:24:14.069000,-80.22419671965082,66.33915943928803,-45.88523945370664,-44.02926079599347,-9.103465558091814,-4.781626316631399,-169.70345028230275,-22.341641606206196,75.3891090240935,54.73531703941277,-949.5451110264162,1347.4780085284183
2025-09-05 21:24:14.074000,-81.44774912804222,66.96189660876398,-45.02364811699756,-45.420332133054515,-9.446231714546693,-4.261828067666296,-167.66350796080576,-22.829912363950143,75.42309264971175,54.68242854913858,-949.6608993922255,1347.2665315920285
2025-09-05 21:24:14.079000,-82.34934229717602,67.20398127205145,-44.59663841781938,-46.66615209023792,-9.81038888774871,-3.7802280864347537,-166.03215099244255,-23.19745016758779,75.45362902057425,54.64835530021914,-949.7659201085736,1346.9710116645
2025-09-05 21:24:14.089000,-82.89493707078046,67.02618277724898,-44.622352433158866,-47.7520228323158,-10.191747548019855,-3.3349527289058787,-164.8319892604158,-23.43327638837134,75.4805750204255,54.634438763627955,-949.8557546568725,1346.5973013506127
2025-09-05 21:24:14.095500,-83.03943573305116,66.39439975285443,-45.11163703237189,-48.66114507206255,-10.58254883350671,-2.920546680470877,-164.07714383398132,-23.524576265169657,75.50353786674052,54.64151991601214,-949.9267085058912,1346.1541633493716
2025-09-05 21:24:14.102000,-82.74338025090265,65.29491463166207,-46.053007488265365,-49.37944177014773,-10.973755237462283,-2.5298199882417487,-163.75883557423182,-23.459919096318902,75.52196155109444,54.66995397851307,-949.9761974202991,1345.6539692316428
2025-09-05 21:24:14.108500,-81.99008699420195,63.743891182830666,-47.403950711094446,-49.90057008387319,-11.357823386246254,-2.156414279473762,-163.83782446377748,-23.232746743986212,75.53518821167197,54.719569167678465,-950.003018422133,1345.113440579048
2025-09-05 21:24:14.115000,-80.79593230491406,61.78618869699586,-49.093468584974886,-50.228992584924505,-11.730901445362086,-1.7970415517681657,-164.24813717982337,-22.843634396049477,75.54246379915682,54.78957684591527,-950.0073756172222,1344.553841295874
2025-09-05 21:24:14.121500,-79.20925483140505,59.48347431820394,-51.03554173464161,-50.37973800874967,-12.093603430362363,-1.4524612171978282,-164.9111478055721,-22.3004615518045,75.54294004896818,54.878501566402186,-949.9906960904832,1344.0002828490115
2025-09-05 21:24:14.128000,-77.29855712399417,56.89664912945762,-53.1481247203534,-50.37499952345599,-12.450193977602224,-1.1268892172157137,-165.75443924177426,-21.616717308334554,75.5357416533374,54.9841842234086,-949.9553878493143,1343.4798183779367
2025-09-05 21:24:14.141000,-75.13475503424127,54.06935646159732,-55.3706398694458,-50.23891044009444,-12.80663265711071,-0.8261790654747523,-166.72853168699476,-20.80877477331434,75.52010650144263,55.10385561166417,-949.9046405742533,1343.0187802699857
2025-09-05 21:24:14.141500,-72.77386540708947,51.01845716762055,-57.673860939260685,-49.99230431292565,-13.168183984823555,-0.555487917762036,-167.8154791539752,-19.8930466701757,75.49555247933961,55.23428449392533,-949.8423307850101,1342.6406479913785
2025-09-05 21:24:14.142000,-70.24671048969027,47.73527717858432,-60.058361669234074,-49.64931918157913,-13.537438327134485,-0.31735574376126,-169.0258762546801,-18.883949296618937,75.46202018996954,55.37200304402845,-949.7730338904855,1342.3652430313223
2025-09-05 21:24:14.142500,-67.56060552276507,44.19780456291897,-62.54164991352553,-49.21731286547403,-13.913643197309742,-0.11112974645294003,-170.38505469104157,-17.793511122819936,75.41996805224406,55.51354067575512,-949.7019785943455,1342.2092063638029
2025-09-05 21:24:14.143000,-64.71305957844024,40.38895149956172,-65.13924950288582,-48.70026932083035,-14.29380711093742,0.06585844972543904,-171.9142425035671,-16.632873089718984,75.37041988786655,55.655579717315455,-949.6347440608041,1342.1870799372373
2025-09-05 21:24:14.143500,-61.71050687041703,36.31199753013607,-67.84887968218226,-48.10388725333827,-14.675016900693372,0.21597180178419167,-173.61580649894137,-15.414819363244476,75.31497764234541,55.795015415872804,-949.576677698677,1342.3118673887266
2025-09-05 21:24:14.144000,-58.58174716703637,31.99534350658409,-70.64568017747483,-47.43943485062848,-15.056600133756755,0.33913330485591675,-175.46977381768951,-14.15567477612357,75.2558262860243,55.928964406140935,-949.5322058785321,1342.594489655964
2025-09-05 21:24:14.145000,-55.37958424579103,27.485138240554953,-73.4897221631071,-46.72437697208268,-15.440942092206333,0.4319898675570832,-177.44193710046193,-12.875260241547013,75.1957478854516,56.05479898840916,-949.504318365947,1343.0427717750335
2025-09-05 21:24:14.147500,-52.170948738486814,22.830748700570396,-76.34052831181636,-45.979675193146406,-15.832610841972201,0.4886863867391213,-179.4980811911098,-11.594748709157448,75.13810699705468,56.170264986348755,-949.4944072146634,1343.6607781728162
2025-09-05 21:24:14.150000,-49.020368993920606,18.069740898533766,-79.17184806221991,-45.22507799070014,-16.236255188951954,0.5028130996874642,-181.6180584015706,-10.333289518877795,75.08675807410364,56.27365036390993,-949.5023945957572,1344.4483583462952
2025-09-05 21:24:14.152500,-45.973124662948656,13.21686240251473,-81.98239017972966,-44.47429882305584,-16.654217740677225,0.4696786150895041,-183.8057780257072,-9.104699042687153,75.04591570563011,56.363900669684774,-949.527007211267,1345.4005346775375
2025-09-05 21:24:14.155000,-43.04295599390212,8.258834109742425,-84.80092311998877,-43.731547453040356,-17.084673848724712,0.38820861293573744,-186.09356061411458,-7.915169302547503,75.02007995173514,56.44061507262633,-949.566129675358,1346.5068882099195
2025-09-05 21:24:14.157500,-40.20621725922091,3.1558917914571993,-87.68481826780058,-42.98986973742766,-17.520533287820466,0.262255105426497,-188.53988466053065,-6.762244372900439,75.01402268340291,56.50396111886574,-949.6171707611113,1347.7510534981284
2025-09-05 21:24:14.160000,-37.40325575402806,-2.148935879456725,-90.71090809963538,-42.23142019661714,-17.949169301040598,0.10120221441755364,-191.21950521426436,-5.635134556860412,75.03274665412502,56.55458035683047,-949.6773535780346,1349.110396255237
2025-09-05 21:24:14.165000,-34.54807609594254,-7.713510483217525,-93.95914737210448,-41.430031431850516,-18.353278904851354,-0.08048013274423671,-194.2067461294896,-4.516609986137722,75.08133513551988,56.593501775733856,-949.7438950835004,1350.5563725852307
2025-09-05 21:24:14.169375,-31.545811923528106,-13.576803237378371,-97.49242073059611,-40.55609512497791,-18.713045375947893,-0.26496502081441037,-197.5555515914024,-3.3864678237589105,75.16467855651874,56.62205515656849,-949.8140983643394,1352.0558349022167
2025-09-05 21:24:14.173750,-28.314570036883136,-19.741038671392623,-101.33788993947513,-39.582867604427975,-19.009289676840538,-0.43384985340045296,-201.28176069862894,-2.22597589088895,75.28713057531908,56.64179275825332,-949.8853840671233,1353.5727315901604
2025-09-05 21:24:14.178125,-24.805622968921224,-26.161694746068257,-105.47619224300351,-38.49249834821342,-19.22686661284083,-0.5713129119090512,-205.3538679696279,-1.022123709352018,75.45216480811374,56.6544174528884,-949.9552735308667,1355.0695324833814
2025-09-05 21:24:14.182500,-21.015078785082157,-32.7497474715438,-109.84323134069707,-37.27978756096804,-19.357288402335687,-0.6666579051441741,-209.6965751562855,0.2296925453893261,75.6620915915978,56.66169907567847,-950.0213326887607,1356.5085140689343
2025-09-05 21:24:14.186875,-16.98287590817429,-39.38581826728753,-114.34417690879172,-35.9523791467908,-19.399714779599858,-0.7153858964616229,-214.2060369760491,1.5253351474556267,75.91787884475212,56.665379120775114,-950.0810876441578,1357.853443833682
2025-09-05 21:24:14.191250,-12.780142236935037,-45.940851804528236,-118.87405223442414,-34.52752818484555,-19.360092071933344,-0.7185758699832596,-218.77083524267042,2.853698630648724,76.21907715332696,56.66708998070983,-950.1319334985565,1359.071408367683
2025-09-05 21:24:14.200000,-8.489954720179767,-52.29618713197326,-123.33754975491115,-33.026795757054835,-19.24887141917404,-0.6809896285206797,-223.29137782417325,4.199719275966208,76.56382041560451,56.66830221321013,-950.1710931509283,1360.134043877235
2025-09-05 21:24:14.203250,-4.188147650097144,-58.35686040001868,-127.66171970046675,-31.47058786211069,-19.078118735710653,-0.6086249557994846,-227.69149393087804,5.547615642506875,76.94891223509171,56.670281186902294,-950.1957114640265,1361.0181865796612
2025-09-05 21:24:14.206500,0.06903579351500198,-64.05414732938338,-131.79753600404874,-29.87451223077416,-18.859044016088156,-0.5065747076106367,-231.9186098522057,6.883348385263191,77.37000683298831,56.6740383466737,-950.2030874792881,1361.7065354031265
2025-09-05 21:24:14.209750,4.245404422351329,-69.33695401266047,-135.71022785601096,-28.24905239289677,-18.60094954384248,-0.37804652284058277,-235.93309812912273,8.195372494478555,77.82181074604583,56.68030595900173,-950.1908919837106,1362.188414909282
2025-09-05 21:24:14.213000,8.313344383100047,-74.15668702780832,-139.36339001925484,-26.602715453924247,-18.312025129077327,-0.22500217841481107,-239.6923861973345,9.473362955333878,78.29821615038777,56.689580747886154,-950.1572140157092,1362.4601248870886
2025-09-05 21:24:14.216250,12.237235192516055,-78.45436884634555,-142.7059408081979,-24.946826935144287,-18.001357341067145,-0.0499977281916114,-243.1388750952155,10.705838172355753,78.79235430749247,56.70222812689637,-950.1004226490152,1362.5247562528193
2025-09-05 21:24:14.219500,15.961841840142592,-82.15794131573885,-145.66990287150497,-23.29905738577934,-17.6807629406353,0.14195678357220498,-246.19893717434945,11.878443230038595,79.29663126568641,56.71859470479079,-950.0189323854624,1362.3917988956164
2025-09-05 21:24:14.226000,19.412101414563168,-85.19125438956195,-148.18023720564773,-21.683695350020262,-17.365260478583114,0.3426494324267376,-248.7933901247071,12.97415045379885,79.80283273443257,56.73909554343483,-949.9110178988592,1362.076396540765
2025-09-05 21:24:14.227625,22.50408605294132,-87.48972179955938,-150.17140023689353,-20.128610253497964,-17.07182047959107,0.5414668268736169,-250.85385241589216,13.975442998813447,80.30231758396212,56.764261617052014,-949.7748213395028,1361.5980042180227
2025-09-05 21:24:14.229250,25.162417086027013,-89.01561752351337,-151.6032854735959,-18.660241163248745,-16.816836491902034,0.7274605267077716,-252.33780708579968,14.86768582472429,80.78624420195564,56.79474073669543,-949.60855798827,1360.9788971494772
2025-09-05 21:24:14.230875,27.337486324270856,-89.76708721255272,-152.47026317861167,-17.298515529345778,-16.613276028322172,0.8919388353297166,-253.23634659196756,15.642479847824262,81.24581993173223,56.831266841668295,-949.410785077164,1360.2431123960168
2025-09-05 21:24:14.232500,29.01576834997995,-89.77724430779351,-152.79962233664307,-16.053593110915642,-16.468608976118343,1.0306510128661115,-253.5714440783553,16.29969491335672,81.67259601060897,56.874616894478905,-949.1806202376358,1359.4158009043776
2025-09-05 21:24:14.234125,30.219032847977672,-89.10350346753314,-152.63999341569604,-14.925714474606924,-16.384308456441275,1.1447186932722615,-253.38395436472933,16.847184726589493,82.05875135651343,56.92555038286325,-948.9179029691092,1358.5229485098735
2025-09-05 21:24:14.235750,30.992612103819777,-87.81115115234917,-152.04424816067873,-13.908324410469522,-16.357112557898546,1.2398786878060617,-252.71692790784704,17.2979661262928,82.39728703403125,56.984718875630975,-948.6233211785408,1357.591867710752
2025-09-05 21:24:14.239000,31.38674883846133,-85.95697686184376,-151.05292743744255,-12.993434466485747,-16.381596440626645,1.3242490277095487,-251.59999317929226,17.66569068104625,82.68212626895676,57.05255534538555,-948.2984887418842,1356.6522813190613
2025-09-05 21:24:14.245875,31.437740551365483,-83.57891720416157,-149.6842490648694,-12.177201496018162,-16.453116225193504,1.405448033176166,-250.04065891862555,17.960087392657222,82.90814952171431,57.12915522801328,-947.9459629494175,1355.7371848691055
2025-09-05 21:24:14.252750,31.15665867289271,-80.69608444747534,-147.93509154101972,-11.463318441636416,-16.569940453619633,1.4882503491073047,-248.02663447251362,18.184261913566097,83.07119297917518,57.214160474774175,-947.5692338909595,1354.882977005469
2025-09-05 21:24:14.259625,30.5311740835716,-77.31934116111192,-145.79286792157058,-10.862488520375516,-16.733541756928936,1.5738783137511496,-245.53857923863325,18.335101468734614,83.16804762901751,57.306693659860585,-947.1727058678586,1354.1283123539652
2025-09-05 21:24:14.266500,29.539938178873864,-73.46729258880501,-143.25262851600797,-10.388053289399513,-16.946804443202183,1.661276922989289,-242.56727210616103,18.406599359176926,83.19648159362134,57.40538205933186,-946.7616234353027,1353.5114405587792
2025-09-05 21:24:14.273375,28.17196833053685,-69.1795205908513,-140.33073985313845,-10.04997081708864,-17.211066150309442,1.7495836765632737,-239.1265699857274,18.3943466316769,83.1552772035946,57.50844601224328,-946.3419119216279,1353.0671222633928
2025-09-05 21:24:14.280250,26.44094307772943,-64.52037346870603,-137.06846633266036,-9.85018464084426,-17.52352920182483,1.840394389717658,-235.25592951766666,18.29896201452563,83.0442535689627,57.61381128775922,-945.9199778431603,1352.8244270997166
2025-09-05 21:24:14.294000,24.388155264658455,-59.57186358710304,-133.52447236200518,-9.781329947496765,-17.876165824027687,1.9387491917032202,-231.01213723076356,18.12715141134519,82.86423610840698,57.71924861658822,-945.5025096004523,1352.8055596141012
2025-09-05 21:24:14.294000,22.07386839868688,-54.41922795158023,-129.76024356013716,-9.828948789547008,-18.256419393064835,2.052500366284606,-226.45458635458533,17.89034414282637,82.61696068830263,57.82256463381189,-945.0962784867401,1353.025196304553
2025-09-05 21:24:14.294000,19.56114631554925,-49.13467153185483,-125.82408285280006,-9.976095828311104,-18.6493558499792,2.190367789171339,-221.62976021213103,17.601656449912674,82.30493825434765,57.921829307466126,-944.7079403540615,1353.4898897175954
2025-09-05 21:24:14.294000,16.89846019372974,-43.76411685529675,-121.73835820318479,-10.20850508877358,-19.040429347021828,2.3594123679228765,-216.55934575293486,17.272385147013562,81.93129574186004,58.015550841891766,-944.3438699857161,1354.197450059658
2025-09-05 21:24:14.294000,14.106501197061432,-38.31987667087082,-117.49271598203435,-10.518677123117188,-19.417967718856303,2.562681625873972,-211.23430243043583,16.909183047268133,81.49958187266749,58.102702324627536,-944.0100747257471,1355.1365383147531
2025-09-05 21:24:14.294000,11.171487229413525,-32.7810445086978,-113.04503700642135,-10.908186890259742,-19.77496611692752,2.797455068380734,-205.61654328412016,16.512472403238387,81.01354632264058,58.182597520262995,-943.7121888184577,1356.2866160689246
2025-09-05 21:24:14.294000,8.046071003689223,-27.103036777844917,-108.33161577417535,-11.387914214738148,-20.109989280520306,3.0543983688641454,-199.64971479097363,16.076311875962997,80.47696015081046,58.25468401320081,-943.4555076111809,1357.6185998490637
2025-09-05 21:24:14.294000,4.659197870243059,-21.2353413847754,-103.28556464594736,-11.975764195827328,-20.426782302355203,3.3180444364790453,-193.27779207702488,15.589954062777293,79.89356310078863,58.31832394959847,-943.2450252704148,1359.0968430746816
2025-09-05 21:24:14.297125,0.9340645214612443,-15.142742043587303,-97.85861355282806,-12.691971615274962,-20.7324070614899,3.5687623780470346,-186.46638559136323,15.041005410104994,79.2671425083219,58.372624502216674,-943.0854495625008,1360.6819926659182
2025-09-05 21:24:14.300250,-3.1900566751882513,-8.823705684204056,-92.03979268551414,-13.5530897465424,-21.034336461683957,3.7858209496034614,-179.22027437105024,14.419491767623514,78.60167132198389,58.416365543004716,-942.9811729788058,1362.333245745761
2025-09-05 21:24:14.303375,-7.738220609776811,-2.3204958330651237,-85.86532276229862,-14.566419893152258,-21.337359913969966,3.9507713466910297,-171.5917001808516,13.72169402445486,77.9014557675222,58.44805236623556,-942.936168151445,1364.0093734617885
2025-09-05 21:24:14.306500,-12.688549644053365,4.282233399977192,-79.41654298275822,-15.726688957075007,-21.641296539098974,4.050220283071366,-163.6766659837371,12.9525096379799,77.17127274699705,58.466091063653394,-942.9537646712796,1365.6689288315692
2025-09-05 21:24:14.309625,-17.973093997843403,10.869844473182633,-72.80674762083,-17.016111292324148,-21.94035363666908,4.077159569656094,-155.6006150550813,12.125433508847665,76.41646450147454,58.469022410648975,-943.0363422402469,1367.2701482334123
2025-09-05 21:24:14.312750,-23.49049029770248,17.316788736529375,-66.16146334405953,-18.40785104818222,-22.22441961925386,4.030470810290694,-147.49831316368443,11.259971890720571,75.64298292942499,58.4557252139232,-943.1850755120239,1368.770895978947
2025-09-05 21:24:14.319000,-29.12630926751506,23.506193986320152,-59.59838201288873,-19.871826362532218,-22.48188587080612,3.9128705953374405,-139.4942580288667,10.377189488349574,74.85739986610064,58.425548397695636,-943.3998046382249,1370.1288723851885
2025-09-05 21:24:14.322250,-34.77427860997103,29.34360477667091,-53.21351980132984,-21.38088112022872,-22.703011340837406,3.7281390137841,-131.6901152635522,9.494945062314926,74.06686821571972,58.378378290768566,-943.678957217752,1371.3026597472435
2025-09-05 21:24:14.325500,-40.35042367004249,34.76006768567035,-47.078559738384826,-22.91490196028904,-22.882491503203703,3.4788326977977375,-124.16357388074853,8.624786210725892,73.27903631227076,58.31466611849767,-944.0194658236522,1372.2543492551858
2025-09-05 21:24:14.328750,-45.7942784256164,39.70417619309375,-41.24957649544274,-24.46107795012286,-23.020056687684697,3.1656014749898,-116.97798887858093,7.771923916841217,72.50195923698635,58.235443725374935,-944.4167697403599,1372.9532440190842
2025-09-05 21:24:14.332000,-51.0573573302907,44.12825761528068,-35.78154970840113,-26.010277721865254,-23.118812104245695,2.7884692294458606,-110.19677697999145,6.938168593710636,71.74399386398721,58.14232401585864,-944.8650061243909,1373.3790036878645
2025-09-05 21:24:14.335250,-56.08621920582138,47.97697560970795,-30.74002252270663,-27.551630354749072,-23.182236386604863,2.349323136090746,-103.89404087542334,6.12608251708086,71.0136240016247,58.03744740748958,-945.3573804697528,1373.5229242212781
2025-09-05 21:24:14.338500,-60.81021005226838,51.18497761919877,-26.203182146201176,-29.068302104800658,-23.21141404311694,1.854238731914835,-98.15523379127777,5.34213776215129,70.3192128062159,57.92336542245273,-945.8865891368046,1373.3869215922005
2025-09-05 21:24:14.345000,-65.14020480610635,53.68493634131161,-22.25324472570214,-30.536459675513665,-23.203750979776736,1.3145469026750987,-93.06744143673002,4.597566949947683,69.66872014615211,57.802911339012425,-946.4451216127973,1372.9809477562849
2025-09-05 21:24:14.345500,-68.9785893007402,55.422387293091454,-18.96107011614822,-31.927665663435384,-23.153570165657854,0.7462605628110759,-88.70362818753209,3.9068209845010395,69.06944877204458,57.679105724404465,-947.0253886669643,1372.3204447930584
2025-09-05 21:24:14.346000,-72.23641759057372,56.371746894530204,-16.36977845195481,-33.213636890202814,-23.05417663386286,0.16813906103094275,-85.10664901468655,3.284373215391644,68.52788611441565,57.555097990950756,-947.619767565298,1371.4248710914644
2025-09-05 21:24:14.346500,-74.85155016607432,56.54863079303255,-14.482162911637785,-34.371527062518155,-22.90038089441164,-0.40081333710973377,-82.27758262718596,2.7410913112360986,68.04965731431366,57.43411232795809,-948.2206169621692,1370.3173334466765
2025-09-05 21:24:14.347000,-76.80235611852656,56.01573799366044,-13.254493333295876,-35.38803926005444,-22.690482939336974,-0.9435557590741915,-80.1706114797373,2.2813482918754064,67.63956609447408,57.31936093366054,-948.820237478494,1369.0250769577233
2025-09-05 21:24:14.347500,-78.11458276598775,54.880772401346114,-12.598279707967462,-36.26163775040477,-22.427420894249746,-1.4465919107194065,-78.69580149026915,1.9014540515335747,67.30169909200885,57.21390875139122,-949.4108120501373,1367.5802334409573
2025-09-05 21:24:14.348000,-78.86027236094729,53.28506477196222,-12.391433546133124,-37.00256793066035,-22.119139108971922,-1.9008943409475112,-77.73111895359709,1.589642117676163,67.03956552578725,57.12050493927854,-949.9844500164578,1366.019685534633
2025-09-05 21:24:14.349000,-79.14741503865285,51.383805876888665,-12.497839186605132,-37.63027641258166,-21.777931074592274,-2.3019042679835633,-77.142482210825,1.327839609492235,66.85621349465282,57.04141811296842,-950.5334165466118,1364.383206092195
2025-09-05 21:24:14.356250,-79.1011497574768,49.322655209577036,-12.7904519997567,-38.16838566050882,-21.41852791461538,-2.648339689322108,-76.80679432485336,1.0950942743437295,66.75424535670635,56.97831345809943,-951.0504625204037,1362.710403940945
2025-09-05 21:24:14.363500,-78.84073723801743,47.21716330823693,-13.1714930092788,-38.638397632374264,-21.055219601074715,-2.940017063830509,-76.6314531139327,0.8718944911976315,66.73570830730475,56.93219009192144,-951.5290941629411,1361.038121997255
2025-09-05 21:24:14.370750,-78.45848706175367,45.14045611402853,-13.584272533465127,-39.053904928311354,-20.698762535809156,-3.1753598317288945,-76.56484991931335,0.644195926504674,66.80190632436569,56.90338116120192,-951.963723500351,1359.3994133591223
2025-09-05 21:24:14.378000,-78.00685765597044,43.12234355115833,-14.013418919825801,-39.41710993343189,-20.354027695668883,-3.349471341250344,-76.59499445136017,0.40594547218262045,66.9531758053387,56.89160684555319,-952.3497292806774,1357.823693848297
2025-09-05 21:24:14.385250,-77.49758538329002,41.15948183832399,-14.474021249389647,-39.71880638472757,-20.01920900845564,-3.453525248906849,-76.73744433585983,0.15930673784658395,67.18864218966911,56.89604714856342,-952.6834541426182,1356.3369962224779
2025-09-05 21:24:14.392500,-76.91257392953665,39.232621684684425,-14.993939075089195,-39.941822402663156,-19.686928166736497,-3.475786616893068,-77.01715262317069,-0.08746041886785585,67.50600661693628,56.91539466739062,-952.9621600073955,1354.962093847953
2025-09-05 21:24:14.407000,-76.22247631023875,37.32503122453381,-15.59534692058295,-40.066791658687706,-19.34690173041234,-3.403989910969317,-77.45034584158145,-0.3236734169110321,67.90144352237436,56.94787937141806,-953.183944327328,1353.719087419052
2025-09-05 21:24:14.407375,-75.40620691251841,35.43564406924703,-16.281999661391183,-40.078274712356816,-18.989232618785508,-3.22826671776001,-78.03289270768516,-0.5400471574420853,68.36965867471449,56.99129984285325,-953.3475793687861,1352.6263331631772
2025-09-05 21:24:14.407750,-74.46355063601976,33.58163572342128,-17.037467312440057,-39.96890267114739,-18.60709427929519,-2.9435255649598973,-78.73996331725215,-0.7311564539257603,68.90408469229676,57.04310380205974,-953.4523076524551,1351.7005056444932
2025-09-05 21:24:14.408125,-73.41517055727151,31.789323534370162,-17.8351051651584,-39.739795742237405,-18.197737038867185,-2.550337822775719,-79.53689438787673,-0.8955086638238065,69.49709699551663,57.10051649474031,-953.4977550589754,1350.9551913146179
2025-09-05 21:24:14.408500,-72.29017750752737,30.078262989412206,-18.65434530449425,-39.39718274318977,-17.76146175284656,-2.0540370436606397,-80.39533041779309,-1.0332336130215434,70.14011095010711,57.16066850388018,-953.4840550793303,1350.3990401844258
2025-09-05 21:24:14.408875,-71.10837507231939,28.44737929552576,-19.494257164564164,-38.94719689677681,-17.29928403255738,-1.4626187770705354,-81.3058160231675,-1.1427190334614294,70.82356864143424,57.22069694177388,-953.4120924399654,1350.0348224031577
2025-09-05 21:24:14.409250,-69.86711614322385,26.870748413201312,-20.37713165065163,-38.391741748639895,-16.810688502421392,-0.7845655174219999,-82.28033772082857,-1.218125750251185,71.53697038911187,57.27785025112218,-953.2837511607719,1349.8597302953394
2025-09-05 21:24:14.410000,-68.5391412801139,25.3048717298844,-21.340815322749467,-37.72739072850256,-16.292615295293697,-0.027578101159070768,-83.34417394812515,-1.2490309802248918,72.26904803147697,57.329614320101435,-953.1021045261992,1349.866498871207
2025-09-05 21:24:14.414250,-67.08178398925617,23.703639353675243,-22.42381004141507,-36.94757475464154,-15.740050240077649,0.8013422898558722,-84.52118777284291,-1.2222713852166398,73.00802702801984,57.37381808771807,-952.8714658942729,1350.0447297664232
2025-09-05 21:24:14.418500,-65.45355648511723,22.035021445847395,-23.64883959788667,-36.04700915017509,-15.147896208147598,1.6946039573274678,-85.81815607798785,-1.1252432629540958,73.74189096838349,57.408682450177864,-952.5972651525354,1350.3819118177444
2025-09-05 21:24:14.422750,-63.631837131474036,20.294473155286468,-25.009607990599328,-35.02659766470377,-14.513354696795158,2.642247342028942,-87.21269756127239,-0.9494771161327477,74.45863716470146,57.43283450978582,-952.2858305576292,1350.8637419933157
2025-09-05 21:24:14.427000,-61.626135667974594,18.5122550913881,-26.463618807896438,-33.89721365061719,-13.83806399651396,3.6305301519012967,-88.6473898793497,-0.6933823858523457,75.14655593359228,57.445324695013156,-951.9441592019471,1351.473458661485
2025-09-05 21:24:14.431250,-59.48465446506696,16.753066128728662,-27.9329749034434,-32.681656329306605,-13.129653644923295,4.641184503255866,-90.03184908266243,-0.3636911351018523,75.79454383945927,57.445645479603634,-951.5796727421244,1352.1905487085542
2025-09-05 21:24:14.435500,-57.29325700609679,15.106594120969456,-29.314713688296543,-31.41445727777029,-12.402464323265374,5.651356342359924,-91.25418530704432,0.024550559061860894,76.39243272461971,57.43370599959247,-951.199912310659,1352.990127601457
2025-09-05 21:24:14.444000,-55.165578153944075,13.669791217552879,-30.499697758360718,-30.139067221308096,-11.67695465065169,6.6344925090351365,-92.20045757879198,0.4497449429138624,76.93129498381826,57.40973130664026,-950.8121639212607,1353.8438642676228
2025-09-05 21:24:14.446375,-53.224904278957084,12.525473047928656,-31.395129802003797,-28.90250221386451,-10.977558053514716,7.562386952147121,-92.77696968829933,0.8872528835913461,77.40366506110907,57.37413727879344,-950.4230952326669,1354.7215080268343
2025-09-05 21:24:14.448750,-51.58190431086219,11.723224386719943,-31.944473568652064,-27.74861547572134,-10.329435798231376,8.408055517516761,-92.92935925922987,1.3138675115530216,77.8036479918799,57.32746778915036,-950.0385194064376,1355.591905225965
2025-09-05 21:24:14.451125,-50.31410518531104,11.26662939836721,-32.14072585685335,-26.71178544700116,-9.755090315679206,9.14863671156879,-92.65478799949214,1.7119949248228066,78.12697417783917,57.27041319882839,-949.6633153691779,1356.424109981006
2025-09-05 21:24:14.453500,-49.451673598121275,11.108215978598958,-32.03168997524497,-25.81241016430402,-9.271717655221497,9.76758533657224,-92.00622589829526,2.072550288656934,78.37108847574015,57.2038599278181,-949.3014410886423,1357.1892263944073
2025-09-05 21:24:14.455875,-48.970961317088864,11.152553815020203,-31.716758945081722,-25.0545800385016,-8.88957160642488,10.255978341644454,-91.08835495050005,2.3963033727469116,78.53527136820117,57.12891476759257,-948.9560030503911,1357.8621219593979
2025-09-05 21:24:14.458250,-48.79618553652252,11.267977238271301,-31.334682800477637,-24.42596912967137,-8.611310812570089,10.6129886530021,-90.04447664794162,2.6937150393639135,78.62069120353105,57.04687119403,-948.6294425164622,1358.4220925459176
2025-09-05 21:24:14.463000,-48.81015817123632,11.30593888576938,-31.043390330848776,-23.900319869569618,-8.432505667155265,10.84533548464686,-89.03571550190176,2.983126488216832,78.63028954779156,56.959124441947054,-948.3238762033089,1358.8525161346734
2025-09-05 21:24:14.467625,-48.87356925453976,11.124323509267818,-30.99563904936622,-23.44260434170803,-8.343490325662863,10.965513248125188,-88.21657666274858,3.287296546405542,78.56850431116587,56.86709282329336,-948.0414571403591,1359.1400543800464
2025-09-05 21:24:14.472250,-48.84921635265963,10.609671851547152,-31.315614774827967,-23.015889906902164,-8.332325679358991,10.988994895830094,-87.71201128793874,3.628823474206739,78.44094024742708,56.7722075498413,-947.7845683381836,1359.2741616273952
2025-09-05 21:24:14.476875,-48.62516822535005,9.694032403308013,-32.080818251716956,-22.587998008491216,-8.388069351321201,10.931035621466194,-87.60000295867746,4.025470033812153,78.25408237006789,56.67597517415096,-947.5558027216022,1359.2472694657572
2025-09-05 21:24:14.481500,-48.13160117283557,8.364094548814174,-33.31164408745758,-22.136264395598285,-8.503429675217388,10.80377874327732,-87.90164094389382,4.486405669587054,78.01505430849485,56.580074553789686,-947.3577891848187,1359.0554573772079
2025-09-05 21:24:14.486125,-47.34955500006911,6.6614210144144055,-34.97013968527909,-21.649998837345205,-8.67645017838126,10.61402912191084,-88.5802062030078,5.009899566089259,77.73139398109436,56.48645598111007,-947.1929349116338,1358.699805698855
2025-09-05 21:24:14.490750,-46.31127997762098,4.672743277204642,-36.96948631278288,-21.13079800294857,-8.911199152608614,10.361938028122738,-89.55104789124267,5.582746698834236,77.41084085681614,56.397413299623665,-947.0631434652244,1358.1887554177565
2025-09-05 21:24:14.500000,-45.09107304887053,2.5111457126382346,-39.19346167152366,-20.590441281483265,-9.217203965881316,10.041032249370776,-90.70130467877075,6.181769231559385,77.06112776803185,56.31560290529582,-946.9695544795316,1357.5404738587995
2025-09-05 21:24:14.503500,-43.78716038494761,0.2926067056764259,-41.52090804830783,-20.04633788050463,-9.6074592064089,9.639815829718499,-91.9141960663453,6.77740302488069,76.68977866146079,56.24400515737268,-946.912359974342,1356.783554127459
2025-09-05 21:24:14.507000,-42.49873886257505,-1.8860070932394397,-43.848614825372366,-19.51551045433423,-10.095429983457212,9.14455729119741,-93.09133808647947,7.3386018266990405,76.30394752375281,56.18582984698462,-946.8907432348109,1355.9556496573068
2025-09-05 21:24:14.510500,-41.30422773968714,-3.9631328196646796,-46.10817967358303,-19.008806368650877,-10.691958335650208,8.54242530074787,-94.16892898529751,7.837717267899371,75.91033498957844,56.144370379216824,-946.9029029780328,1355.100596032521
2025-09-05 21:24:14.514000,-40.24544444040455,-5.921199571913847,-48.275224138322784,-18.526728556762034,-11.402858913707135,7.824226394944669,-95.12638399662619,8.254260075198665,75.51518072831013,56.12283634990395,-946.9460920277636,1354.2643285296435
2025-09-05 21:24:14.517500,-39.31922085150781,-7.7871538301524375,-50.370150630784,-18.05730338082238,-12.227383839937175,6.986474796785736,-95.98652320005063,8.577215921456869,75.12430477571425,56.124199549433925,-947.0166893464191,1353.4902896028034
2025-09-05 21:24:14.521000,-38.476899930935915,-9.624010192413595,-52.44946965792275,-17.57604715398308,-13.157531922946609,6.032675548254462,-96.80633559482112,8.80582621721739,74.74317101017573,56.15106343834232,-947.1103648198145,1352.8157672283824
2025-09-05 21:24:14.528000,-37.63281043574285,-11.514077389719827,-54.5885237997313,-17.048357720987195,-14.178499546318678,4.973480699974565,-97.65947566266348,8.94853664947866,74.37694210742535,56.205542322161826,-947.2223262882287,1352.270046253132
2025-09-05 21:24:14.528250,-36.68145639546077,-13.53752333241085,-56.85956572232048,-16.434392438515516,-15.270542813615641,3.825471153592502,-98.61469988549494,9.02003807591252,74.03048107205622,56.28912535785226,-947.3475895623831,1351.8741768251302
2025-09-05 21:24:14.528500,-35.519285958299356,-15.752632200651407,-59.31158531582625,-15.695461337946174,-16.411844930477454,2.6088320908493774,-99.71660027120555,9.037122760210915,73.70823958105096,56.40252427388013,-947.4812068454323,1351.6416631570864
2025-09-05 21:24:14.528750,-34.062021240163745,-18.186120036606475,-61.96000763927855,-14.799507241701304,-17.581058563997743,1.3448816557712762,-100.97641000570522,9.015163061188721,73.4139814120634,56.545547639495496,-947.6184122733209,1351.5791034701015
2025-09-05 21:24:14.529000,-32.248588910737666,-20.83859916869774,-64.79114723619948,-13.72302710605099,-18.75804939203864,0.05470950062591021,-102.37704875545536,8.967124994174846,73.15037453119804,56.71704318402227,-947.7547104292736,1351.6862628897961
2025-09-05 21:24:14.529250,-30.032667950584134,-23.699325437391956,-67.77581419816843,-12.449420334497464,-19.922771936598565,-1.2406957414163835,-103.8863721971214,8.90505740618114,72.91860981574227,56.91491359350552,-947.885963235745,1351.9565783488897
2025-09-05 21:24:14.529500,-27.372715567969152,-26.75769252234588,-70.88003381167047,-10.966598288999942,-21.053760955189308,-2.5197598351281143,-105.46707834022556,8.841947055006045,72.71821240401398,57.13619433385877,-948.008493601501,1352.3796059363622
2025-09-05 21:24:14.530000,-24.2298175742664,-30.00454364679949,-74.06608489290004,-9.266464264707585,-22.127708297957987,-3.7602377748183473,-107.07727750524532,8.792036370142332,72.54709790836598,57.37717726369218,-948.119206174961,1352.9450058794628
2025-09-05 21:24:14.538250,-20.575221883956207,-33.42472727379616,-77.28519845603003,-7.346876057485257,-23.120584985967522,-4.940214824982958,-108.66341104269654,8.769164392110387,72.40182143762463,57.63355291388443,-948.2157266226915,1353.6456401069936
2025-09-05 21:24:14.546500,-16.404194470551612,-36.98570065481328,-80.46690805699858,-5.215234440026658,-24.009937754859887,-6.040055515894298,-110.15045788674328,8.783736198539003,72.27792033874356,57.90055063503097,-948.2965311302083,1354.477826471234
2025-09-05 21:24:14.554750,-11.750335151093951,-40.62706824311198,-83.51022454459532,-2.8920625022320117,-24.777510173100723,-7.044699222505529,-111.43429588851161,8.839441977594852,72.17027956798952,58.17309268859738,-948.3610254640254,1355.4391885388432
2025-09-05 21:24:14.563000,-6.69510699959143,-44.254607077838784,-86.2800768945085,-0.4130858545789419,-25.41134860200046,-7.945560447574614,-112.37923627746919,8.930810340685083,72.07351260955336,58.44599157553459,-948.4095629235142,1356.5263211527727
2025-09-05 21:24:14.571250,-1.3706370904206893,-47.74118920960615,-88.6109622722493,2.1706146163772635,-25.907094549650715,-8.741726417837,-112.82254669754147,9.042105863245018,71.98234149104864,58.71417971562609,-948.4433923898503,1357.7340809784464
2025-09-05 21:24:14.579500,4.044846871988475,-50.936622328832776,-90.31941987882182,4.794366223216276,-26.268429430003334,-9.44040696552586,-112.58761739825063,9.147756813984147,71.89191455829962,58.972924064905456,-948.4645061075847,1359.0567076487678
2025-09-05 21:24:14.596000,9.340302339061449,-53.686145357845376,-91.22487027044643,7.383940749093955,-26.50637876019693,-10.056324466793608,-111.50506739528812,9.214571370648567,71.798033004022,59.21798161250534,-948.4753752703156,1360.4895656097033
2025-09-05 21:24:14.598125,14.293443791877118,-55.853262715864375,-91.17429442606901,9.861884772946064,-26.63722896587606,-10.60975003053371,-109.4369874016891,9.205733747350784,71.69730054174822,59.44568907783453,-948.4786154138327,1362.0299440011277
2025-09-05 21:24:14.600250,18.695723286867747,-57.33977722644006,-90.06322388926725,12.154915665095043,-26.679450910954632,-11.123489571741572,-106.29686046238268,9.085730233704398,71.5871620756998,59.65301058257544,-948.4766854242521,1363.6764458526723
2025-09-05 21:24:14.602375,22.37135474846836,-58.09469058716238,-87.84447655119502,14.19981704444923,-26.65081926229781,-11.619840460709916,-102.05699067816569,8.82434838630116,71.46573757076223,59.83754068327955,-948.4717434505834,1365.4275155270243
2025-09-05 21:24:14.604500,25.181826875811065,-58.10738613656404,-84.52043098838539,15.945385034927572,-26.567074196691596,-12.118745299157608,-96.7398802766613,8.397984168222079,71.33142761587804,59.997442701937686,-948.4656943747733,1367.2798086530202
2025-09-05 21:24:14.606625,27.017451695919025,-57.391518685153265,-80.12606875682425,17.350673567567334,-26.442374226484848,-12.637550111940445,-90.4012003641046,7.788441523843124,71.18244451432078,60.13135197711178,-948.4603228518605,1369.2271552206485
2025-09-05 21:24:14.608750,27.787273250073625,-55.9729841175334,-74.7166597332912,18.38252816355629,-26.290381439482207,-13.191559813746041,-83.11778439177257,6.981256867734609,71.0164998580049,60.2383017784138,-948.4573812490862,1371.260375918153
2025-09-05 21:24:14.613000,27.417060488864568,-53.889227654487215,-68.36709151936277,19.015137877494695,-26.12458794581006,-13.79420627491725,-74.98679371224698,5.965372229315694,70.83076353652594,60.31768998189214,-948.458606536373,1373.3673252920944
2025-09-05 21:24:14.613875,25.857048979504608,-51.197149626475664,-61.17940808267593,19.23222607708115,-25.957315570711916,-14.456203387496009,-66.13236293986002,4.734625951640658,70.62205125560887,60.369263451136575,-948.4656849548895,1375.5325685889638
2025-09-05 21:24:14.614750,23.095441866673085,-47.9830073508857,-53.29160838503159,19.03086900045995,-25.797749258799303,-15.183873757320253,-56.71314411746239,3.2904290765855637,70.38712133652793,60.393085485886445,-948.4801523190391,1377.7366269190943
2025-09-05 21:24:14.615625,19.171645171355202,-44.36909424010326,-44.88282154953242,18.425223297283758,-25.64989814833864,-15.977436349988638,-46.92627364482102,1.6444396899566387,70.1229824471122,60.38944444133683,-948.5032726354525,1379.9550697640561
2025-09-05 21:24:14.616500,14.184420819250324,-40.51468431830683,-36.17286093213069,17.44873613249297,-25.51121159004298,-16.829993641275106,-37.00587926076188,-0.17974810667342753,69.8271956406145,60.35869379603327,-948.5359893522573,1382.1582971718353
2025-09-05 21:24:14.617375,8.293410356684578,-36.610348321764526,-27.41531041573012,16.154383105502227,-25.371960686796694,-17.72730641248777,-27.2151514170819,-2.146180849456705,69.49818969340087,60.30110859845622,-948.5789441420798,1384.3125900712275
2025-09-05 21:24:14.618250,1.7136359312997378,-32.865056257834105,-18.883200887016002,14.612825529351793,-25.215349750099744,-18.648191031151647,-17.831139520941957,-4.207447110766675,69.13556089041252,60.2168579119593,-948.6324707201272,1386.3817774930103
2025-09-05 21:24:14.620000,-5.298258177606437,-29.486700783591445,-10.84771311654999,12.908116555695257,-25.01866724091274,-19.565731708345247,-9.123143647244527,-6.307193318928352,68.74029597228814,60.106086292634686,-948.6965388682487,1388.328955449474
2025-09-05 21:24:14.627875,-12.465991494378272,-26.659233482191254,-3.553333251644204,11.130953658848513,-24.755767850966482,-20.449568965945815,-1.328321909262878,-8.384345473165514,68.31489451589002,59.96905345328419,-948.7707432488048,1390.1184268271154
2025-09-05 21:24:14.635750,-19.519771899838688,-24.52215612848882,2.8043035631227684,9.370633605624525,-24.400534518955347,-21.269012256271125,5.3693471205490715,-10.378353019619427,67.86341631965809,59.80631086633853,-948.8544564812664,1391.7173843739147
2025-09-05 21:24:14.643625,-26.21742068654004,-23.16036213197453,8.089502979832792,7.70827333954402,-23.93002927495814,-21.99599375947765,10.848577781386382,-12.233787239731317,67.39148501015615,59.61886398748344,-948.9471478975901,1393.0966704580678
2025-09-05 21:24:14.651500,-32.35135689698525,-22.609551139627154,12.221436650975585,6.213935965372264,-23.32581944493432,-22.606641513221714,15.044304067381665,-13.90250877308511,66.90624214893705,59.40825519163867,-949.0487084832142,1394.2310747116726
2025-09-05 21:24:14.659375,-37.74231897612826,-22.871622524991135,15.15908974080965,4.947630231425379,-22.573285683108566,-23.081170515553723,17.932073809614433,-15.343326094678408,66.41621518225372,59.176582385258016,-949.159582731363,1395.0996736614643
2025-09-05 21:24:14.667250,-42.23073979270915,-23.927245780024577,16.88947284338744,3.961294113490038,-21.66025008349364,-23.403056964355752,19.51633357010497,-16.5209797544033,65.93108108041272,58.92650399122955,-949.2806586649253,1395.68597379937
2025-09-05 21:24:14.683000,-45.67534248141254,-25.738345556640887,17.426266142513303,3.2990454975584247,-20.576350068569017,-23.55869710668402,19.82900586232555,-17.406277833320917,65.46134331297958,58.661225663154354,-949.4130444744468,1395.97789991214
2025-09-05 21:24:14.683875,-47.96104556400978,-28.24243280430347,16.81653641303182,2.9949714601489172,-19.313738689349698,-23.538102119184323,18.935679707471362,-17.977898490035052,65.01794233096464,58.38443677453572,-949.557832562748,1395.9681194663672
2025-09-05 21:24:14.684750,-49.012237991789085,-31.345299800444828,15.148500997996262,3.06942753961257,-17.86883066439988,-23.33639892462963,16.94251360847028,-18.225098328548995,64.61179945749656,58.100187589217406,-949.7158441534956,1395.6547968616378
2025-09-05 21:24:14.685625,-48.80244072600268,-34.92058314938203,12.55145600545547,3.526279370295114,-16.2438968451447,-22.95510533548078,13.995174980799682,-18.149498446129975,64.25328957351773,57.812713931426494,-949.8873988249056,1395.0423338809742
2025-09-05 21:24:14.686500,-47.35124965050035,-38.821751616834895,9.182425249609938,4.353669548494367,-14.447022224793324,-22.401900410484547,10.264830401060626,-17.764147555472675,63.95168951285569,57.5262235829809,-950.0722106938874,1394.1416202804548
2025-09-05 21:24:14.687375,-44.70931753619759,-42.90149901854065,5.205243372185734,5.528264550907762,-12.49023302948847,-21.68869955339112,5.92738323032269,-17.090059201419987,63.71473154233208,57.2446756515812,-950.2693989951872,1392.9695223872613
2025-09-05 21:24:14.688250,-40.94214505391223,-47.026404123584044,0.7748680775916775,7.020114669401326,-10.387171014103906,-20.829224375965573,1.1486072905421443,-16.152377746888554,63.548377107599855,56.971602739677856,-950.47750568329,1391.5476786540385
2025-09-05 21:24:14.690000,-36.12223297298845,-51.079871511399155,-3.9660557114695596,8.795407514373652,-8.151746417626702,-19.837386031231045,-3.9184376693571847,-14.978075881885587,63.456807644443984,56.71001337462122,-950.6944834058547,1389.9009810042726
2025-09-05 21:24:14.692000,-30.33178636238854,-54.955358588362856,-8.880747566432001,10.816297319129287,-5.798283299614196,-18.727049296423964,-9.126637879455657,-13.595710029336365,63.44255667130852,56.46236076679288,-950.9177050235337,1388.0560182765348
2025-09-05 21:24:14.694000,-23.67214912754543,-58.54672750255046,-13.829184288178924,13.038731499824912,-3.3428422490189487,-17.51298433461372,-14.326213793836407,-12.036632030690445,63.506711422246184,56.230539020326496,-951.1440230714846,1386.0398558220668
2025-09-05 21:24:14.696000,-16.271053809753187,-61.744583227695365,-18.665618461379996,15.410834431289052,-0.804584252531914,-16.212035272967476,-19.363280094390227,-10.335940118304215,63.649132386702576,56.01590763630544,-951.3698419216767,1383.87964650091
2025-09-05 21:24:14.698000,-8.2784454665167,-64.44425378446248,-23.24855601069532,17.87461048381855,1.7942712058720867,-14.84321879003698,-24.090483652840508,-8.531232686248753,63.86867404320358,55.81937842985597,-951.5911764990288,1381.6027769449393
2025-09-05 21:24:14.700000,0.14880207080843494,-66.56056228339112,-27.45774312974139,20.37093062011493,4.430210592302948,-13.426401178942731,-28.383572832960926,-6.659162684185414,64.16340188015829,55.641562474588405,-951.8037347052149,1379.2368610483181
2025-09-05 21:24:14.702000,8.862945390394843,-68.03777368346954,-31.20559675218723,22.84479819644208,7.080705972119125,-11.980516759416968,-32.151734584684334,-4.751922474903864,64.53076577301641,55.48290685163165,-952.0030462041053,1376.8097944818164
2025-09-05 21:24:14.706000,17.73278621527229,-68.84830408186174,-34.436319381157176,25.248112068546703,9.7256131895885,-10.522511415053039,-35.33587007126207,-2.8356132677843213,64.96769959733962,55.343749193259086,-952.1846158965138,1374.3504543342297
2025-09-05 21:24:14.710625,26.640221631786883,-68.98241100270278,-37.11518264862756,27.539192260477407,12.3470994389157,-9.067526595088411,-37.897753853160864,-0.9309660342993054,65.47069035175832,55.224301715950965,-952.34411635104,1371.8898057181395
2025-09-05 21:24:14.715250,35.469043391626755,-68.43450637765021,-39.214015973101624,29.679855521494723,14.92827701238085,-7.6301478867334405,-39.806086327656764,0.9441691702425031,66.03585350005294,55.1246235281582,-952.4776302247127,1369.461579236544
2025-09-05 21:24:14.719875,44.09184264827716,-67.19104327402239,-40.69823373036197,31.631694944544762,17.451316842972574,-6.226002115495113,-41.02454853029661,2.7717443106614534,66.65891303342977,55.0445940983357,-952.5818830467256,1367.1018304034797
2025-09-05 21:24:14.724500,52.360456265861565,-65.22303402807738,-41.51874521303407,33.35320219400698,19.89590722086953,-4.872932806008964,-41.50486994252961,4.5310330256533895,67.33496195987637,54.983860792774415,-952.6544292670166,1364.8473074416033
2025-09-05 21:24:14.729125,60.10207314589148,-62.485064284331884,-41.610743346031846,34.79839480513986,22.238330877567254,-3.5915838375366396,-41.18668655380015,6.197233310270983,68.0580948566391,54.94175189778813,-952.693794700421,1362.7333278405276
2025-09-05 21:24:14.733750,67.12175920590728,-58.922538014189065,-40.90111690001561,35.91716839093548,24.451186935705888,-2.4055089367388556,-40.00575361347729,7.741288334129938,68.82112385066107,54.91718360349768,-952.6995355959914,1360.7916677732273
2025-09-05 21:24:14.743000,73.21303055992739,-54.48711638952494,-39.32429874022243,36.65790434655523,26.504145754095966,-1.3405475552386856,-37.91001313743039,9.131297592639655,69.61547131510825,54.90859798094676,-952.6721741489982,1359.0481687826368
2025-09-05 21:24:14.745875,78.17647035479402,-49.15643697673557,-36.84237681895244,36.9724615338808,28.366039358081704,-0.4231064203549701,-34.87919666728689,10.335659723827781,70.4312274989566,54.9139384728855,-952.613015833276,1357.520474662866
2025-09-05 21:24:14.748750,81.84268407268965,-42.952208906460854,-33.46339971381435,36.82259880353564,30.007929842338676,0.32248809976521065,-30.941998928680032,11.327300492518397,71.25732820625016,54.93065923009852,-952.5239022591338,1356.21745757403
2025-09-05 21:24:14.751625,84.09365229305176,-35.952322926335476,-29.253556910369376,36.186185183497614,31.4062819207668,0.8767560503121864,-26.186687455679817,12.087756717927032,72.08177455874274,54.95579657992125,-952.4070503300477,1355.1407452339454
2025-09-05 21:24:14.754500,84.8776729528098,-28.295244472831495,-24.34159551863052,35.06179921379856,32.545461479645475,1.2271112383522504,-20.763745499970156,12.610079771698096,72.89182138039037,54.98611968261705,-952.2651145515256,1354.2866119680884
2025-09-05 21:24:14.757375,84.21647538099468,-20.17617858992916,-18.91489468160252,33.471154907060786,33.41936073635213,1.3690688331183591,-14.880121866119246,12.900291784585391,73.67412081763469,55.01831814071952,-952.1013964323365,1353.646727022674
2025-09-05 21:24:14.760250,82.20427075140262,-11.834371700414344,-13.206421454838235,31.459067893786298,34.032162061636036,1.3068299801525305,-8.784495597219914,12.977417391471542,74.41487570170194,55.04918375985225,-951.9200072625772,1353.208534989547
2025-09-05 21:24:14.766000,78.9974969367812,-3.5320645602658227,-7.473089637526269,29.09045214392853,34.39794339144034,1.0530228324928468,-2.7444846793030386,12.871826705344153,75.10005996314145,55.07579496974448,-951.7258855046132,1352.9566992488271
2025-09-05 21:24:14.769500,74.7952244542563,4.471443207962248,-1.9691355776623263,26.44427607019402,34.538819634786,0.6271967296716905,2.9802741154999346,12.62173190784906,75.71570847732771,55.095724019880194,-951.5246606859293,1352.875414600353
2025-09-05 21:24:14.773000,69.81333819085386,11.94511210726143,3.0797604909679523,23.605422049174763,34.48177123781252,0.05308929887439853,8.163366778926676,12.26829167581012,76.24826271144669,55.10723964574408,-951.3223968772941,1352.9504628046325
2025-09-05 21:24:14.776500,64.25832096735247,18.704892466980873,7.4954065718433736,20.656275086898628,34.254855407351485,-0.6447509224313147,12.62901264648467,11.850417555637314,76.68498271877742,55.10941996693959,-951.1252895011345,1353.170569421105
2025-09-05 21:24:14.780000,58.30785292812373,24.620760718716383,11.15391417088943,17.670248987079272,33.88388829938003,-1.4440030118383191,16.25692068819407,11.400724772313739,77.01441940822538,55.10211538987122,-950.9393643570817,1353.528458568897
2025-09-05 21:24:14.783500,52.10357434611783,29.610762915549973,13.979264710148332,14.708854651864312,33.39056862324803,-2.3263495727199417,18.974278021111935,10.943693464947387,77.22690844507434,55.08581034513141,-950.7701828438203,1354.021864968976
2025-09-05 21:24:14.787000,45.75636685644116,33.626103495048696,15.927943267655987,11.822456298601967,32.79234505724223,-3.2776230868240206,20.73978071587706,10.496102686632787,77.31506154142694,55.06148904420358,-950.6225488395017,1354.65365190199
2025-09-05 21:24:14.794000,39.360059778788596,36.634038426114735,16.971662704564604,9.053563754114787,32.103681329176666,-4.2865555667063875,21.52683538029343,10.069032013486542,77.27422140063898,55.03056381791153,-950.5001823332101,1355.429922258535
2025-09-05 21:24:14.800250,33.00727817876683,38.60510267676926,17.08488528578482,6.440898419285464,31.338054186965298,-5.342738811656613,21.31231952190954,9.670517731412499,77.10278748952682,54.9948457489016,-950.4053561727308,1356.3565963087403
2025-09-05 21:24:14.806500,26.80032755326495,39.50974954164472,16.242212207765515,4.022285569765337,30.509811060681738,-6.4346567185050985,20.07526380449343,9.307845513084178,76.80234195690987,54.95649714936944,-950.3386200111507,1357.4362803543636
2025-09-05 21:24:14.812750,20.851119209627115,39.326214517978755,14.427169108649407,1.8346792608874953,29.634900772730887,-7.54873967085153,17.806254178796234,8.988406541689203,76.3776076563469,54.91793771537523,-950.2987404289279,1358.666958530328
2025-09-05 21:24:14.819000,15.268880550445814,38.056057835002825,11.648343041400791,-0.08914917942907004,28.729881555996727,-8.670015030122425,14.523176168865138,8.718594499217154,75.83631866848144,54.881726451103255,-950.2828658769529,1360.0427142953313
2025-09-05 21:24:14.825250,10.14159504790553,35.73892250782476,7.953971086355558,-1.7256843256964989,27.8096057684679,-9.784049383411439,10.284534881913032,8.501469422748986,75.18903775737299,54.85043910807083,-950.2868757232137,1361.5551730849174
2025-09-05 21:24:14.831500,5.521320804770291,32.45763827029747,3.4360424041214075,-3.0646585031500626,26.88484497636646,-10.879087717711473,5.192010348658662,8.334845264032449,74.44887990799883,54.82654235084361,-950.3058509309927,1363.1940401532784
2025-09-05 21:24:14.844000,1.4207863818820468,28.330444374447495,-1.7789331741023628,-4.109826906231247,25.961122428185792,-11.947226903829968,-0.61985789541899,8.211162239290841,73.63110488019889,54.812277005563985,-950.3345733465331,1364.9463200579685
2025-09-05 21:24:14.844000,-2.177908560302833,23.49422575076019,-7.548018501441329,-4.876178446537436,25.039323584758204,-12.984064360570207,-7.002037558592917,8.119444404286961,72.75261568826853,54.809567426128275,-950.3680033188816,1366.7949829932159
2025-09-05 21:24:14.844000,-5.306784565238631,18.085527848475547,-13.731689961818764,-5.384725438925102,24.117802405788616,-13.987070390042446,-13.810382004607337,8.04865052442058,71.83143667869254,54.81995836054783,-950.4016804818771,1368.7178977394715
2025-09-05 21:24:14.844000,-7.994110475230333,12.224694039982477,-20.210191993250266,-5.656764767863339,23.19509910087948,-14.953511660487957,-20.9210963263931,7.991134722039389,70.88623881221429,54.844579023791574,-950.4318631135874,1370.687181476329
2025-09-05 21:24:14.844000,-10.250403303719933,6.00589244079761,-26.893885994798637,-5.709187905203896,22.27241832143737,-15.878690889647379,-28.240117225054476,7.945145744029952,69.9359491788552,54.88412853098479,-950.4552493981037,1372.6690427394733
2025-09-05 21:24:14.844000,-12.060137682505502,-0.5058001746183276,-33.72626395048716,-5.551385732369711,21.355527853179773,-16.754685376072647,-35.70519837734208,7.916122640742171,68.99942765651699,54.938853649887434,-950.4684535076713,1374.6248655088657
2025-09-05 21:24:14.844000,-13.379796447491765,-7.269392100532821,-40.67837576996228,-5.183947587280144,20.455900149087277,-17.5695696679782,-43.2795821168107,7.916814138704287,68.09516745953803,55.00851318181405,-950.4676430405116,1376.5140871281465
2025-09-05 21:24:14.844000,-14.14388900490126,-14.25528169635732,-47.73495322809388,-4.5996953441831145,19.59066294314164,-18.3074869650282,-50.93787045539144,7.965893704863143,67.24098031209493,55.092377152772215,-950.4485496971978,1378.2983220886945
2025-09-05 21:24:14.850250,-14.27942676276869,-21.427850322100088,-54.87567724834817,-3.78735130443317,18.781018328387233,-18.950004021931242,-58.647667009012594,8.084867215918225,66.45363165639714,55.18929476441242,-950.4067490138536,1379.9455131384393
2025-09-05 21:24:14.856500,-13.726185673662782,-28.728376345521795,-62.057070994654374,-2.7372491141031365,18.049311869772133,-19.478702522626378,-66.35239904543083,8.29373815257544,65.74842355690447,55.29780844304604,-950.338055433227,1381.4327403746447
2025-09-05 21:24:14.862750,-12.457211442474977,-36.06391797289216,-69.20094801916758,-1.4475273955306405,17.41546393166746,-19.878404126320298,-73.9612401345629,8.606519499654468,65.13879300965903,55.41627238283344,-950.2389520847975,1382.7470716755306
2025-09-05 21:24:14.869000,-10.49246656260423,-43.307040647156654,-76.19434557502653,0.07136494584525511,16.893838103531174,-20.14004900222297,-81.35077490093765,9.027978042831938,64.63603408015149,55.542949323641736,-950.1069451368023,1383.885202507905
2025-09-05 21:24:14.875250,-7.900316838473124,-50.307494605149834,-82.90178026886424,1.7955582261827718,16.491550561983924,-20.262271254157465,-88.37857054047744,9.552586989787292,64.24919306255856,55.67607832983778,-949.9407315275632,1384.852629831631
2025-09-05 21:24:14.881500,-4.786611991184432,-56.911725055950306,-89.18526326738301,3.6902766245849095,16.208613098904586,-20.25123146627349,-94.90360174510326,10.165706230307073,63.98508874695139,55.81391063337828,-949.740179877796,1385.6623205134983
2025-09-05 21:24:14.894000,-1.2756321342439352,-62.98349971183964,-94.92506483275437,5.714844837632065,16.03961181334065,-20.118901820868103,-100.80648873341339,10.846340829604273,63.84838942840838,55.954709589202885,-949.5061937168088,1386.3328954277995
2025-09-05 21:24:14.900500,2.510713793778949,-68.41915396720756,-100.03469768244817,7.828415922812465,15.976215657102854,-19.88044429746014,-106.00331042581199,11.570598558246608,63.84170573468853,56.096725093931106,-949.2405203523131,1386.8863939515304
2025-09-05 21:24:14.907000,6.468325832461324,-73.15236556682996,-104.46508445464964,9.994462433187278,16.009567918709664,-19.55161872085068,-110.44848412145042,12.314772208688456,63.9656630627307,56.238164202875545,-948.945569373028,1387.3455302510638
2025-09-05 21:24:14.913500,10.514950766640961,-77.1467133503276,-108.1962557190631,12.182296021648906,16.131511355772897,-19.14726271106233,-114.12563201706624,13.056916536953938,64.21892774435662,56.377169577128065,-948.624297372997,1387.7308179717893
2025-09-05 21:24:14.920000,14.581445015483515,-80.37977948935897,-111.22064720189212,14.365042866020287,16.334015759442895,-18.681489301513594,-117.03084716168026,13.776362858918228,64.5981986764998,56.51181003356846,-948.2801872256615,1388.0583000546649
2025-09-05 21:24:14.926500,18.596078183996617,-82.82747387147194,-113.5271031605867,16.515519134818966,16.607243358939737,-18.16925526488879,-119.15740399022144,14.45187984053354,65.09820233437506,56.64009376149733,-947.9173106006565,1388.3381480047665
2025-09-05 21:24:14.933000,22.471958080615714,-84.45744886651393,-115.09460954356634,18.602784812489116,16.93759113728295,-17.628049064552112,-120.49039347852309,15.060166235275098,65.71172990667887,56.76001196464922,-947.5404144591141,1388.5738854332958
2025-09-05 21:24:14.946000,26.104990073098353,-85.23466069149622,-115.89856417441817,20.59152811224539,17.306952871092832,-17.078460138760562,-121.01340758490589,15.57606781184186,66.4297424000286,56.86961223590119,-947.1549846731934,1388.7624114405362
2025-09-05 21:24:14.958250,29.383257509441368,-85.13508230807008,-115.92519304998727,22.444654206068343,17.693659577239437,-16.543169976437323,-120.72261156310344,15.974805033911577,67.24154010909925,56.96708958789535,-946.7672715260811,1388.8954255731778
2025-09-05 21:24:14.970500,32.20379628626794,-84.1606801991545,-115.18691817662689,24.128035292129468,18.074848364194352,-16.04466928630812,-119.64108369143118,16.23556702032293,68.13496945023641,57.05085515573294,-946.3841822360132,1388.9619679333791
2025-09-05 21:24:14.982750,34.490584629691845,-82.34944634033397,-113.73223430962061,25.615669865320488,18.429549294030323,-15.602429590150678,-117.82713742088607,16.345303158770697,69.09665970212566,57.119546761520674,-946.0129128127732,1388.9510521487591
2025-09-05 21:24:14.995000,36.207070792358266,-79.77607605446825,-111.64555298223755,26.89329752864843,18.741446026751962,-15.230486600913721,-115.3725530439018,16.30135213345478,70.11230888301685,57.17200429320645,-945.6603905361861,1388.8537095573402
2025-09-05 21:24:15.007250,37.35831983548164,-76.54225713125984,-109.03616364790618,27.95902121962084,19.000257105693077,-14.936339309176237,-112.39053885990886,16.111823110477108,71.16701555017659,57.207257202429794,-945.3327795772042,1388.6638536518603
2025-09-05 21:24:15.019500,37.981822816683504,-72.75976710522606,-106.02001472552425,28.820618646965595,19.20122884882845,-14.721587307581261,-108.9973693838744,15.793352895426267,72.24561720730239,57.224535978658686,-945.035213142327,1388.3778539724117
2025-09-05 21:24:15.044000,38.129991917090265,-68.53195899512379,-102.70039760318716,29.490359926850314,19.343030429160308,-14.584104711397934,-105.29365713341879,15.366773711243823,73.33299581698225,57.223294413973555,-944.7717131630214,1387.9939469091441
2025-09-05 21:24:15.046500,37.850351873574716,-63.93975239358423,-99.15388059428801,29.979042665988676,19.42493208266947,-14.521023238932218,-101.3515194613296,14.852147233753543,74.41433389130657,57.203228770113334,-944.5451773520612,1387.5123959549446
2025-09-05 21:24:15.049000,37.17130030618255,-59.037550259951004,-95.42683841061216,30.291593151870572,19.44445046993798,-14.531361840794943,-97.2126727133468,14.265134437809472,75.47532215190415,57.164292002965375,-944.3573748491882,1386.9356394828383
2025-09-05 21:24:15.051500,36.10018926017694,-53.860940036241274,-91.54416499103313,30.42637277943221,19.396610022194697,-14.617069606130359,-92.8983472869994,13.616244009802074,76.50231110537742,57.10671325968523,-944.2089735214441,1386.2673033152241
2025-09-05 21:24:15.054000,34.63483902478271,-48.442134777084384,-87.52577808053798,30.378659532050747,19.275270700451916,-14.78195308053411,-88.42609314039777,12.913088329082072,77.48239159740287,57.03100968312635,-944.0996146135606,1385.5104695081454
2025-09-05 21:24:15.056500,32.781975021574375,-42.824836119071946,-83.40223460579618,30.14638354716465,19.075782910751084,-15.029161230082167,-83.82483474633608,12.164160990312135,78.40342937159832,56.937965402750656,-944.0279998535806,1384.6667114845686
2025-09-05 21:24:15.059000,30.57236470130285,-37.07075838787366,-79.22147189695221,29.735010417224778,18.797515408411936,-15.358627791337,-79.140752315831,11.382011611861927,79.25412803715463,56.82859994756726,-943.9919737022635,1383.7367109076713
2025-09-05 21:24:15.064000,28.065426977420874,-31.255076834920835,-75.04405539152647,29.15933365895336,18.44508407604759,-15.7656332361995,-74.43198141799398,10.584348163239115,80.02417851906156,56.70416667647863,-943.9886258337485,1382.7213833040914
2025-09-05 21:24:15.067625,25.34204458597767,-25.453629153850926,-70.9301118726687,28.441670061587363,18.027848910422446,-16.24095185763984,-69.75550808359142,9.79272128508395,80.70447580755537,56.56617435620508,-944.0144406961759,1381.621778883533
2025-09-05 21:24:15.071250,22.48900157746443,-19.72732490599709,-66.92363407815463,27.607376352452317,17.557933946763296,-16.77240818248997,-65.151893964285,9.029368862379537,81.28732551562835,56.416403811485345,-944.0655236563857,1380.4378534988064
2025-09-05 21:24:15.074875,19.581237225085964,-14.10893857498678,-63.03930884248511,26.679544139585,17.04763288745283,-17.347135220599366,-60.63293348129425,8.313432551771035,81.76657454201681,56.25692170208852,-944.1379059240721,1379.167640238592
2025-09-05 21:24:15.078500,16.667625494010984,-8.595558875591614,-59.25511629966601,25.67465886514683,16.50714700747388,-17.953713199176967,-56.17534873915592,7.657745016775514,82.13766179662632,56.09012519362072,-944.2278548824394,1377.8076776241624
2025-09-05 21:24:15.082125,13.762463731439231,-3.148261758413239,-55.51249520183269,24.599932672183463,15.942953880360655,-18.58382392880018,-51.72211748357132,7.06672621563025,82.39762926272867,55.91882841104071,-944.3321011196615,1376.3544959060218
2025-09-05 21:24:15.085750,10.843470703327243,2.299682131886511,-51.725571865696246,23.45252827562831,15.356808163530385,-19.233297722945796,-47.19264158644476,6.535618376920331,82.54510474761706,55.74631588705291,-944.4479440801074,1374.8063901037058
2025-09-05 21:24:15.093000,7.85822919366223,7.8261236915910315,-47.7991110576329,22.221233346685455,14.745781976889438,-19.902191264236738,-42.50102660730046,6.05145945041716,82.58022311068758,55.57626726203643,-944.5732444026339,1373.1649487872255
2025-09-05 21:24:15.099375,4.739454020632219,13.498668962580787,-43.65089861703275,20.890807444177103,14.103736488720562,-20.59358705059482,-37.578040303971925,5.595925204947427,82.50448057245082,55.4125486415255,-944.7063379206402,1371.4363668254118
2025-09-05 21:24:15.105750,1.425729720425849,19.35476741719195,-39.23218534389679,19.448135487169047,13.42399011315594,-21.31125724931253,-32.39047876116789,5.14949359104047,82.32056686197832,55.25892421920759,-944.8458830213001,1369.63210195794
2025-09-05 21:24:15.112125,-2.1180844770565734,25.388860968217813,-34.54053089275718,17.888460992015254,12.702445904541463,-22.056774624463806,-26.952412358897664,4.695869180299771,82.03221859633778,55.11874988036324,-944.9906439870261,1367.768362017111
2025-09-05 21:24:15.118500,-5.887220987098316,31.550424025497474,-29.621164394693334,16.219688242560213,11.940205776688723,-22.827014014897685,-21.324823551278236,4.225352792018732,81.64411864438752,54.99474977004077,-945.1392834044517,1365.8650107002004
2025-09-05 21:24:15.124875,-9.834789080953213,37.753398467615455,-24.556492185051642,14.463259455813967,11.144745683798076,-23.61301240878872,-15.603814969604295,3.7359911200283036,81.16185775787694,54.88895603458998,-945.29024289185,1363.9444988547493
2025-09-05 21:24:15.131250,-13.881580753344771,43.893505709117825,-19.447624865606763,12.651338098212344,10.329219797321507,-24.40061503962775,-9.901455634418092,3.232090283873289,80.59194892320964,54.80277825057625,-945.4417213001484,1362.030664036758
2025-09-05 21:24:15.144000,-17.934572933973936,49.8679307684008,-14.393784924428443,10.821267469501032,9.510166041940739,-25.172632647238224,-4.325125135339891,2.720778504495456,79.94185300613022,54.737125418907695,-945.5917733172193,1360.1475022171153
2025-09-05 21:24:15.144000,-21.907964148751294,55.59136570527937,-9.47588669967746,9.009151313275822,8.704433758419428,-25.9117703162284,1.0382666406640724,2.2081284331981257,79.21997852794436,54.69254529203154,-945.7385369752477,1358.3186298019673
2025-09-05 21:24:15.144000,-25.73879252746093,61.002538407134196,-4.7502915209197445,7.244860974315488,7.92647201639966,-26.603312843886872,6.1274279102374996,1.696469809757495,78.43566414446886,54.66934766779799,-945.880456086123,1356.567932247558
2025-09-05 21:24:15.144000,-29.390232873748847,66.05858995446279,-0.2552032595643717,5.550386639994181,7.187110441830337,-27.236511281562443,10.899513469404528,1.1839984575840854,77.59918080166877,54.6676664703126,-946.0163522534317,1354.9205176385276
2025-09-05 21:24:15.144000,-32.841215249533114,70.7209236959427,3.9743748545210744,3.9419154297824197,6.494351976767175,-27.804119493868885,15.315404768051211,0.6667896465435202,76.7217355404386,54.68745913117253,-946.1453977377589,1353.4021960645478
2025-09-05 21:24:15.144000,-36.06870931678633,74.94102118539251,7.892090305192986,2.434020997122074,5.8555860422367685,-28.300515799264797,19.326385510874875,0.14212507622915682,75.8153955834377,54.72847876051956,-946.2671532825026,1352.0373909878263
2025-09-05 21:24:15.144000,-39.03294989000145,78.6545256397778,11.434505409519433,1.0433159375948138,5.279851438178264,-28.719610751748533,22.869918946203533,-0.38863117865598185,74.89289121968733,54.79022994044207,-946.381717505791,1350.8473012778486
2025-09-05 21:24:15.144000,-41.67299563991247,81.78670881606105,14.526987335080785,-0.21044175541061638,4.778941389096687,-29.053708090503974,25.876574726366023,-0.9189939011699307,73.9673301043735,54.87189707188126,-946.4898654029629,1349.8493749967074
2025-09-05 21:24:15.156500,-43.9140148863382,84.26639322561172,17.097982873922234,-1.3063147279548486,4.366854412339445,-29.29386518683183,28.284520338105896,-1.4385588782213252,73.05187546477461,54.97226007333115,-946.5930672837129,1349.0576687106923
2025-09-05 21:24:15.169000,-45.683166378267344,86.04242463744947,19.095632740043204,-2.2265166988502485,4.057734117349859,-29.43164560229472,30.055482068854058,-1.9359883319714248,72.15942279342575,55.08963051076183,-946.6934161764644,1348.483205268618
2025-09-05 21:24:15.181500,-46.92809234270512,87.0962452445104,20.50011606055966,-2.961515434248323,3.8629577864080917,-29.461644644923364,31.18565692486712,-2.4026818763690927,71.30226885636058,55.22183724552686,-946.793507195462,1348.1335855999068
2025-09-05 21:24:15.194000,-47.63044058329928,87.44495613570297,21.325966216995667,-3.513770540262429,3.7884674892364094,-29.38378360562249,31.706285586470422,-2.8356409060191696,70.49174627053976,55.3662896569768,-946.8962467000624,1348.0119965471667
2025-09-05 21:24:15.206500,-47.80858929951131,87.1330022903989,21.612659191263603,-3.8983893708344803,3.833414687790963,-29.20438573795977,31.67291527995153,-3.2383809356275624,69.73783662570314,55.52010999778097,-947.0045971885261,1348.1166784533489
2025-09-05 21:24:15.219000,-47.508834736640054,86.21598155327136,21.40750422519685,-4.140380028053366,3.9905580747558362,-28.935618341091157,31.147765990212406,-3.6197825046487564,69.0488112883345,55.68027894215315,-947.1213077622207,1348.4416819920043
2025-09-05 21:24:15.244000,-46.78885332277589,84.74300725297323,20.747748160963276,-4.269496290497773,4.248143139795598,-28.5935651181277,30.18201621202055,-3.9915556164505297,68.43094394798648,55.84376232095938,-947.2486544118813,1348.978695598409
2025-09-05 21:24:15.250125,-45.69940764335828,82.74403085056478,19.648353126697533,-4.3143634230715024,4.592602233765822,-28.19556392913614,28.80420859624284,-4.365200870640057,67.88835184124763,56.007621850588166,-947.3882021707017,1349.7187013716657
2025-09-05 21:24:15.256250,-44.271179246297905,80.2271042454467,18.100228517379907,-4.297895653374728,5.011176436582193,-27.757628693186135,27.01919599524938,-4.7494846938849085,67.4230222746905,56.169098898440964,-947.5406167626601,1350.65221485836
2025-09-05 21:24:15.262375,-42.51282626210566,77.18729753869916,16.080507568842506,-4.2358236262720235,5.493423199631454,-27.292881451175894,24.818740667434692,-5.149507728098323,67.03499614174514,56.325664084613585,-947.7055749946072,1351.7684339558218
2025-09-05 21:24:15.268500,-40.42187721410931,73.62375794269158,13.571103438301167,-4.1389351256647124,6.0309249729789025,-26.81163379159633,22.19961657416242,-5.56790254724455,66.72260691490861,56.47503161997131,-947.881853379668,1353.0546930416267
2025-09-05 21:24:15.274625,-38.0028300403936,69.55652585363266,10.576597466141424,-4.017636013365288,6.615499749192724,-26.322905346824083,19.18025528058897,-6.007474950704047,66.48268578508139,56.6151202135325,-948.067591368045,1354.4965423094318
2025-09-05 21:24:15.280750,-35.28231256425667,65.03411072920959,7.132078383215338,-3.8860773631065024,7.237151249030234,-25.836320554399197,15.807047152591991,-6.473601008274901,66.31069132178636,56.74397921077583,-948.2605572126545,1356.0778778004205
2025-09-05 21:24:15.293000,-32.31356943048112,60.128318928330025,3.2976096601888143,-3.763541417108148,7.883068626198127,-25.363196653194837,12.147635456531457,-6.974895644227727,66.20078896531926,56.859752230239174,-948.4582794752664,1357.781211759896
2025-09-05 21:24:15.294750,-29.16900121319349,54.92011561529961,-0.8564823038592753,-3.672455276096554,8.538269124760921,-24.916196272131504,8.275727693604695,-7.521748165962581,66.14593370267077,56.96072001237981,-948.658089515506,1359.5882193693587
2025-09-05 21:24:15.296500,-25.92474820324697,49.483302148570495,-5.26643748824718,-3.6340279970491043,9.187576279400997,-24.507683860418375,4.254483961340917,-8.12331582275818,66.13797718304453,57.045403665748964,-948.8571403629888,1361.4798013763484
2025-09-05 21:24:15.298250,-22.6437149462989,43.87116288488001,-9.888697817832249,-3.6634395887957085,9.817971880198305,-24.147526975695584,0.12360148929236117,-8.784144953629678,66.16784953932996,57.112691879380556,-949.0523996775416,1363.43531187984
2025-09-05 21:24:15.300000,-19.362369036350913,38.108513160527345,-14.707837138332719,-3.766221136702603,10.42040733313652,-23.841135799741192,-4.107662223691058,-9.501521225709007,66.22590100781916,57.16194840935374,-949.240644836952,1365.431717464353
2025-09-05 21:24:15.301750,-16.083161555910515,32.190244820361876,-19.73765340171823,-3.936277559017375,10.990870567661254,-23.58805084548845,-8.460488263175225,-10.263998104935038,66.30235786799498,57.19307073644099,-949.4185336550047,1367.4430075964256
2025-09-05 21:24:15.303500,-12.773110090334788,26.087506960748133,-25.014319162854246,-4.155591236969594,11.530843820273164,-23.381162694910532,-12.978496589632497,-11.051235821146006,66.38772239862574,57.206529753386135,-949.5827850768227,1369.4396846567224
2025-09-05 21:24:15.307000,-9.370150547028894,19.761598032246088,-30.581733969612866,-4.396114489041144,12.046929295311832,-23.20690730110998,-17.712225331122927,-11.835482630096614,66.47305069841018,57.20342122888822,-949.7304269464856,1371.388958534938
2025-09-05 21:24:15.311125,-5.797851757427306,13.182780565785622,-36.4721892432268,-4.624147223615877,12.549275930021713,-23.046773820769037,-22.699470766442545,-12.584867758078673,66.5501812283003,57.18548081669048,-949.8590357252425,1373.2558059273324
2025-09-05 21:24:15.315250,-1.9860382117278617,6.349118353782611,-42.687408162015565,-4.806526662576387,13.048854408784877,-22.87999782144983,-27.946658356195595,-13.268012570402817,66.61196824066649,57.15498282407146,-949.9668997511174,1375.003734884148
2025-09-05 21:24:15.319375,2.1079770716495907,-0.7003275740541001,-49.185608366442395,-4.917090937826033,13.554205701095876,-22.686844674856513,-33.41698114719631,-13.858825582766805,66.65252938578666,57.11450039434761,-950.0530421717873,1376.5950865146888
2025-09-05 21:24:15.323500,6.484574927930077,-7.883214328561167,-55.879817214394365,-4.941434812652241,14.068677815801365,-22.451589559599533,-39.03025462819931,-14.34007144445126,66.66752142737727,57.06660295371683,-950.1170946099501,1377.9924444936269
2025-09-05 21:24:15.327625,11.098919051546343,-15.084235861852154,-62.64902677678513,-4.87836062803863,14.589053696859956,-22.16431037806057,-44.67535265048389,-14.704707776153827,66.65442215965075,57.01361818993349,-950.1591209909589,1379.1619535332711
2025-09-05 21:24:15.331750,15.870523569545837,-22.174181724465413,-69.35809970472582,-4.7377209637407836,15.10591916043193,-21.821071518471,-50.23057243975857,-14.954927515948091,66.6127367889209,56.9575195889516,-950.1795153424999,1380.077042395682
2025-09-05 21:24:15.340000,20.701339629561957,-29.030901906377384,-75.87938369090487,-4.5356776043740865,15.605556266019484,-21.422646657874154,-55.584718499836384,-15.099585850478151,66.54405033707994,56.89991847228298,-950.1790069296095,1380.7203371129117
2025-09-05 21:24:15.340375,25.496164537802777,-35.55552026466506,-82.10926079897786,-4.289106809431503,16.072727342385736,-20.972294345274022,-60.65222509369147,-15.150940835671205,66.45189868921017,56.842143681121186,-950.158715194826,1381.0832978473954
2025-09-05 21:24:15.340750,30.178203565543857,-41.67859001410921,-87.97425593180337,-4.01116191469455,16.493374687836155,-20.47342666315802,-65.37741950844669,-15.121743169586669,66.34149298392589,56.785390738419764,-950.1201633475613,1381.1647348130355
2025-09-05 21:24:15.341125,34.693424489148725,-47.35404027318997,-93.42457355063107,-3.7098439041606954,16.856171300012587,-19.928223960720608,-69.72658518255425,-15.023762711434358,66.21939600053341,56.73086788309077,-950.0651984528203,1380.9689393176686
2025-09-05 21:24:15.341500,39.00192552184356,-52.54423892046657,-98.41860975100599,-3.3902267961061323,17.152306092802387,-19.337871215857835,-73.67199102549526,-14.868381597212903,66.09325703770622,56.6798645990769,-949.99584839952,1380.5034843183394
2025-09-05 21:24:15.341875,43.06187068102701,-57.20463671401629,-102.90730457653206,-3.058894534126879,17.373842372572923,-18.70413196086544,-77.17680606184933,-14.668661210735637,65.97162961868247,56.633729295717934,-949.914171098844,1379.7774133398289
2025-09-05 21:24:15.342250,46.81606103151224,-61.277110220696215,-106.82772385061801,-2.7277734487129024,17.511842836171752,-18.031164348980322,-80.1897191156746,-14.441182314224902,65.86380043622196,56.5937748840745,-949.8221130852252,1378.8009890274916
2025-09-05 21:24:15.343000,50.18877856789169,-64.69568573375929,-110.10943000827892,-2.4151152816061625,17.555537459373934,-17.32643700744673,-82.65204420237352,-14.20612369238206,65.77954281394716,56.56114214199591,-949.7213749516144,1377.5868913882268
2025-09-05 21:24:15.346250,53.09414944844301,-67.40107696878103,-112.6897258080404,-2.1431416906839136,17.49313972578304,-16.600201970000292,-84.51297714610486,-13.985223739203482,65.72877744776179,56.536674587234884,-949.6132902082412,1376.1513903507584
2025-09-05 21:24:15.349500,55.45232446877322,-69.35708518466532,-114.53051359958967,-1.9333370922244573,17.314056418068095,-15.863690474748552,-85.74572258219294,-13.798313415290973,65.72118831924024,56.52086659585272,-949.4987436615723,1374.5145449804268
2025-09-05 21:24:15.352750,57.20740858003012,-70.56235999310118,-115.63005570910886,-1.801114615180511,17.011658574965853,-15.12668098257385,-86.35790506977705,-13.659584364248243,65.76583295692365,56.51392179080777,-949.3781952852573,1372.6996290729612
2025-09-05 21:24:15.356000,58.34031661580963,-71.05279733273612,-116.02488248825085,-1.751810628135997,16.585575031834033,-14.395325114836314,-86.39187855144982,-13.574896307605563,65.87076814137171,56.51589480013196,-949.2518602574236,1370.732063185812
2025-09-05 21:24:15.359250,58.871405819950255,-70.89328984447339,-115.78079392368382,-1.7795864902054677,16.04260805447378,-13.671075360700327,-85.9144848177722,-13.541206697158561,66.04274774532877,56.52682307340267,-949.1199677977,1368.6380771618587
2025-09-05 21:24:15.362500,58.85177846262384,-70.16191389879842,-114.97634214920421,-1.8697481964301368,15.395833819444226,-12.951198759917949,-85.0000809306048,-13.548511935122509,66.2870442402687,56.54677915509713,-948.9829710827315,1366.443734312108
2025-09-05 21:24:15.369000,58.346137996516354,-68.93202368218323,-113.68448063755692,-2.0037554123880397,14.662044027909959,-12.230809043048419,-83.7126395121366,-13.583811294140204,66.60737004561719,56.5758591693315,-948.8416701189972,1364.1746975391234
2025-09-05 21:24:15.372000,57.41303355274713,-67.25822081467315,-111.9585300827077,-2.1651958164942386,13.858274124376607,-11.505753919089758,-82.09302329982512,-13.635794550558051,67.00585810209776,56.61413823753922,-948.6972043602813,1361.8563744507755
2025-09-05 21:24:15.375000,56.09033753062381,-65.1717429182178,-109.82809085239109,-2.344362908241285,12.998709618287025,-10.775190112941216,-80.15668790463599,-13.698368332223563,67.48309579706168,56.66159682164245,-948.5508534857642,1359.5139975132433
2025-09-05 21:24:15.378000,54.39290672780094,-62.6876776505664,-107.30706464547906,-2.5392992838973765,12.093357880303653,-10.04259916795647,-77.90324672184148,-13.771338106311976,68.03818836448914,56.71804647991685,-948.4037554575904,1357.1725441669605
2025-09-05 21:24:15.381000,52.32381275323917,-59.820523025227466,-104.40976865745054,-2.7527647867185268,11.149059805131946,-9.314677640059333,-75.33329203745235,-13.857958034235972,68.66880523344022,56.78309401462475,-948.2567543777465,1354.8564493073218
2025-09-05 21:24:15.384000,49.89284102696574,-56.599774375832034,-101.1664587359739,-2.9868795976665354,10.172098553847276,-8.598695940410252,-72.46373250311129,-13.960845464505445,69.37119364136004,56.856144885815596,-948.1104629218997,1352.5889164902528
2025-09-05 21:24:15.387000,47.13209388442647,-53.077231939323745,-97.63005746778691,-3.23840616411661,9.170894005277544,-7.8996895378483005,-69.33389420574697,-14.078496519294799,70.1401849059854,56.93643215919515,-947.9654773688969,1350.3909268375874
2025-09-05 21:24:15.393000,44.10135752862879,-49.32285818644622,-93.87121928830815,-3.4968922861684306,8.157513421807463,-7.218720811602744,-66.00010801469192,-14.203936525776854,70.96923859429714,57.02306446940598,-947.8226119710412,1348.280590894804
2025-09-05 21:24:15.393875,40.88173734893891,-45.411995866616316,-89.96474826236626,-3.746218920502989,7.147477389606039,-6.552783541842132,-62.522126525546646,-14.325796384580112,71.85053855026132,57.11508702907811,-947.6830256492653,1346.2732335190803
2025-09-05 21:24:15.394750,37.560699295300495,-41.40943450321339,-85.97297844183564,-3.968696650700078,6.158051562239651,-5.896206484536081,-58.94703393482413,-14.431134253561556,72.77509196604382,57.21155460383939,-947.5482115422362,1344.3819462329511
2025-09-05 21:24:15.395625,34.2144807749407,-37.35540414509854,-81.93129167569577,-4.15001508390036,5.205797649170862,-5.242798536202331,-55.29567804484718,-14.508742873116306,73.73278377987256,57.31160980032054,-947.4198982186942,1342.6184893031395
2025-09-05 21:24:15.396500,30.893565764611797,-33.25678917350233,-77.83919767583872,-4.283430749246252,4.304276892189396,-4.587863505362044,-51.554790623845705,-14.551798799272182,74.71241055261328,57.41454547738057,-947.299901091366,1340.9945238527607
2025-09-05 21:24:15.397375,27.613580219561392,-29.085329452733397,-73.65900787672189,-4.372501045461371,3.4622729873983498,-3.929760590352805,-47.67673660896493,-14.559482888167757,75.70177885280177,57.5198397598203,-947.1899309496814,1339.5223925063456
2025-09-05 21:24:15.398250,24.35262341555748,-24.784384661948277,-69.32382717693193,-4.432043459462555,2.682622388921962,-3.2709651179972252,-43.58853555352856,-14.537509275801213,76.68792584919578,57.62717649861678,-947.0913879666598,1338.214980150622
2025-09-05 21:24:15.400000,21.057152806303296,-20.28452617867105,-64.75478769790011,-4.486650513406986,1.9620850945343908,-2.6182356565992353,-39.20971121840553,-14.497186524322721,77.65741245708354,57.73646002862621,-947.0052339495819,1337.0857075171962
2025-09-05 21:24:15.403750,17.656950646628196,-15.524422064458443,-59.883384895178594,-4.566467105607124,1.2927076688191645,-1.9814538224089167,-34.47447910493392,-14.452828305734576,78.59659287307234,57.847794280864676,-946.9320270432809,1336.1491292762066
2025-09-05 21:24:15.407500,14.085935191639146,-10.47088707094002,-54.672405668906535,-4.701052201407843,0.6645148758189844,-1.3712465050318983,-29.35166654988974,-14.418056711283134,79.49182936100014,57.96139161978353,-946.8720938623326,1335.4208293048187
2025-09-05 21:24:15.411250,10.303057183406677,-5.132260854477836,-49.129494939859015,-4.91298493259006,0.06876753349782823,-0.7960476485150508,-23.856564024504323,-14.402046822075715,80.32967505657116,58.077442902297676,-946.8257452819017,1334.916205804243
2025-09-05 21:24:15.415000,6.306773106887223,0.43906890528924103,-43.309198451598526,-5.2131560054242465,-0.4992267895777338,-0.2595337233176669,-18.051099566505332,-14.406898997578232,81.09705722165837,58.196015868327876,-946.7934480512613,1334.649355950648
2025-09-05 21:24:15.418750,2.138289144085479,6.155805855150593,-37.302878839657254,-5.59929156320274,-1.0386732198280957,0.24066429911177237,-12.032463458756544,-14.427121296659795,81.78152096687434,58.31699052660819,-946.7758810266542,1334.6322827388067
2025-09-05 21:24:15.422500,-2.1272561664207537,11.913036712554993,-31.22034663011168,-6.058187343964933,-1.5437267068460705,0.712457783724807,-5.914355911421597,-14.4516286516619,82.37158391140572,58.43999084558693,-946.7738691104574,1334.8732732553153
2025-09-05 21:24:15.430000,-6.398670745789535,17.607853303343187,-25.16929201972769,-6.570877750332722,-2.0056991555260093,1.167124562741444,0.1931217589842536,-14.467815500261931,82.85715519134105,58.56430826824594,-946.7882633202233,1335.374080151546
2025-09-05 21:24:15.432875,-10.589790858468971,23.15510638780238,-19.238918715866582,-7.11889508624324,-2.416244885385688,1.6162216697581009,6.198707972068619,-14.466293416387813,83.22990195035727,58.68886590528139,-946.8198085778938,1336.1269893897716
2025-09-05 21:24:15.435750,-14.635803844025018,28.493712981657062,-13.493579313778683,-7.6891210296876435,-2.7701674391686204,2.0687896156767107,12.035007948688103,-14.444256735329391,83.4834796821312,58.81226045061145,-946.8689838183058,1337.1129651636247
2025-09-05 21:24:15.438625,-18.49755726255643,33.5812071746781,-7.978715927782536,-8.275051523020023,-3.0664956064733393,2.5300471999083265,17.651755420745843,-14.405805164246576,83.61360998117932,58.932859190355444,-946.9358145218688,1338.3012078814327
2025-09-05 21:24:15.441500,-22.15210311244027,38.37999334122391,-2.735211704935938,-8.873964993173653,-3.3073438971295226,3.002107197437748,23.001740538904038,-14.35903013347835,83.61804305750887,59.048905662369734,-947.019695140047,1339.6500622302192
2025-09-05 21:24:15.444375,-25.57555015409588,42.84339329837332,2.186456484687868,-9.481761977041495,-3.4953249052884905,3.486154254672804,28.02791376113615,-14.311407472181173,83.4964775026488,59.158627197943005,-947.1192753895085,1341.1094059036604
2025-09-05 21:24:15.447250,-28.728371436937667,46.9095716618235,6.720516856551083,-10.088454186128155,-3.630974389465771,3.984788360373871,32.659237522726194,-14.265780991043084,83.25048119745428,59.26035879041067,-947.2324501065965,1342.6241966479865
2025-09-05 21:24:15.453000,-31.550637520320972,50.50649352793384,10.791598312642877,-10.676557287108288,-3.711391025630741,4.503346732658602,36.81747303293196,-14.218594144771611,82.88340722551128,59.352648455717244,-947.3564378218146,1344.1379401563063
2025-09-05 21:24:15.457875,-33.968813353668324,53.5652588685097,14.328766256491765,-11.222931262256475,-3.730551623162122,5.049662164947661,40.431514099297665,-14.160817554388695,82.40032027450688,59.43428518649621,-947.4878974670221,1345.5950866355988
2025-09-05 21:24:15.462750,-35.911005694855,56.03644064665429,17.282191203204395,-11.70317042771344,-3.6810548553236466,5.632415263450776,43.45366167959053,-14.080931693306,81.80796419116758,59.504254881132404,-947.6230590735113,1346.942608788554
2025-09-05 21:24:15.467625,-37.32460689067664,57.90429818328112,19.637285847187965,-12.09680208320839,-3.556499356286179,6.258838572697149,45.87299072184299,-13.96854733724067,81.11475107779246,59.56167493504149,-947.7578911590167,1348.1321531164867
2025-09-05 21:24:15.472500,-38.190554027804204,59.19553063221987,21.423138334302898,-12.39166318414577,-3.3536412582283743,6.932647187418848,47.72288513473626,-13.817308620085722,80.33074028917082,59.605726161374726,-947.8883334174539,1349.123756198258
2025-09-05 21:24:15.477375,-38.53188928983891,59.980848049724024,22.713567628483386,-12.586813728208119,-3.073994095825595,7.652527319997822,49.081010925166325,-13.626649086928106,79.46761477795525,59.63558194616952,-948.0105768790647,1349.889577785395
2025-09-05 21:24:15.482250,-38.41576380319214,60.367727217053485,23.61908046370988,-12.693736778469365,-2.72476122113683,8.411220902141912,50.06006478455231,-13.402411483064396,78.53864787920853,59.650376922311565,-948.1213306968449,1350.4152519875997
2025-09-05 21:24:15.492000,-37.94684348560705,60.483947119788574,24.2693993300255,-12.735145205039144,-2.3186861286321694,9.19559610397213,50.78948504450979,-13.155979319714808,77.55858674580963,59.64927340714699,-948.2180192167073,1350.6989582254055
2025-09-05 21:24:15.495500,-37.251519349539564,60.45542262766712,24.790421265837793,-12.741022588298293,-1.8724731236798684,9.988144726019595,51.39239146823053,-12.901680813124251,76.54338298425392,59.63160419997065,-948.2988878463491,1350.7496379729637
2025-09-05 21:24:15.499000,-36.456113809326055,60.38459439097271,25.282212791617138,-12.742643114944618,-1.404015059014456,10.769749772711892,51.96430436241385,-12.652975232865641,75.50978231684165,59.597012134886555,-948.36303077937,1350.5848783246793
2025-09-05 21:24:15.502500,-35.664847672543516,60.335370834132824,25.804161940697348,-12.766197783681102,-0.9291585487301133,11.522961190169772,52.55952154257684,-12.418503926743218,74.47482320155476,59.5455601584796,-948.410378078771,1350.2287404941735
2025-09-05 21:24:15.506000,-34.94408482128104,60.328898102177455,26.37145772825837,-12.827992097211183,-0.4589399710605764,12.234789563820712,53.18893541121572,-12.199258060532284,73.4553017396793,59.47781171935217,-948.4416783138381,1349.710094287232
2025-09-05 21:24:15.509500,-34.31775958096429,60.35100242634871,26.96348882971235,-12.932782052858062,0.0018361666255762073,12.89816289165508,53.82938457406206,-11.987885086364933,72.46728693043138,59.39483241269671,-948.4584736964022,1349.061512221825
2025-09-05 21:24:15.513000,-33.77495807506633,60.36794970084365,27.540521992278737,-13.075686226473266,0.4541840229362889,13.511628276834458,54.44063094532553,-11.77050052528383,71.52574641579406,59.29808747748752,-948.4630401594878,1348.318082150272
2025-09-05 21:24:15.520000,-33.28666040113995,60.34506798958941,28.062945920522473,-13.246885345472014,0.9028367171428568,14.077476397791964,54.98422200807568,-11.53046487410226,70.64427665734439,59.18929200597467,-948.4582946316625,1347.5157483171743
2025-09-05 21:24:15.523000,-32.8257042784211,60.26223090688612,28.506855503649675,-13.437376127148267,1.3532691284011389,14.598996344297664,55.438063465573364,-11.252773731670887,69.83490924315385,59.07027903847613,-948.4476922715731,1346.6895337856795
2025-09-05 21:24:15.526000,-32.38261153383734,60.12110381154097,28.870926839235977,-13.64360953094325,1.8089992074213048,15.077868866169998,55.802080864053124,-10.927484538059948,69.10795545732459,58.94291091018313,-948.4350965117328,1345.8720776107857
2025-09-05 21:24:15.529000,-31.9728385382557,59.94465822187109,29.175675346671486,-13.869673448445182,2.27001650515238,15.512569030803421,56.09689986407312,-10.55130997922093,68.4718280315078,58.809043077270374,-948.424571301181,1345.092570484644
2025-09-05 21:24:15.532000,-31.637506675445902,59.77516774685908,29.461933014648434,-14.127561177815132,2.7322900331269544,15.897905985285908,56.362685423132284,-10.127750511894963,67.93282374627053,58.67053533986727,-948.4201014384606,1344.3760330122532
2025-09-05 21:24:15.535000,-31.442201772846165,59.6734136245224,29.791038744513465,-14.436873044566541,3.1876939934795194,16.225095028607463,56.659930798904746,-9.666696272612532,67.4949449568242,58.52927341137448,-948.425328787916,1343.74288525461
2025-09-05 21:24:15.538000,-31.474030550876567,59.714295435644964,30.241108055051644,-14.824067791035354,3.624059281922057,16.481974985577423,57.06590529075106,-9.183705093121967,67.15984880469443,58.3871434909076,-948.4433687954584,1343.208760488993
2025-09-05 21:24:15.544000,-31.833222196584007,59.97448780787811,30.89462848043202,-15.320184309080725,4.025773825853295,16.653730795887885,57.6622089405817,-8.698333704940172,66.92693452507639,58.24592603261468,-948.4766885467599,1342.7844291164874
2025-09-05 21:24:15.548875,-32.617555667498024,60.51437258596794,31.819830874360957,-15.956448878921394,4.375433227611279,16.724597760984867,58.51635719810667,-8.231123329002688,66.79351460762653,58.10714470301918,-948.5270229887507,1342.4756532287083
2025-09-05 21:24:15.553750,-33.902175118632854,61.36022186564283,33.05220888889424,-16.758403547894147,4.656521633181732,16.680487665630093,59.66394380169737,-7.799647683884063,66.75500787619306,57.97195274372326,-948.5953301855648,1342.2833258431865
2025-09-05 21:24:15.558625,-35.72006512316088,62.49234139629672,34.58223164095045,-17.73999095919499,4.85652546807452,16.51195501914236,61.09733583801873,-7.414616521123815,66.80513636065277,57.84109023546322,-948.6817330173577,1342.2045553574935
2025-09-05 21:24:15.563500,-38.04940027032704,63.84343449570671,36.35364744180389,-18.89936724922252,4.969525754102471,16.21667182387305,62.76491889285864,-7.077234800629521,66.9361638587954,57.71488313468926,-948.7853866605103,1342.2340279274522
2025-09-05 21:24:15.568375,-40.81251492001656,65.30839549394925,38.273476065862525,-20.217948413778565,4.997349701830291,15.80061461629301,64.58149853864747,-6.7788052516958155,67.13921885117739,57.593277041760906,-948.904342875533,1342.3640978750636
2025-09-05 21:24:15.573250,-43.88735754148495,66.76251186170009,40.23044970806005,-21.663187552262677,4.948839459388966,15.277484684573276,66.44640962103297,-6.502935794413129,67.4046902156949,57.475925602394064,-949.0355514879205,1342.5838215993317
2025-09-05 21:24:15.583000,-47.12834135613568,68.08259507475314,42.11622382691728,-23.194314621993197,4.837433057035282,14.666422868909384,68.26367628437917,-6.2298417180652335,67.72262830776313,57.362309844258256,-949.175032677518,1342.878626885762
2025-09-05 21:24:15.585750,-50.39053594402029,69.16490058275359,43.843036222963214,-24.769199523183925,4.677813952625865,13.988723881568307,69.95797305585269,-5.941306295901777,68.08307913412162,57.251835749467986,-949.3181488153188,1343.231189372029
2025-09-05 21:24:15.588500,-53.549055132953015,69.93380025743191,45.35165423512404,-26.349883936394622,4.4828323626919095,13.264724869271205,71.48058976796459,-5.6243303158395825,68.47633078619637,57.14390740640816,-949.4599066536541,1343.6227741531575
2025-09-05 21:24:15.591250,-56.5062519379889,70.3380235332104,46.6065360198001,-27.90467050127149,4.261964650616962,12.51203107002912,72.80307674980035,-5.27193834194712,68.89312034109969,57.038016519197086,-949.5952495848594,1344.0345246616553
2025-09-05 21:24:15.594000,-59.18480889059851,70.33738051103752,47.58148190324727,-29.40624423118725,4.021893799799535,11.745625716008654,73.90252038404343,-4.881015298411883,69.32484963152561,56.93384894466526,-949.719313816892,1344.448909563749
2025-09-05 21:24:15.596750,-61.51259614032993,69.88829624464151,48.244431406252424,-30.827440096773437,3.7686259454409585,10.979423207959575,74.74718191514816,-4.448621760604835,69.76376880816031,56.831356154328866,-949.827654799633,1344.8515234739507
2025-09-05 21:24:15.599500,-63.40934819521861,68.93687422584173,48.55019399520362,-32.1374490912901,3.5097907546113305,10.22812366666657,75.29069395437578,-3.9688772123507365,70.20306189295772,56.73075184873279,-949.9164760587826,1345.2324950525735
2025-09-05 21:24:15.605000,-64.78270541657201,67.42313381830509,48.444660751079816,-33.300647410085574,3.2559089126668885,9.50827121540497,75.47753664435758,-3.431838779696675,70.63686155145555,56.63244127942708,-949.9828462915585,1345.5863126940376
2025-09-05 21:24:15.616000,-65.53540040402945,65.2938905954552,47.87785547299427,-34.27869236192184,3.0200699264786723,8.837954539800648,75.25663038322789,-2.824672678969995,71.06025776011629,56.53691525544287,-950.0248266773893,1345.910166818091
2025-09-05 21:24:15.627000,-65.58060970340006,62.518783489282455,46.820225616128944,-35.03512159434543,2.816185912811373,8.235240080994654,74.59739260639785,-2.1345896497963195,71.46931671462326,56.44463855947477,-950.0414624077978,1346.2023706032996
2025-09-05 21:24:15.638000,-64.85952135459159,59.10415995356698,45.27673875155913,-35.54070264371075,2.656630168729421,7.716031851914195,73.50317080665864,-1.3524633930114578,71.86110998834081,56.355977438307846,-950.032674725226,1346.4621300569506
2025-09-05 21:24:15.649000,-63.35540662455301,55.10136500782656,43.29515853107494,-35.77782891992593,2.55014745015549,7.2921497648898566,72.01886935410178,-0.47600127151168914,72.23374913438056,56.27121073142406,-949.9991087449965,1346.6906335049698
2025-09-05 21:24:15.660000,-61.101931264422205,50.607771036387064,40.966746437223534,-35.74335327819823,2.500294277053774,6.969859016132947,70.23108074713753,0.4881051827632621,72.58639104953454,56.190607750160936,-949.9419863590255,1346.892595088033
2025-09-05 21:24:15.671000,-58.184840808072465,45.75912761336064,38.4180281180276,-35.44966687179057,2.504419578099201,6.74882249172235,68.2592455650995,1.5233682968373403,72.91918203159784,56.11451911703799,-949.8630401339739,1347.0771933375718
2025-09-05 21:24:15.693000,-54.734890763570185,40.71286131643978,35.7934339189768,-34.92333665166172,2.5536457679334803,6.621866256834908,66.2379101454217,2.604541956857951,73.23313609329111,56.04342879246946,-949.7645571757072,1347.2574942786732
2025-09-05 21:24:15.693000,-50.91130994925557,35.62558415372981,33.23234345364691,-34.20093727569837,2.634350305749733,6.576070600427649,64.2940092781086,3.7007081842317726,73.52993891202837,55.97790553985366,-949.6494290052833,1347.4482686608244
2025-09-05 21:24:15.693000,-46.8791476464634,30.630634923101603,30.84658214057818,-33.32295439293847,2.7309365988921166,6.595115295905644,62.52525939324933,4.779769502250783,73.81166209508906,55.91845015171817,-949.5210915611403,1347.6634785363885
2025-09-05 21:24:15.693000,-42.7866243809363,25.820727658707288,28.703357757949522,-32.32755261406829,2.8289159095094307,6.662129028047365,60.984313304536734,5.813071436439353,74.08040340436447,55.865330027010806,-949.3833632889911,1347.9149309268923
2025-09-05 21:24:15.693000,-38.747665267185184,21.238392951193184,26.816056707798456,-31.24574742552189,2.9173065392759576,6.762221322336626,59.67072250169243,6.77902758501579,74.33790660833587,55.81847482564982,-949.2402468303459,1348.212149691949
2025-09-05 21:24:15.693000,-34.83116610927772,16.87493072836773,25.143658917698506,-30.098394183261544,2.9901309927532362,6.884426403088795,58.5314060180253,7.665400286164026,74.58523792135954,55.77743518048556,-949.0957147268347,1348.5624028280781
2025-09-05 21:24:15.693000,-31.057210852706284,12.678153763862293,23.599378419657093,-28.89499227290565,3.0471861264269986,7.023062019499803,57.47026673933747,8.470249178959625,74.82259587285697,55.741400195323315,-948.9534584389123,1348.9703850799779
2025-09-05 21:24:15.693000,-27.401798805982974,8.568538762100681,22.068228367450548,-27.634753650785136,3.093888448787825,7.178212124125356,56.36640688524734,9.201290574998684,75.04928709343729,55.70926947382987,-948.8166246390672,1349.4380929772751
2025-09-05 21:24:15.693750,-23.810839570194787,4.460966836671244,20.430390694979568,-26.310216456529872,3.1398500900446797,7.354946532015372,55.09752787918003,9.873419250361971,75.26382686840343,55.67973522967268,-948.6876365281576,1349.965220672727
2025-09-05 21:24:15.694500,-20.220790359136803,0.28717976046636506,18.585204052511898,-24.91272356212771,3.196301632710024,7.561309451057486,53.563277328006976,10.504716577711088,75.46407286241036,55.65133213574885,-948.5681507262358,1350.5495119688767
2025-09-05 21:24:15.695250,-16.580242688563214,-3.985901773719828,16.470787108584858,-23.438179521770774,3.2730867779904447,7.805667620010737,51.703792865463946,11.112002241861356,75.64732794688804,55.622478783538114,-948.4591052652631,1351.1865308536435
2025-09-05 21:24:15.696000,-12.866977492788374,-8.34510900355904,14.076077477985066,-21.89153844512077,3.376058166630149,8.094144518621487,49.51059952897426,11.70711360304548,75.81043912061712,55.59157039571879,-948.3608249955191,1351.8688344934499
2025-09-05 21:24:15.696750,-9.09852628426033,-12.728482475536444,11.443846160274273,-20.28951216816181,3.505166370392703,8.428491853463406,47.028569556259384,12.294390979724241,75.94997350854595,55.55713847726774,-948.2731779929306,1352.5848710891842
2025-09-05 21:24:15.697500,-5.335694390353444,-17.032319769000225,8.663603978478228,-18.661408327427882,3.653310301407106,8.804602038525013,44.34783004584803,12.869486784331738,76.06251796499404,55.518027569596235,-948.1957551501763,1353.3184826650586
2025-09-05 21:24:15.699000,-1.677091495922704,-21.127937289968195,5.854523446851808,-17.047519037538148,3.806384498410313,9.212105963501072,41.585901585677185,13.419919653042475,76.1450633372171,55.473519900460566,-948.1280476124318,1354.0496235847677
2025-09-05 21:24:15.704625,1.7560526404162387,-24.884641595861446,3.142200136372656,-15.494710431170839,3.944927380153501,9.63542456561697,38.86415346040876,13.927606482178756,76.19535365790853,55.42337220746666,-948.0696072472318,1354.7556709034352
2025-09-05 21:24:15.710250,4.841490788112935,-28.192830467565376,0.6354100489054666,-14.050003629831268,4.047097903642698,10.056091293520957,36.2848959660246,14.37278403045831,76.21210010086611,55.36777951798272,-948.020154687707,1355.4126927543775
2025-09-05 21:24:15.715875,7.477827796956873,-30.98212939984734,-1.5923049329217294,-12.753871176157864,4.092079119842046,10.455573146682475,33.91399672634206,14.738122275630378,76.19510917454238,55.307295153805434,-947.9795782708977,1355.9969953304044
2025-09-05 21:24:15.721500,9.6013675209911,-33.23204645920293,-3.513978141073282,-11.634824093638361,4.063044889124276,10.817762401383801,31.771139378238246,15.01200013239489,76.1454589894094,55.242713716581285,-947.9477978601092,1356.4875691856669
2025-09-05 21:24:15.727125,11.19630226198777,-34.97440158843281,-5.152580997203535,-10.705860716971985,3.9494211681922753,11.130884389929795,29.828339604857813,15.19062716387404,76.06572716367711,55.17493092322332,-947.9245731890866,1356.869546259777
2025-09-05 21:24:15.732750,12.298002172008868,-36.28694082188597,-6.57533851600478,-9.96297682015983,3.7483865592789263,11.388852215121991,28.017392422404885,15.278955008455995,75.96012491683433,55.10482644639385,-947.9094148116291,1357.137521965773
2025-09-05 21:24:15.744000,12.987790062990822,-37.27816518400796,-7.878765838976502,-9.386311135902396,3.4652182442660027,11.591741218026694,26.246014598510797,15.290054873473867,75.83443811026993,55.033199811450494,-947.9016722742455,1357.2970718421302
2025-09-05 21:24:15.744000,13.378332893375044,-38.06602332808402,-9.167220494504502,-8.944225634655298,3.112072252996738,11.744942162216612,24.41957417100944,15.242742910381102,75.69580765820459,54.96074216757166,-947.9006938531762,1357.3640676736795
2025-09-05 21:24:15.744000,13.592230933663737,-38.75538276362971,-10.530235486194842,-8.59957965768512,2.705352096190029,11.85705629096134,22.46306444037207,15.157832107902712,75.55242301473334,54.88802067126213,-947.9058840323182,1357.3624416688526
2025-09-05 21:24:15.744000,13.739608229575575,-39.419243418362235,-12.023988494365106,-8.316513198668556,2.262513531030253,11.937190081277079,20.338006655068856,15.054007162123558,75.41317553061054,54.815477148664264,-947.9165861039446,1357.3210367731854
2025-09-05 21:24:15.744000,13.900337636253774,-40.08691104712274,-13.660237213546901,-8.066100483973749,1.7992676560776688,11.992422745900086,18.0513131038524,14.944381484955453,75.28729853829338,54.74344536224792,-947.9318487893497,1357.2705020699877
2025-09-05 21:24:15.744000,14.112846439058675,-40.74051190538808,-15.403570538119574,-7.830273250792583,1.3274930352268226,12.025845293463725,15.65601720407881,14.8342031118062,75.18399682521354,54.67217381627422,-947.9501901658207,1357.2413224382763
2025-09-05 21:24:15.744000,14.369897318027984,-41.32097609783277,-17.177469407927518,-7.603802102112648,0.8538278087685109,12.035366913862497,13.243882746351145,14.719882270931457,75.11203888043894,54.601842382042925,-947.9694552470248,1357.2629642101774
2025-09-05 21:24:15.744000,14.623244673171342,-41.74365761762511,-18.87950126663627,-7.3936448052383,0.3793053210948898,12.013623558050824,10.929452008799128,14.58969487502128,75.07930673651512,54.53257851710706,-947.9868302175244,1357.3631351328304
2025-09-05 21:24:15.752875,14.797967402243737,-41.92018686410516,-20.402918509822214,-7.215325390491831,-0.09952451412149929,11.949229749193004,8.828101400097758,14.426300480338835,75.09236583354945,54.46447662927236,-947.9990215549368,1357.5665249342592
2025-09-05 21:24:15.761750,14.812847838060181,-41.77982101902284,-21.658718250688047,-7.087366888087259,-0.5882592303226578,11.829046642422288,7.034056199382646,14.210433532961185,75.1561098579419,54.39759960804074,-948.002509804229,1357.8930467397495
2025-09-05 21:24:15.770625,14.598574524834628,-41.28223840527505,-22.591716422051668,-7.026169106892536,-1.09234335299152,11.64029960452273,5.604148262319762,13.924106873243463,75.27340784762505,54.331932149890896,-947.9937785456304,1358.3557452478217
2025-09-05 21:24:15.779500,14.105161648840152,-40.41663410975586,-23.186757341222428,-7.043881307226926,-1.6162751217297902,11.371153350857217,4.55019389634434,13.551511431473942,75.44466038812358,54.26728670439997,-947.9695379150776,1358.958713813775
2025-09-05 21:24:15.788375,13.297578535410594,-39.19124096216305,-23.46672939044707,-7.149675318695971,-2.1645726094398983,11.009615217184264,3.8391900323326995,13.077606318260525,75.66737702326473,54.20320593538603,-947.9269970023113,1359.6956318977973
2025-09-05 21:24:15.797250,12.14781277218271,-37.62456692941288,-23.488885158395902,-7.352123352469368,-2.743284881211696,10.54209276429039,3.3969510932843456,12.48637542370519,75.93601402201838,54.13892382768743,-947.8641496418605,1360.5497430383539
2025-09-05 21:24:15.815000,10.63247499823839,-35.74561362902746,-23.34539374240896,-7.660015321393417,-3.360681834937317,9.952856545169096,3.109004607967638,11.760566825006894,76.24220258507017,54.07343228038313,-947.7799993255614,1361.4958725548013
2025-09-05 21:24:15.819250,8.739054974703327,-33.601263486611906,-23.168892524829882,-8.080602659201906,-4.026561272735986,9.22477181436124,2.8159114895377737,10.883366655442588,76.5753314829242,54.005657002114006,-947.6746904891269,1362.5040532775492
2025-09-05 21:24:15.823500,6.477293382914249,-31.264313171838996,-23.138501414618865,-8.616217260497583,-4.75051604027004,8.341005925250613,2.307425174758988,9.841334171492779,76.92332309890992,53.93469487621423,-947.5495487762305,1363.5434153756569
2025-09-05 21:24:15.827750,3.886394657900021,-28.83498870482457,-23.479025375498153,-9.261950368990826,-5.540378585739264,7.286735404726372,1.3243799518559898,8.626828741207724,77.2734424360415,53.86002090465875,-947.407033131612,1364.5850652969557
2025-09-05 21:24:15.832000,1.028700555319486,-26.431643853348653,-24.448258643290703,-10.007124662550392,-6.402229706467886,6.049610015567954,-0.426158350340616,7.237925531147768,77.6130958803981,53.7815893320572,-947.2505934901415,1365.6034685475743
2025-09-05 21:24:15.836250,-2.02917824641716,-24.174685546594613,-26.31597268426263,-10.8403377008804,-7.3421297892527235,4.618706151572428,-3.2473849681351776,5.675725043772693,77.93059777889243,53.699844987907234,-947.0844436375338,1366.5765853838502
2025-09-05 21:24:15.840500,-5.235978070138327,-22.174349735603005,-29.345763393009783,-11.754771481826978,-8.368284186455652,2.9829841687438705,-7.433249261360941,3.9411913777106777,78.21582353637743,53.61569700848555,-946.913272020332,1367.4852841532984
2025-09-05 21:24:15.849000,-8.565278281383327,-20.529221348613586,-33.78778752682278,-12.750636114925017,-9.49215934599928,1.130514259811167,-13.260489113311584,2.03369717460367,78.46069001717072,53.53045361293077,-946.7419036850107,1368.3126073309995
2025-09-05 21:24:15.854625,-12.012109639194536,-19.333813458339385,-39.88084736898453,-13.833853905529843,-10.727799086949757,-0.9508522378902591,-20.98956852205749,-0.04803968463910347,78.65945386446336,53.44572183092414,-946.5749459228881,1369.0433631282058
2025-09-05 21:24:15.860250,-15.580236441817009,-18.689292782034865,-47.8571673426932,-15.01197757592376,-12.089507000011244,-3.271450953820902,-30.867885215060607,-2.3032688288761825,78.80882652763285,53.36334079751312,-946.4164860832431,1369.6644107168604
2025-09-05 21:24:15.865875,-19.266651936941432,-18.71216889038299,-57.944550494341684,-16.289324598914018,-13.588881868621408,-5.8370953064834925,-43.13041876721379,-4.726052974068501,78.90792179295971,53.28538835577213,-946.2699213952059,1370.1658129413854
2025-09-05 21:24:15.871500,-23.048967148570096,-19.538164117318622,-70.36392481455428,-17.66304284963863,-15.232281399941575,-8.646468070509549,-57.99582473062219,-7.302718297254307,78.95807998511063,53.21420587527935,-946.1379803987937,1370.5424274632405
2025-09-05 21:24:15.877125,-26.877551062774693,-21.32008850196363,-85.32210197759541,-19.120577448108847,-17.019028988600777,-11.68903828844351,-75.6578755014978,-10.010245788557276,78.96259470608103,53.15237305924218,-946.0229090952215,1370.795153184412
2025-09-05 21:24:15.882750,-30.67282033995975,-24.218677022950853,-102.99907219356118,-20.638570351456686,-18.94026649580799,-14.943710132092846,-96.2716997886091,-12.815719511329,78.92632712922038,53.10261481721049,-945.9266948181169,1370.9312532050253
2025-09-05 21:24:15.894000,-34.329612498446195,-28.386209110865774,-123.52911109871559,-22.18379376942615,-20.978723376842833,-18.378531013959215,-119.93416257550474,-15.677273625305554,78.85519965741213,53.06763921236388,-945.8511839060768,1370.9632683672307
2025-09-05 21:24:15.894000,-37.72996136183442,-33.9453400869385,-146.9777795256763,-23.716607747035155,-23.109824751526396,-21.951843130662855,-146.66118647050317,-18.54690187659408,78.75561872936788,53.049910059016334,-945.7980249513706,1370.9065129779756
2025-09-05 21:24:15.894000,-40.76207891492193,-40.96756803229207,-173.3198905673028,-25.196383028962575,-25.304090798737416,-25.614900166698035,-176.36781041790306,-21.37480070097552,78.63393626266081,53.05139975924596,-945.7684972069841,1370.7762851302186
2025-09-05 21:24:15.894000,-43.34005173559388,-49.456014287459816,-202.42369352349675,-26.587329715101788,-27.530156269983763,-29.315254652159958,-208.85557550020744,-24.114145012472505,78.496041489466,53.07339855873091,-945.7633442042204,1370.5860153738595
2025-09-05 21:24:15.894000,-45.41893373863031,-59.33596344840165,-234.04439940232658,-27.86321119475909,-29.757609609031945,-32.99997016576767,-243.80913670006834,-26.725130493973893,78.34709713996565,53.11643091654538,-945.7826789667884,1370.3464370329002
2025-09-05 21:24:15.894000,-47.00355866137948,-70.4547332274635,-267.8281864867685,-29.010492283774635,-31.95935238302921,-36.618359090858114,-280.8030536242435,-29.17784028784232,78.19140089104971,53.18029003562843,-945.8259731802223,1370.0653061400117
2025-09-05 21:24:15.894000,-48.15077185556232,-82.59179904647411,-303.3276655178478,-30.029831913213613,-34.11339778582682,-40.12429894449421,-319.320058399132,-31.453832548574507,78.03236660782957,53.26416868772081,-945.8921365960058,1369.7474263148224
2025-09-05 21:24:15.894000,-48.96303688503222,-95.47910279266286,-340.02878810404394,-30.935209585365083,-36.20367000097533,-43.47771540812756,-358.78047652231214,-33.54600510869076,77.87264051452874,53.366831403455976,-945.9796989784991,1369.3949847613576
2025-09-05 21:24:15.895500,-49.57239879359339,-108.82805433058847,-377.3851945293701,-31.750199349935837,-38.219350231607095,-46.64472394771573,-398.57836898956026,-35.456386817787624,77.71433926610541,53.486775843048676,-946.0870728614403,1369.0084512386557
2025-09-05 21:24:15.897000,-50.11842403066926,-122.35607305620445,-414.8517938500767,-32.50227932890822,-40.15291605447128,-49.596524213127424,-438.1161566619501,-37.192394464497774,77.55930022224155,53.62237684443669,-946.2127988749985,1368.588147018364
2025-09-05 21:24:15.898500,-50.72860938928441,-135.80333744915856,-451.9068392565507,-33.21749832835871,-41.99777537873877,-52.30774865563974,-476.8267508495426,-38.76313294243706,77.4092283485067,53.772033238347305,-946.3556774123623,1368.135752716762
2025-09-05 21:24:15.900000,-51.51017281363526,-148.93347389084738,-488.0553259678976,-33.91800467862687,-43.746767228928675,-54.755268993495314,-514.1758621236032,-40.1774902948724,77.26574872899309,53.934312696414665,-946.5147815045788,1367.6546415913954
2025-09-05 21:24:15.901500,-52.55422844622723,-161.523183055835,-522.8198105846507,-34.62288958765834,-45.39220238277862,-56.91815407067137,-549.6515041199866,-41.44442523802668,77.13043417456632,54.10806160815265,-946.6893964846639,1367.1486944751532
2025-09-05 21:24:15.903000,-53.94378216741736,-173.35439934766458,-555.7346117237645,-35.35018733211377,-46.92687639131098,-58.778511660906986,-582.75775641833,-42.57410070394626,77.00480789518515,54.292457597638005,-946.8789399893917,1366.6204217977338
2025-09-05 21:24:15.906000,-55.75602143055785,-184.2178502211189,-586.3532647822117,-36.11744192477844,-48.34482641760944,-60.322226836322365,-613.0225656325451,-43.57815669674568,76.89024191774551,54.48699701006192,-947.0829226757014,1366.0700844801195
2025-09-05 21:24:15.910750,-58.05546284454713,-193.92650421686912,-614.2669956689442,-36.93978790139421,-49.64098138971143,-61.53880028971731,-640.0166942831112,-44.46836820523739,76.78771615534494,54.691394666576265,-947.3009750203076,1365.4966344001632
2025-09-05 21:24:15.915500,-60.88052868894945,-202.33229143788455,-639.1266706503407,-37.82615102631622,-50.80972929591588,-62.42023665928435,-663.376087173476,-45.25407590609115,76.69754662281281,54.90539071969086,-947.5328865698368,1364.8990184508266
2025-09-05 21:24:15.920250,-64.22938060445215,-209.340066549428,-660.6615642666997,-38.77515467961792,-51.84315424128556,-62.9595856965553,-682.8210371592847,-45.93950909911456,76.61923004146455,55.128546205023284,-947.7785552348872,1364.2765184736454
2025-09-05 21:24:15.925000,-68.05013420253137,-214.91551065890616,-678.6910962923566,-39.77219067339986,-52.72970974614022,-63.14977640021198,-698.1680632859418,-46.52196728443863,76.55143290678036,55.36014485586499,-948.0377950804569,1363.6288179635612
2025-09-05 21:24:15.929750,-72.23687725538201,-219.08583240572062,-693.1281840163786,-40.788052273050326,-53.45347743186961,-62.98289173592208,-709.3328421103452,-46.99098960578511,76.49204981871027,55.59922296811219,-948.310077305368,1362.9563437735278
2025-09-05 21:24:15.934500,-76.63157267812042,-221.93241448043887,-703.9735312418885,-41.77912591302031,-53.99394091689992,-62.44985044989756,-716.323653472322,-47.32841411857619,76.43827689980174,55.844646974615,-948.5943668769937,1362.2604740290562
2025-09-05 21:24:15.944000,-81.03351449221569,-223.5751074852889,-711.300585989391,-42.68967824504528,-54.32661394130226,-61.54075045394601,-719.2255383396111,-47.50968821212229,76.38673325954541,56.09516790723164,-948.8891822719147,1361.543816913203
2025-09-05 21:24:15.944000,-85.21742593330501,-224.15054519337576,-715.233342599737,-43.45671486136001,-54.424954988737056,-60.24620927922701,-718.1776693820525,-47.50676402801851,76.3336726152426,56.34943642780716,-949.1928344366839,1360.8110444983913
2025-09-05 21:24:15.944000,-88.95783917847653,-223.7892062653521,-715.9219270039202,-44.01688255740021,-54.26343749815762,-58.55971125198525,-713.3490546000569,-47.292270673403166,76.2752373266825,56.60598971363255,-949.5035971611676,1360.0697124176377
2025-09-05 21:24:15.944000,-92.05410420509295,-222.59594497558257,-713.5213836966778,-44.313791342258824,-53.820937531624175,-56.48044286713942,-704.918026856295,-46.843938895318665,76.20767897576701,56.863244072523756,-949.8195660900816,1359.330147548606
2025-09-05 21:24:15.944000,-94.3504951765144,-220.63699700553252,-708.1771383741392,-44.30405323623741,-53.08352263436077,-54.01586703938781,-693.0587278980381,-46.14813686350946,76.12753342767321,57.119517373127294,-950.1382542873309,1358.6045327088932
2025-09-05 21:24:15.944000,-95.74955631569475,-217.9348548618565,-700.0185203038769,-43.96145154005981,-52.046428412460735,-51.18368909736211,-677.9356230172963,-45.20212140036563,76.03175853417561,57.37305279857158,-950.4562453158385,1357.9056138876194
2025-09-05 21:24:15.944000,-96.21831653931078,-214.47244738585792,-689.1615434007152,-43.27914044927459,-50.71534656296127,-48.01310499380058,-659.7069442937293,-44.015024605055395,75.91782084958511,57.62200718293747,-950.7691412567752,1357.2447944668538
2025-09-05 21:24:15.944000,-95.78526150263158,-210.20737728003152,-675.7213476798452,-42.26919455093674,-49.10667952973133,-44.54488536769,-638.537145283582,-42.607224495163344,75.78373965827727,57.864422234927574,-951.0717548961857,1356.6299928904955
2025-09-05 21:24:15.950125,-94.52683319323398,-205.09337356374408,-659.831105021503,-40.95903477925604,-47.24625769304594,-40.829830101490224,-614.6150846746689,-41.007801796666136,75.62812304316219,58.09824763233256,-951.3584339488516,1356.0645495091267
2025-09-05 21:24:15.956250,-92.54637462893159,-199.10304809213895,-641.6613511173556,-39.3855057607227,-45.16663440565826,-36.925781514593695,-588.1722120177114,-39.25056424800081,75.45020770013049,58.32147113827379,-951.6234988104827,1355.5475647676649
2025-09-05 21:24:15.962375,-89.95173714920416,-192.24635239451754,-621.4343078400954,-37.5883644279068,-42.90378953804635,-32.894056278662305,-559.4956915729432,-37.3697842279256,75.24988865168669,58.532332430249156,-951.8616918474852,1355.0748870379102
2025-09-05 21:24:15.968500,-86.83710012379164,-184.58156003213458,-599.4303463037054,-35.604766956910126,-40.49411330114546,-28.79613515211845,-528.9336881597264,-35.396656411320556,75.02774275981287,58.72953845558165,-952.0684580963472,1354.6402888468338
2025-09-05 21:24:15.974625,-83.2706703514091,-176.2178355015757,-575.985871739953,-33.46527799769353,-37.971929968963224,-24.69080466335129,-496.89185821262225,-33.35672224269407,74.78507083738387,58.91240128249488,-952.2400343707201,1354.2372440499385
2025-09-05 21:24:15.980750,-79.28838407844755,-167.3089165088393,-551.4820751812966,-31.191520450998606,-35.367555173380595,-20.631696047025674,-463.82014676918874,-31.268259167302,74.52395426388111,59.08085961982202,-952.3734624814681,1353.8615009671666
2025-09-05 21:24:15.993000,-74.89537191774762,-158.03791093135123,-526.3244561021156,-28.796061801376993,-32.70625493889105,-16.66559705301201,-430.1898591549092,-29.142060170006864,74.24728814725296,59.235401916334936,-952.4665735247198,1353.5134795553422
2025-09-05 21:24:16.006250,-70.07651917248135,-148.59570176075187,-500.9159608440742,-26.28502234241421,-30.008597869480777,-12.832078420150333,-396.46465288770577,-26.98305771860606,73.9587590408675,59.376938838666135,-952.5178778186154,1353.199405471807
2025-09-05 21:24:16.019500,-64.8143920519473,-139.15783230289117,-475.62931478005066,-23.66301217994536,-27.292261317558776,-9.164561370043977,-363.07189815077055,-24.79364786368146,73.66273496694744,59.50666736596851,-952.5263413691206,1352.9312125928573
2025-09-05 21:24:16.032750,-59.109729668702045,-129.86571110045747,-450.7849773832552,-20.93907093132879,-24.574772115296437,-5.692387123642328,-330.38100739498736,-22.5778149908846,73.36404458751315,59.625947881913774,-952.4911901534048,1352.7255988387014
2025-09-05 21:24:16.046000,-52.99754321062412,-120.8179401086928,-426.64062013379885,-18.13157255199388,-21.8761629081893,-2.4429631227716064,-298.69414700155886,-20.344595667564864,73.06769685255716,59.73618223646089,-952.4118797086999,1352.6019115530162
2025-09-05 21:24:16.059250,-46.55256036439548,-112.07459138057956,-403.39456005795057,-15.270185197597986,-19.220439554984864,0.5570180196204539,-268.25090891773004,-18.109616906621596,72.77863928746193,59.838687744488894,-952.2881873198007,1352.5786777673402
2025-09-05 21:24:16.072500,-39.88214070504239,-103.67161571648103,-381.19992434383624,-12.394224974246272,-16.63529460910808,3.2817716009683404,-239.24289137043237,-15.894412377021126,72.50158079912092,59.93460838726254,-952.1203490161288,1352.6702651409578
2025-09-05 21:24:16.099000,-33.109669168314305,-95.63878917474072,-360.18279905642584,-9.548165811645482,-14.1502114181738,5.707882808575087,-211.83117704036712,-13.72404189040274,72.24083954555584,60.02489459652763,-951.9092636742085,1352.885554053526
2025-09-05 21:24:16.101125,-26.35429778498293,-88.01429342391394,-340.45729337786884,-6.775887905080287,-11.793578759227932,7.816557569799909,-186.15998309718836,-11.62382431844764,72.00022499145172,60.11033796299136,-951.6567445197697,1353.2282128086745
2025-09-05 21:24:16.103250,-19.714311137457177,-80.85029369285675,-322.1316628540831,-4.115650586422518,-9.589787651512943,9.595933090510695,-162.3611867764065,-9.616198818671773,71.78301297744244,60.19165052493106,-951.3656799153459,1353.6970091576895
2025-09-05 21:24:16.105375,-13.261040827921015,-74.20669046772218,-305.3027089824753,-1.597763973160591,-7.557469529210476,11.04246942321327,-140.54748245055072,-7.718938232736659,71.59203153032615,60.26957351637371,-951.0399804094117,1354.285986796408
2025-09-05 21:24:16.107500,-7.046079093038726,-68.13535567283023,-290.0409538127234,0.7540798617211318,-5.70966425522282,12.160644751136278,-120.79708520204177,-5.945568439463794,71.42980519088513,60.344954029485976,-950.6843287624716,1354.9847767179335
2025-09-05 21:24:16.109625,-1.1172332406565568,-62.66268342199742,-276.37439516495493,2.9188320183804706,-4.055699174154369,12.96105223461147,-103.13798315460544,-4.3076079554187885,71.29868325987914,60.41874652203221,-950.3038817843412,1355.7785666453638
2025-09-05 21:24:16.111750,4.466428168070863,-57.779937196478,-264.2802600217226,4.87405098330048,-2.603585470320614,13.457886664899597,-87.54104727518815,-2.817025127127393,71.20091185256115,60.491977493868475,-949.9040414862347,1356.6477327497096
2025-09-05 21:24:16.116000,9.628718294681645,-53.446302347020364,-253.6898027163955,6.594217828796682,-1.3615681762334078,13.667004427227461,-73.92648365323302,-1.4872666528625929,71.13865508544166,60.56572635288735,-949.4902795097955,1357.56799287808
2025-09-05 21:24:16.119750,14.282203194375692,-49.602365798866245,-244.5039271905839,8.052259715196803,-0.3380957296558676,13.605305223522452,-62.18059707406439,-0.3321817181519131,71.11398673936836,60.64111921444548,-949.0679978421623,1358.5115876141726
2025-09-05 21:24:16.123500,18.34274014465263,-46.187759093001766,-236.6131331970647,9.22349168496588,0.45962178010122656,13.291456821353986,-52.175959152110956,0.6367269156488704,71.12887113647577,60.71930404274316,-948.6424762524881,1359.4493559009798
2025-09-05 21:24:16.127250,21.746327686127486,-43.157069312040875,-229.91553987806128,10.09021611269855,1.0276058460313346,12.747292321160517,-43.78894464847952,1.4135825805858513,71.18515469306212,60.80139594307035,-948.2189134752516,1360.3533487166633
2025-09-05 21:24:16.131000,24.462583944682557,-40.49051047839772,-224.32920203266613,10.645428994138918,1.366828983884057,11.999113022212985,-36.91125025107951,2.000886680755676,71.28457530442171,60.88839841503902,-947.8025030782221,1361.1991379409146
2025-09-05 21:24:16.134750,26.503077581945725,-38.19789854076713,-219.79716789183198,10.895205861082133,1.4844818331586396,11.0786486391127,-31.454109662193908,2.411334769003027,71.42874702747753,60.981102767192496,-947.3984843858753,1361.966828155526
2025-09-05 21:24:16.138500,27.924299662071824,-36.3148612541395,-216.2843204049203,10.85973724069241,1.3948142005222008,10.023635929803548,-27.344533724761657,2.66849141282988,71.61906255429011,61.0799800297829,-947.0121333023723,1362.6407781729886
2025-09-05 21:24:16.146000,28.823352642819174,-34.89081640528909,-213.76570714526207,10.572397764347818,1.1191686149813669,8.8776276774554,-24.51366804412761,2.8058594017452574,71.85651753524218,61.185109246823046,-946.6486739136105,1363.2088665842593
2025-09-05 21:24:16.150000,29.324825353208357,-33.97088026023187,-212.2086825500413,10.07628317197664,0.6847494008910426,7.688560828532264,-22.8796827940945,2.8640393141587577,72.14151754691233,61.29618101837367,-946.313071566694,1363.66186956016
2025-09-05 21:24:16.154000,29.560495349381185,-33.57632932705641,-211.5538094914232,9.418568446372543,0.12207437133175879,6.5060205138224925,-22.32997293239363,2.88625281743602,72.47371299997985,61.41257680902168,-946.0096912863587,1363.9930321962029
2025-09-05 21:24:16.158000,29.64665099093245,-33.6892955498793,-211.70065459690457,8.643981799011318,-0.5384461018701323,5.3776421239389425,-22.708900314593745,2.9131392591909635,72.85185109194572,61.53349793944231,-945.741934233739,1364.1978722087888
2025-09-05 21:24:16.162000,29.665985741495433,-34.24742671102463,-212.50438125262806,7.7893427435948475,-1.2698605465993804,4.345523991249131,-23.817040035891278,2.978255002847329,73.27361918377301,61.658102747099846,-945.5120168103273,1364.2744959740985
2025-09-05 21:24:16.166000,29.66030645716893,-35.151354540421686,-213.78570687699926,6.880950797643208,-2.050867419450091,3.443643672732911,-25.423917476225064,3.105570979262336,73.73551392465808,61.78560082776475,-945.3209488628654,1364.224649109582
2025-09-05 21:24:16.170000,29.63589148507054,-36.282233112981224,-215.35094505326,5.935435965126162,-2.8662096348449246,2.696936460334576,-27.29016906701341,3.3094294719083077,74.23282122956897,61.91526868401478,-945.1686754732382,1364.0552048306217
2025-09-05 21:24:16.178000,29.578521321576023,-37.522754839282825,-217.01489451080909,4.963431535214293,-3.705310838016263,2.1221622449365056,-29.191466604772327,3.5966495998767067,74.75974102069532,62.04639012305732,-945.0543152294632,1363.7795732001978
2025-09-05 21:24:16.181250,29.47242830823837,-38.77461007031426,-218.61908920461605,3.974662136803919,-4.559740473838733,1.730124867949323,-30.936655338541396,3.969936053130164,75.30958560043965,62.17816142217818,-944.9763905462602,1363.4185972403766
2025-09-05 21:24:16.184500,29.31642038671103,-39.96754257324206,-220.04065753645042,2.9825529195304648,-5.420518297599971,1.5282858908635415,-32.375790801026874,4.431224409088837,75.87495577197298,62.30961041568732,-944.933004148987,1363.0003190830457
2025-09-05 21:24:16.187750,29.132561644583095,-41.060680671181096,-221.19310053893327,2.006789740758596,-6.276294801152118,1.5227437568868454,-33.40017966334515,4.98373994687131,76.4478534666978,62.43956199997176,-944.9220822330692,1362.558217775303
2025-09-05 21:24:16.191000,28.96829667952353,-42.041681154683125,-222.02519393400118,1.0738144993206582,-7.112693754243537,1.7192489808602662,-33.940978072903235,5.632713987156377,77.01971519793328,62.56666759230162,-944.941782801457,1362.128437100293
2025-09-05 21:24:16.194250,28.896063836465412,-42.92635860436353,-222.52065151140076,0.21643774073020866,-7.912221415643358,2.1237439044035966,-33.96870928937676,6.38558252764632,77.58137459871726,62.6895059565834,-944.9909016767111,1361.7469831227045
2025-09-05 21:24:16.197500,29.01130677910695,-43.75502044167071,-222.6940163207754,-0.5269440943390701,-8.654281716520828,2.742830641404131,-33.4889397666549,7.251995004804859,78.12303033274598,62.80672646749581,-945.0690230405681,1361.4475421486286
2025-09-05 21:24:16.204000,29.425792513120893,-44.581551420636615,-222.57844965746705,-1.114303664806055,-9.315646698059698,3.583864994895545,-32.52984764285137,8.243091736741588,78.63431988329232,62.91716035308626,-945.1763746519476,1361.2602151582469
2025-09-05 21:24:16.209000,30.253947586194304,-45.45636064615092,-222.20710067125353,-1.503849636189273,-9.87195394527606,4.6541227410868045,-31.123393302512994,9.369534512364643,79.1045518341946,63.01983407363987,-945.313486329905,1361.2110264847206
2025-09-05 21:24:16.214000,31.59347390840137,-46.40777668275318,-221.59343317056283,-1.6595780203426032,-10.300334645103467,5.958840298579565,-29.28548545552052,10.63838288624743,79.52307161570478,63.113883348573424,-945.4807313990451,1361.3213349546286
2025-09-05 21:24:16.219000,33.50465001014465,-47.42749986447135,-220.71660084640618,-1.5573245409047296,-10.58271136798177,7.498483869136843,-27.0014944621328,12.04952473516062,79.87966111339232,63.19841542455328,-945.6778642002045,1361.6062492807077
2025-09-05 21:24:16.224000,35.994877580580685,-48.465782485385176,-219.51767570830236,-1.1894410683124927,-10.708838436899706,9.26610952479162,-24.22302464594071,13.592873065062648,80.16488369940605,63.27235386581973,-945.9036980727745,1362.0724010060167
2025-09-05 21:24:16.229000,39.01443495795857,-49.439265151808236,-217.9092357027378,-0.566334292393658,-10.678033412585872,11.245813607068385,-20.87791123730285,15.247455098023963,80.37036882675336,63.33428654850486,-946.1559843551041,1362.71647486846
2025-09-05 21:24:16.234000,42.46519212655523,-50.24882270567062,-215.7948329433457,0.2857198647420483,-10.49899268511232,13.412892256521387,-16.8893267408873,16.982745169480722,80.48905340799818,63.38237588811254,-946.431466108265,1363.5252568829055
2025-09-05 21:24:16.244000,46.21925163024935,-50.80073606139769,-213.0909973218128,1.3297289531959822,-10.187748819354338,15.7357456846746,-12.196734058195055,18.76190444568861,80.51538070250753,63.414392285424825,-946.7260497392892,1364.4767511147738
2025-09-05 21:24:16.246375,50.14162675678388,-51.024024646904124,-209.74441253855477,2.524520576412405,-9.764373445854265,18.17902136039558,-6.771848909046237,20.54618854480141,80.44548134033523,63.427872750036116,-947.035012890365,1365.5416303210977
2025-09-05 21:24:16.248750,54.10962258376944,-50.878235634963886,-205.7387862961983,3.8305789861231516,-9.249528040486297,20.706990952352943,-0.6243335646102347,22.29922515493371,80.27735429173758,63.420370536709285,-947.3531756187798,1366.6846136423355
2025-09-05 21:24:16.251125,58.02175272305688,-50.349006225298176,-201.08914663392315,5.213053576336968,-8.662213791164232,23.285922532114842,6.205070891770676,23.989518558928328,80.01098839733045,63.38973026246397,-947.6750203434013,1367.8659681497847
2025-09-05 21:24:16.253500,61.793049357175484,-49.43374967648482,-195.8261896324211,6.640915231644788,-8.019563596554136,25.884642820348642,13.660983429239458,25.590248665497892,79.6483356060897,63.33429631856457,-947.9948016726596,1369.0436034651211
2025-09-05 21:24:16.255875,65.3410831911577,-48.125171136041196,-189.97847883989292,8.083364722544218,-7.338360598574121,28.47349664518169,21.691098280100434,27.077031655205246,79.19315233492294,63.25302163803492,-948.3066949799917,1370.175444044662
2025-09-05 21:24:16.258250,68.5724075351207,-46.402005513508435,-183.56207841462222,9.506184419886091,-6.6370268663165035,31.022779620469123,30.25582242313824,28.425510872910834,78.65084199162003,63.14553187320864,-948.6049803959189,1371.2212870668045
2025-09-05 21:24:16.263000,71.3779374638068,-44.23184703188408,-176.58282689845308,10.870447602580095,-5.93673819773477,33.501849534557216,39.32550398095235,29.610468755000525,78.02837684317073,63.01220188738209,-948.8842156083841,1372.1439387945466
2025-09-05 21:24:16.267375,73.63996641421609,-41.58370057564456,-169.04892455581938,12.134424345223147,-5.26092746790155,35.87960042405719,48.868188254233374,30.60703343912048,77.33423888063814,62.854233831059005,-949.1393655572441,1372.9098148862558
2025-09-05 21:24:16.271750,75.24776368268859,-38.44391614496322,-160.98695570106125,13.257961310298548,-4.633290786885843,38.1262064606734,58.83465096303274,31.393482193946994,76.57831034013147,62.67366978044312,-949.3658848910409,1373.4894288827609
2025-09-05 21:24:16.276125,76.11536891627799,-34.8296500773422,-152.45484660799448,14.207647532586062,-4.075118510437569,40.21537837506038,69.14662701691732,31.954494887389647,75.77172749862609,62.47328924770299,-949.5598072401048,1373.8583113773075
2025-09-05 21:24:16.280500,76.19592322247108,-30.796549536932915,-143.54834002520087,14.961179153549695,-3.6028445980371564,42.126325103506346,79.69123112895616,32.28376970539526,74.92674755607482,62.25642356767197,-949.7179448196141,1373.9981083190778
2025-09-05 21:24:16.284875,75.49072608553978,-26.439627295297118,-134.40035070273066,15.510375300096207,-3.2261460154322266,43.84519320859641,90.32226861731192,32.38564229764368,74.05664889645806,62.02676651593488,-949.8381825779211,1373.8972124891643
2025-09-05 21:24:16.289250,74.0526945031339,-21.886718369570957,-125.17302057957825,15.862710748029524,-2.946651991134196,45.36604274488371,100.86874937833126,32.27567638887753,73.17561459818273,61.788227460330134,-949.9196972093614,1373.5511816450635
2025-09-05 21:24:16.298000,71.98222909145514,-17.28420386027753,-116.04230774286863,16.040693454733674,-2.757650830822257,46.69108267766494,111.15054941157231,31.97983615953648,72.29852296932893,61.54481430851224,-949.9630102913655,1372.9634736690577
2025-09-05 21:24:16.302875,69.41394164955679,-12.777007131400273,-107.17703806430201,16.078462857724283,-2.645259851408533,47.82973512585421,120.99906326101728,31.53184776344475,71.44063361466442,61.30049839792137,-949.9699375263095,1372.1458816127351
2025-09-05 21:24:16.307750,66.49628152335234,-8.487215535895137,-98.71666737253105,16.016032244686635,-2.5909658534608657,48.79651445281881,130.2786856116964,30.969019555130135,70.61720078662466,61.05903951213891,-949.9434962858527,1371.117468089029
2025-09-05 21:24:16.312625,63.36960756930936,-4.49598981888542,-90.75255462731731,15.892777094710254,-2.5747496634768017,49.608298462147665,138.9044696194822,30.327547136657106,69.84304472538506,60.82380930172574,-949.887808043727,1369.902090568732
2025-09-05 21:24:16.317500,60.14819203939331,-0.8319731145453241,-83.31634975116263,15.741907441885042,-2.5779252157980372,50.28170389568729,146.85242046730346,29.638422470144622,69.13211949274861,60.59764669975767,-949.8080232997063,1368.525983354435
2025-09-05 21:24:16.322375,56.90792046028466,2.53227439221263,-76.3772171024328,15.586531941741116,-2.5854278520780554,50.830823554103226,154.16083148668258,28.92438961675757,68.497089727185,60.38274750366618,-949.7101930929226,1367.016432384792
2025-09-05 21:24:16.327250,53.67999550515417,5.674427998026371,-69.84908932745849,15.437379197253636,-2.587519789913925,51.265380540225856,160.92172345570728,28.19811308288596,67.94891736039287,60.18062416159803,-949.6009694712571,1365.4015774583004
2025-09-05 21:24:16.337000,50.45295125027105,8.706447994561781,-63.60837454085894,15.292855519780563,-2.580447323678158,51.589748176609845,167.2623524525555,27.46211238154939,67.49651225862644,59.992179724571756,-949.4871489655771,1363.7110931754305
2025-09-05 21:24:16.343125,47.18462790127495,11.75145341588275,-57.51898110649699,15.142011453355135,-2.56554394499187,51.80340039911684,173.32033667671215,26.71086137110728,67.14651120246322,59.817868978720654,-949.3751631067688,1361.977238817517
2025-09-05 21:24:16.349250,43.82181899242592,14.919494762870045,-51.45832473261374,14.969839288558497,-2.546883546427147,51.90282701610842,179.2188200450957,25.934617854466516,66.90318884869112,59.657888770364806,-949.2706043253554,1360.2355459177497
2025-09-05 21:24:16.355375,40.322123604020966,18.28850931210573,-45.33768213725606,14.763377464308128,-2.528171596763118,51.88436366016346,185.04794413862757,25.123877264453238,66.76847007252837,59.51236102589955,-949.1778802165097,1358.5246973349213
2025-09-05 21:24:16.361500,36.671310998772995,21.8954510265023,-39.11149667352481,14.516739030834259,-2.5098456090482326,51.74708042725684,190.85744390845946,24.273103187209397,66.74203698910753,59.38145270148961,-949.1000681329276,1356.8853755428363
2025-09-05 21:24:16.367625,32.890630216677046,25.739562852637828,-32.7735869255668,14.233432087136723,-2.4873678255765914,51.494777192006794,196.66183187468653,23.382556280081452,66.82152431000617,59.26537677320256,-949.0389499406257,1355.3580290346217
2025-09-05 21:24:16.373750,29.032095886913698,29.795329390778452,-26.343293615139125,13.925267629391852,-2.45134261461312,51.13635971651004,202.4547430372835,22.457679936408855,67.00275219395638,59.16431656267282,-948.995155299367,1353.9802701164363
2025-09-05 21:24:16.386000,25.163859404064446,34.0298890658497,-19.8474995536928,13.608351250758174,-2.389419158342719,50.68447886921169,208.2263277526816,21.506437419513144,67.27994384302943,59.07836253964068,-948.9683478201317,1352.7852337572012
2025-09-05 21:24:16.389500,21.350932116001726,38.41885283713922,-13.304783213939215,13.29767316420657,-2.289279409979565,50.153006804608296,213.977446993834,20.535785443922887,67.64591935870413,59.00746789108943,-948.9573910770106,1351.8012276676536
2025-09-05 21:24:16.393000,17.638390122432718,42.9550303613311,-6.7168396255797065,13.00236853091377,-2.1415896062145423,49.5544076400191,219.7261471527138,19.5487591318285,68.09227475576245,58.95140318971134,-948.9604623560074,1351.051420871785
2025-09-05 21:24:16.396500,14.042382754018579,47.64948129272116,-0.06683733483633787,12.723212309213867,-1.9417953083094994,48.898093018551165,225.5079201309951,18.543221056691237,68.60952975381572,58.90975403821632,-948.975123083567,1350.5526919608628
2025-09-05 21:24:16.400000,10.548224960343322,52.53031361147031,6.6813715388941315,12.452199228187938,-1.6904710105289915,48.19007573548198,231.37623875468117,17.51215551827752,69.18720639053195,58.88199340986709,-948.9983492251193,1350.3143503654637
2025-09-05 21:24:16.403500,7.111019673873352,57.642422306543125,13.585419954975466,12.172851286349177,-1.3930346385290404,47.43316537990331,237.40455737005092,16.444473762438708,69.81384326290812,58.867590952662184,-949.0265471877099,1350.337850586132
2025-09-05 21:24:16.407000,3.657614879656549,63.04403856375537,20.722013276940913,11.860757407803058,-1.059519302865118,46.62699117493121,243.68283856396025,15.325843401126248,70.47701605437335,58.86610855535484,-949.0556471255911,1350.6177756333373
2025-09-05 21:24:16.414000,0.093431391341303,68.79538849753834,28.17464469833102,11.485337772263348,-0.7040094105457679,45.76816488348022,250.30369764031227,14.140150870595747,71.16342404845481,58.87725008933468,-949.0813281681892,1351.1432494600285
2025-09-05 21:24:16.418000,-3.6832064607701103,74.94090253151683,36.01366906523869,11.013774276364744,-0.34301278200645247,44.85130999788542,257.34140800023465,12.872212725274315,71.85906290062464,58.90082802034144,-949.0993236224225,1351.8987482166021
2025-09-05 21:24:16.422000,-7.761288387808183,81.49064586013345,44.275381972511695,10.41668360074182,0.007232096720022815,43.871077242393554,264.83089231135114,11.511473957484158,72.54952336365315,58.93661583441554,-949.1057595970481,1352.8645230976663
2025-09-05 21:24:16.426000,-12.197507699551956,88.4061975874708,52.945962487368305,9.673882186563064,0.3337156438597388,42.82449859864513,272.7523021610124,10.055656565405458,73.22047316364203,58.9841270977674,-949.0974911153137,1354.0174383098774
2025-09-05 21:24:16.430000,-17.001884796185198,95.59363023930153,61.95322175771549,8.778694989229999,0.6290326021376792,41.71291742928478,281.0236382200241,8.513327534216458,73.85832493929138,59.04243942658728,-949.0723291996502,1355.3317831428385
2025-09-05 21:24:16.434000,-22.129848005966902,102.90426107218128,71.16689450100438,7.740485606341896,0.8929670920627893,40.543317336408585,289.5019759525572,6.905119201367144,74.45098752547261,59.110145549823734,-949.0291124979267,1356.7792291779224
2025-09-05 21:24:16.438000,-27.480559461812238,110.1438005768829,80.40806446945908,6.585530795325013,1.1333979336695057,39.32916779089378,297.99407394220754,5.263690264640913,74.98850750520205,59.1854018840681,-948.9677156608166,1358.3286650499604
2025-09-05 21:24:16.446000,-32.90315466698197,117.09022903832368,89.46787574184657,5.355705966277508,1.3662404107828783,38.09049784892547,306.2765194689578,3.632146266307819,75.46343622409029,59.2660069537463,-948.889076566001,1359.946934317084
2025-09-05 21:24:16.449375,-38.212328509060974,123.51817655001028,98.13284225098153,4.104412737990348,1.6139489514756624,36.85270389038879,314.1222799825642,2.060608288870444,75.87089759252508,59.3494855067298,-948.795228759379,1361.6000466463393
2025-09-05 21:24:16.452750,-43.21157299852832,129.22499648853957,106.21140102423863,2.8900654871514044,1.9025211241547386,35.644023639363844,321.32784603484663,0.6011804521549035,76.20842416645328,59.43317347318778,-948.6892459529589,1363.2544515718619
2025-09-05 21:24:16.456125,-47.71917304345709,134.0524831277965,113.55542890234862,1.768461410448199,2.257518627351863,34.49217455315012,327.73456611159787,-0.6977301162311518,76.4756475097582,59.514291467788304,-948.5750104087957,1364.8789180658741
2025-09-05 21:24:16.459500,-51.58985252174703,137.8980892596777,120.07064111666823,0.7861268673645726,2.7001102323002613,33.42101186603354,333.23824919081255,-1.7962682258806812,76.67396409278157,59.590013641527506,-948.4568559855267,1366.4466564393651
2025-09-05 21:24:16.462875,-54.7255385199912,140.71251662380485,125.71292107633542,-0.023371643647454778,3.2443169126885643,32.44812558032712,337.7845032849377,-2.6658767585855383,76.80627851942793,59.65755449456192,-948.3392264511546,1367.9361312294432
2025-09-05 21:24:16.466250,-57.072998036996445,142.48623644598285,130.47339381903168,-0.6394027496907967,3.896185767188271,31.583983811378918,341.3532524837768,-3.289578847089345,76.87681377028852,59.71428568190221,-948.2264287632973,1369.3301297260714
2025-09-05 21:24:16.473000,-58.61110404024654,143.23136248264578,134.35900209224556,-1.0511894869446863,4.654828908823955,30.832686723458888,343.9396431989628,-3.6602840064266378,76.89093027511987,59.75788534233199,-948.1225226136488,1370.6143217813687
2025-09-05 21:24:16.476875,-59.333510374989764,142.9658286561059,137.3761190214571,-1.2531468533991905,5.514720600382763,30.193923922012385,345.53898947869993,-3.7779552344690193,76.85494259938156,59.786501517693026,-948.0313572341544,1371.776418902139
2025-09-05 21:24:16.480750,-59.23392115159074,141.7058156485619,139.52376044693975,-1.2405863437602853,6.468337835716664,29.665357534747308,346.14207277632113,-3.6467143699755535,76.77594044117808,59.7988663216886,-947.956632278283,1372.8057733304495
2025-09-05 21:24:16.484625,-58.30088102577097,139.469682730422,140.7994973726621,-1.0078617637261444,7.507960760788097,29.24437377229131,345.74297527784984,-3.27315746612527,76.66159163784698,59.79430155119398,-947.9018083101442,1373.692829353824
2025-09-05 21:24:16.488500,-56.52514606198678,136.29142818801543,141.21500966849302,-0.5500817675759196,8.625683355330228,28.928328170057185,344.3553289878707,-2.666744493740125,76.51989150592857,59.7726516730972,-947.8698235629123,1374.428801568114
2025-09-05 21:24:16.492375,-53.91557687615464,132.23600413209138,140.81251938669425,0.13254588284904004,9.811767417127502,28.71325357805424,342.02805196093954,-1.8418965597013575,76.35885930041073,59.73424689361762,-947.8627264288527,1375.0062582296105
2025-09-05 21:24:16.496250,-50.51419907871951,127.40700897437901,139.6723851396981,1.0303727475161792,11.052565213394855,28.59195974533205,338.8514578844623,-0.8202197858506147,76.18623635310308,59.67993600524726,-947.8814053902356,1375.4203220135305
2025-09-05 21:24:16.504000,-46.402001938848834,121.94173687066214,137.90742045855558,2.1225190086223,12.32937597406411,28.55280042544145,334.950090677655,0.3688181297121,76.00924196971476,59.61113651457485,-947.9255347819558,1375.6699691416916
2025-09-05 21:24:16.504375,-41.69255269312149,115.99577997803604,135.64682132543487,3.3786375545655014,13.61895240170662,28.579928127524955,330.4657586691857,1.689465169736729,75.83440660348512,59.52984497990353,-947.9937149174004,1375.7591644004815
2025-09-05 21:24:16.504750,-36.515930827732525,109.72359788944165,133.01645096105108,4.763602226055779,14.895590724493413,28.65503775213148,325.5375516238601,3.1031623736200054,75.66748650690758,59.438595197026345,-948.0837403347446,1375.6971145557263
2025-09-05 21:24:16.505125,-30.998682609821955,103.26182350418209,130.1224911522278,6.243507853239341,16.134165495622238,28.760029519594987,320.28565654515927,4.572900060825375,75.5134575573818,59.340368865702445,-948.1929393737319,1375.4969738119353
2025-09-05 21:24:16.505500,-25.246759589391235,96.72077902052536,127.04412148737494,7.790959873675688,17.313151125605778,28.879773288129055,314.8045685341208,6.067035695094099,75.3765598322203,59.238447266422455,-948.3184806473832,1375.1736226145804
2025-09-05 21:24:16.505875,-19.337361969968438,90.18659604275057,123.83731982075287,9.387819232338542,18.41662460119792,29.00403059805829,309.16743348058986,7.5611890146823875,75.26034111186024,59.13619536375599,-948.457552863073,1374.7416451175213
2025-09-05 21:24:16.506250,-13.322086423330651,83.73187919235545,120.54708213707835,11.024498329767345,19.43457001830148,29.12779223017962,303.4383046468087,9.037563230479025,75.16765812573013,59.03681735204826,-948.6074253309861,1374.2134934042806
2025-09-05 21:24:16.507000,-7.23965906426628,77.43005933923199,117.22281497915438,12.696208148835561,20.36144313925034,29.249929821838435,297.6870151252922,10.48213089347293,75.10062473687582,58.94314740243636,-948.7654068011275,1373.5976554383933
2025-09-05 21:24:16.514875,-1.1332037067343246,71.36781791434694,113.93111610831828,14.397714611518074,21.193625091788213,29.370737855935786,292.00101535410084,11.880958991009475,75.06051127681178,58.857494299978306,-948.9286866584443,1372.8978282073676
2025-09-05 21:24:16.522750,4.935026261450907,65.65056771814984,110.76092233887515,16.118769692813835,21.92686590161844,29.489357862186033,286.48921883074104,13.217221944401324,75.04762331797488,58.7815254440804,-949.0941350630872,1372.1136639497308
2025-09-05 21:24:16.530625,10.876761602069656,60.40065175434445,107.82129322954911,17.84179211248218,22.554815057699056,29.602078590797277,281.27854056996154,14.46992458836764,75.06124999764327,58.71620967206742,-949.2582202863981,1371.2422270827901
2025-09-05 21:24:16.538500,16.577903847190807,55.75362537632049,105.2379884936651,19.54159904949936,23.068914540058945,29.70179517221534,276.5097488557542,15.614104038824873,75.09979625499929,58.661847803515414,-949.4171027955293,1370.279638992547
2025-09-05 21:24:16.546375,21.901106561975777,51.85578943734386,103.15181939924403,21.185828360610547,23.458869315749908,29.777996025766086,272.3353403888728,16.62147995466188,75.16111506156597,58.61815844813342,-949.5668210813311,1369.2230956926041
2025-09-05 21:24:16.554250,26.68940995238502,48.85899181343715,101.71382478687873,22.735567708101,23.712958928233647,29.816725521003907,268.91390588476685,17.46116270421149,75.2429029637203,58.58435398972009,-949.7034809448808,1368.0729585682866
2025-09-05 21:24:16.570000,30.77441754248688,46.9079992009667,101.07199444563267,24.147131706602515,23.818466223653225,29.800826974318696,266.39589805882986,18.101057108136853,75.34298945187837,58.55918458951158,-949.8234443475983,1366.834514791989
2025-09-05 21:24:16.579250,33.99173029092436,46.12156831881065,101.35100427396144,25.375877538673294,23.762961298074288,29.711099801031693,264.9031965313327,18.51060614111477,75.45946658168043,58.540987168648925,-949.9235246562706,1365.5192452392412
2025-09-05 21:24:16.588500,36.20201165096974,46.57269171894096,102.63144701316185,26.381814370252123,23.53667690654877,29.5285660472329,264.5095301126313,18.664750149598373,75.59071568251233,58.52779647938981,-950.0011526452189,1364.1450597459243
2025-09-05 21:24:16.597750,37.31273503617336,48.27406382601315,104.93546988647837,27.135757715115133,23.13549123150967,29.23742412388483,265.2281592433919,18.548216577141023,75.73541025625013,58.517525889863364,-950.0545092466073,1362.7350471052168
2025-09-05 21:24:16.607000,37.29426148656439,51.17368103036353,108.22368711777112,27.624232111460582,22.56357804866089,28.82783703978774,267.01063225869484,18.158820450730715,75.89252816265855,58.508152810856885,-950.0826728876173,1361.3152156714095
2025-09-05 21:24:16.616250,36.18480042931619,55.16259029950928,112.40453442857468,27.851424363215916,21.834713179187382,28.297648897679302,269.7573156870886,17.508550224001905,76.06133449808976,58.497845333937406,-950.085775317184,1359.91217200747
2025-09-05 21:24:16.625500,34.082282033295016,60.09246383321282,117.35281258018571,27.837401652778325,20.971612105530347,27.652453783575623,273.33661247378177,16.621837107407437,76.2412987588607,58.48501732246593,-950.0651002712585,1358.5513648252518
2025-09-05 21:24:16.644000,31.125323793192898,65.79774384358528,122.93165714023817,27.613065243504902,20.00336352331076,26.903940120790917,277.60706326462685,15.531296583057676,76.43198327732532,58.46831727274296,-950.0231099149826,1357.256174386679
2025-09-05 21:24:16.649750,27.468808985918383,72.11610647124691,129.01166111533476,27.213394784268115,18.961698977674416,26.06697731991331,282.43578090467514,14.272195805973263,76.63294252669266,58.4465679936962,-949.9634150175979,1356.0477867970403
2025-09-05 21:24:16.655500,23.262146797253,78.90078600544689,135.4810858309645,26.6713527722504,17.877329747179783,25.156479026964973,287.7073347614896,12.877680790159909,76.8436258333721,58.418702189138465,-949.8906468370932,1354.945482470971
2025-09-05 21:24:16.661250,18.638469140405256,86.02058629958835,142.2436498446832,26.014929765975353,16.777713478962557,24.185385797221016,293.32032875829526,11.376743005193726,77.0633010672116,58.38373907707755,-949.8101749950192,1353.9670698235686
2025-09-05 21:24:16.667000,13.718192682628032,93.3493252184107,149.20619508986516,25.268436099263834,15.687011186760731,23.16465979050657,299.1746675544454,9.795524706005308,77.29104542881126,58.34082330756162,-949.727680195612,1353.129187525249
2025-09-05 21:24:16.672750,8.622235655957354,100.75250648880277,156.26424878061687,24.456715023655715,14.627784566898116,22.105036090308204,305.1576685269124,8.16064892176993,77.52581331845738,58.289318566501905,-949.648669790721,1352.4471254577466
2025-09-05 21:24:16.678500,3.485150782666173,108.08032665586228,163.2946812273545,23.609403061060757,13.623113795770486,21.0193328697063,311.1378886123842,6.502386923876946,77.7665539263285,58.228912804864265,-949.5780755609608,1351.9343481265769
2025-09-05 21:24:16.690000,-1.5399599125448524,115.17167742107283,170.16006650153145,22.7627947668132,12.697856971256497,19.924037526976985,316.9707029377041,4.8560457746287256,78.01232051480528,58.15969554388887,-949.5200143940533,1351.6025045396427
2025-09-05 21:24:16.692875,-6.287669570553595,121.86763804705703,176.72280194432466,21.95837483645259,11.878354778753462,18.83940762341394,322.51312248945254,3.261024853049289,78.26231131902765,58.082205998235096,-949.4776849401935,1351.4625655710488
2025-09-05 21:24:16.695750,-10.595456009806451,128.02935232197885,182.86339769498508,21.238562913779596,11.190623816051854,17.788047698935536,327.6420134847687,1.7578844058668845,78.51584023315337,57.99744967207779,-949.4533673288698,1351.5265730176934
2025-09-05 21:24:16.698625,-14.32210782706558,133.55457906800046,188.49714412569642,20.641329498820756,10.65781260335202,16.79262303546946,332.27003889794884,0.3845192248828228,78.7722646513985,57.90685524291934,-949.4485007115005,1351.8081470193583
2025-09-05 21:24:16.701500,-17.363442037607722,138.3888517845086,193.58524270429243,20.195395628066017,10.297845626019095,15.873552966776659,336.35568914103544,-0.8272970175252646,79.03088191991407,57.812157157665254,-949.4637523866936,1352.3203962250518
2025-09-05 21:24:16.704375,-19.663253877883342,142.52959002236815,198.138818534433,19.916659868452044,10.121549429437279,15.04701766791478,339.9061665118966,-1.8544375708166125,79.29081528761702,57.71523848181407,-949.4989861508915,1353.0723319506042
2025-09-05 21:24:16.707250,-21.218924638667332,146.02192727475602,202.2143902927951,19.806061187234125,10.131211508143615,14.323304483780218,342.9720266847591,-2.6839030159249075,79.55091907826693,57.61799176863668,-949.5531317935383,1354.0661009533205
2025-09-05 21:24:16.713000,-22.0790572018749,148.94517322329213,205.89944178530772,19.849697135452768,10.319974468712022,13.705868339466164,345.6324744028351,-3.312816381171195,79.80972313824708,57.52221168099238,-949.6240539636501,1355.295743277472
2025-09-05 21:24:16.713875,-22.33114702086791,151.39203075030267,209.29051033142994,20.021889270146964,10.672678656489786,13.19167132613027,347.97390724381,-3.7465325935276725,80.06542145154467,57.42949397751106,-949.7085079054983,1356.7468211455198
2025-09-05 21:24:16.714750,-22.081687990943337,153.44615212044727,212.47007271154322,20.29063897006008,11.168139577976767,12.772872139458437,350.0679567622529,-3.9952502318506857,80.31587232404388,57.34115972391591,-949.8021753015186,1358.3968148699232
2025-09-05 21:24:16.715625,-21.43479693684173,155.16371800345672,215.48806081126025,20.62378381062249,11.782028951333322,12.439182666339466,351.95437169565747,-4.070291752222066,80.55856482805169,57.258268418119584,-949.8997591303996,1360.2162557248002
2025-09-05 21:24:16.716500,-20.47488210859343,156.56217278288088,218.3507859724624,20.994232976147973,12.489485892450029,12.18003954785274,353.63059599711426,-3.981164780923076,80.79055768392644,57.18173344999645,-949.9951824285224,1362.169694304882
2025-09-05 21:24:16.717375,-19.254899439576988,157.61679501472057,221.01771556561644,21.383766722245188,13.267299044847752,11.986353349666302,355.04812173652437,-3.733656621905462,81.00844486931729,57.112456588467595,-950.0819228922777,1364.2160354316647
2025-09-05 21:24:16.718250,-17.79017755889555,158.26548408067563,223.406394349521,21.785330691655645,14.095748614030715,11.851967208173216,356.1171840045397,-3.3287923345085497,81.20839541142976,57.05137883821182,-950.1534315607054,1366.3092728771398
2025-09-05 21:24:16.720000,-16.059716447246355,158.42214257334535,225.40611092575213,22.20318337741155,14.95971723095881,11.774596222615413,356.72186034098337,-2.7629002417940574,81.3862746150374,56.999444239480866,-950.2035436099653,1368.4009740721967
2025-09-05 21:24:16.723250,-14.016737742745772,157.99674861745666,226.8990713399564,22.65026465265111,15.848545720398151,11.755743085232933,356.7436031914597,-2.0292174839712502,81.53782558178685,56.95754428894865,-950.2267992329243,1370.4443883338154
2025-09-05 21:24:16.726500,-11.606717390784441,156.91759853834805,227.78460191675535,23.143199618494666,16.754649940707132,11.799355270624053,356.08647345359765,-1.1209796607761422,81.65889127248848,56.92645798195844,-950.2186272860404,1372.3980127588302
2025-09-05 21:24:16.729750,-8.787438698943118,155.15073349510433,228.0001376627164,23.696508986240623,17.67157305441935,11.909589900506049,354.69678623718005,-0.03514190328122305,81.74562494172237,56.90675671523133,-950.175455355252,1374.226608845288
2025-09-05 21:24:16.733000,-5.545547624175478,152.71307183267223,227.53457192533276,24.31768271566181,18.592225523991104,12.088452915554052,352.57407760179564,1.2244574487724862,81.79457895698094,56.898692754313075,-950.0949312676912,1375.9006821031007
2025-09-05 21:24:16.736250,-1.9078315797871137,149.67753828542243,226.43277595501337,25.00367643712971,19.50743794785945,12.33379888031654,349.77398579792987,2.645048347929355,81.80261649310587,56.90215141866251,-949.9763408620917,1377.396918604546
2025-09-05 21:24:16.739500,2.0531338893649353,146.16868072872563,224.79052558502164,25.738949800460233,20.404714232622002,12.637824843748387,346.40228033463995,4.204019784397374,81.76673821908422,56.916724945335815,-949.8210433308558,1378.6997940674764
2025-09-05 21:24:16.746000,6.221490774912129,142.34783653212426,222.7391706482447,26.495805028072446,21.267640405989376,12.986437562975304,342.5987565767534,5.8694843616558545,81.68397907754614,56.94187196610666,-949.6326633769962,1379.8023698140132
2025-09-05 21:24:16.746500,10.450726486086744,138.39038922969138,220.42304446803502,27.23766270913781,22.076625192813715,13.360045551743246,338.51453477778693,7.602725238765454,81.55144900079868,56.97706883523564,-949.4169497547585,1380.705067292287
2025-09-05 21:24:16.747000,14.584358062074156,134.46112205491153,217.9760107843157,27.92480558591869,22.8110767181688,13.735830088924143,334.28968600341716,9.36227339484926,81.36648421416409,57.02188825846782,-949.1813922925027,1381.4131892876212
2025-09-05 21:24:16.747500,18.479265784863806,130.69423686306968,215.50326745785677,28.521154491962662,23.452444043546883,14.090861414192792,330.03657634422046,11.108670107048992,81.12686482144636,57.07597772608316,-948.9347179717682,1381.9345228824977
2025-09-05 21:24:16.748000,22.024924724707656,127.18319108024316,213.07271324839326,29.000096751822653,23.987163766389262,14.405085806156961,325.83225691359786,12.808596822377499,80.83108129767216,57.13892696426735,-948.6863342663471,1382.2777027125276
2025-09-05 21:24:16.748500,25.15274608518196,123.98239311513382,210.7176650495398,29.347489414439732,24.40849496703938,14.66328083891889,321.72143805720333,14.437098079758153,80.47859594220667,57.21007480183858,-948.4457705262837,1382.4517205423945
2025-09-05 21:24:16.749000,27.833239025319372,121.11858804316749,208.44901243279824,29.560970703118485,24.716584391994058,14.855469771424149,317.72823702324166,15.977252773669505,80.07001338395095,57.28836138425485,-948.2221523382656,1382.4670135499618
2025-09-05 21:24:16.750000,30.06288768195172,118.60707487732626,206.2719607811774,29.646077024476988,24.916741426360513,14.975828086025198,313.87196883855364,17.41766195911664,79.60712562748394,57.37229689378596,-948.0237098391668,1382.3378114942916
2025-09-05 21:24:16.754125,31.84588245882147,116.46687597151434,204.20120800867537,29.610720482097193,25.01651193361136,15.02056256318524,310.18091821635556,18.7489399651293,79.09287062812423,57.46006209742383,-947.857352276225,1382.0841357534237
2025-09-05 21:24:16.758250,33.177762260429674,114.72928974915497,202.26896364004088,29.46014067954722,25.022604228323182,14.98557996875005,306.69843220879227,19.960615414255585,78.53127775248896,57.549716604652374,-947.7283937443217,1381.7317950808756
2025-09-05 21:24:16.762375,34.03651152824309,113.43885384495407,200.52544232860038,29.19401696516454,24.938768565855284,14.86491865708457,303.48130847592773,21.039418126162325,77.92746824267397,57.63942641637392,-947.6404591524392,1381.3104847052136
2025-09-05 21:24:16.766500,34.38074956140806,112.65166318616191,199.03756124403077,28.805735266999637,24.764943631517266,14.650355856126279,300.59717830941,21.96893316328015,77.28772819692688,57.72760955154753,-947.5955073712533,1380.8515877886575
2025-09-05 21:24:16.770625,34.15036182544265,112.43434594772346,197.88882157050176,28.282449535253747,24.497021415351433,14.331568841286646,298.1242679412954,22.729790953228918,76.61959884120307,57.8129831606861,-947.5939038650978,1380.3867342440344
2025-09-05 21:24:16.774750,33.267940315129536,112.86022067960926,197.1754484400187,27.60533793883881,24.126709253864387,13.896148189239337,296.14802236954444,23.299949223479608,75.93189542031439,57.8945655881807,-947.634513975084,1379.946918004688
2025-09-05 21:24:16.783000,31.644492221818656,113.99815533606346,196.99361927105272,26.75101996801924,23.641847353257326,13.329737119630218,294.748934412996,23.655617061439727,75.23459812165623,57.97168610749661,-947.714820297368,1379.5615562288558
2025-09-05 21:24:16.785750,29.192414285105766,115.89507147248261,197.41968707074963,25.695118055988246,23.027820757083898,12.61707105785666,293.98391319375304,23.7735425907748,74.53862448995432,58.04401758706412,-947.8311045175132,1379.2567509702476
2025-09-05 21:24:16.788500,25.843990849768762,118.5574187445413,198.49024348269424,24.417569011143673,22.270128644395,11.744175763689796,293.86883249440586,23.634587312756242,73.85552957239662,58.11160079965357,-947.9787235012421,1379.0523692149418
2025-09-05 21:24:16.791250,21.569824911444034,121.93723985414053,200.18851207204415,22.908074315969053,21.357432688964785,10.701184871767099,294.3684124099743,23.22757375515413,73.19716794890314,58.17481783349787,-948.152400886161,1378.959013124525
2025-09-05 21:24:16.794000,16.392097218942563,125.92601027046832,202.4397949771886,21.1701647594335,20.284252186777294,9.484953863431022,295.3945326117516,22.552293374768762,72.57532939710003,58.23430873079111,-948.3463768648521,1378.9766110410046
2025-09-05 21:24:16.796750,10.391525299613178,130.3567503889011,205.1148072864938,19.223509937165062,19.052983815730325,8.10102021249592,296.81063785694147,21.621317069972008,72.00134407697743,58.29086120254466,-948.5543383136824,1379.0949838798588
2025-09-05 21:24:16.799500,3.7083967674715814,135.01438164617753,208.0395229911734,17.104550597466638,17.675201082605202,6.564728465682856,298.4409631150323,20.46055549123359,71.48566124417883,58.345308238465165,-948.7692298969159,1379.2954576834163
2025-09-05 21:24:16.805000,-3.4640092779517735,139.65440243897623,211.01180053240066,14.864927054917654,16.17188644937454,4.901201632736211,300.0857498836234,19.1081705970033,71.03744952368811,58.398451763178414,-948.983178879654,1379.5527533975728
2025-09-05 21:24:16.805500,-10.895281095457817,144.02787481667806,213.82398122942416,12.567162305889035,14.572136295400488,3.1439035435738107,301.54274836185107,17.61155292360116,70.66428535973475,58.451006928237305,-949.1876809701133,1379.836906602658
2025-09-05 21:24:16.806000,-18.341579204873735,147.90808135075062,216.2878000023372,10.277963014568172,12.910285502183088,1.3318876241117816,302.63164148760103,16.02267280591232,70.37195377208619,58.503558387902686,-949.3739721384153,1380.115134749558
2025-09-05 21:24:16.806500,-25.572513507143878,151.11295534835253,218.25577689897653,8.060462455507972,11.221983877517536,-0.4938347893229036,303.21482404699185,14.392670634762124,70.16433163767744,58.556551218054565,-949.5334611822207,1380.3535878142147
2025-09-05 21:24:16.807000,-32.39423538223124,153.51732275531342,219.632529920979,5.967403081895505,9.54024605883737,-2.294039228990585,303.2073927975606,12.766994673475077,70.0433154871925,58.61033400326586,-949.6581901938163,1380.5189345237895
2025-09-05 21:24:16.807500,-38.66205411436395,155.05159096358753,220.37216318299375,4.037212132346485,7.892601031650194,-4.034205474437105,302.57288244620196,11.182351866566096,70.00881166315713,58.66520371341831,-949.7412989932906,1380.5797505430546
2025-09-05 21:24:16.808000,-44.27981083075902,155.68889946442133,220.46392231017515,2.293871582331607,6.300051341296592,-5.685902735673046,301.30795867664057,9.666059942222383,70.05884714525018,58.72140283537205,-949.7774366664167,1380.5076873577682
2025-09-05 21:24:16.809000,-49.188214760491604,155.42697515675957,219.91305686675543,0.7501275614542992,4.777912022921898,-7.226466800892161,299.4235396322725,8.237643252025725,70.18979497731746,58.779103937102704,-949.7630798538803,1380.2784111714118
2025-09-05 21:24:16.813375,-53.347636382060465,154.27176846670952,218.7244577264101,-0.5873979774169862,3.3380095483342926,-8.637368993143058,296.92925974591014,6.911916675572548,70.39662245977584,58.838429332103104,-949.6967345041651,1379.872310061971
2025-09-05 21:24:16.817750,-56.72220518347214,152.22798425077292,216.89407587666713,-1.713208592128241,1.9912341316483737,-9.902144486220054,293.8254664896084,5.702229817606348,70.6730783718612,58.899486049217685,-949.5789928734491,1379.275066218438
2025-09-05 21:24:16.822125,-59.27037844394903,149.2965547736506,214.40769384980496,-2.6198097120740225,0.7493392593838981,-11.00486838049813,290.1021909794477,4.622540352890742,71.01180183489898,58.96236071305022,-949.4124237709391,1378.4784278272282
2025-09-05 21:24:16.826500,-60.941871472829625,145.47434376366203,211.24175093870028,-3.296705587833471,-0.3744222729151912,-11.929621878216345,285.7397339620216,3.6880301318590156,71.4044008973718,59.02704252568231,-949.2013085964919,1377.4813625711713
2025-09-05 21:24:16.830875,-61.67704048819136,140.7534418813601,207.36329949326472,-3.7303383594695534,-1.365256654827251,-12.660516345256775,280.70794668133436,2.9150438173874473,71.84159254497442,59.093294991807326,-948.9512826490945,1376.2909290039124
2025-09-05 21:24:16.835250,-61.407265042958606,135.12324863736765,202.73272207313786,-3.904245305975457,-2.2067779638941447,-13.18171377206909,274.968260489719,2.32085288616063,72.31344851853235,59.16054778368094,-948.6689589672649,1374.9218124182662
2025-09-05 21:24:16.844000,-60.05926240807549,128.57908576995098,197.3136982168289,-3.8001167362589743,-2.8811712995951964,-13.477586097742451,268.483302698823,1.9228026644995793,72.80967964638089,59.22788517131589,-948.3615763541553,1373.394416665833
2025-09-05 21:24:16.846500,-57.5661931288949,121.13660031366184,191.08987589331025,-3.400687711818715,-3.3701951963088117,-13.533567219956819,261.23358957808506,1.7362930780012524,73.31989519204635,59.29413666155126,-948.036666150641,1371.7327558648985
2025-09-05 21:24:16.849000,-53.884908154921995,112.84781708797419,184.08348560537476,-2.6944905031233652,-3.6573003156078,-13.337973385778664,253.23629210978834,1.771640870586083,73.83386516165695,59.35800204640027,-947.7017443956231,1369.963513409185
2025-09-05 21:24:16.851500,-49.01526091672938,103.8135133430204,176.36959630637895,-1.6814392227659878,-3.730569025150934,-12.884556136030747,244.55926514584291,2.0304805015297003,74.34179903787907,59.418157008176976,-947.3640887371416,1368.1161360377755
2025-09-05 21:24:16.854000,-43.015050229463306,94.18634349274217,168.07979975574352,-0.37739080115855334,-3.5856422387302533,-12.175062472784726,235.32393269359477,2.502879235115137,74.83459956926836,59.4733370350895,-947.0306561070371,1366.2228815613416
2025-09-05 21:24:16.856500,-36.00433921641609,84.16154278119147,159.39226142006913,1.1842388512777025,-3.227567958282391,-11.220835486805731,225.69450171711708,3.1663464579882468,75.30407579131796,59.52240898406647,-946.7081051826929,1364.318500203205
2025-09-05 21:24:16.859000,-28.156716568301785,73.95732296192237,150.51102762155685,2.954646401645474,-2.670858108676887,-10.042765474747396,215.85712777864705,3.987159473368031,75.74311846429205,59.564429183156065,-946.4028083815499,1362.4395577196374
2025-09-05 21:24:16.864000,-19.679991044013875,63.79122280821133,141.64168900286222,4.875004123815872,-1.9377049658926209,-8.669518975617677,205.99637030280135,4.9236579858238425,76.14582885172959,59.59869477681853,-946.1207883270313,1360.622890399979
2025-09-05 21:24:16.864625,-10.791983230316205,53.859543513563366,132.9707868546501,6.883482786465637,-1.0548577980479945,-7.134518133064205,196.27612355276403,5.930829286689284,76.50760926759358,59.6248094151578,-945.8676255253731,1358.9029524233601
2025-09-05 21:24:16.865250,-1.69872002243086,44.32588868312185,124.65474070319232,8.921849965285704,-0.0501210966742191,-5.47252886385061,186.83054336036662,6.965094350349044,76.82522309783326,59.642761688335995,-945.6483901780775,1357.308658665639
2025-09-05 21:24:16.865875,7.417500805418674,35.321972283671265,116.8213153600005,10.939373031348367,1.05021795231612,-3.716980685557184,177.76760345437305,7.98769756382679,77.09678984141436,59.65297460767941,-945.467566599053,1355.860911498965
2025-09-05 21:24:16.866500,16.396345615420156,26.958818344482633,109.58174751839204,12.892721828462355,2.222043353670172,-1.89895914582862,169.18279247214932,8.965479011750011,77.32169444876564,59.65629251227362,-945.3289164551377,1354.571816654472
2025-09-05 21:24:16.867125,25.087502397457566,19.34110828689469,103.045919481924,14.742718463856185,3.4422680092902405,-0.047937107995526834,161.17484956749504,9.869315005156077,77.5004713058384,59.653911532766855,-945.2352807051459,1353.4454696182247
2025-09-05 21:24:16.867750,33.33778047328698,12.575535345601741,97.33079738156086,16.45051633139165,4.6870263554775615,1.8067062867073813,153.85379307929645,10.671888595915,77.6347344600579,59.6472921831472,-945.1883620666566,1352.4794755172497
2025-09-05 21:24:16.869000,40.98598942896633,6.767914146727518,92.55670674639674,17.975750946755603,5.930499192319321,3.634677532025958,147.33640479453348,11.34658208777457,77.72713125977094,59.63809758503176,-945.1885464397061,1351.6667881479261
2025-09-05 21:24:16.879375,47.86913484764312,2.010608822391511,88.83351977285196,19.277789828865604,7.145157722514681,5.4051118094779005,141.73189200369384,11.868379976582549,77.78124696371742,59.62814475605707,-945.2348003795379,1350.997657235418
2025-09-05 21:24:16.889750,53.83752288642031,-1.633831358964517,86.24331127270332,20.31954211953731,8.303434028408802,7.0882535888027824,137.12449015653485,12.21646713904539,77.80144254200283,59.61932182820182,-945.3246461358937,1350.461341667957
2025-09-05 21:24:16.900125,58.772470389597665,-4.146902118784529,84.82582023556837,21.07217198868141,9.380158155140986,8.657722331923596,133.55923145333784,12.37732165332843,77.79264753771312,59.61349039753382,-945.4542536710729,1350.0481940325328
2025-09-05 21:24:16.910500,62.60087269245683,-5.562801186764868,84.57025974254724,21.519174396948323,10.355030011999155,10.092553420145006,131.0343503367645,12.347188572855824,77.76012253418267,59.612438595538876,-945.6187171870661,1349.7529937970248
2025-09-05 21:24:16.920875,65.30488353965917,-5.970362919772674,85.41437094731161,21.659331200815295,11.214818398347619,11.378801202413094,129.50117673950092,12.1336639807252,77.70922476814098,59.617890110913905,-945.8124671678756,1349.577939913921
2025-09-05 21:24:16.931250,66.92644311791909,-5.507332566767613,87.25113954886719,21.50838719887708,11.955082983014885,12.510771503580413,128.87168804582006,11.756373707766812,77.64522569901044,59.63150244302024,-946.0296274669906,1349.5324615321724
2025-09-05 21:24:16.952000,67.56439652558048,-4.346180063549071,89.94349671601525,21.098628624494072,12.580898477830669,13.491579266667287,129.03359064161268,11.246247166838197,77.57318208391303,59.65480736151794,-946.2641794946151,1349.6298442389552
2025-09-05 21:24:16.957000,67.36210668447787,-2.6731445657502113,93.3450776042279,20.475582953397794,13.106063929886979,14.33252421085942,129.87069707868307,10.642880693863665,77.49781314335542,59.68912747553837,-946.5100081826683,1349.883139977409
2025-09-05 21:24:16.962000,66.48728194173137,-0.6650982996877479,97.32262967169551,19.692240330565372,13.55081751262678,15.051191443466616,131.28429576114982,9.990242681692482,77.42335339046255,59.73552318188034,-946.7609900584595,1350.302021134702
2025-09-05 21:24:16.967000,65.10986944615215,1.5303015522732457,101.77519912403345,18.802510548003873,13.938781342370216,15.668884841264472,133.21100739800093,9.331849749134506,77.35339131460867,59.79477278935785,-947.0111624098596,1350.8907711152306
2025-09-05 21:24:16.972000,63.383917725188205,3.8075028323599045,106.64677554855596,17.855746207832535,14.294043505296468,16.208205249438134,135.63405416151355,8.706654340786931,77.29072363198603,59.867361227532896,-947.25490891294,1351.6472885568064
2025-09-05 21:24:16.977000,61.43483309347004,6.108245809392039,111.93111695873091,16.892858434510394,14.638655778318045,16.69098316217371,138.58655876220246,8.146035689341792,77.23727481114543,59.95346578104149,-947.4871117786342,1352.5632388268414
2025-09-05 21:24:16.982000,59.35158252753086,8.418737308952565,117.66763513962566,15.943892615800035,14.990489284260015,17.136466516228793,142.14560395164423,7.671850287885468,77.1941283422656,60.05295358980506,-947.7032908450195,1353.6253522553843
2025-09-05 21:24:16.992000,57.1861467525074,10.757920844374315,123.92739880006498,15.027680024179316,15.3619168070063,17.560169949314766,146.416393803211,7.29597985841666,77.16165091856936,60.16542671397405,-947.899777236355,1354.8169497185836
2025-09-05 21:24:16.994625,54.96267581116702,13.158597506828414,130.7915601055585,14.154298486170724,15.760000276719365,17.973989969279575,151.50932802118493,7.021891942460862,77.13963554707681,60.29032918305813,-948.0738809475456,1356.1182634911156
2025-09-05 21:24:16.997250,52.69443572842425,15.646674639192856,138.32803072722706,13.329875268116046,16.188175647784806,18.38758658852213,157.51600182020812,6.847943341704696,77.12740295071033,60.42708084370109,-948.2239561064151,1357.5052898025742
2025-09-05 21:24:16.999875,50.402663764000444,18.22425450284413,146.572753354912,12.562101635627492,16.648639150996555,18.810352363288533,164.49034168932994,6.771354615531553,77.12382415570765,60.57517949386424,-948.3493678365475,1358.948689047521
2025-09-05 21:24:17.002500,48.13185854604402,20.859897895777156,155.5194354540929,11.864881272619039,17.144570539041307,19.25324141740581,172.4386416881351,6.791763807564239,77.12725861633774,60.73423278334708,-948.450448661861,1360.4145273011545
2025-09-05 21:24:17.005125,45.95989327245305,23.486676677169466,165.11813074821833,11.261581538861364,17.68191743453024,19.730245157364507,181.3189588246429,6.9139205887746416,77.1354876657453,60.90392480935829,-948.5284718932251,1361.8671174631272
2025-09-05 21:24:17.007750,44.00276097226489,26.008030908517572,175.28197847436593,10.786758684409492,18.270733924008642,20.259512310003743,191.04913951448393,7.149341776819104,77.14575674264225,61.08394873191044,-948.5855647347604,1363.2725638079064
2025-09-05 21:24:17.013000,42.41173669326898,28.311571033430372,185.9018366308042,10.485691822894255,18.92570410024806,20.863753951824982,201.52276592729763,7.516450951040122,77.15493280275321,61.2739286100004,-948.624492786028,1364.6013040926564
2025-09-05 21:24:17.013750,41.36087202584221,30.288985558631314,196.86685718294876,10.411086471535334,19.665315574217622,21.569409120473757,212.63052449334685,8.038778640904217,77.15967530179542,61.47334690391004,-948.6483884060954,1365.828983481916
2025-09-05 21:24:17.014500,41.02645090237552,31.85777797469935,208.0867385219221,10.617310304114413,20.509613790433214,22.40448716053393,224.28259755045505,8.741407118001533,77.15654682169203,61.6815027917704,-948.6605511026897,1366.936359460372
2025-09-05 21:24:17.015250,41.56393417020221,32.98012660748727,219.511237119409,11.153698324387609,21.47722821464961,23.39569891244452,236.42788225892616,9.646649045743164,77.14208305819788,61.89751260039485,-948.6643216854105,1367.9092083970954
2025-09-05 21:24:17.016000,43.088100917988484,33.67564031852356,231.14394776789732,12.058638411744301,22.582605495293375,24.565685639327103,249.06722608635638,10.770193488302755,77.11286573097406,62.120332192656306,-948.6629469080365,1368.7384793581923
2025-09-05 21:24:17.016750,45.65840217371225,34.026465465168435,243.0483517352352,13.355044571298636,23.833763861537378,25.93062495238793,262.258657589796,12.118204270568665,77.0655937031482,62.34877683739866,-948.6594240035997,1369.4206424394524
2025-09-05 21:24:17.017500,49.270120699222545,34.17314577962598,255.34369169189807,15.047333352495805,25.23051663799875,27.498199002867036,276.112206440371,13.685407701389662,76.99712879028804,62.581534658207644,-948.6564029847463,1369.958082891173
2025-09-05 21:24:17.019000,53.854167098441714,34.29988157399405,268.18912623977155,17.12076306581025,26.763592528241624,29.266329513358535,290.77314352511263,15.454692508000086,76.90452850015124,62.817184554155844,-948.6561969692107,1370.3588862492752
2025-09-05 21:24:17.022375,59.28787804271664,34.61122897430977,281.75884685152045,19.54397603913369,28.415296931948475,31.22332262474982,306.39679592542683,17.398827449482063,76.78510681798628,63.05422937853384,-948.6608342084271,1370.6355534643853
2025-09-05 21:24:17.025750,65.4145487704952,35.30591691861034,296.2145426036031,22.274192843113656,30.161713841486257,33.34951934632919,323.1214148949637,19.48404485053689,76.63655316847563,63.29114835647748,-948.6720478386152,1370.8033591938038
2025-09-05 21:24:17.029125,72.06514751103792,36.55373972594998,311.6814705134418,25.26316899879379,31.97561835948372,35.619727174808986,341.04510557224,21.67430259145042,76.45709970154583,63.526452179364995,-948.6912069206907,1370.8794847067002
2025-09-05 21:24:17.032500,79.07615195719735,38.47904307916542,328.2317012942452,28.46215269439568,33.829176737046986,38.00556604568039,360.21016362918056,23.934996849010247,76.24568900977006,63.75870104298933,-948.719275012572,1370.8830397957136
2025-09-05 21:24:17.035875,86.30224231291743,41.151876990069795,345.87563001622397,31.825494211607882,35.69622563030344,40.47751428050405,380.595871662955,26.23574255845668,76.00209383062294,63.98646323360653,-948.7568309209039,1370.8351528791482
2025-09-05 21:24:17.039250,93.62461951881055,44.587577260110585,364.5624793888994,35.3131330122127,37.55426468104273,43.00677328942483,402.1204541728705,28.552235327101133,75.72697258842516,64.20822948347934,-948.8041089573915,1370.7584188059755
2025-09-05 21:24:17.046000,100.95313136297248,48.755649371060606,384.1904816622647,38.89141305348024,39.3858081939226,45.56665838482123,424.65254943042976,30.866808093851866,75.42187831500816,64.42232574829292,-948.8610044389335,1370.6758560784665
2025-09-05 21:24:17.051125,108.21977016807222,53.59662135409072,404.6251012983899,42.53148434475562,41.17845890693625,48.1329845984077,448.0300804505996,33.167234649039585,75.08924177214975,64.62688829308401,-948.9270230965475,1370.6103382403498
2025-09-05 21:24:17.056250,115.36466169576742,59.042574595727075,425.72076152571975,46.20556469636219,42.923542134666114,50.683319631125755,472.08188971919895,35.44396491566605,74.73232750862044,64.81992858923955,-949.0012047115498,1370.5848039648572
2025-09-05 21:24:17.061375,122.31967301404119,65.03595626020986,447.34052027587745,49.88251941034833,44.61391380032747,53.195603975860784,496.6469491521134,37.68677514554776,74.35517793400857,64.9994423259957,-949.0820905011726,1370.6220064202807
2025-09-05 21:24:17.066500,128.99503713719656,71.54271019092714,469.3696445649803,53.52432441766664,46.24181563116041,55.64679369772688,521.5874372167763,39.88193682031916,73.96257406934478,65.16351202093544,-949.1677856566309,1370.7427828005593
2025-09-05 21:24:17.071625,135.27070530654964,78.55825439495774,491.72168307800285,57.08385718921779,47.79712737643137,58.01169106842798,546.7942529332032,42.01022429958149,73.55997229539271,65.31038920237968,-949.256099173199,1370.9636117600003
2025-09-05 21:24:17.076750,140.99265591103338,86.1053172635684,514.3362188751084,60.50398792889107,49.26604456281197,60.26194095757415,572.18403004756,44.04576103478075,73.15333891044891,65.43854934151626,-949.3446798164425,1371.294941619226
2025-09-05 21:24:17.087000,145.976712371919,94.22253794913176,537.1673784972543,63.71870051826275,50.630581220548166,62.36564938961289,597.6869947465374,45.956265474121544,72.7488834133451,65.54671376004451,-949.4310760625618,1371.7409164835663
2025-09-05 21:24:17.087000,150.02217829411524,102.94566880441037,560.1651465634192,66.65700577516381,51.869430539297504,64.28822870433716,623.2281913107022,47.7052690720259,72.35277547784912,65.63384842599113,-949.5127368856347,1372.3001580104137
2025-09-05 21:24:17.087000,152.9328115154527,112.28754062211542,583.2560192115207,69.24905402639226,52.960117783975804,65.99447317354026,648.7087741699478,49.2559043508502,71.97092766200889,65.69915750800008,-949.5870372729345,1372.9666625335685
2025-09-05 21:24:17.087000,154.5370850492209,122.22562200405234,606.3325654795648,71.432243516497,53.881550111354876,67.45107133670354,673.9967958037103,50.574714250478166,71.60885730159055,65.74207757218461,-949.6513652284464,1373.7299315793425
2025-09-05 21:24:17.087000,154.6985570573844,132.70363511228464,629.258891746728,73.15471048110322,54.61572360496715,68.62840641155468,698.93421270992,51.63365680654822,71.2715916375466,65.7622659819515,-949.7032166214951,1374.5748445568815
2025-09-05 21:24:17.087000,153.31405913319256,143.64413155369058,651.8880418699463,74.37537447274086,55.14794267815104,69.50099560439062,723.3556021059179,52.409797182397874,70.96358992058053,65.75957981085189,-949.7402594830995,1375.4824425646984
2025-09-05 21:24:17.087000,150.30659638457522,154.96067854643374,674.0781513600987,75.06229217178694,55.46600408459158,70.04695521495326,747.1048860609213,52.883999251040684,70.688668609849,65.73405084305797,-949.7604263081256,1376.431101790903
2025-09-05 21:24:17.087000,145.6221272551074,166.56085695749618,695.6975507828427,75.19189433001051,55.55943980803218,70.24757268508765,770.0404122591831,53.040409927223514,70.44993188340334,65.68587341362918,-949.7620680230891,1377.3968154036747
2025-09-05 21:24:17.093750,139.2347563382848,178.3399374131026,716.6189454382787,74.75049750911292,55.41974941828622,70.08789285318298,792.0291513165004,52.86764649302347,70.24974536722615,65.61542461107986,-949.7440672502559,1378.3528470840683
2025-09-05 21:24:17.100500,131.15878788491997,190.1705598532465,736.7085555084107,73.73766182582449,55.041811715030036,69.55837986530659,812.936052699362,52.36136503305657,70.08975176583947,65.5233191130044,-949.7058305466786,1379.2696175977762
2025-09-05 21:24:17.107250,121.46197668828273,201.89402415839618,755.8159360621643,72.16956607155649,54.42579379044887,68.65688616367991,832.6135537550717,51.526925137836315,69.97084638804729,65.41049224995969,-949.6472447044213,1380.1149913713343
2025-09-05 21:24:17.114000,110.27468512363322,213.31638951752106,773.7675758730942,70.08070532124032,53.578688803407445,67.39012401445818,850.8936288262723,50.38093047560446,69.8930705150817,65.27830947936364,-949.5687064376285,1380.8552204871721
2025-09-05 21:24:17.120750,97.79368333667439,224.21042444020247,790.3657085143394,67.52381004038305,52.51530064015475,65.77455167451129,867.5843715200181,48.95154748503743,69.85549276942145,65.12867173925774,-949.4712196083801,1381.4570148903977
2025-09-05 21:24:17.127500,84.2808592526581,234.32429737188073,805.3940491822773,64.5686028567874,51.258852910093616,63.836887660766,882.4741627810247,47.278012581344456,69.8561759139512,64.96404751579554,-949.3564994537794,1381.8904696952368
2025-09-05 21:24:17.141000,70.05485138283622,243.39783235163978,818.6318271035839,61.29911425261666,49.84090992254352,61.613970656652256,895.3452408827369,45.409092795728036,69.89227544115491,64.7873840762836,-949.2270146012846,1382.13166687811
2025-09-05 21:24:17.141000,55.47341384891468,251.1848815071977,829.8746868249233,57.80884075882194,48.30000928114898,59.15143548255132,905.9946677706984,43.400015347708035,69.96025754121732,64.60191752227728,-949.0858839490269,1382.1638314523807
2025-09-05 21:24:17.141000,40.90803689800463,257.4775877596704,838.9579849096829,54.19393392416949,46.67889404590226,56.50113681108046,914.2577209824351,41.30807961466464,70.05618067900886,64.41094923258275,-948.9366161897966,1381.9769755944371
2025-09-05 21:24:17.141000,26.716499757784224,262.12732996203954,845.7769524797704,50.54585429555535,45.021009301359236,53.717869826358104,920.0281436080959,39.18796106072294,70.17597526430785,64.21765905389238,-948.7827814905752,1381.5666517979007
2025-09-05 21:24:17.141000,13.219227357285883,265.05861879150035,850.2997008602447,46.94511207104224,43.36716258170162,50.85607565642885,923.271291645092,37.08775227459352,70.31567599091332,64.02499314725206,-948.6277204622736,1380.9326505039999
2025-09-05 21:24:17.141000,0.6812484302909924,266.2747460582378,852.5717739679839,43.456611776146026,41.75267344680566,47.966796561201484,924.0286994209313,35.04602665232798,70.4715922074939,63.83562028083689,-948.474362898233,1380.0790053111969
2025-09-05 21:24:17.141000,-10.70011116299048,265.85437318350165,852.7115550444066,40.12662999802025,40.20502538551433,45.09497098171353,922.4131268995573,33.08988959548907,70.64042848592757,63.651926539915294,-948.3251743758675,1379.0160607545204
2025-09-05 21:24:17.141000,-20.79909181747924,263.9378369655082,850.8954921920883,36.98216836857992,38.7425295868836,42.27757851984212,918.5933602399776,31.23447467206873,70.81936258252347,63.47602098804673,-948.1821974557099,1377.763157100385
2025-09-05 21:24:17.144250,-29.554215306448622,260.7047217324973,847.3348944496097,34.033438493302384,37.374684449600025,39.54329172877823,912.7712198587773,29.484420304484125,71.00606043044723,63.30972989671464,-948.0471489404164,1376.349745943622
2025-09-05 21:24:17.147500,-36.95165545540155,256.34805199272324,842.2498258428835,31.27898579723591,36.10417488628352,36.9136533893316,905.1564567410455,27.837099139799133,71.19860686851071,63.15456939197399,-947.9215393494782,1374.8143834588172
2025-09-05 21:24:17.150750,-43.005329095081876,251.05112852251474,835.8460232751047,28.71172436353449,34.92960212716952,34.4049633755121,895.9449132548056,26.28649893138667,71.39536704298271,63.01170799036062,-947.8067831843598,1373.202238663558
2025-09-05 21:24:17.154000,-47.73951646733339,244.9706695721636,828.2982238370228,26.324203680391214,33.84799855364338,32.02998980843202,885.3029095640313,24.82659302195459,71.59483739886431,62.88192918467438,-947.7042711209613,1371.5617456547798
2025-09-05 21:24:17.157250,-51.17575128283116,238.22740763867887,819.7411101825126,24.112621614574614,32.85690712685619,29.7993836834973,873.3592530542282,23.453880060974935,71.79556292147075,62.76560266900587,-947.6153652449136,1369.9413513373265
2025-09-05 21:24:17.160500,-53.324027183502054,230.90493441265542,810.2690646348743,22.079572722677995,31.9561285441143,27.723040843465075,860.2063468951663,22.16915944919272,71.99616339959755,62.66269244805848,-947.5413173094702,1368.3873505359452
2025-09-05 21:24:17.167000,-54.1805187642196,223.05763775665315,799.9456788265802,20.23484692728074,31.14877418107893,25.81114254026302,845.9109313152522,20.978104437556148,72.19544988014567,62.572819955960156,-947.4831995936414,1366.9426445599875
2025-09-05 21:24:17.170250,-53.73426107220573,214.72637276683835,788.8211208318195,18.593513126798232,30.441026636562782,24.07423609782474,830.5317241022552,19.890061599712233,72.39256821423456,62.49536335789894,-947.4419276735732,1365.6456239318559
2025-09-05 21:24:17.173500,-51.981619281119634,205.95761871639436,776.9522648297904,17.171566453732055,29.840525524199748,22.52207769711743,814.138736420763,18.91521151089022,72.5870873726497,62.42955754105516,-947.4183181944497,1364.529130915762
2025-09-05 21:24:17.176750,-48.94329810001531,196.82078150737513,764.4196877003573,15.980588258437397,29.35408378205275,21.161663893713666,796.8290485476443,18.06109825174646,72.77897348828384,62.37456711567792,-947.4130625787922,1363.620029767485
2025-09-05 21:24:17.180000,-44.67839099429901,187.4197390555302,751.3376997606749,15.023021266386156,28.98562644697528,19.99515052635168,778.7357044131783,17.329648845114132,72.9684610321975,62.329527750144976,-947.426588246817,1362.9394066098557
2025-09-05 21:24:17.183250,-39.293840771669494,177.8972519251961,737.8566260543572,14.288654081383184,28.73456003958482,19.017952849467378,760.0289223784082,16.71501966665505,73.15588025392114,62.293570651092395,-947.458878283673,1362.5028189371878
2025-09-05 21:24:17.186500,-32.949150663017335,168.4312681424353,724.1571253200572,13.752471138146047,28.59440674001438,18.21718504427761,740.9093473958277,16.202292169498573,73.34148773310852,62.2658406490187,-947.5093271105488,1362.3203173269285
2025-09-05 21:24:17.193000,-25.85356045205095,159.22182596170637,710.4358080232536,13.374737457349129,28.552086190107172,17.57103622778092,721.5927020721807,15.767577881033434,73.52533131735635,62.245493463282756,-947.5766548978849,1362.3962688152897
2025-09-05 21:24:17.200500,-18.252974126354886,150.4701336760166,696.8838813587578,13.10419110773549,28.588541644776083,17.049676930925955,702.2877307766662,15.380096962041115,73.70718101614,62.231647619463004,-947.6588750462344,1362.7287498142769
2025-09-05 21:24:17.208000,-10.408573061485653,142.355179542638,683.6638750617891,12.883842363185218,28.680779979168783,16.61757322471055,683.1726682508541,15.005902749149891,73.88652885616804,62.22331100356941,-947.7533294927937,1363.3086818484453
2025-09-05 21:24:17.215500,-2.5734743265853974,135.01368967983365,670.889739910582,12.657485735769662,28.804502848090692,16.236398729226643,664.3755951826384,14.612080415777832,74.06262315371964,62.219360304978146,-947.8568076498218,1364.1196771066925
2025-09-05 21:24:17.223000,5.026580017211199,128.52679698902494,658.6135420793655,12.375123081993703,28.936374146623663,15.867754678477338,645.9617113429459,14.170319131069082,74.23450402244447,62.21862905083076,-947.9657432624598,1365.1391590822168
2025-09-05 21:24:17.230500,12.207090069282046,122.91439704675523,646.820296780086,11.996934053214773,29.05573576536212,15.475572958840939,627.9288068759232,13.659601186194628,74.40102317701616,62.22005885383412,-948.0764792664967,1366.3400077905653
2025-09-05 21:24:17.238000,18.83374548240347,118.13790728867932,635.4322398619198,11.49603365469439,29.14601289468784,15.028356954401584,610.2122605342864,13.068034119501265,74.56085139444991,62.22280873220821,-948.1855963982147,1367.6916547693454
2025-09-05 21:24:17.253000,24.824495947373098,114.11219671134681,624.3231920725713,10.8594295633498,29.19555245810015,14.50092365757283,592.7003125070686,12.393327219797737,74.71251391867344,62.22627077564151,-948.2903056274039,1369.1607136897392
2025-09-05 21:24:17.258000,30.14221621777483,110.72522251352284,613.3410412699247,10.086309089097755,29.19729800140937,13.87500493461842,575.2573748486269,11.641341391299767,74.85448261024271,62.230037648308965,-948.388836301238,1370.7117816314267
2025-09-05 21:24:17.263000,34.779034727164216,107.86086960487135,602.333386744828,9.183819674887395,29.147169599868885,13.138512244106174,557.7500306693684,10.822852323992366,74.98529498896795,62.23389167360442,-948.4806325376067,1372.3082469491028
2025-09-05 21:24:17.268000,38.73755096117277,105.41916255718857,591.1700111209699,8.161817870801967,29.04172145323819,12.28405107124034,540.0692626656942,9.949491391272181,75.10368502327447,62.23780513712977,-948.5662354092372,1373.912720032683
2025-09-05 21:24:17.273000,42.01448215921278,103.3296838747887,579.7575352623614,7.028242620016276,28.875820496353967,11.30747693948479,522.1443927246486,9.029992801501276,75.20874780564526,62.24187581220413,-948.646959268232,1375.487327556787
2025-09-05 21:24:17.278000,44.58845736112296,101.5573819950702,568.0454852833508,5.785606723228635,28.64065696116413,10.206600833148963,503.9481243341084,8.067242176694116,75.30009892121086,62.246175255187794,-948.7245592234522,1376.9942143462322
2025-09-05 21:24:17.283000,46.41217703485365,100.10070706802674,556.0242190359048,4.428606125887474,28.322226689589034,8.979813324115131,485.4932873813961,7.056348392151617,75.37794779286759,62.25056970778873,-948.800975380749,1378.3962680575078
2025-09-05 21:24:17.293000,47.41176891901877,98.98105396435614,543.71413180449,2.943660397474991,27.900804969020168,7.625004639829693,466.82100611230175,5.984395364725496,75.44308918580046,62.25457994958818,-948.8781075997811,1379.6579607577887
2025-09-05 21:24:17.295500,47.49617050565103,98.22475473776748,531.1476213600533,1.3112763729315349,27.35201088615259,6.139495002011499,447.9821926012336,4.832441016249721,75.49690688408009,62.25731517565306,-948.9575716009101,1380.7462222177546
2025-09-05 21:24:17.298000,46.574789288711635,97.8426674661991,518.3489572625491,-0.48914850312012753,26.64940984567283,4.5211513741925975,429.0176140800287,3.5793407507569386,75.54144876792779,62.25750698477883,-949.0405036769803,1381.6311870329773
2025-09-05 21:24:17.300500,44.577386335536026,97.8131215408481,505.3177340035268,-2.4737184816862805,25.76775976971895,2.770145372108197,409.94174128636547,2.206011892242517,75.57952238904718,62.25366500804428,-949.127519365443,1382.2865334162625
2025-09-05 21:24:17.303000,41.470495145248464,98.07154664528095,492.0190740905566,-4.649243355466872,24.685886729820023,0.8906671835965143,390.73303753994315,0.698876552299221,75.61471267309452,62.24431981777791,-949.2188017827206,1382.689352497755
2025-09-05 21:24:17.305500,37.26888295360538,98.50752741697586,478.38125077943045,-7.009741311447063,23.38891387041596,-1.107606087125718,371.33152730100454,-0.94771832175004,75.65125314989291,62.22825358809682,-949.3141795951154,1382.8198188874849
2025-09-05 21:24:17.308000,32.04220835711749,98.96966651269807,464.3011557143618,-9.534285767570134,21.869973067957353,-3.208284544603702,351.64462059846284,-2.729901011093792,75.69373933231316,62.2046481502869,-949.4131292142122,1382.6609418852586
2025-09-05 21:24:17.313000,25.91466120229075,99.27893618636642,449.6582633431736,-12.186905566908255,20.13111693555388,-5.387697886055876,331.5618640887389,-4.633898603047371,75.7467475219124,62.17315748145843,-949.5147872277852,1382.1988418870487
2025-09-05 21:24:17.316875,19.054970742986946,99.24931161750622,434.335625353568,-14.919319154673156,18.182918498431228,-7.615594765713677,310.9765950115191,-6.637498240036108,75.81447166027738,62.133918034015,-949.6180140522813,1381.4238776805805
2025-09-05 21:24:17.320750,11.657887482352548,98.71154935464854,418.24345370268185,-17.676207105798884,16.04270610885406,-9.857228821940176,289.80968855224546,-8.713262906534053,75.90047350680564,62.0874783200146,-949.721393576793,1380.332200937528
2025-09-05 21:24:17.324625,3.9225138099417687,97.5346858719896,401.33973681869657,-20.401475471694905,13.732085830918935,-12.076193375418457,268.0299580395254,-10.832478714671629,76.00756221093508,62.0346512098083,-949.8231098484804,1378.927049559783
2025-09-05 21:24:17.328500,-3.966899130881231,95.64126065167058,383.64385991677767,-23.043832287520257,11.274576497527697,-14.237152513973964,245.66740522639662,-12.968627891337864,76.13774681271889,61.97634408087224,-949.9208031823841,1377.219070552128
2025-09-05 21:24:17.332375,-11.85609542069271,93.01485655481764,365.24181832934073,-25.561189429154194,8.693565843211786,-16.30823070926021,222.817870357363,-15.100005032079245,76.29221861954619,61.91342791358035,-950.0115112701533,1375.225197605735
2025-09-05 21:24:17.336250,-19.631795942765898,89.69894563514781,346.28217649668915,-27.923912676107978,6.010468103079012,-18.263177500461417,199.63805504414694,-17.211510351219268,76.47136760083188,61.846665233315676,-950.0917054518355,1372.966904593245
2025-09-05 21:24:17.344000,-27.225526684678563,85.78554951703904,326.9616738403692,-30.116097344912465,3.2434868604711116,-20.08293596843982,176.33004907035968,-19.295132641769037,76.67482479126409,61.77669432978014,-950.1573445164312,1370.469328302881
2025-09-05 21:24:17.344375,-34.60709168973868,81.39500983969597,307.50213728297825,-32.133901381705705,0.407665401039569,-21.75596098291169,153.1176669167384,-21.34855578933525,76.90148828221464,61.704078232618556,-950.203864337213,1367.7615942076145
2025-09-05 21:24:17.344750,-41.76911734813145,76.65228172031402,288.12418951193115,-33.98125975954018,-2.483676142289806,-23.277155584072766,130.22036628372695,-23.372133409737373,77.14951487178016,61.62940542784618,-950.2261544198496,1364.8773592896896
2025-09-05 21:24:17.345125,-48.70858343610724,71.66608324363807,269.0239549593356,-35.66466273343249,-5.4167903017422026,-24.646027965092436,107.83058941316415,-25.36530596952968,77.4163052368524,61.553383303259906,-950.2186739364548,1361.854737428912
2025-09-05 21:24:17.345500,-55.411035440385525,66.51463770837749,250.35649886648744,-37.18869811078128,-8.375438359861514,-25.864808206766803,86.09788417578547,-27.323543391467844,77.6985088864171,61.476877874707995,-950.1757822156326,1358.735761095406
2025-09-05 21:24:17.345875,-61.83906242259617,61.238740023175815,232.22712719997222,-38.55281289359361,-11.339165012253133,-26.93669346369122,65.120989730676,-29.23611728690618,77.99206905057244,61.400915322103785,-950.0922141829762,1355.5656041409584
2025-09-05 21:24:17.346250,-67.92502036570708,55.842449240503306,214.69138457320744,-39.74915886669122,-14.281921257162507,-27.864099792890542,44.948893241298556,-31.084687538905587,78.29233887176147,61.32669353699224,-949.9635603930149,1352.3913651514185
2025-09-05 21:24:17.347000,-73.5703090790286,50.30226361043721,197.76469048692329,-40.76208674091294,-17.171477362046705,-28.647277504082446,25.59154989147541,-32.84316956864652,78.59428266706831,61.25562020168569,-949.7866396154552,1349.2604193739007
2025-09-05 21:24:17.354000,-78.65384596728734,44.58374267514679,181.44011083154174,-41.57013582837635,-19.97026254011289,-29.28399241476168,7.03824174781541,-34.479446173276266,78.89274990349017,61.18933807346603,-949.559736347083,1346.2186670723231
2025-09-05 21:24:17.361000,-83.04918868839837,38.661529542507026,165.7096192600172,-42.1505473514837,-22.637814320333536,-29.770636243871305,-10.721296853326828,-35.95888887262436,79.18278580404075,61.12969451651925,-949.28274228797,1343.309367934361
2025-09-05 21:24:17.368000,-86.64627725697677,32.53712604873714,150.58280275614555,-42.485248370770144,-25.134400546900576,-30.104512463139717,-27.678980926049693,-37.24894758040676,79.45989258149623,61.07866245389057,-948.9572465539027,1340.57323840149
2025-09-05 21:24:17.375000,-89.37127550104118,26.248532603270117,136.0969873450451,-42.56644248708306,-27.42488731319729,-30.286509287615313,-43.79961248553411,-38.32352592148776,79.72014355393148,61.03824594214824,-948.5865757472088,1338.0495934772998
2025-09-05 21:24:17.382000,-91.19761356228989,19.867846247834454,122.3149843900833,-42.39978990664148,-29.48171111864133,-30.323115468121433,-59.02457558664189,-39.16581624063105,79.96013101471827,61.010382071287026,-948.1757577531972,1335.77766209551
2025-09-05 21:24:17.389000,-92.14459007221411,13.487690703580158,109.31158134562533,-42.004027028591324,-31.286112124091023,-30.226968293090774,-73.28608412927123,-39.768935338761324,80.17680882963437,60.99683224905097,-947.7314100450326,1333.7966753249566
2025-09-05 21:24:17.403000,-92.26495940781584,7.201952291782446,97.15444371682325,-41.40729716472063,-32.827485811566355,-30.015727656958642,-86.52597827350024,-40.13453835795306,80.36730938771561,60.99906343488324,-947.2615668173908,1332.1433881944558
2025-09-05 21:24:17.418375,-91.62651433851113,1.087970437405125,85.88672871033162,-40.64155081387595,-34.101353105479674,-29.709647387020944,-98.71207754669207,-40.27007186699146,80.5288134172846,61.0181319505982,-946.7754389835909,1330.8481493883746
2025-09-05 21:24:17.433750,-90.29450566596712,-4.803380820580673,75.51808585510867,-39.73696255468886,-35.106854305765815,-29.328621796093863,-109.84588591258515,-40.18565728505806,80.65853675377795,61.0545949334758,-946.2831209641266,1329.9325726228035
2025-09-05 21:24:17.449125,-88.32229787288635,-10.445766158153694,66.02811798032286,-38.718548310864136,-35.84491858686899,-28.889777498545136,-119.95801589121339,-39.891933798143064,80.7538400121404,61.10848590502634,-945.795296145805,1329.4098271351213
2025-09-05 21:24:17.464500,-85.75469425449916,-15.824610929308998,57.38109064507668,-37.60645775419776,-36.318064925443444,-28.406579591823228,-129.09299118313552,-39.39998006650617,80.81238286364722,61.17936471925303,-945.3229703579782,1329.2858017528924
2025-09-05 21:24:17.479875,-82.6414073338549,-20.920329646909018,49.544548193603966,-36.41944896538666,-36.53187538501853,-27.889661444335953,-137.29105087672326,-38.72323779903078,80.83221820405004,61.26639690708417,-944.8772104957103,1329.559600127377
2025-09-05 21:24:17.495250,-79.05219993665955,-25.696851545667464,42.502012663612526,-35.17917309668984,-36.49714141303966,-27.348651419080433,-144.57666786476082,-37.87999629266619,80.81180899028999,61.36839989616006,-944.4688557638802,1330.2232662169408
2025-09-05 21:24:17.526000,-75.08485036403178,-30.101455675803965,36.253599694764155,-33.91265994189764,-36.231341996307165,-26.793849190866172,-150.95934249620223,-36.894690238002305,80.7500364779307,61.48383188573952,-944.1081831419966,1331.2612025571916
2025-09-05 21:24:17.533625,-70.86155646752293,-34.07551351558288,30.805389037318534,-32.65165903541406,-35.75853503655277,-26.236823192196532,-156.44505937350505,-35.7970701461534,80.64624068899214,61.610757256660335,-943.8044956709388,1332.6497945823985
2025-09-05 21:24:17.541250,-66.51543312231051,-37.5706665995529,26.1534214872894,-31.429180887584216,-35.10759469291171,-25.689698450659098,-161.05222146219884,-34.61946981860133,80.50027850378507,61.74684823281741,-943.5656333017222,1334.3575622949584
2025-09-05 21:24:17.548875,-62.1732474492601,-40.563580240249316,22.268802367892235,-30.27486589535448,-34.309557923023206,-25.163719267679035,-164.82584445873897,-33.39327275747243,80.31258906016734,61.88944250638839,-943.397525431562,1336.3457350278786
2025-09-05 21:24:17.556500,-57.940276911804304,-43.06466949155693,19.087889334985867,-29.210827519874663,-33.39495586760992,-24.667851196177768,-167.84642145892388,-32.145694203750416,80.08426804103769,62.03563053734594,-943.3039462499843,1338.5688793558138
2025-09-05 21:24:17.564125,-53.88896380976183,-45.119859309235565,16.508887529638812,-28.248484194877676,-32.39140571263532,-24.20760200748684,-170.232293105675,-30.89725366224644,79.81712116619924,62.182365829226185,-943.2865178729447,1340.975526186855
2025-09-05 21:24:17.571750,-50.05140166500754,-46.805765496971205,14.395691184494424,-27.38643989042623,-31.321502976816372,-23.783952077252934,-172.13467895710906,-29.659992498842026,79.51364848103493,62.326604041876706,-943.3448882346883,1343.5093114090969
2025-09-05 21:24:17.587000,-46.41810610540822,-48.21803215087392,12.589898224833656,-26.610166392119822,-30.201480809744538,-23.392723197336036,-173.7245799149444,-28.436921832863575,79.17695358359475,62.46543824728163,-943.4769925479433,1346.111001156456
2025-09-05 21:24:17.594375,-42.9459096968736,-49.45371355973764,10.92974027387597,-25.894352829904083,-29.04126181650721,-23.02497573615486,-175.17308045032036,-27.22333054148566,78.81062153446129,62.59621418834014,-943.679334482297,1348.7211857915836
2025-09-05 21:24:17.601750,-39.574554695147995,-50.59116378718907,9.27176964057193,-25.207854102121477,-27.84609033081565,-22.66869090198752,-176.6293982916114,-26.010046897735393,78.41861049734243,62.71664828966378,-943.9472336733298,1351.283153829173
2025-09-05 21:24:17.609125,-36.24799222855845,-51.672542411024416,7.5097810799403595,-24.52014976015991,-26.61936202546778,-22.311479492160444,-178.202405258617,-24.78792621836627,78.00517375254617,62.8249240078956,-944.2749971484345,1353.7453179094255
2025-09-05 21:24:17.616500,-32.93389002297378,-52.69460331194507,5.585207101462705,-23.807475850261348,-25.365797443081817,-21.943583886992887,-179.95147120904934,-23.5521417678521,77.57480919721945,62.919714326472544,-944.6560245322776,1356.0624372501688
2025-09-05 21:24:17.623875,-29.634463630615237,-53.61182004112795,3.4850399389020787,-23.056617591200112,-24.093876695399818,-21.560200622056538,-181.89008792269755,-22.304848945586638,77.13222676414821,63.00013528538092,-945.0829055005526,1358.1952357413356
2025-09-05 21:24:17.631250,-26.38494499787922,-54.35123165607378,1.2281491812111067,-22.26523421017798,-22.816704820644,-21.162400303075156,-184.00057551316706,-21.05555970340313,76.68231484456852,63.065664793896204,-945.5475528147277,1360.109199752491
2025-09-05 21:24:17.646000,-23.241039536587476,-54.83355338157138,-1.1543702396445723,-21.43901021624042,-21.551088633320095,-20.75646003888105,-186.25388778400483,-19.81942537213238,76.23007813427432,63.11604880082105,-946.0413794556191,1361.7740372840608
2025-09-05 21:24:17.650875,-20.260419268222154,-54.993158291205745,-3.6375013365651045,-20.586926944258707,-20.31519972374633,-20.351901366718,-188.6274448569652,-18.614159725088147,75.78053773739589,63.15122051043976,-946.5555107669813,1363.1642306364665
2025-09-05 21:24:17.655750,-17.48527676965431,-54.79017318508557,-6.212663694653558,-19.71647563914295,-19.125678592650484,-19.958948827364875,-191.11471879923405,-17.45668906174045,75.33862144582761,63.17125426026708,-947.0809944326754,1364.2600401603158
2025-09-05 21:24:17.660625,-14.933511573665072,-54.21031805344969,-8.885938559346753,-18.830908451618928,-17.995391147795658,-19.586467610595932,-193.7226426869362,-16.360857507672,74.90907506838417,63.17636109956244,-947.6089603617754,1365.0485931813482
2025-09-05 21:24:17.665500,-12.603022944175615,-53.25303105068782,-11.66504734125756,-17.93000001828155,-16.932904697345265,-19.241307455983094,-196.45807126201214,-15.337249409686821,74.4964050571104,63.16692715948223,-948.1307254843668,1365.5248933571474
2025-09-05 21:24:17.670375,-10.486506144973166,-51.914689196697374,-14.542250470975587,-17.013878061670315,-15.943851801084426,-18.929191517282053,-199.31080232025062,-14.395078693999992,74.1048528362791,63.14357587916983,-948.6378949704141,1365.6921782808995
2025-09-05 21:24:17.675250,-8.588160301004203,-50.176662075110634,-17.48306723029955,-16.087595953784774,-15.033253341580536,-18.656380284007305,-202.24314931788143,-13.544783101227534,73.73837900803991,63.10721652057872,-949.122524483351,1365.5613025944467
2025-09-05 21:24:17.685000,-6.933370045185755,-48.004660944198925,-20.42719255556297,-15.163824363375374,-14.207395392671339,-18.43097007013763,-205.19198990536566,-12.799574065373,73.40063458039245,63.059058298612214,-949.5773492044027,1365.1496558906701
2025-09-05 21:24:17.694750,-5.56689956843784,-45.359167788426234,-23.300922740610584,-14.262268590852429,-13.474228851411196,-18.262982684324708,-208.08185788500535,-12.174942187728481,73.09495466825592,63.00060774023694,-949.996006827154,1364.4803430930124
2025-09-05 21:24:17.704500,-4.54116416680101,-42.2115895043413,-26.0351995484133,-13.406202646863731,-12.842186324414099,-18.163140293203828,-210.84288130174568,-11.686334748184205,72.8244211851578,62.933684184604274,-950.3731803170822,1363.581886751137
2025-09-05 21:24:17.714250,-3.900642310122103,-38.559611222305676,-28.582738572766612,-12.617897901279399,-12.318210246480827,-18.14097303326412,-213.42725707854325,-11.346120100530923,72.59195527451365,62.86044360301902,-950.7046488209018,1362.4882975596329
2025-09-05 21:24:17.724000,-3.6682841172198617,-34.43750846991242,-30.930131965265034,-11.9146472712273,-11.90589822933319,-18.20302340620253,-215.82047484293946,-11.160863344896084,72.40036861952805,62.78334478686499,-950.9872679398921,1361.2390147708802
2025-09-05 21:24:17.733750,-3.835570881676326,-29.920143550127747,-33.10320382880872,-11.305747282067918,-11.60397745253243,-18.351322781772897,-218.0458080029385,-11.129135065700224,72.2523699379278,62.70501925886272,-951.2188976197219,1359.8779493681104
2025-09-05 21:24:17.743500,-4.356170998985804,-25.119959555882588,-35.16441411533168,-10.79030972753471,-11.405017057677293,-18.58203678151494,-220.16096536870415,-11.239908276459007,72.15053913731433,62.62807187864304,-951.398310296923,1358.4516751971787
2025-09-05 21:24:17.763000,-5.145569461748318,-20.17589798726074,-37.201542026101926,-10.356632337874823,-11.294786877613882,-18.884641693625703,-222.24617158281293,-11.472171899043154,72.09724137504097,62.55486518582326,-951.5251030745712,1357.0077900192346
2025-09-05 21:24:17.763750,-6.0895614211238875,-15.235164245294229,-39.30924582551552,-9.984096828520823,-11.252886511948173,-19.242284693586946,-224.3854783858684,-11.796418468187573,72.09447064067461,62.487361798379645,-951.5995704048295,1355.5936380389994
2025-09-05 21:24:17.764500,-7.06080006114037,-10.431966978016458,-41.56770094045868,-9.647451755816032,-11.254724024954292,-19.63351697007979,-226.64575500545274,-12.177889627893238,72.14365940048384,62.42709068510374,-951.6225064269975,1354.2546781363462
2025-09-05 21:24:17.765250,-7.938270876007566,-5.868715490746777,-44.02364091594304,-9.322027372167163,-11.274210707436076,-20.034849501702276,-229.05860759263595,-12.58058289096359,72.24549970573051,62.37519443999558,-951.5950428316968,1353.0327287580549
2025-09-05 21:24:17.766000,-8.624206215187593,-1.6035458005827816,-46.67805773313937,-8.988341853266615,-11.286423926218559,-20.423402524372623,-231.60915122331582,-12.970878227439227,72.39979765547469,62.33244842170565,-951.5186433406883,1351.9649952304253
2025-09-05 21:24:17.766750,-9.056890003271143,2.3548991790301823,-49.481938316983324,-8.635742820941315,-11.270074043083872,-20.779416338981093,-234.23300685586386,-13.320430505655885,72.60536634683442,62.29923921400648,-951.3952076455183,1351.083583654402
2025-09-05 21:24:17.767500,-9.219371607805536,6.045022544881058,-52.34019015045999,-8.265135503717993,-11.20981378159666,-21.088560771876118,-236.82208787448403,-13.608371203328987,72.85999391776139,62.27555666370439,-951.2271607342049,1350.4141909792343
2025-09-05 21:24:17.769000,-9.141254009288371,9.540861057981735,-55.12465001406599,-7.889884114649824,-11.097853919651012,-21.343497434443027,-239.23985514169416,-13.822329512600286,73.16053530501148,62.261006138482074,-951.0174772141596,1349.9736825098744
2025-09-05 21:24:17.772375,-8.890348258984234,12.932636161701389,-57.69542864886816,-7.533775296175908,-10.934118326929651,-21.544014454405396,-241.34406390161303,-13.957603699381831,73.50310466101169,62.25483960561466,-950.7696186277127,1349.7680455019954
2025-09-05 21:24:17.775750,-8.555549348878557,16.304018352262794,-59.92580019711561,-7.226308269563214,-10.724802272940702,-21.69568253443324,-243.01137312394818,-14.014568524474214,73.88328922007426,62.256018883539085,-950.4873496453985,1349.7923012558258
2025-09-05 21:24:17.779125,-8.226927641676292,19.711974959830147,-61.72406138318904,-6.997060990706737,-10.480039817228965,-21.807737591977826,-244.15772443513114,-13.995363236994956,74.29630560552633,62.26329241213172,-950.1745137578498,1350.0321405194509
2025-09-05 21:24:17.782500,-7.978838156505304,23.173037535404795,-63.04822487949882,-6.87089094171309,-10.211557597574293,-21.891011264336544,-244.75128660670788,-13.90101544703606,74.73704489208765,62.27526214819885,-949.8349957395199,1350.4660788202518
2025-09-05 21:24:17.785875,-7.857480004516607,26.657084280376285,-63.912720634863895,-6.86435787438527,-9.930554394660161,-21.956114618799518,-244.81759318211954,-13.729318016399198,75.20003111277697,62.29045311581839,-949.4729858844776,1351.0678618202492
2025-09-05 21:24:17.789250,-7.87256495187241,30.089082721537387,-64.38673706484639,-6.983146669445506,-9.645707068092385,-22.01172369398447,-244.4365292062117,-13.473399884097935,75.67938360676845,62.307419777029615,-949.0933808921054,1351.8090013401934
2025-09-05 21:24:17.796000,-7.995315261744492,33.3596407427646,-64.58332048550065,-7.221110710074671,-9.361678336635498,-22.063238076124005,-243.73025390827155,-13.121430953329101,76.16885252136066,62.324905394782256,-948.7020870834589,1352.6605117060362
2025-09-05 21:24:17.796500,-8.16565054482827,36.34338031977872,-64.640240594561,-7.561900545334574,-9.078804142247426,-22.112429526742456,-242.84324445116292,-12.658029638108552,76.66193875000451,62.3420172911517,-948.3061307752174,1353.5936684895742
2025-09-05 21:24:17.797000,-8.307716731382426,38.92100251602978,-64.6966516277603,-7.983107729869792,-8.794159286731448,-22.15831686888661,-241.91882342970882,-12.067291115259856,77.15204677801725,62.35835689574608,-947.9135751434968,1354.5808405668504
2025-09-05 21:24:17.797500,-8.34852898194813,40.99957185797235,-64.8711581310041,-8.461499956791455,-8.503416010642152,-22.198756414069923,-241.07785474722937,-11.336533081914153,77.63258700606582,62.37408186370367,-947.5333062687045,1355.5966805804128
2025-09-05 21:24:17.798000,-8.23418232639764,42.527124118728224,-65.24573826599588,-8.977730691857591,-8.202712237884462,-22.232027687084837,-240.40383873398696,-10.459652165357147,78.09699361631412,62.38991421215115,-947.1748048867637,1356.6189002360807
2025-09-05 21:24:17.798500,-7.9421294700858,43.50040436052596,-65.85708777380533,-9.520079375219355,-7.890358260071588,-22.25828748999547,-239.93588531039137,-9.439663022810317,78.53869023278502,62.407106849314054,-946.8479487618498,1357.6288017221423
2025-09-05 21:24:17.799000,-7.489608206060642,43.96482099194971,-66.69636472296236,-10.087264342450913,-7.568501512200878,-22.281021661141512,-239.6703819543598,-8.290391963391402,78.95104847904263,62.427372244273606,-946.5628274046231,1358.6125047619498
2025-09-05 21:24:17.800000,-6.935356557321576,44.00480052213923,-67.71914451578779,-10.689427534521416,-7.244285847698872,-22.3080083864951,-239.57237211922768,-7.0367972234053955,79.3273821268515,62.452784519934845,-946.3295950039867,1359.5625708305388
2025-09-05 21:24:17.811750,-6.371306546163722,43.72521174545001,-68.86447662398066,-11.34615865530654,-6.929707888876407,-22.351000891491747,-239.59476170597466,-5.713210073619667,79.66101001149867,62.48570468905453,-946.1583717339513,1360.4787782745989
2025-09-05 21:24:17.823500,-5.905534860522927,43.22887019512147,-70.0773263962111,-12.081797543858084,-6.639977983964507,-22.4240227642155,-239.69989065120404,-4.3596604115767885,79.94538582372704,62.528783297542226,-946.0590756291364,1361.3675850357477
2025-09-05 21:24:17.835250,-5.642454371977261,42.59656871767107,-71.32793724508035,-12.919715596194964,-6.391060205585923,-22.54106248798118,-239.8777943487555,-3.0175159533699083,80.17428852826026,62.58493722828432,-946.0409323689128,1362.24072609615
2025-09-05 21:24:17.847000,-5.666025004014141,41.87369927660948,-72.62459427450548,-13.877271814802645,-6.197247609482629,-22.714037901151368,-240.1578867672133,-1.7256742016172382,80.34209109946516,62.65711619037878,-946.1115411667289,1363.1132144607654
2025-09-05 21:24:17.858750,-6.0273210863750215,41.064230114632494,-74.01892354949196,-14.961905232816665,-6.069056381606101,-22.951175431579532,-240.61298284503954,-0.5175404203772067,80.44410083557352,62.74796197534746,-946.2758248992837,1364.0007066619773
2025-09-05 21:24:17.870500,-6.736054247938296,40.13213138290055,-75.60288965452744,-16.16835788869436,-6.01142679713519,-23.25558819628912,-241.35485049844323,0.5813713601896275,80.47690855715761,62.859660158300066,-946.5353625906552,1364.91674104705
2025-09-05 21:24:17.894000,-7.758343578788088,39.01119423722066,-77.49650685169037,-17.47777815099068,-6.022640784826101,-23.624333439620326,-242.5207047222044,1.5547384878123074,80.43864448785335,62.99401812708779,-946.8882344023028,1365.8709409744515
2025-09-05 21:24:17.894000,-9.02369463241355,37.62262869753205,-79.82776403849014,-18.859633377761902,-6.094610178517011,-24.04857677525131,-244.2524282710317,2.394932462213212,80.32905367706338,63.15255889235532,-947.3291785842174,1366.8687295312302
2025-09-05 21:24:17.894000,-10.440391939726243,35.89646310853548,-82.70933493720158,-20.27626395643683,-6.214664427862447,-24.51500397651943,-246.67296571214416,3.100751060628271,80.14940460861324,63.336506923656536,-947.8498668050206,1367.9118782090454
2025-09-05 21:24:17.894000,-11.914141638207457,33.791013135193005,-86.21754605509658,-21.688549268049094,-6.368116789400319,-25.00781370062971,-249.86512402586237,3.6742804992383267,79.90232051469077,63.54669776252026,-948.4392121676975,1368.9988463799536
2025-09-05 21:24:17.894000,-13.364518462519143,31.306196501538587,-90.37745448371852,-23.060998752803922,-6.5406808589875265,-25.510514868549244,-253.85668601938056,4.117923479829725,79.59159216264216,63.783480087250176,-949.0837256686032,1370.124541604695
2025-09-05 21:24:17.894000,-14.737811611139444,28.489545460918464,-95.15544640554859,-24.365838910803635,-6.720513635656075,-26.007511257214365,-258.61354922300114,4.431947141582356,79.22200147298352,64.04662869050902,-949.7679833244987,1371.279956728099
2025-09-05 21:24:17.894000,-16.01638248633851,25.434406847465066,-100.46048715758445,-25.586208144310003,-6.900050215238492,-26.485760167767957,-264.0420999363988,4.612605521312431,78.79919721040551,64.33524223711844,-950.4751737368927,1372.4526280200598
2025-09-05 21:24:17.894000,-17.221597077972746,22.268894239714747,-106.1556541121411,-26.717619012219004,-7.077257563444918,-26.93609882094157,-270.00198495017656,4.651417805479317,78.32963359860912,64.64762083083865,-951.1876455605927,1373.6282636229025
2025-09-05 21:24:17.897000,-18.406876066548513,19.136320976896474,-112.0788209134953,-27.766543364162775,-7.2555897740132895,-27.35344730326813,-276.3275149956984,4.536299166765101,77.82051640032283,64.98116105212141,-951.8874452259895,1374.7926533016162
2025-09-05 21:24:17.900000,-19.642192474734294,16.172750022109707,-118.06628002099308,-28.746320687661843,-7.442469493158905,-27.735673806843206,-282.85130392493994,4.254377493699313,77.27968330718615,65.33230444304992,-952.5568305675475,1375.9326170601244
2025-09-05 21:24:17.903000,-20.99729167948276,13.491148754026602,-123.96937094884147,-29.67241066437251,-7.647080193037245,-28.08174270847895,-289.4204276912457,3.7951879326288704,76.71539638389946,65.69654682818792,-953.178733946036,1377.0353628838338
2025-09-05 21:24:17.906000,-22.5326041624476,11.179556678352975,-129.65658994754548,-30.559630047738445,-7.878797885571648,-28.390220855265383,-295.8978739334974,3.1524929147468903,76.1360835874316,66.0685279222511,-953.7372341334401,1378.0867166160597
2025-09-05 21:24:17.909000,-24.30107021017289,9.31069426463324,-135.00404831737842,-31.422425286656242,-8.147059950525286,-28.658972206001977,-302.15260558529434,2.3239399989014298,75.55008181049263,66.44224437634502,-954.218079618858,1379.069629104124
2025-09-05 21:24:17.912000,-26.355496017507054,7.951792232068092,-139.88587094002696,-32.27673568234085,-8.46225457338589,-28.88598417515565,-308.05026840149804,1.3094531308744406,74.96542126383149,66.81137254441443,-954.6091741946478,1379.964211698296
2025-09-05 21:24:17.918000,-28.752710038314305,7.165409198224462,-144.1740292579935,-33.140970592560855,-8.836457868773271,-29.070430827618914,-313.4537877587609,0.110035486210625,74.38966686051945,67.16962523897395,-954.9008962192728,1380.749062915129
2025-09-05 21:24:17.921250,-31.54912958396142,7.000201813880003,-147.74887280142823,-34.03453115247415,-9.283042233825508,-29.2129784812616,-318.23426101682566,-1.271877443149121,73.82979538271927,67.51108403745248,-955.0861992073794,1381.4022556715718
2025-09-05 21:24:17.924500,-34.78843307381877,7.476645731804769,-150.51506893299737,-34.974027741365276,-9.814984414116651,-29.31497929196373,-322.286443851622,-2.8304841955702043,73.29209522930509,67.83047410524713,-955.1605386019811,1381.901427476876
2025-09-05 21:24:17.927750,-38.486788571872225,8.574199126966077,-152.41546491438032,-35.96872122924966,-10.442494592628295,-29.376989164363014,-325.5418372539292,-4.5540175677401455,72.78213281261935,68.12338599606367,-955.1217307944122,1382.224515209109
2025-09-05 21:24:17.931000,-42.62103073588782,10.22420904618335,-153.43814172873164,-37.016738301742365,-11.170719066830673,-29.397249222143643,-327.97523573179757,-6.422520535049837,72.30480763443542,68.38646971650682,-954.9698630970879,1382.352142488684
2025-09-05 21:24:17.934250,-47.12109440414545,12.309550952441981,-153.6165509703102,-38.10246458819897,-11.997740609941658,-29.37031941032397,-329.60458942008955,-8.406363437982492,71.86440882994783,68.61756209076853,-954.7073273396475,1382.2706810627815
2025-09-05 21:24:17.937500,-51.86645936277983,14.671073468040845,-153.0235754974717,-39.19509546578027,-12.912898852296633,-29.285851599555727,-330.48467803720257,-10.465525992040616,71.46458067606534,68.81571417823703,-954.3389237380593,1381.974547156935
2025-09-05 21:24:17.944000,-56.68893682038944,17.121601377666156,-151.75876803036596,-40.24908565396789,-13.89594730267844,-29.127898002634165,-330.69388302046474,-12.550047502538582,71.10823914500614,68.98116109809492,-953.871882427356,1381.4669415905173
2025-09-05 21:24:17.944500,-61.384680151955756,19.466732758546044,-149.92931473637478,-41.207388727757525,-14.917770313897739,-28.875386094500477,-330.31506965975603,-14.602198676552025,70.79754834745529,69.11524619204903,-953.3157125515376,1380.7590032645612
2025-09-05 21:24:17.945000,-65.73502832239048,21.52865569876046,-147.6286262993977,-42.00741890428562,-15.942854491509559,-28.504053791993982,-329.41488963387786,-16.560480820264182,70.53398625951525,69.22029893232121,-952.681918489709,1379.8682113824798
2025-09-05 21:24:17.945500,-69.53223772752256,23.167522651468808,-144.91830304290278,-42.588639528235255,-16.933072482830866,-27.989586369956605,-328.0272782699112,-18.364874468003798,70.31844710515435,69.29951851974756,-951.9836976146108,1378.8169984193391
2025-09-05 21:24:17.946000,-72.60369736407233,24.29455789605926,-141.81930994462923,-42.89995261703518,-17.851896437748294,-27.311192123011246,-326.1465986227686,-19.96210233181869,70.15132799708783,69.35685595164989,-951.2357314265448,1377.6318100621238
2025-09-05 21:24:17.946500,-74.82753520359982,24.872611077439615,-138.31605658026584,-42.90481199680884,-18.667922351274928,-26.454566471141455,-323.7334474170787,-21.309487419554095,70.0325931093148,69.39683492835903,-950.4540452936574,1376.3425492364058
2025-09-05 21:24:17.947000,-76.13532996852794,24.90443700355754,-134.3721504910824,-42.582718210144364,-19.356825632659575,-25.413394677494104,-320.73136731971005,-22.376558273204587,69.96185250019232,69.42434397969453,-949.6557955942271,1374.9823357200812
2025-09-05 21:24:17.948000,-76.5027724191271,24.413998156825514,-129.95185693379293,-41.92716346492366,-19.901498976084756,-24.18913680756351,-317.08851718997175,-23.144404778418476,69.93848595685819,69.44445555901639,-948.8589694914166,1373.587146622869
2025-09-05 21:24:17.952750,-75.9331256173673,23.42810873153647,-125.0398129651485,-40.94122567225283,-20.290693917505934,-22.789374842880513,-312.77711771568397,-23.603391699222804,69.96176803397591,69.46222844214284,-948.0821004745083,1372.194707041208
2025-09-05 21:24:17.957500,-74.44040420440847,21.96503096211388,-119.65257877096823,-39.632685740392276,-20.51693878065993,-21.22540927663563,-307.80443224732437,-23.750281705012483,70.03089118478934,69.48245482171895,-947.3439741765536,1370.842481873612
2025-09-05 21:24:17.962250,-72.03988386114759,20.034393226760905,-113.83792582631168,-38.01092902960914,-20.574879430568682,-19.510172715893013,-302.2115012235058,-23.58618010359489,70.14483962089976,69.50939464180176,-946.663244258764,1369.565403552133
2025-09-05 21:24:17.967000,-68.75076973658578,17.648183224637343,-107.66237118250717,-36.08725814154112,-20.461053218100993,-17.657473845565562,-296.0606746752683,-23.11644031451259,70.30216421985021,69.54652685521732,-946.0580520605873,1368.3937832226766
2025-09-05 21:24:17.971750,-64.60895902757068,14.836497266499808,-101.19364041772648,-33.878242252811745,-20.175254250250244,-15.68283022951264,-289.41896124571383,-22.35246550111698,70.50071521856368,69.59633265095657,-945.5458295770843,1367.3510615524838
2025-09-05 21:24:17.976500,-59.68176604385715,11.65871538730766,-94.48779805848775,-31.40982234516918,-19.72267011293086,-13.605211118741886,-282.3466954544139,-21.314061044195466,70.73737697654153,69.66016931092167,-945.1433128860668,1366.4515891248911
2025-09-05 21:24:17.986000,-54.07580268631183,8.203554245804744,-87.58764576359536,-28.719568342205974,-19.11551315523166,-11.448508903241668,-274.8972936696002,-20.03064540019953,71.00790071308242,69.73828845494697,-944.8665442305343,1365.6993158936084
2025-09-05 21:24:17.988125,-47.9333099300011,4.577744362561357,-80.532242178768,-25.85562409406732,-18.37313049265784,-9.241738121346053,-267.12721624488114,-18.540291598945483,71.30693830178748,69.83001224835053,-944.7305951407552,1365.0875340029797
2025-09-05 21:24:17.990250,-41.41825214805094,0.8884318891960126,-73.3722042762024,-22.872648011840685,-17.520462306510872,-7.017775052602563,-259.1108648398062,-16.886765081660663,71.62828333221188,69.93404001184891,-944.7490161021155,1364.5995138543085
2025-09-05 21:24:17.992375,-34.69831814603261,-2.7741178042360852,-66.18461935497795,-19.82654480118935,-16.58568830366256,-4.811340212373747,-250.95463983409243,-15.115743942933092,71.96521588580937,70.04880507240654,-944.9331898092248,1364.2103217133772
2025-09-05 21:24:17.994500,-27.928875980937804,-6.349238005894013,-59.08371128206336,-16.769786535617417,-15.598010513109385,-2.65701780854236,-242.80624220761302,-13.271389231482717,72.31081466704205,70.17278095760005,-945.2916733596699,1363.8897156119065
2025-09-05 21:24:17.996625,-21.240393764015668,-9.812757486299084,-52.225587311703556,-13.747724976500107,-14.585707648544384,-0.5874188285005695,-234.857223785237,-11.393512250641765,72.6581627800805,70.30467381471269,-945.8296250625583,1363.60548903773
2025-09-05 21:24:17.998750,-14.72894720153243,-13.177323205538919,-45.805513017898875,-10.795696832682433,-13.574220741289778,1.3686870463796654,-227.33736062288028,-9.515253941934995,73.00044399160761,70.44351765950358,-946.548517206617,1363.3267046079573
2025-09-05 21:24:18.003000,-8.452213226007336,-16.484703666393568,-40.046080082503195,-7.9375919414301555,-12.584602016239511,3.187919337927956,-220.50010916515194,-7.661798097465762,73.33093094800843,70.58871346608228,-947.4462790909116,1363.026438714688
2025-09-05 21:24:18.008125,-2.4342540235740584,-19.79035837398675,-35.17698343221777,-5.186904587661606,-11.633038916760524,4.852816394854099,-214.60082944999158,-5.850830403487198,73.64288932773279,70.73999608004556,-948.5177702901814,1362.6838944743931
2025-09-05 21:24:18.013250,3.321549469018958,-23.14485869892706,-31.41168585384958,-2.5501976638829595,-10.731745822007065,6.351052211780741,-209.8730695920184,-4.094693500981866,73.92950222661462,70.89732880035137,-949.7551654866988,1362.2857230827576
2025-09-05 21:24:18.018375,8.817836508031704,-26.581307076052287,-28.930837804522163,-0.031230863819879624,-9.890685179752683,7.673845582737856,-206.51209699503326,-2.4030646652260974,74.18394444568547,71.06078910366904,-951.1477582716918,1361.826402288073
2025-09-05 21:24:18.023500,14.055564129901818,-30.116737334941483,-27.88062746189045,2.366743144584172,-9.11894276227627,8.814617609202466,-204.67353887989884,-0.7844536045171775,74.39963796799604,71.23047463837347,-952.6811271307182,1361.3080033758897
2025-09-05 21:24:18.028625,19.036580934968864,-33.76495663295137,-28.382979963712508,4.64158564368262,-8.424848548489141,9.768702365725924,-204.48414848708674,0.7542540645341625,74.57058750600409,71.40640315152855,-954.3361924338062,1360.7395079210619
2025-09-05 21:24:18.033750,23.771469231626988,-37.54906303046295,-30.54537071749038,6.794474611278744,-7.815022563076999,10.534037139811337,-206.0522431862553,2.209362411494177,74.69168209616828,71.58837851854766,-956.0887522794817,1360.135355939129
2025-09-05 21:24:18.044000,28.284638915686735,-41.50441242728942,-34.46112143962715,8.831408520234506,-7.293343865760574,11.112041567267367,-209.46824631612992,3.581518682632229,74.75893357103728,71.77580248658727,-957.9095988574798,1359.513550031881
2025-09-05 21:24:18.044000,32.611583973285136,-45.67119571273982,-40.199523152168744,10.762433894175341,-6.860769008988187,11.507818556290179,-214.79474632741938,4.875402110949237,74.76964202983014,71.96742738227705,-959.7649570203948,1358.89402768523
2025-09-05 21:24:18.044000,36.788366358768855,-50.08127897291885,-47.79040301624552,12.598504508689164,-6.516272150932024,11.729323440410207,-222.05122096225483,6.09784101450164,74.72245350803188,72.16107899826561,-961.6171090363299,1358.297107641848
2025-09-05 21:24:18.044000,40.838112091500925,-54.74554106945726,-57.20912305433716,14.347343363181434,-6.258430028757291,11.785900659345257,-231.19964676598585,7.255231123963098,74.61733002650043,72.35340011757903,-963.4253116974418,1357.7413504242131
2025-09-05 21:24:18.044000,44.759810418501154,-59.646013183127664,-68.36621439472789,16.009921772780274,-6.086953088162699,11.686844063314101,-242.13507384793994,8.35130853285603,74.45550054547432,72.53966472159199,-965.1470662102936,1357.2408505051017
2025-09-05 21:24:18.044000,48.520490428550964,-64.73331212932868,-81.10305912976267,17.577951212795647,-6.003995886959888,11.44009652741477,-254.68270592848793,9.385481496164918,74.23939557191149,72.71371819453434,-966.7396102221118,1356.80286938077
2025-09-05 21:24:18.044000,52.05019889982454,-69.92933851468261,-95.19517215258162,19.03220482272788,-6.015369616666324,11.050913686074356,-268.60304485509727,10.351592410242503,73.97251658544174,72.86807522136303,-968.1614738185397,1356.4271190997033
2025-09-05 21:24:18.044000,55.24257194540452,-75.13733875103448,-110.36574275613454,20.342400732881533,-6.131246979354427,10.52088021822591,-283.6069821329097,11.237709700299837,73.65925462111176,72.99413663087228,-969.374009549165,1356.1071365322623
2025-09-05 21:24:18.047250,57.9646970631635,-80.25963336700453,-126.30890455274046,21.46975289692167,-6.365598558432415,9.848033636839945,-299.37963493910314,12.027744340659327,73.30474603936887,73.08247197355217,-970.3428069372063,1355.8325779794504
2025-09-05 21:24:18.050500,60.07540189834803,-85.21846555909457,-142.7171070019473,22.37209574113499,-6.734161079860245,9.028314715307117,-315.6076098911773,12.704717183279069,72.91482880477022,73.12315428112328,-971.0388889370788,1355.5910544249464
2025-09-05 21:24:18.053750,61.44621826060808,-89.97368715748405,-159.30575127622393,23.009971041109527,-7.251649896974311,8.057731753161523,-332.0033652147053,13.254457364455558,72.49605830971248,73.10610885595446,-971.439627041359,1355.3692919816267
2025-09-05 21:24:18.057000,61.979327572063966,-94.5335301260286,-175.83111557935004,23.351940830009443,-7.929167509775095,6.934445020221523,-348.32264355969903,13.668567692728837,72.05568121328459,73.02141064406686,-971.5293775699685,1355.1540700377773
2025-09-05 21:24:18.060250,61.6211277772063,-98.9578969091803,-192.1006514226792,23.37871940420648,-8.772105380227966,5.660589288977211,-364.3738109317409,13.946539093592934,71.6015113779551,72.85954120067117,-971.2999022833952,1354.9333220887456
2025-09-05 21:24:18.063500,60.37173532859261,-103.35401440908886,-207.97503338093026,23.086299601354444,-9.778416735011016,4.243984966050644,-380.0185868592031,14.097310277078916,71.14172054866232,72.61167244704646,-970.7506172998142,1354.697526179957
2025-09-05 21:24:18.070000,58.28791692715065,-107.86349454606328,-223.3607748223958,22.487357728740918,-10.937572618455254,2.699421626054118,-395.16344181624635,14.139850872280226,70.68458706535756,72.26998005848299,-969.8886059941598,1354.4413341944528
2025-09-05 21:24:18.073000,55.476148603332135,-112.64169001033338,-238.19429695788781,21.609855448335196,-12.230845212453756,1.0488352669225152,-409.74290976939693,14.101977258703165,70.23824975960176,71.82793349616867,-968.7283144934614,1354.1652764879727
2025-09-05 21:24:18.076000,52.07583220750865,-117.83349630256288,-252.42162069762296,20.49267110378756,-13.633200999632338,-0.6800160839069328,-423.6989969175741,14.01719339678899,69.81050742540074,71.28052974932473,-967.2909556464506,1353.8768613025213
2025-09-05 21:24:18.079000,48.236415110624115,-123.55131767673566,-265.97952673945645,19.179248146472005,-15.116501654575359,-2.456194136840795,-436.96258792211427,13.920155355977318,69.40870080716871,70.62444772652614,-965.6036823807966,1353.5901199837517
2025-09-05 21:24:18.082000,44.09476638860673,-129.86104581322633,-278.7843586553131,17.711084640933468,-16.653205428311942,-4.248798100969229,-449.4432127113577,13.841988261686527,69.03967829848983,69.85812316369874,-963.698569044853,1353.3235735840126
2025-09-05 21:24:18.085000,39.76007547724007,-136.78032144636137,-290.7329707865552,16.12314243493127,-18.219446591825385,-6.029733239855873,-461.0314178617486,13.806884733029577,68.70977313756362,68.98181611584874,-961.6114891609606,1353.0977488013286
2025-09-05 21:24:18.088000,35.31089062425072,-144.28884679737163,-301.7154460080485,14.442536936743513,-19.79655161996005,-7.775236274902915,-471.61265126524523,13.830867766623339,68.42471609138713,67.99772604965818,-959.380997517501,1352.9331980733195
2025-09-05 21:24:18.094000,30.803712898663168,-152.34562187791062,-311.63405049183433,12.690499138759927,-21.370685131167694,-9.465920280254403,-481.08663894547243,13.922703836919997,68.18947609226812,66.91009545522826,-957.0472338762208,1352.8488791626942
2025-09-05 21:24:18.094625,26.288436170778372,-160.9061017199658,-320.4210154920614,10.886469302812456,-22.930963559456195,-11.085555520014916,-489.3847691269534,14.086358643660823,68.00804049723241,65.72521378443525,-954.6507991225089,1352.860610602892
2025-09-05 21:24:18.095250,21.82380868781855,-169.93280714408172,-328.04843516698566,9.052518169239546,-24.466873339455343,-12.619171578405568,-496.4789415546136,14.324026460038818,67.88315735982567,64.451305636359,-952.2316161947649,1352.9801662681248
2025-09-05 21:24:18.095875,17.485299929463604,-179.3947666007764,-334.52569079723634,7.215915324661701,-25.96622054980114,-14.051497142490236,-502.3778323844015,14.638399769340843,67.81613907587356,63.09834663302752,-949.8278928811221,1353.215601874219
2025-09-05 21:24:18.096500,13.360384673132716,-189.2558005569361,-339.88473568078433,5.408219382761065,-27.41473305933377,-15.366761497373835,-507.111626828236,15.032979912334854,67.8068330451296,61.677847078762255,-947.4753135947409,1353.5724532136728
2025-09-05 21:24:18.097125,9.533105146159741,-199.45812742795965,-344.16019177911164,3.661153548036699,-28.797530373863076,-16.55009297603205,-510.7125465607185,15.510311596352738,67.8537336075306,60.20259314438698,-945.2065264761856,1354.054861131097
2025-09-05 21:24:18.097750,6.065989725301865,-209.91096228911593,-347.37434111410755,2.001437620548282,-30.101576810078964,-17.589773729309147,-513.2011391128358,16.06933952873756,67.95411264144816,58.68632203955036,-943.0509117998841,1354.6659293320063
2025-09-05 21:24:18.099000,2.9883853425438587,-220.49081111513132,-349.53392358298896,0.4471885860202807,-31.317749857583287,-18.47916653972461,-514.5846498545695,16.703573247348462,68.10410256358152,57.14335478433022,-941.0344968859087,1355.4072980771734
2025-09-05 21:24:18.110625,0.2963505590020627,-231.05354771995312,-350.6388938226911,-0.9925444362561667,-32.4414538913159,-19.217343970246635,-514.8668348597641,17.401214425933848,68.29878227300493,55.58821614696583,-939.1798526006747,1356.27835510743
2025-09-05 21:24:18.122250,-2.036846465381748,-241.4528228154717,-350.6977257562737,-2.315261338783878,-33.47157260698935,-19.808199964405855,-514.0634268330992,18.147259233661142,68.5323351129877,54.03524334866856,-937.5059319199177,1357.2752981891663
2025-09-05 21:24:18.133875,-4.045531937858102,-251.5579197376751,-349.74235965873675,-3.521072897128822,-34.408481316748066,-20.258697414589253,-512.2165619494413,18.926479694790512,68.79826643694356,52.49821912730448,-936.0278986156591,1358.3901187257725
2025-09-05 21:24:18.145500,-5.75762207015378,-261.26665975312477,-347.83826373926985,-4.6089530752111205,-35.252020424389855,-20.577077974078076,-509.4039983040363,19.72606413712137,69.0896184182133,50.9900963916954,-934.7569778048468,1359.6099367132429
2025-09-05 21:24:18.157125,-7.183395659368277,-270.5123186225059,-345.08837027840343,-5.573633023616986,-35.99968740683236,-20.77120364200206,-505.7419507293579,20.53761453852013,69.39914417707104,49.522828791556066,-933.7003587766836,1360.9173999628747
2025-09-05 21:24:18.168750,-8.306951009526555,-279.26422104277725,-341.6303730628126,-6.403148275539308,-36.64499769393886,-20.846898901902236,-501.38096080298675,21.35864057564373,69.71946473730742,48.10725895180178,-932.861216897337,1362.292606934494
2025-09-05 21:24:18.192000,-9.08306078242911,-287.52078808421845,-337.62616007290353,-7.077831822616043,-37.17646521209082,-20.80669574016512,-496.4939320288482,22.193113753386932,70.04326936446415,46.75301263539097,-932.2389038378749,1363.7159773817484
2025-09-05 21:24:18.192250,-9.44297642385495,-295.2952643072943,-333.2438641621733,-7.5717831343667115,-37.577939149688206,-20.64967748954559,-491.25741937752565,23.05038055371958,70.36356946405695,45.4683818051464,-931.8292559532904,1365.1705990664568
2025-09-05 21:24:18.192500,-9.309382107500522,-302.59748322376237,-328.6362794744702,-7.856978108489915,-37.83059439879084,-20.372693578099348,-485.8300751773539,23.942316055120124,70.67394284436433,44.26020597295729,-931.6249231153035,1366.643133814092
2025-09-05 21:24:18.192750,-8.616844615195333,-309.4168933150172,-323.92125071083393,-7.909146668370267,-37.91621854734824,-19.972671451265157,-480.33366403330257,24.879370754341906,70.9686991663833,43.1337588713263,-931.6156958041785,1368.1233504755637
2025-09-05 21:24:18.193000,-7.331467782944133,-315.7126264583449,-319.17011469627624,-7.7137029901979135,-37.820905948573234,-19.44936551822938,-474.8426101494711,25.866702422446508,71.2429395884332,42.09266123760457,-931.7888632628307,1369.6026198730406
2025-09-05 21:24:18.193250,-5.462666863024847,-321.41511143098194,-314.4087968050058,-7.269654815968068,-37.53798844236129,-18.80762170328501,-469.3863322805683,26.901660396996373,71.49254051774851,41.13887023870853,-932.1296001901918,1371.0721358869287
2025-09-05 21:24:18.193500,-3.06263091560673,-326.4391977450232,-309.6313712668864,-6.590089636057318,-37.069229235361824,-18.058310991261664,-463.96347576455804,27.973445506799724,71.7141258193878,40.27276172501282,-932.6213595752037,1372.5222988494406
2025-09-05 21:24:18.194000,-0.2140698659261797,-330.7035197849318,-304.82039546826,-5.6992044596579525,-36.42394396177243,-17.217561125102236,-458.5620055899561,29.065106980221852,71.90506167360077,39.493264743887885,-933.2462537615986,1373.9439949034713
2025-09-05 21:24:18.196875,2.989115023925484,-334.1488851377395,-299.96616937947914,-4.627026110579199,-35.61645061583261,-16.304503331194038,-453.17756196244,30.1573073419213,72.0634492162579,38.798027114128786,-933.9853728533564,1375.3302492810017
2025-09-05 21:24:18.199750,6.461522224222596,-336.7501847261092,-295.0789763652773,-3.4037152885583386,-34.662852313207765,-15.338324834445064,-447.82449719205965,31.23249884496098,72.18809744430823,38.183621422305315,-934.8190187102024,1376.675965872736
2025-09-05 21:24:18.202625,10.139745257484375,-338.5205244923618,-290.1933199961298,-2.0554484844232186,-33.578356221329734,-14.33581701071419,-442.53899758645383,32.277876698531905,72.27853632162342,37.645758965638315,-935.7269576266277,1377.9760078932677
2025-09-05 21:24:18.205500,13.98760705240678,-339.51062307198066,-285.36801146506167,-0.6026086730247592,-32.37570062315149,-13.310158296483621,-437.37851665261707,33.28646416827497,72.33513677099918,37.17944645789995,-936.6888011105201,1379.224028705492
2025-09-05 21:24:18.208375,17.99704711350687,-339.80655840197284,-280.68541422675423,0.9407909637236159,-31.064230223943717,-12.270489942269728,-432.4206969186132,34.257162942217214,72.35930082312339,36.77907932043413,-937.6844882167326,1380.4129841744389
2025-09-05 21:24:18.211250,22.18829751309761,-339.52484505093884,-276.2481008047745,2.5675334023445093,-29.64903891652091,-11.221483773518699,-427.75963628108116,35.19468097702512,72.35361030092324,36.43852658590932,-938.6947901948115,1381.535955677955
2025-09-05 21:24:18.217000,26.60740254735141,-338.8016316153383,-272.1689897416373,4.276964996035774,-28.130436651290644,-10.162981564115306,-423.4956634604787,36.10908926082238,72.32184104641075,36.15123275422746,-939.7017901611594,1382.5861105475751
2025-09-05 21:24:18.226125,31.31706692010554,-337.77526436644706,-268.55433172297046,6.072946583808037,-26.504435243677264,-9.090425785092158,-419.71836864268084,37.01424158150438,72.26882143235704,35.91031243275577,-940.6892856609197,1383.5563116814246
2025-09-05 21:24:18.235250,36.38068008935984,-336.5652490374952,-265.48337653413256,7.959830336163504,-24.764457230463872,-7.996370973989134,-416.4867262067339,37.9249122327997,72.20018691528199,35.708624077250484,-941.6430534006449,1384.4393703785981
2025-09-05 21:24:18.244375,41.84434311520686,-335.2521395170358,-262.99030603630706,9.937675600956787,-22.9037135991876,-6.872475102057625,-413.81160975709486,38.853408802032575,72.12210872976911,35.5388312619245,-942.5509273075377,1385.2286975295965
2025-09-05 21:24:18.253500,47.722171296493855,-333.86173512311666,-261.05234200358086,11.998140437026292,-20.917548722077733,-5.7111690732123614,-411.64451067201435,39.806598196585114,72.04106594024876,35.393444819576644,-943.4026770554756,1385.9183392628047
2025-09-05 21:24:18.262625,53.98574691233341,-332.35554670923955,-259.58507772964924,14.121363766853085,-18.805629414157654,-4.507011870998454,-409.8738756310763,40.783573106564425,71.96370594643153,35.264840322089185,-944.189775655316,1386.5024417461573
2025-09-05 21:24:18.271750,60.55695774153186,-330.62999556558407,-258.44592553140865,16.273739019815146,-16.5740581354869,-3.2581755651563356,-408.3302949393975,41.77393342024814,71.89678616094201,35.14529093748392,-944.905217510287,1386.9754093226875
2025-09-05 21:24:18.290000,67.30708524888938,-328.5271934057085,-257.4476997000786,18.40751262923951,-14.236864541446357,-1.9677931718909196,-406.80207924426844,42.75733315338295,71.84713056250064,35.027071204600006,-945.5434601965768,1387.3334079961078
2025-09-05 21:24:18.290000,74.06612708540942,-325.8567978774839,-256.38163058224666,20.46344629135613,-11.816024139590729,-0.6443027645580464,-405.05970800231864,43.70508729981631,71.8215139841023,34.902633440621074,-946.1004291894357,1387.5763180023032
2025-09-05 21:24:18.290000,80.64164723444695,-322.42344148694326,-255.04428927132776,22.376402054036177,-9.339838144366867,0.6996168219736122,-402.8834789299748,44.583676736534585,71.82642855195039,34.76480484613073,-946.5735337684114,1387.7091441834273
2025-09-05 21:24:18.290000,86.84126153535185,-318.0527271599288,-253.26167739891895,24.08214966718974,-6.84045093660207,2.048987897289529,-400.0878375738091,45.35900416381474,71.86775509078743,34.606955852948886,-946.9616874954505,1387.7425529154361
2025-09-05 21:24:18.290000,92.49280201685615,-312.6114555003093,-250.90662752119516,25.523604546756726,-4.351408892009266,3.3885340050039057,-396.53851802671807,46.00030409537176,71.95039659923694,34.42311576810707,-947.2652729626599,1387.6917445245936
2025-09-05 21:24:18.290000,97.46058294064497,-306.0209259858243,-247.9088457805062,26.65594168970734,-1.9054173148018458,4.704494034609157,-392.16169828611226,46.483456433875084,72.07794891771286,34.20803162293362,-947.4859832234816,1387.5732985730401
2025-09-05 21:24:18.290000,101.65790865707912,-298.26254334535713,-244.25714598012925,27.45057047319063,0.4678994624611469,5.986350276863135,-386.9448102274521,46.79368253843744,72.25250629155491,33.95719093304818,-947.6265499456497,1387.402050649538
2025-09-05 21:24:18.290000,105.05309066274981,-289.3739782849757,-239.99233169525544,27.897206413977003,2.7438761584884666,7.228165232507266,-380.92796624778015,46.92699658964025,72.47465223916444,33.666849164935115,-947.690418059668,1387.1903375009242
2025-09-05 21:24:18.296750,107.66534721792385,-279.4356880505188,-235.19088873570627,28.003019382257662,4.90358497182929,8.42891696263316,-374.1867956863198,46.88966152894456,72.74357057766613,33.33410355105299,-947.6814571533369,1386.948815496732
2025-09-05 21:24:18.303500,109.55092895401482,-268.5513980883438,-229.9433757108614,27.788885386294734,6.93321083187855,9.591585856087002,-366.81073817278235,46.69569382982343,73.05717634504927,32.95702876315737,-947.6037934062942,1386.6865778153378
2025-09-05 21:24:18.310250,110.78474000534648,-256.82849399430984,-224.3333947927928,27.284164588683126,8.822499198702477,10.721412485234588,-358.88238121031554,46.363429607203884,73.41224004632005,32.53484145400499,-947.4617784994501,1386.4101900255264
2025-09-05 21:24:18.317000,111.44326756121568,-244.36288903519343,-218.42169301971242,26.52166281564104,10.563034499817844,11.823958828812806,-350.46210893535897,45.91229073951486,73.80453016870496,32.06803064953216,-947.2600452265013,1386.1226861929035
2025-09-05 21:24:18.323750,111.59033408970514,-231.2295983817686,-212.23693640804345,25.5332264641866,12.146593736623386,12.903153752059678,-341.5796108507384,45.3600117281764,74.22898222388469,31.558414149472775,-947.0035745352766,1385.8232016223146
2025-09-05 21:24:18.330500,111.26541366538659,-217.47966156450386,-205.77408747831961,24.345902735358624,13.563498989826812,13.959312100194667,-332.233290122934,44.720197860575965,74.67987102080716,31.00914229106974,-946.6977284979848,1385.507536468036
2025-09-05 21:24:18.344000,110.47763563547716,-203.1455926645008,-199.00241665499314,22.97960119751709,14.801398544184275,14.987647252664047,-322.39931221861536,44.000791896585305,75.15096736913046,30.4246894344702,-946.3482449327545,1385.169669474847
2025-09-05 21:24:18.344000,109.20964256463262,-188.255677926005,-191.88266309078256,21.447537364547046,15.84529034770452,15.978096019766825,-312.04932471587136,43.204340736709455,75.6356975327846,29.810809811135233,-945.9612005289918,1384.8034158479359
2025-09-05 21:24:18.344000,107.43084526648178,-172.85272406903528,-184.38799174420285,19.759420052151263,16.679066567794216,16.916700803734862,-301.17147816896875,42.33013498343386,76.1273213981157,29.174397721491875,-945.5429661637628,1384.4031438093643
2025-09-05 21:24:18.344000,105.11440011725733,-157.01067342055174,-176.5220278500314,17.925793445196167,17.28789442232458,17.787936582936403,-289.7882805006085,41.37726408879334,76.61909662716116,28.523253069333254,-945.1001869994436,1383.9634763034637
2025-09-05 21:24:18.344000,102.25206263357701,-140.84474524070868,-168.3302058621978,15.961849534193428,17.660499802274426,18.577169323483986,-277.9675108918873,40.34751638399678,77.10440060383584,27.865812866783447,-944.6397800300504,1383.4787434321752
2025-09-05 21:24:18.344000,98.86551178277134,-124.51447821165581,-159.90412581511217,13.890327609984089,17.791128407920294,19.272965508409754,-265.8256668908964,39.2478147576513,77.57684152487164,27.21089731960162,-944.1689282762561,1382.942695614398
2025-09-05 21:24:18.344000,95.01458376526483,-108.21996626932969,-151.37896203217844,11.74366146725378,17.68133803417202,19.869243980411266,-253.52392447736594,38.092133444162044,78.0303938342746,26.567483548911188,-943.6951166266743,1382.3485099146728
2025-09-05 21:24:18.344000,90.79991451711301,-92.19038628685014,-142.92257384356762,9.56463741968436,17.341273990515415,20.366862419517567,-241.2556672196497,36.90227786727067,78.4595397542802,25.944502117651403,-943.2262463081611,1381.689087900777
2025-09-05 21:24:18.347250,86.35642492132754,-76.66496526221283,-134.71630440530316,7.40446465724811,16.78975652108552,20.773973433504846,-229.22620255800635,35.70680816476652,78.85936892929317,25.350644825658566,-942.7707235355598,1380.9578920397726
2025-09-05 21:24:18.350500,81.8379355138044,-61.86980867880086,-126.93131213239135,5.318282142598605,16.052948441035685,21.104911786787156,-217.62864512212144,34.538143026435904,79.22560910230104,24.794178949171958,-942.3373838406335,1380.150334109775
2025-09-05 21:24:18.353750,77.39801744841252,-47.99608478905704,-119.70658037903685,3.3596000627774716,15.162114075065716,21.378102188476394,-206.62170305739616,33.42878243123807,79.5546123830409,24.282783521389582,-941.9352486191415,1379.2646612500666
2025-09-05 21:24:18.357000,73.1726462755376,-35.18384763318967,-113.13318600528993,1.5753428240460858,14.151212015556943,21.61369416957978,-196.3137167951422,32.40776476357864,79.8433386121246,23.82342206435151,-941.5731938536396,1378.3010619066063
2025-09-05 21:24:18.360250,69.26597311056467,-23.51263179522881,-107.24588909979796,0.001834020778083911,13.054502220925356,21.8311237902532,-186.75435545102414,31.49771791632878,80.08934776954837,23.42223699738887,-941.2596031708,1377.2594251697656
2025-09-05 21:24:18.363500,65.73890079291381,-12.99937973960323,-102.02243521769954,-1.3384900799284276,11.904055443907533,22.04655577059444,-177.93475949929848,30.712469140439374,80.2907964869798,23.084443530263062,-941.0020659183008,1376.1376163946434
2025-09-05 21:24:18.370000,62.603654397487645,-3.605928293227065,-97.39258705469828,-2.438777524894891,10.727637658474432,22.270712465491254,-169.79782983119333,30.055765456230656,80.44640911903173,22.814217992485048,-940.8071360170732,1374.931336005552
2025-09-05 21:24:18.373000,59.82860871256361,4.743522626419074,-93.25700052195316,-3.3065960405205477,9.547820724458498,22.507979929937306,-162.25797729999448,29.5219045410588,80.55538514015376,22.61458699955154,-940.6801045635722,1373.634930606816
2025-09-05 21:24:18.376000,57.352967266438846,12.13946733318465,-89.51107011223691,-3.959926062704912,8.382596497221494,22.757110950693846,-155.22509958191765,29.098285615790626,80.61728552007119,22.487342141264726,-940.624763110433,1372.2422199122248
2025-09-05 21:24:18.379000,55.10561746612196,18.66555119587002,-86.06671327183938,-4.421834391779625,7.246851902225697,23.012868148746257,-148.62597594046355,28.76888303776252,80.63199312219066,22.433014365410408,-940.643211734716,1370.747376237644
2025-09-05 21:24:18.382000,53.022239051482465,24.38307200365094,-82.86761984242582,-4.715479831196327,6.153851580973856,23.267731736434726,-142.41884959812322,28.517525609082227,80.59977019741072,22.450913645537177,-940.7357718719593,1369.1461395457764
2025-09-05 21:24:18.385000,51.05907122565228,29.32241738765574,-79.89718799359143,-4.859944691750438,5.1165623312524025,23.513530515233164,-136.60045704276902,28.330685631789496,80.52135484635778,22.539207499585324,-940.900986433274,1367.4372326113225
2025-09-05 21:24:18.388000,49.203569563630744,33.48137039210127,-77.17911423394239,-4.866878141092531,4.149032235940497,23.743211840355432,-131.20547861621228,28.19983282209457,80.3980251917194,22.695013249147017,-941.1356369804258,1365.6240391361225
2025-09-05 21:24:18.394000,47.47933203004479,36.83147372133349,-74.76953368440755,-4.73870693881859,3.267503907656518,23.952363233031956,-126.29755520103244,28.12281217068353,80.23159743168208,22.914502888603444,-941.4347980064238,1363.716449840519
2025-09-05 21:24:18.394625,45.941648085688136,39.33257282345727,-72.74092348467164,-4.469462386918626,2.490510832144204,24.13971462382891,-121.95251619792828,28.10345965670889,80.02439084011476,23.193027362309415,-941.7920433772376,1361.731955935702
2025-09-05 21:24:18.395250,44.66387492908464,40.95204588427556,-71.16144113085483,-4.048266145584366,1.8376036389731556,24.30638710596207,-118.23763309070121,28.14936390181605,79.77922572742256,23.525248440718023,-942.1997826391197,1359.6952644969824
2025-09-05 21:24:18.395875,43.719727932805675,41.682988130378796,-70.07540117189389,-3.464157140161797,1.3271809023487737,24.454452758967243,-115.19236454983005,28.268623413575142,79.49945730649034,23.905268189480818,-942.649552595054,1357.636635899723
2025-09-05 21:24:18.396500,43.167120038132204,41.55712193356304,-69.48915994686587,-2.7106615052389476,0.9742284992846607,24.58547853348718,-112.81473808869977,28.466664877398287,79.18896512177213,24.326773516888434,-943.1321938028304,1355.5895458942568
2025-09-05 21:24:18.397125,43.034946878378726,40.65155174080273,-69.36351089869113,-1.7896180791926695,0.7882310102821051,24.699087407443134,-111.05471802928425,28.743493767596217,78.8520487340366,24.783206216835858,-943.6379868228818,1353.5884004179698
2025-09-05 21:24:18.397750,43.312553083097804,39.088889603731914,-69.61332212835441,-0.7142809095470135,0.7711772693274183,24.791343722766985,-109.81545977799375,29.091433859104097,78.49327046454898,25.26792759503551,-944.1568081489401,1351.6669640273685
2025-09-05 21:24:18.399000,43.94511988992545,37.02842364246668,-70.11669961279935,0.4892334958249065,0.9161273601847554,24.853419235653494,-108.9642580609028,29.49402667777354,78.1172835081024,25.77434005613555,-944.6782900426764,1349.857606536646
2025-09-05 21:24:18.410875,44.839295383264364,34.6478384272765,-70.73371409711916,1.7834092454952066,1.2071912930008624,24.871402317413942,-108.35242030629844,29.926966965235113,77.72863815789144,26.295969817874102,-945.1919615668138,1348.1910133094725
2025-09-05 21:24:18.422750,45.87862658889589,32.12005731400121,-71.32973786733494,3.1236424617384664,1.6212004358085421,24.827566723408506,-107.83881365232715,30.361031029508652,77.3315923349316,26.8265384974928,-945.6874153858595,1346.6961021558818
2025-09-05 21:24:18.434625,46.94294102420739,29.592059775476006,-71.79653532236884,4.463819953343253,2.130443735767291,24.7025394397578,-107.31055013570108,30.765827809024987,76.93000462604817,27.36002990257249,-946.1545721020226,1345.3998782916087
2025-09-05 21:24:18.446500,47.92563060041813,27.170083944718176,-72.06675051894915,5.761525440925778,2.7056037348014077,24.477615953224248,-106.69680584219708,31.113134360955474,76.52735418536662,27.89074999949025,-946.5840543331238,1344.3267911307257
2025-09-05 21:24:18.458375,48.74740335491351,24.911924244633962,-72.12099546400249,6.982494872792535,3.3185975567206047,24.13706515369473,-105.97498728009684,31.379575920758423,76.12684292047203,28.41339712593938,-946.967598380079,1343.497273330253
2025-09-05 21:24:18.470250,49.36701800671519,22.826302031087657,-71.98754750828579,8.104376392857658,3.945327284342664,23.670502698655277,-105.16914019662646,31.54887688153538,75.73149164295583,28.923158654073134,-947.2983785168195,1342.925525280084
2025-09-05 21:24:18.494000,49.78642694408573,20.880579139687192,-71.73356976656241,9.118903580560442,4.567882183126462,23.074861199627684,-104.33977799831561,31.613263154272865,75.3441837865231,29.41583242431393,-947.5711728268134,1342.617676460829
2025-09-05 21:24:18.494000,50.04651812689845,19.016898736757337,-71.44800984820206,10.031270688510178,5.175451154826615,22.355161378070665,-103.56585487729451,31.573204766557296,74.96767373013367,29.88794828215968,-947.7824303802179,1342.571857537273
2025-09-05 21:24:18.494000,50.21355916969821,17.173167726281946,-71.21988215388615,10.856618347925435,5.763680956911482,21.523760967445597,-102.92283582432526,31.435310903991287,74.60459027195395,30.33684374915562,-947.9303201215647,1342.7798251110835
2025-09-05 21:24:18.494000,50.36144366307946,15.303048748748733,-71.11784278423728,11.614993229704881,6.332992824994713,20.59854836588902,-102.4625797553837,31.209184417969325,74.25745205932833,30.76067969281065,-948.0147460576268,1343.2283213560331
2025-09-05 21:24:18.494000,50.55538710862852,13.390642939872924,-71.17550968987982,12.326435035412112,6.886612337212021,19.600820961627075,-102.19930936294132,30.904316379201514,73.9287059116198,31.158437880707808,-948.0372870293614,1343.8996690350195
2025-09-05 21:24:18.494000,50.83839539783565,11.458963968708531,-71.38345717975399,13.00668718190115,7.428523477585426,18.553073521224253,-102.10266853574839,30.52740853694717,73.62077133067774,31.529940412113405,-948.0010609237949,1344.7728945468489
2025-09-05 21:24:18.494000,51.22012545655678,9.571838074712044,-71.68814897999957,13.663504011663434,7.961265015423818,17.4766182973967,-102.09823264791446,30.080174675245036,73.3360582175151,31.87588508580089,-947.9105132905553,1345.82623796392
2025-09-05 21:24:18.494000,51.67135693905766,7.827027143795797,-71.99990125624939,14.294527997474743,8.484042003629012,16.38948075314088,-102.07728608412765,29.558240987786903,73.07698291116617,32.19784342219724,-947.7711327909943,1347.0397266742993
2025-09-05 21:24:18.500625,52.12849136657913,6.3399769122110685,-72.21030148590985,14.888056940830277,8.99200824065618,15.30539050778838,-101.91569820379551,28.951942890766915,72.84602533473864,32.498165462982854,-947.589155282499,1348.3957569777758
2025-09-05 21:24:18.507250,52.5076017909894,5.22318213772066,-72.21386230450294,15.426647574429825,9.47707241619461,14.23419330589367,-101.49630666363993,28.248951648460142,72.64576623223286,32.77980480626242,-947.3713528392428,1349.8776262973515
2025-09-05 21:24:18.513875,52.721107935125445,4.570765304069861,-71.92407695611472,15.891692303749243,9.929658862191665,13.183149486346268,-100.72490744235452,27.437487201887862,72.4788013308596,33.04613964315821,-947.1249306389329,1351.4677059763353
2025-09-05 21:24:18.520500,52.688003853398165,4.455979633064692,-71.27594399477783,16.266386581980324,10.340245281487958,12.158084392144533,-99.53195860435032,26.508401539803714,72.34755457272001,33.30084081043046,-946.8574426925668,1353.1466462489234
2025-09-05 21:24:18.527125,52.33359995735757,4.939951898797375,-70.21668212956594,16.53573039557163,10.69972437228752,11.163573842951294,-97.8622271632033,25.455238307279043,72.25411839737899,33.547762278246154,-946.5766218862511,1354.8939676465507
2025-09-05 21:24:18.533750,51.58291947863688,6.081605700107163,-68.69510540841749,16.684525532261922,10.998588342639268,10.202155588430829,-95.66373085385212,24.272886027518254,72.2001818843045,33.79079915130714,-946.2901033222256,1356.6893293052253
2025-09-05 21:24:18.547000,50.35602248006505,7.939396573484289,-66.65942909215478,16.695727331499263,11.225848393850605,9.273367172894469,-92.8858876119941,22.95637589376373,72.1869910921869,34.03369800346245,-946.005092917971,1358.512956733598
2025-09-05 21:24:18.552625,48.571357051754696,10.562545860878071,-64.06587638876343,16.551068963191643,11.368780507353984,8.373609347651337,-89.48843943424448,21.50112424589723,72.21529044525235,34.279851331654726,-945.7280591277635,1360.3444224269251
2025-09-05 21:24:18.558250,46.15733734466108,13.97615184941929,-60.893566443623705,16.23416000525679,11.413939173140559,7.497234499640884,-85.45598260335541,19.90479709487748,72.28526384108014,34.53212838302879,-945.4645260419517,1362.161145457745
2025-09-05 21:24:18.563875,43.06695944050463,18.167013500922977,-57.158716562731534,15.7345488838303,11.348964248870447,6.638338219075862,-80.81118082606989,18.169868324194812,72.39649275791803,34.79279470291779,-945.2189895217258,1363.9385180149084
2025-09-05 21:24:18.569500,39.28995136216205,23.074754672173473,-52.923450597813805,15.051057962561526,11.164436590721253,5.792467280231557,-75.62232777068684,16.30580857652875,72.54790070110627,35.06353793753509,-944.9949094264268,1365.651280653171
2025-09-05 21:24:18.575125,34.86135231365593,28.589125115668534,-48.298262373207756,14.19405749232074,10.855597698866198,4.958052628994294,-70.00458775362108,14.33062183205042,72.73765984525855,35.34555585092407,-944.7947432339963,1367.2747021430387
2025-09-05 21:24:18.580750,29.86722247593882,34.553520135246586,-43.438064097481615,13.186999353651137,10.424042831291437,4.1377098763115,-64.11489833841812,12.271846029927541,72.96308928576605,35.63964196813815,-944.6200362624777,1368.7857481382516
2025-09-05 21:24:18.592000,24.445044213790194,40.77604920039047,-38.53041227569258,12.066610087938422,9.878963338920038,3.3391257955104288,-58.139261420491586,10.166634596106919,73.22060039864672,35.94624471963728,-944.471620521242,1370.164889719068
2025-09-05 21:24:18.593750,18.775071749323043,47.04832813460172,-33.775710122519136,10.88061628115114,9.237129806697315,2.574942278278245,-52.27257181417935,8.060205001718913,73.50572092146547,36.26550795040491,-944.3499464962615,1371.397888218
2025-09-05 21:24:18.595500,13.062703305693644,53.168495521999596,-29.36311276302537,9.682914396646117,8.521295018981002,1.8614105989985492,-46.69481874920712,6.0025317682994705,73.81319813248888,36.597299072688514,-944.255437028031,1372.4765677385994
2025-09-05 21:24:18.597250,7.516884262846799,58.96274894061741,-25.448299034835713,8.527616743404987,7.757575307629178,1.216276011301715,-41.54950162430744,4.044176018863187,74.13718217292899,36.94123119216579,-944.188690769558,1373.3985627676202
2025-09-05 21:24:18.599000,2.3301483755495673,64.30125101920788,-22.13765647926001,7.463626801893462,6.972649350821339,0.6565967305427697,-36.92853701294774,2.2323767488603576,74.47148275200195,37.29668940332107,-944.1504853909574,1374.1668397358908
2025-09-05 21:24:18.600750,-2.3382740731936105,69.10758948809513,-19.47966167422133,6.530114946496479,6.19104561789006,0.19669167710545615,-32.86464397463863,0.6076812554075326,74.80984145125373,37.66286448768656,-944.1416499340372,1374.7895151270059
2025-09-05 21:24:18.602500,-6.376516433788958,73.36134320989956,-17.463515728089035,5.7527282770646995,5.4325025931476105,-0.15390534762216512,-29.331600088529893,-0.7989941382331428,75.14614222878836,38.03878394234454,-944.1628831047507,1375.2796356882482
2025-09-05 21:24:18.606000,-9.728007494899837,77.09140998758744,-16.027141729520363,5.141409653690384,4.709917428664473,-0.39213668142904157,-26.25423453222639,-1.9682533962485336,75.47453952476093,38.42332407363216,-944.2145780485553,1375.6542534239516
2025-09-05 21:24:18.610750,-12.388778614975015,80.35952241304388,-15.075178801388565,4.6911345178106405,4.028699670624632,-0.5220533259300238,-23.528100852200186,-2.892120803010705,75.78954586708903,38.81520724377504,-944.2967348735228,1375.9326164516788
2025-09-05 21:24:18.615500,-14.39437337554937,83.23835526020113,-14.50254024141506,4.385614679679564,3.387763430769308,-0.5540960707999596,-21.044006959166712,-3.571907336763042,76.08613465156557,39.213029567243275,-944.4090153062273,1376.1342690440042
2025-09-05 21:24:18.620250,-15.802055757958975,85.79083453016436,-14.216530059257238,4.202427292419748,2.7815030854110865,-0.5034270006943325,-18.710504993298454,-4.015100920995094,76.35988649394997,39.6153665625794,-944.5508613397592,1376.2781360039198
2025-09-05 21:24:18.625000,-16.67423758355392,88.05488918006134,-14.152824138350176,4.117849495983463,2.201912406014577,-0.387907880058068,-16.469825257933557,-4.232391344365068,76.60715040228169,40.02092691568712,-944.7215469120356,1376.3825654870616
2025-09-05 21:24:18.629750,-17.06449248778831,90.03448829901745,-14.284405125487025,4.110952866076054,1.6406872524981433,-0.2258903528550552,-14.306246025209424,-4.235049698956998,76.82514396613581,40.428648778169396,-944.9201502309279,1376.4652352345365
2025-09-05 21:24:18.634500,-17.00571982541982,91.69734392489619,-14.623269898696888,4.167102754905569,1.091459029882168,-0.033806894313092625,-12.246597279150679,-4.03257347796455,77.01194191067738,40.83767940836848,-945.1455254390319,1376.542241520062
2025-09-05 21:24:18.644000,-16.50326526902651,92.9809581443622,-15.213481832568254,4.280135062920084,0.5516938769963327,0.17595515387060237,-10.351798248152381,-3.6311706264713264,77.16637042561047,41.24729112528428,-945.3963339676058,1376.6270180824768
2025-09-05 21:24:18.646375,-15.537126464940473,93.80731748464625,-16.11562495422527,4.452059101443514,0.02342048154005152,0.3960994186443805,-8.700023264727422,-3.033905659306371,77.28786173837202,41.65679851555047,-945.6711290777234,1376.7300683096937
2025-09-05 21:24:18.648750,-14.073432732406905,94.10261953739688,-17.386503479892742,4.690163418656901,-0.4874984088244309,0.6240295119795094,-7.365547020043435,-2.24259856064477,77.37634026164446,42.065480276191984,-945.9684033656494,1376.8594356795757
2025-09-05 21:24:18.651125,-12.08028194549227,93.81600681112542,-19.059920158541306,5.002825018843513,-0.9730157173899608,0.8604613832968558,-6.399056547424718,-1.260608143867873,77.43222073858672,42.47250696194454,-946.2865076672816,1377.0213482986028
2025-09-05 21:24:18.653500,-9.542349881874687,92.93284153094392,-21.13273271131631,5.395551134753306,-1.4247682281411282,1.1077615887786167,-5.8136259797465515,-0.09544614899958846,77.45653861578381,42.87689869882096,-946.6234644429096,1377.2207529044845
2025-09-05 21:24:18.655875,-6.472927588336095,91.48171978608524,-23.5571627616113,5.867590100659467,-1.836027236622656,1.3681857997446252,-5.57743850394345,1.2390688773120893,77.4511204158527,43.277524955402164,-946.9767906811544,1377.4611975701137
2025-09-05 21:24:18.658250,-2.923752794328815,89.5351293425888,-26.23993687552176,6.408948323423891,-2.2037947990979143,1.6418913789889311,-5.613910158118019,2.7210712775261845,77.41868010897616,43.67313952716165,-947.3434247761253,1377.743774712978
2025-09-05 21:24:18.663000,1.0105842969343704,87.2016713970908,-29.05054531369508,6.998729053856139,-2.530465835390113,1.9252006218201807,-5.811164505291109,4.3199552467109115,77.36279881601163,44.062413522895326,-947.7197791063506,1378.0657588701488
2025-09-05 21:24:18.663625,5.198159664898727,84.60916287555352,-31.839069693603953,7.606199413327017,-2.8241076169981163,2.2100194211883437,-6.040586263273389,5.997624302754226,77.28776921809498,44.44392424862503,-948.1018810015177,1378.4194740472303
2025-09-05 21:24:18.664250,9.484998130276807,81.882747013456,-34.45917120481327,8.194722493015378,-3.097061370517384,2.4847744034271786,-6.179589177517408,7.711673104090818,77.19830144575482,44.81612268720921,-948.485515052547,1378.79163706921
2025-09-05 21:24:18.664875,13.714515112251934,79.12454756888117,-36.78961626992394,8.727062137736556,-3.3635862171961346,2.736341189211519,-6.1321326217316,9.419373721608167,77.09917590757041,45.17733603359389,-948.8662649266079,1379.1639468586445
2025-09-05 21:24:18.665500,17.745211744963264,76.39925353664714,-38.74994058452393,9.170358503536704,-3.6374755206894602,2.952182542544339,-5.842994612585691,11.081250082535743,76.99495458746361,45.525807062394684,-949.2394479764578,1379.5153081329681
2025-09-05 21:24:18.666125,21.465202468098344,73.72648043879316,-40.309231246896815,9.500291306304508,-3.929843722199031,3.122413967325744,-5.304960803973714,12.663976211202078,76.88976290075186,45.85973553644781,-949.6000733400858,1379.8245102427572
2025-09-05 21:24:18.666750,24.80401819408082,71.07999937277906,-41.48753373317137,9.704522897760237,-4.246943913215486,3.241801796211778,-4.558466535458322,14.142775053163845,76.78710552454427,46.1773162706582,-949.9429295149264,1380.0718225742385
2025-09-05 21:24:18.668000,27.73894428544848,68.39524748201914,-42.3482464952504,9.784653335509004,-4.588470260109123,3.311307882245375,-3.6823807668024675,15.502872666634326,76.6897541180393,46.47678747625204,-950.2627637492633,1380.2393301725306
2025-09-05 21:24:18.671500,30.291823553098123,65.58541873733193,-42.9815666950425,9.755458887647675,-4.947172058834426,3.338509551715913,-2.77645523085048,16.73924733278771,76.59978548861574,46.756481036167436,-950.5544935184607,1380.3109038545663
2025-09-05 21:24:18.675000,32.516207069365514,62.56261797767182,-43.483036996744595,9.641250074532536,-5.3100767892075975,3.3366290695798,-1.9395041467833576,17.854581212290835,76.51874699614885,47.014854474722114,-950.8134389196842,1380.2725804302372
2025-09-05 21:24:18.678500,34.47981629361221,59.25803466882919,-43.93319610181508,9.470775986100886,-5.660774518648909,3.3226212965999116,-1.2490117490125738,18.856254903806704,76.44781209208824,47.250499984740884,-951.0355147230039,1380.1134409593242
2025-09-05 21:24:18.682000,36.24786478199518,55.636581031187745,-44.3824747184715,9.272371843915035,-5.981977195110346,3.3149869350652366,-0.7462037399628078,19.753383607166274,76.38783871048517,47.462139184031656,-951.2173069895475,1379.8266269380765
2025-09-05 21:24:18.685500,37.86855458106729,51.7052178282336,-44.84222381494517,9.069701785395496,-6.258095449193198,3.331491180900484,-0.4276584991642889,20.554102822982028,76.33937231861128,47.64861873748001,-951.3560984872784,1379.4102412815128
2025-09-05 21:24:18.689000,39.36044517611901,47.51499118245702,-45.28256495999389,8.877885025599477,-6.477844036504151,3.386709681019303,-0.24430350454228336,21.26300837107344,76.30266024918527,47.808922022700244,-951.4499750113879,1378.8677862157465
2025-09-05 21:24:18.696000,40.70507818641384,43.15467730198011,-45.6395488547853,8.700962647679933,-6.636361186354349,3.4898520334973124,-0.11000257711543555,21.879444004736246,76.2776944527543,47.942204964969086,-951.4980024666728,1378.2074883769292
2025-09-05 21:24:18.710625,41.8496361889642,38.735117338190015,-45.83198010801505,8.532192843782283,-6.735942909942784,3.643743115833835,0.08043046776589217,22.397667882760338,76.26427396868414,48.0478687392311,-951.5003331377067,1377.4403722244924
2025-09-05 21:24:18.725250,42.71979353504591,34.36828061504586,-45.78260485795349,8.357339348319725,-6.784969859781607,3.8454246935257097,0.4292789737283746,22.809002513282582,76.26206819084655,48.1256777521723,-951.4581279052597,1376.5780214093938
2025-09-05 21:24:18.739875,43.23732982229285,30.148001817001337,-45.43536245382572,8.159458045275281,-6.795463548329186,4.088022836088657,1.01830328136425,23.104908013872265,76.27064983617248,48.17590453320256,-951.3732612596874,1375.6313991986462
2025-09-05 21:24:18.754500,43.33654018737129,26.137148944523698,-44.76364125943084,7.923498446321047,-6.7800698214715105,4.3631625814004575,1.9006361998119397,23.27980912459142,76.28947011531784,48.1994786090142,-951.2478816658578,1374.6110688933222
2025-09-05 21:24:18.769125,42.97782789707251,22.361545193772596,-43.770770101608235,7.640270610423603,-6.748962954527193,4.6634752779672,3.100958788129777,23.333429755514928,76.31777647918152,48.198129379797685,-951.0840242220175,1373.5278236132199
2025-09-05 21:24:18.783750,42.15881393446482,18.809909001620653,-42.48564916228665,7.309872438643611,-6.706972419715511,4.984965796353362,4.620680412593806,23.272760786735702,76.35449731937108,48.17450192508307,-950.8834387142871,1372.3931507583375
2025-09-05 21:24:18.813000,40.9202558525918,15.441234441579788,-40.95317470505873,6.943771867509065,-6.651524860500513,5.3287931595961435,6.447935503590016,23.113085493391786,76.3981217812413,48.13220377577762,-950.6476031415672,1371.2199039144143
2025-09-05 21:24:18.816875,39.34270499283946,12.20040380538777,-39.21872849555925,6.564290524984497,-6.572125642268474,5.701840499952245,8.57275750546069,22.877179203487024,76.44660322365887,48.07573855140274,-950.3777668099008,1370.0230277057908
2025-09-05 21:24:18.820750,37.53366184879883,9.038600319252605,-37.30978468682477,6.2013000659568736,-6.451608690924584,6.115808621923346,11.004379118713649,22.59256778236279,76.49731842257867,48.010299962484225,-950.0749431898578,1368.819676149923
2025-09-05 21:24:18.824625,35.61006565349764,5.932199480475071,-35.22016828441286,5.887464005424813,-6.268579141821418,6.585286270234843,13.785365459728073,22.28774821352611,76.54715085363705,47.94144448287762,-949.739981500842,1367.628624409237
2025-09-05 21:24:18.828500,33.68163506421723,2.895422359009512,-32.90081006896812,5.6536285107429345,-6.000214007568903,7.125502569843047,16.99893228090088,21.98850382524298,76.59276686994386,47.874739369407486,-949.3738900245615,1366.469334629728
2025-09-05 21:24:18.832375,31.83637487294714,-0.01387748969686993,-30.257223587041892,5.524715449624706,-5.625149863782669,7.749930610342346,20.769249142462293,21.714700909894148,76.63100084549248,47.81550249957079,-948.9783489365001,1365.3613042599673
2025-09-05 21:24:18.836250,30.127895657245762,-2.694931989931471,-27.153466763959248,5.515921543617618,-5.1264406342973805,8.467650570407594,25.25501422259923,21.47754071372192,76.65915100281123,47.7686420421558,-948.5561798104483,1364.3239869832823
2025-09-05 21:24:18.844000,28.567889184383773,-5.013071669170426,-23.42456140524722,5.630140807244189,-4.493952742265919,9.280996133910651,30.63480966160174,21.277871136027127,76.67509393932922,47.73852817549898,-948.1116287677413,1363.3764219693194
2025-09-05 21:24:18.850000,27.128564710725897,-6.817813230832306,-18.897905186396343,5.858100063544313,-3.7252399946341903,10.184447422724265,37.08441342498499,21.10653592039576,76.67725195976006,47.72889309911219,-947.650462559431,1362.5360514614404
2025-09-05 21:24:18.856000,25.755227949649907,-7.966147781190412,-13.419190381331806,6.181464923298733,-2.8246010693867944,11.16520254239443,44.750750271563696,20.94692017852684,76.66447183856769,47.742797600261646,-947.1799402748057,1361.8178427242074
2025-09-05 21:24:18.862000,24.38351853762335,-8.344580026609764,-6.875989884503359,6.5774833064375935,-1.8009467410247224,12.204914792451266,53.72896827813125,20.778637940548997,76.63589700434639,47.782634169954044,-946.7087527341369,1361.234498492062
2025-09-05 21:24:18.868000,22.955303274884248,-7.885369003281393,0.7853912922570648,7.023477579436497,-0.6653386971098043,13.28179593844087,64.04675988383059,20.58111167735,76.59092082477986,47.85008693752062,-946.2469749179629,1360.796980511137
2025-09-05 21:24:18.874000,21.431777516369152,-6.57586446039171,9.550619604892562,7.500752155471753,0.5714506190198758,14.37286037787476,75.65677258352767,20.336734772070926,76.52923332543108,47.94602809015067,-945.8059438301826,1360.5147357956475
2025-09-05 21:24:18.880000,19.80437979722116,-4.460688571301184,19.335891257774264,7.998042436403587,1.9012771157149149,15.456374084741212,88.43740649553361,20.03372554619234,76.45089551209642,48.070417424232865,-945.3979448823189,1360.395899793688
2025-09-05 21:24:18.892000,18.100903051004337,-1.635274152633884,29.99601984894765,8.513718265104679,3.320373900478361,16.5140538615795,102.20326951876747,19.668088894350838,76.3563920741056,48.22226599174735,-945.0357253109305,1360.4473767863283
2025-09-05 21:24:18.893625,16.382626917554003,1.7697358325410815,41.342297699501685,9.05549340615178,4.829771185442045,17.53222517819141,116.72491823471502,19.243753039726016,76.24668189654523,48.39965883807634,-944.7319624291622,1360.6740147461996
2025-09-05 21:24:18.895250,14.731468916223212,5.61032163027846,53.16654141091406,9.637199383091886,6.434027536033074,18.501490669455997,131.75400320688604,18.770577916139686,76.12327202654765,48.599844027756134,-944.4987891353142,1361.0767349653734
2025-09-05 21:24:18.896875,13.23011336224216,9.75182965418157,65.265494559717,10.273325322775202,8.138504101332753,19.415006218146804,147.04801354564282,18.260776520266077,75.98827962846565,48.81945139455179,-944.3473893727228,1361.6509105010518
2025-09-05 21:24:18.898500,11.940950329919124,14.086429284067089,77.45935146337685,10.972996227950167,9.945940691450426,20.26596428024277,162.38847729322174,17.724870139773387,75.84443201787997,49.054836573515004,-944.2876367123345,1362.3860887822439
2025-09-05 21:24:18.900125,10.89119539885183,18.539679148167068,89.59903355221081,11.735564019260694,11.853440835283074,21.045261606423527,177.58761784958952,17.16849440404429,75.69499872089786,49.30243039631905,-944.3277789953223,1363.2664695115209
2025-09-05 21:24:18.901750,10.069666858770574,23.06444515843247,101.56083067868464,12.549439927125,13.850878507398958,21.74027546009022,192.48271194967433,16.591006326761754,75.54364144591301,49.5589994643064,-944.4741776190048,1364.271433669518
2025-09-05 21:24:18.905000,9.435659976427559,27.626144009070895,113.23270177711093,13.394406752878224,15.921204959420473,22.33519027030701,206.92287742412856,15.98612023547169,75.39415776281973,49.82180788429686,-944.7310685300412,1365.3767683877513
2025-09-05 21:24:18.909625,8.935942804778493,32.18644141684742,124.49937697037474,14.246425147035865,18.0424812901713,22.81277715111952,220.75550557519597,15.344236108391124,75.2501880692206,50.088692276788706,-945.1003112060553,1366.5571144380274
2025-09-05 21:24:18.914250,8.523394670431196,36.69239332144838,135.23310580700178,15.083192645886433,20.19086560231432,23.15706448891439,233.81895164443193,14.655704263813158,75.11501850302267,50.358071775315956,-945.5811557910805,1367.7885728597712
2025-09-05 21:24:18.918875,8.169394352468887,41.076344820055766,145.29542085148108,15.888175685200343,22.343335707906565,23.355902064487946,245.946220578219,13.913721754176457,74.99152572709102,50.62891835629246,-946.1700938734434,1369.050027903484
2025-09-05 21:24:18.923500,7.863986597178411,45.26763821488626,154.55099049439443,16.65119196055341,24.479005841764867,23.4023092484699,256.9799480333885,13.1154205443794,74.88219690566945,50.900707880594624,-946.8608293732286,1370.3230879170796
2025-09-05 21:24:18.928125,7.604328912866475,49.21071585198512,162.88774341993013,17.365417695363337,26.5786817549093,23.2940647763139,266.79250716595305,12.26066462455635,74.78913699247431,51.173390525692284,-947.6443850785912,1371.5914183945815
2025-09-05 21:24:18.932750,7.378400363044553,52.88037255799512,170.2334988489488,18.022719515691755,28.62324804751638,23.031960833582886,275.3016771899217,11.349493986395709,74.71403033295707,51.44740340494822,-948.5093544389523,1372.839827868751
2025-09-05 21:24:18.942000,7.152983510749064,56.28659747553588,176.5613859314631,18.60998078670976,30.591999891985253,22.61782542559255,282.4747700075304,10.379886445528633,74.6580899066374,51.72370308734951,-949.4422834881859,1374.0531811888686
2025-09-05 21:24:18.948500,6.872120859153556,59.46705676319348,181.882299759069,19.108349727878107,32.46198472242504,22.05341090104288,288.32017906807346,9.34720356763078,74.6220542386051,52.003802893024236,-950.4281388040382,1375.215577964067
2025-09-05 21:24:18.955000,6.466221864399436,62.47133484748606,186.22878182984726,19.495596324977065,34.20880911682046,21.340567495110797,292.87097653128814,8.245597995985118,74.60627093205434,52.28979831522365,-951.4507955329847,1376.3103360884752
2025-09-05 21:24:18.961500,5.866309916734083,65.3438341169776,189.63733425415674,19.75006121274665,35.808477936914066,20.482256771509277,296.1672759986324,7.070462522790814,74.61081146764458,52.58429880670279,-952.4935172121636,1377.320786825515
2025-09-05 21:24:18.968000,5.0174537990654,68.1103331999677,192.13423465563184,19.854449621566264,37.2394930204414,19.483761399697084,298.24223960391475,5.820784202059668,74.63546772855527,52.89018893118366,-953.5394590079765,1378.2313582500392
2025-09-05 21:24:18.974500,3.889987943662208,70.76954557874828,193.72654914218688,19.799016815901183,38.48492113850403,18.35398841356537,299.11354273267307,4.5011285926057845,74.6795766337879,53.21028405520981,-954.5721566428621,1379.028308062192
2025-09-05 21:24:18.981000,2.4890546104174525,73.29014180760602,194.39918860061772,19.584319963756666,39.53442507668128,17.10693273867844,298.7811011042878,3.1233759868417215,74.74180297567283,53.54704626313914,-955.5758835949424,1379.6994466318947
2025-09-05 21:24:18.994000,0.8596803350509026,75.61516636474468,194.1197535928177,19.222804020264586,40.38581073940724,15.762804693765066,297.2324471322811,1.7076634010784553,74.82001606380165,53.902449596306376,-956.5358415359514,1380.2326970354889
2025-09-05 21:24:19.000125,-0.9169558080750206,77.67476491703962,192.85152037508763,18.73799298100345,41.04534557917474,14.34803839111402,294.4558001286652,0.2816316456997767,74.91129518172684,54.277964177119564,-957.4382552408117,1380.6145964290235
2025-09-05 21:24:19.006250,-2.7371537499197642,79.40443113128616,190.57147224930634,18.160898383794027,41.52645095163634,12.893804594392732,290.4576543645542,-1.1223348615253248,75.01206249831822,54.6746070458968,-958.2704886108787,1380.8300979566075
2025-09-05 21:24:19.012375,-4.495272645027042,80.76352743652593,187.28814290021313,17.524374063606764,41.84695725189213,11.433214522365672,285.2795668250441,-2.471398839048641,75.11831770787134,55.093025620624836,-959.0212763208345,1380.8637056324678
2025-09-05 21:24:19.018500,-6.105430369941755,81.74819454637279,183.05339809552586,16.856961115117137,42.025626011464084,9.99784283946269,279.0081882962575,-3.737000504931102,75.22590262661319,55.53357485133352,-959.68102300015,1380.7010265988638
2025-09-05 21:24:19.024625,-7.5169883091352805,82.3934483274583,177.96294970550687,16.178223620133437,42.07899009678375,8.614505402731464,271.77369154894654,-4.898613036751876,75.3307412193113,55.99635483474088,-960.2420343756984,1380.3301119686503
2025-09-05 21:24:19.030750,-8.718371730226686,82.76303792989673,172.14442550193138,15.497188662016107,42.019513516271026,7.303219505843512,263.73616829083323,-5.945461664177601,75.42905561898479,56.481205054379295,-960.6986130797852,1379.7424624008154
2025-09-05 21:24:19.043000,-9.728773744047851,82.93118420068122,165.73763050380455,14.814244686504013,41.85553210870515,6.076860087754196,255.06501692074352,-6.875996558002803,75.5175379640779,56.98767648478661,-961.0469844525286,1378.9338148027264
2025-09-05 21:24:19.049375,-10.581654135437722,82.96321792497933,158.8743511949387,14.125609545197383,41.5927504484035,4.9424304847217515,245.91851245217475,-7.695575398868825,75.59340105233919,57.515014418306684,-961.2850513871276,1377.904970740743
2025-09-05 21:24:19.055750,-11.306420582906526,82.90196072239294,151.6643994662738,13.42864807149593,41.236555438682835,3.9033372374358772,236.4300858695542,-8.413221691103416,75.65427623788783,58.06217389028326,-961.4121203426655,1376.662722886098
2025-09-05 21:24:19.062125,-11.91617153287011,82.76521494803671,144.19294624264504,12.725719698901042,40.79406030020902,2.9616496557123053,226.70621526899978,-9.038752217566742,75.69803828051265,58.62783782946487,-961.4287706278914,1375.2205265314615
2025-09-05 21:24:19.068500,-12.407575336968058,82.5556036358697,136.53017132253962,12.024598317223488,40.27482019393328,2.1192695149849,216.83650614564363,-9.581584658422075,75.72264778621444,59.21038477263874,-961.3369062902062,1373.598607435255
2025-09-05 21:24:19.074875,-12.772473327212495,82.27753558404103,128.74779676209394,11.33534156064559,39.68984995543898,1.37752532557132,206.90997290277969,-10.051616381941198,75.72602614764152,59.807818518248176,-961.1399294379703,1371.8236197834794
2025-09-05 21:24:19.081250,-13.014223059087639,81.95209137276339,120.93315207846523,10.665483523424387,39.04954955330124,0.7356144323694488,197.0279890627661,-10.461246982360938,75.70595711232467,60.41771590359354,-960.842907819947,1369.9282311976986
2025-09-05 21:24:19.094000,-13.15978832776946,81.62207191428625,113.19305535814055,10.016180746050424,38.361694185539484,0.18893202183049834,187.30669459880951,-10.826917581095332,75.66003612952723,61.03721222846519,-960.452618851663,1367.9507847924706
2025-09-05 21:24:19.096375,-13.261407551317175,81.34503435041147,105.64547214251925,9.381276887667182,37.63051161771896,-0.2716626353732571,177.86771411537168,-11.16887725094995,75.58568792185322,61.66301591875863,-959.9774883091103,1365.934667627832
2025-09-05 21:24:19.098750,-13.387003001699366,81.17822209902283,98.4030071183987,8.749688722192666,36.857278061510804,-0.6591417859114637,168.82173771467703,-11.508921901002239,75.48026138292026,62.29143241098974,-959.4274805982602,1363.9269006944778
2025-09-05 21:24:19.101125,-13.603053981475822,81.16207988608151,91.55513598705329,8.110065056100767,36.042209348660556,-0.988348699141632,160.25181600058232,-11.86681993065213,75.34120636191666,62.91837135949134,-958.8138912878808,1361.9759880335623
2025-09-05 21:24:19.103500,-13.95608790377665,81.30856594986727,85.15573565481165,7.455928755001861,35.18692113089981,-1.2734314067379944,152.20269748286788,-12.256638445953271,75.16630838373591,63.53935678209216,-958.1490003111603,1360.1294000188454
2025-09-05 21:24:19.105875,-14.459676552909604,81.59868512658491,79.2206122148951,6.789308013887877,34.29643677075695,-1.525586906132326,144.68046487666527,-12.684328645198736,74.95392181083427,64.1495898221762,-957.4456425078677,1358.4306180468411
2025-09-05 21:24:19.108250,-15.092024233987281,81.99033163206686,73.73595663902177,6.121322912037313,33.37983200037642,-1.7519948684207947,137.66276023781757,-13.147620399787513,74.70314954800644,64.74407131915976,-956.7167256806235,1356.9157630135078
2025-09-05 21:24:19.113000,-15.805022221348112,82.43345643106494,68.67421897551483,5.469394898758381,32.449180294907435,-1.956345830047396,131.11570585315312,-13.63839438987352,74.41394799676458,65.31777174482302,-955.974702562865,1355.6109905530066
2025-09-05 21:24:19.123000,-16.541578519786118,82.88726608672273,64.0117311945427,4.852029730743523,31.517144793868287,-2.1407200213512785,125.01174084635477,-14.146692824658835,74.08715337935776,65.86584246496959,-955.2310982916814,1354.5315600270224
2025-09-05 21:24:19.133000,-17.25486080389931,83.33322246203909,59.741859362574175,4.283110726874979,30.594109197166315,-2.3080240652564092,119.34210466379858,-14.66479117211428,73.72443765398585,66.38380916019041,-954.4961858471142,1353.6816720434308
2025-09-05 21:24:19.143000,-17.920821509569976,83.77763837359619,55.877609586788985,3.7682285970686773,29.68609142837419,-2.4638268515095145,114.11824616150673,-15.189451565168664,73.32821144448731,66.86766212475023,-953.7787993482964,1353.0542720600833
2025-09-05 21:24:19.153000,-18.537559555971725,84.24182681834468,52.441693447829984,3.304882351821542,28.794455641707174,-2.6166165812279343,109.36098355396936,-15.72120510757204,72.9015150172229,67.31384051482847,-953.0863080882692,1352.6317875990953
2025-09-05 21:24:19.163000,-19.112621039146404,84.74523719852533,49.4496003924457,2.8862359311148755,27.917511661121083,-2.776362476086091,105.08356741269368,-16.261192473207277,72.44795025815922,67.71918527357884,-952.4247972965056,1352.3885229796679
2025-09-05 21:24:19.173000,-19.64593634996131,85.290915352902,46.895206072833695,2.5062553047494336,27.05315769368567,-2.952114001083869,101.27811335903274,-16.80731322639988,71.97163978410158,68.08092351262611,-951.7993492838439,1352.2934725365358
2025-09-05 21:24:19.193000,-20.117138211353247,85.86027918625466,44.745921616628564,2.1637455817126123,26.201373549138815,-3.149675909009978,97.91181732430996,-17.35142665306883,71.47713936768365,68.39669870295914,-951.21425069714,1352.3122563926363
2025-09-05 21:24:19.193250,-20.48288848859431,86.41890646687808,42.948903475413395,1.8636545388572356,25.36556732586019,-3.370271638556996,94.93386225105768,-17.87866382954138,70.96928378043619,68.66463016843495,-950.673099597038,1352.4086884293338
2025-09-05 21:24:19.193500,-20.684597664979123,86.92992712750852,41.444843871763545,1.6154535126339296,24.552391891228837,-3.6106007226820966,92.28939392020786,-18.36895970606909,70.45303680055818,68.88336248667356,-950.1788883983843,1352.546951990963
2025-09-05 21:24:19.193750,-20.661651907576648,87.36894403635792,40.183333679667705,1.4298766632029678,23.770506135965398,-3.8639350320675026,89.93478823477169,-18.799861382742407,69.93343237575515,69.05206117736181,-949.7340950885747,1352.694109516061
2025-09-05 21:24:19.194000,-20.364452443816614,87.73580592724777,39.135112128237196,1.315543778124143,23.029080029361758,-4.121610805674413,87.84967135688632,-19.149392953848228,69.41560670502379,69.17034513172878,-949.3407634995235,1352.8220800608951
2025-09-05 21:24:19.194250,-19.7659297152684,88.06198948275629,38.299870323136275,1.2758174331666525,22.33621481708826,-4.374756694456042,86.04412953650092,-19.39864532353383,68.90482496671574,69.23818207899443,-949.0005237540364,1352.9090098008455
2025-09-05 21:24:19.194500,-18.872029776297847,88.41280798554034,37.7087873490178,1.3057623390653432,21.697069490947452,-4.616326269702461,84.55991240655372,-19.534259018113758,68.40644444386574,69.25580159600442,-948.7145082558818,1352.9401068827092
2025-09-05 21:24:19.195000,-17.727859360246132,88.88161124484877,37.41900853014723,1.390166449167009,21.112134730566382,-4.842928074586949,83.4630520422478,-19.55023777502107,67.92585349815592,69.22368934122993,-948.4831943923141,1352.907283033297
2025-09-05 21:24:19.196500,-16.414487616005275,89.5746445988706,37.49882177674584,1.5041595773046874,20.576617507118325,-5.055575000052783,82.82753893792628,-19.448102127374074,67.46842500783211,69.1426734106471,-948.3062772183359,1352.8076420641164
2025-09-05 21:24:19.198000,-15.035400863002277,90.59023492794596,38.00731231756618,1.6169141529022522,20.081477852183205,-5.258906867558547,82.71448866393838,-19.235092556422853,67.03948218317646,69.01405417223502,-948.182674257599,1352.6418541679895
2025-09-05 21:24:19.199500,-13.696229927337038,91.99871659610376,38.97506780892449,1.6974875950644472,19.615895408052282,-5.4591031790304285,83.1533468708777,-18.920985260060164,66.64426610156106,68.83973009734491,-948.1106718108686,1352.4127312071441
2025-09-05 21:24:19.201000,-12.483720586717698,93.82890032553466,40.391887748801246,1.721030344230179,19.17038722737766,-5.661165285909877,84.13074320278845,-18.51451906228931,66.2878783397797,68.62228784914898,-948.0880813690366,1352.1239262872778
2025-09-05 21:24:19.202500,-11.450632093236441,96.0650339265937,42.20541242229704,1.6733266944616136,18.739513036959558,-5.866511967918218,85.59042702795982,-18.020701312571553,65.97518577474423,68.36502904721765,-948.1122669963939,1351.7795331073603
2025-09-05 21:24:19.204000,-10.611594848772716,98.65495696592029,44.331010964697086,1.5521244561706546,18.32321075694409,-6.071785790693939,87.44412222826378,-17.440119292804894,65.71072896872948,68.0719357633619,-948.1800472857744,1351.3851909783261
2025-09-05 21:24:19.207000,-9.950845902362285,101.52626472046369,46.6692218315197,1.364946980075782,17.9263393607132,-6.269311913756757,89.58939280611725,-16.770477638658193,65.49866684567507,67.7476088681815,-948.2875455550922,1350.9498528222448
2025-09-05 21:24:19.211625,-9.43867443901106,104.60508264535348,49.12507056173739,1.1242995612159348,17.556650654149188,-6.449052351789886,91.92879655348824,-16.009613338774518,65.3427150202744,67.39719993341633,-948.4300485138782,1350.4866969415953
2025-09-05 21:24:19.216250,-9.05023531884865,107.83100727932403,51.62286162248065,0.8420719751308366,17.221929181866717,-6.601367234185616,94.38383737042555,-15.158787202518363,65.24601521530428,67.0263288858345,-948.6019575385324,1350.012456903074
2025-09-05 21:24:19.220875,-8.778060150120266,111.16183029825702,54.110127198408776,0.5256453714051498,16.92741093846288,-6.719401319003206,96.89772013121807,-14.224812462118805,65.21094903123748,66.64098662776406,-948.7968872652382,1349.5457494277389
2025-09-05 21:24:19.225500,-8.631615314463712,114.56606756295861,56.54881212100667,0.17773409176519614,16.67455125295819,-6.799906325534374,99.42573740042349,-13.2198716506223,65.23895847619578,66.24744367436263,-949.0078504871808,1349.1055902087937
2025-09-05 21:24:19.230125,-8.624773649958636,118.0086667936023,58.899415425576606,-0.20019883843240227,16.461542940772613,-6.84220093305074,101.9195171206199,-12.159082419826518,65.33038078956564,65.85217523084266,-949.227438759435,1348.7105765536544
2025-09-05 21:24:19.234750,-8.758807183960057,121.43880097992522,61.10766721284211,-0.6031656125772903,16.285071074307503,-6.846038807529303,104.31470292504653,-11.057063466043381,65.48426701870243,65.46178411498455,-949.4480032385494,1348.3781752904997
2025-09-05 21:24:19.244000,-9.009671691162904,124.78637277440838,63.10085979887848,-1.0190642572393278,16.142231459053946,-6.809538281445249,106.52873485908614,-9.925055885377448,65.69820804349932,65.08290037980179,-949.6618899249328,1348.1236695690868
2025-09-05 21:24:19.244000,-9.32528937565853,127.96892581526768,64.79532188677821,-1.4279204708207693,16.031601139651638,-6.728089853080139,108.46955379996363,-8.769753243318037,65.9682328769495,64.72205967707806,-949.8616901335231,1347.9590689900824
2025-09-05 21:24:19.244000,-9.633345352219896,130.9057366742213,66.11113672253563,-1.804164883630954,15.953054476945653,-6.594602202884839,110.05096900036382,-7.594144992788529,66.28880882397657,64.38556728201677,-950.0403793153606,1347.892375221959
2025-09-05 21:24:19.244000,-9.854869927105135,133.5331259445903,66.98783064395687,-2.120616476493615,15.906739874752713,-6.4007372235304665,111.2084785420567,-6.399616626370698,66.65293747463237,64.07932192657917,-950.1913509747994,1347.9273435344103
2025-09-05 21:24:19.244000,-9.918010115858491,135.8163416120627,67.39659715677213,-2.352507991840828,15.891908085174109,-6.138469111232723,111.91123775748942,-5.18819238445951,67.05235444003459,63.80856834289419,-950.3085357558494,1348.0638879227654
2025-09-05 21:24:19.244000,-9.770644546157506,137.75694445345576,67.3480104211644,-2.4811574863001042,15.90571107786139,-5.801739343873501,112.16913318927558,-3.9645774176569297,67.47782344555323,63.57761738574668,-950.3866720631039,1348.2990809543808
2025-09-05 21:24:19.244000,-9.392252540937054,139.39525225918382,66.89440115641294,-2.497490174503736,15.941799495558927,-5.388312282079224,112.03411648246649,-2.7381192999846817,67.9194497963707,63.389614459263285,-950.4215852966231,1348.6282982161447
2025-09-05 21:24:19.244000,-8.801567259110188,140.80515857863105,66.12400052138281,-2.404461843805238,15.989149714171864,-4.901470029930507,111.5931295691518,-1.5241147008575886,68.36695912790667,63.246378515228756,-950.410400716386,1349.0460185560387
2025-09-05 21:24:19.247250,-8.054795433272142,142.07976522141308,65.14552306100957,-2.216827119337966,16.031943951359,-4.350714775811795,110.9517899714499,-0.3434396004814231,68.80996475452484,63.14828894288196,-950.3517197836362,1349.545990473419
2025-09-05 21:24:19.250500,-7.233768493548191,143.31127172729066,64.0670112006983,-1.957980890895783,16.050811835042364,-3.7510149769888814,110.21300572370698,0.7797380546685968,69.23822552573911,63.094239064844075,-950.2457100388941,1350.1207215306322
2025-09-05 21:24:19.253750,-6.429166639788592,144.57153812492695,62.975655491876445,-1.6553338415429175,16.024944569036368,-3.1210010157466472,109.45710366783713,1.8212207718495443,69.64188368901662,63.08171471631407,-950.0940185261912,1350.7605971378152
2025-09-05 21:24:19.257000,-5.724581483284076,145.89790824979542,61.92333622204586,-1.335922523476773,15.934396731954541,-2.480856174950947,108.72788775827463,2.759873597878304,70.01176064988867,63.107018588224115,-949.8995078532168,1351.4534105132416
2025-09-05 21:24:19.260250,-5.182815848347721,147.2852090871209,60.91878210558763,-1.0226204949635955,15.76237249640809,-1.8501415644828128,108.02552917062549,3.5803158770194874,70.33975187907639,63.16559671384203,-949.6658639452886,1352.1851387438355
2025-09-05 21:24:19.263500,-4.833943529835617,148.6839585550702,59.926293038600186,-0.7306843518523123,15.497496035742806,-1.2454810496054582,107.30644181022646,4.275359471696321,70.61919470465412,63.25240622290837,-949.3971668594625,1352.9415686247767
2025-09-05 21:24:19.270000,-4.667937497479676,150.0063935962351,58.87261277227776,-0.4653747650442309,15.135598023936712,-0.6785068539974243,106.49150274973957,4.847585795415943,70.84509200486852,63.362269381836704,-949.0976019498437,1353.7093442894438
2025-09-05 21:24:19.270000,-4.63630049478577,151.14111267402006,57.66262390896343,-0.22197997171892236,14.680258927461063,-0.15485902686809233,105.48269750506552,5.309091751651722,71.01422217474932,63.49016393115157,-948.7714110500941,1354.4759322275113
2025-09-05 21:24:19.270000,-4.663977854073392,151.97357759417824,56.20074244852511,0.01126475642628758,14.14168696437487,0.3252788984855437,104.18469334387007,5.6790688577124575,71.12517779082147,63.63141860108378,-948.4229842907379,1355.2291814506134
2025-09-05 21:24:19.270000,-4.668821193077181,152.40736275565177,54.41246520654145,0.24797939258176663,13.534096222668614,0.7652417249305344,102.5256967697186,5.979713755883634,71.17829915020447,63.781797876653414,-948.0569860310749,1355.9571262731279
2025-09-05 21:24:19.270000,-4.5829778794889044,152.3803733948695,52.260032893472435,0.49766036104097944,12.872311526388113,1.1691670519363218,100.47162648162082,6.231639601746511,71.17547856807188,63.93747488495849,-947.6785071523967,1356.648333365607
2025-09-05 21:24:19.270000,-4.368876965017828,151.870643346655,49.74685712461151,0.7610638916252993,12.168694763523442,1.5394064734355628,98.02874975940661,6.45027920702232,71.11988497303615,64.09492616487672,-947.2931731879183,1357.2927550568475
2025-09-05 21:24:19.270000,-4.024022061935112,150.8897772055632,46.90915837422319,1.0287890282825651,11.431387056159966,1.8749396592262693,95.23404858713526,6.644341583441648,71.01568785564139,64.25081382604533,-946.9070925577533,1357.8827415282085
2025-09-05 21:24:19.270000,-3.5736694693540287,149.46769056134596,43.79902108469371,1.2835096185730162,10.664321895179322,2.1712897584163358,92.13797627159504,6.816507967848578,70.86781676681862,64.40191584443365,-946.5266866479171,1358.414058053112
2025-09-05 21:24:19.273750,-3.0550308958408334,147.63538294869872,40.4660260802751,1.504898680111656,9.868860957033142,2.421911332466898,88.78668760293681,6.965924459064582,70.68176387251674,64.54512567571327,-946.1585212457953,1358.8868866112707
2025-09-05 21:24:19.277500,-2.4993164102731456,145.4123658172758,36.94427677393347,1.6754204239062,9.046374510159684,2.620519255531828,85.21034359176696,7.091601990149999,70.46345365779102,64.6775035413908,-945.8091335473101,1359.3065113217417
2025-09-05 21:24:19.281250,-1.919473884503033,142.8041924139558,33.250183555553484,1.784662398955495,8.200590901863446,2.7633821671347114,81.4224804942593,7.19531886760684,70.21918050950424,64.79634365787699,-945.4847832328157,1359.6834186163342
2025-09-05 21:24:19.285000,-1.3098396969711565,139.8118142072772,29.392359479021636,1.830273990394181,7.338477871251309,2.8504778762633287,77.43113809135217,7.282600173155992,69.95556804453291,64.89922419019824,-945.1911081401321,1360.032863587162
2025-09-05 21:24:19.288750,-0.6577098738390476,136.4479262635336,25.388401889911975,1.815279898825582,6.469183200325145,2.884946327905045,73.25593884372145,7.361314867823582,69.67949634419706,64.98404806549608,-944.9327379198211,1360.3740673730344
2025-09-05 21:24:19.292500,0.039758865531078574,132.7511376036328,21.27918888753923,1.7434578270484753,5.601657511653277,2.8712332670746403,68.94162810281661,7.438790885752778,69.39795725260791,65.04911972870279,-944.7130031276708,1360.7290915182275
2025-09-05 21:24:19.300000,0.7623549800704684,128.79014519795987,17.13276953085237,1.6153278459972988,4.7422181676939985,2.8129993814724035,64.56061884858373,7.519161381620044,69.11785209467936,65.09325103833599,-944.5338619166948,1361.1211785888145
2025-09-05 21:24:19.306625,1.4639010919625266,124.65573176252595,13.035735993422039,1.4268011186392127,3.893243268415599,2.711868029798311,60.20318655237113,7.602426352500556,68.84580292844329,65.1158339967081,-944.3960225140079,1361.5723922897496
2025-09-05 21:24:19.313250,2.0802361292886,120.44473112712228,9.076545554042557,1.1709150024705879,3.053474067598732,2.567457592878458,55.96021515320599,7.685526719314481,68.58800900570294,65.11688065903301,-944.2991552885057,1362.1010793426894
2025-09-05 21:24:19.319875,2.5427926987956573,116.24291913201539,5.328210347445649,0.8412523129680035,2.2194314338001115,2.3783231078343188,51.905787266015814,7.764466403685721,68.3501167549302,65.0970875295768,-944.2421132814522,1362.7202569980682
2025-09-05 21:24:19.326500,2.7918151441458043,112.11166962800138,1.835477366549746,0.43529399646925326,1.3871312810548504,2.143183453356871,48.08445670125296,7.836395308897264,68.13709386258628,65.05790607480715,-944.2231133968942,1363.4375736826396
2025-09-05 21:24:19.333125,2.7878337345261803,108.07950013519567,-1.3925636230268894,-0.0427209038713608,0.5538653804922671,1.8623128795622121,44.50416136388334,7.9015023661114165,67.95314713887075,65.00151737145127,-944.2398598127094,1364.2564048805725
2025-09-05 21:24:19.339750,2.522021362641846,104.13888730930142,-4.384458462146503,-0.5792291414092678,-0.27987820733427704,1.5391960220016385,41.13499655007465,7.964914621844108,67.80171296802195,64.93065339094495,-944.2896231081297,1365.1770724181006
2025-09-05 21:24:19.353000,2.022680440393406,100.25036314767414,-7.201057951950093,-1.1498749400527057,-1.1088020031058645,1.1819968673068202,37.91564302894054,8.038033121255745,67.68549652477154,64.84832591062464,-944.3693167074794,1366.1974363571417
2025-09-05 21:24:19.360500,1.3533429853122787,96.35504681543291,-9.921688754634607,-1.7204865617756524,-1.9222811877288635,0.8040227971152158,34.768092328262654,8.138293636606432,67.60650970219027,64.75757263532823,-944.475652363205,1367.3128858949794
2025-09-05 21:24:19.368000,0.6009984869074985,92.39311526297146,-12.624509567635997,-2.2509598350973805,-2.7053623173297496,0.4227082227915119,31.617559733263732,8.286910657745565,67.56607352889974,64.66126683795427,-944.6054159596075,1368.5163427521993
2025-09-05 21:24:19.375500,-0.14311330087153132,88.32321940590127,-15.366393503093063,-2.7013318334362846,-3.4411417618192437,0.057226876168985884,28.41219781305122,8.505042179598954,67.5647725045606,64.56196136242725,-944.7557406311753,1369.798301893884
2025-09-05 21:24:19.383000,-0.8047472362302032,84.1370573423102,-18.168361063368515,-3.038457069349242,-4.113916359184771,-0.27466973794097405,25.136662391524112,8.809466069541553,67.60236782846995,64.46172923919393,-944.9241967472682,1371.1461041650618
2025-09-05 21:24:19.390500,-1.3426082406366802,79.86358265600248,-21.012069504502765,-3.241177046390752,-4.712114816845121,-0.5596327712361857,21.81430931549225,9.209111915164092,67.67770454572174,64.36201360885794,-945.1086746588722,1372.5425503926654
2025-09-05 21:24:19.398000,-1.7530464907888872,75.56078873648241,-23.849141164851705,-3.3022427728232455,-5.230001521878449,-0.7905380538888289,18.496862730181174,9.70347785533306,67.78866139933534,64.26354913880563,-945.30717052075,1373.9654567924508
2025-09-05 21:24:19.413000,-2.062407693774662,71.29880427545194,-26.619165627183406,-3.2265515112964263,-5.667618866166611,-0.9665959251471526,15.24619571081149,10.283321776860666,67.9321696200572,64.16639728027236,-945.5175833234416,1375.3891000597123
2025-09-05 21:24:19.413750,-2.3106255148841894,67.14129657840444,-29.26900677992306,-3.026565589133215,-6.029042105104019,-1.0917619093678674,12.115587432784876,10.933464149650263,68.1042870542464,64.07007360489995,-945.7375944397124,1376.7865338873044
2025-09-05 21:24:19.414500,-2.5324299494069207,63.1313567454648,-31.767205865315503,-2.716704997084122,-6.319639712279229,-1.172058957924674,9.136384242639716,11.636809434389642,68.30030779986598,63.97371693189463,-945.9646528351551,1378.1314039898461
2025-09-05 21:24:19.415250,-2.743606178254786,59.284697941940166,-34.11112170353117,-2.3089974961506097,-6.543612099593009,-1.213007753903118,6.311924984973949,12.377876615531626,68.51493311173701,63.87627087165724,-946.1960300715542,1379.39896088775
2025-09-05 21:24:19.416000,-2.935908335393784,55.58862464012011,-36.32885619987753,-1.8112225210763342,-6.7027556951037095,-1.2181048186536685,3.6161901166448835,13.14465207388634,68.74253681722739,63.77666790425029,-946.4288824711555,1380.56649637398
2025-09-05 21:24:19.416750,-3.0768158265372083,52.00329323659271,-38.47915860679461,-1.2264901954604273,-6.796080213993033,-1.188076293671339,0.9940589707195737,13.929359630773225,68.9774752894065,63.673983387127166,-946.6602556348009,1381.613750597864
2025-09-05 21:24:19.417500,-3.109067576844964,48.46462952288487,-40.6490357368092,-0.5526541595642773,-6.819395333483819,-1.1201367798245774,-1.6361202786918168,14.729240630312564,69.21434540608543,63.567516669006906,-946.8870121453857,1382.5240878032428
2025-09-05 21:24:19.419000,-2.9512045718344946,44.89183763414345,-42.945619098616405,0.2182238749695694,-6.764894114522555,-1.007278408061199,-4.374168836040267,15.547150325260544,69.44814781839808,63.456812491016265,-947.1057529616214,1383.286140114993
2025-09-05 21:24:19.422500,-2.5039599787853293,41.20148924311311,-45.48053078290504,1.0989183678450474,-6.621483313142963,-0.8382594865045345,-7.322497827833632,16.390977025370248,69.67436251407058,63.3416765445384,-947.3128087476725,1383.8946673205191
2025-09-05 21:24:19.426000,-1.6645550996426128,37.326071164529566,-48.34937653444146,2.1037706730337513,-6.376349498819056,-0.5987678005687075,-10.566140548859849,17.27137664439798,69.88896539505012,63.222203613907524,-947.5043287182555,1384.350525644758
2025-09-05 21:24:19.429500,-0.34680813081623946,33.23218005056813,-51.61159266184334,3.2434984218799867,-6.017662968538871,-0.2737634702728229,-14.153677546788465,18.198120268517375,70.08843950477099,63.09878564009459,-947.6765217720969,1384.6608360725331
2025-09-05 21:24:19.433000,1.4980838187301773,28.9328339192562,-55.2765466514605,4.519509216427806,-5.537834134999844,0.14946281539144268,-18.08493098069694,19.17603525640837,70.26980765327325,62.97205886508128,-947.8260644117992,1384.8397442561745
2025-09-05 21:24:19.436500,3.867106545640967,24.48883834902323,-59.30128948978867,5.919747909159573,-4.936365730278151,0.6784203278920151,-22.31043567449334,20.201904751190963,70.43065819378047,62.84279353389009,-947.9504987197712,1384.9087725536947
2025-09-05 21:24:19.440000,6.702999185983909,19.997574431751854,-63.601614445487904,7.417755201075766,-4.2213095042311926,1.3137072725405097,-26.74364688812547,21.263364835476022,70.56914875926556,62.71178516796802,-948.0483975438689,1384.8954229383762
2025-09-05 21:24:19.447000,9.904674573491919,15.573043032129183,-68.07220683038669,8.975361647581758,-3.4088015703207253,2.0489647095874948,-31.281247454251826,22.340040798161233,70.68401091131545,62.57979853669816,-948.1192740746366,1384.8298749645173
2025-09-05 21:24:19.452875,13.346717463202616,11.324107048370852,-72.60856689146428,10.548167686384794,-2.520837529506223,2.872402541684771,-35.82427219260241,23.406556491202533,70.77457243833345,62.44755893732834,-948.1633640042372,1384.7410465928006
2025-09-05 21:24:19.458750,16.901484721961623,7.337966220224814,-77.12357824435038,12.092063332832359,-1.582056504023068,3.769318314563482,-40.29319361786353,24.436570073014007,70.84078576679185,62.315773800648415,-948.1814057020624,1384.653276668013
2025-09-05 21:24:19.464625,20.45568761787333,3.6747412999889564,-81.5528572228491,13.568415418047065,-0.6167375416787954,4.724580720441086,-44.63159976908531,25.406379564508175,70.88321818584312,62.185184083572935,-948.1745096997224,1384.5837773752655
2025-09-05 21:24:19.470500,23.91490717850841,0.3750435438902116,-85.8470347361942,14.945859855013694,0.35280939654469456,5.723956085281918,-48.79729037180955,26.296573969164857,70.90297122959169,62.056616508544366,-948.1441407224769,1384.5405593235146
2025-09-05 21:24:19.476375,27.195808874630206,-2.524384895535641,-89.95604779318816,16.198371858372763,1.3059965668920117,6.753788818211359,-52.746363345616324,27.091270088605647,70.9015771072159,61.930990532246895,-948.092138154729,1384.5213648024137
2025-09-05 21:24:19.482250,30.212489515117493,-4.976289063317681,-93.81503133236684,17.301293848856684,2.222408286093243,7.79947715815363,-56.41987099596027,27.775898690260608,70.88094192953544,61.80928271688141,-948.0206887939179,1384.5148022548901
2025-09-05 21:24:19.494000,32.865843642653914,-6.917914015042429,-97.34010476158849,18.227889201741732,3.080135954685083,8.843782945889314,-59.74078694875931,28.335196855534573,70.84331507254522,61.69248943044421,-947.9322394911294,1384.5038962220478
2025-09-05 21:24:19.494000,35.042539699128184,-8.278046645258096,-100.43656236456059,18.948470774169724,3.8551460885066406,9.866067101069362,-62.623047638386765,28.752754603477516,70.79121533474334,61.581598550246056,-947.8293798953093,1384.470325599421
2025-09-05 21:24:19.494000,36.624416248718575,-8.992241499916673,-103.01521606478536,19.432516872325156,4.522123918746625,10.842950466839493,-64.98803087899081,29.012407283763764,70.72730520058703,61.477546567849586,-947.7147234606084,1384.3971576026797
2025-09-05 21:24:19.494000,37.50318853502251,-9.019104452122345,-105.0093729034406,19.652384114616968,5.056296957937317,11.749965544018385,-66.78112789907284,29.100630219017113,70.65426132232467,61.381164886402914,-947.5908328732737,1384.2698728561318
2025-09-05 21:24:19.494000,37.59453302951267,-8.352396885249522,-106.38715881376102,19.586928104819844,5.435472592391421,12.563453289267615,-67.9834782556723,29.00888420259187,70.57467035532251,61.293154815546316,-947.4602134940411,1384.0770408042035
2025-09-05 21:24:19.494000,36.850040315456155,-7.027818996606149,-107.1582298764517,19.224685805913047,5.642085096605083,13.262536479408972,-68.61793372704669,28.73561942050313,70.4909277950682,61.21411863160687,-947.3252847011399,1383.8110663845664
2025-09-05 21:24:19.494000,35.26752980145344,-5.124433013545097,-107.37490690576614,18.56687498359255,5.665307703472662,13.831325594086849,-68.74909225321849,28.28798338645065,70.40512235371888,61.14465222330062,-947.1882342925835,1383.4684364369487
2025-09-05 21:24:19.494000,32.8969140462192,-2.7588434322842423,-107.12587935984112,17.629400598120917,5.502779092627946,14.260996691280798,-68.47576809113329,27.682711112454843,70.31894871406855,61.08548984000816,-947.0508379154255,1383.0493195643921
2025-09-05 21:24:19.495250,29.837079509236414,-0.07082438718563047,-106.52140646183157,16.442446603364193,5.1611829581328665,14.550909845481613,-67.91543824943335,26.94539883696008,70.23369044528731,61.037654936977326,-946.9143858354757,1382.5566606964048
2025-09-05 21:24:19.496500,26.223034520312094,2.796124271539637,-105.67383160752567,15.047274664250612,4.655308190496918,14.708175887638705,-67.1847867577687,26.107977190275587,70.15025036801994,61.00253715284525,-946.7797243185292,1381.9949973932953
2025-09-05 21:24:19.497750,22.208591801183232,5.710647906675485,-104.6822855587087,13.49159641403135,4.005940403365496,14.745811772607341,-66.38504039273825,25.205205488233148,70.06919035069755,60.98183229934169,-946.6473430845214,1381.3697213575288
2025-09-05 21:24:19.499000,17.952944378558783,8.55791232589389,-103.6295450680524,11.8258745954375,3.2375972606524095,14.680400592257481,-65.59967193236314,24.271677073211276,69.9907727323811,60.97735065182995,-946.5174698198402,1380.6872146116575
2025-09-05 21:24:19.500250,13.616178129503714,11.2331682208887,-102.59007325320219,10.102059058601162,2.377158674050265,14.530408960432878,-64.90297142776461,23.34043402430671,69.9150009886714,60.99078173848698,-946.3901428983287,1379.955148903713
2025-09-05 21:24:19.501500,9.361574420900538,13.633214441453982,-101.63997990551537,8.374204465789836,1.4535879104122424,14.315657983229226,-64.36982061873606,22.44300433096874,69.84164233207953,61.023535795934656,-946.2652423212154,1379.1824809478621
2025-09-05 21:24:19.504000,5.357875682665473,15.654144553973753,-100.86008670292046,6.699049464570416,0.49798678765423926,14.057439697691471,-64.07803378327006,21.609691877293955,69.77023126092347,61.07671954232847,-946.1425177680675,1378.3796907847036
2025-09-05 21:24:19.508875,1.7754309095227792,17.19811006392894,-100.32932575739996,5.1348326783094445,-0.4569498670434417,13.778340757715233,-64.10107865618515,20.86898749013453,69.70009644624285,61.15120290243612,-946.0216725942049,1377.5587651054984
2025-09-05 21:24:19.513750,-1.2250654055476449,18.186350851945967,-100.1115349784293,3.73790344159845,-1.3784879295407904,13.50125057497024,-64.49460247547998,20.24576489122824,69.63044441293654,61.24769460388915,-945.9024844495832,1376.731443513344
2025-09-05 21:24:19.518625,-3.507170470529369,18.572852775376983,-100.24172049389348,2.5581013543201503,-2.2360807804022973,13.247813405060262,-65.28279539837258,19.758913148571494,69.56047037769558,61.36678903310703,-945.7848876541741,1375.906222000347
2025-09-05 21:24:19.523500,-4.971684813723836,18.35414175927736,-100.7164747835403,1.6342008776975487,-3.0036266481251204,13.036861248982495,-66.44917220640914,19.41933072258622,69.48944430795531,61.50898804047715,-945.6689861964911,1375.0865645527192
2025-09-05 21:24:19.528375,-5.567321023002412,17.5743628203005,-101.4892400128661,0.9897932725723654,-3.6615716201218036,12.882863204125062,-67.93257697369046,19.228426964833062,69.41675742868576,61.67467332690312,-945.5550155588251,1374.2718018936694
2025-09-05 21:24:19.533250,-5.299987797695765,16.32557378910798,-102.4703084211028,0.6296776837820688,-4.198983531620345,12.794167659292496,-69.62846821622597,19.176874268565527,69.34195367877227,61.86397981205779,-945.4432591878408,1373.4598863346
2025-09-05 21:24:19.543000,-4.237581865923916,14.740676246035264,-103.53415116221983,0.5378859176518582,-4.615174930005413,12.77139940132632,-71.3978100249261,19.24411253594127,69.26477371142214,62.07658645469847,-945.3339319621907,1372.6503006461944
2025-09-05 21:24:19.545625,-2.5051118625546587,12.977075622481948,-104.53593097326919,0.6788713662313482,-4.919983655360178,12.806881948382122,-73.08475788320749,19.39957176076871,69.18520445007583,62.31152675736125,-945.2271121773572,1371.84636446282
2025-09-05 21:24:19.548250,-0.269322252816208,11.19425190884966,-105.33382517727192,1.0020456894355532,-5.132328009292712,12.885571964030595,-74.53933610942937,19.60578853304347,69.10350862523836,62.567111842317125,-945.1228105414128,1371.0567517053341
2025-09-05 21:24:19.550875,2.282065108413895,9.531865692480705,-105.81047402872132,1.4481372687447909,-5.277629116422027,12.987083642511939,-75.63851683246025,19.822433529882616,69.02023903450491,62.84098628203832,-945.0211808260796,1370.2955937409815
2025-09-05 21:24:19.553500,4.960456058762729,8.09328247239892,-105.88878840862438,1.9556149712798439,-5.384971586664448,13.088028029623757,-76.30121358857774,20.010106145471465,68.9362526540224,63.13027646166568,-944.9228117225448,1369.5810589841803
2025-09-05 21:24:19.556125,7.594177260732706,6.935396778748247,-105.54128749743852,2.4666549439100374,-5.48422769030514,13.164459280022445,-76.49651493271212,20.133666303528187,68.85270804628789,63.43176078412758,-944.8290046949887,1368.9334727097648
2025-09-05 21:24:19.558750,10.044363624495627,6.064645643016628,-104.79295928427268,2.9326693622868767,-5.603034411963914,13.194559418029252,-76.24527890718507,20.16526805095744,68.77103943761165,63.7420125292601,-944.7419464750747,1368.3736118170154
2025-09-05 21:24:19.564000,12.216129758086083,5.440962875711053,-103.71577255730395,3.318477290069652,-5.76407766247737,13.161173866764504,-75.61356330649815,20.08656765856751,68.69293639160341,64.05751228056018,-944.6647423753066,1367.9207587221917
2025-09-05 21:24:19.565875,14.060496333206126,4.990823776098937,-102.41381858611865,3.60369561782701,-5.983546794708033,13.053371013949416,-74.69731626953404,19.88920285834785,68.6203283035966,64.37474219978765,-944.601317058398,1367.590565620255
2025-09-05 21:24:19.567750,15.566233384569992,4.626522030898137,-101.00234116224233,3.781002673681165,-6.271152789841754,12.866545122511091,-73.601706367277,19.57333350905679,68.55532568540737,64.6902875620646,-944.5561960141923,1367.3936229489836
2025-09-05 21:24:19.569625,16.746077049631523,4.265849468740676,-99.58685480553797,3.852532679380164,-6.631252561127091,12.601385984850001,-72.42100398354675,19.145084667143504,68.50008877657045,65.0009756697486,-944.5341841975644,1367.3350796469558
2025-09-05 21:24:19.571500,17.62269448110068,3.8476174224853263,-98.246996488502,3.825987999122484,-7.064361289463583,12.262410363178509,-71.22332602155865,18.61393388499065,68.45663319573417,65.30403246780567,-944.5399775297208,1367.4146412358223
2025-09-05 21:24:19.573375,18.215531262629092,3.3421800985881447,-97.02585403928094,3.7108112660724806,-7.568907403328626,11.856278722214181,-70.04093786435739,17.990183471291093,68.42661008189674,65.59719690944682,-944.5777890660221,1367.6263130617763
2025-09-05 21:24:19.575250,18.527922059132916,2.756789754658983,-95.9249396837706,3.5142070553665405,-8.143362322298834,11.389767930016024,-68.8664072976013,17.282255122645964,68.41114747480793,65.8787582650968,-944.6510789287256,1367.9578819870985
2025-09-05 21:24:19.579000,18.53785188203576,2.133020276197877,-94.90767427684003,3.2379512452912316,-8.788253766029765,10.867741193049053,-67.65733835576594,16.494412397105076,68.410836503801,66.14752945635551,-944.7623984059156,1368.3907120384883
2025-09-05 21:24:19.581500,18.197822104531024,1.5343144655132592,-93.91324803833638,2.8776055290122957,-9.507097270969073,10.291925759457651,-66.35109851420441,15.626077842889565,68.4258332956734,66.40279801974933,-944.913279937716,1368.9008407765796
2025-09-05 21:24:19.584000,17.44486112098982,1.0269905730490254,-92.87714564763972,2.424624686229848,-10.305792970673808,9.660985761520667,-64.88553925056794,14.67313583213021,68.45596156148507,66.64427858385345,-945.104122651842,1369.461254505034
2025-09-05 21:24:19.586500,16.215681949290595,0.661407474622692,-91.75113952993473,1.8701142522743264,-11.191018232439376,8.971572186407496,-63.218651696909184,13.6303964396583,68.50073232701577,66.87204064216628,-945.3341041346412,1370.0436025031622
2025-09-05 21:24:19.589000,14.461092933852687,0.45805907117247413,-90.51764624541764,1.2085741119613744,-12.168443017511851,8.219683668755733,-61.34232751584115,12.494134828599043,68.55928303140529,67.0863845979329,-945.6011892515917,1370.6183694504443
2025-09-05 21:24:19.591500,12.158253230869057,0.39937348366654013,-89.19772689039277,0.44115592574236634,-13.240954125197891,7.402149690263857,-59.28955629274756,11.264439019440916,68.63029178816198,67.28770259205875,-945.9022715129016,1371.1543748757786
2025-09-05 21:24:19.594000,9.321478988522536,0.42711882412345886,-87.85313760546406,-0.42137791866873753,-14.406753018006839,6.518380989858876,-57.13539137760763,9.947470444426019,68.7118855198983,67.47638540763096,-946.2334188047662,1371.6190306061608
2025-09-05 21:24:19.599000,6.008998284026295,0.4472891998034191,-86.58075875986071,-1.356731082754651,-15.657760269506083,5.57207154808672,-54.99017666971777,8.55705653843714,68.80152455495896,67.65278594590175,-946.5901502245324,1371.9800192099556
2025-09-05 21:24:19.604500,2.3211228670355157,0.34381911934681203,-85.49813203155962,-2.3315281264259085,-16.97913135127164,4.572098809606183,-52.98415372501583,7.11464009117304,68.89592491940947,67.8172005850311,-946.9676616568219,1372.2075902065417
2025-09-05 21:24:19.610000,-1.611202703943521,-0.0015445571146241335,-84.72297431235674,-3.304503018874874,-18.35019382425641,3.532170102073279,-51.246544547975454,5.647297695213341,68.99112987951746,67.9698328357607,-947.3609486908853,1372.2763447523512
2025-09-05 21:24:19.615500,-5.64321126435425,-0.6888240511836801,-84.35273995974504,-4.231229692762349,-19.746281503967623,2.4695031303238135,-49.88505766256526,4.184601753951053,69.08274404287648,68.11075142478974,-947.7648271505108,1372.1665418368339
2025-09-05 21:24:19.621000,-9.633073055172373,-1.7831189488936607,-84.44901094026176,-5.068881173804869,-21.14071944486863,1.4031452685219048,-48.97039761064979,2.7553907221050498,69.16624970827938,68.23988568426687,-948.1738966500619,1371.8652390424359
2025-09-05 21:24:19.626500,-13.457272250414793,-3.302518859838748,-85.02753042930226,-5.7806927760270845,-22.50686978049984,0.3520739481712773,-48.526660543186885,1.3847778851392472,69.23733516775236,68.35706410297986,-948.5825239360003,1371.3669132657942
2025-09-05 21:24:19.632000,-17.02513721055194,-5.211428871245891,-86.05389002915716,-6.340321868288215,-23.820499615698253,-0.6670529687114164,-48.52781787304138,0.09133269786685663,69.29218886020625,68.46206185894071,-948.9849264197329,1370.6735465753054
2025-09-05 21:24:19.643000,-20.289250728357498,-7.422824163200172,-87.44758234964323,-6.735155668313129,-25.06206720375286,-1.642070220419723,-48.90283734168707,-1.1149537828097222,69.32770802634234,68.55464453939608,-949.3753727468217,1369.7947484212655
2025-09-05 21:24:19.649375,-23.246383301435475,-9.811796078114448,-89.09648947412677,-6.966946255715401,-26.217957877174857,-2.5665034650405687,-49.55095437175348,-2.23289022635913,69.341591854382,68.63462544546142,-949.7484101715247,1368.7478074187457
2025-09-05 21:24:19.655750,-25.92778859210963,-12.236584328914082,-90.87791148561428,-7.049243143163799,-27.280093031119407,-3.43923732401812,-50.36271739670502,-3.268219964390302,69.33235308611582,68.70192723547258,-950.0990172133129,1367.5570548635105
2025-09-05 21:24:19.662125,-28.384137803484514,-14.557788300904972,-92.67656791902303,-7.002877952772132,-28.244208104823862,-4.262891876246729,-51.23713696912753,-4.2306276820036155,69.2993092818583,68.75658824011394,-950.4226869438188,1366.252566937338
2025-09-05 21:24:19.668500,-30.673554150316637,-16.647342430007452,-94.39102065264807,-6.8518479293587875,-29.10782943262794,-5.041861347178052,-52.086702945097876,-5.13127440166634,69.24256915116074,68.79867702878111,-950.7154884034957,1364.868737437183
2025-09-05 21:24:19.674875,-32.858349217762175,-18.386665450568252,-95.92853183854922,-6.621499009846803,-29.86916416517436,-5.781151857046382,-52.83098048978234,-5.982074831038864,69.16300208161556,68.82817293532004,-950.9740955269178,1363.4430771353864
2025-09-05 21:24:19.681250,-35.00910633663319,-19.661286793953643,-97.19679150459727,-6.339055594390339,-30.527425018824413,-6.486492290018976,-53.38784291723423,-6.796568335716804,69.06221414704316,68.8449114841007,-951.1957857779173,1362.0149996074742
2025-09-05 21:24:19.694000,-37.20919531004702,-20.360628001690564,-98.1018921042289,-6.034692814404541,-31.083937021133277,-7.165117210719218,-53.671667404160736,-7.5910277492530795,68.94255424935774,68.84863725422584,-951.3784915856185,1360.6239964584465
2025-09-05 21:24:19.696250,-39.552718193334286,-20.38683315354199,-98.55635933172857,-5.741027304580408,-31.54276591955797,-7.82610139210112,-53.60173599781671,-8.38433732037758,68.80709941182688,68.83912093095121,-951.5209490250352,1359.3073461287258
2025-09-05 21:24:19.698500,-42.13402657405735,-19.6692785204024,-98.49347079236027,-5.490304809385646,-31.910090376163488,-8.479554126270552,-53.11665394425435,-9.196153403420288,68.65955232389229,68.81625987846066,-951.6228379475167,1358.0983298639085
2025-09-05 21:24:19.700750,-45.033567942816724,-18.175767968231515,-97.87863927567179,-5.31054547940782,-32.19262934108717,-9.134878657636406,-52.18546309564579,-10.044161024022191,68.50409155414445,68.78012128880063,-951.6847679961119,1357.0253700463145
2025-09-05 21:24:19.703000,-48.30813877697408,-15.91235536078615,-96.70969697913438,-5.2229536893929716,-32.39623451489921,-9.799027291375845,-50.80729946053325,-10.941926853706011,68.34527161804024,68.73093864559222,-951.7080981482544,1356.111382232345
2025-09-05 21:24:19.705250,-51.99084836244598,-12.911989452110788,-95.00603442269873,-5.24210887349441,-32.525661421434194,-10.475785739887709,-48.9997469665707,-11.898432523453579,68.18797824117095,68.66908320874707,-951.6947072948249,1355.3725228358326
2025-09-05 21:24:19.707500,-56.099220698956636,-9.220191087285775,-92.79470534681282,-5.3784436610739235,-32.585651142070894,-11.166417979530964,-46.784482063075494,-12.9191716091578,68.03737228510522,68.59503063083137,-951.6468585602885,1354.8165202725713
2025-09-05 21:24:19.712000,-60.64433223111548,-4.886844785520305,-90.10293299993283,-5.6409563307447605,-32.582489079484496,-11.870994596404726,-44.17998119186941,-14.007624450551878,67.89879978943694,68.50933319044468,-951.5672626072454,1354.4419521382779
2025-09-05 21:24:19.712875,-65.63369736582084,0.03191175217350946,-86.96126820775723,-6.038099788293388,-32.52487013628573,-12.589311465509198,-41.205327339675335,-15.165782855145524,67.77768415089949,68.41259121268139,-951.4593041587683,1354.239637253383
2025-09-05 21:24:19.713750,-71.06558629716153,5.4647624074973455,-83.41407172597073,-6.5762124913872135,-32.42340464876578,-13.320760610277596,-37.891430808329055,-16.393243012360962,67.67937435281458,68.30542418594071,-951.3271879390705,1354.1953411515751
2025-09-05 21:24:19.714625,-76.91910818235648,11.317727844187342,-79.5284333544163,-7.256757043980094,-32.28905011703501,-14.063365364095079,-34.29080102196153,-17.68555367950522,67.60886786936085,68.18845216004964,-951.1757638931539,1354.2918852700113
2025-09-05 21:24:19.715500,-83.1480250260425,17.47603185611518,-75.39332055545975,-8.074645008857784,-32.1314942773856,-14.812834632988668,-30.477706602511216,-19.03317498190524,67.57037971173766,68.0622863630252,-951.0100655876274,1354.5100269710465
2025-09-05 21:24:19.716375,-89.68377265570979,23.815795226049435,-71.10834716525446,-9.019140390699357,-31.958557547742707,-15.562515393460655,-26.53775643199556,-20.422093276048237,67.5668893636237,67.92753199945916,-950.8348125798723,1354.828802746194
2025-09-05 21:24:19.717250,-96.44629375472246,30.218271156808818,-66.76980519823184,-10.076897003806634,-31.776930670089392,-16.30450753357218,-22.554526024190682,-21.836011051623448,67.59983496815299,67.78481691895395,-950.6540778096593,1355.2259043826152
2025-09-05 21:24:19.719000,-103.35563204885577,36.57786829259652,-62.46330973033777,-11.235177641198032,-31.593520966149157,-17.03139586760993,-18.6032781606843,-23.258864221101458,67.66896246683028,67.63482677816644,-950.4711513572258,1355.678261600604
2025-09-05 21:24:19.722750,-110.3369999197567,42.799833441296826,-58.26727638806828,-12.48321336183471,-31.41622225584554,-17.73762014590904,-14.756102702488425,-24.67615052827337,67.77226019472302,67.4782921564284,-950.2885316004921,1356.1629201417536
2025-09-05 21:24:19.726500,-117.317024400201,48.79002480230404,-54.26458321965882,-13.811004946577864,-31.25346782801074,-18.41981037914441,-11.094934919013607,-26.074491921854978,67.90602056765661,67.31590266887805,-950.1079624588135,1356.6578751229
2025-09-05 21:24:19.730250,-124.21494957793085,54.443009762645254,-50.556415579168814,-15.206644732508831,-31.11295796345513,-19.076268462694934,-7.726022744040439,-27.440122496431588,68.06512045702716,67.14820163907491,-949.9304947253487,1357.1422744286347
2025-09-05 21:24:19.734000,-130.93392860399197,59.63329469973144,-47.27379898625708,-16.653665056131214,-31.000334461030754,-19.70621229240271,-4.791765206674553,-28.757270519654075,68.24349834014225,66.97555638385238,-949.7566197600493,1357.5963073183484
2025-09-05 21:24:19.737750,-137.3536255304342,64.21065153013639,-44.585183126204804,-18.12870435632813,-30.917954393206834,-20.308920637082306,-2.47843465175554,-30.006659523253525,68.43469239904502,66.79822456888347,-949.5864909147219,1358.001823791782
2025-09-05 21:24:19.741500,-143.3235300996356,67.9997288238325,-42.698639799678745,-19.599198189517125,-30.863512961446553,-20.88255820358512,-1.0179361975160455,-31.164049438150265,68.63231242073337,66.6164288234806,-949.4201736208729,1358.343916259494
2025-09-05 21:24:19.749000,-148.65973138218908,70.80633811699097,-41.85578646215417,-21.021852612444373,-30.82879404975015,-21.422932679469028,-0.6803374854819,-32.19937150804137,68.83039815641705,66.4303584505278,-949.2578833414112,1358.612511990681
2025-09-05 21:24:19.749000,-153.14984784835667,72.43228798440416,-42.31571461368929,-22.343320469448557,-30.79931517217827,-21.922900943181325,-1.7554942104359834,-33.077326191409774,69.02367324579401,66.24011389066577,-949.1001966217741,1358.8030788858487
2025-09-05 21:24:19.749000,-156.56755817437735,72.69609054794311,-44.331828019636255,-23.503643773822475,-30.75533209625002,-22.372954168059074,-4.527387113037301,-33.759721974461605,69.20773536884181,66.04568166039066,-948.9481455642295,1358.9164808212654
2025-09-05 21:24:19.749000,-158.69344129494593,71.45307328395133,-48.128968663525775,-24.44182641147381,-30.674002852767618,-22.762987156352093,-9.24953444645695,-34.209068037600375,69.37922770136552,65.84701458504172,-948.8030640182417,1358.9585242075582
2025-09-05 21:24:19.749000,-159.33746308820616,68.60971719222972,-53.88739089814795,-25.1025099693039,-30.532218143756634,-23.0848690745705,-16.128346548952372,-34.3927038746572,69.53598044280818,65.64420995962597,-948.6661913600902,1358.9396533843874
2025-09-05 21:24:19.749000,-158.36075155871373,64.13191194745902,-61.73405513081323,-25.442987789974996,-30.30981624825035,-23.335384102750822,-25.31432278991457,-34.28705834275482,69.67705808215854,65.43770570115798,-948.5382361185403,1358.8748884807928
2025-09-05 21:24:19.749000,-155.69509441818468,58.048197185641826,-71.73898048112967,-25.439701134200114,-29.992923314547177,-23.519122535316217,-36.89815033519258,-33.881684913712306,69.80268028893008,65.2284101499567,-948.4191197309895,1358.783676803887
2025-09-05 21:24:19.749000,-151.35576954054525,50.44579768131062,-83.91775213709793,-25.09270215593978,-29.576680253346364,-23.65065011482146,-50.912685565112284,-33.18213281192572,69.9140499107617,65.01773685317035,-948.3079479418101,1358.6892706612816
2025-09-05 21:24:19.753375,-145.44233403819263,41.457051034590386,-98.24199816480007,-24.426492293571954,-29.066382321354986,-23.755097612524015,-67.34278230907951,-32.21044561552853,70.01312165004636,64.80758257283044,-948.203093566301,1358.6173348152197
2025-09-05 21:24:19.757750,-138.1258732855472,31.238516998954275,-114.65533432948254,-23.486745914261174,-28.476556918715357,-23.866683268388865,-86.1402307073185,-31.00282528019725,70.1023119163893,64.60031101170865,-948.1022869125783,1358.5936678768812
2025-09-05 21:24:19.762125,-129.62611008220242,19.94860659166458,-133.08947679879464,-22.333829205827428,-27.828270360260824,-24.025415833352024,-107.23819828194655,-29.60507226187859,70.18417304102364,64.3987652612001,-948.0027628351078,1358.6415132073098
2025-09-05 21:24:19.766500,-120.1846399320246,7.72985614413912,-153.47567307268395,-21.03491286770885,-27.145503910575577,-24.27282874971533,-130.56071989985307,-28.06709732390006,70.26108678523765,64.20627067455878,-947.9015512111293,1358.779187462137
2025-09-05 21:24:19.770875,-110.04163668873535,-5.299204225592854,-175.7477499397031,-19.656846276876255,-26.451715889235437,-24.647885381199373,-156.02436917426218,-26.438097966820642,70.33501232505516,64.02657128817297,-947.7958590577061,1359.0183096236924
2025-09-05 21:24:19.775250,-99.42214609197056,-19.040632710888524,-199.83537062937805,-18.261677822028037,-25.76762369604066,-25.1840983511234,-183.53116326660816,-24.763796785261594,70.4073097510945,63.8636719996983,-947.683416129484,1359.3629699033027
2025-09-05 21:24:19.784000,-88.53418352025423,-33.40454849240222,-225.64981584640626,-16.905620974033546,-25.1107235557748,-25.908406322999664,-212.95516173057464,-23.086311937261367,70.47865745940514,63.72159896093471,-947.5627016733165,1359.8105426891807
2025-09-05 21:24:19.786500,-77.5765092086091,-48.292766066446454,-253.0672278211049,-15.640950846590073,-24.49639265654866,-26.841712596539843,-244.12782297677472,-21.446180421225467,70.5490364646689,63.60411765849413,-947.4330378156224,1360.354001940078
2025-09-05 21:24:19.789000,-66.75043793868711,-63.58507406676587,-281.9155841598669,-14.519202706548231,-23.939847902302844,-28.000407334973385,-276.8281307130303,-19.885123595001552,70.61772458285766,63.51445719123792,-947.294570405992,1360.9845084071421
2025-09-05 21:24:19.791500,-56.26731302488976,-79.1352105490919,-311.97221962145863,-13.593225342237892,-23.457779638784118,-29.397721130556484,-310.7834722088273,-18.447551926377315,70.68329576344975,63.45509139323206,-947.1481188048888,1361.6932611197908
2025-09-05 21:24:19.794000,-46.344581561100966,-94.7800800272647,-342.97508967907817,-12.916029513041469,-23.06849547932911,-31.043809611951204,-345.6835504019424,-17.179335959891944,70.74367607428188,63.42761876923844,-946.9948898403646,1362.472105176059
2025-09-05 21:24:19.796500,-37.190328269306754,-110.35792182456487,-374.64336690540347,-12.536358291847831,-22.790258285969585,-32.94429892025934,-381.2024291122827,-16.1240534353375,70.79627745542534,63.432747875643194,-946.8361930147581,1363.3124828704604
2025-09-05 21:24:19.799000,-28.98292410716003,-125.72611349034106,-406.6982010540523,-12.49286845289746,-22.638549213722907,-35.09797758165533,-417.0196999219262,-15.318302582449741,70.83817007990906,63.470345188826215,-946.6733005942423,1364.2031560087207
2025-09-05 21:24:19.804000,-21.85422941967692,-140.77067086513736,-438.87568177432934,-12.809333400057241,-22.623421047199653,-37.49471847234359,-452.8336788605282,-14.787884879232598,70.86627125556821,63.53947525266723,-946.5074380937905,1365.1284615596805
2025-09-05 21:24:19.804625,-15.882504315805184,-155.40446019238942,-470.92865818272423,-13.492631251882674,-22.747964727128046,-40.1145371859985,-488.3638120240056,-14.546079205809995,70.87757089710796,63.638398258519956,-946.3398830347664,1366.0684703827856
2025-09-05 21:24:19.805250,-11.096401171398373,-169.55671721914118,-502.6196414899601,-14.53398070406009,-23.008368813347236,-42.92810651031811,-523.3437200544934,-14.594243125701146,70.86936964126919,63.764578476762374,-946.1722081624821,1367.0004928766411
2025-09-05 21:24:19.805875,-7.485990547254749,-183.15986936994827,-533.7109301935483,-15.912347775365408,-23.395197784043834,-45.898319928975916,-557.5103888748836,-14.923930585463458,70.83944803948692,63.9148027883034,-946.0065793921755,1367.9009148241248
2025-09-05 21:24:19.806500,-5.015483898909433,-196.13842158497667,-563.9571880598235,-17.598484597884887,-23.895126452556127,-48.98229580143631,-590.5955936147003,-15.51944166914405,70.78612700196216,64.08544016176667,-945.8459281670965,1368.7473150519272
2025-09-05 21:24:19.807125,-3.636334510177184,-208.4009104407862,-593.1015046277233,-19.55920810038733,-24.4929270514829,-52.13377142838434,-622.3216830075913,-16.36052985545175,70.70826440456845,64.27275996858113,-945.6939369029241,1369.5206979151535
2025-09-05 21:24:19.807750,-3.3012551211439187,-219.83548058821893,-620.8749140242205,-21.762109612046068,-25.173876535618454,-55.3060967977076,-652.4019211701938,-17.425450132625176,70.60525358019233,64.47320669113654,-945.5548909944141,1370.2068787557246
2025-09-05 21:24:19.809000,-3.9757986513239416,-230.31250002934812,-647.0021129035079,-24.17968075680118,-25.926136104003344,-58.455358054594406,-680.5476063758126,-18.693725908047007,70.47706034447637,64.68360514227459,-945.4334524368423,1370.796461488725
2025-09-05 21:24:19.813250,-5.641759862468195,-239.69691838430424,-671.2158875750813,-26.79102508393822,-26.74210817043402,-61.542594895474096,-706.4835424274535,-20.14740665406901,70.32432202462823,64.90131130883503,-945.3343807902406,1371.2842540672982
2025-09-05 21:24:19.817500,-8.290486596379045,-247.86681115878395,-693.2770886513524,-29.58039812825226,-27.618135927029968,-64.53442501988272,-729.9679143668859,-21.77030751099848,70.14852241316649,65.12428925319772,-945.2621832838041,1371.6695235546622
2025-09-05 21:24:19.821750,-11.910509067793924,-254.7285220610902,-712.9908454272828,-32.53366958926806,-28.55274353886954,-67.40218851042991,-750.8070403898777,-23.5459809176137,69.95221991757802,65.35106769431384,-945.220617868151,1371.957174757914
2025-09-05 21:24:19.826000,-16.477487262209827,-260.21980541167,-730.2100865116466,-35.63498570869334,-29.544402145088696,-70.1204554164712,-768.8564493946053,-25.45589709454511,69.7392554457602,65.5805620570299,-945.2120626839729,1372.1585382600442
2025-09-05 21:24:19.830250,-21.95251206312127,-264.3010896178246,-744.8262887142744,-38.86564309777212,-30.590122150972906,-72.66606154766518,-784.0092103902708,-27.479077203454118,69.51485302806014,65.81181500654493,-945.2370069405889,1372.2909523144763
2025-09-05 21:24:19.834500,-28.288373998289618,-266.9433466111133,-756.7566098775839,-42.20546818426022,-31.68553473021327,-75.01835917590307,-796.1818896989115,-29.59334574079506,69.2855852661084,66.04373657065354,-945.293916272659,1372.3765359337376
2025-09-05 21:24:19.843000,-35.43742882388399,-268.12208424693375,-765.9377740281169,-45.635058804479435,-32.825918425094365,-77.16033738571221,-805.3089205035131,-31.77712836759036,69.05923092636115,66.27489530900063,-945.3794357950145,1372.440657707215
2025-09-05 21:24:19.845875,-43.35378077973976,-267.8218585030822,-772.331199608377,-49.13669607652526,-34.006975849943316,-79.07958574858104,-811.3490856428405,-34.01030640145362,68.84454898890525,66.50339315726596,-945.4887597927716,1372.5100907710184
2025-09-05 21:24:19.848750,-51.98669307449399,-266.0490496908289,-775.9366360481869,-52.69279427249015,-35.22450483512186,-80.76823398405709,-814.3003402175592,-36.27334253489264,68.65098789213914,66.72684704635738,-945.616068686016,1372.6108899261626
2025-09-05 21:24:19.851625,-61.2672477993073,-262.8467781968527,-776.8077538477412,-56.28222292221979,-36.472881103305596,-82.22165830121735,-814.2159929453835,-38.544936726196106,68.48834468160709,66.94246865061469,-945.7549702347777,1372.7664227011828
2025-09-05 21:24:19.854500,-71.09336984253342,-258.30567329873367,-775.0630063708456,-59.875855691802286,-37.74289876974089,-83.43638035571163,-811.2155490519297,-40.799193961900045,68.36637168521122,67.14721737423257,-945.8988965794191,1372.9960205837388
2025-09-05 21:24:19.857375,-81.31952635393047,-252.56571836130323,-770.8864467684792,-63.433234041823695,-39.01988670266757,-84.40799932504737,-805.4850832665311,-43.00365863561088,68.29433577164613,67.33799812870426,-946.0414446448713,1373.3143319721103
2025-09-05 21:24:19.860250,-91.75638614976594,-245.80737440976364,-764.5165743941382,-66.90206333719944,-40.28304738075354,-85.13008445997257,-797.2656564116447,-45.11941394308125,68.28055903860741,67.51186478395975,-946.1766429158677,1373.7307461804521
2025-09-05 21:24:19.866000,-102.18216430444649,-238.23421969945133,-756.2260875975273,-70.22122878502354,-41.506530632138166,-85.59458042928294,-786.8330280115333,-47.10362419300325,68.33199179718963,67.66619762312932,-946.29912373506,1374.2484040192794
2025-09-05 21:24:19.869375,-112.36328928890688,-230.05188176511723,-746.2980037172437,-73.32671287845089,-42.66210752937414,-85.79363621168737,-774.4742641192668,-48.913928268853006,68.45389160462287,67.79883041353135,-946.4042273141193,1374.8638141459196
2025-09-05 21:24:19.872750,-122.07853945247452,-221.4492935454048,-735.004550043437,-76.15866819869863,-43.72270404988006,-85.72218380604453,-760.4677352172797,-50.513329984484564,68.6496572622101,67.90810534967808,-946.4880919433318,1375.5679563664644
2025-09-05 21:24:19.876125,-131.13794208276414,-212.58924100623372,-722.5961868865119,-78.66706211194888,-44.665533563055526,-85.38017520922173,-745.0736439656349,-51.87370993590225,68.92079016807324,67.99287666856138,-946.5477543718058,1376.3476652250056
2025-09-05 21:24:19.879500,-139.38894794349108,-203.6120853024482,-709.3047447013901,-80.81366605787109,-45.47357019737536,-84.77344264064723,-728.5382741682705,-52.97648174055685,69.2669136344197,68.05251096062351,-946.5812358479697,1377.1861340059822
2025-09-05 21:24:19.882875,-146.70940397880926,-194.6487558555052,-695.356221323944,-82.5701451171997,-46.13496106336793,-83.91288071038575,-711.1068261991729,-53.810450797429354,69.68580482174193,68.08689295328146,-946.5875777017252,1378.063241175255
2025-09-05 21:24:19.886250,-152.99381534803038,-185.83383656799654,-680.9833335651446,-83.91402151069103,-46.64102537036099,-82.81248909500583,-693.035033128682,-54.368311323876426,70.17343682521638,68.09642565559379,-946.5668375909052,1378.9564310697324
2025-09-05 21:24:19.893000,-158.14131112113014,-177.31095048680118,-666.4296134295466,-84.824932069672,-46.98398011710222,-81.48719777068032,-674.5919193593945,-54.64350088316268,70.7240471345088,68.08202488031343,-946.5200769418428,1379.841741341771
2025-09-05 21:24:19.900375,-162.05156368187767,-169.22767802142553,-651.9423698317047,-85.28308975865878,-47.15545430396308,-79.95136513687457,-656.0515275349544,-54.628661165730136,71.33023758830115,68.0450867446422,-946.4493045525963,1380.6946993472384
2025-09-05 21:24:19.907750,-164.6301686373645,-161.7225342187126,-637.7575639244026,-85.27054042865149,-47.14633227085636,-78.21843932191753,-637.6769248035143,-54.31610238350422,71.98311170914687,67.98740231464721,-946.3573159331432,1381.4913698365053
2025-09-05 21:24:19.915125,-165.79948700874291,-154.9097753871236,-624.0827054586808,-84.77414140240153,-46.94762834988205,-76.30154827109362,-619.7025438101263,-53.69961898786641,72.67248904460382,67.91104185143008,-946.2474405129896,1382.209618605857
2025-09-05 21:24:19.922500,-165.50968706024437,-148.86684787698135,-611.0823566778524,-83.78870618140591,-46.55172346752505,-74.21440600192335,-602.3193863395195,-52.776596795172786,73.38721919128776,67.81827029108351,-946.1232621114144,1382.8306015927328
2025-09-05 21:24:19.929875,-163.74897433085985,-143.62562309639551,-598.8672756183443,-82.31997601221836,-45.95384140212554,-71.97238362339007,-585.6644650812888,-51.55009571818087,74.11553026556297,67.71155104625393,-945.9883786782231,1383.3405403993202
2025-09-05 21:24:19.937250,-160.55398223739093,-139.16779044065532,-587.4881062893833,-80.3877350519894,-45.153973649124424,-69.59397117514075,-569.8155534589538,-50.031096807135135,74.8453353182231,67.59364843853436,-945.846259489335,1383.732047388905
2025-09-05 21:24:19.952000,-156.0172070819227,-135.42750190043662,-576.9372847470595,-78.0282054812475,-44.15883622212942,-67.10232891730496,-554.7942628470346,-48.24035291861703,75.56449615795039,67.46777474050918,-945.7002304705996,1384.0039113019366
2025-09-05 21:24:19.957000,-150.28571737758816,-132.3040125088124,-567.1618005131296,-75.29395755221559,-42.982891268482,-64.52604499626378,-540.5792663830708,-46.208666205050605,76.2610695310023,67.33769356791068,-945.5535786380975,1384.159683546949
2025-09-05 21:24:19.962000,-143.54871053730534,-129.6821431081436,-558.0840839124245,-72.25044823846359,-41.647749904798445,-61.89847158883606,-527.1266629940001,-43.97500133575373,76.92355476081369,67.20769549568094,-945.4097194969446,1384.2064787477284
2025-09-05 21:24:19.967000,-136.01650972468263,-127.45457389661405,-549.6247238802102,-68.96981677925176,-40.17996664696675,-59.25571356605395,-514.3913196761206,-41.58282188083146,77.54116503204213,67.08241367247872,-945.2723036665132,1384.1543286276983
2025-09-05 21:24:19.972000,-127.89664548543688,-125.5395707459095,-541.7206760745728,-65.5235881875999,-38.6078556258447,-56.63383232236393,-502.34318300322917,-39.07568184833517,78.1041042731745,66.96654570156433,-945.1451407040579,1384.0155346267384
2025-09-05 21:24:19.977000,-119.37384867584646,-123.88913069277999,-534.3339076245555,-61.97640932509366,-36.95835659949471,-54.066045172014846,-490.97394587388254,-36.493473987701066,78.60380149843388,66.86458505151735,-945.0319490232392,1383.8040377059688
2025-09-05 21:24:19.982000,-110.59977156317757,-122.4857324686951,-527.4485127633469,-58.382676440539875,-35.255005957049335,-51.58076656799717,-480.2924975203975,-33.870635405462394,79.03308640389669,66.7805938318218,-944.9360577784763,1383.5349114593655
2025-09-05 21:24:19.992000,-101.69473174179024,-121.33004363936041,-521.0588402175224,-54.786779609521,-33.51760202297978,-49.20110129311769,-470.31209419182966,-31.23682184263597,79.38630902460378,66.71800660974696,-944.8601688854048,1383.2236749998883
2025-09-05 21:24:19.995000,-92.75957943225963,-120.4243353099153,-515.1538307172284,-51.2263748104799,-31.763464256019112,-46.945842117642115,-461.03480183328327,-28.619551824916705,79.65940138650527,66.67949736251755,-944.8062231338042,1382.8855276933655
2025-09-05 21:24:19.998000,-83.89205662682201,-119.75765104073194,-509.70375520734734,-47.737060237340174,-30.009618491924858,-44.83140340309539,-452.43925965153073,-26.04746956409421,79.84989518649073,66.66694122125718,-944.7753679219112,1382.5350401894912
2025-09-05 21:24:20.001000,-75.19901563295693,-119.29989777530992,-504.6561657240656,-44.35601621317172,-28.274786749307083,-42.87362431420296,-444.4777974266919,-23.552344149505398,79.95692185006578,66.68143911910236,-944.7679440865918,1382.1862425114532
2025-09-05 21:24:20.004000,-66.79703333957265,-119.00877030169394,-499.94442423389324,-41.12239407721013,-26.57997848225345,-41.088330717239785,-437.08556886861686,-21.16842461827142,79.98121718619686,66.72336502438277,-944.7834048857985,1381.852310219424
2025-09-05 21:24:20.007000,-58.80090084967008,-118.84534999842232,-495.50435463561803,-38.07412702003231,-24.94720508363483,-39.49022661166425,-430.19728900204825,-18.92934221180697,79.92513128597156,66.79243147095893,-944.820227517251,1381.5445610025845
2025-09-05 21:24:20.010000,-51.30639983515885,-118.7890696386654,-491.28980105525557,-35.24291434733416,-23.396914574931106,-38.09061846464902,-423.7627080749234,-16.864016423316535,79.79259201965274,66.88776633674219,-944.8759248660325,1381.2711019060062
2025-09-05 21:24:20.016000,-44.37568536523077,-118.8443327711508,-487.27965446362333,-32.64984446246532,-21.94532506132011,-36.89500959873713,-417.7534968914345,-14.99317785724303,79.58896330880626,67.0079767872122,-944.9471545325131,1381.0351135590854
2025-09-05 21:24:20.019875,-38.03146206854198,-119.03607544591276,-483.47390703676115,-30.303571199595666,-20.602737888171813,-35.901588423373255,-412.15924981781643,-13.327619160561483,79.32081186268557,67.1511789152472,-945.0298883919701,1380.8331791979645
2025-09-05 21:24:20.023750,-32.26155142577399,-119.39688312182886,-479.8814493107056,-28.201580222535416,-19.373291040038115,-35.10110804598927,-406.9755415313621,-11.868513597617431,78.99563060786667,67.31499097902052,-945.1196251181038,1380.6548492371467
2025-09-05 21:24:20.027625,-27.03003556425542,-119.95169033532933,-476.50539509451914,-26.333441129025474,-18.2557824092656,-34.47786846732156,-402.18977985763775,-10.609240149585828,78.62155160761839,67.4965308906143,-945.2115910914339,1380.4837447881
2025-09-05 21:24:20.031500,-22.28974126718224,-120.7051336550307,-473.33061240304374,-24.684517483336645,-17.24492492532905,-34.01121182092109,-397.76927507362,-9.537801592013897,78.20710777150717,67.69247103399984,-945.30086020592,1380.299354231217
2025-09-05 21:24:20.035375,-17.99484700738167,-121.63270513724139,-470.3146238639709,-23.239789765416575,-16.332952814290415,-33.677437314225045,-393.65259842328913,-8.639533041357826,77.76110020552926,67.89915097646086,-945.3823925283251,1380.0789192443226
2025-09-05 21:24:20.039250,-14.114343749030493,-122.67581769015361,-467.38264053478605,-21.98799823502349,-15.51179382786622,-33.452339176182434,-389.7452563612805,-7.900172199340856,77.29253269801035,68.11271324637259,-945.4510935003137,1379.7995514490376
2025-09-05 21:24:20.047000,-10.643119535719416,-123.7436422449975,-464.43026774324176,-20.925126333320435,-14.77539485787919,-33.31395688855433,-385.9233338589043,-7.30862345584258,76.81052259233599,68.32923439626082,-945.5019702481335,1379.4407201814238
2025-09-05 21:24:20.054500,-7.604822688423757,-124.72449539977366,-461.33647295959815,-20.055451757642864,-14.121191922613272,-33.244518362601575,-382.04725154235564,-6.858177730715406,76.32415861144162,68.54482442786743,-945.5303116879412,1378.986322193664
2025-09-05 21:24:20.062000,-5.0444788809938315,-125.50449033000837,-457.98353762935506,-19.38951991409996,-13.550066870337792,-33.23091655571865,-377.9819678128181,-6.545692357338562,75.84233650028852,68.75568764670275,-945.5318222560179,1378.4252028212968
2025-09-05 21:24:20.069500,-3.0150199729751286,-125.98686488738113,-454.27673301329145,-18.94026549820339,-13.065092570211075,-33.264001101600336,-373.61661221524196,-6.369514369896058,75.37360527728595,68.95819856076776,-945.5027979320585,1377.750436946918
2025-09-05 21:24:20.077000,-1.5634134840664988,-126.10660643868187,-450.15854254176463,-18.718986094878392,-12.66981999467806,-33.33735196420837,-368.8787025814555,-6.3272192476989,74.92603706577918,69.1490788475869,-945.4404405641317,1376.9587598640255
2025-09-05 21:24:20.084500,-0.7179514174054988,-125.83948480475696,-445.6169072571007,-18.731617763834166,-12.366387331283919,-33.445703850780895,-363.7421205836202,-6.413376607671852,74.50709845492031,69.32569552933728,-945.3432578957849,1376.0504708415665
2025-09-05 21:24:20.092000,-0.47606362960441106,-125.20602810846887,-440.6879366779436,-18.975075791848155,-12.153382035643551,-33.58288802373905,-358.2288852812226,-6.617188000109914,74.12349388269939,69.48637727996172,-945.2114154587379,1375.0291534692933
2025-09-05 21:24:20.107000,-0.795291168946303,-124.26868134114777,-435.4511160386427,-19.43438815608877,-12.023836609753369,-33.739686049097955,-352.40315415061934,-6.920606196828127,73.78099663210472,69.63061530297571,-945.0469469224404,1373.9010856742816
2025-09-05 21:24:20.111500,-1.5922947848783593,-123.12031196308003,-430.0154035688673,-20.08206053562862,-11.964183400553061,-33.90247938105847,-346.3565819097272,-7.298006596133342,73.48430353937266,69.75912137535485,-944.853812046976,1372.6747427211712
2025-09-05 21:24:20.116000,-2.7515483262979674,-121.86611357189979,-424.49887684695346,-20.88026337005013,-11.954665974536217,-34.05324973473809,-340.18787541556526,-7.717790933633517,73.23692966833964,69.87377922645359,-944.6378117484875,1371.3607349367512
2025-09-05 21:24:20.120500,-4.139920226523914,-120.60438879341783,-419.00782955852605,-21.78488488009541,-11.970860552688233,-34.17064039426714,-333.98223361381196,-8.145185749765036,73.04113656112432,69.97747276050555,-944.4063407302314,1369.9720867672568
2025-09-05 21:24:20.125000,-5.621947199222948,-119.41083794663683,-413.6199463401038,-22.7499991192035,-11.985601740489608,-34.23141731948451,-327.7951958573132,-8.54520086862156,72.89787219789524,70.07377400844788,-944.1680158814994,1368.524309569726
2025-09-05 21:24:20.129500,-7.07463757732672,-118.32727895607489,-408.37243550617893,-23.732362113828582,-11.971166321779672,-34.21220780747446,-321.6418937759621,-8.885542262890262,72.80671408532594,70.16655763882463,-943.9322823114991,1367.0351165357206
2025-09-05 21:24:20.134000,-8.402578178727072,-117.35495119668623,-403.2555102617425,-24.696121433076442,-11.901934430990819,-34.09179417702864,-315.49224773833777,-9.139695907571992,72.76582032215047,70.25963790867175,-943.7090049596223,1365.524167939595
2025-09-05 21:24:20.143000,-9.550150746505752,-116.45532357182502,-398.2144660176736,-25.616822275191772,-11.75714092507751,-33.853685287133615,-309.27509864878573,-9.289543739699456,72.77188595528021,70.35648504622566,-943.5079785887443,1364.012998552369
2025-09-05 21:24:20.145500,-10.5050373035408,-115.56108245673585,-393.16286947498725,-26.482968295128877,-11.522715288349817,-33.48801095173067,-302.8930500608475,-9.32625169714422,72.82011595782474,70.46004416468139,-943.3383834313136,1362.5250245913694
2025-09-05 21:24:20.148000,-11.290422352161974,-114.595208494468,-388.0040633212706,-27.294233728139744,-11.191472035353884,-32.991904747244845,-296.2446306469208,-9.248849165030483,72.90425541698438,70.57265850577647,-943.2083052536674,1361.0852826100809
2025-09-05 21:24:20.150500,-11.948247266436328,-113.49221934713599,-382.65454038535205,-28.056878139537588,-10.761667981463608,-32.36825517220266,-289.2473613353444,-9.061003579627803,73.01672512978887,70.69607420091762,-943.1244157349549,1359.7193370060859
2025-09-05 21:24:20.153000,-12.518975707129645,-112.215122102868,-377.0625913985348,-28.777903448557037,-10.234558973581766,-31.623369609550174,-281.8555753494561,-8.767128709687045,73.14888925593264,70.83148340268562,-943.0918244675465,1358.4515311797368
2025-09-05 21:24:20.155500,-13.024659763567035,-110.76296704577263,-371.2168252135149,-29.45994506338551,-9.611925996742618,-30.764452487241567,-274.0678570208356,-8.369226894647333,73.29143440396273,70.97956270016249,-943.1140450526523,1357.3036751992104
2025-09-05 21:24:20.158000,-13.461232957036609,-109.16702156502328,-365.14221576086027,-30.098702448979935,-8.894550874425068,-29.797838265352777,-265.9216414564327,-7.86568906074784,73.43478976333772,71.1404928226128,-943.1930331767596,1356.2948424168017
2025-09-05 21:24:20.163000,-13.802427929533014,-107.47769354071634,-358.88593956918874,-30.683725369076345,-8.08219107188113,-28.728566519963636,-257.4773763079637,-7.252487042771075,73.56952529245739,71.31397387673931,-943.3293081581415,1355.4417056024258
2025-09-05 21:24:20.166875,-14.01345577583002,-105.74689483247548,-352.4982835654882,-31.202088087526786,-7.174960450916947,-27.561307063027456,-248.79825364882822,-6.526232386216985,73.68671716285202,71.4992529105836,-943.5221487706199,1354.758552430918
2025-09-05 21:24:20.170750,-14.068914591556494,-104.01194664053538,-346.0154750905951,-31.643386363124346,-6.175492188015098,-26.302131439223142,-239.93303718275806,-5.687805714327116,73.77826928667027,71.695179328401,-943.7697810232272,1354.2568278392655
2025-09-05 21:24:20.174625,-13.966412680048583,-102.288263601204,-339.4523528030997,-32.00366950733502,-5.090842161100898,-24.960202431247183,-230.90974260531667,-4.744769320944307,73.8371477557494,71.90029420195353,-944.0694713561454,1353.9443334600155
2025-09-05 21:24:20.178500,-13.728355342872836,-100.57500505217946,-332.80907331883355,-32.286160854647825,-3.9330217464087243,-23.548326782107445,-221.74328501052258,-3.7111763518390997,73.85749875823494,72.1129340972727,-944.4175164563231,1353.82411400999
2025-09-05 21:24:20.182375,-13.391128590452873,-98.86995526871556,-326.08732047832024,-32.49843275686771,-2.7177051769681513,-22.081884572231647,-212.45157063708942,-2.604812002399002,73.8346596933023,72.33132235264787,-944.8091918544642,1353.8931817987213
2025-09-05 21:24:20.186250,-12.98795274256386,-97.18453685479989,-319.30615001734145,-32.64769797939321,-1.4616421959819428,-20.576577103586846,-203.07029157118785,-1.4431938382869665,73.76510399084715,72.55364227575362,-945.2387449067451,1354.1415721530893
2025-09-05 21:24:20.194000,-12.533795871423676,-95.55114623259774,-312.5094393789583,-32.73660073052779,-0.17990896351707952,-19.045987773983786,-193.65918903976734,-0.24000617421613785,73.64636860968842,72.77812084430607,-945.6994926882066,1354.5526711014008
2025-09-05 21:24:20.194375,-12.018733161622258,-94.01976749089049,-305.76207709648327,-32.76136244151459,1.1158783149721327,-17.49993864006862,-184.2973973226848,0.996764726527983,73.4770120675482,73.00315638120887,-946.1840136800048,1355.1053144671641
2025-09-05 21:24:20.194750,-11.412210763946568,-92.64567624922196,-299.13707244839856,-32.712993113076436,2.41776595132519,-15.94424519846352,-175.07005709459366,2.264456240167009,73.25666458318696,73.22746227737545,-946.6843637171756,1355.7767237353883
2025-09-05 21:24:20.195125,-10.676603021377659,-91.47301588380789,-292.69871417384513,-32.581163480911684,3.720114719205059,-14.38193239212921,-166.05130389969605,3.563275011341068,72.98620047909078,73.45013196299686,-947.1922745601771,1356.5447724548949
2025-09-05 21:24:20.195500,-9.785228851102605,-90.52025785807899,-286.4877278254799,-32.35945289089326,5.017236518980705,-12.815453278304313,-157.28979235009783,4.892602551764515,72.66794518685764,73.67055038402121,-947.699375615814,1357.388932623785
2025-09-05 21:24:20.195875,-8.737782982100944,-89.77383593669587,-280.5142909853049,-32.049998253382824,6.300902481766617,-11.249090764905418,-148.80274469510326,6.247483246963109,72.305763791057,73.88817159059384,-948.1975105441452,1358.2899469124313
2025-09-05 21:24:20.196250,-7.566566809337522,-89.19350189987117,-274.7623390563842,-31.66558197469912,7.558749494148926,-9.690636568268243,-140.5815656715401,7.61669099221709,71.90495380748614,74.10225322072712,-948.6791406563689,1359.2283586686517
2025-09-05 21:24:20.197000,-6.330865691465038,-88.72713997441383,-269.20328012894436,-31.22824339077223,8.774344851004434,-8.151663455474573,-132.60644348376346,8.983115049857322,71.47194664754029,74.3116345502057,-949.1376988839421,1360.1827278118799
2025-09-05 21:24:20.209000,-5.101714361814342,-88.3287063434093,-263.8131456276183,-30.76491753907095,9.929009874831806,-6.646226095963831,-124.86364458813507,10.32632653235764,71.01387302593717,74.51462091022765,-949.5677577191191,1361.1289235761633
2025-09-05 21:24:20.221000,-3.942861253432067,-87.9724683141886,-258.58631598863406,-30.301703437371803,11.004733664859524,-5.188514703052193,-117.35890200403799,11.62624172112003,70.53813706332966,74.70901767250632,-949.9650235473381,1362.0408446754955
2025-09-05 21:24:20.233000,-2.8958535818443205,-87.6575136150522,-253.53920282635255,-29.859003743907163,11.987022265300716,-3.790516257230059,-110.12048414710992,12.866171626559867,70.05216231952716,74.89227975904946,-950.3262591701495,1362.8917603167847
2025-09-05 21:24:20.245000,-1.9761011295054742,-87.39964947706534,-248.70042895741813,-29.4495637250484,12.866582345762906,-2.460775470119753,-103.18832855060171,14.033847054387763,69.56334063950537,75.06165661895879,-950.6492187040831,1363.6556096335353
2025-09-05 21:24:20.257000,-1.1812784737632862,-87.21438499938651,-244.09166072231068,-29.0800327280875,13.63926811787177,-1.2047929252559377,-96.59354401278205,15.120143472989998,69.07905379847925,75.21425017970272,-950.9326327077481,1364.3080127746389
2025-09-05 21:24:20.269000,-0.5070239473822422,-87.09982805425756,-239.7091055544883,-28.75488077893094,14.304484033370466,-0.026769780201581227,-90.33898787151871,16.11640828642336,68.60661538769305,75.34702413078618,-951.1761901518325,1364.8267575311356
2025-09-05 21:24:20.293000,0.03833024620398745,-87.02800418557392,-235.51488198901643,-28.480412199169287,14.86296346779775,1.0682152614755522,-84.3905614476677,17.011909849500395,68.15312145755333,75.4568412058933,-951.3804317245335,1365.1918292496048
2025-09-05 21:24:20.299250,0.42729283545768665,-86.94837125854232,-231.44190455348257,-28.26666815013443,15.315164610972388,2.0726874906506474,-78.68250854514126,17.79279223231009,67.72528824068733,75.54054180858974,-951.5465603748784,1365.3856992735573
2025-09-05 21:24:20.305500,0.6179320402224846,-86.80127912078879,-227.40943463412407,-28.126186309889928,15.661132612282424,2.9766651140200278,-73.1332008193481,18.443117261996473,67.32929084451817,75.59504854804894,-951.6762248280612,1365.3945725947133
2025-09-05 21:24:20.311750,0.567637891367441,-86.53536259251685,-223.34266561853036,-28.070121984943764,15.901836542053147,3.7690178798670138,-67.66454793131297,18.947634455850743,66.97060079579305,75.61751516370428,-951.7712995982134,1365.210490143887
2025-09-05 21:24:20.318000,0.2505291202545687,-86.12226638474003,-219.18922528391406,-28.103247148219573,16.041343672354216,4.43976491017173,-62.21808209684308,19.2952840318222,66.65388607057129,75.60552205741836,-951.8336830063496,1364.8333951554896
2025-09-05 21:24:20.324250,-0.3282545766147877,-85.56318795894566,-214.92668081349578,-28.21979907416802,16.08891009764801,4.982491895547389,-56.76200127379228,19.482055289709034,66.38299777982196,75.55725534868789,-951.8651616673138,1364.2720262382845
2025-09-05 21:24:20.330500,-1.127282746495016,-84.88469147655123,-210.5585851208635,-28.401979457371528,16.060010748332946,5.396000267079754,-51.286999964749405,19.511887376538052,66.16098154122926,75.47161416323917,-951.8673840509891,1363.543173674143
2025-09-05 21:24:20.343000,-2.0750122681297203,-84.12560498653991,-206.10138993915015,-28.621856595634025,15.975693215375504,5.684521195885672,-45.79345365325615,19.395137959677776,65.99008007232189,75.34826629539414,-951.8419504628979,1362.670045302928
2025-09-05 21:24:20.349375,-3.0855589459231854,-83.3196695572966,-201.56725161507362,-28.846100664418415,15.86037117757652,5.856391675817767,-40.27500268029772,19.145272455785626,65.87174422523206,75.18769474754231,-951.7905712317772,1361.6806586961848
2025-09-05 21:24:20.355750,-4.078587670668273,-82.48007853901144,-196.94908417560282,-29.04199130115188,15.73877103776141,5.921745962962788,-34.70495416436254,18.77511561810086,65.80664475257375,74.99123719228336,-951.7151870011359,1360.6063015783366
2025-09-05 21:24:20.362125,-4.995030452607788,-81.59326068901535,-192.2154899183855,-29.182402548456864,15.633075428762256,5.890249647776006,-29.03309140870085,18.294192998349807,65.79465625480547,74.76108896764337,-951.6179768478169,1359.4800938173894
2025-09-05 21:24:20.368500,-5.8012042934588335,-80.62620215889127,-187.3196814392163,-29.247612341390777,15.56135439028864,5.769945451837816,-23.196393167420673,17.708352930188738,65.83479411891169,74.5002173003489,-951.5013053815369,1358.33613231021
2025-09-05 21:24:20.374875,-6.480298418670115,-79.54341286402155,-182.217654130524,-29.22345823019472,15.537805997147625,5.567700828743878,-17.138027191188083,17.021818930618924,65.92509186453215,74.21214501794934,-951.367724579129,1357.2090283457965
2025-09-05 21:24:20.381250,-7.0171048828260645,-78.324078879773,-176.88559810676324,-29.097363930119307,15.57436316558841,5.290884665964021,-10.824348178530382,16.24057908691916,66.06245217517424,73.90066188521222,-951.2200633125584,1356.1331422636613
2025-09-05 21:24:20.394000,-7.384223343291835,-76.97128061887116,-171.32872016496464,-28.854573382248294,15.68261972163044,4.9493274432989605,-4.252779490178576,15.375436241546328,66.24257307452767,73.56959701311466,-951.061517449816,1355.141380145983
2025-09-05 21:24:20.394125,-7.536206370925614,-75.51016123872549,-165.57883384706835,-28.4764978755399,15.875034407349633,4.556546500722034,2.551216561636769,14.443381416062293,66.4600239211593,73.22272563708091,-950.8956397642087,1354.2637878389123
2025-09-05 21:24:20.394250,-7.413734206873123,-73.9778154820397,-159.6836774828463,-27.94188186994521,16.164785438212533,4.129649315197641,9.544932200278533,13.466861124035514,66.70844453653527,72.86379284208674,-950.7261876414038,1353.52630596363
2025-09-05 21:24:20.394375,-6.95415133165689,-72.41274973746374,-153.6957018897346,-27.229902384546662,16.56437243596764,3.6881511583526954,16.679464046200653,12.471524258508653,66.98081861630293,72.49659092881832,-950.5568500589599,1352.9501930763117
2025-09-05 21:24:20.394500,-6.100817281005346,-70.8518110418517,-147.66796177287173,-26.323107497008884,17.08389728534786,3.2526742711883907,23.90357318484385,11.483776710674357,67.26981120305797,72.12501380046353,-950.3909580843574,1352.552395139097
2025-09-05 21:24:20.394625,-4.805302021622732,-69.33558483623746,-141.65816450589105,-25.208319689653457,17.730241046947047,2.8444913782795487,31.159402683423643,10.529423630260075,67.56813862247847,71.75306080776168,-950.2313049863553,1352.3465977775468
2025-09-05 21:24:20.394750,-3.022611293508054,-67.91594939696,-135.73491454859433,-23.875331553746094,18.50761769857355,2.486084459038456,38.37609112201674,9.633665793463784,67.86891043500712,71.38481329694018,-950.0801024335689,1352.3440029997264
2025-09-05 21:24:20.395000,-0.7050587125271877,-66.6584154477562,-129.97897513127842,-22.31495058170051,19.418854688894708,2.202027923372418,45.46852254019599,8.821585569228363,68.16590074399797,71.02438643581912,-949.9390014522384,1352.553148401722
2025-09-05 21:24:20.396500,2.198828176988061,-65.63580137035547,-124.47616288929673,-20.51831914686248,20.466270018536953,2.0192548851091097,52.34466585418268,8.117952403799869,68.45372553447487,70.67584166554984,-949.8091253742181,1352.9794197549663
2025-09-05 21:24:20.398000,5.7378862954443095,-64.9149623111254,-119.30364792680402,-18.478330489506213,21.651486526495642,1.9662314001361574,58.919753521746095,7.545800197035531,68.72793039710457,70.34305869041874,-949.6911361388185,1353.625065267849
2025-09-05 21:24:20.399500,9.947485064514051,-64.54194603822337,-114.51499680899111,-16.192327856697386,22.97445103755329,2.0713500108353964,65.13176195654647,7.124281273360923,68.98499675129064,70.02955663208915,-949.5853559366593,1354.4895478150884
2025-09-05 21:24:20.401000,14.839047613080618,-64.530304081381,-110.12860351257054,-13.664771386732458,24.43229991992089,2.3611404118103088,70.95315257946456,6.866686403214469,69.2222416460841,69.73826105604435,-949.4919057451734,1355.569921741564
2025-09-05 21:24:20.402500,20.390752165299254,-64.85341450863605,-106.12030031876223,-10.909663711115014,26.01814383166135,2.8583803570495525,76.39784507510831,6.778729825673591,69.43763403145788,69.47126901451368,-949.4108124408364,1356.8613972641424
2025-09-05 21:24:20.404000,26.53814171961526,-65.44063627153895,-102.42000184676931,-7.953122253281718,27.719487529128283,3.579860025085714,81.52365865987085,6.8567245926881135,69.62963829171379,69.22969550130593,-949.342069575607,1358.3579943721907
2025-09-05 21:24:20.407000,33.16727846830293,-66.18010041541609,-98.9153148300055,-4.835368803126019,29.516614692720935,4.534071736305902,86.4276187799998,7.086110806358926,69.79715566134958,69.0136530884265,-949.2856382665329,1360.0523909702115
2025-09-05 21:24:20.414000,40.11608448020768,-66.931200809236,-95.46510429906675,-1.6105000165481234,31.38187711529155,5.719688364120814,91.23166760343832,7.44152355203801,69.93953238832601,68.82235262226767,-949.2413743718217,1361.934374500358
2025-09-05 21:24:20.421000,47.186107104792946,-67.54481815370123,-91.92072568461592,1.6567056254942953,33.280512434168664,7.125501195932747,96.06152277552208,7.8889581180165695,70.05658930106188,68.65426206978286,-949.2089197720379,1363.988655918898
2025-09-05 21:24:20.428000,54.16068431287296,-67.88460763962581,-88.14811904820353,4.895922410208626,35.172708525542625,8.731671960557973,101.02552266559842,8.389288275285276,70.14866730597751,68.50726543559743,-949.1876571096873,1366.1932432996755
2025-09-05 21:24:20.435000,60.82368585615466,-67.84353921964815,-84.04506557195656,8.036756796304546,37.016181905575536,10.511687729960471,106.19886530076268,8.901974403148198,70.21669448914179,68.37880105887008,-949.1767809020428,1368.5188398286718
2025-09-05 21:24:20.442000,66.97713086301104,-67.35458960836164,-79.55243480245234,11.014062811000016,38.76896219626342,12.434756725854584,111.61403822790535,9.388657769939504,70.26225685520615,68.26597399240795,-949.1753606592564,1370.9292212722148
2025-09-05 21:24:20.449000,72.45829149684621,-66.39631527964478,-74.65993686242753,13.773189423059007,40.392412633496804,14.468647198307497,117.25664770729051,9.816827064039062,70.2876211162256,68.16564037776733,-949.1822305900143,1373.3826744680991
2025-09-05 21:24:20.463000,77.15356446618372,-64.99170640809963,-69.40472910518491,16.274312742290224,41.85411607744251,16.58254859215133,123.06823359425593,10.162979221749382,70.29565544144032,68.0744712802095,-949.1957631094866,1375.8344569215697
2025-09-05 21:24:20.463750,81.00392865477178,-63.1983396852585,-63.86093990763825,18.49432021684094,43.12984127259572,18.749154462038,128.95796277648108,10.414129453547762,70.28966057250156,67.98900337193494,-949.2137011889482,1378.2394211871824
2025-09-05 21:24:20.464500,83.9999112777956,-61.09166219291942,-58.122024571775704,20.425598504798625,44.20406642613099,20.94545549798917,134.82106103315596,10.567156695646329,70.27318726083992,67.90569329780045,-949.2330968777153,1380.5537678395604
2025-09-05 21:24:20.465250,86.16957465055177,-58.74686100043435,-52.28158160117695,22.07271191855661,45.06930625489012,23.152441520225075,140.55813136997784,10.626609636940936,70.24988072459043,67.8210227642346,-949.2503463163232,1382.7361423672928
2025-09-05 21:24:20.466000,87.56470515930873,-56.22403962014179,-46.41743137869528,23.448482920435783,45.724887761776436,25.35426825075325,146.09059136151407,10.602028043086278,70.22332873605147,67.73169050806631,-949.2613407529948,1384.7489804391416
2025-09-05 21:24:20.466750,88.24652914307612,-53.55755840071319,-40.579789356786975,24.5698509855368,46.17533419268584,27.537035214023387,151.37171780031565,10.505141255027265,70.1968955402499,67.63485519298005,-949.2616802944103,1386.5599078871592
2025-09-05 21:24:20.467500,88.27025514161215,-50.74935073335798,-34.78353796509237,25.453273097434945,46.428146229109196,29.68700252903645,156.3936815118045,10.346818368039392,70.17356609674157,67.5283411519931,-949.2468658014078,1388.1423205248266
2025-09-05 21:24:20.469000,87.67155646020552,-47.76884276546739,-29.007595497766523,26.110565224248855,46.49135600013779,31.78859985189309,161.18771305870425,10.134325957002615,70.15583434120948,67.41074856699286,-949.2124965802152,1389.4752824344787
2025-09-05 21:24:20.472750,86.46096694565938,-44.56236282275397,-23.20431522400215,26.546964165538633,46.37187849968424,33.823166793128024,165.81435353120511,9.870046486241007,70.14563923141482,67.28147949036831,-949.1545415594553,1390.5434273053288
2025-09-05 21:24:20.476500,84.62931851863499,-41.07059743688781,-17.31711445621407,26.762386956814478,46.07543774309496,35.76914225748906,170.34552577772524,9.552284226196265,70.14433411740116,67.14072381249149,-949.0696566108741,1391.336835856725
2025-09-05 21:24:20.480250,82.16235246029503,-37.24877519366783,-11.300772509501101,26.75538280857354,45.608040253377425,37.603709555716776,174.84401734885398,9.177853155712343,70.15268280013164,66.989441268531,-948.955470440997,1391.8508706630946
2025-09-05 21:24:20.484000,79.0592188510716,-33.08341739217756,-5.138268759479294,26.528252287648233,44.97832164999357,39.30536144543636,179.34648059338625,8.745514290070881,70.17088227356196,66.82935916662657,-948.8107928015095,1392.0865038128622
2025-09-05 21:24:20.487750,75.34808818367374,-28.60037267791863,1.151160978057671,26.091404200503344,44.19975437659671,40.85658918631425,183.85523935061178,8.25892492280164,70.19861462634562,66.66297488054805,-948.6357185020873,1392.051154729158
2025-09-05 21:24:20.491500,71.09283964456166,-23.861476810509686,7.5154722368178435,25.465232339452506,43.291669466551426,42.24580705957431,188.34158124894827,7.727738757069279,70.23512021340314,66.4935193035355,-948.4316076879735,1391.7593552443932
2025-09-05 21:24:20.499000,66.38816852674553,-18.951358624167053,13.883055701691074,24.678710902812547,42.27849666150547,43.467825151172,192.75869198541926,7.166214162318958,70.27927514068952,66.3248362214221,-948.2009471878391,1391.2328089261873
2025-09-05 21:24:20.499000,61.344745363923224,-13.959066123188947,20.180934772774847,23.765131848116773,41.18737910841667,44.52271878243543,197.05932906989702,6.589801838016819,70.32968578613719,66.16115625399884,-947.947105579924,1390.4997920824462
2025-09-05 21:24:20.499000,56.069778120185084,-8.960894308006697,26.35163232490271,22.756522025533055,40.04496046041866,45.41358812339847,201.21198136934518,6.011109126441408,70.38482915703361,66.00678337912281,-947.67399567215,1389.5938224127995
2025-09-05 21:24:20.499000,50.65128426968276,-4.011838831749847,32.361356856653906,21.679153683943554,38.87457194643823,46.14425040929044,205.20811203917503,5.437085030929715,70.44322245500771,65.86577382058509,-947.3856988801855,1388.5517960397938
2025-09-05 21:24:20.499000,45.15366563166144,0.8499683620064787,38.195060424798314,20.552368491430926,37.69499273499539,46.71799438914926,209.05620893005582,4.868794175347027,70.5035630724668,65.7417117413252,-947.0861311283911,1387.4123237672684
2025-09-05 21:24:20.499000,39.62583554025219,5.589366324229229,43.84179619409247,19.391111684208056,36.521148099203906,47.137870485456695,212.76660128244197,4.303777867030609,70.56477547329736,65.63762013074414,-946.7787952775785,1386.2146364884447
2025-09-05 21:24:20.499000,34.11624342070934,10.159776887182332,49.27937581655901,18.210523411376982,35.36612788549541,47.40810183737805,216.33624861137096,3.7397583217081256,70.62593424211532,65.55597066305722,-946.4666475396233,1384.9974380049534
2025-09-05 21:24:20.499000,28.68673933162041,14.496171775365173,54.46646868532526,17.03019013645645,34.243447432758515,47.535758977056844,219.7412051289141,3.1780560632626393,70.68612269110808,65.49874225131465,-946.1521223539968,1383.797054033139
2025-09-05 21:24:20.510875,23.418742485560976,18.51861019940003,59.345749868567765,15.876129159152933,33.16849743450804,47.53185730754711,222.93994199368757,2.625433445695701,70.74434383779023,65.46748248197254,-945.8373215905382,1382.6451798022945
2025-09-05 21:24:20.522750,18.40880150653122,22.144665373701326,63.85648956945056,14.77963766122952,32.15847193992037,47.41129335088894,225.88595380328158,2.0937796146270116,70.79953464798366,65.4633296007225,-945.5242986836656,1381.5671146016748
2025-09-05 21:24:20.534625,13.754776528114588,25.306019430371943,67.95143880549867,13.77331473405054,31.23067642764029,47.19142604353995,228.5445179733793,1.5977616881742658,70.8506349386649,65.48697860802532,-945.2153661649854,1380.5812133612144
2025-09-05 21:24:20.546500,9.537243248198468,27.96343028763754,71.61154807135988,12.885558533130627,30.399765523250267,46.88956644378163,230.9067948539094,1.1511930119505915,70.89663676729002,65.53862610162895,-944.9133744146117,1379.6997510635165
2025-09-05 21:24:20.558375,5.803049109871706,30.114048089431144,74.85214461854939,12.135527970035582,29.674905777523925,46.52013104797996,232.99471930160232,0.7634311044501012,70.93658264835925,65.61795838999457,-944.6218716550993,1378.9306620747593
2025-09-05 21:24:20.570250,2.557860755992373,31.787331433858387,77.71714406804399,11.530569834361335,29.05796416640192,46.09252894220203,234.85381190010904,0.43728254729220056,70.96953221736958,65.72419955057201,-944.3450722311595,1378.2792749240807
2025-09-05 21:24:20.594000,-0.22917319049855212,33.0311146596049,80.26355390263944,11.067156821781872,28.543449816948513,45.61064628281309,236.53714705115945,0.16931337059446383,70.99453112383749,65.85617110927292,-944.0876557012343,1377.7494703308575
2025-09-05 21:24:20.594000,-2.610601484150801,33.89360068317149,82.54258719487933,10.734946084409094,28.120217692409202,45.07409916667471,238.08728511800214,-0.04760613270170333,71.0106037302463,66.01233452739896,-943.8544599356311,1377.3440257085167
2025-09-05 21:24:20.594000,-4.641453414987064,34.408154211893944,84.58457952559186,10.522304010532197,27.774244269317794,44.48070705328534,239.52287732964035,-0.22062847407838812,71.01678581188278,66.19083092515969,-943.650132253672,1377.0644220399327
2025-09-05 21:24:20.594000,-6.363624069391626,34.58735447662243,86.3944788492111,10.420831617695747,27.491277767293223,43.829207555873815,240.83576520373097,-0.3537263620937236,71.01223965556687,66.38949030512582,-943.4788160480408,1376.9111534719495
2025-09-05 21:24:20.594000,-7.800973756081301,34.4296021535252,87.96112958627283,10.426717530835994,27.25813500937373,43.12115458905163,242.00118374806678,-0.4464304708493316,70.9964919415392,66.60574272085425,-943.3439028441758,1376.8851555247402
2025-09-05 21:24:20.594000,-8.966756871282813,33.934956702347094,89.27597879091867,10.538465032210157,27.06217562423428,42.361279832225264,242.99666428673666,-0.4950444530459323,70.96971765863051,66.83645481530753,-943.2478056206235,1376.9893612796914
2025-09-05 21:24:20.594000,-9.878489517603478,33.12177618483596,90.3513513779878,10.752442115684854,26.889488738983,41.55628400770049,243.8199492997279,-0.49562104301306836,70.93292018209598,67.07782311551095,-943.1917484751223,1377.2290008915706
2025-09-05 21:24:20.594000,-10.572191861314368,32.035764079373095,91.22939291544226,11.05858720317871,26.72286205006565,40.712788174284434,244.4971528530893,-0.4471694367162246,70.88796510000435,67.32542890238908,-943.1756585354935,1377.610591111632
2025-09-05 21:24:20.597000,-11.108756962490494,30.747139460982503,91.97807489909842,11.43839420434284,26.540652766056784,39.83561588572802,245.0779561763626,-0.3535193287387197,70.8375166636757,67.5744443677193,-943.1982117028958,1378.1405136660196
2025-09-05 21:24:20.600000,-11.569753859473112,29.3377806787373,92.67712700993359,11.866013355072935,26.317199828582687,38.92725182059547,245.6212749701125,-0.2231381568328789,70.78490662924395,67.81988746124297,-943.2569794983058,1378.8237070327614
2025-09-05 21:24:20.603000,-12.046190752473679,27.884856764071984,93.4009347692908,12.311498415700942,26.02447042072561,37.98836681969894,246.17858464415784,-0.06755894680595412,70.73395880240892,68.05682302174078,-943.3486082834154,1379.6622627142951
2025-09-05 21:24:20.606000,-12.625769320376085,26.446895760558945,94.20429974778693,12.744631017534077,25.634179329037153,37.01878198877033,246.78049549026002,0.10046187464320676,70.68880869114372,68.28049181218371,-943.4690096179731,1380.6537281849132
2025-09-05 21:24:20.609000,-13.380340671460168,25.05398005709368,95.11257229228976,13.138823646085456,25.120152392437152,36.0186845974053,247.42790161535666,0.2688396832831183,70.6537493037172,68.48643135479709,-943.6135676544192,1381.7897667837024
2025-09-05 21:24:20.612000,-14.353069178174952,23.702020821779897,96.11609710612949,13.475213271084032,24.461066260895148,34.99025326834988,248.0877233748837,0.428440343790841,70.63310632431114,68.67064529699643,-943.7773573109943,1383.056125402647
2025-09-05 21:24:20.618000,-15.548011136818792,22.353188253338082,97.17107798129734,13.746134188756532,23.643151420550208,33.93941080908079,248.6953524027873,0.5752895637688908,70.63111362241864,68.82979285261796,-943.9553309608697,1384.4336860638787
2025-09-05 21:24:20.627375,-16.927257632215234,20.944972390565784,98.20915821369199,13.956430131489315,22.66193076979359,32.87694030980617,249.16584156080884,0.7115784603283416,70.65176341187325,68.96132492821117,-944.1424291841751,1385.8990927341083
2025-09-05 21:24:20.636750,-18.417836922918923,19.406472875318272,99.15396637269947,14.121874084185393,21.52239475347864,31.81839183133514,249.41177729372416,0.8448714889490075,70.69863700913537,69.06353112635428,-944.3336252282305,1387.4240312633847
2025-09-05 21:24:20.646125,-19.92500339751209,17.67638916444898,99.93890231320981,14.265604545733279,20.237883806993597,30.782958580324546,249.36197642666085,0.986087076416811,70.77471215105489,69.13551348280014,-944.5239611878545,1388.9743399972604
2025-09-05 21:24:20.655500,-21.346797502315386,15.717617219116976,100.52129406195397,14.41405774788023,18.82837281149088,29.791947223448883,248.97609146172806,1.1472555459689195,70.88213302955052,69.1771207537676,-944.708618691507,1390.5106373735634
2025-09-05 21:24:20.664875,-22.58866215651334,13.527524524855869,100.89268402067995,14.592724844230013,17.31835372108783,28.867056770106466,248.2548100930497,1.3392812460748686,71.02198885985776,69.18887198909934,-944.8829978953806,1391.9902285910912
2025-09-05 21:24:20.674250,-23.578986701047917,11.144242417444532,101.08614815732695,14.821418860740273,15.734102108327786,28.028266953395306,247.24630324648675,1.569387469945317,71.19417397493632,69.17191419436827,-945.0427425499124,1393.369022347636
2025-09-05 21:24:20.693000,-24.282565951119036,8.646273520456843,101.17746229863552,15.109939991575548,14.100661117433326,27.291516515182753,246.04539085261484,1.8386585400635285,71.3973434041889,69.12805805388608,-945.183721292137,1394.6031841826007
2025-09-05 21:24:20.693125,-24.70593283234734,6.14232850798439,101.27586262552725,15.456054343787114,12.439589500994652,26.666938704872244,244.7816468507883,2.1408947128147577,71.62894281670602,69.05984960436764,-945.3020549586128,1395.6510873131683
2025-09-05 21:24:20.693250,-24.89185320537037,3.7531115816842973,101.5056126065374,15.84677809044749,10.768254453207982,26.158315102297934,243.5988085695034,2.4634990639780217,71.88530032042728,68.97057700957765,-945.3942313202803,1396.4759619618853
2025-09-05 21:24:20.693375,-24.906648504836475,1.5911786153106862,101.98484259634347,16.261991534624887,9.100359180659293,25.763605021161258,242.63229163561306,2.789758461820408,72.1617661977688,68.86418558217352,-945.4572695656927,1397.0489542741716
2025-09-05 21:24:20.693500,-24.826067914377553,-0.2557311678352993,102.80748000840573,16.678675560176277,7.446876654304036,25.475925746293996,241.99020418115686,3.101348376987362,72.45289194175061,68.7451583197923,-945.4888946802278,1397.351428753118
2025-09-05 21:24:20.693625,-24.721399469535378,-1.73644880668901,104.02990950104738,17.07518649985053,5.817201522992219,25.28480051017733,241.73942033502814,3.380755495566189,72.75265907805459,68.61839573197749,-945.4876861512065,1397.3751639410757
2025-09-05 21:24:20.693750,-24.645090590763704,-2.843135776572455,105.66260854712932,17.435697369404068,4.220792568078866,25.177889860281322,241.89721798160656,3.613884787984806,73.05476739121929,68.48904866466644,-945.4531581952833,1397.120379001124
2025-09-05 21:24:20.694000,-24.61845494764501,-3.6109517593085285,107.66908672936917,17.754030057790985,2.669030835314682,25.143012322707772,242.430921787649,3.792418270942925,73.35294437238916,68.36224568679744,-945.3857608717624,1396.5932847742488
2025-09-05 21:24:20.695500,-24.62677926186304,-4.108501541345659,109.97450254214931,18.03535985651618,1.1764440601157382,25.169729911340443,243.26769775150385,3.914869282216096,73.64118572620895,68.242758908548,-945.2868504690337,1395.8050170829692
2025-09-05 21:24:20.697000,-24.62430736674663,-4.420873771430112,112.48245093375161,18.295030444650294,-0.23930506060031526,25.249903877066377,244.31250540532358,3.9858125541416625,73.91387558195193,68.13472432366576,-945.1587000016058,1394.77202191792
2025-09-05 21:24:20.698500,-24.545879456902146,-4.630935019944143,115.09463088975825,18.555309864262075,-1.5584400843595603,25.377358364192133,245.46860601284885,4.013896655835511,74.16582603772788,68.04145935350452,-945.0045447643421,1393.5164451814017
2025-09-05 21:24:20.700000,-24.320083456585866,-4.803903447039416,117.7284047504022,18.841551293262384,-2.760434923301065,25.54721950436816,246.65558756628522,4.009597092911082,74.39229671163936,67.96534688266222,-944.8285599804445,1392.0656920514948
2025-09-05 21:24:20.701500,-23.88261548866193,-4.976100925609153,120.3305931903249,19.178145387463406,-3.8255952531134216,25.754993319993847,247.82298103527924,3.9828397220593748,74.58902809180063,67.90778459613891,-944.6356913881423,1390.4516033030968
2025-09-05 21:24:20.703000,-23.190731532375857,-5.147522902298004,122.88661988976146,19.583965500044172,-4.737199577996855,25.995016679219162,248.95822277178675,3.9401858414123136,74.75231545430866,67.86920801945458,-944.4313637882512,1388.7094733908934
2025-09-05 21:24:20.706000,-22.235892258145075,-5.280885903483733,125.42157034692903,20.06814518159243,-5.483937962747544,26.258531033155194,250.08589641050244,3.882155109706608,74.87912310064208,67.84916467463118,-944.2211666102777,1386.8764323047471
2025-09-05 21:24:20.710625,-21.048599304894424,-5.310426328154933,127.99017580676639,20.628036799283993,-6.061627367021313,26.53238490169496,251.25637761483918,3.801987796894619,74.96718256214557,67.84643539428102,-944.0106295091509,1384.9892264713362
2025-09-05 21:24:20.715250,-19.692623794879616,-5.1590267906417235,130.6580730621934,21.250282805008148,-6.4734521008327865,26.79910748687901,252.52684646887755,3.6864570260967247,75.0150301444242,67.85920605333384,-943.805127567693,1383.0822202591844
2025-09-05 21:24:20.719875,-18.252202898156877,-4.757431104363072,133.48134241671113,21.91402083721695,-6.728958792183987,27.038147609807403,253.94122593268534,3.5180267985424036,75.02201763181523,67.88523391618345,-943.6098549864065,1381.1865073588397
2025-09-05 21:24:20.724500,-16.817912804823628,-4.05973761076795,136.49045100480373,22.594627118857968,-6.842454939142576,27.227654020551306,255.51476452295742,3.27732759128349,74.98834012246601,67.92193399029172,-943.4297907215156,1379.3307099246904
2025-09-05 21:24:20.729125,-15.472920602232673,-3.0537492396418,139.68013419788315,23.267595615791045,-6.830961576138251,27.346603162727416,257.2251459663257,2.9458020907925557,74.91505076054084,67.96639385391704,-943.2696214925675,1377.5431440475622
2025-09-05 21:24:20.733750,-14.278826453617302,-1.7666895228204842,143.00480359186838,23.912801972150834,-6.7116214636819365,27.377323569174944,259.01007759263683,2.5087616703337234,74.80399337634186,68.01542222179255,-943.1336130923161,1375.8537404343242
2025-09-05 21:24:20.743000,-13.263561601809615,-0.2646313197087912,146.38092231251406,24.518351431659543,-6.499039021470856,27.307986166392762,260.77228082734706,1.9582599752134477,74.65763994543585,68.06572495701512,-943.0254455985192,1374.2939677434842
2025-09-05 21:24:20.743125,-12.416614535213142,1.356729320841852,149.6980534705755,25.08239410356772,-6.203492774619992,27.134211670665476,262.39248638677924,1.2945837812436936,74.47891286406652,68.1141792010706,-942.9480672569915,1372.8947166498592
2025-09-05 21:24:20.743250,-11.694092467921672,2.9887066040298307,152.83682764202112,25.612137507467725,-5.8305999175411385,26.859255290933458,263.7480507971423,0.5257752543029058,74.27108505166893,68.15808949601096,-942.9036166097828,1371.6839410491784
2025-09-05 21:24:20.743375,-11.030401500772888,4.5282292216039215,155.6883073330149,26.12095232342021,-5.382150568079304,26.493019600097988,264.7319403717785,-0.334213596745866,74.03777129550963,68.19534227106503,-942.893403362854,1370.6853294681569
2025-09-05 21:24:20.743500,-10.351393269735837,5.893273875218639,158.16956760230502,26.625017194108036,-4.857413920606629,26.050518631228893,265.2674907072606,-1.267732560981656,73.78297188426598,68.22444439863771,-942.9179084235544,1369.9172895866686
2025-09-05 21:24:20.743625,-9.587717506814533,7.034164018626886,160.23454663292085,27.13978818414868,-4.2547187426944255,25.549920244149092,265.31813805315244,-2.2558230222369695,73.51114447849562,68.24447482010719,-942.9767745262744,1369.3914186790917
2025-09-05 21:24:20.743750,-8.689353636057623,7.941104920263915,161.88096753099742,27.675910819917537,-3.573532890084705,25.009949973783733,264.8928883782481,-3.2810587646571467,73.22730104319422,68.25500858191046,-943.0687624999663,1369.1110029117754
2025-09-05 21:24:20.744000,-7.638507085712422,8.645217763052592,163.1511512083504,28.235356058743392,-2.816761091159703,24.44701699192782,264.04578236867826,-4.330275013878279,72.93709556056402,68.25607041358403,-943.191678580965,1369.0702754082085
2025-09-05 21:24:20.750625,-6.454848502071642,9.209747630252929,164.12319056333735,28.809602034023015,-1.9923501572871134,23.873033046520003,262.8661700332446,-5.395952929151188,72.64681848044242,68.24811325558808,-943.3423571988493,1369.2544875545773
2025-09-05 21:24:20.757250,-5.190155857470783,9.712966137238281,164.8931679623015,29.380866564021105,-1.1135259089028908,23.294645050984222,261.4603030967102,-6.4756508269034505,72.36325693315533,68.23196824197395,-943.5167908542979,1369.6406817708912
2025-09-05 21:24:20.763875,-3.9158048169892377,10.229054389105794,165.5544906677182,29.92553049023266,-0.19786876005781068,22.713746327555093,259.9302989054587,-7.57006579957816,72.09346587023788,68.20875321230709,-943.7103690318294,1370.1993143094633
2025-09-05 21:24:20.770500,-2.708786982414897,10.812606598065491,166.1806540949458,30.418136459721843,0.7341399808130147,22.128655571905902,258.35699133474435,-8.68071383979546,71.8445046605485,68.17978535349569,-943.9180877571079,1370.8968367239377
2025-09-05 21:24:20.777125,-1.638015604110729,11.487995739930419,166.81322575340923,30.83541082312123,1.6609488777064445,21.535722176787417,256.788431737018,-9.807528175192395,71.62316176089992,68.1465357195271,-944.1346472151146,1371.6986599514503
2025-09-05 21:24:20.783750,-0.7501957909619185,12.243134539527814,167.45468182821818,31.160498172829666,2.562293635925388,20.93142380960922,255.23356850226003,-10.946277385061954,71.4356642738158,68.11062369893848,-944.3544461615774,1372.571256684846
2025-09-05 21:24:20.797000,-0.05773008299520042,13.029434937680948,168.06821725515005,31.386707349767743,3.4217075849072716,20.314641573463362,253.66323075992221,-12.086325585087403,71.28737783023224,68.07381985783245,-944.5715172527399,1373.482569323235
2025-09-05 21:24:20.797375,0.46605261151831134,13.770366963929291,168.58757503017284,31.51924770127841,4.228333236717334,19.688409259890232,252.02134756752923,-13.209733345371497,71.18254046318793,68.0380220393309,-944.7794898537753,1374.4015105680437
2025-09-05 21:24:20.797750,0.8810487053156204,14.377816316281006,168.93608604134675,31.57393749740636,4.977324877746226,19.06050159214492,250.2451790505053,-14.292336467437588,71.12406348691084,68.00520318079596,-944.9716881164485,1375.2983164090847
2025-09-05 21:24:20.798125,1.2648158445116564,14.772150343580348,169.0497257047145,31.572979579273103,5.668612518323682,18.442553383860897,248.2886268268994,-15.30676762934435,71.11340123418073,67.97734816507484,-945.141390072688,1376.1460640897958
2025-09-05 21:24:20.798500,1.6917799874007975,14.900306687285282,168.89718848987525,31.53894686843227,6.304357719545631,17.84787322884677,246.1409896903916,-16.2267387099708,71.15048962377564,67.95636360448101,-945.2821563515896,1376.9217111418438
2025-09-05 21:24:20.798875,2.2141277063127274,14.745761684877088,168.49002348564755,31.48896346271516,6.885923354472504,17.288633643991595,243.834259019869,-17.03133960200913,71.23373890206922,67.94392925032123,-945.38810617885,1377.6054573771708
2025-09-05 21:24:20.799250,2.851325401680275,14.326486258657296,167.87874537758628,31.43123639699488,7.411446789877087,16.77347454170711,241.43580303274305,-17.707912676047822,71.36006726229873,67.94131175586521,-945.4540940840884,1378.1791759860644
2025-09-05 21:24:20.800000,3.5917622013925468,13.682344349133393,167.13713572861127,31.365166334272935,7.87498679004837,16.306537283009394,239.03028303873842,-18.252466491224457,71.52499630121495,67.94919910080812,-945.4758344724551,1378.6255686460045
2025-09-05 21:24:20.811625,4.405074909753925,12.857788558799486,166.3419826151383,31.284743609026606,8.267584515140673,15.888357581458884,236.69921269264165,-18.66753181614588,71.72281154744728,67.96757615765561,-945.450044421277,1378.9289521511873
2025-09-05 21:24:20.823250,5.259577219427689,11.88634916380098,165.55580042191232,31.183574819178542,8.579627657298515,15.518011490300285,234.5052134312127,-18.95853748388983,71.94674341555091,67.9956374935545,-945.3746382545478,1379.0769278913467
2025-09-05 21:24:20.834875,6.136948228614618,10.781261989708868,164.81761237682275,31.05914463210854,8.803214789205642,15.195139280378315,232.4845240078547,-19.13053176202266,72.18917231831267,68.0317879098133,-945.248932310093,1379.0613680927245
2025-09-05 21:24:20.846500,7.039315196160571,9.532506520318385,164.14255058441745,30.914806733106797,8.933578376521524,14.920905692673964,230.6474919768502,-19.186409914456455,72.4419413980144,68.0737993482948,-945.0737580253639,1378.8782236228599
2025-09-05 21:24:20.858125,7.991565026668409,8.106947702182659,163.52612654934308,30.760324657713337,8.96988832631336,14.698330473999139,228.98306495874257,-19.126077750599364,72.69678736569195,68.11909306273996,-944.8514418959619,1378.5268425968916
2025-09-05 21:24:20.869750,9.044379725768254,6.449459768035103,162.9491218662296,30.61264543302255,8.91628888044619,14.532959517801457,227.46408773956722,-18.94541466877311,72.94577151110315,68.16503804948026,-944.5857106887669,1378.0094602851414
2025-09-05 21:24:20.893000,10.2777305923527,4.487197985389272,162.38399384855316,30.49693604548141,8.783193943026864,14.433958883796874,226.05480270745596,-18.63513634437851,73.18162027526299,68.20919390365022,-944.2815798390403,1377.3312671027961
2025-09-05 21:24:20.893000,11.799673602469346,2.140106691789926,161.80574711931968,30.446422325106123,8.588024110262841,14.414848896844719,224.72311727907802,-18.180660535883398,73.39797245084334,68.24948424066659,-943.9452413335663,1376.5013539069314
2025-09-05 21:24:20.893000,13.737432014084902,-0.6630734363774561,161.2070155081483,30.50009399834617,8.354741053367071,14.493246017772975,223.4566499098641,-17.563597895931228,73.58952663220643,68.28431373077372,-943.5839384262829,1375.5342759068453
2025-09-05 21:24:20.893000,16.22361794144746,-3.968010185347391,160.61364288943145,30.69904177706011,8.112442315772292,14.689792926082351,222.27862940187546,-16.76427005416608,73.75207747879175,68.31263831719819,-943.2057846143551,1374.4512708561797
2025-09-05 21:24:20.893000,19.382530781351313,-7.781541124627966,160.09731054870866,31.08286703250177,7.893703700539392,15.026850541491473,221.26042752151128,-15.764221138239959,73.88246806527827,68.33397286366622,-942.8195107766904,1373.2802547357423
2025-09-05 21:24:20.893000,23.317251335096444,-12.062617456582519,159.78426605516722,31.68634909438501,7.732669341570228,15.526953445691568,220.5298379855267,-14.548574823942444,73.9784831970414,68.34834338706102,-942.4342117516215,1372.0542198025178
2025-09-05 21:24:20.893000,28.095737722966728,-16.71709753583895,159.8592954513112,32.53572046099934,7.662441938847222,16.210624287814753,220.274133378368,-13.108665148091909,74.03869156491236,68.35624404313018,-942.0591736345482,1370.8080250897929
2025-09-05 21:24:20.893000,33.738310422200485,-21.59917731859583,160.56149161030913,33.64510310143124,7.712084333882096,17.093776781485666,220.73459824570753,-11.444528310082946,74.06225671419772,68.35863794466877,-941.7037526269287,1369.5748245104387
2025-09-05 21:24:20.899875,40.21270859592111,-26.52298216512869,162.16863684325713,35.01486650776491,7.904339822144992,18.185668076810828,222.18987149594008,-9.566045628348332,74.04875193227848,68.3569755663766,-941.3772054328697,1368.384172323209
2025-09-05 21:24:20.906750,47.439974259164714,-31.283017669644824,164.9724073639148,36.63292991564618,8.25489379941032,19.48818570919879,224.93084307484344,-7.492072915515934,73.99803249051898,68.3531992065522,-941.0884417872444,1367.2619839934187
2025-09-05 21:24:20.913625,55.30781232015542,-35.67675901626971,169.25215157613883,38.4781360372723,8.773007750174775,20.996380006668478,229.23495727181356,-5.248090268521997,73.91021132346758,68.34973541823811,-940.8457775610634,1366.2309549384327
2025-09-05 21:24:20.920500,63.685678181924736,-39.52292376926282,175.2542900603024,40.52409774059668,9.462817157968706,22.6996386190532,235.34660924924265,-2.8633367231598634,73.7857221503209,68.34946281608782,-940.6567522702157,1365.3110624164601
2025-09-05 21:24:20.927375,72.4398617526134,-42.674096228196674,183.17829980919424,42.743078167391594,10.324985036746858,24.58327470906351,243.4641697346513,-0.3677548509943518,73.62538225954948,68.35561054140075,-940.5279731884666,1364.5207239719357
2025-09-05 21:24:20.934250,81.44937869472702,-45.02485653922935,193.1673343431419,45.110190898811595,11.358796775230006,26.630621031318597,253.73154720162992,2.211295371005409,73.43037275612706,68.37157655741709,-940.4649296215034,1363.8785469236564
2025-09-05 21:24:20.948000,90.62016404379973,-46.51416707886512,205.30452375232863,47.60721644509059,12.564409492652763,28.825326549437346,266.2353989144156,4.851969870334473,73.2021660772569,68.4007124493197,-940.47175967342,1363.404558252566
2025-09-05 21:24:20.948125,99.89212393263598,-47.11955315004304,219.617704935556,50.224466065211104,13.944450210518003,31.153114790042313,281.010561659667,7.539428383047554,72.94250396119817,68.44611906234636,-940.5509813866762,1363.119599569557
2025-09-05 21:24:20.948250,109.23618416882962,-46.84386415953786,236.09188277628002,52.95984217297553,15.504324568669078,33.602397259110646,298.052541837635,10.265293755947019,72.6534585572641,68.51046538615613,-940.7032713187202,1363.0426599995699
2025-09-05 21:24:20.948375,118.64414230398641,-45.69951808884676,254.6844182489885,55.815856076755004,17.25137863797907,36.16376512155825,317.3319180906255,13.025613069211992,72.3375242223958,68.5958375530098,-940.9273933792115,1363.1872888179287
2025-09-05 21:24:20.948500,128.11630672178808,-43.69515227645153,275.33808374147765,58.79599954348864,19.193482869592412,38.82883659483419,338.8061591551891,15.818350711395157,71.99769152249404,68.70363059487556,-941.2202854212529,1363.5587459589078
2025-09-05 21:24:20.948625,137.64835528429273,-40.825770212464725,297.9910191555999,61.90083025474595,21.337165170689822,41.5886717398188,362.42821383977787,18.64076230477063,71.63748985400368,68.83449508959504,-941.5772428129036,1364.1529196617366
2025-09-05 21:24:20.948750,147.21669278411045,-37.066043750003544,322.583775359674,65.12351655330723,23.685102202088032,44.43166551414954,388.1519999060639,21.486472060860756,71.26100422752359,68.98835046446794,-941.9921442440881,1364.9566329316403
2025-09-05 21:24:20.949000,156.76526801186347,-32.369339514482945,349.0605451267302,68.44572412829926,26.2333885486119,47.34126380058841,415.9318119137378,24.34274858859996,70.8728879256108,69.16447202191443,-942.4576824788035,1365.9484499692226
2025-09-05 21:24:20.954250,166.20005865735592,-26.675941892035258,377.3610838895941,71.83572350451193,28.96969664684312,50.29443268014253,445.7125227634822,27.18917604227123,70.47837563413448,69.36163584883818,-942.9655836151452,1367.099928789
2025-09-05 21:24:20.959500,175.39438682673213,-19.929527293127865,407.4046639199783,75.24972757506585,31.87310309580737,53.261591022960054,477.4125073289317,29.99840420221098,70.08323771469769,69.57827611461778,-943.5068242375066,1368.3775190990364
2025-09-05 21:24:20.964750,184.20157926338712,-12.096005466323602,439.07236026256055,78.63551732112705,34.9152310019763,56.20777998191101,510.90569936628077,32.73839445388278,69.69361536423847,69.81260947427171,-944.0718698560271,1369.7447107664084
2025-09-05 21:24:20.970000,192.46909936628344,-3.178944310703823,472.1935678943621,81.93664782313004,38.061854383353435,59.09434794585353,546.0082978024786,35.37507559592641,69.3157774273605,70.06270088920016,-944.6509346981742,1371.1638714046594
2025-09-05 21:24:20.975250,200.0525371447556,6.770107499397159,506.5383165228641,85.09673069108486,41.2747645232853,61.88094406110952,582.4714806557765,37.87510630591818,68.95589568193358,70.32646443068441,-945.234212075998,1372.5974252979577
2025-09-05 21:24:20.980500,206.83059296254106,17.64623889124193,541.8151083403118,88.06413020305952,44.51417132029115,64.52804470156192,619.9800697948615,40.20897087795599,68.61988352145184,70.60162453882538,-945.8120235509065,1374.0082853731828
2025-09-05 21:24:20.991000,212.71875808248993,29.292555123146048,577.676082210739,90.79643755828789,47.74139091490122,66.99975540607353,658.1590643720908,42.35397211300902,68.31328901697343,70.88567901382788,-946.3748934040173,1375.3598109167024
2025-09-05 21:24:20.992625,217.67619771882082,41.51071331781294,613.7317623455277,93.26313528032428,50.920997765721935,69.26605405079042,696.5898552396001,44.29602052921542,68.04120659943939,71.17588758596364,-946.9136033850531,1376.6160492863855
2025-09-05 21:24:20.994250,221.70249798411194,54.07897283705866,649.5732151796537,95.44540876635011,54.02168581409328,71.30370509314488,734.8332506331154,46.02940878994218,67.80815882553799,71.46929249460106,-947.4193234426823,1377.7430817643599
2025-09-05 21:24:20.995875,224.82648704729309,66.77025517035791,684.7931966430409,97.33356636865182,57.015576173771066,73.09553906999419,772.450560875017,47.554746745161715,67.61795571058514,71.76276421056869,-947.8839385472081,1378.7111611402352
2025-09-05 21:24:20.997500,227.09406369390675,79.36171436262748,718.9972110359275,98.92393049069794,59.87653052794293,74.6285650229957,809.0138961337359,48.87630413510296,67.47359144870488,72.05305298435663,-948.3005770214927,1379.496443874682
2025-09-05 21:24:20.999125,228.56202029296597,91.63428658051315,751.8035426917012,100.21727169888179,62.578774179851685,75.89218969145521,844.1054095133076,50.00033197489184,67.37718812319999,72.33682898268388,-948.6641262214043,1380.0817506282328
2025-09-05 21:24:21.000750,229.2996001340298,103.36847198791563,782.8397718515755,101.21946729086372,65.09686325672395,76.87764543857038,877.313741192042,50.93501991738522,67.32995312345957,72.6107008028087,-948.9714957899371,1380.4565151700072
2025-09-05 21:24:21.004000,229.39329784010792,114.34392761590766,811.7440595125271,101.94320628335561,67.40685654173502,77.57857762471225,908.2362322236988,51.69135020465015,67.33215366906619,72.87121046461829,-949.2215945472384,1380.6164456615716
2025-09-05 21:24:21.004625,228.9480924250652,124.3469586539437,838.1751747441047,102.40875476619316,69.48769682795172,77.99188018751936,936.4904633837659,52.283483052947915,67.38311185491678,73.1148385627476,-949.4151157843305,1380.563614560563
2025-09-05 21:24:21.005250,228.08098543981595,133.1845993402874,861.8292555229226,102.64244358569974,71.32184415174888,78.11786376044766,961.7323762361734,52.72777920743448,67.4811790353064,73.33807300562079,-949.5542121370455,1380.3069332612386
2025-09-05 21:24:21.005875,226.90830374872203,140.6981545806521,882.4550186579968,102.67311296593529,72.89483069095813,77.95940789829596,983.672249866019,53.04061880043325,67.62367782397588,73.53752253323536,-949.642129144623,1379.862029671147
2025-09-05 21:24:21.006500,225.53316171827313,146.76806235359342,899.8585272161098,102.52830897435172,74.19427137154972,77.52059968133445,1002.0797089711167,53.23617545833457,67.8068527487196,73.70999858872254,-949.6828642835094,1379.2499488863577
2025-09-05 21:24:21.007125,224.03989592117577,151.30868406406896,913.8968233572926,102.23235597863464,75.2094222366751,76.8059343554005,1016.7775034529024,53.32551866412653,68.02586797887413,73.85256435128706,-949.6809016234151,1378.4954133444298
2025-09-05 21:24:21.007750,222.49725119556967,154.2591398232479,924.4680181284562,101.80701597067385,75.93195193062762,75.82078877442777,1027.6321517660751,53.31748007627674,68.27487972114544,73.9626090862187,-949.6410429728544,1377.6257037182659
2025-09-05 21:24:21.009000,220.9657799018054,155.5776204867077,931.5059604816167,101.27350728746318,76.35749822304345,74.5728602165833,1034.549754719905,53.220420953586135,68.54717824734679,74.0379388509789,-949.568319667759,1376.6699707492808
2025-09-05 21:24:21.013375,219.50246657299405,155.24327576024248,934.9832559901749,100.65387177308386,76.48694632073055,73.07358069535705,1037.4804266807237,53.043503542526594,68.83535633212149,74.07682973418666,-949.4679620563256,1375.658190426514
2025-09-05 21:24:21.017750,218.15861296356755,153.26489722631564,934.9211785778631,99.97048371795948,76.32665787037006,71.3386750319219,1036.4293583826463,52.796598940627945,69.13150095979033,74.07804719191803,-949.3453776409348,1374.6201222821692
2025-09-05 21:24:21.022125,216.97288063107308,149.69143308403685,931.4008937721359,99.24408421442108,75.88769058135357,69.3877357540347,1031.4686617116884,52.48910828549515,69.42745739407847,74.04087564703336,-949.2060248166607,1373.584872870526
2025-09-05 21:24:21.026500,215.96378550839646,144.61958374097026,924.5708916273722,98.4914337264289,75.18452116939902,67.24313569816749,1022.7449350453775,52.128538289561774,69.7151716214532,73.96516615545237,-949.0551456228014,1372.5803076509974
2025-09-05 21:24:21.030875,215.12242553880415,138.19781952953056,914.6500484109705,97.72278998894701,74.23344951741012,64.92839916668564,1010.4820412806841,51.718980384337755,69.98703984706599,73.85137325555648,-948.8975064225411,1371.6317598858604
2025-09-05 21:24:21.035250,214.4039890652028,130.62754542240336,901.9273487247218,96.93885521293561,73.05052768681078,62.46598733104171,994.9800531900637,51.259146421214716,70.23619699237084,73.70056257984798,-948.7372915312768,1370.7613082910912
2025-09-05 21:24:21.044000,213.72034130601622,122.15893089944633,886.7559302007558,96.12793740490868,71.64930945228463,59.87488178193235,976.6080121063683,50.740429593190804,70.45673089829351,73.51439909120671,-948.5781370085766,1369.9887575792136
2025-09-05 21:24:21.050375,212.93961046652132,113.07766479969226,869.5377190422632,95.26513312579861,70.03932959048896,57.16886827045711,955.7872031378004,50.146258798663226,70.64382663034444,73.29514025964939,-948.4232285753935,1369.3331639233893
2025-09-05 21:24:21.056750,211.89606310578574,103.68325888428164,850.6993781498953,94.31460190780989,68.22603755038706,54.35625583861256,932.9662711040901,49.45348189059425,70.79384529603884,73.0456385881662,-948.275401246972,1368.8130198415702
2025-09-05 21:24:21.063125,210.40699822297768,94.26489013461772,830.6656211294786,93.23406905074566,66.2120122137604,51.44088199513629,908.5942913172772,48.635202106606684,70.90435057798395,72.76932204179109,-948.1371817019891,1368.444920900245
2025-09-05 21:24:21.069500,208.29078453461594,85.08096812660132,809.8360424383828,91.97983215588805,63.99877817644364,48.4237001165887,883.0975797932376,47.663983681984604,70.97408410426961,72.47013230318204,-948.0107474320621,1368.2416481274695
2025-09-05 21:24:21.075875,205.38416686403227,76.3442066820982,788.5674253805378,90.51167508755778,61.58896834344134,45.3047012857989,856.8620571094767,46.51513134366577,71.0028850034718,72.1524442219161,-947.8978461713593,1368.2103262391975
2025-09-05 21:24:21.082250,201.55972807976744,68.21177761508572,767.161512523913,88.79795939358398,58.98891746556982,42.08534057011307,830.2212962015126,45.17024292290312,70.99157768115047,71.82099008039286,-947.7997430438088,1368.3510942489784
2025-09-05 21:24:21.095000,196.74118905866504,60.782199442171446,745.86010567435,86.82025741836134,56.21130232463317,38.77116060441268,803.4521886467006,43.62052043785923,70.94187136873083,71.4807807005207,-947.7171984131797,1368.6565455790833
2025-09-05 21:24:21.095375,190.91109275250898,54.101434596115055,724.849910348063,84.5759397385116,53.27691037702833,35.373739802499514,776.7803514911861,41.86867322299964,70.85629820952788,71.13700470958044,-947.6504196337203,1369.1117802191802
2025-09-05 21:24:21.095750,184.10740882746188,48.17678385732793,704.2753149490616,82.07761657572325,50.21470710359891,31.911191845518868,750.3928177987779,39.92858254106363,70.73817362718094,70.7949008249774,-947.5990023236932,1369.6946553572989
2025-09-05 21:24:21.096125,176.41098927212337,42.99146794727713,684.2509199097841,79.34981348172897,47.059997934303475,28.407035590436067,724.449153207011,37.82289142978896,70.59152516233955,70.45961736776586,-947.5619970473037,1370.3762363338865
2025-09-05 21:24:21.096500,167.93068396747705,38.51177560530856,664.8648189075527,76.42476563736146,43.85143573318278,24.88807407732414,699.0819432164008,35.579799662298605,70.4209467277815,70.13608461466242,-947.5381545454752,1371.1221658017193
2025-09-05 21:24:21.096875,158.793549561953,34.68520373696917,646.1719097156736,73.33960365777789,40.6283204345721,21.382517654673332,674.3869222714425,33.23075392174548,70.23139334504499,69.82891654876327,-947.5261930155325,1371.8951426379754
2025-09-05 21:24:21.097250,149.14273250698673,31.435380973674196,628.1850019354607,70.13584519228738,37.429235245973146,17.919259236408745,650.4118349669936,30.80980067859183,70.02798206002088,69.54232854894552,-947.5249355260862,1372.6574283535392
2025-09-05 21:24:21.098000,139.1391073744293,28.660910194902378,610.8721190291801,66.86010965609485,34.29187127302701,14.528145556423238,627.1528641219,28.3539027559941,69.81584328512197,69.28003670929915,-947.5333256009571,1373.3725783857099
2025-09-05 21:24:21.105125,128.95995203934334,26.242098987354908,594.163929319959,63.56408349423821,31.253047949999914,11.240318304059063,604.5620338928031,25.902853682424333,69.59999525344774,69.04512564675504,-947.5503609924217,1374.0068448610527
2025-09-05 21:24:21.112250,118.79015734418891,24.055319553404917,577.9701205829638,60.302352098299465,28.347934535827385,8.087720854389104,582.5638813616445,23.497804467146242,69.38519241316543,68.83992217925145,-947.5749552683826,1374.530633702323
2025-09-05 21:24:21.119375,108.80586148864523,21.99136886923352,562.2000824824219,57.12792633092742,25.608087346733356,5.101409328641976,561.076740033185,21.178223845849526,69.17575317061743,68.66593281647015,-947.6057975685263,1374.9195059536423
2025-09-05 21:24:21.126500,99.15414140442589,19.972568631730613,546.782225050897,54.086390958180424,23.05862139323969,2.308933539758211,540.0328035967882,18.977856647016626,68.97542825200377,68.52385816153081,-947.6413167846091,1375.1543305571513
2025-09-05 21:24:21.133625,89.93490498297426,17.962746593165754,531.6760662062555,51.21040208412472,20.715276537637365,-0.2685099943956161,519.390520657563,16.92078812560623,68.78736129520777,68.41364718986951,-947.6797671388749,1375.2210389715947
2025-09-05 21:24:21.140750,81.19164005281021,15.965563504547928,516.8725235568871,48.51648599791022,18.58232950106349,-2.618278644803072,499.13474025628386,15.018897441626612,68.61414373667667,68.33456216504074,-947.7193701758243,1375.1106606080084
2025-09-05 21:24:21.155000,72.91475513455082,14.011375051129994,502.382550589875,46.00534966388659,16.65220918902154,-4.737104345967806,479.26567634494916,13.271592584572351,68.4579235487435,68.28525766191781,-947.7584633885999,1374.819767881163
2025-09-05 21:24:21.159750,65.05629769962927,12.138056258657427,488.21967294007436,43.665557733951395,14.907184823975125,-6.630238000366078,459.7829126546512,11.667957247694297,68.32049588156126,68.26387885306339,-947.7956332349111,1374.3509142992743
2025-09-05 21:24:21.164500,57.55077527584542,10.373390990951535,474.3843128347495,41.479222797475344,13.32274355237079,-8.309198408245152,440.67198372087904,10.190653822812276,68.20331087519735,68.26815467805777,-947.8297967090444,1373.712609747843
2025-09-05 21:24:21.169250,50.33434053407086,8.726125935108284,460.857037240939,39.42752367228367,11.871548871964741,-9.788978705368203,421.89993881826354,8.820218594369344,68.1073928784184,68.29544901005856,-947.8601803446908,1372.9185751169916
2025-09-05 21:24:21.174000,43.35484087268493,7.189496446812921,447.6041361677226,37.4937977036009,10.526571121952827,-11.085860860582189,403.42278233899304,7.53810462003929,68.03322689645243,68.3427668029146,-947.8861837174907,1371.9864456163077
2025-09-05 21:24:21.178750,36.56983151998916,5.754688884610412,434.5925899823431,35.66319570144376,9.262441986247458,-12.216656983310314,385.20155948246867,6.327487020460806,67.98068320031096,68.40676426546146,-947.9072080096421,1370.9368118658385
2025-09-05 21:24:21.183500,29.935868988300502,4.426589482270361,421.80667254360685,33.91972280768052,8.055045044524954,-13.19940084228962,367.21916116636936,5.17210196259762,67.94901055420341,68.4838197767754,-947.9225735708001,1369.7935968599731
2025-09-05 21:24:21.193000,23.39618475266137,3.233609125975174,409.2580241848749,32.24269476593636,6.880170495114941,-14.054795466684295,349.48970115169953,4.054393193330029,67.93688416367347,68.57016781275748,-947.9315917395769,1368.5856485600889
2025-09-05 21:24:21.196125,16.87424766409099,2.2264320564106406,396.98424203039315,30.604815757716576,5.712401405504002,-14.807372576305356,332.05603690749064,2.9545248241763047,67.94249109769656,68.66205990085514,-947.9337851770673,1367.3480770973692
2025-09-05 21:24:21.199250,10.277082640728386,1.466214264139114,385.0369417583928,28.973032720957196,4.525089678292467,-15.485558237422145,314.9771133950049,1.8511151105455799,67.96364324983377,68.75592044482035,-947.9291761908996,1366.121948545203
2025-09-05 21:24:21.202375,3.505718802161504,1.0083035667469016,373.46565924949374,27.311459709829496,3.2914032651405956,-16.12064448070885,298.3115822883698,0.7232085205636888,67.9979029394908,68.84846154610112,-947.9184763583063,1364.9523114826188
2025-09-05 21:24:21.205500,-3.5326557041040862,0.8878921844190578,362.3039125892722,25.584884801101683,1.9858810256941088,-16.745172132413106,282.1035853868466,-0.44752054707344546,68.0427026098189,68.93674309789303,-947.9030542390634,1363.88532558093
2025-09-05 21:24:21.208625,-10.912531111220446,1.1096038811596223,351.5592370242557,23.762442256022446,0.5862765656258369,-17.390888018096682,266.37240768671296,-1.6745556262866184,68.09544202943958,69.01821421519612,-947.8847157572942,1362.9652591918793
2025-09-05 21:24:21.211750,-18.676946613479274,1.640813217341819,341.20695123476565,21.82174519576627,-0.9242147327140499,-18.08615314430571,251.10612304684176,-2.9640986505476272,68.15356048554149,69.09076524603354,-947.8654097362229,1362.2321570487084
2025-09-05 21:24:21.218000,-26.825621979600214,2.4106613804341146,331.1896595718406,19.752780522145386,-2.554665518692936,-18.853140089903697,236.26149270202876,-4.312914359639343,68.21459360300717,69.15276438811738,-947.846949926398,1361.7204773631674
2025-09-05 21:24:21.221625,-35.309775426406205,3.317647377453409,321.425348145492,17.559903170150516,-4.304863250825619,-19.705689333168205,221.77266485272642,-5.707553582949449,68.27621008812316,69.20301304671911,-947.830818749461,1361.4580097576709
2025-09-05 21:24:21.225250,-44.037438937261776,4.245513549317245,311.8235987688644,15.260733592309819,-6.165208565388656,-20.64861743177658,207.56761614347224,-7.125677249325845,68.33621232797297,69.24059047479882,-947.8181042266774,1361.4643602218503
2025-09-05 21:24:21.228875,-52.888882936191806,5.083462366316041,302.30563901941224,12.881987805585535,-8.118289301822708,-21.678749894471707,193.58780078761825,-8.539419077815039,68.39251484900988,69.26467892124778,-947.8095661561863,1361.749247480534
2025-09-05 21:24:21.232500,-61.73814227323626,5.745092893156077,292.8224023249198,10.453331511558098,-10.141816629071773,-22.78740814880532,179.80521331819136,-9.920023170425303,68.44315987649698,69.2745015512101,-947.8057344474125,1362.3113547622715
2025-09-05 21:24:21.236125,-70.47417545642939,6.180084633244064,283.36462314477797,8.00111678205602,-12.212135829710139,-23.96363132804759,166.2309466303974,-11.242492232179492,68.48642428134849,69.26938733837498,-947.8069449301676,1363.1381870938449
2025-09-05 21:24:21.239750,-79.01456857960306,6.374279436115149,273.960813820259,5.544135854526333,-14.307228706788448,-25.197073018110288,152.91145752314932,-12.488890752287594,68.52100957632373,69.24887713835632,-947.8133172931347,1364.2069706018347
2025-09-05 21:24:21.247000,-87.30745631815228,6.338534363972058,264.663901864566,3.09280676799275,-16.40827504694132,-26.47956619227794,139.9139912273718,-13.649419450046388,68.54624521076714,69.2128021737531,-947.8247172589986,1365.4860806950956
2025-09-05 21:24:21.252250,-95.32230073216864,6.091584446350487,255.53220518221502,0.651756633006336,-18.49941106250682,-27.80492260115984,127.307193327301,-14.721129623552866,68.5622102265287,69.16131670590237,-947.8407315137752,1366.9361719877397
2025-09-05 21:24:21.257500,-103.03439188687844,5.644128934076722,246.6121995910332,-1.77555697010632,-20.566002841354862,-29.167280368747292,115.14424335514495,-15.704875768324792,68.56970762191209,69.094900499807,-947.8606744072455,1368.5109632854246
2025-09-05 21:24:21.262750,-110.41056090037614,4.991072710383509,237.93015300218153,-4.1824070269325695,-22.59238149788879,-30.558928633808055,103.45529090081533,-16.601843491322228,68.57011369785408,69.01436574109557,-947.8835678030451,1370.1585871682964
2025-09-05 21:24:21.268000,-117.40352695571396,4.115787247569296,229.4965526765384,-6.5568082513346555,-24.560321468727945,-31.968790698423263,92.25268787144468,-17.41134945978171,68.56519992622408,68.92088240876397,-947.9080055357639,1371.8240280712052
2025-09-05 21:24:21.273250,-123.95783053713212,3.003886612238151,221.32051495413168,-8.882998530195316,-26.449187356316163,-33.38238380112095,81.54577585264398,-18.13091221435713,68.55700259816447,68.81598324844295,-947.9319814260159,1373.4520533439372
2025-09-05 21:24:21.278500,-130.02409044846652,1.6589045832865266,213.42591449947395,-11.145572392737003,-28.237772601279136,-34.783295666875226,71.3567619328162,-18.758250502416043,68.54773387114992,68.70150211019363,-947.9528700718404,1374.990010732954
2025-09-05 21:24:21.289000,-135.57448468425181,0.1119236078732861,205.86070409548492,-13.33420750075352,-29.907011247028205,-36.15548573420072,61.72922017524138,-19.29390320129513,68.53970484227389,68.57945612222734,-947.9676162967577,1376.3906231488636
2025-09-05 21:24:21.291125,-140.6118838671617,-1.5796355639434316,198.6945107103474,-15.44667627681092,-31.442347239252697,-37.48532511922929,52.72479309228884,-19.74293724804619,68.53526029224084,68.45192361647251,-947.973063843632,1377.6146478516812
2025-09-05 21:24:21.293250,-145.1686460099353,-3.343463495059806,192.00554768083265,-17.4888496388008,-32.83484568582975,-38.762545905277,44.4097975611594,-20.114847827854106,68.53673165459335,68.32094643368235,-947.966340983155,1378.6325623518715
2025-09-05 21:24:21.295375,-149.29754976036355,-5.108198847960769,185.86333743482584,-19.47232249450652,-34.0810464197143,-39.98009492940657,36.838367462434064,-20.422020792087768,68.5464312891678,68.18843533876758,-947.9451752393837,1379.4250707269866
2025-09-05 21:24:21.297500,-153.0602182425819,-6.817430734482386,180.31387495416024,-21.4111936184155,-35.18210554751811,-41.133371915394775,30.038381941385015,-20.677712959632686,68.5667179110161,68.05606307677711,-947.9080068047521,1379.9834717832964
2025-09-05 21:24:21.299625,-156.51490227231417,-8.439931274666172,175.36929938191238,-23.31858025214463,-36.14235880894497,-42.21900293415479,24.001982973458926,-20.89385907227078,68.60009290230585,67.92518173744618,-947.8539204194669,1380.3104531665967
2025-09-05 21:24:21.301750,-159.70296677633013,-9.97640961550225,171.0017696502681,-25.202708308321643,-36.96713282259958,-43.23303302680375,18.680494702179246,-21.078596525599757,68.64924562099787,67.79679255287765,-947.7825465218245,1380.4197914121487
2025-09-05 21:24:21.306000,-162.6364356846562,-11.460984497922933,167.1432587573013,-27.06321246523909,-37.66019576596624,-44.1688501644594,13.985664490060106,-21.234011682451523,68.7170190785977,67.67154681285736,-947.6940185762475,1380.333253975049
2025-09-05 21:24:21.310375,-165.29198998630122,-12.954576717591536,163.69387789226693,-28.889144636530744,-38.22184012310786,-45.01564469315043,9.79960303453542,-21.355128690519322,68.80631555809245,67.54976086251015,-947.5889202758789,1380.0757846409124
2025-09-05 21:24:21.314750,-167.61523904321263,-14.530333723728095,160.53828552481443,-30.659861561159424,-38.64844476479316,-45.75815676796914,5.992258641252966,-21.430842585528016,68.91999142337818,67.43144627969245,-947.4681459929767,1379.6717530977367
2025-09-05 21:24:21.319125,-169.53492534716648,-16.254741743358473,157.5661845050412,-32.34887470360343,-38.93372044654703,-46.37800803445638,2.4419005797156568,-21.446767752004405,69.06079837792456,67.3163390347314,-947.3327351464349,1379.1435276752345
2025-09-05 21:24:21.323500,-170.9830983219416,-18.169843980935354,154.69130522458823,-33.92965368330734,-39.07124971523912,-46.85637574717778,-0.9469734415810868,-21.389286071035958,69.23134879024059,67.20390888794758,-947.183786600653,1378.5115429824873
2025-09-05 21:24:21.327875,-171.9148417848867,-20.282573848792843,151.86280317248446,-35.38156371556462,-39.05751535222998,-47.17729216248401,-4.2339870897826115,-21.249600337280068,69.43402391570015,67.0933602714578,-947.022449206153,1377.7944926360851
2025-09-05 21:24:21.332250,-172.32046183277683,-22.565683694860812,149.06459497351645,-36.69385469129925,-38.89431097929106,-47.330522538848946,-7.445184866552598,-21.02646905754249,69.67081917336805,66.98365408477396,-946.849931628782,1377.0089524159957
2025-09-05 21:24:21.341000,-172.2256937510728,-24.9697876741722,146.30328077361594,-37.86627715520784,-38.58955324229353,-47.31300830084866,-10.585847910857508,-20.726641335039712,69.94318808690102,66.87357026771669,-946.6675522035076,1376.1684093809963
2025-09-05 21:24:21.343750,-171.6805229043652,-27.441012252368953,143.590513615575,-38.90627364183999,-38.15622983789898,-47.128403659364,-13.657887129870046,-20.362796525376318,70.25190900472248,66.76180582085563,-946.4768679953006,1375.2819232717857
2025-09-05 21:24:21.346500,-170.74204329522885,-29.93753343519203,140.92676580099106,-39.82418923131082,-37.61015700478783,-46.7851448405906,-16.675235011234378,-19.949908027309732,70.59696021554021,66.64707983449118,-946.2798002100053,1374.3532487229977
2025-09-05 21:24:21.349250,-169.45974390047073,-32.440243850362535,138.29102305980615,-40.628963303902424,-36.9679139868388,-46.294330151257356,-19.673105050695746,-19.50187496203095,70.97739299649652,66.52822589372413,-946.0786023354385,1373.3814675463
2025-09-05 21:24:21.352000,-167.86887469875123,-34.956640471528495,135.63695390254924,-41.32600987963919,-36.245964147507344,-45.668520672648256,-22.711081928305504,-19.02975506246022,71.39120843847658,66.40429641243749,-945.8756374153905,1372.3628533400724
2025-09-05 21:24:21.354750,-165.9890600240757,-37.52088392894768,132.89270485975112,-41.916500725848856,-35.46049200368072,-44.921234602554485,-25.87304331503189,-18.54105411764257,71.83527381507022,66.2747149729055,-945.6730999752455,1371.2927672644582
2025-09-05 21:24:21.357500,-163.8217067944251,-40.19265042599414,129.96216180187943,-42.396216171576754,-34.62676075764179,-44.06612192017031,-29.265559602447908,-18.038758792452885,72.30532153308528,66.1394367456047,-945.4728298254823,1370.1671683673367
2025-09-05 21:24:21.363000,-161.345664704529,-43.05328392863123,126.72949853419485,-42.753870370164385,-33.757757970449305,-43.11553232001377,-33.01259456794305,-17.520067285849752,72.79603419672335,65.99902047813977,-945.2762375297441,1368.9837619573455
2025-09-05 21:24:21.374625,-158.51638763590066,-46.19592796325634,123.07029588401933,-42.97049609128306,-32.86298321953627,-42.079162370057105,-37.243576700267646,-16.975932028928252,73.30117172651232,65.85458078686791,-945.0842766639809,1367.7426327863632
2025-09-05 21:24:21.386250,-155.27272124331805,-49.709891066094066,118.86843462618138,-43.02118096168354,-31.948303675076843,-40.9636787073588,-42.07613719742759,-16.392261687829876,73.8136678739739,65.70768293678813,-944.8974488105201,1366.4466619873301
2025-09-05 21:24:21.397875,-151.5499073422269,-53.665455638994786,114.03168483038694,-42.87895216946316,-31.01713361140179,-39.77377704175295,-47.600718085678224,-15.7525686896566,74.3256612175165,65.56026872087604,-944.7159256466998,1365.1020174711139
2025-09-05 21:24:21.409500,-147.2923750016661,-58.10695100305109,108.49772994291662,-42.51907430915684,-30.072257365248987,-38.51422842988296,-53.87520888183844,-15.04084403464171,74.82853993691977,65.41464742969173,-944.5398341254269,1363.7182481589307
2025-09-05 21:24:21.421125,-142.45960890753963,-63.05601649216458,102.22927610669043,-41.92159177054595,-29.117068026902476,-37.191630220626514,-60.93076309908748,-14.243230431649346,75.31311843186153,65.27349528650039,-944.3695940568441,1362.3076202613038
2025-09-05 21:24:21.432750,-137.02340139827177,-68.51984324209248,95.2046122777831,-41.07122107381727,-28.155445309498766,-35.81478144394951,-68.78202735573073,-13.347955944771998,75.76994932465486,65.13980362280105,-944.2061744793704,1360.884168451841
2025-09-05 21:24:21.456000,-130.96085621675556,-74.4973243511401,87.41140592745847,-39.95564857557459,-27.190582811258867,-34.39375389932156,-77.43356490827013,-12.344253334718982,76.18967715332023,65.01679345592456,-944.051257149354,1359.4632470013512
2025-09-05 21:24:21.460750,-124.25005424506095,-80.97845368670538,78.84827351763519,-38.56427406551877,-26.22380189528907,-32.93864593332182,-86.87800012270738,-11.221591748396849,76.56335635414398,64.90783361628449,-943.9073201654609,1358.061949758353
2025-09-05 21:24:21.465500,-116.8732154886343,-87.93629683609413,69.53417028302799,-36.88896808747192,-25.25429222584783,-31.459038838042375,-97.08639734866772,-9.970228319094137,76.88268679864602,64.81635203371762,-943.7775575414295,1356.700010085996
2025-09-05 21:24:21.470250,-108.82780386728027,-95.31460594587861,59.52182937593601,-34.927160915101716,-24.280118941508963,-29.96462883486342,-107.99499462381031,-8.58329002258291,77.14015238045029,64.7457192306729,-943.6655687406218,1355.4003370477576
2025-09-05 21:24:21.475000,-100.14220108192814,-103.01623306922527,48.90968774291184,-32.68637187776908,-23.300252443310242,-28.466883331270388,-119.49391578829182,-7.0598374344068,77.3291132794724,64.69913116062963,-943.5749368922341,1354.1884906401056
2025-09-05 21:24:21.479750,-90.89006683307599,-110.89826456112044,37.84641414242183,-30.188463083159114,-22.316959660208067,-26.98109366399789,-131.42380836806183,-5.407891957947843,77.44391162501263,64.67953553967632,-943.5088864643628,1353.0909226864142
2025-09-05 21:24:21.484500,-81.19677702907907,-118.77851452967555,26.523728461959486,-27.471713370012264,-21.33762509108797,-25.52790799026056,-143.58434903219424,-3.6463043700775417,77.48000119999007,64.68960144144245,-943.4700845680297,1352.1325345070027
2025-09-05 21:24:21.494000,-71.2338853922476,-126.45324976442083,15.157962483405306,-24.58952577315144,-20.37516269228815,-24.133502627311334,-155.753413014429,-1.8046695593054813,77.43410802183509,64.73169776250637,-943.4605565418198,1351.3345272221477
2025-09-05 21:24:21.506375,-61.20240827363098,-133.72072986402782,3.965955017440813,-21.60584628571905,-19.446719806336993,-22.828079571458005,-167.71103329397383,0.07890532519529038,77.30443511602236,64.80784429380107,-943.4816897655421,1350.7132558737967
2025-09-05 21:24:21.518750,-51.3099338289704,-140.4030063002984,-6.85705934539063,-18.588548368503705,-18.571050497346537,-21.643036561424314,-179.26068685376933,1.961752191005425,77.09087154737172,64.91960684903658,-943.5342857471636,1350.2801101124633
2025-09-05 21:24:21.531125,-41.749186411708415,-146.3587498511546,-17.15022870506301,-15.60294141729797,-17.76550331005009,-20.607659111977227,-190.24085604634337,3.801185420263506,76.79512066468193,65.06793996241556,-943.6185787022065,1350.0419963782952
2025-09-05 21:24:21.543500,-32.685699663794594,-151.48287798979075,-26.786312684924276,-12.707737455434392,-17.043832193861654,-19.746452868184814,-200.52315952570203,5.557985017521209,76.42069688435909,65.25302705452084,-943.7341476699245,1350.002104566869
2025-09-05 21:24:21.555875,-24.25789479756468,-155.69526325413767,-35.659879960965746,-9.954616865696757,-16.415659743716365,-19.07801486393409,-210.00010245374799,7.197595375192158,75.9728143948145,65.47417508197937,-943.879752946594,1350.1606404593067
2025-09-05 21:24:21.568250,-16.586611986121774,-158.9262163091881,-43.67249484183686,-7.390664247670882,-15.88756196769234,-18.615613707474868,-218.57063828755446,8.689103951846612,75.45821883613321,65.72978323300005,-944.0532288441515,1350.5150465176312
2025-09-05 21:24:21.593000,-9.787137409129226,-161.1068946373902,-50.72332476662989,-5.061676898189158,-15.464999285928617,-18.368842295096393,-226.13180821962544,10.003264169630624,74.88497878530804,66.01737216591387,-944.251528227807,1351.059358527853
2025-09-05 21:24:21.593000,-3.976103671994308,-162.16971848654518,-56.71035884327788,-3.014073522562334,-15.15396692034978,-18.34521801548846,-232.58109805390998,11.111265651077227,74.26223007899937,66.33365973921337,-944.4709079732432,1351.782644641321
2025-09-05 21:24:21.593000,0.7308981127507174,-162.0584917175019,-61.541749092710276,-1.294086342275524,-14.961494698713048,-18.550805929357605,-237.82827815599492,11.985272278872806,73.59988783357328,66.67468221326975,-944.7071992376387,1352.6673165429738
2025-09-05 21:24:21.593000,4.228660341944915,-160.7424395187221,-65.15112089422456,0.05516961499425883,-14.895008797558338,-18.989803556930326,-241.81033332108902,12.600368403378424,72.90836422553319,67.03595339508524,-944.956092458248,1353.6887593673437
2025-09-05 21:24:21.593000,6.4333854314804935,-158.22792705708125,-67.51024817563743,0.9972341076650171,-14.961157844156427,-19.663590097710802,-244.50329775438541,12.93693851674357,72.19831490642777,67.41263303375301,-945.2133532381691,1354.8168301001651
2025-09-05 21:24:21.593000,7.293711256458098,-154.56610162237504,-68.63709676740274,1.5059462200104459,-15.164357967989984,-20.569436224908696,-245.92938654179628,12.983124889330691,71.4804055134464,67.7996643932015,-945.474922149209,1356.0184132742816
2025-09-05 21:24:21.593000,6.802736322248975,-149.8569810941623,-68.59978044284556,1.5694535606730013,-15.504939471601759,-21.698767604268124,-246.1599253889907,12.737418610782404,70.76509334797126,68.19184705450068,-945.7369209373643,1357.2600502870564
2025-09-05 21:24:21.593000,5.008958060631194,-144.24822693158595,-67.51485943941009,1.1939084848118442,-15.977158761292216,-23.035259775251713,-245.31242182342675,12.210878781753488,70.06244908649003,68.583852360036,-945.9956222205043,1358.5103526744742
2025-09-05 21:24:21.595125,2.020686693519967,-137.9256345253517,-65.53716216239287,0.4052102549162258,-16.56786001220883,-24.55352685718436,-243.53924201633419,11.427965447703139,69.38204720999676,68.9702378861259,-946.2474404991684,1359.7420974809265
2025-09-05 21:24:21.597250,-2.0001426248294907,-131.09530483891717,-62.84116622581977,-0.7524403956607676,-17.256552890871415,-26.219126618435368,-241.00835578594794,10.425253641170004,68.73291207752534,69.34551253787524,-946.4889980076284,1360.9333014144986
2025-09-05 21:24:21.599375,-6.854635210007043,-123.96123234632665,-59.59779000370869,-2.221202510907181,-18.01717825175821,-27.990164273387094,-237.88016377058727,9.248028483262752,68.12344932484369,69.70427623553218,-946.7172769504464,1362.0666198289446
2025-09-05 21:24:21.601500,-12.330194096036182,-116.70388118626468,-55.952380144272055,-3.9364021058502323,-18.821217275062534,-29.820287829769676,-234.2862326704532,7.94546233281588,67.56130172810713,70.04143644588562,-946.9297869884763,1363.1278851460474
2025-09-05 21:24:21.603625,-18.223905162109347,-109.46583513684068,-52.010143533462816,-5.83365092133282,-19.64129703173339,-31.66241809140003,-230.31624587032246,6.565540985209241,67.05316446232327,70.35245323321006,-947.124662550556,1364.10556576208
2025-09-05 21:24:21.605750,-24.358799132790235,-102.34925874612253,-47.83376987645994,-7.854160946188603,-20.45418432597995,-33.472191403142695,-226.01753720509842,5.151054654977525,66.60464034932197,70.6335400128217,-947.300668372594,1364.991564950833
2025-09-05 21:24:21.610000,-30.58834570833838,-95.42517332578953,-43.45324045452736,-9.946748380709918,-21.24220045448454,-35.210101021464986,-221.40637792523546,3.737750818796718,66.22014540725353,70.88181031329842,-947.457116150077,1365.7820496488348
2025-09-05 21:24:21.614000,-36.78951590148324,-88.74928477019824,-38.88256645431405,-12.06637656836759,-21.992662319925156,-36.841870297207656,-216.48530718943954,2.3550849088833568,65.90282225136737,71.09540619434227,-947.5937086161197,1366.4774655783867
2025-09-05 21:24:21.618000,-42.84910837535166,-82.37712178495023,-34.13604424384019,-14.170489029538542,-22.69575791085198,-38.3373753746933,-211.2592286066399,1.0289160112380829,65.65445445108561,71.27359009195905,-947.7103853507731,1367.0821765194878
2025-09-05 21:24:21.622000,-48.65076073839536,-76.37171439984955,-29.236929005317176,-16.215352950074504,-23.34197966939879,-39.66903144144297,-205.74345276578558,-0.2155186297145348,65.47542659150048,71.41674094101506,-947.8072428274788,1367.6039426715815
2025-09-05 21:24:21.626000,-54.070088007625806,-70.79972955110806,-24.21430276236423,-18.154674179688488,-23.920447310031744,-40.810728716820506,-199.9598453981122,-1.3521533856431385,65.36479214074254,71.5262506823075,-947.8845281215533,1368.052841566293
2025-09-05 21:24:21.630000,-58.981110296883564,-65.71799503180635,-19.090257707837935,-19.941519392292783,-24.418916199320343,-41.73805452563594,-193.9237103849194,-2.3550229805832554,65.32045489910097,71.60438782567374,-947.9426744189675,1368.4399805483536
2025-09-05 21:24:21.634000,-63.27106128203759,-61.157690077578685,-13.86496366876816,-21.532833577222103,-24.825360225587954,-42.429865808179194,-187.629358661507,-3.2010874272333676,65.33936400740542,71.65419326872802,-947.9823457766107,1368.7768884846373
2025-09-05 21:24:21.642000,-66.85672735237681,-57.114230602453716,-8.50785958916158,-22.89460590623915,-25.13029293933089,-42.87063157681585,-181.04257176953325,-3.873531410940123,65.41762725153778,71.67940314571226,-948.0044434495054,1369.075370985045
2025-09-05 21:24:21.645125,-69.69468577351414,-53.54807699528487,-2.9601982354238,-24.0054108777365,-25.328671280566795,-43.052525600013134,-174.10452480837594,-4.363929873834689,65.55057122424127,71.68433914635494,-948.0100577048615,1369.3469278663515
2025-09-05 21:24:21.648250,-71.78116161537734,-50.396352052255764,2.851495803692504,-24.85698016639391,-25.420525287113,-42.97633459911593,-166.745893676598,-4.672427769198828,65.7328193135733,71.67373589939857,-948.0004264705431,1369.6020240296812
2025-09-05 21:24:21.651375,-73.14376311973695,-47.589430935014555,8.99728095254466,-25.45232849620541,-25.41034162737232,-42.651005792334686,-158.90479877572974,-4.806362508600905,65.95838120795757,71.65253512348039,-947.9769450133845,1369.850238308657
2025-09-05 21:24:21.654500,-73.8303975406718,-45.065921563648814,15.527613504458806,-25.802859616804216,-25.305796919964077,-42.09230276470751,-150.54241835988432,-4.77823626604083,66.22071188450771,71.62569965250421,-947.941151974643,1370.1008651641741
2025-09-05 21:24:21.657625,-73.89715077065149,-42.78394714863713,22.461096136195675,-25.924939869392073,-25.11609881267855,-41.32087627355,-141.6545023298766,-4.6032459099779635,66.51277165137871,71.59808397764562,-947.8946249810947,1370.3626554334332
2025-09-05 21:24:21.660750,-73.39425433711625,-40.72917327140632,29.775897553355914,-25.835724755855136,-24.849837509058045,-40.35974795621138,-132.27888177222263,-4.29621702276347,66.82716567590872,71.57435712009135,-947.8388713824277,1370.6428476593455
2025-09-05 21:24:21.667000,-72.35234659154047,-38.917798027471605,37.40710336389746,-25.5489018745458,-24.512626193413965,-39.23151064048229,-122.49681910959876,-3.868507985824116,67.15636136170399,71.55894340639892,-947.7753125044826,1370.9466559006241
2025-09-05 21:24:21.670375,-70.77459408460668,-37.39134057224068,45.253331380113345,-25.07195245377619,-24.10532429311812,-37.95604290887134,-112.4253559976682,-3.326069443065616,67.49291472663137,71.55594583948857,-947.705332437306,1371.2776491231762
2025-09-05 21:24:21.673750,-68.63827613870184,-36.20335254158787,53.19204627004513,-24.406049028044194,-23.623531273395574,-36.54943767794213,-102.2015286211251,-2.6694268894339013,67.82968356187929,71.56901924513146,-947.6303360867204,1371.6386777099024
2025-09-05 21:24:21.677125,-65.90367386011759,-35.40291616251985,61.09808161784672,-23.548154570448208,-23.05829870992962,-35.0240939252707,-91.96379606810466,-1.8952235310889893,68.16003059349818,71.60117660179088,-947.5517886548365,1372.0327122984945
2025-09-05 21:24:21.680500,-62.525434121101426,-35.02026511607031,68.8597012209909,-22.494058968962126,-22.397506239331843,-33.38940979980421,-81.83608789709609,-0.99835705627188,68.4779686324721,71.65457859735284,-947.4711742660339,1372.4629176192302
2025-09-05 21:24:21.683875,-58.46506850938393,-35.05588491734384,76.39090256792147,-21.241915877392827,-21.627737897741522,-31.652901807826662,-71.91569088352966,0.025621992210812378,68.77820714290077,71.73041076008514,-947.3898424826099,1372.9315918954717
2025-09-05 21:24:21.687250,-53.70580275352421,-35.472617172352514,83.64060659640174,-19.796488597084647,-20.736887802613676,-29.821991615381574,-62.26450934446569,1.177607848089435,69.0561354894708,71.82890523016593,-947.3088289122775,1373.438295202669
2025-09-05 21:24:21.694000,-48.267377666604595,-36.19311920405055,90.59639159045409,-18.173318531968274,-19.717213465674856,-27.906247038534957,-52.906260968782476,2.4519457688739754,69.30779121267288,71.9494670734891,-947.2287499521381,1373.9783694831704
2025-09-05 21:24:21.694625,-42.21434791955715,-37.106570584353214,97.27883132794675,-16.400947961330747,-18.567818692725485,-25.91918786852312,-43.833266388104455,3.8346066247307866,69.52982074658318,72.0908340228311,-947.1497765015021,1374.5431473140507
2025-09-05 21:24:21.695250,-35.65297210809984,-38.084910442511145,103.72619458515213,-14.519814980108649,-17.295552952415246,-23.87877731478181,-35.02234600833854,5.3035653223719565,69.71944496945511,72.25124668346857,-947.0716514623359,1375.121718684879
2025-09-05 21:24:21.695875,-28.7170443085384,-39.0039338589076,109.97431606173815,-12.577925181675017,-15.914004768754149,-21.80632455952916,-26.45463301931846,6.8314189533208,69.87447829712262,72.42862682538407,-946.9937284451935,1375.7026670380728
2025-09-05 21:24:21.696500,-21.547310072384217,-39.76275984124912,116.03837483982528,-10.62459888165256,-14.440988583977653,-19.72416811815566,-18.13272232411454,8.389393596550278,69.99342296221083,72.62071450510157,-946.9150114578379,1376.2744812258543
2025-09-05 21:24:21.697125,-14.27110288226341,-40.2961730959728,121.90231679725039,-8.70417734980501,-12.895409655211441,-17.65293708275225,-10.089721523050622,9.951365961064358,70.0755705721276,72.8251135209592,-946.8342011882205,1376.8245637627442
2025-09-05 21:24:21.697750,-6.988935530426818,-40.576533202898695,127.51914872727895,-6.851679632069632,-11.294680408909358,-15.609371047574902,-2.3874170446063343,11.49637839534433,70.1210185966171,73.03926293995029,-946.7497607357884,1377.3374543801801
2025-09-05 21:24:21.699000,0.2277416932888574,-40.60533701940213,132.82153610945826,-5.091750718928592,-9.653664270858119,-13.60548619700555,4.895377412075418,13.00870639715845,70.1305790127348,73.26038647347642,-946.659967092713,1377.793200304457
2025-09-05 21:24:21.705750,7.32777716912871,-40.39796763508376,137.73872957491957,-3.440954693071091,-7.98538879131884,-11.649341157206093,11.680063806842531,14.47569508404823,70.105614728406,73.48546217779068,-946.5629407079721,1378.166929455906
2025-09-05 21:24:21.712500,14.264823068166983,-39.96744237131168,142.21393240831,-1.9121939543948645,-6.303001391601902,-9.747040046361167,17.905103330933137,15.884565900316145,70.04786590382763,73.71124841817237,-946.456741091879,1378.4301194843028
2025-09-05 21:24:21.719250,20.982764000310436,-39.31448187904519,146.2147744526731,-0.5190312585301052,-4.621889097281156,-7.905034805312543,23.535212574552336,17.219883786895807,69.95932904327869,73.93438164173108,-946.3395894001047,1378.5529119835355
2025-09-05 21:24:21.726000,27.410220214758944,-38.429404288893686,149.73134240671303,0.7224538473530002,-2.9607260217188287,-6.1315578089074885,28.557943858168464,18.463136646759605,69.84218840866289,74.15150948486679,-946.2101643079577,1378.5062268446727
2025-09-05 21:24:21.732750,33.46716701141223,-37.304264286753934,152.7635901260411,1.7952251087621591,-1.3407800319667111,-4.436499478920372,32.9702100152412,19.594736275816228,69.69874455447383,74.35938365017218,-946.0678979780372,1378.2631564007397
2025-09-05 21:24:21.739500,39.07982536187824,-35.94750476280696,155.3062646774385,2.6852631367517463,0.21625564191573687,-2.8298706510383083,36.76326393248651,20.597500386397268,69.53132296743273,74.55488406344355,-945.9132233398827,1377.8002624718647
2025-09-05 21:24:21.753000,44.19666399773878,-34.39331673799174,157.3392774270241,3.3859391498373927,1.6910334960431193,-1.319560011009101,39.91396596473752,21.46016805803602,69.34219863577765,74.73504975851128,-945.7477063587871,1377.0995261057606
2025-09-05 21:24:21.758000,48.798554939352755,-32.70126339114854,158.82778051422954,3.9007753059806727,3.0688775407855458,0.0906380562668807,42.38598718322334,22.179618160715023,69.13356726196697,74.89719464433242,-945.5740021164305,1376.1508002331166
2025-09-05 21:24:21.763000,52.898913454692874,-30.946707986907487,159.73112800973863,4.243331612448733,4.340782507572135,1.4018117389594895,44.13935828959457,22.76096236528851,68.90757490010516,75.03906403863931,-945.3956304881788,1374.9537767642241
2025-09-05 21:24:21.768000,56.534884856758666,-29.20859689108505,160.01376214361707,4.434414816958496,5.502808355300361,2.619160262057935,45.14111294055737,23.215597054549715,68.66639712365016,75.15893191412638,-945.2166569671097,1373.5187591353915
2025-09-05 21:24:21.773000,59.755806995366704,-27.56289998002934,159.64937618006832,4.498352667960611,6.554529812697271,3.750186744303711,45.368638122863295,23.558395718611955,68.41231734621358,75.25561436831961,-945.0414169763451,1371.8665958084857
2025-09-05 21:24:21.778000,62.616293751985985,-26.084360283716165,158.61604391209625,4.460571266333699,7.497804115987595,4.803078908639747,44.80396296003242,23.805730108419947,68.14774153787444,75.32843963486175,-944.874334645421,1370.0283281905176
2025-09-05 21:24:21.783000,65.17693134181968,-24.852200351615718,156.88761845219304,4.347526402434735,8.336686670741488,5.78625907474741,43.424875984924704,23.97521714330393,67.87513989594343,75.37721193270605,-944.7197699671643,1368.0445530357092
2025-09-05 21:24:21.793000,67.50926060059682,-23.95323606857336,154.42872166689833,4.1881001965890485,9.078245646961886,6.709038806352908,41.200454607031446,24.086603664248603,67.59696553947653,75.40221309697833,-944.5818532873615,1365.9646086904613
2025-09-05 21:24:21.795625,69.69843885431449,-23.477775636319713,151.19814746588233,4.0145056586751595,9.733335584542129,7.582469377685373,38.095445768689586,24.162413158772328,67.31558304329663,75.40431048073845,-944.4643352890027,1363.8459397288752
2025-09-05 21:24:21.798250,71.8391558167028,-23.508091415302417,147.16054922929416,3.8613237838373204,10.316532257495489,8.419501172399956,34.0826485676843,24.227405868068143,67.03318480498957,75.38516016153017,-944.3704694662999,1361.7532083553187
2025-09-05 21:24:21.800875,74.02620380071647,-24.104208434101274,142.30108054278105,3.7629512612264224,10.84517130734021,9.23430907341978,29.157622137329305,24.306977262734552,66.75168753608632,75.3473427010041,-944.3029155335105,1359.7556228243566
2025-09-05 21:24:21.803500,76.34394728917877,-25.29238070608401,136.63726444698221,3.7505876455596248,11.337930355202685,10.041189847161062,23.350153061754995,24.42517378893872,66.47264390524329,75.29430001693171,-944.2636762752604,1357.921585700352
2025-09-05 21:24:21.806125,78.85563542187586,-27.05739090073862,130.22694258537064,3.849023603469524,11.813054059515252,10.853144573722558,16.73155021672266,24.60247514535292,66.19719011038792,75.23012235129974,-944.2541270698572,1356.3122750925304
2025-09-05 21:24:21.808750,81.59108607162996,-29.337696874804355,123.17326347255775,4.072820080768535,12.285984606553713,11.67991331547928,9.41868877155926,24.853061804113032,65.92603492669694,75.15927227351358,-944.275167076733,1354.9768861568446
2025-09-05 21:24:21.814000,84.53486184336323,-32.02542895833911,115.62450355631793,4.4224704311559835,12.766689615968764,12.525665177899294,1.572495691531193,25.181987414795646,65.65952233278175,75.08626103428901,-944.327427015467,1353.9505499653533
2025-09-05 21:24:21.816250,87.62104785868608,-34.97517962498513,107.76465948863925,4.882327124013322,13.2576780301997,13.387210382237823,-6.612846316064795,25.583515205550295,65.39778902988643,75.01530392158236,-944.4114816674719,1353.2543949344035
2025-09-05 21:24:21.818500,90.73867228251946,-38.021751470076154,99.79479380749623,5.421614037372291,13.753541177829565,14.253546429145432,-14.929329297728385,26.041518198983574,65.1409715221598,74.95002681445274,-944.5280686962083,1352.896983447893
2025-09-05 21:24:21.820750,93.74526542860355,-41.001260868678855,91.91098290898134,5.998039876186092,14.241963161664602,15.10674057777999,-23.177157705824172,26.531554182902873,64.88939519703739,74.89327628915115,-944.6782063102214,1352.8757977280702
2025-09-05 21:24:21.823000,96.48297589175486,-43.76924405315672,84.2854725103159,6.5625263189085725,14.705585112844947,15.923592810690963,-31.183218769277328,27.02362191702144,64.64372749191162,74.84703531854058,-944.8630413032264,1353.1776540738547
2025-09-05 21:24:21.825250,98.79530669210098,-46.21398813397895,77.05306391810936,7.064391669898399,15.124421701883845,16.677822956078987,-38.814235477075904,27.48531870332904,64.40511594577346,74.81241503685919,-945.0834603691317,1353.7792506786973
2025-09-05 21:24:21.827500,100.54532282270299,-48.265887507173005,70.30200197400926,7.457065689005147,15.478834586370487,17.34282819538971,-45.98509783825968,27.885597127966516,64.17529638034314,74.78969028699495,-945.3396865322746,1354.6497906558634
2025-09-05 21:24:21.832000,101.6330689944468,-49.901374878672875,64.07070591474891,7.703644184105569,15.752683691378019,17.894691494660414,-52.660774311919845,28.198616387190402,63.95659401428826,74.77837262283117,-945.6310413137936,1355.7546284561186
2025-09-05 21:24:21.833875,102.00650613838314,-51.138368229983705,58.35324625010069,7.780663138731735,15.935796331841097,18.314666207100046,-58.84921330071456,28.40646377332346,63.75177355058399,74.77733944682905,-945.9559103824596,1357.0575191875696
2025-09-05 21:24:21.835750,101.66159120411112,-52.022725759492545,53.11380422777115,7.678726375754162,16.024943933805197,18.590392425930894,-64.5857300118625,28.499742830663465,63.56379884930483,74.78502168673319,-946.3118407798863,1358.5216698836502
2025-09-05 21:24:21.837625,100.63132909674079,-52.609122886222856,48.306317949119986,7.399733643729674,16.023012086033606,18.715534066425374,-69.91306873471117,28.475858800772066,63.39559117921708,74.79960694925234,-946.6956653940832,1360.1110795322202
2025-09-05 21:24:21.839500,98.96737717501631,-52.941949730418656,43.89349487252827,6.951612982310745,15.936635486990271,18.688045697587746,-74.86290406059172,28.335650896856073,63.24983640887776,74.81919506081128,-947.1036045999818,1361.792068587045
2025-09-05 21:24:21.841375,96.72041797385462,-53.04242277066215,39.85912245191217,6.342370536772995,15.773072549593996,18.50771471249334,-79.44471867571501,28.07955834150403,63.12887277065209,74.84186831921363,-947.5313675654944,1363.5341736311157
2025-09-05 21:24:21.843250,93.92659988371474,-52.90685510285048,36.2091155708672,5.575694593671473,15.5374476092464,18.17392256326383,-83.64620517579242,27.704675220595206,63.03466721689852,74.86568999614121,-947.9742713367001,1365.3106536820324
2025-09-05 21:24:21.847000,90.60503738717284,-52.51649724584355,32.96123171502708,4.649764438029298,15.231425200154538,17.684532908073244,-87.44454779409143,27.2037180157796,62.968849114768226,74.88869525003065,-948.4273599939052,1367.0995158413425
2025-09-05 21:24:21.850625,86.76636920599532,-51.85392581265018,30.128577395566072,3.5594971954645054,14.853761583279024,17.03634686305936,-90.82308569086607,26.566240536496174,62.93277549589768,74.90894573524142,-948.8855403649926,1368.8847581382952
2025-09-05 21:24:21.854250,82.42789936977088,-50.91855971098775,27.704388481184836,2.301078998282387,14.40236819224908,16.226925777702,-93.78598536351663,25.781684730084216,62.9276199805987,74.92465753892341,-949.343766529421,1370.6562353565141
2025-09-05 21:24:21.857875,77.62802448183551,-49.73428435485199,25.655275044414193,0.8766410998394739,13.876922515718853,15.257002550667822,-96.36405891530684,24.84306475522326,62.95443638650675,74.93433865255312,-949.7972180439534,1372.4075175700336
2025-09-05 21:24:21.861500,72.43238179293189,-48.34508524425987,23.926955497943812,-0.7032924260606209,13.280822049330002,14.132347200945071,-98.60818892459535,23.749572606804684,63.01413037104893,74.93687894681597,-950.2413786478728,1374.132978819017
2025-09-05 21:24:21.865125,66.92820477405684,-46.80069578075808,22.459994375110103,-2.420858804919484,12.621561066666281,12.864164669980369,-100.57326897978923,22.50690163661911,63.107348745273065,74.93160032775134,-950.6720046600468,1375.8257189848764
2025-09-05 21:24:21.868750,61.20946772960339,-45.13949641363256,21.207820555649143,-4.2548442470761705,11.909362402424442,11.467856496712217,-102.30056546918283,21.125365084277718,63.23435598092782,74.91828550725404,-951.0850335913137,1377.4768353440586
2025-09-05 21:24:21.876000,55.359552345046076,-43.37662387987314,20.148879068815557,-6.18565737600987,11.154739898387335,9.960750622411155,-103.80664721052312,19.616973200706674,63.39495026432859,74.8971637745368,-951.4764848408741,1379.0755455404615
2025-09-05 21:24:21.878000,49.43924919750237,-41.5026710805347,19.287630802673203,-8.198913097357268,10.366244804955073,8.359850546389394,-105.08374914087229,17.993065707315896,63.58843765193344,74.86883748328813,-951.8423941912293,1380.6095077984583
2025-09-05 21:24:21.880000,43.484775183149324,-39.49322686514023,18.644445181802666,-10.28615792276044,9.549470633804516,6.6805211824997,-106.11080754332177,16.263574758586596,63.81364950698059,74.8341753504877,-952.1787995809897,1382.0649079758632
2025-09-05 21:24:21.882000,37.51385248150786,-37.32372696786527,18.240224534548076,-12.443212553002933,8.707379240978963,4.9362315108043076,-106.86915464790825,14.437715463181142,64.06896656697809,74.79420392081104,-952.4817969210177,1383.4262430801755
2025-09-05 21:24:21.884000,31.534613059531306,-34.98309535498061,18.082342875334973,-14.667591488229155,7.841316021406491,3.1388814960383584,-107.35661845258429,12.525260814302763,64.35234614759827,74.75000104680596,-952.747691792114,1384.6762410851297
2025-09-05 21:24:21.886000,25.555615755533395,-32.48387727185,18.15401633435419,-16.955527646578194,6.952442245977477,1.299584027383247,-107.59780913852356,10.538156867497975,64.66141434274363,74.70257762568711,-952.9732071563523,1385.7964613273716
2025-09-05 21:24:21.888000,19.598049648335365,-29.86915429119395,18.406800103801935,-19.298371826470653,6.043680627052461,-0.5698653435080288,-107.65042658009686,8.492632247800621,64.9936666380919,74.65274824194734,-953.1556636936712,1386.7685882130754
2025-09-05 21:24:21.892000,13.708044690723773,-27.214627920639554,18.758175045477994,-21.678977556687247,5.121858879348991,-2.4550642003572327,-107.60569955305355,6.411327547234024,65.34668853937603,74.60103344319259,-953.2931282059251,1387.575902786658
2025-09-05 21:24:21.893875,7.963452585037983,-24.62276931628271,19.097564528509803,-24.069642972626585,4.1992351574608815,-4.337449606974503,-107.5805011239014,4.324367668291899,65.71824948935549,74.54764800025237,-953.3845929860265,1388.2043932449724
2025-09-05 21:24:21.895750,2.470655697532933,-22.2083873327671,19.30114156549167,-26.43287446623039,3.2936492791273477,-6.193927121113893,-107.70165649384504,2.2685228933543975,66.10623599800324,74.49257897701548,-953.4301750997897,1388.6431779024197
2025-09-05 21:24:21.897625,-2.648844698668277,-20.078937658325373,19.251680550507665,-28.72511392436728,2.427038123073464,-7.998022782482549,-108.08620678715725,0.2843326238167772,66.50850976296604,74.43570563326861,-953.4312283224913,1388.8841720566388
2025-09-05 21:24:21.899500,-7.278523850155982,-18.315176000075265,18.85779224748264,-30.902543676244424,1.6225968359635545,-9.722355928830066,-108.82289932971842,-1.5882240021913852,66.92279528036872,74.37690641817207,-953.3903199513315,1388.9212894013062
2025-09-05 21:24:21.901375,-11.32748403597687,-16.9583251841077,18.066436090922934,-32.92732720521847,0.9012865729096902,-11.341787418621207,-109.96095797436504,-3.3144255867779706,67.34665218707872,74.31611972547392,-953.3111529676071,1388.7498610465773
2025-09-05 21:24:21.903250,-14.744463537914879,-16.008648112987334,16.863703948022447,-34.77222984226552,0.27870268495683437,-12.836290127497058,-111.51097660588599,-4.868561046727022,67.77751133558482,74.25335449003029,-953.1984996709743,1388.366874424256
2025-09-05 21:24:21.907000,-17.520221171065256,-15.43584701568677,15.263484500533103,-36.422051762175556,-0.23667419908099427,-14.192608957058876,-113.45765763577532,-6.235655302375633,68.21271772374982,74.18867040913281,-953.0581130759617,1387.7717063591826
2025-09-05 21:24:21.911250,-19.678271482934424,-15.196315062441176,13.289384405882473,-37.87163688886405,-0.6433130436025379,-15.404235866060574,-115.7784608111608,-7.410748684858703,68.64954779738115,74.12215565740601,-952.8965649087603,1386.9665484081152
2025-09-05 21:24:21.915500,-21.25849627569203,-15.249879137377029,10.957674920581406,-39.121564611094534,-0.9447799221572348,-16.469876178081957,-118.46032574819887,-8.396126457060356,69.08519399667072,74.05392012010782,-952.7209985194188,1385.9563076723261
2025-09-05 21:24:21.919750,-22.30100183505045,-15.569135499284481,8.268130710931125,-40.17359594419655,-1.1471339227650208,-17.391180453975434,-121.50780404387481,-9.197718095216352,69.51672352922203,73.98409870203835,-952.5388291300671,1384.7479764833806
2025-09-05 21:24:21.924000,-22.837811691491122,-16.137340973954032,5.20649354184078,-41.02815606147414,-1.2568580447338176,-18.170869278616088,-124.93925370043841,-9.8223249661867,69.94103560028385,73.91284617033217,-952.3574471867024,1383.349330534009
2025-09-05 21:24:21.928250,-22.895946034668164,-16.93663457853701,1.7567528348972794,-41.68503972699605,-1.280248920273658,-18.812172959219623,-128.77345026715253,-10.27681604122046,70.35485040359916,73.84032247400381,-952.1839342485304,1381.767479329852
2025-09-05 21:24:21.932500,-22.509430424414234,-17.933429402845835,-2.083486978972247,-42.14677003979051,-1.2243616934438608,-19.319780108450416,-133.01387791739683,-10.569263313751035,70.75476312898192,73.76669583163962,-952.0247837943759,1380.0086306897756
2025-09-05 21:24:21.941000,-21.733667672283147,-19.068710246695048,-6.292524798841921,-42.422774170710696,-1.0988675684891056,-19.70171041555339,-137.638848030927,-10.710982954583795,71.1373714869067,73.69218367360517,-951.8856891613973,1378.0800206020122
2025-09-05 21:24:21.941500,-20.65443885186419,-20.258614170694038,-10.824623139223798,-42.532133656859514,-0.9176926418961247,-19.971068402888474,-142.6025943684578,-10.718003413531163,71.49942812336134,73.61711217899258,-951.7714469125785,1375.993506269966
2025-09-05 21:24:21.942000,-19.386214100059945,-21.40592788049458,-15.621125504006322,-42.50331750108509,-0.6993378499332921,-20.1466869809859,-147.84704715628334,-10.610831964215025,71.83794368764195,73.54196718684221,-951.6859418495543,1373.7691453352445
2025-09-05 21:24:21.942500,-18.0596507874848,-22.417994123649652,-20.627816127469423,-42.37077274785252,-0.4654912452647471,-20.25218352289435,-153.31910518991384,-10.41233898038665,72.1502090709469,73.46742776518823,-951.6321953415264,1371.4366514856365
2025-09-05 21:24:21.943000,-16.80259841804277,-23.224396087788396,-25.81157634502027,-42.169543233847875,-0.23837570687477977,-20.31360862252048,-158.98660352338393,-10.144449980863579,72.43376131394392,73.39436772941079,-951.612446356388,1369.0337147127548
2025-09-05 21:24:21.943500,-15.721030312614745,-23.788563297238426,-31.170265679715023,-41.92974596707912,-0.037743537675956194,-20.356449204980454,-164.84716619631547,-9.824878152064306,72.68633041902409,73.32381237674306,-951.628149036128,1366.6027154978992
2025-09-05 21:24:21.944000,-14.886554781649677,-24.109511448399573,-36.73218844250502,-41.67284522808719,0.1214456680816211,-20.403066157231123,-170.9265911948186,-9.465282040125581,72.90576980292353,73.2568675384081,-951.679846282882,1364.187957572948
2025-09-05 21:24:21.945000,-14.334874313310218,-24.21341936711257,-42.54523581401665,-41.41104448788256,0.22986879683397413,-20.471431880394004,-177.2672383216015,-9.071687880173274,73.08997270959324,73.19464026886574,-951.7670310357544,1361.8336539464926
2025-09-05 21:24:21.951375,-14.075287594605733,-24.13842936694071,-48.659433047770385,-41.14993218409348,0.28298267028270613,-20.57541108284065,-183.91052772506436,-8.646997489755282,73.23685504214843,73.13815915280557,-951.8880736295308,1359.5822285323693
2025-09-05 21:24:21.957750,-14.107204333269536,-23.918389878283044,-55.10900619413308,-40.89332053999561,0.2788895971082593,-20.726223385917482,-190.8798473048223,-8.194530566173494,73.3444847276664,73.0883258433262,-952.0401860721998,1357.4730149596626
2025-09-05 21:24:21.964125,-14.436276852604939,-23.572775862746372,-61.901678672036724,-40.64814371034747,0.21590869452873968,-20.934256476942373,-198.17130468611936,-7.7210209367093645,73.41129845198482,73.04592025461503,-952.2193992826118,1355.5411148875464
2025-09-05 21:24:21.970500,-15.082011502445763,-23.108390821202562,-69.02094173818251,-40.42695699955739,0.09104361639513751,-21.210182731784755,-205.75733456017457,-7.237585818749558,73.43628337687947,73.01161670144009,-952.420572893707,1353.8160856697477
2025-09-05 21:24:21.976875,-16.073391941697093,-22.531440067048766,-76.43940965771162,-40.246866033837335,-0.09994716129546112,-21.564705377764867,-213.60072362439843,-6.758200543449133,73.41908948245796,72.98597020497152,-952.6374287881215,1352.3208273608625
2025-09-05 21:24:21.983250,-17.435823561325524,-21.86224908831482,-84.13485905149392,-40.12568346719315,-0.3610242603739805,-22.007045206210666,-221.67065918036536,-6.296454451171676,73.36011707704152,72.96939534586821,-952.8625820074642,1351.0713607523112
2025-09-05 21:24:21.996000,-19.176275016843423,-21.144786335222374,-92.10080673107565,-40.0772520546649,-0.6936573233345069,-22.54287550172224,-229.9528151081801,-5.86201214342225,73.26059790583896,72.96216414089358,-953.0876377034028,1350.077872320804
2025-09-05 21:24:21.996375,-21.273603862026228,-20.446563347898444,-100.3472537761177,-40.10804083309752,-1.094957143322411,-23.17259725461395,-238.4493149046771,-5.458211486388614,73.12261188564538,72.96441839671641,-953.3034838529579,1349.3468848560715
2025-09-05 21:24:21.996750,-23.678049274489677,-19.84906430267219,-108.89186693428053,-40.21631935395069,-1.5569508092610898,-23.890599717086683,-247.1692842162942,-5.081596941190923,72.94898396188655,72.97618539633919,-953.5007731201728,1348.8838089804158
2025-09-05 21:24:21.997125,-26.318196211605695,-19.433641179301965,-117.74660906956105,-40.39353618890389,-2.067059527763065,-24.685480245942127,-256.1152942874721,-4.723047520400758,72.74308978717512,72.99738527769824,-953.6703993388984,1348.6944362654767
2025-09-05 21:24:21.997500,-29.11090617298821,-19.268527213115114,-126.90555817037009,-40.62663455957877,-2.6093275203914854,-25.5407619898728,-265.27126709961397,-4.369601113576191,72.50864251275983,73.02783197095849,-953.8037983251896,1348.784165354783
2025-09-05 21:24:21.997875,-31.972909810996725,-19.398450616202155,-136.33549389006487,-40.90095937234124,-3.166230581559912,-26.436047458606478,-274.5932303307508,-4.006725922605046,72.24951824123245,73.06726366991134,-953.893099647292,1349.1555683180259
2025-09-05 21:24:21.998250,-34.83519384675942,-19.83604028601181,-145.96852516390913,-41.204149219962694,-3.721155719800121,-27.34897578385199,-284.00245812593704,-3.62129782463537,71.96963368925582,73.1154201731423,-953.9312057484755,1349.8062989035707
2025-09-05 21:24:21.999000,-37.65787075395615,-20.557197571262044,-155.69900919444456,-41.53038239926662,-4.261159749269519,-28.257881014448895,-293.3836177324027,-3.2048305068673906,71.67284033819489,73.17210090102952,-953.9117798885284,1350.7286089643912
2025-09-05 21:24:22.005750,-40.43918646473337,-21.504947793749867,-165.38929110791568,-41.88312135666112,-4.77901686296323,-29.144248865493022,-302.592171466608,-2.7556592030761613,71.36281508741244,73.2371241120523,-953.8291764691819,1351.9101556341911
2025-09-05 21:24:22.012500,-43.21358566660852,-22.60305569358906,-174.88547698182023,-42.27480044930892,-5.273651116507518,-29.993958151748938,-311.47143581467793,-2.279024162338199,71.04297612909208,73.31019082976174,-953.678439536344,1353.3351555818053
2025-09-05 21:24:22.019250,-46.03882900416922,-23.775262550803337,-184.03893941267313,-42.72332262950842,-5.748743665133677,-30.796898769060192,-319.8744644305964,-1.7850025381704804,70.71644408515344,73.39070038173124,-953.4554218483933,1354.9853452888246
2025-09-05 21:24:22.026000,-48.97646925885353,-24.963659829108515,-192.72670445756756,-43.246558315568194,-6.210060447402741,-31.545237150762564,-327.68384074314287,-1.2850984503782317,70.38603958226174,73.47756328721216,-953.1569935901077,1356.8406868110324
2025-09-05 21:24:22.032750,-52.072056605067466,-26.140537093592584,-200.8645408054748,-43.85676823759776,-6.662497538016986,-32.231060052617245,-334.82343242840415,-0.7887461522736703,70.05431472167693,73.5690802132486,-952.7812911069915,1358.879886811912
2025-09-05 21:24:22.039500,-55.34176365900032,-27.310038853881903,-208.40885999841805,-44.55692142163679,-7.107881131582721,-32.8443742802667,-341.2588194533336,-0.30101579974336484,69.72361825876804,73.6629443514499,-952.3279302654392,1361.0807828863663
2025-09-05 21:24:22.053000,-58.76988464210644,-28.49922689303058,-215.3473622911752,-45.34010418015412,-7.54419184073183,-33.37227231406387,-346.98699645927957,0.17772484099308727,69.39617544756457,73.75635174263486,-951.7981429273241,1363.420548193836
2025-09-05 21:24:22.058125,-62.31738348158223,-29.74194571061875,-221.68242294215003,-46.192035448831696,-7.96635214178545,-33.799544857473585,-352.0195373477439,0.6502391912125896,69.07416708838308,73.84614801912853,-951.1948773100933,1365.8754236037166
2025-09-05 21:24:22.063250,-65.93756050759728,-31.061676835215085,-227.41379247428765,-47.095687903747795,-8.368256433224005,-34.11050566988751,-356.3656446200593,1.1195883954297237,68.75981566972604,73.9289410139714,-950.52288366629,1368.419835409818
2025-09-05 21:24:22.068375,-69.59140506275301,-32.461200627209486,-232.52844750584808,-48.036031161165134,-8.745219079840451,-34.29129536670377,-360.02264934535606,1.586254829821992,68.45550475209649,74.0011507154767,-949.7887443728579,1371.0255988866274
2025-09-05 21:24:22.073500,-73.25433896543537,-33.92481397961719,-237.0031360172939,-49.00250806468304,-9.095641368594144,-34.331560767169634,-362.9789964520258,2.046734968589732,68.1639553541898,74.05902313189303,-949.0008430314543,1373.6622031814795
2025-09-05 21:24:22.078625,-76.91101662986969,-35.431414879305244,-240.81767911886868,-49.98808408579375,-9.421041102463187,-34.224702136664895,-365.2273377627043,2.494399227681565,67.88841482031472,74.098672036168,-948.1692863902692,1376.298084562386
2025-09-05 21:24:22.083750,-80.54189477242113,-36.97046118232075,-243.97079204450452,-50.98567599227748,-9.724499690723835,-33.966704397896386,-366.7794492241526,2.9221645010248705,67.63274085892996,74.11620664408646,-947.3057360914185,1378.9017375852645
2025-09-05 21:24:22.094000,-84.10862114110643,-38.55281848186254,-246.490309536251,-51.98386551469907,-10.008307783628522,-33.55423484793816,-367.6750391712357,3.3257302865773717,67.40132166268737,74.10794977376763,-946.423117088229,1381.4418477140198
2025-09-05 21:24:22.096625,-87.54508885376538,-40.211864075834306,-248.43330374496637,-52.96392957134775,-10.271867801469336,-32.98296815216893,-367.9804104402603,3.705938842467066,67.19889891304334,74.07069143022458,-945.535244065853,1383.8869173737903
2025-09-05 21:24:22.099250,-90.75794748740678,-41.9948181751394,-249.87627059862305,-53.899416316353474,-10.510682963169572,-32.24690425148066,-367.77780617160454,4.06932496439897,67.0303747846563,74.00191295309735,-944.656428049659,1386.2056408736971
2025-09-05 21:24:22.101875,-93.63470698501376,-43.94916026547642,-250.90035653619302,-54.75789254689691,-10.716509129160185,-31.33876143849313,-367.150587831385,4.427088235318984,66.90059309511989,73.89994288217811,-943.8010758670454,1388.368304529893
2025-09-05 21:24:22.104500,-96.05477042903618,-46.10967823711588,-251.57731675816802,-55.50369678551861,-10.878207073006527,-30.25101721618506,-366.1696170631185,4.7933504425498805,66.81405557164422,73.76401433934821,-942.983259021165,1390.3479234129572
2025-09-05 21:24:22.107125,-97.90203504668423,-48.48773598281602,-251.95796428990917,-56.10140751587689,-10.983151268455705,-28.977391695084552,-364.8824134756854,5.182924392309862,66.77462523377184,73.59420680220545,-942.216259595615,1392.1201246023138
2025-09-05 21:24:22.109750,-99.08029611758684,-51.06246047568242,-252.06290592829376,-56.52036450441906,-11.019449308067164,-27.51489737198651,-363.30500551189516,5.608319396799673,66.78534846552134,73.39130591531377,-941.5121376703835,1393.6622518895147
2025-09-05 21:24:22.115000,-99.52929977887875,-53.77640980981682,-251.87818531770853,-56.73956945966159,-10.978773428054467,-25.866266930222306,-361.41914593896615,6.076431001216549,66.84845943154872,73.15664971614139,-940.8813605744547,1394.9527916072439
2025-09-05 21:24:22.115625,-99.23513632400133,-56.54015113525113,-251.36016109650095,-56.751080552102756,-10.858815966470114,-24.04197827396861,-359.17883820095733,6.586218800705826,66.96546523155376,72.89201518746897,-940.3325268528057,1395.9717957478342
2025-09-05 21:24:22.116250,-98.2302979343104,-59.246500313700295,-250.4499947552237,-56.560432489389044,-10.664382973143107,-22.06106107683491,-356.5259568795376,7.128356448379893,67.13714692987732,72.59957536260647,-939.8722169896485,1396.702008330506
2025-09-05 21:24:22.116875,-96.58513047091,-61.7891553559666,-249.09219378177016,-56.184448909317354,-10.407047614882456,-19.95059078886733,-353.40918623291236,7.6865774443382335,67.36340939853831,72.28192488073246,-939.5049731091843,1397.1300753077649
2025-09-05 21:24:22.117500,-94.39583599635898,-64.07918422688167,-247.25076679705998,-55.64785019203899,-10.103904942873225,-17.744363199352758,-349.7999944021188,8.239789531567324,67.64303595331553,71.94211806306619,-939.2333596433658,1397.247605708305
2025-09-05 21:24:22.118125,-91.770919080966,-66.05722804935981,-244.92102086621642,-54.97919995679511,-9.77562173523596,-15.480956487086095,-345.70378956448894,8.764683510014537,67.97346851685442,71.58365653017653,-939.058060875102,1397.0518416519099
2025-09-05 21:24:22.118750,-88.81519752632936,-67.70210231429314,-242.13760955113327,-54.20601752832877,-9.443678898431001,-13.201024457468309,-341.16681829270874,9.239027625440556,68.35071423982835,71.21042850010029,-938.9780394654523,1396.545893175402
2025-09-05 21:24:22.120000,-85.61349452017653,-69.03437538573236,-238.97723665158628,-53.349772930020464,-9.1271975130053,-10.944057646108067,-336.2772469762866,9.645161596792699,68.76938949227672,70.82663777490531,-938.9907849473371,1395.7387180304086
2025-09-05 21:24:22.129125,-82.21974027979599,-70.1116746383809,-235.5527595479577,-52.42250153790359,-8.840284601786232,-8.74544371108238,-331.1575835729008,9.972516612449393,69.2228614492854,70.43671903302022,-939.0925925044609,1394.644518576827
2025-09-05 21:24:22.138250,-78.65555335405158,-71.015230649187,-231.99839813793065,-51.426281889596474,-8.590661416022066,-6.634633368739925,-325.9487654271273,10.218320091997459,69.70346443407887,70.04520751514004,-939.2787903453227,1393.2814861168272
2025-09-05 21:24:22.147375,-74.91654708685157,-71.83213799169452,-228.4507495415728,-50.35513132313894,-8.379542087202672,-4.634528822607943,-320.7908465285297,10.386723225148812,70.20276830496415,69.65657183041712,-939.5439080465469,1391.6705468784567
2025-09-05 21:24:22.156500,-70.98166351311802,-72.63898589289951,-225.03135547585222,-49.19798553533956,-8.202229779378941,-2.7616731999555433,-315.8057448979087,10.487200879972294,70.71185586814381,69.2750584297098,-939.8818105029475,1389.8343507760428
2025-09-05 21:24:22.165625,-66.82420863651024,-73.48869419325219,-221.832626558763,-47.94232422379973,-8.049321518931768,-1.0270874323750303,-311.08357193715267,10.532502215425245,71.22157785310684,68.90457068901192,-940.285805248899,1387.7964623214602
2025-09-05 21:24:22.174750,-62.42596411389897,-74.40008935683524,-218.90665846585748,-46.57874858570883,-7.908848009634051,0.5620321262880853,-306.6722430460443,10.535860795363787,71.72276803552107,68.54856025400402,-940.7487483432295,1385.5810837040863
2025-09-05 21:24:22.193000,-57.79234470568509,-75.35236989324109,-216.2593069992805,-45.10586231270751,-7.7691593294163575,1.9999363077479286,-302.5730550548155,10.507752647834309,72.2063987408334,68.20992414360715,-941.2631972339608,1383.2134782959338
2025-09-05 21:24:22.194750,-52.96230427605003,-76.28862866387087,-213.85401437211632,-43.53357630171573,-7.621539590224505,3.280133601552366,-298.7464201351492,10.453372233440687,72.66369597686896,67.89094731437636,-941.8216165556508,1380.720683464965
2025-09-05 21:24:22.196500,-48.00774166325045,-77.12891359646143,-211.6257788886512,-41.88319389003152,-7.461424939369154,4.3944068589837535,-295.12718124846845,10.371995167573473,73.08629253105696,67.59331334070176,-942.4165648702466,1378.1318547509018
2025-09-05 21:24:22.198250,-43.022883041194405,-77.78645654601655,-209.4981352319439,-40.184251379328565,-7.2878216979147465,5.333517215283318,-291.64161706191857,10.25847188253146,73.4664966681245,67.31817122329032,-943.0407681151954,1375.4781207118713
2025-09-05 21:24:22.200000,-38.110050675008154,-78.17816457939976,-207.39352967118413,-38.46994116512441,-7.101577750623836,6.089081494422947,-288.2165919940606,10.105829685493912,73.79768901194942,67.0662617645145,-943.6870512174168,1372.7922733828455
2025-09-05 21:24:22.201750,-33.37000890072986,-78.22563184246096,-205.23357310725893,-36.773720057003324,-6.903851577565875,6.655276102615013,-284.7781565606606,9.907239034653205,74.07475927426228,66.83809003772144,-944.3482187789119,1370.1081481999554
2025-09-05 21:24:22.203500,-28.90103169501462,-77.85017937299325,-202.9335242639214,-35.12861067530412,-6.695822150130682,7.02923119101675,-281.2449941571092,9.656204408762855,74.29441958722161,66.63406177577558,-945.017060475746,1367.4593559813138
2025-09-05 21:24:22.207000,-24.80388715666665,-76.9688145401501,-200.39843221198234,-33.5684928435631,-6.4795976015113546,7.210137057103263,-277.5246871993936,9.345350424384904,74.455268805873,66.4544989596704,-945.6865485382936,1364.877399209092
2025-09-05 21:24:22.211500,-21.185487010461312,-75.49714047902383,-197.5269625335338,-32.129191831407425,-6.259361295076145,7.198044169759888,-273.51844978454415,8.965247492192676,74.55762800908207,66.29955308500404,-946.3500448718821,1362.3894446427412
2025-09-05 21:24:22.216000,-18.155677538471295,-73.36058410891087,-194.22404924909884,-30.847624189627584,-6.041767314055806,6.993310936998752,-269.1345506526929,8.504471895787068,74.60329908779397,66.16912522328893,-947.0012996799237,1360.0166165457513
2025-09-05 21:24:22.220500,-15.818065878224097,-70.50921598127069,-190.4174276184844,-29.759166712159484,-5.835408959584434,6.596845126145056,-264.3049153682257,7.950828579470488,74.5953851805616,66.06286101995094,-947.634245295109,1357.7739778268424
2025-09-05 21:24:22.225000,-14.259376144599795,-66.93007576169866,-186.07173249063075,-28.894519433311853,-5.649795385468861,6.010731101431087,-258.99870263411725,7.2929399283219505,74.53818372887525,65.98019690247163,-948.2427284483493,1355.6720809248427
2025-09-05 21:24:22.229500,-13.538759892602414,-62.65518261403473,-181.1980309532498,-28.276464892396156,-5.493956971976441,5.239151801073842,-253.23100296803386,6.522048187638383,74.4370790061387,65.92041542368473,-948.8203081080903,1353.7186014655354
2025-09-05 21:24:22.234000,-13.675831681300593,-57.76607950885808,-175.85938016141907,-27.91615127155886,-5.37446495045185,4.289863395010303,-247.06729858410515,5.634368977702968,74.2983735416661,65.8826706101077,-949.360226814801,1351.9190928625703
2025-09-05 21:24:22.243000,-14.63925355203537,-52.39356677077003,-170.17097860937395,-27.809434185328875,-5.293118629054509,3.17608893327581,-240.6222893371172,4.633600531145942,74.12902415608671,65.86595654048843,-949.8556267534296,1350.277136790668
2025-09-05 21:24:22.243000,-16.341312887930734,-46.7094164455164,-164.2916746246316,-27.934894667810212,-5.245168366233623,1.9180607384152797,-234.05023340253655,3.532444245442525,73.93628883965889,65.86906562284783,-950.2999347825745,1348.7944754349437
2025-09-05 21:24:22.243000,-18.642315778525546,-40.90969838911158,-158.40650778899322,-28.25470070783969,-5.218832646016769,0.5433823054462784,-227.52699211941376,2.352327388840985,73.72737411172257,65.89061304362825,-950.6871901455268,1347.4715887795192
2025-09-05 21:24:22.243000,-21.362907667054582,-35.19439263457875,-152.70523090430714,-28.717822062603872,-5.196093295801673,-0.9139286083523814,-221.2287652064208,1.1215940955845538,73.50916584058659,65.92913348400705,-951.0121624454167,1346.3088787126198
2025-09-05 21:24:22.243000,-24.299523753643125,-29.748889492124164,-147.36284290520052,-29.26424461312018,-5.154265523923797,-2.4152450347383803,-215.31314616934986,-0.12699273054076932,73.28802114440178,65.9832018059802,-951.2703348971626,1345.3077725145477
2025-09-05 21:24:22.243000,-27.241445847022618,-24.72883669839234,-142.52391610143692,-29.82978531709511,-5.068175213998104,-3.9197308258565493,-209.9041088052975,-1.3591758887923364,73.06958213777698,66.05154258807858,-951.45790881406,1344.4707573635333
2025-09-05 21:24:22.243000,-29.990601124984696,-20.247581501836258,-138.29002175123605,-30.351882349889276,-4.913095743139044,-5.387416966021812,-205.08053095463268,-2.5428045548111076,72.85862878628615,66.13310590287968,-951.5718829486804,1343.8003502414695
2025-09-05 21:24:22.243000,-32.381882807273584,-16.36839311178125,-134.71233824001126,-30.775728888039072,-4.668153750173029,-6.782646792150153,-200.8706064473583,-3.6516972191478745,72.65900230890645,66.22707104929297,-951.6101758165795,1343.2978297917607
2025-09-05 21:24:22.245875,-34.29752632021243,-13.10591088319809,-131.79379262907779,-31.05886590366448,-4.319246636157526,-8.076990197031588,-197.25614493519365,-4.668457733950398,72.4736150514636,66.33276514793674,-951.5717724828986,1342.9622862284368
2025-09-05 21:24:22.248750,-35.670603583005814,-10.437851487338204,-129.50161422129088,-31.17275510132395,-3.8605480421889307,-9.250792873987148,-194.18687004746707,-5.585188755544565,72.30453227106881,66.44954704522168,-951.4568995460962,1342.790146106474
2025-09-05 21:24:22.251625,-36.479162129493226,-8.321954479288252,-127.78503852575655,-31.10167088656102,-3.294522350043413,-10.293253573553963,-191.59905931410503,-6.402340140754376,72.1530837703334,66.57670663917982,-951.2671954359879,1342.7754241749726
2025-09-05 21:24:22.254500,-36.73614139599131,-6.71172475035668,-126.59155205936689,-30.840298345754615,-2.6309739313218836,-11.201466346524366,-189.43213399402532,-7.126689572932481,72.01995452602735,66.71338707658724,-951.0058252393433,1342.9108047190239
2025-09-05 21:24:22.257375,-36.477044994160075,-5.568837616536255,-125.87951883129172,-30.39054963297414,-1.8853243103563007,-11.978674581081375,-187.64130707234713,-7.7688551266923325,71.90520204844118,66.85852094704784,-950.6775535743282,1343.1888126781341
2025-09-05 21:24:22.260250,-35.744544072484544,-4.872825069799275,-125.62782923373379,-29.757349412623416,-1.0760029142698067,-12.631722695533327,-186.2067990934358,-8.34019330351284,71.8081935299672,67.01076189427086,-950.2888175464605,1343.6021317818113
2025-09-05 21:24:22.266000,-34.5721472427745,-4.626463800231699,-125.84091212705839,-28.944050705690223,-0.22132871603260706,-13.16802633104241,-185.1377520286969,-8.849508075781086,71.72753016301102,67.1684098813379,-949.8477509862241,1344.143175415793
2025-09-05 21:24:22.266750,-32.97276837992173,-4.853417691112831,-126.54551703391938,-27.949213896026567,0.6631636880881445,-13.592900043262198,-184.46752855057724,-9.300666824038359,71.66103947334788,67.32937203867489,-949.3640537219812,1344.8034966869445
2025-09-05 21:24:22.267500,-30.936496573700953,-5.587554496151248,-127.7787486238805,-26.766040131455195,1.5661236306725754,-13.908061888411648,-184.240501141192,-9.691914407805834,71.6058624435996,67.49120223783201,-948.8486916234448,1345.573337490744
2025-09-05 21:24:22.268250,-28.436083670243267,-6.858334622473874,-129.5721087081,-25.384085349709967,2.4804117343798486,-14.111434881339362,-184.49541165747635,-10.016630885175386,71.55859492254142,67.65123197899905,-948.3135143784917,1346.441866541285
2025-09-05 21:24:22.269000,-25.435620270100628,-8.677545890029014,-131.93721293540148,-23.791927657369158,3.4022010641622913,-14.197790567529417,-185.25084617874015,-10.264738527242269,71.515431243147,67.80678091916666,-947.7708594508676,1347.3983078744632
2025-09-05 21:24:22.269750,-21.901093151723362,-11.028690107460086,-134.8546891728472,-21.98034573283964,4.329408521795782,-14.16003177259062,-186.49412756435382,-10.424609774393721,71.47231584430948,67.9553928074093,-947.2331499543347,1348.4329115978298
2025-09-05 21:24:22.270500,-17.814145559437474,-13.85835882480471,-138.2656228377178,-19.94640570077457,5.259423429437178,-13.991256070477704,-188.17301156330618,-10.485827220083895,71.42512608035993,68.09501656883626,-946.7124998073537,1349.5367407737804
2025-09-05 21:24:22.272000,-13.186982511335339,-17.07196615107742,-142.06787281877715,-17.69791171172811,6.186433051536233,-13.687354334794048,-190.19264225367277,-10.442392902208075,71.36984541368473,68.2241051926682,-946.220392222987,1350.700632091979
2025-09-05 21:24:22.275125,-8.072118531953318,-20.538416750936204,-146.12172058429545,-15.256364213299914,7.09921109685714,-13.249285824280992,-192.4220462830916,-10.295058164662318,71.30266452970487,68.34166139028405,-945.7674782601357,1351.9144536060494
2025-09-05 21:24:22.278250,-2.561639844280266,-24.10451709775092,-150.26539990039325,-12.656764032036632,7.98036612640995,-12.684073194540074,-194.71017655228889,-10.051598212093353,71.22002953690198,68.44724439363704,-945.3634354652804,1353.16708234414
2025-09-05 21:24:22.281375,3.223696647466435,-27.61275284513694,-154.33370626734458,-9.94420382207175,8.807561322960424,-12.004058371719069,-196.90432331290157,-9.724954033983272,71.11873694767534,68.5409366049372,-945.0167904726449,1354.4465850615634
2025-09-05 21:24:22.284500,9.149221909996884,-30.913288753245983,-158.17019414974288,-7.169029773077136,9.556156591452721,-11.2248876188824,-198.86151156071654,-9.3304144175798,70.99613784913375,68.62329079560485,-944.7346759135463,1355.7404412778096
2025-09-05 21:24:22.287625,15.076773777798534,-33.8662426116243,-161.62910697338975,-4.38313233113165,10.201724134410352,-10.363546047505503,-200.44951287675045,-8.883589496008666,70.85039263177016,68.69528110128104,-944.5225458973097,1357.0363405201824
2025-09-05 21:24:22.290750,20.86654081195901,-36.33758004590275,-164.57083519529812,-1.6388390983736982,10.721104013296657,-9.437633040164098,-201.54183439738523,-8.400261269713239,70.68066909814068,68.75825092224652,-944.3839101610658,1358.3234720865375
2025-09-05 21:24:22.297000,26.373022293746356,-38.19540208082328,-166.85807283827634,1.0102783407476226,11.092024930803241,-8.465930828292645,-202.0141795676284,-7.897670762719159,70.48723605247046,68.81383524249844,-944.3201779000666,1359.5932904125702
2025-09-05 21:24:22.303875,31.44232350491177,-39.31275123429414,-168.35898749438044,3.5087905384534874,11.292413110682373,-7.469300617912509,-201.74848659636802,-7.39568388333064,70.27144954124564,68.86385703803951,-944.3306738752156,1360.8390529196759
2025-09-05 21:24:22.310750,35.91684463866814,-39.57848794487643,-168.95875665785772,5.800805143098628,11.30057662172605,-6.470769391451909,-200.64520167606898,-6.916412498294771,70.03563454163704,68.91022039935953,-944.4127963572449,1362.0545149038944
2025-09-05 21:24:22.317625,39.64758966299759,-38.91072601315146,-168.57324637997553,7.833577522464576,11.096754715003865,-5.494186278363606,-198.6368587691753,-6.482037714760623,69.78289650749609,68.95481307590363,-944.5622070573454,1363.2325604245007
2025-09-05 21:24:22.324500,42.508143203950134,-37.26424099989298,-167.1556504312013,9.561721569984815,10.66549083437821,-4.561808918501034,-195.69362031317186,-6.111963538803493,69.51692393161984,68.9994167562292,-944.7729752172452,1364.3641915299568
2025-09-05 21:24:22.331375,44.40251521794768,-34.62795143157024,-164.6924449976791,10.949709560541578,9.997511044990805,-3.692135209332156,-191.81768390554154,-5.821022959103253,69.24181842937575,69.04562868357353,-945.0377088494481,1365.4385838545095
2025-09-05 21:24:22.338250,45.2631172088176,-31.01566072929509,-161.19266278324184,11.971471315563388,9.0900227571146,-2.899212807117174,-187.0314757745001,-5.6196934758658905,68.96194888400375,69.0948097751644,-945.34776369868,1366.4450302308887
2025-09-05 21:24:22.352000,45.04201330092443,-26.45680800989201,-156.6778757369435,12.607951557794669,7.945503424546517,-2.1934728780851627,-181.3676117361329,-5.515787521962338,68.68180106790125,69.1480674913537,-945.6935961056618,1367.3757555873763
2025-09-05 21:24:22.363500,43.7030485282261,-20.993563614822296,-151.17940113009885,12.844804227058273,6.570059184989474,-1.5830965395923784,-174.86685087687016,-5.516164295505769,68.4058006420119,69.2062464133427,-946.0652450802137,1368.2274002986333
2025-09-05 21:24:22.375000,41.220775329666594,-14.686198029867889,-144.74448806680138,12.671976570875195,4.972445568486266,-1.0749082200614972,-167.58497655510251,-5.6273355712743625,68.13813646821232,69.26989917872115,-946.4528243504809,1369.0005927647217
2025-09-05 21:24:22.386500,37.58556306418202,-7.622207344767793,-137.4467228409656,12.08513474701104,3.163977626092115,-0.6745301239446896,-159.60343000241343,-5.854970046411932,67.88263453912244,69.33926960748248,-946.8468933976735,1369.69858061802
2025-09-05 21:24:22.398000,32.81051637307273,0.07695077341534204,-129.3942771150953,11.087746739241876,1.1589181937637691,-0.38605185548093196,-151.0374692212157,-6.2029004720175,67.6426862710786,69.41432048167611,-947.2386842364332,1370.3258927950337
2025-09-05 21:24:22.409500,26.93884156789439,8.253000313125394,-120.73416527113233,9.693369630215372,-1.0247855958743022,-0.21125670814816516,-142.04010646509872,-6.671718268754416,67.4211947057941,69.49477026901918,-947.6202433520108,1370.887475435501
2025-09-05 21:24:22.421000,20.05298779348629,16.71036084363275,-111.65365573494871,7.92844056005037,-3.3642523795391224,-0.14824057459902792,-132.80273469599857,-7.256668465435998,67.22051937423576,69.58010254527564,-947.9845409938043,1371.3880062770113
2025-09-05 21:24:22.444000,12.2838899511882,25.219027621770316,-102.37768857488093,5.835081227742498,-5.830178985430103,-0.18966324769940912,-123.55113786756198,-7.945219862669888,67.04242302634724,69.66956167841529,-948.3255901614255,1371.831194374181
2025-09-05 21:24:22.444375,3.814895902911856,33.524206164276286,-93.15898283696704,3.472357295790914,-8.385908606170831,-0.32136157451717584,-114.53396727711741,-8.715469947586962,66.88800324087786,69.76216325754399,-948.6386120748656,1372.2196819413593
2025-09-05 21:24:22.444750,-5.123682474469253,41.36351344172487,-84.26021866331295,0.914757116177291,-10.987731741921824,-0.5220049318511407,-106.00383525049169,-9.536368869332232,66.75760070130319,69.8567547917512,-948.9201994621424,1372.5557107453087
2025-09-05 21:24:22.445125,-14.267813989367708,48.48743465815523,-75.93286652802509,-1.751748490675867,-13.586411958028362,-0.7638916063222131,-98.19601741937352,-10.369669611850885,66.65076226543646,69.9521632767188,-949.1683458205841,1372.841859536392
2025-09-05 21:24:22.445500,-23.336130661015567,54.677578916659805,-68.39831360304542,-4.434755375063385,-16.129441824069232,-1.0145248064905406,-91.31025066931358,-11.17277496486202,66.56633646387918,70.04740881909026,-949.3822790285838,1373.0815824156907
2025-09-05 21:24:22.445875,-32.04791021657772,59.761374978842994,-61.83270269556029,-7.041091652770071,-18.563820778235343,-1.2388062265972912,-85.49676732936962,-11.902113646082574,66.50264011178102,70.14187805111831,-949.5621803063902,1373.279659623603
2025-09-05 21:24:22.446250,-40.14376254130343,63.62418706754053,-56.35463256745361,-9.48335330239437,-20.839479824666686,-1.4019735833000344,-80.84574143016931,-12.517224914635952,66.45758780501403,70.23535689979191,-949.708902112962,1373.442540502504
2025-09-05 21:24:22.447000,-47.40681063428609,66.21678587087217,-52.01805001660026,-11.686643374549016,-22.91305522890855,-1.4730558805518637,-77.38253391156759,-12.985134517657821,66.4287848191204,70.32792647601072,-949.8237179334309,1373.578568628509
2025-09-05 21:24:22.451375,-53.677879409512634,67.55343082844793,-48.81507833878529,-13.593613272680695,-24.75103721179808,-1.4279949079184195,-75.07300098508584,-13.283670921165564,66.41366292995963,70.41979442910616,-949.9080761123013,1373.6978138247296
2025-09-05 21:24:22.455750,-58.85906968976781,67.69870740262704,-46.69018836853214,-15.166098736607003,-26.331252016788206,-1.2514551051306981,-73.83944405758074,-13.402452331099575,66.40969062864103,70.51113847316083,-949.9633664717988,1373.8112763193385
2025-09-05 21:24:22.460125,-62.9050833028215,66.74691542134845,-45.561460959452646,-16.383032251801538,-27.642270437752696,-0.9368432766211878,-73.58250405237636,-13.341285103768364,66.41457984850048,70.60202131893571,-949.990773725813,1373.9298269177552
2025-09-05 21:24:22.464500,-65.80618139322381,64.800650085742,-45.342179868587266,-17.23564732779331,-28.681106928517785,-0.4847323997879555,-74.20229320699819,-13.106714491072301,66.42637375569471,70.69237428738354,-949.9912665445803,1374.063418558575
2025-09-05 21:24:22.468875,-67.56894232399068,61.95464750506123,-45.95665149607323,-17.721775070101287,-29.450082782845612,0.0996303464580493,-75.61294843289967,-12.708047027104561,66.4433835083665,70.7819986532977,-949.9656744410246,1374.2208042961565
2025-09-05 21:24:22.473250,-68.20165261840003,58.28917125906036,-47.345830567276074,-17.84132610120387,-29.95395684240054,0.8088103976103073,-77.74675014711632,-12.154284851311841,66.46403155280926,70.87058115762457,-949.9147590702289,1374.40932745197
2025-09-05 21:24:22.482000,-67.70938479379743,53.87406495985768,-49.46172205875516,-17.594540625658436,-30.198238719769623,1.6348144152849142,-80.54747700377149,-11.45291932643708,66.48667675079544,70.95776444629186,-949.8392362548965,1374.6339600409492
2025-09-05 21:24:22.485125,-66.09970556811543,48.78057445632359,-52.25402456279782,-16.98336949437038,-30.18904052959586,2.569381521322729,-83.95683022024748,-10.61072235619068,66.50948949287893,71.04327325078708,-949.739778882328,1374.8958693925006
2025-09-05 21:24:22.488250,-63.39521588117511,43.09533125714199,-55.65522387504255,-16.014930111290216,-29.93414274004003,3.6030861385142394,-87.9000066384781,-9.635917432392336,66.53042329337934,71.12706395569253,-949.6170440003185,1375.1918401632347
2025-09-05 21:24:22.491375,-59.64471343843341,36.930195817106316,-59.5706382624785,-14.704649626970628,-29.444190143447873,4.7242046225615395,-92.2763516903693,-8.540289902478943,66.54727255525374,71.20945774830398,-949.4717322039717,1375.515060972648
2025-09-05 21:24:22.494500,-54.925935060932304,30.42453569372311,-63.87669956401968,-13.077023388979336,-28.732918963918447,5.9183901274052735,-96.95772684132706,-7.339862201250116,66.55776155455108,71.29119461584125,-949.3046626615293,1375.8566654529095
2025-09-05 21:24:22.497625,-49.3423182065259,23.742576291835487,-68.42451011521264,-11.164672084456594,-27.816663474596957,7.168992737793303,-101.79169737561197,-6.054494647127817,66.55962809085825,71.37337085038362,-949.116846785708,1376.207112672948
2025-09-05 21:24:22.500750,-43.02199335972495,17.070423619271317,-73.04376493874699,-9.008079603757968,-26.7143643547961,8.456942191092901,-106.60543769419883,-4.7079408648734775,66.55070678463044,71.45728717179875,-948.909560276066,1376.556644778403
2025-09-05 21:24:22.507000,-36.12104652029994,10.612284283881504,-77.54743207546213,-6.656619461652299,-25.4485158921787,9.759814999149919,-111.21117019145272,-3.328760329014261,66.52902284393811,71.5442529422338,-948.6844237844068,1376.8948638112488
2025-09-05 21:24:22.511000,-28.825111281862327,4.581176101567731,-81.74185083137087,-4.169137399321235,-24.046252808671156,11.050880210906456,-115.41715321942374,-1.950923579966165,66.49289835861062,71.63537786895692,-948.4434910244913,1377.210075926514
2025-09-05 21:24:22.515000,-21.343051486946173,-0.8181470284341483,-85.44419584366796,-1.6122325948980751,-22.539497104884212,12.299191174420917,-119.04527027499343,-0.6128182310652188,66.44106152654295,71.73137870589544,-948.1893244304721,1377.4886575826586
2025-09-05 21:24:22.519000,-13.891480374814819,-5.410757312751114,-88.50370691511662,0.944197125754661,-20.963644143232408,13.471218174367756,-121.95160050378563,0.645688172224694,66.3727168024211,71.83244241569477,-947.9250239586687,1377.7145211397838
2025-09-05 21:24:22.523000,-6.6734641334892935,-9.071450297855582,-90.82070805601664,3.4332414798174553,-19.354982977753103,14.533741258877797,-124.04453429749962,1.7875008630606342,66.28753703531753,71.93819094655086,-947.6541842753892,1377.869185837978
2025-09-05 21:24:22.527000,0.14287134331264703,-11.737461744834437,-92.35826744525777,5.797441819600971,-17.747578856568065,15.457171050790475,-125.29552132060162,2.7826343934579056,66.18558865062322,72.04775349343421,-947.3808000230816,1377.932729022762
2025-09-05 21:24:22.531000,6.439323263611539,-13.410382294383822,-93.14295115695286,7.993473098963139,-16.17066277179685,16.21826795503156,-125.7390643299229,3.611168917991568,66.06720680884935,72.15990708288399,-947.109178875059,1377.8851674004918
2025-09-05 21:24:22.539000,12.151280752853,-14.146641146526159,-93.25398816840169,9.993555339591781,-14.647445398123718,16.8014637854692,-125.46153699692316,4.263785736172712,65.93283481844658,72.27323999946125,-946.8439028105275,1377.7077536449815
2025-09-05 21:24:22.546375,17.2592945799017,-14.03954721892908,-92.80400782257634,11.783371936373696,-13.195646514435719,17.19853257933617,-124.58185166250806,4.739866486802744,65.78290677809183,72.38630883267666,-946.5898037823767,1377.3840375114223
2025-09-05 21:24:22.553750,21.772148321174576,-13.198594698168241,-91.91738413686105,13.357547201336272,-11.829362272887499,17.406874914037815,-123.22981939007127,5.044105529523145,65.61786541768718,72.49776813492213,-946.3518726601127,1376.9006015102823
2025-09-05 21:24:22.561125,25.708595579861615,-11.733722213097694,-90.7142296673402,14.714693651198381,-10.561435508667115,17.427104691226784,-121.53052875381633,5.183159796377541,65.438308338369,72.60644443862634,-946.1350574239145,1376.2472470741195
2025-09-05 21:24:22.568500,29.086107451257455,-9.75105766944212,-89.30686167061357,15.854364922910102,-9.405227627925216,17.260950271178086,-119.60173260427854,5.1638618773339,65.24517815351767,72.71134020978243,-945.9439918672676,1375.4167102427255
2025-09-05 21:24:22.575875,31.921045899562706,-7.359749221724027,-87.80820775354107,16.77720878625146,-8.374893598523563,16.910385602888233,-117.56332870608786,4.993669398438088,65.03990446504316,72.81160097534679,-945.7827449332418,1374.40454126217
2025-09-05 21:24:22.583250,34.23817301234294,-4.682747772668745,-86.34427868597433,17.487822199211408,-7.484017620926095,16.378320520316205,-115.55036804819052,4.682847187544649,64.82442834015337,72.9064840225155,-945.6546562564787,1373.209535091889
2025-09-05 21:24:22.598000,36.083356093752386,-1.8637640702515614,-85.06200096202701,17.998619363949768,-6.743265914532049,15.670435719784551,-113.72029540590054,4.247186863611067,64.60109659671507,72.99533171821233,-945.5622707427904,1371.8343595241804
2025-09-05 21:24:22.609750,37.53239146675009,0.9344416822651175,-84.12713332783214,18.33265571352635,-6.158140896775832,14.797143672639313,-112.24950496956058,3.7098990136086085,64.372471451322,73.07757546930785,-945.5073411479686,1370.2859490390856
2025-09-05 21:24:22.621500,38.69128581964543,3.5408032774314533,-83.71237832419968,18.523942575395193,-5.727762641145746,13.774625725895726,-111.32050294459857,3.101709672607852,64.1411140667846,73.15281561119119,-945.4908487304442,1368.5755833105268
2025-09-05 21:24:22.633250,39.68915981009806,5.790901397634924,-83.98153376851143,18.615434859565237,-5.444840605058058,12.624664535130066,-111.10611198085805,2.459252609683445,63.90939753188455,73.22094903554373,-945.5130151800702,1366.7188005452163
2025-09-05 21:24:22.645000,40.668207887581374,7.540418957016566,-85.0760320337085,18.655911605860076,-5.296452614459457,11.373669274185263,-111.75676953829009,1.8225668374811101,63.679404128348395,73.28227004343603,-945.5733143812192,1364.7355231380552
2025-09-05 21:24:22.656750,41.77187774487938,8.675895514467284,-87.10491970058838,18.696132676015647,-5.265563934466908,10.0510396300232,-113.39163047787584,1.2320445461977385,63.452927722107816,73.33750788943723,-945.6704986037291,1362.6506111225444
2025-09-05 21:24:22.668500,43.12959465265947,9.124079213981547,-90.13651765171964,18.78383836333839,-5.3335148483585675,8.686648399787547,-116.09152700010847,0.7246600340364375,63.231542232675665,73.38779483365124,-945.802630596442,1360.4942048150451
2025-09-05 21:24:22.692000,44.839808076503644,8.858013209099562,-94.19324670723026,18.958148802277396,-5.483153463074296,7.307706957768915,-119.89491333549186,0.32992148534332033,63.01668150331579,73.43457468469765,-945.9670876498524,1358.30091218093
2025-09-05 21:24:22.692125,46.957775227329535,7.895096250082576,-99.25410042582703,19.245299788525028,-5.701579067266648,5.9360074963022775,-124.80079405584684,0.06686660648540253,62.809725656479245,73.47948479796025,-946.160500592575,1356.107884245459
2025-09-05 21:24:22.692250,49.49387747887716,6.285570281960073,-105.2663716528079,19.657494341542634,-5.9814254238278295,4.586569318243155,-130.7801174008648,-0.056744989005233046,62.61211073797297,73.524234042457,-946.3786365874229,1353.952639133112
2025-09-05 21:24:22.692375,52.42259572332536,4.097229633998334,-112.16126470939622,20.195036756163443,-6.320202763343511,3.2680970746308873,-137.7904896355811,-0.04304503811250273,62.42541927720386,73.57044687791314,-946.6163135407799,1351.8712200523569
2025-09-05 21:24:22.692500,55.69591449287429,1.4054457860951233,-119.86455029952182,20.850063908358774,-6.718205458962386,1.9847515746000506,-145.7854467861947,0.09833603048971024,62.251375411196236,73.61944050376258,-946.8674511136799,1349.8967774122784
2025-09-05 21:24:22.692625,59.25264848745859,-1.7074204163791238,-128.29793377148633,21.609370230114997,-7.176426864649446,0.7379429806062251,-154.71412578927948,0.3520917903538156,62.09173780211164,73.67200899462946,-947.1252960877268,1348.0586156023046
2025-09-05 21:24:22.692750,63.01906267378971,-5.146521766812915,-137.37392608852784,22.45479300568871,-7.695815664384198,-0.4730323419886098,-164.5147498929495,0.6976151062489407,61.94816492437569,73.72835317012138,-947.3827852275185,1346.3819799679322
2025-09-05 21:24:22.693000,66.90330868558853,-8.79966802098412,-146.99064813924628,23.361726990012635,-8.277966142747452,-1.651608273001478,-175.1088416512892,1.1083480733417554,61.82211348853018,73.78819394519189,-947.6329498441331,1344.8887053317885
2025-09-05 21:24:22.699625,70.79108259043254,-12.539339627580835,-157.0329424700408,24.297873673880837,-8.926196397561236,-2.8049220255466265,-186.40227843654296,1.551429466661019,61.71478141532486,73.85097533678575,-947.8692228329116,1343.5980012140708
2025-09-05 21:24:22.706250,74.54913406235605,-16.233951557713098,-167.3824633843168,25.22421062192016,-9.645823750042988,-3.944063468013968,-198.29521484445746,1.9888308323495867,61.62712127340005,73.91603047381297,-948.0855544024619,1342.526350922475
2025-09-05 21:24:22.712875,78.03824682887212,-19.765189726892125,-177.93366654548834,26.098775246759512,-10.443075600112527,-5.083006444119067,-210.6974643363145,2.380311792768334,61.55993794407174,73.98263177257472,-948.2763989659074,1341.68649730568
2025-09-05 21:24:22.719500,81.13247238831967,-23.04528131849889,-188.6094925956305,26.882406169640223,-11.322813678553022,-6.236326422173271,-223.54307493461656,2.6876615528764347,61.51399331373715,74.04993106375046,-948.4367223983545,1341.086312937664
2025-09-05 21:24:22.726125,83.73881385119927,-26.028496531529907,-199.37094762745184,27.54470381054081,-12.285782410679591,-7.4163548712892275,-236.79820277024575,2.8790714552502035,61.49004186632316,74.11685688468775,-948.5620878530351,1340.7279935991128
2025-09-05 21:24:22.732750,85.81069295425986,-28.712918373329632,-210.21666903335498,28.068175713025006,-13.326412139447935,-8.630707659566633,-250.45869458903516,2.9321687610691196,61.48881530153018,74.18202613610656,-948.6488010269921,1340.6073855136074
2025-09-05 21:24:22.746000,87.35016857720134,-31.13157428676163,-221.17179847674333,28.449092933774576,-14.432089290531678,-9.881030468260434,-264.5375151411964,2.8346819578264317,61.5109774824419,74.24368794590764,-948.6941245001118,1340.7134208936077
2025-09-05 21:24:22.751875,88.39808087514957,-33.335818427652974,-232.26921787512902,28.694876414950226,-15.584188362557255,-11.163298511201337,-279.0455975152921,2.5828150382053723,61.557024716032586,74.29971239536877,-948.6965387436265,1341.0281976294527
2025-09-05 21:24:22.757750,89.01573473796236,-35.376487935383864,-243.52897693296592,28.819069198197685,-16.76050023893359,-12.469464248330873,-293.9720567666764,2.1783023262665115,61.62713673911209,74.3476548263591,-948.6559240346585,1341.5279980265786
2025-09-05 21:24:22.763625,89.26527475228751,-37.290109138096135,-254.94388200107824,28.83585162656968,-17.93821534272523,-13.789834311838712,-309.2716785524653,1.6254862907895649,61.721027473252846,74.38491892214222,-948.573558139271,1342.1847169555003
2025-09-05 21:24:22.769500,89.19713326893029,-39.09651649411025,-266.4780022392101,28.75639183660557,-19.096331779239588,-15.11519910142676,-324.8659564103855,0.9297420509714678,61.83783152164072,74.40899976539887,-948.4519874464686,1342.9669578643352
2025-09-05 21:24:22.775375,88.84920485759508,-40.80778927958193,-278.07750343110104,28.588412722966286,-20.216581659266005,-16.43779050523401,-340.6562891693655,0.09792528845586002,61.97603251766667,74.41774907287089,-948.2949077258423,1343.8408024381743
2025-09-05 21:24:22.781250,88.25592563721595,-42.44166974699646,-289.6861247281201,28.338648547988896,-21.282727574757363,-17.75077217215873,-356.541023098538,-0.8595228561703253,62.13341687303729,74.40960125307737,-948.1070857181018,1344.7711904616062
2025-09-05 21:24:22.793000,87.46114146212486,-44.03167252831988,-301.2570840520362,28.01659780313928,-22.278852742646123,-19.046697279413394,-372.4278925879233,-1.9259346520096268,62.307038968752934,74.38373158634127,-947.8942522119702,1345.7244418827804
2025-09-05 21:24:22.794500,86.52757071934724,-45.62875908989641,-312.7563776009656,27.63752956279792,-23.187665415972,-20.31582370599134,-388.2372010186889,-3.076625021874449,62.4932249086669,74.34016263476514,-947.6629064457406,1346.670955499717
2025-09-05 21:24:22.796000,85.53739336052574,-47.293820354147336,-324.1568283485949,27.223046367596204,-23.98980611292714,-21.54526414963771,-403.89587183797823,-4.279064576868568,62.687654013308915,74.27982543775572,-947.4199875812208,1347.58688102634
2025-09-05 21:24:22.797500,84.58304657413288,-49.086228161649004,-335.42793087980874,26.79869084881152,-24.664729244258023,-22.719573354199948,-419.32785913712723,-5.495241843003447,62.885503909364196,74.20448471535106,-947.1724426719678,1348.4546085949714
2025-09-05 21:24:22.799000,83.75323302630704,-51.05649581552236,-346.52932967201906,26.389862232446156,-25.19283108817536,-23.82246322662397,-434.4486287607093,-6.685233782349611,63.08160026212767,74.11642712728495,-946.9268945758768,1349.2623326207831
2025-09-05 21:24:22.800500,83.12259890147362,-53.246879393741295,-357.41197755525747,26.018585869165822,-25.557508443395946,-24.838415483722226,-449.16730169063675,-7.810261105090121,63.2705296193814,74.01800400619653,-946.6895812397075,1350.0030157270812
2025-09-05 21:24:22.802000,82.75049954375073,-55.69727371325431,-368.0246153365138,25.702962478882313,-25.74589014066411,-25.75308278587622,-463.39361030908026,-8.834013792528733,63.44671974262429,73.91124216096908,-946.4664547936425,1350.6735595861146
2025-09-05 21:24:22.805000,82.68686162409622,-58.45066626674582,-378.3198688211137,25.45887186075047,-25.748148901500283,-26.5524875531022,-477.04387519424887,-9.722449301124524,63.604523612487704,73.7976284158663,-946.2632452306464,1351.274864225842
2025-09-05 21:24:22.809750,82.97825184919466,-61.55288834708874,-388.2548202380586,25.301886907207347,-25.55630621391005,-27.221926874932784,-490.04128609618215,-10.443323157976069,63.73835760498271,73.67804553270706,-946.0854584611299,1351.812494328461
2025-09-05 21:24:22.814500,83.66799681266484,-65.04455862795882,-397.7841959954006,25.247458488285286,-25.163610134904463,-27.745572990294825,-502.3091197025772,-10.966711326015693,63.842934456323505,73.55278634248428,-945.9383175637685,1352.297076819762
2025-09-05 21:24:22.819250,84.78826723189515,-68.94739027466356,-406.8484199708232,25.30864737601606,-24.56513363173276,-28.107323231974334,-513.7592700139639,-11.267035429903657,63.91356395546567,73.42156989385457,-945.8265767310428,1352.743613942881
2025-09-05 21:24:22.824000,86.34605036989909,-73.24955316576784,-415.3611903612562,25.491911028411412,-23.75962035638235,-28.29289407976512,-524.2806682186044,-11.326278959502126,63.9464041458152,73.28354730263423,-945.7541755689537,1353.1692835205067
2025-09-05 21:24:22.828750,88.30791659871787,-77.89565716047129,-423.2020041530276,25.79233525040341,-22.75203970464988,-28.29263824091648,-533.733100334861,-11.137496403947143,63.93856663341547,73.13733643607314,-945.7238213483898,1353.590324485077
2025-09-05 21:24:22.833500,90.59033090687481,-82.78672080799471,-430.2186845803391,26.190301942314843,-21.555892726156177,-28.104175679146145,-541.9513862307385,-10.707390191028313,63.88809861675393,72.98110241974946,-945.7366527419226,1354.0194943202077
2025-09-05 21:24:22.843000,93.06102451258678,-87.7919841458812,-436.2415795559344,26.651351591421268,-20.194236541540036,-27.73387815114188,-548.7609333035674,-10.056872580223033,63.793906273505264,72.81269076721718,-945.7921093483462,1354.4648415698048
2025-09-05 21:24:22.845500,95.5523673451192,-92.76870042387615,-441.1054622468412,27.129700208941276,-18.698800151060805,-27.19661433731384,-554.0000507198288,-9.219161502732813,63.65565360765229,72.62982651831332,-945.8879785499655,1354.929266104462
2025-09-05 21:24:22.848000,97.88287997800701,-97.5827288748557,-444.67145750210847,27.57439530801565,-17.107263527838548,-26.51373575890389,-557.5412124871672,-8.235732488896199,63.473673437444496,72.4303508198645,-946.0204123819665,1355.410664121624
2025-09-05 21:24:22.850500,99.87980597725081,-102.12255792092552,-446.8409103429201,27.936065249924475,-15.45950663035954,-25.709934723858346,-559.3035128292062,-7.151247036150733,63.24892588620237,72.21241723761266,-946.1837402691292,1355.9032165182434
2025-09-05 21:24:22.853000,101.39480326624557,-106.30175219733492,-447.5561879120041,28.17185871111846,-13.794116613285148,-24.810184549944303,-559.2519842000264,-6.009165041277486,62.98301283814418,71.97454961028414,-946.3701343178324,1356.3994359407907
2025-09-05 21:24:22.855500,102.30795576066046,-110.05047129171535,-446.7899837613444,28.247025519526726,-12.14630549687284,-23.837967876849145,-557.3859216266194,-4.849445571867482,62.67822852957523,71.71551783799966,-946.5693003005962,1356.891555554329
2025-09-05 21:24:22.858000,102.52095227877354,-113.30205177479553,-444.52996471489575,28.13328343706663,-10.547658396134564,-22.815234148076133,-553.7231873177061,-3.7085834673194134,62.337578298504816,71.43414197119519,-946.76828520901,1357.371674337638
2025-09-05 21:24:22.863000,101.94491075944966,-115.98208081015555,-440.7663283741344,27.805522279247445,-9.027264376480785,-21.763581210123846,-548.2879509421006,-2.621074127484447,61.964682667520414,71.12917762179377,-946.951459240249,1357.831023423646
2025-09-05 21:24:22.867500,100.49057032499474,-118.00605459517159,-435.488268344131,27.239044409886745,-7.613162848254172,-20.7056062814867,-541.1075319999723,-1.6208197403109377,61.56356354482774,70.7993117513753,-947.1007513616153,1358.2588443022687
2025-09-05 21:24:22.872000,98.06658702411474,-119.28743062502642,-428.69111949428697,26.40896193513933,-6.333051595475679,-19.665493985742987,-532.2196324640595,-0.7413348197488465,61.138402691662954,70.44326306520408,-947.1961507498346,1358.6419635579823
2025-09-05 21:24:22.876500,94.58529028782868,-119.751539591775,-420.3893760878583,25.291589469006013,-5.213978263896532,-18.66866554949052,-521.6848868694249,-0.014754391391797659,60.693378059219995,70.05998978052376,-947.2165538546898,1358.9661587512473
2025-09-05 21:24:22.881000,89.97139499526581,-119.34889220818971,-410.6287413619747,23.866644937489415,-4.281373198426794,-17.740893216741668,-509.59783329716333,0.5296930838021854,60.232635978224046,69.6489173170845,-947.1411214119343,1359.218577606176
2025-09-05 21:24:22.885500,84.17213452853449,-118.06562048010943,-399.4949582648115,22.11992841758151,-3.5575434767213254,-16.90702445173778,-496.0940564521757,0.8676106135392235,59.760374081000414,69.21009339593131,-946.9509744920219,1359.3892669597262
2025-09-05 21:24:22.890000,77.17000301755981,-115.93155517168748,-387.12019338088226,20.046851655153276,-3.0594747452781403,-16.1891014979614,-481.3544966582204,0.9819903783730698,59.28093803538424,68.74426388581524,-946.6307649488688,1359.4710893739975
2025-09-05 21:24:22.899000,68.99625594560283,-113.02411630923373,-373.68520935575225,17.656284135831743,-2.79622611690685,-15.603994696008138,-465.60551005534944,0.8659792711725305,58.79886264602824,68.25288979738961,-946.1698877864862,1359.4591543964343
2025-09-05 21:24:22.910875,59.73945828972775,-109.46420638366051,-359.41335623667055,14.97308761684811,-2.7667754180714557,-15.161260557408195,-449.1109077299953,0.5247390653567163,58.318875347062644,67.73815902125995,-945.5633345286839,1359.3512485200545
2025-09-05 21:24:22.922750,49.54394237018099,-105.40272710155946,-344.55497818322067,12.037838843503607,-2.9592364513446894,-14.862103406538209,-432.1547812656065,-0.024604089968309165,57.845904475298696,67.20305751011621,-944.8121251234272,1359.1492961117165
2025-09-05 21:24:22.934625,38.59700338255992,-101.00058538497666,-329.3654304181478,8.9033197119034,-3.3519222972418246,-14.699934949755058,-415.0187200320408,-0.7552589265527335,57.385089745835,66.65144899309466,-943.9232742157235,1358.86040341247
2025-09-05 21:24:22.946500,27.107636898316198,-96.40738074186696,-314.08231185190203,5.628481731012057,-3.9161092943941305,-14.662431806335556,-397.95934763970774,-1.6348978324409593,56.9417612336121,66.08804157423732,-942.9093999593227,1358.496495038221
2025-09-05 21:24:22.958375,15.282493496440237,-91.74464036138157,-298.9078480953451,2.2714352528743085,-4.619829733112606,-14.734508443125513,-381.19203004447195,-2.6305902042434144,56.52138491981559,65.51825796959405,-941.7880827881107,1358.0732109211895
2025-09-05 21:24:22.970250,3.30648478361741,-87.09908197793821,-284.0017586173995,-1.1164091609974907,-5.431596541839291,-14.901258809471827,-364.88558587391867,-3.713103958006645,56.12949919758317,64.9481262833029,-940.5809803550711,1357.609189724346
2025-09-05 21:24:22.994000,-8.665787934285248,-82.52782248606523,-269.48652739607644,-4.493136316324626,-6.3228532404425835,-15.14982246599111,-349.1692006141368,-4.8591614148026885,55.77161609697294,64.38416279653579,-939.3127391487405,1357.125694972994
2025-09-05 21:24:23.006500,-20.506353831362933,-78.07190229054856,-255.4614488995004,-7.825431291878566,-7.2684645666006045,-15.469573695801124,-334.1473344923529,-6.051004190049018,55.45303293897997,63.833132993621966,-938.0098575405243,1356.6458005784307
2025-09-05 21:24:23.019000,-32.10216612458851,-73.77157191468356,-242.01859079380702,-11.085111014792872,-8.245589783050246,-15.850920350095913,-319.9156450533172,-7.273954985374718,55.178616024156014,63.301760115697526,-936.6996967280188,1356.192954612271
2025-09-05 21:24:23.031500,-43.343697347128106,-69.67737812152234,-229.25428273313577,-14.245564685862654,-9.232239542141082,-16.283838412480637,-306.571965668613,-8.513812775597884,54.952770988601856,62.79656311804716,-935.4097793869197,1355.7896902319771
2025-09-05 21:24:23.044000,-54.120262778276434,-65.85450105272287,-217.27340636983303,-17.280093335594405,-10.206685736362722,-16.75716022957144,-294.2201380235774,-9.755598947908114,54.77973571444636,62.323843643291866,-934.1673768817648,1355.4573368892006
2025-09-05 21:24:23.056500,-64.31982137195916,-62.38291461844837,-206.18914160183454,-20.161560655495773,-11.147498120580453,-17.25843247469348,-282.96933057153376,-10.983282455751253,54.66402245182414,61.88971881498073,-932.9992054971233,1355.2162844558625
2025-09-05 21:24:23.069000,-73.82645947793479,-59.35724382250708,-196.12219450263706,-22.861377877101447,-12.033157268714598,-17.773450180571544,-272.9325520027974,-12.179101628668109,54.610700262362826,61.500156212957954,-931.9309755214558,1355.0858330732917
2025-09-05 21:24:23.094000,-82.51436320025735,-56.885761950751935,-187.1991199584678,-25.347461728980687,-12.840994377497964,-18.28523217985589,-264.2239996668842,-13.322234938862449,54.62540809477784,61.16096709510031,-930.986708726583,1355.0841456013468
2025-09-05 21:24:23.095500,-90.24368194598891,-55.08447587430116,-179.54583047015845,-27.582712316352783,-13.546238007324314,-18.773066597048338,-256.9516318989961,-14.38787603673866,54.71418461825343,60.877687733796556,-930.1879921175041,1355.2291692213175
2025-09-05 21:24:23.097000,-96.8638605835861,-54.064186328942576,-173.27423312714387,-29.525610971811147,-14.122050823076297,-19.21241023441188,-251.2032305984825,-15.347774743485006,54.883201887170486,60.655421438870555,-929.553364068639,1355.539711089743
2025-09-05 21:24:23.098500,-102.22598878191931,-53.912675074122006,-168.46424374567684,-31.133450238413985,-14.540941576200185,-19.57607563348786,-247.02854226401146,-16.172561094318038,55.138435132117536,60.498824613925876,-929.0978769052384,1356.0353067515398
2025-09-05 21:24:23.100000,-106.20173078179153,-54.67667414943333,-165.14606058612867,-32.36760580998371,-14.777424170845496,-19.83667567684954,-244.42259420182413,-16.835444877937473,55.485287631896256,60.412240707097645,-928.8328004462567,1356.7347532870217
2025-09-05 21:24:23.101500,-108.70363482919177,-56.34919145971886,-163.28847705578073,-33.19942956051498,-14.811367666129913,-19.9698500155714,-243.31585534120833,-17.31636824250444,55.92822047113117,60.3997336652811,-928.7654778916988,1357.6538936395027
2025-09-05 21:24:23.103000,-109.69990078601624,-58.8675719016646,-162.79857670242444,-33.61479594189668,-14.631034682036633,-19.957354435244053,-243.57608956770656,-17.60530943977904,56.47048143269221,60.464857209549564,-928.8993828084853,1358.8031077290007
2025-09-05 21:24:23.106000,-109.21777473137823,-62.12409636737344,-163.53420814141896,-33.61554472852963,-14.234653689524785,-19.78894314731162,-245.02265769303156,-17.7034383619512,57.114015892646535,60.61033782759251,-929.2343582369087,1360.1854004865409
2025-09-05 21:24:23.110750,-107.33426131391411,-65.98519277941683,-165.32475977072374,-33.21727828238319,-13.629899230946814,-19.462439288446152,-247.44841187303015,-17.621560193862706,57.85952022683915,60.83795152933697,-929.7668972080667,1361.7962688320085
2025-09-05 21:24:23.115500,-104.1577791611611,-70.31193994697745,-167.99249547205474,-32.444422779893316,-12.831525671639408,-18.98212468639221,-250.64134891712342,-17.376452744458984,58.70648396941114,61.14862735797401,-930.490313010344,1363.6252351450494
2025-09-05 21:24:23.120250,-99.80750024749786,-74.97383967519582,-171.3659912602528,-31.32439742537068,-11.858018060661394,-18.35605632452917,-254.3974881857161,-16.986601817212797,59.653186394956165,61.54267214933388,-931.3948117979429,1365.6574676980417
2025-09-05 21:24:23.125000,-94.3979896467005,-79.85011662390968,-175.27968491838752,-29.883031525892406,-10.728413015186202,-17.593207701670465,-258.51913006390646,-16.469009728081478,60.696793083599104,62.02012254450908,-932.4676183093561,1367.874287642362
2025-09-05 21:24:23.129750,-88.03437559398154,-84.81964513227662,-179.56132201700657,-28.142842239579476,-9.460407795925539,-16.70150614739324,-262.8010154877897,-15.838128688739815,61.83359835879115,62.58117890801212,-933.6932565100263,1370.2528928197798
2025-09-05 21:24:23.134500,-80.8182332318844,-89.74675643556596,-184.01592531027794,-26.12448508205466,-8.070309661111166,-15.687487278034752,-267.01397853077236,-15.106966253903414,63.05926574200698,63.226504537640935,-935.0539493502374,1372.7663059305096
2025-09-05 21:24:23.144000,-72.85937554225953,-94.47087292183348,-188.4151347435783,-23.850206418724568,-6.574431299409102,-14.557411532390816,-270.8953345784321,-14.289495827581352,64.36892856735774,63.95727570980982,-936.5300288726248,1375.3837164198876
2025-09-05 21:24:23.146375,-64.28590652622687,-98.80580559004393,-192.49772639267948,-21.347119525170395,-4.990792302586801,-13.318916717729666,-274.15136599599754,-13.40288913094129,65.7571397269182,64.77505397559487,-938.100296770861,1378.0706555324614
2025-09-05 21:24:23.148750,-55.245892802734225,-102.55074228185876,-195.98281853484687,-18.6482612036515,-3.3399432316346642,-11.982099762027259,-276.47253376423674,-12.468164632522667,67.217716632285,65.68152931639865,-939.7423839941276,1380.7892134850545
2025-09-05 21:24:23.151125,-45.89865796371516,-105.50956804470665,-198.59183706789102,-15.790657705302824,-1.644331576550819,-10.559321935080463,-277.5568249920267,-11.508724539883858,68.74348152451017,66.67813770205534,-941.4332096674548,1383.4990684731838
2025-09-05 21:24:23.153500,-36.39854626642638,-107.51198172260925,-200.07218038492607,-12.811050644455387,0.07364568656487905,-9.063716526053623,-277.1340391713029,-10.547267019263801,70.3259095275053,67.76564211741625,-943.149548956953,1386.1590141618735
2025-09-05 21:24:23.155875,-26.876792057028144,-108.43003729875157,-200.21585971225568,-9.74087840748137,1.7942189671372477,-7.507010512011585,-274.9845064653557,-9.60223037428086,71.95483466463097,68.94381690085577,-944.8685671268801,1388.7279141186364
2025-09-05 21:24:23.158250,-17.428149370287965,-108.18522888323268,-198.86827976273253,-6.602503321595789,3.5024757155573267,-5.8975803422442175,-270.9477425611229,-8.685141580658945,73.61839072221707,70.21128022875352,-946.5681828821024,1391.1648979375823
2025-09-05 21:24:23.163000,-8.107507436297263,-106.7443257658522,-195.92558100169055,-3.4082177161557805,5.1893893322031905,-4.239528386439488,-264.91974974639584,-7.7998268424001065,75.30321057995299,71.56540760107116,-948.2272753066901,1393.4293789869353
2025-09-05 21:24:23.167250,1.0621983688443544,-104.1065198291093,-191.32309237148428,-0.16241194438089157,6.851273866529224,-2.533140276471995,-256.8416449823201,-6.943714140773949,76.99480167930804,73.00225416557221,-949.8258489146388,1395.4811845721206
2025-09-05 21:24:23.171500,10.07423245300087,-100.28743205025076,-185.02033258589958,3.1340154803388893,8.487923409045758,-0.7765020277437166,-246.6850357622168,-6.110710142181903,78.67796678453637,74.51647749158427,-951.3452376315693,1397.2812470761364
2025-09-05 21:24:23.175750,18.922266652452347,-95.3062711959277,-176.9888809969784,6.479198451702152,10.100415269482626,1.0326470873847724,-234.44015856355279,-5.29418945516989,80.33705093899364,76.10129778447514,-952.7682833998413,1398.7939094721823
2025-09-05 21:24:23.180000,27.59151751434509,-89.179851294069,-167.20687835080608,9.867841978409079,11.689631779392489,2.8958307471950593,-220.1100495785983,-4.488607589389974,81.95588248972416,77.74852383174958,-954.0793811592841,1399.9909021302492
2025-09-05 21:24:23.184250,36.05529236088515,-81.9212822487097,-155.65800009727633,13.290341935271268,13.25545305318944,4.813399958818524,-203.7086167468385,-3.6900396010415637,83.51760263255609,79.44862611766858,-955.2644563076933,1400.8550234722643
2025-09-05 21:24:23.188500,44.269971566875675,-73.53868149032158,-142.33038247704994,16.731398079002716,14.79570498891705,6.783716468452228,-185.25878907405178,-2.897199187751302,85.0046808240077,81.19081412723132,-956.3110322320064,1401.381342161927
2025-09-05 21:24:23.197000,52.16671416336397,-64.03392297928386,-127.21573360036723,20.16754150768019,16.304522433280987,8.801552553327355,-164.7915060385833,-2.1133459999093414,86.39912979235642,82.9631040390817,-957.2084317543388,1401.575531028966
2025-09-05 21:24:23.204000,59.645506934622865,-53.40616354426475,-110.31347613377416,23.565195231343946,17.770828616346705,10.856430447204472,-142.35015942471466,-1.3478704267928554,87.68275685074231,84.75239687217338,-957.9480835362544,1401.4504124743107
2025-09-05 21:24:23.211000,66.57721699253801,-41.662808665698165,-91.64246379335302,26.880958269421065,19.177834048654205,12.93183867586633,-118.00234218094539,-0.6163542843483594,88.83741781129301,86.54458975538034,-958.523887684729,1401.0220238613947
2025-09-05 21:24:23.218000,72.81317496253887,-28.834260383718533,-71.25638121663573,30.064088736187077,20.50372752163693,15.005538745082506,-91.85462870129004,0.06083301704676004,89.84534403171183,88.32472249437728,-958.9325239719434,1400.306471302726
2025-09-05 21:24:23.225000,78.1978827941053,-14.986476002185453,-49.256689095897855,33.060083429202095,21.72312003078377,17.050601090937732,-64.06442320904034,0.6605977374599005,90.68956125057521,90.07715796827186,-959.173560600237,1399.3185277400544
2025-09-05 21:24:23.232000,82.58324626121507,-0.22936859208514995,-25.801052669650836,35.81498279100497,22.809066756091184,19.037076125551835,-34.84705472176761,1.1595893672168855,91.35436607643798,91.78584774686608,-959.2492896175019,1398.0718207223044
2025-09-05 21:24:23.239000,85.84544372999021,15.277896145945215,-1.108241961316267,38.280653033267036,23.735797620220602,20.93446921398054,-4.479065178404466,1.537314593933841,91.82581551531347,93.434746875492,-959.1643367837065,1396.5796567690895
2025-09-05 21:24:23.253000,87.90255267650235,31.325811513662064,24.5417109953748,40.4204060419708,24.481894343511673,22.714756979743118,26.7035708055872,1.779589401857508,92.09217254305999,95.00831874270942,-958.9252365605312,1394.8559118623343
2025-09-05 21:24:23.262875,88.72717346284645,47.66117634468666,50.81577680166174,42.213253010581354,25.03312747223725,24.35516370583676,58.31572553329733,1.8812709918424666,92.14426582971727,96.491977781074,-958.5401606429696,1392.916158423629
2025-09-05 21:24:23.272750,88.34878791619232,64.00311109517423,77.3462028274635,43.65520757715098,25.384074456225164,25.839856517909734,89.94307956798599,1.8471605208985544,91.97577632821945,97.87240346094679,-958.0188155181187,1390.77919451654
2025-09-05 21:24:23.282625,86.84452009378903,80.06579571316017,103.75585628549044,44.75711938165131,25.537982377727396,27.160068227937405,121.16852132068203,1.6906085249820495,91.58349450258486,99.13776505321786,-957.3724307104178,1388.4682985586933
2025-09-05 21:24:23.292500,84.32091384701303,95.58265293869651,129.68500166760344,45.539677135474015,25.504890748784153,28.312667384030224,151.59917153325074,1.4301831997638004,90.96756537124911,100.27788574897647,-956.6137749507037,1386.0112371332589
2025-09-05 21:24:23.302375,80.89214765196843,110.32597557196016,154.8131249698547,46.02713624597601,25.29858176721576,29.297660511109395,180.8876167865428,1.0853676167906812,90.13168165915552,101.28434608376406,-955.7571176887348,1383.4390501023154
2025-09-05 21:24:23.312250,76.66192621312419,124.11633889327429,178.8698614979869,46.24191065307407,24.933379109793265,30.115500035775916,208.74179089717737,0.6725926724628212,89.08315414070962,102.15054460610523,-954.8180663882738,1380.7844620382348
2025-09-05 21:24:23.332000,71.71531261896034,136.81948112823764,201.63274874351723,46.20189430519942,24.42191016632896,30.765214153074172,234.92194829784998,0.20286293841551745,87.83282788784304,102.87173690003979,-953.8132935474652,1378.0805001019817
2025-09-05 21:24:23.332125,66.1223489893514,148.3339214908725,222.9154307608776,45.92116555177129,23.77449457211341,31.24405212517524,259.2287969978921,-0.3183345001588268,86.39487785155585,103.44505031795893,-952.7602048305031,1375.3594086644189
2025-09-05 21:24:23.332250,59.950322277540266,158.57616351234282,242.55358348372567,45.41334463427791,23.0001291717049,31.548694647964787,281.48994698281393,-0.8889737699595238,84.78652409315715,103.86946568262766,-951.6765946318537,1372.6518144457295
2025-09-05 21:24:23.332375,53.27800426253392,167.47095597599275,260.3962331295982,44.69578734771041,22.108421527893874,31.67740815698205,301.5519872377083,-1.5072910986713735,83.02768497372928,104.14576716059611,-950.5803275953499,1369.986102594632
2025-09-05 21:24:23.332500,46.20408445983242,174.9518332110846,276.30766510338447,43.792311269335045,21.111378552421865,31.632062982179434,319.28300926591066,-2.169067634366982,81.14059494626089,104.27647371196097,-949.4890453479758,1367.3880610161532
2025-09-05 21:24:23.332625,38.84493862658911,180.97137871616636,290.1792473791012,42.732863904485974,20.023979681956924,31.418979039222542,334.5845972692825,-2.86674741688533,79.14940460853033,104.26578804448062,-948.4198772399874,1364.8810869113931
2025-09-05 21:24:23.332750,31.32241396635675,185.51539815273313,301.94506575790973,41.550158185935366,18.863098995234974,31.048162187619777,347.4070257618679,-3.5906493554810885,77.07972709500744,104.11957744329428,-947.3891570544562,1362.487096363181
2025-09-05 21:24:23.333000,23.746966715985867,188.61395457339344,311.5938998516074,40.27476101265912,17.645205120267175,30.5312859114837,357.76014693193093,-4.331421097312684,74.9580804544541,103.84532016067814,-946.4121424467581,1360.227432129309
2025-09-05 21:24:23.335125,16.203780038666153,190.34341591697813,319.17147466285337,38.93086792016295,16.383897356082468,29.879373355997018,365.7140986417486,-5.082275036656289,72.8112447635627,103.45195117307682,-945.5027197347159,1358.1227668790052
2025-09-05 21:24:23.337250,8.7482844988089,190.8171952917056,324.7708371154805,37.53470099807751,15.0884230939149,29.101263119097684,371.38824884470955,-5.839745573539648,70.66561927804158,102.94963587350708,-944.6731222996302,1356.191994388263
2025-09-05 21:24:23.339375,1.412872844429971,190.16826096027734,328.51423248182635,36.09616731454654,13.763822986388702,28.203487967624607,374.93232936334806,-6.6025769348952315,68.54664112646444,102.34952754353799,-943.9337419169412,1354.4508343250009
2025-09-05 21:24:23.341500,-5.7781857298556325,188.5295871944672,330.5328999698598,34.62299278334588,12.412605699084244,27.191504356771958,376.50630344858354,-7.369221236421615,66.47826297178172,101.66352925227005,-943.2930607335509,1352.9105581421181
2025-09-05 21:24:23.343625,-12.791427840144172,186.01850314190423,330.9510955200785,33.12564731321321,11.037232604838588,26.071689304258474,376.26488164846785,-8.135011419343682,64.48249370174061,100.90407135758224,-942.7576287039338,1351.5771930592928
2025-09-05 21:24:23.345750,-19.57133504545882,182.72955340546633,329.87922000228275,31.621035636637046,9.642371684509133,24.85323278122547,374.35100843460737,-8.890344070049341,62.57906264545461,100.08390039710471,-942.332022973446,1350.4516793774028
2025-09-05 21:24:23.350000,-26.03731956807526,178.73767889074207,327.41757198516,30.133381618749763,8.236019170306495,23.54908778662349,370.8996180673561,-9.620815639565254,60.78525652904385,99.21586012698671,-942.0188167278071,1349.5307542587989
2025-09-05 21:24:23.354250,-32.09186958672262,174.1094997922769,323.66791994681637,28.691950147790234,6.829150508683915,22.17557514008885,366.04889867568136,-10.309289703351338,59.11591022985674,98.31267053056791,-941.8186005514111,1348.807991614205
2025-09-05 21:24:23.358500,-37.63685128301836,168.9175202719473,318.7473663704193,27.326491939170847,5.434139472020062,20.750780804322343,359.95333613379415,-10.939086710864888,57.58348068730227,97.38672625065232,-941.730059693486,1348.2748908833346
2025-09-05 21:24:23.362750,-42.59148976292905,163.25020581203026,312.7972815094898,26.062218630465015,4.062585070340547,19.292320071751252,352.79109295686425,-11.497140026467585,56.198099608079374,96.4499084867332,-941.7500832924611,1347.9220248389393
2025-09-05 21:24:23.367000,-46.90393834483185,157.21158033835545,305.9809478560055,24.916536866864174,2.723518100053538,17.815399977937563,344.75984117500553,-11.97586827244354,54.967540451034054,95.51339044451157,-941.8738772193551,1347.740145871985
2025-09-05 21:24:23.371250,-50.55138444217415,150.9100859652558,298.47001143137805,23.89898075326293,1.4229338645864047,16.33208116996766,336.06204331098996,-12.37294195859926,53.897156237773274,94.58745361568813,-942.0950900356698,1347.7209051458212
2025-09-05 21:24:23.375500,-53.529864359917376,144.44307668344544,290.42657305178545,23.01407818698291,0.16493864901625976,14.852011422940683,326.8868282814131,-12.68910493033432,52.9898874122368,93.681355850384,-942.4059945139688,1347.8567146071136
2025-09-05 21:24:23.384000,-55.839530758203956,137.88447682007472,281.9888160624117,22.26558095246812,-1.0460726552980757,13.384146293554487,317.39595979512785,-12.925093442234918,52.24635638013085,92.8032537021295,-942.7977454967362,1348.1400699674277
2025-09-05 21:24:23.387125,-57.472568145155925,131.28081513809795,273.2656778301711,21.660045704917582,-2.203291001849874,11.938570141671683,307.7189351621487,-13.07905208237137,51.66499809429412,91.96014229331001,-943.2607014170711,1348.5630414435536
2025-09-05 21:24:23.390250,-58.4095307507826,124.65679868281318,264.34170378753254,21.208054122239986,-3.296465106675258,10.527465467458994,297.958056311958,-13.145617372547507,51.24220260376898,91.15777104026832,-943.7847514633542,1349.1168252165462
2025-09-05 21:24:23.393375,-58.62542993542435,118.02563081653987,255.28683083318342,20.92250006703184,-4.3125010558979575,9.164538897796517,288.19797976064433,-13.116972816964681,50.972512414884726,90.40048558939345,-944.3595203040851,1349.7910157998385
2025-09-05 21:24:23.396500,-58.100863915894145,111.39617744603532,246.16277569888254,20.815165300851753,-5.2372539023579305,7.863093495195502,278.51139806760114,-12.98494182034268,50.84891018012992,89.69098321152242,-944.9743418760737,1350.5729633253095
2025-09-05 21:24:23.399625,-56.829939574762385,104.77282854684684,237.02190233309824,20.894056431534306,-6.05719713322511,6.63404601538722,268.9571609945686,-12.74246856547915,50.8631353005725,89.03009277444562,-945.6180396786457,1351.4479048271269
2025-09-05 21:24:23.402750,-54.81963119478726,98.15023039423241,227.90100438629054,21.163247555718176,-6.759875385285785,5.485240014558948,259.5739202530511,-12.38344874615699,51.00596085310695,88.41672728993763,-946.2786711772452,1352.4001546760492
2025-09-05 21:24:23.409000,-52.082368785720014,91.50844275231758,218.81563993313398,21.624828027364536,-7.333185802426135,4.422254105583897,250.37526166154933,-11.901299034771393,51.26745589119814,87.8480245578433,-946.9434154809428,1353.4149843168261
2025-09-05 21:24:23.413375,-48.628534006980026,84.81393880346019,209.76051215899435,22.28107262428047,-7.764358160294298,3.4498560335339863,241.35151937162814,-11.287567343713437,51.63723698700464,87.31960294177111,-947.5987260955026,1354.4807004901877
2025-09-05 21:24:23.417750,-44.46511358989746,78.02877784092368,200.71864983193828,23.135051742002272,-8.039554750690563,2.573062044520716,232.48022375626786,-10.531780316484138,52.10464922322438,86.82588172930114,-948.2307405561758,1355.5905710979878
2025-09-05 21:24:23.422125,-39.60286404369062,71.12580140603873,191.67760781460538,24.188908040989443,-8.144633645007625,1.7971571054414321,223.74273273870782,-9.623041363924598,52.65888730173494,86.36041133140985,-948.8258212621873,1356.7436340056647
2025-09-05 21:24:23.426500,-34.070277698306114,64.10501125845236,182.64743608003545,25.440046379972237,-8.06715805474799,1.1265428230658057,215.14175239692,-8.553165773225736,53.289123080267665,85.91615981925963,-949.3710639328947,1357.9434873187083
2025-09-05 21:24:23.430875,-27.929620245916013,57.00549655815109,173.673842947128,26.876395969346536,-7.799256070126937,0.5627385864468818,206.71350050353072,-7.320512609758203,53.9846373458892,85.4857687504092,-949.8546586073259,1359.1962077641092
2025-09-05 21:24:23.435250,-21.288246164362256,49.907558582083965,164.84067683274037,28.472730256420512,-7.340383554206735,0.10233111776545693,198.52912284298148,-5.933136884705783,54.73490177350381,85.06180526648178,-950.266113031954,1360.5095778453488
2025-09-05 21:24:23.444000,-14.299170344636632,42.92302787956836,156.2598795909021,30.190013702738074,-6.698785400869652,-0.26410772639425245,190.68418083248451,-4.409834228436648,55.52959159857933,84.63698701757671,-950.5964291282055,1361.8937190283623
2025-09-05 21:24:23.450125,-7.149332473936707,36.17721679218587,148.05278614567385,31.978482857276195,-5.890928937429798,-0.5514951587198139,183.28045160781664,-2.778455588526138,56.35856356673434,84.20436353440944,-950.8382962827914,1363.3610669552882
2025-09-05 21:24:23.456250,-0.0391680934482548,29.789134952824433,140.32986766519917,33.783486552753615,-4.939124904294578,-0.7781845651050698,176.40691208847505,-1.0721093384541758,57.21186556646173,83.75745367241039,-950.9863056911026,1364.9243416651125
2025-09-05 21:24:23.462375,6.83944113783415,23.85706900283125,133.176408345711,35.551880573329626,-3.8683535792739496,-0.9630457611231878,170.1270657827508,0.6751965667612749,58.0798404012946,83.2903007857103,-951.0371443833438,1366.5935717259663
2025-09-05 21:24:23.468500,13.318923540829319,18.454834746329162,126.64957024188702,37.236499635371864,-2.703611533061246,-1.1226818517194428,164.4778358445511,2.431740344441986,58.953326348556764,82.79742984352025,-950.9897389498798,1368.3741355233515
2025-09-05 21:24:23.474625,19.260559131426646,13.638758859130371,120.78678069157603,38.79726057216441,-1.4687223050573428,-1.2697992003470768,159.47951074424233,4.169067816026872,59.82389364689857,82.27377993501632,-950.8453459281246,1370.2662773877018
2025-09-05 21:24:23.480750,24.54825062487784,9.460133188653655,115.61977031290482,40.1991211898586,-0.18677291477766794,-1.4132693355734665,155.15052553252858,5.860841451284167,60.68407130338223,81.71470097048872,-950.6075293940513,1372.2650062657676
2025-09-05 21:24:23.493000,29.07651168970041,5.976151296474997,111.18667392096752,41.40838513587965,1.118354931298621,-1.5596197122131248,151.51933993802623,7.480535855167025,61.52754875716928,81.11603847691508,-950.2819464045007,1374.3594805389957
2025-09-05 21:24:23.493000,32.740125679136895,3.2531492881448045,107.53570490927359,42.38949849660774,2.4203636736662424,-1.7149856108404105,148.62730609120726,8.999458898692959,62.34929739777788,80.47428356873125,-949.8759792862888,1376.5321859595279
2025-09-05 21:24:23.493000,35.43202790481504,1.359417939875517,104.7179117269759,43.10428828116698,3.6899532979860434,-1.8863936042385523,146.52063655846192,10.386398623858335,63.145542639508754,79.78676213024453,-949.3983417232203,1378.7589537353551
2025-09-05 21:24:23.493000,37.051481935007246,0.35032536709596884,102.77220534489898,43.514365908133115,4.895900390514843,-2.0817155211674314,145.2350206374133,11.609362702929857,63.91358931381588,79.05184382862136,-948.8587463896736,1381.0105134456207
2025-09-05 21:24:23.493000,37.51979759289543,0.2517881241169163,101.70891091588061,43.585961665835335,6.007606005668372,-2.3083206356548738,144.77913150019162,12.638961382480279,64.6515630167752,78.26914824111087,-948.2676428244754,1383.255159814803
2025-09-05 21:24:23.493000,36.797953025503766,1.0480843313558028,101.49784496034246,43.29549911354971,6.998292913657464,-2.5710092428320834,145.12293940806148,13.452275010517765,65.3581384827295,77.4397105784298,-947.6359744914334,1385.4608784131324
2025-09-05 21:24:23.493000,34.89934868944684,2.6786000233850773,102.06555370884026,42.633853245466845,7.847791355683364,-2.8701200896640287,146.19541034781687,14.035685186236359,66.03231908027313,76.56606327989773,-946.9749001197764,1387.5953580406394
2025-09-05 21:24:23.493000,31.89230394358739,5.045261901733934,103.30348858219429,41.607680081516065,8.544019886121045,-3.200626051151316,147.89314394091144,14.385556599248464,66.67329752520654,75.65221851421587,-946.2954881863087,1389.6245216902598
2025-09-05 21:24:23.493750,27.89087507312098,8.028482311105893,105.08483756323668,40.23738564391524,9.08278219299421,-3.5525985780793774,150.09728641585104,14.506715098711785,67.280386202789,74.70356412184255,-945.6084378871184,1391.511751883455
2025-09-05 21:24:23.494500,23.036860088789826,11.50630810897574,107.28450272340339,38.55252655929294,9.466058486401536,-3.912958919439224,152.69288457832894,14.409524894893645,67.8530078337584,73.72667300352605,-944.9238526087088,1393.2186882031301
2025-09-05 21:24:23.495250,17.479376059312916,15.369230956320632,109.79424633486974,36.58640707372173,9.69947194109689,-4.268037310671961,155.58275230662366,14.106729760494735,68.39074589518793,72.72902195888933,-944.2510665679123,1394.7068384094755
2025-09-05 21:24:23.496000,11.36009403057758,19.523855286601002,112.5257926179622,34.37214080699908,9.79004041375287,-4.606010300710771,158.68919351817595,13.611339036463077,68.89342769174587,71.71865486749066,-943.5985287871698,1395.9392618851052
2025-09-05 21:24:23.496750,4.80939034256123,23.885064767560248,115.4018634066449,31.94173557463313,9.74522741396576,-4.918168215120739,161.94406746521545,12.936435432804718,69.36119930998441,70.70385498725521,-942.9737129471872,1396.8821065291331
2025-09-05 21:24:23.497500,-2.0473612520385647,28.36307383533395,118.34226728112714,29.32805872139877,9.573550884836598,-5.198601800888508,165.27437328386966,12.096790262396922,69.79457615926856,69.69286955937979,-942.3829786582523,1397.5059452010037
2025-09-05 21:24:23.499000,-9.078726726981921,32.852927041612915,121.25276062135596,26.56812940977055,9.28620656297997,-5.442787998159257,168.59108938782154,11.11129628574883,70.19447544651914,68.69368266618996,-941.8313859212609,1397.7867846660165
2025-09-05 21:24:23.505875,-16.138337159048188,37.2318848846385,124.02196239542454,23.705688065756718,8.898727280102259,-5.6459845285417565,171.78653779299387,10.00490123022665,70.56222382954383,67.71381242010044,-941.3226002488157,1397.706494858694
2025-09-05 21:24:23.512750,-23.06331112823786,41.36634011470658,126.52801868131722,20.79159198145677,8.431756238713875,-5.8022040252712905,174.74163119669012,8.809037146059113,70.89950746400581,66.76014341425964,-940.8590003904774,1397.252717224571
2025-09-05 21:24:23.519625,-29.679843311490952,45.124575893385746,128.65111554440807,17.882165639642626,7.910654251732389,-5.904007476664731,177.33884029189147,7.5604643478691385,71.20824692039592,65.83885341763538,-940.4419224516405,1396.4189642258452
2025-09-05 21:24:23.526500,-35.81243734208488,48.38979579088451,130.28587138023573,15.036586141106902,7.364244874552868,-5.94292340274183,179.47488335261315,6.2991173239660965,71.49041846186036,64.95547539858454,-940.0718793264678,1395.2056122327904
2025-09-05 21:24:23.533375,-41.29560240483057,51.0715100864722,131.35200838233092,12.313552425036985,6.822849630389802,-5.910429071736834,181.0713393519707,5.065229475613035,71.74786406070228,64.11505867034653,-939.7486867022263,1393.621688439599
2025-09-05 21:24:23.540250,-45.98919454950169,53.11600063170484,131.80467391616563,9.766703321750393,6.315497250103658,-5.799654548056468,182.08436303563218,3.895657021548846,71.98214985411312,63.32235283538479,-939.4715613763748,1391.6866603690996
2025-09-05 21:24:23.554000,-49.79558517255362,54.513973570938376,131.64242128756916,7.439222921922517,5.866562114752893,-5.607645075136221,182.5116645603954,2.819869335771506,72.19451727177587,62.581949747293564,-939.239255106453,1389.431332250675
2025-09-05 21:24:23.580625,-52.672477466246775,55.30050587057108,130.90743511398327,5.359489349104836,5.492734024740804,-5.337427455949368,182.3916707385819,1.8568350463464376,72.3859013229778,61.898328553553185,-939.0501961247634,1386.8971474246564
2025-09-05 21:24:23.607250,-54.635879431573386,55.54495980183265,129.675470795893,3.539479348719314,5.201322231141628,-4.9990051805131746,181.7926833432635,1.0138780325353094,72.55695340111093,61.27578036608584,-938.9026004279351,1384.1335738579392
2025-09-05 21:24:23.633875,-55.753712116686245,55.33495910150335,128.03958161504076,1.9758976442300789,4.990166077738712,-4.609013691991348,180.7963222608045,0.2874471010859149,72.70803577190169,60.71824357726466,-938.794581616232,1381.1943576291933
2025-09-05 21:24:23.660500,-56.13447632095498,54.76076010494679,126.09399133801145,0.6528255079579418,4.84871390186533,-4.18937438487937,179.48161703322143,-0.33500673698984673,72.83919802133614,60.22910544635333,-938.7242879743695,1378.1345397261503
2025-09-05 21:24:23.687125,-55.9127988504598,53.90215333664198,123.92040816056762,-0.4545802417139238,4.759996027864806,-3.765178547304297,177.91215019999134,-0.8723358217596806,72.95018666666451,59.81101884825496,-938.6900129799498,1375.0093120919173
2025-09-05 21:24:23.713750,-55.23105580280386,52.81705523860002,121.57616243128568,-1.375071520016198,4.703545216657951,-3.3618117552461233,176.12582142321844,-1.3459877163295755,73.04055779332757,59.465753670553354,-938.6902032976649,1371.8737089613805
2025-09-05 21:24:23.767000,-54.21910415312935,51.533299562768946,119.0859768350644,-2.135574070030479,4.658948914525549,-3.001659666450942,174.12873467222715,-1.775728704151675,73.10990073137965,59.1940806129581,-938.7233696973202,1368.7816138678609
2025-09-05 21:24:23.776500,-52.97801740747994,50.04764712160838,116.44167329962315,-2.7564640114606833,4.609142337847494,-2.701172102590494,171.89674457770883,-2.1760585953331897,73.15806128018271,58.995701302770826,-938.7879727395024,1365.7840964132483
2025-09-05 21:24:23.786000,-51.5728729557968,48.333780427190675,113.61143018706711,-3.249363391853006,4.542553354226072,-2.469027684319422,169.3858083959323,-2.5543733591287245,73.18522156084127,58.86924168104575,-938.88234338092,1362.9284350910111
2025-09-05 21:24:23.795500,-50.03425520567128,46.35571585910825,110.55446210621338,-3.6174619337630727,4.453879727496634,-2.3056089342800767,166.54713782962853,-2.910823733483681,73.19179605385766,58.81230563265957,-939.0046677350197,1360.258459678772
2025-09-05 21:24:23.805000,-48.3646349013969,44.081154088026196,107.23532782631516,-3.8573523829228313,4.343849175673541,-2.2035300336195665,163.34158953478664,-3.2391541979751524,73.17820618432096,58.82158132535152,-939.153049836656,1357.8149580892477
2025-09-05 21:24:23.814500,-46.54829599841106,41.493029176866784,103.63617927622836,-3.961999395576022,4.218097070779248,-2.1490739922091264,159.7515834369217,-3.528383074040905,73.14464179494543,58.89298412958714,-939.3256203529851,1355.6347076483908
2025-09-05 21:24:23.824000,-44.56601604244377,38.600212011492346,99.76779385334385,-3.925137047961941,4.084970476859141,-2.1246289241591785,155.7912466797684,-3.7656981187192144,73.09092599578905,59.02181389519301,-939.5205978751561,1353.7484349628658
2025-09-05 21:24:23.843000,-42.41263509277852,35.44558210513829,95.67731208198502,-3.746548855013226,3.9524822417719867,-2.1119224979695193,151.51274413489315,-3.9402133033028104,73.01653082949413,59.20292048530987,-939.7362496580281,1352.1789189296996
2025-09-05 21:24:23.852375,-40.111154450628085,32.10658761265888,91.44783586853976,-3.4364103904668353,3.8253562287661973,-2.0952602112643266,147.0043391021042,-4.046226701297108,72.92068092945765,59.43086908798254,-939.970827693576,1350.9398384652968
2025-09-05 21:24:23.861750,-37.71764184797925,28.685894400497713,87.1878944159699,-3.0169604034264954,3.7031991208654205,-2.063792436851554,142.378681973401,-4.0847615630729806,72.80245212966359,59.700080169283716,-940.222570699763,1350.035343018384
2025-09-05 21:24:23.871125,-35.31718066355348,25.29598054221773,83.01497903288556,-2.5214213295033523,3.5800864277030096,-2.012429340858202,137.75570316920877,-4.063357002719194,72.66082993496151,60.00494613048743,-940.4897230553493,1349.460197987628
2025-09-05 21:24:23.880500,-33.015079944312795,22.043855883294423,79.03935027707608,-1.9913124540939737,3.445183108418814,-1.9416776005168206,133.24626466117044,-3.9947961188172725,72.49474962098363,60.339962425295674,-940.7704656122469,1349.200374329239
2025-09-05 21:24:23.889875,-30.925015003619524,19.01818865320059,75.35030524250398,-1.4726332682194117,3.284239707633117,-1.8565822540594554,128.93873722119278,-3.895034086531886,72.30315704269783,60.69988462628455,-941.0627709881304,1349.2339677208984
2025-09-05 21:24:23.899250,-29.153224202368733,16.27820504981686,72.00441160146589,-1.0106673799482313,3.082102872622654,-1.764702324559855,124.88796253832862,-3.780232417684866,72.08511830988154,61.079892157192255,-941.3642731647848,1349.532438842406
2025-09-05 21:24:23.918000,-27.780773635110542,13.8458599947056,69.01759510446146,-0.6440331644251411,2.825908990414972,-1.6733780429830734,121.10842237976513,-3.663324732366093,71.83999673605074,61.47573830751687,-941.6721761478357,1350.0623209043988
2025-09-05 21:24:23.936125,-26.849695204693212,11.705173117969306,66.3652301842235,-0.39976990636143456,2.508019147728302,-1.587068854716389,117.5756481623262,-3.551202320850833,71.56769554784704,61.88383140914216,-941.9831958746246,1350.7871644535508
2025-09-05 21:24:23.954250,-26.357927619249004,9.810487242967897,63.99175440849156,-0.29104071843043244,2.1278058425711244,-1.5055741447306086,114.23707506280684,-3.443530141990096,71.26889440921543,62.301177899185,-942.2935901801707,1351.6689006986408
2025-09-05 21:24:23.972375,-26.262722831471145,8.100221584363279,61.82578208044986,-0.31753791687755234,1.6920919369695306,-1.4233805746030128,111.02797340948595,-3.3332460832803457,70.94515875124445,62.725205745842054,-942.599313414358,1352.6685044536844
2025-09-05 21:24:23.990500,-26.488757824259594,6.510825011977237,59.794954354478506,-0.46759878032595115,1.2145994834633504,-1.3298820143357348,107.88659149944772,-3.208039558846404,70.59885894315018,63.15357496120907,-942.8962466265173,1353.746843582937
2025-09-05 21:24:24.008625,-26.939714120283654,4.989254162653733,57.83885800406756,-0.7215633667435085,0.714564292287954,-1.2103912221380586,104.76685615894274,-3.0525451456627115,70.23295557566244,63.58405559419986,-943.1804427589744,1354.8659801460708
2025-09-05 21:24:24.026750,-27.514627068485723,3.504817216596376,55.92123846186238,-1.0565657684354945,0.21433334456643693,-1.0481324391415445,101.64968759814379,-2.8515424786156522,69.85078543694668,64.01448445078469,-943.448326217801,1355.9905860891413
2025-09-05 21:24:24.063000,-28.127188888630183,2.058444736169334,54.039742137677266,-1.4521829298589248,-0.26387023300246876,-0.8270479749936512,98.55098753098848,-2.5938498528716236,69.45593786416357,64.44279771924937,-943.6967669568625,1357.089508567562
2025-09-05 21:24:24.071875,-28.721581549410672,0.6843802775359837,52.2278105363975,-1.8951543985516868,-0.7011125342407187,-0.5346195721507503,95.52130019259901,-2.2756229963268653,69.0521922507959,64.86712286923982,-943.9230357502754,1358.1372021882053
2025-09-05 21:24:24.080750,-29.278176796678217,-0.5581877708526367,50.54584081941733,-2.381288831468138,-1.083693519321374,-0.16366762737809243,92.63517033454201,-1.9016828595254098,68.64345246017255,65.28586655961817,-944.1247598137944,1359.1144753126873
2025-09-05 21:24:24.089625,-29.807086183632507,-1.5990743347614806,49.06609204061051,-2.9138828537831714,-1.4032065539522243,0.2875166581589556,89.97544910032802,-1.4843975721625355,68.23366952529129,65.69774917081872,-944.2999429259761,1360.0086970628527
2025-09-05 21:24:24.098500,-30.33440755611907,-2.3681067408841954,47.860214322091736,-3.499888241023689,-1.655093088139686,0.8164211607127375,87.62144213513369,-1.0409644348221774,67.82677008595537,66.10181100761292,-944.4469924634531,1360.813591898428
2025-09-05 21:24:24.107375,-30.890496406015128,-2.7980588720261776,46.995186697883454,-4.146512667566469,-1.8370409550090343,1.417775274508477,85.64584785663358,-0.5908496830955198,67.4265946463451,66.49743210651107,-944.5647029699775,1361.5281835668284
2025-09-05 21:24:24.116250,-31.50713535176712,-2.82091758794837,46.53671813855644,-4.860455706741876,-1.9485352592918548,2.0840801234750304,84.11859050858027,-0.15480630363202988,67.03684519648003,66.88436778206551,-944.6522175300878,1362.1549578946851
2025-09-05 21:24:24.134000,-32.222722984758065,-2.363080998338001,46.55418941909425,-5.649708790222233,-1.991779480701618,2.805007303019374,83.11141124650786,0.24455037975513022,66.6610360131496,67.26279501527151,-944.7090078945338,1362.6979130292375
2025-09-05 21:24:24.144500,-33.088479692859536,-1.3458574334890525,47.120145345837365,-6.525831497470009,-1.973077074334226,3.566415516218618,82.69665359738147,0.5819418917010455,66.30244118995348,67.63336766636428,-944.7349162154158,1363.1607658265457
2025-09-05 21:24:24.155000,-34.16842808105115,0.30541970366850196,48.300953096877514,-7.5044058426844025,-1.9034311445710934,4.350009372645706,82.93739638603675,0.8298722402990386,65.96405282443654,67.99724041305359,-944.7302955251512,1363.5454916370618
2025-09-05 21:24:24.165500,-35.53027486202651,2.6458058451309916,50.14110634514437,-8.602683702511674,-1.7976152738338647,5.134293957094318,83.8718189937548,0.9608693846111622,65.64856127452138,68.35600779727676,-944.6962199267405,1363.8520303047626
2025-09-05 21:24:24.176000,-37.22925921860537,5.694232383838779,52.64691418773535,-9.834978296495589,-1.6717726851429362,5.896837004867737,85.4977204937142,0.9510394055595801,65.35834341242814,68.71155551136587,-944.6346678445817,1364.0796899186953
2025-09-05 21:24:24.186500,-39.2901613418906,9.42176218301059,55.77534653468417,-11.207328917133578,-1.540244165331131,6.617270552889229,87.76283686789603,0.783862174538944,65.09544682908806,69.0658601446691,-944.5486064104618,1364.2293427420536
2025-09-05 21:24:24.197000,-41.69398973712179,13.74917920126632,59.43270449008601,-12.713373912265082,-1.4126557614669366,7.280123494894755,90.56516136277767,0.45301137327417074,64.86156308875051,69.42077487038421,-944.441965732384,1364.3049328258703
2025-09-05 21:24:24.218000,-44.37471822849386,18.555738744455333,63.48481724068102,-14.333043117537452,-1.292216303283266,7.876588193584361,93.76439741008363,-0.03668033533507088,64.65797569205101,69.77784817734931,-944.3195165392533,1364.3139407341969
2025-09-05 21:24:24.218250,-47.22777461581574,23.69672126671329,67.7759653815373,-16.03463935609884,-1.1757324671763325,8.404682065762119,97.20147161226485,-0.6704042533491501,64.48549650904202,70.13822640382631,-944.1866747147349,1364.2678392807948
2025-09-05 21:24:24.218500,-50.12781004798325,29.02424483068202,72.15054835124477,-17.77967497183691,-1.0553160260913432,8.867792372023022,100.72014518435039,-1.4264483775294012,64.34444128517784,70.50264847934875,-944.0492588339937,1364.1832763997145
2025-09-05 21:24:24.218750,-52.94953241618645,34.403948243268765,76.46969959426,-19.5287398201387,-0.921214450728966,9.272147705185027,104.18291994207041,-2.2801756851079102,64.23468243297366,70.87148295428389,-943.9132242958971,1364.0830073438574
2025-09-05 21:24:24.219000,-55.58327440960199,39.720871850196964,80.6158724905995,-21.246043352217004,-0.7646601466837541,9.62423132195162,107.4744209021809,-3.2072949802890918,64.15576716270259,71.24475102008626,-943.7844018320618,1363.994957682411
2025-09-05 21:24:24.219250,-57.93953856135814,44.87372430505265,84.48504524467448,-22.90090969309476,-0.579537204696277,9.929213283848208,110.49249763286458,-4.185155173292568,64.10703462752433,71.6221296050517,-943.6682660103895,1363.9491823345224
2025-09-05 21:24:24.219500,-59.94291673797529,49.76336034246257,87.97349492275976,-24.46617808667892,-0.3623198856440202,10.19093667999515,113.13453692572672,-5.191976918362673,64.0876592737615,72.00295832384893,-943.5697359484277,1363.973951813734
2025-09-05 21:24:24.220000,-61.520624066198934,54.282878367293364,90.96730574776956,-25.914916973357414,-0.11067950816595229,10.41320145252004,115.28720992372752,-6.204951658167553,64.09660978738826,72.38624962328319,-943.4929739842715,1364.092128856757
2025-09-05 21:24:24.230375,-62.59259601309938,58.314860146261964,93.34018749648524,-27.217475499814235,0.1782614069472378,10.601506035651267,116.82497651193766,-7.198555494698048,64.13258406304796,72.77069458820591,-943.4411806417147,1364.3185004819024
2025-09-05 21:24:24.240750,-63.0683927997017,61.737616460103666,94.96114784856357,-28.34046207297102,0.5091058156061472,10.764335048895258,117.61849846473787,-8.14415808147208,64.19399406763348,73.15469163258356,-943.4164465544637,1364.6589943315284
2025-09-05 21:24:24.251125,-62.851075663087975,64.43705133036609,95.7081018177044,-29.24782691187898,0.8884970018295213,10.91363573887294,117.54864535664204,-9.011057694998772,64.2790154160018,73.5364192388275,-943.4196180591468,1365.1124181928462
2025-09-05 21:24:24.261500,-61.84477744990505,66.31878526092758,95.48152830976541,-29.903229000575255,1.3247978149452186,11.064660891124241,116.52003610218381,-9.768357546741322,64.3856487510213,73.91393084099022,-943.4500537819018,1365.6736407027292
2025-09-05 21:24:24.271875,-59.9648876962588,67.31882046689557,94.21619469313873,-30.273356918778802,1.8271768207779386,11.235177396532295,114.47221545012266,-10.387438618209659,64.51173393280281,74.285256873767,-943.5053569022681,1366.3359271128602
2025-09-05 21:24:24.282250,-57.15212572930058,67.41369731853182,91.89188199561846,-30.332428520794057,2.4038595159044527,11.443749677057662,111.38952582837982,-10.845230388125346,64.65490063146736,74.64852290379685,-943.5813070862401,1367.0912098379358
2025-09-05 21:24:24.303000,-53.38886494356856,66.6283035624459,88.54129145475481,-30.06730012202301,3.0596541462243705,11.707181118871455,107.30795339506476,-11.12790463408345,64.81248497026486,75.00207695725368,-943.6720723289981,1367.9290503422753
2025-09-05 21:24:24.308125,-48.711655911365995,65.0361968327309,84.24997276007619,-29.481441353414212,3.79353431930196,12.037858571656995,102.31397173639843,-11.233739222742399,64.98146912179145,75.34460804836058,-943.7706521220158,1368.8356165402438
2025-09-05 21:24:24.313250,-43.2136235620134,62.749199419866336,79.14509142365006,-28.595949169154274,4.597346868969463,12.442011142987948,96.53258317650203,-11.173900450814925,65.15849341713933,75.67524223611625,-943.8694498957843,1369.7932531402403
2025-09-05 21:24:24.318375,-37.03455559171133,59.89859226976937,73.37557900384073,-27.446915401492234,5.456300632151305,12.91956534994785,90.1074970218579,-10.970692277417731,65.33993990863699,75.99359649871045,-943.9608093306624,1370.7806080539222
2025-09-05 21:24:24.323500,-30.341407821772492,56.613964797241145,67.0899497613206,-26.079897357994206,6.351104389264787,13.465592472385888,83.17979921795572,-10.653732729151105,65.52203931731997,76.29978022178611,-944.0374002493461,1371.7731600442385
2025-09-05 21:24:24.328625,-23.30508634466297,53.0059842685346,60.41813319237971,-24.543196803688573,7.261007717117398,14.072722790903706,75.87122601703426,-10.255262778500313,65.70094835828944,76.5943585460922,-944.0925062524004,1372.7440167829263
2025-09-05 21:24:24.333750,-16.080652845301387,49.157927099529836,53.462295404356965,-22.882027513210453,8.166726023031416,14.733588247781064,68.27664623119469,-9.806178495675802,65.87275283836316,76.8782809485605,-944.1203268476617,1373.664874292058
2025-09-05 21:24:24.344000,-8.796914622764872,45.12799920003242,46.29900267300488,-21.135291264759655,9.052333829612323,15.442432067946148,60.467581428938225,-9.33395968858355,66.03339856978288,77.15274750633543,-944.1162976243679,1374.5071396123558
2025-09-05 21:24:24.347945,-1.5574981089080944,40.960580549119726,38.99097166551882,-19.335580576425468,9.905679370863073,16.195457708937063,52.504503294343365,-8.862608922724533,66.17864216481526,77.41900288636268,-944.0773407790577,1375.2434679764428
2025-09-05 21:24:24.351889,5.548890581688339,36.7013479451517,31.60290534184351,-17.511831866676626,10.717406383293557,16.989971645197468,44.452303667769115,-8.413955402607982,66.30412627923359,77.67811369787862,-944.0019820071192,1375.8499153766916
2025-09-05 21:24:24.355834,12.434928694962995,32.4089218406074,24.213461463146267,-15.693088048254829,11.479130066463693,17.82275170151701,36.39127964188216,-8.009442092988792,66.40559527050782,77.9308266360639,-943.8903209526029,1376.3083038614386
2025-09-05 21:24:24.359779,19.00572683805811,28.156141878795008,16.9162560341279,-13.911184903575723,12.181753237922791,18.68847430190341,28.416991768164806,-7.671295570166072,66.47916549608352,78.17754883324426,-943.7438887116788,1376.607950815468
2025-09-05 21:24:24.363724,25.16001720432415,24.02011947315029,9.80919853637512,-12.200631488909599,12.814931708466021,19.579143097772842,20.628793134520624,-7.422070030629159,66.52150884948237,78.41837781024435,-943.565482327385,1376.7460675104157
2025-09-05 21:24:24.367668,30.80116263200785,20.066973409899546,2.978334128921651,-10.595560671211667,13.368051780167136,20.484909442869085,13.113567962165593,-7.282402105201426,66.5298787968003,78.6530956008047,-943.3590510456239,1376.7266623862206
