timestamp,CH1,CH2,CH3,CH4,CH5,CH6,CH7,CH8,X,Y,Z,TEMP
2025-09-05 21:24:07.429000,-446.16,246.87,349.05,-125.19,-82.095,-49.335,295.425,-45.63,72,62,-944,1408
2025-09-05 21:24:07.431714,-241.8,-58.11,54.795,-70.005,-67.08,-26.130000000000003,5.265000000000001,-10.725,65,61,-947,1344
2025-09-05 21:24:07.434429,-8.775,-239.265,-133.965,1.17,-30.225,3.12,-164.38500000000002,32.175000000000004,65,61,-947,1344
2025-09-05 21:24:07.437143,180.375,-339.885,-232.245,62.400000000000006,2.9250000000000003,26.91,-260.13,68.25,64,69,-947,1408
2025-09-05 21:24:07.439857,379.275,-414.18,-310.05,114.465,31.395,54.99,-315.705,94.185,66,62,-944,1344
2025-09-05 21:24:07.442571,328.38,-238.095,-105.69,101.01,32.955,56.940000000000005,-98.475,75.075,67,59,-950,1280
2025-09-05 21:24:07.445286,143.91,29.445,156.0,50.7,20.475,43.68,147.42000000000002,40.95,67,57,-946,1344
2025-09-05 21:24:07.448000,-57.330000000000005,209.43,335.40000000000003,-2.73,-4.485,22.425,334.425,5.655,67,57,-946,1344
2025-09-05 21:24:07.453143,-272.61,378.105,498.615,-65.52,-29.835,6.045,506.415,-19.305,65,52,-947,1344
2025-09-05 21:24:07.458286,-458.25,250.38,340.47,-131.43,-74.10000000000001,-50.505,257.595,-59.28,60,57,-951,1344
2025-09-05 21:24:07.463429,-247.65,-44.85,48.945,-73.515,-52.65,-35.49,2.73,-18.915,64,59,-950,1408
2025-09-05 21:24:07.468571,-10.335,-232.83,-149.175,-5.265000000000001,-13.65,-3.315,-156.195,30.615,64,59,-950,1408
2025-09-05 21:24:07.473714,183.885,-322.92,-222.495,51.675,15.015,27.885,-273.975,60.45,66,58,-950,1408
2025-09-05 21:24:07.478857,383.76,-404.43,-294.255,110.565,44.85,58.5,-319.02000000000004,102.765,71,55,-942,1344
2025-09-05 21:24:07.484000,352.17,-196.365,-71.76,103.35,57.135000000000005,68.44500000000001,-71.76,97.5,74,54,-947,1344
2025-09-05 21:24:07.487000,172.965,43.68,169.455,53.04,41.73,55.575,166.53,68.055,71,53,-947,1344
2025-09-05 21:24:07.490000,376.545,-223.08,-174.13500000000002,104.52,55.185,73.32000000000001,-167.895,92.625,69,58,-944,1408
2025-09-05 21:24:07.493000,203.385,7.0200000000000005,78.97500000000001,57.135000000000005,44.655,61.620000000000005,41.925,63.57,65,54,-944,1408
2025-09-05 21:24:07.496000,-2.145,189.54,264.42,5.8500000000000005,17.16,31.395,237.315,25.545,60,54,-944,1344
2025-09-05 21:24:07.499000,-212.745,321.36,371.67,-58.695,-22.425,-0.78,365.43,-28.275,60,50,-945,1344
2025-09-05 21:24:07.502000,-428.805,420.615,419.445,-120.315,-65.52,-48.555,308.49,-78.78,65,50,-960,1344
2025-09-05 21:24:07.505000,-388.83,188.955,162.63,-116.805,-73.71000000000001,-53.625,92.625,-63.57,67,54,-952,1408
2025-09-05 21:24:07.505200,-177.255,-126.165,-189.93,-59.865,-52.455,-48.36,-355.485,-36.27,65,55,-952,1344
2025-09-05 21:24:07.505400,245.505,-218.595,-547.95,63.96,22.62,5.46,-649.35,51.09,64,60,-946,1344
2025-09-05 21:24:07.505600,61.23,36.465,-296.01,15.015,5.46,-10.335,-400.335,25.35,64,59,-946,1280
2025-09-05 21:24:07.505800,-140.79,193.245,-132.405,-47.775,-23.01,-30.81,-244.14,-13.65,62,61,-949,1408
2025-09-05 21:24:07.506000,-365.235,320.385,12.675,-111.735,-58.11,-65.13,-93.795,-62.010000000000005,62,61,-949,1408
2025-09-05 21:24:07.519500,-593.385,422.955,104.325,-183.3,-100.62,-109.59,-51.285,-113.295,64,61,-953,1344
2025-09-05 21:24:07.533000,-559.845,191.49,-130.845,-182.13,-107.445,-121.875,-291.52500000000003,-110.955,64,62,-952,1408
2025-09-05 21:24:07.538286,-353.925,-104.91,-439.335,-132.405,-90.87,-108.225,-591.825,-75.27,64,64,-951,1344
2025-09-05 21:24:07.543571,-514.41,112.905,-130.065,-179.595,-114.27,-113.295,-272.415,-109.2,71,61,-949,1408
2025-09-05 21:24:07.548857,-302.055,-186.42,-430.95,-124.215,-94.185,-97.89,-563.16,-69.22500000000001,68,62,-952,1408
2025-09-05 21:24:07.554143,-64.35000000000001,-379.275,-622.83,-63.18,-60.45,-68.25,-748.995,-28.275,65,60,-952,1472
2025-09-05 21:24:07.559429,139.035,-485.94,-713.895,-0.39,-28.275,-41.925,-844.74,14.82,65,60,-952,1472
2025-09-05 21:24:07.564714,340.47,-559.845,-788.97,58.89,7.800000000000001,-6.825,-877.695,56.940000000000005,64,67,-956,1344
2025-09-05 21:24:07.570000,323.31,-369.33,-561.015,58.89,21.255,8.58,-631.8000000000001,62.010000000000005,65,63,-952,1408
2025-09-05 21:24:07.574000,154.63500000000002,-117.78,-277.485,16.965,4.68,-3.12,-358.21500000000003,25.155,64,64,-952,1472
2025-09-05 21:24:07.578000,-35.49,66.3,-97.305,-37.245000000000005,-17.16,-27.495,-179.595,-8.385,63,63,-951,1280
2025-09-05 21:24:07.582000,-250.965,206.505,39.78,-97.89,-44.46,-52.65,-29.25,-55.77,63,63,-951,1280
2025-09-05 21:24:07.586000,-472.875,311.22,145.275,-174.72,-89.895,-101.205,30.615,-123.045,68,59,-952,1344
2025-09-05 21:24:07.590000,-447.135,72.735,-95.94,-165.165,-103.35,-113.1,-216.255,-134.35500000000002,59,58,-951,1408
2025-09-05 21:24:07.594000,-236.925,-215.085,-377.52,-108.81,-83.85000000000001,-92.82,-492.375,-92.625,65,61,-952,1344
2025-09-05 21:24:07.598000,2.73,-401.115,-563.745,-34.905,-42.120000000000005,-64.35000000000001,-659.6850000000001,-50.115,66,61,-953,1344
2025-09-05 21:24:07.599714,211.575,-474.435,-620.2950000000001,33.15,-7.41,-19.89,-704.145,16.77,66,61,-953,1344
2025-09-05 21:24:07.601429,410.67,-357.045,-459.615,97.11,44.655,23.205,-500.175,67.08,63,61,-951,1344
2025-09-05 21:24:07.603143,244.725,-100.035,-181.155,48.945,41.925,17.16,-229.32,45.24,64,63,-949,1408
2025-09-05 21:24:07.604857,46.995000000000005,87.75,10.14,-2.535,11.7,-4.875,-43.095,12.285,62,66,-948,1344
2025-09-05 21:24:07.606571,-160.095,210.21,156.39,-66.495,-18.33,-31.785,106.08,-39.0,62,66,-948,1344
2025-09-05 21:24:07.608286,-378.105,328.185,266.175,-133.77,-63.765,-72.345,186.225,-79.56,68,61,-945,1280
2025-09-05 21:24:07.610000,-347.1,115.05,41.145,-127.335,-69.61500000000001,-81.315,-46.215,-79.75500000000001,69,62,-948,1344
2025-09-05 21:24:07.612714,-137.475,-175.695,-246.87,-70.98,-51.675,-63.765,-320.58,-36.27,66,63,-946,1408
2025-09-05 21:24:07.615429,99.06,-360.36,-411.84,4.485,-13.845,-30.42,-471.9,12.48,64,63,-947,1344
2025-09-05 21:24:07.618143,301.86,-455.715,-500.565,65.13,21.84,4.68,-553.215,52.845,64,63,-947,1344
2025-09-05 21:24:07.620857,514.215,-535.86,-581.2950000000001,126.75,48.75,26.715,-599.625,82.095,60,60,-957,1344
2025-09-05 21:24:07.623571,488.085,-359.97,-366.21,116.22,50.505,41.535,-375.96,65.715,63,52,-954,1344
2025-09-05 21:24:07.626286,320.77500000000003,-98.085,-93.21,75.465,42.120000000000005,34.125,-109.005,31.785,61,57,-951,1344
2025-09-05 21:24:07.629000,113.1,83.07000000000001,100.815,16.77,14.04,6.24,75.075,-11.31,64,57,-954,1344
2025-09-05 21:24:07.633143,-101.205,254.67,287.43,-42.120000000000005,-7.605,-6.4350000000000005,263.055,-25.74,64,57,-954,1344
2025-09-05 21:24:07.637286,-293.28000000000003,161.265,183.105,-106.08,-51.48,-54.795,110.175,-66.885,60,59,-960,1344
2025-09-05 21:24:07.641429,-79.36500000000001,-122.655,-109.98,-46.995000000000005,-25.935,-33.15,-176.865,-23.595,60,60,-955,1344
2025-09-05 21:24:07.645571,157.17000000000002,-302.445,-288.795,21.645,4.485,-6.4350000000000005,-335.01,23.4,62,60,-949,1344
2025-09-05 21:24:07.649714,353.34000000000003,-389.805,-368.94,80.925,33.15,24.96,-401.505,60.255,62,60,-949,1344
2025-09-05 21:24:07.653857,559.455,-470.73,-438.945,140.01,67.665,57.525,-450.06,102.57,67,63,-965,1344
2025-09-05 21:24:07.658000,539.955,-267.15000000000003,-221.13,140.595,81.705,67.86,-210.6,104.13,69,59,-954,1344
2025-09-05 21:24:07.662714,353.535,-8.58,58.5,94.575,69.03,52.65,55.38,72.15,64,62,-949,1280
2025-09-05 21:24:07.667429,514.995,-212.355,-113.685,145.47,85.995,69.03,-87.165,111.54,64,61,-942,1344
2025-09-05 21:24:07.672143,337.935,35.49,151.71,96.72,73.71000000000001,60.255,163.995,87.555,65,62,-947,1344
2025-09-05 21:24:07.676857,128.895,227.37,343.005,43.875,48.36,38.415,356.07,49.335,63,62,-948,1344
2025-09-05 21:24:07.681571,-97.5,374.205,497.64,-24.375,17.745,11.7,511.485,0.585,63,62,-948,1344
2025-09-05 21:24:07.686286,-333.84000000000003,486.915,608.01,-95.55,-26.715,-21.645,580.125,-43.095,67,59,-947,1280
2025-09-05 21:24:07.691000,-306.93,273.39,378.3,-90.675,-36.66,-40.17,347.88,-44.85,68,64,-950,1344
2025-09-05 21:24:07.694857,-108.615,-27.885,83.265,-39.39,-26.130000000000003,-23.205,69.81,-9.555,68,66,-949,1344
2025-09-05 21:24:07.698714,118.95,-209.235,-99.84,28.47,4.29,8.58,-115.245,34.515,65,64,-945,1408
2025-09-05 21:24:07.702571,315.12,-291.915,-184.47,85.215,41.34,34.905,-187.98,74.49000000000001,65,64,-945,1408
2025-09-05 21:24:07.706429,510.9,-384.15,-271.635,140.205,68.64,63.96,-245.895,105.69,64,70,-951,1344
2025-09-05 21:24:07.710286,471.9,-199.875,-71.175,128.895,78.78,75.075,-23.985,90.09,74,61,-949,1344
2025-09-05 21:24:07.714143,293.28000000000003,54.795,198.9,79.17,66.105,59.085,227.76,51.870000000000005,72,60,-948,1280
2025-09-05 21:24:07.718000,83.46000000000001,247.26,382.59,21.84,34.905,40.56,405.015,21.06,72,63,-949,1344
2025-09-05 21:24:07.718143,-129.87,417.69,556.53,-31.005000000000003,7.605,22.23,591.63,5.46,72,63,-949,1344
2025-09-05 21:24:07.718286,-338.13,313.755,441.09,-100.62,-44.46,-33.15,416.91,-40.365,65,63,-954,1344
2025-09-05 21:24:07.718429,-144.885,17.55,123.63,-47.385000000000005,-22.815,-13.65,117.39,-10.725,68,67,-951,1408
2025-09-05 21:24:07.718571,82.095,-171.79500000000002,-65.325,19.89,9.945,9.555,-57.915,33.735,67,62,-947,1344
2025-09-05 21:24:07.718714,282.555,-273.39,-153.07500000000002,75.66,37.05,40.17,-145.47,77.61,67,62,-947,1344
2025-09-05 21:24:07.718857,483.795,-353.925,-239.655,137.865,73.125,68.055,-209.04,118.755,63,65,-940,1344
2025-09-05 21:24:07.719000,463.125,-174.33,-36.27,134.16,80.535,75.66,6.4350000000000005,117.585,68,61,-950,1344
2025-09-05 21:24:07.723571,284.7,84.045,227.37,87.36,66.495,62.79,259.15500000000003,88.53,65,61,-950,1344
2025-09-05 21:24:07.728143,437.385,-184.86,-41.73,123.045,68.83500000000001,79.95,-1.755,113.49,69,64,-948,1344
2025-09-05 21:24:07.732714,261.69,76.44,225.42,78.19500000000001,54.99,66.885,252.525,82.485,68,61,-951,1280
2025-09-05 21:24:07.737286,60.06,257.40000000000003,407.745,17.355,30.42,46.41,425.88,46.215,68,61,-953,1344
2025-09-05 21:24:07.741857,-166.335,392.34,536.445,-53.04,-9.555,13.065,556.14,0.0,68,61,-953,1344
2025-09-05 21:24:07.746429,-406.77,508.365,635.505,-119.34,-50.7,-28.86,621.27,-54.015,67,60,-946,1344
2025-09-05 21:24:07.751000,-390.585,283.92,396.435,-118.755,-58.695,-46.995000000000005,362.505,-53.625,59,62,-960,1408
2025-09-05 21:24:07.754571,-193.83,-5.07,96.525,-62.400000000000006,-36.27,-31.98,74.295,-26.715,66,60,-952,1344
2025-09-05 21:24:07.758143,-408.915,271.44,387.66,-123.435,-53.04,-47.97,355.485,-69.42,69,67,-950,1280
2025-09-05 21:24:07.761714,-212.745,-23.205,90.285,-67.665,-33.93,-36.66,63.18,-36.075,65,64,-949,1408
2025-09-05 21:24:07.765286,23.79,-207.675,-102.96,-5.07,2.9250000000000003,-7.215,-120.315,10.92,69,64,-949,1344
2025-09-05 21:24:07.768857,219.765,-301.27500000000003,-195.195,55.185,31.005000000000003,23.01,-197.535,49.335,69,64,-949,1408
2025-09-05 21:24:07.772429,423.345,-385.71,-281.19,115.44,67.86,46.8,-263.25,97.5,71,66,-945,1408
2025-09-05 21:24:07.776000,404.04,-216.255,-104.91,112.125,80.34,59.085,-56.745000000000005,92.04,70,61,-944,1344
2025-09-05 21:24:07.780429,228.735,35.49,163.215,68.25,65.325,49.335,196.755,59.67,64,62,-945,1344
2025-09-05 21:24:07.784857,-447.33,257.40000000000003,344.175,-132.405,-51.675,-62.010000000000005,324.09000000000003,-92.235,69,58,-964,1344
2025-09-05 21:24:07.789286,-250.185,-41.145,48.945,-80.145,-28.86,-41.925,32.565,-53.43,66,58,-955,1280
2025-09-05 21:24:07.793714,-18.33,-231.855,-132.6,-10.53,-0.195,-8.19,-139.62,-6.24,63,59,-951,1280
2025-09-05 21:24:07.798143,180.375,-321.165,-240.045,47.97,31.005000000000003,15.405,-236.73,32.565,66,63,-951,1344
2025-09-05 21:24:07.802571,388.05,-409.11,-327.015,112.71,64.545,45.825,-297.96000000000004,79.17,66,63,-951,1344
2025-09-05 21:24:07.807000,374.595,-237.12,-132.21,115.635,76.05,59.085,-85.215,77.415,69,62,-945,1280
2025-09-05 21:24:07.811571,206.115,21.84,137.475,65.715,58.89,51.48,165.75,46.215,71,62,-948,1408
2025-09-05 21:24:07.816143,397.8,-241.995,-139.035,123.045,79.36500000000001,58.305,-96.915,75.075,70,60,-941,1344
2025-09-05 21:24:07.820714,226.2,25.155,119.535,71.955,70.59,54.21,159.9,50.505,68,60,-942,1408
2025-09-05 21:24:07.825286,23.985,199.875,303.225,14.82,39.39,24.57,332.28000000000003,8.58,64,57,-945,1408
2025-09-05 21:24:07.829857,-206.115,333.64500000000004,433.29,-56.16,7.800000000000001,-8.58,463.32,-43.29,64,59,-943,1408
2025-09-05 21:24:07.834429,-448.89,459.615,557.3100000000001,-124.8,-39.0,-43.095,553.215,-84.63000000000001,64,59,-943,1408
2025-09-05 21:24:07.839000,-429.78,252.33,324.09000000000003,-125.58,-53.82,-58.89,305.76,-88.14,65,68,-947,1344
2025-09-05 21:24:07.840286,-235.17,-46.995000000000005,20.085,-77.415,-38.805,-47.97,-0.975,-50.895,67,66,-946,1344
2025-09-05 21:24:07.841571,-447.72,243.36,330.52500000000003,-140.01,-60.84,-58.305,299.91,-82.875,60,67,-946,1344
2025-09-05 21:24:07.842857,-249.015,-48.555,27.495,-80.34,-45.24,-46.995000000000005,5.07,-44.46,63,61,-944,1408
2025-09-05 21:24:07.844143,-15.99,-234.975,-173.35500000000002,-14.04,-13.65,-19.695,-176.28,3.705,60,65,-945,1408
2025-09-05 21:24:07.845429,179.01000000000002,-343.2,-281.385,48.555,15.21,10.725,-289.38,38.61,62,65,-945,1280
2025-09-05 21:24:07.846714,385.905,-425.685,-368.16,115.44,53.82,41.925,-342.42,85.02,62,65,-945,1280
2025-09-05 21:24:07.848000,375.375,-249.405,-171.79500000000002,115.245,64.155,57.330000000000005,-131.43,85.8,75,61,-943,1344
2025-09-05 21:24:07.848250,203.58,-4.29,83.07000000000001,74.88,46.215,50.7,117.78,53.82,68,66,-947,1408
2025-09-05 21:24:07.848500,-460.59,257.40000000000003,310.44,-122.07,-61.035,-65.715,274.56,-83.655,67,57,-942,1408
2025-09-05 21:24:07.848750,-260.52,-28.665000000000003,10.335,-70.005,-42.9,-48.555,-37.245000000000005,-52.455,69,58,-952,1408
2025-09-05 21:24:07.849000,-33.15,-224.25,-191.295,4.29,-8.775,-20.67,-224.445,-2.145,67,58,-951,1344
2025-09-05 21:24:07.856000,164.775,-324.285,-289.575,60.84,20.865,14.43,-317.46000000000004,25.155,70,52,-951,1344
2025-09-05 21:24:07.863000,371.865,-404.625,-367.185,125.385,54.015,45.825,-371.475,73.71000000000001,70,52,-951,1344
2025-09-05 21:24:07.870000,364.455,-240.435,-174.525,125.385,69.03,57.72,-170.625,77.805,71,54,-962,1408
2025-09-05 21:24:07.873714,190.905,10.53,85.02,78.58500000000001,51.675,42.9,81.315,52.65,61,54,-948,1344
2025-09-05 21:24:07.877429,369.525,-206.31,-169.26000000000002,118.755,63.765,52.260000000000005,-142.54500000000002,89.11500000000001,69,64,-961,1344
2025-09-05 21:24:07.881143,198.12,46.995000000000005,90.09,73.71000000000001,47.190000000000005,41.535,103.545,61.815000000000005,65,64,-955,1344
2025-09-05 21:24:07.884857,2.73,211.965,262.27500000000003,14.235,19.89,16.965,271.83,24.57,63,60,-952,1408
2025-09-05 21:24:07.888571,-223.86,356.46000000000004,398.97,-48.36,-16.965,-13.455,403.845,-21.255,60,59,-949,1408
2025-09-05 21:24:07.892286,-464.685,498.03,534.495,-122.655,-59.085,-41.73,515.97,-70.59,60,59,-949,1408
2025-09-05 21:24:07.896000,-457.275,304.59000000000003,313.17,-122.655,-78.97500000000001,-56.940000000000005,275.73,-67.08,60,67,-945,1344
2025-09-05 21:24:07.896500,-265.98,10.92,4.29,-71.76,-61.815000000000005,-47.385000000000005,-32.175000000000004,-33.735,63,60,-944,1408
2025-09-05 21:24:07.897000,-453.96,317.265,320.97,-130.845,-83.655,-60.45,269.685,-72.93,61,60,-942,1280
2025-09-05 21:24:07.897400,-260.325,24.765,19.89,-79.36500000000001,-66.69,-45.24,-17.94,-38.025,65,58,-953,1344
2025-09-05 21:24:07.897800,-27.495,-185.25,-192.465,-6.825,-35.49,-15.6,-214.89,6.24,64,59,-948,1344
2025-09-05 21:24:07.898200,167.115,-286.26,-283.14,47.775,2.145,12.87,-288.99,46.8,62,58,-947,1344
2025-09-05 21:24:07.898600,371.475,-366.21,-367.575,107.445,34.125,43.29,-358.02000000000004,92.235,62,58,-947,1344
2025-09-05 21:24:07.899000,372.645,-194.805,-181.935,106.08,48.945,57.525,-152.88,95.355,62,63,-950,1344
2025-09-05 21:24:07.905429,205.53,47.775,57.135000000000005,68.83500000000001,32.76,45.825,80.925,60.255,55,57,-938,1344
2025-09-05 21:24:07.911857,374.4,-220.935,-231.465,111.54,49.335,56.55,-230.1,82.485,56,62,-946,1344
2025-09-05 21:24:07.918286,209.625,22.815,20.67,66.105,33.54,52.260000000000005,41.535,60.255,65,57,-947,1408
2025-09-05 21:24:07.924714,12.675,198.51,187.2,13.065,5.07,28.665000000000003,201.045,16.38,66,59,-949,1344
2025-09-05 21:24:07.931143,-207.675,340.47,327.795,-55.185,-30.615,-2.145,332.475,-34.905,67,59,-947,1408
2025-09-05 21:24:07.937571,-446.16,469.17,463.905,-129.09,-70.2,-34.32,450.84,-71.565,63,59,-947,1344
2025-09-05 21:24:07.944000,-438.36,260.325,235.17,-133.38,-83.265,-49.14,208.065,-77.805,63,60,-947,1344
2025-09-05 21:24:07.945286,-241.215,-30.225,-107.055,-77.61,-69.03,-41.535,-160.29,-48.165,63,61,-957,1344
2025-09-05 21:24:07.946571,-345.345,197.73,54.99,-109.785,-74.685,-65.715,-81.9,-97.305,69,56,-947,1408
2025-09-05 21:24:07.947857,-148.785,-121.095,-325.065,-52.65,-59.67,-53.625,-449.865,-54.21,70,59,-952,1408
2025-09-05 21:24:07.949143,98.67,-320.97,-507.78,18.33,-20.475,-16.575,-540.54,-8.385,67,61,-948,1280
2025-09-05 21:24:07.950429,308.1,-407.94,-650.715,75.465,9.165,-0.975,-730.6650000000001,23.985,70,56,-950,1408
2025-09-05 21:24:07.951714,515.775,-481.845,-849.615,134.35500000000002,41.925,18.525,-1034.28,51.675,68,59,-951,1344
2025-09-05 21:24:07.953000,514.995,-308.685,-610.9350000000001,142.54500000000002,61.035,48.36,-634.335,68.64,68,59,-951,1344
2025-09-05 21:24:07.958714,333.06,-47.190000000000005,-258.96000000000004,93.795,49.53,46.605,-195.975,50.31,75,61,-954,1344
2025-09-05 21:24:07.964429,329.355,-147.615,-544.83,76.245,30.03,24.375,-630.0450000000001,49.725,71,58,-946,1344
2025-09-05 21:24:07.970143,146.445,82.095,-305.565,27.885,14.235,14.82,-395.265,18.915,71,61,-954,1344
2025-09-05 21:24:07.975857,-66.3,263.64,-151.125,-35.1,-15.21,-16.38,-230.685,-17.745,75,64,-951,1408
2025-09-05 21:24:07.981571,-294.45,391.365,-33.345,-102.375,-49.92,-47.97,-104.52,-70.59,70,63,-949,1344
2025-09-05 21:24:07.987286,-550.485,530.4,76.05,-180.18,-90.48,-101.205,-114.27,-124.605,69,61,-945,1280
2025-09-05 21:24:07.993000,-552.0450000000001,307.32,-112.71,-190.125,-109.005,-106.665,-211.965,-123.24,69,61,-945,1280
2025-09-05 21:24:07.993250,-369.72,-2.34,-402.48,-152.1,-96.72,-90.675,-498.81,-94.38,72,60,-945,1344
2025-09-05 21:24:07.993500,-401.895,139.23000000000002,-46.02,-147.03,-104.91,-66.105,-119.34,-104.325,59,59,-946,1280
2025-09-05 21:24:07.993750,-210.795,-164.775,-333.45,-93.405,-83.85000000000001,-53.235,-402.87,-66.69,56,68,-934,1344
2025-09-05 21:24:07.994000,37.83,-374.205,-532.35,-26.325,-55.575,-23.4,-579.54,-20.475,60,62,-937,1408
2025-09-05 21:24:08.002667,253.89,-482.04,-623.025,31.005000000000003,-23.205,8.19,-683.865,21.06,58,62,-945,1344
2025-09-05 21:24:08.011333,469.755,-557.505,-703.95,100.035,22.035,37.05,-741.0,64.545,58,61,-947,1344
2025-09-05 21:24:08.020000,486.135,-387.27,-512.85,107.835,36.66,51.48,-526.5,75.66,58,61,-947,1344
2025-09-05 21:24:08.021857,333.06,-147.225,-243.36,62.79,22.23,42.705,-262.27500000000003,45.435,66,60,-954,1408
2025-09-05 21:24:08.023714,562.965,-366.015,-399.36,130.455,47.775,74.685,-366.795,91.065,61,60,-951,1408
2025-09-05 21:24:08.025571,401.505,-115.83,-121.485,95.745,36.855,69.81,-103.74,63.96,65,61,-958,1280
2025-09-05 21:24:08.027429,209.04,73.905,78.58500000000001,34.125,15.015,45.045,96.135,23.01,64,66,-951,1344
2025-09-05 21:24:08.029286,-15.795,232.44,247.65,-31.395,-16.965,20.865,256.815,-16.185000000000002,66,61,-950,1408
2025-09-05 21:24:08.031143,-261.3,374.205,398.385,-101.01,-59.475,-12.48,378.885,-64.545,65,58,-951,1280
2025-09-05 21:24:08.033000,-262.665,189.93,189.54,-113.295,-72.735,-31.200000000000003,162.82500000000002,-67.665,65,58,-951,1280
2025-09-05 21:24:08.034857,-81.12,-102.765,-103.155,-61.815000000000005,-59.67,-12.87,-127.725,-41.535,64,64,-952,1408
2025-09-05 21:24:08.036714,-270.27,283.14,351.58500000000004,-106.665,-55.77,-17.16,334.815,-45.825,71,54,-950,1344
2025-09-05 21:24:08.038571,-82.29,1.17,53.43,-56.16,-40.95,-5.46,36.66,-14.82,64,61,-947,1344
2025-09-05 21:24:08.040429,152.88,-197.925,-147.03,8.775,-10.14,25.35,-149.565,35.49,74,63,-958,1344
2025-09-05 21:24:08.042286,359.19,-300.885,-250.38,62.79,12.675,54.99,-230.295,74.49000000000001,73,62,-955,1344
2025-09-05 21:24:08.044143,568.815,-378.69,-327.21000000000004,126.945,52.260000000000005,86.775,-301.27500000000003,118.95,73,64,-950,1408
2025-09-05 21:24:08.046000,577.2,-218.985,-137.085,142.155,70.395,98.67,-85.995,119.925,73,64,-950,1408
2025-09-05 21:24:08.046250,410.67,33.345,135.72,95.94,55.185,97.5,176.475,94.185,81,60,-951,1344
2025-09-05 21:24:08.046500,202.02,215.865,324.675,41.535,27.885,70.59,351.195,62.010000000000005,74,63,-939,1344
2025-09-05 21:24:08.046750,-23.01,366.795,473.85,-30.03,-3.705,40.365,501.93,11.7,76,62,-944,1344
2025-09-05 21:24:08.047000,-274.755,515.97,622.0500000000001,-105.495,-47.190000000000005,-2.34,622.44,-49.335,73,61,-945,1344
2025-09-05 21:24:08.061000,-300.3,320.58,414.375,-122.46,-72.735,-26.715,393.705,-71.955,73,61,-945,1344
2025-09-05 21:24:08.075000,-122.85,36.855,121.68,-74.49000000000001,-51.870000000000005,-11.7,102.765,-48.75,73,65,-952,1344
2025-09-05 21:24:08.089000,108.225,-164.38500000000002,-80.73,-9.945,-22.62,16.575,-80.535,3.12,77,62,-950,1408
2025-09-05 21:24:08.091143,317.85,-249.795,-149.955,62.205000000000005,20.085,55.965,-142.74,68.44500000000001,78,62,-949,1408
2025-09-05 21:24:08.093286,540.9300000000001,-170.82,-63.375,132.405,70.005,110.37,-14.235,124.995,70,58,-946,1344
2025-09-05 21:24:08.095429,374.595,83.265,213.72,86.58,57.135000000000005,101.205,255.06,99.06,71,51,-948,1408
2025-09-05 21:24:08.097571,170.04,264.42,394.29,32.370000000000005,31.98,72.54,434.655,58.89,68,57,-962,1344
2025-09-05 21:24:08.099714,-66.105,403.26,531.375,-32.370000000000005,1.755,42.9,577.2,19.695,73,56,-956,1408
2025-09-05 21:24:08.101857,-314.34000000000003,547.755,675.48,-105.105,-38.22,5.655,700.0500000000001,-30.615,70,54,-955,1280
2025-09-05 21:24:08.104000,-331.695,363.675,472.485,-115.245,-55.965,-20.085,477.165,-34.125,70,54,-955,1344
2025-09-05 21:24:08.109571,-156.195,72.54,173.94,-73.515,-44.07,-5.655,174.525,-3.9,68,55,-947,1344
2025-09-05 21:24:08.115143,-374.01,382.59,501.54,-125.58,-50.115,-15.99,497.64,-45.825,70,59,-948,1344
2025-09-05 21:24:08.120714,-190.125,85.995,188.565,-79.75500000000001,-39.78,-5.46,193.245,-9.945,71,61,-949,1344
2025-09-05 21:24:08.126286,40.95,-119.145,-21.84,-13.065,-4.68,24.57,7.215,30.615,72,57,-943,1344
2025-09-05 21:24:08.131857,245.895,-219.18,-121.68,48.555,27.69,53.43,-84.24000000000001,69.61500000000001,69,59,-944,1344
2025-09-05 21:24:08.137429,452.205,-322.53000000000003,-219.18,109.59,64.155,84.045,-164.775,114.855,72,59,-946,1280
2025-09-05 21:24:08.143000,466.635,-166.92000000000002,-40.755,117.78,81.51,97.695,37.245000000000005,117.585,68,59,-946,1344
2025-09-05 21:24:08.143500,297.18,76.44,209.43,74.295,64.935,86.58,273.39,89.50500000000001,68,59,-946,1344
2025-09-05 21:24:08.144000,93.795,256.815,390.585,17.16,43.095,63.96,453.765,53.04,67,64,-942,1344
2025-09-05 21:24:08.147600,-130.845,411.84,540.54,-46.02,9.945,32.565,601.38,5.655,71,60,-948,1344
2025-09-05 21:24:08.151200,-382.005,540.15,665.145,-123.825,-32.370000000000005,-9.75,704.9250000000001,-57.72,69,57,-946,1408
2025-09-05 21:24:08.154800,-406.965,364.26,460.395,-142.935,-58.5,-37.83,481.065,-85.41,68,63,-948,1408
2025-09-05 21:24:08.158400,-235.755,68.25,159.705,-88.33500000000001,-45.24,-23.4,178.425,-53.04,68,63,-948,1408
2025-09-05 21:24:08.162000,-4.68,-139.815,-51.675,-25.74,-13.845,4.68,-15.21,-13.455,78,60,-942,1408
2025-09-05 21:24:08.163000,209.82,-234.39,-135.525,43.29,25.35,46.02,-81.12,54.015,78,62,-946,1344
2025-09-05 21:24:08.168500,433.095,-163.60500000000002,-45.435,106.86,76.05,92.235,23.79,107.055,68,61,-942,1408
2025-09-05 21:24:08.174000,271.635,88.14,218.01,61.23,64.35000000000001,85.215,287.235,82.68,68,61,-942,1408
2025-09-05 21:24:08.179500,64.74000000000001,272.415,404.235,5.07,39.975,57.72,464.88,48.165,67,62,-945,1408
2025-09-05 21:24:08.185000,-156.39,415.155,546.39,-55.38,4.29,27.3,605.085,-7.0200000000000005,67,61,-944,1408
2025-09-05 21:24:08.190500,-411.06,559.065,691.6650000000001,-128.895,-33.93,-11.505,720.33,-61.815000000000005,65,60,-945,1344
2025-09-05 21:24:08.196000,-429.0,374.985,493.545,-136.695,-56.16,-28.275,498.81,-68.25,62,58,-953,1344
2025-09-05 21:24:08.196429,-251.16,70.59,177.45000000000002,-86.58,-39.975,-16.965,191.685,-39.975,62,58,-953,1344
2025-09-05 21:24:08.196857,-440.895,373.425,475.41,-142.54500000000002,-56.355,-24.765,480.675,-95.355,67,61,-939,1408
2025-09-05 21:24:08.197286,-262.665,61.815000000000005,168.87,-98.085,-36.075,-15.21,174.915,-55.38,67,61,-939,1408
2025-09-05 21:24:08.197714,-28.86,-146.25,-42.9,-36.465,-7.995,13.26,-19.89,-8.19,70,61,-943,1408
2025-09-05 21:24:08.198143,173.745,-258.375,-155.22,28.665000000000003,19.695,41.34,-118.365,25.935,68,62,-942,1344
2025-09-05 21:24:08.198571,382.395,-343.005,-253.5,92.625,54.6,77.22,-211.965,74.10000000000001,66,59,-942,1408
2025-09-05 21:24:08.199000,406.185,-193.245,-86.58,105.69,70.395,89.7,-22.815,79.56,67,56,-942,1408
2025-09-05 21:24:08.205286,248.43,56.355,177.645,65.13,59.67,76.05,241.215,51.285,67,56,-942,1408
2025-09-05 21:24:08.211571,41.73,239.46,373.425,4.875,33.93,55.77,418.47,17.355,58,60,-945,1408
2025-09-05 21:24:08.217857,-178.035,392.925,534.69,-56.940000000000005,4.485,26.715,578.955,-25.155,63,58,-944,1280
2025-09-05 21:24:08.224143,-435.825,552.4350000000001,667.2900000000001,-141.96,-45.435,-15.99,677.82,-98.67,66,58,-946,1344
2025-09-05 21:24:08.230429,-461.37,360.165,452.79,-151.125,-61.815000000000005,-35.49,453.375,-111.735,70,63,-945,1280
2025-09-05 21:24:08.236714,-273.58500000000004,81.705,173.55,-91.26,-42.120000000000005,-19.305,173.745,-56.940000000000005,70,63,-945,1280
2025-09-05 21:24:08.243000,-39.78,-127.53,-44.07,-24.765,-8.97,2.535,-29.835,-19.11,75,61,-952,1280
2025-09-05 21:24:08.244429,165.165,-243.75,-158.73000000000002,34.125,25.935,31.59,-132.21,29.25,72,60,-948,1344
2025-09-05 21:24:08.245857,-460.395,343.2,444.6,-139.425,-73.515,-46.8,445.965,-91.65,71,59,-944,1344
2025-09-05 21:24:08.247286,-288.99,52.845,140.985,-95.94,-58.695,-33.345,142.74,-56.745000000000005,71,59,-944,1344
2025-09-05 21:24:08.248714,-57.135000000000005,-163.995,-80.535,-25.935,-23.985,-5.265000000000001,-60.255,-16.575,79,59,-946,1408
2025-09-05 21:24:08.250143,151.71,-271.245,-195.195,30.03,4.68,18.135,-161.655,25.545,72,67,-946,1344
2025-09-05 21:24:08.251571,357.435,-377.52,-286.455,94.185,34.125,51.285,-248.82,67.665,70,65,-947,1344
2025-09-05 21:24:08.253000,382.59,-218.595,-122.655,105.69,57.915,73.32000000000001,-50.115,64.935,68,64,-951,1408
2025-09-05 21:24:08.266714,225.81,42.315000000000005,135.135,66.885,44.46,60.84,190.125,38.61,68,64,-951,1408
2025-09-05 21:24:08.280429,378.105,-219.96,-134.55,107.445,59.28,63.375,-72.15,76.05,66,62,-950,1408
2025-09-05 21:24:08.294143,226.59,36.27,125.58,63.765,57.135000000000005,60.645,187.98,55.185,66,62,-950,1408
2025-09-05 21:24:08.307857,24.375,226.005,312.58500000000004,12.285,32.175000000000004,35.685,363.675,21.645,67,65,-942,1408
2025-09-05 21:24:08.321571,-197.145,373.23,455.91,-55.38,-3.315,4.485,506.61,-25.935,67,59,-953,1344
2025-09-05 21:24:08.335286,-442.65,515.58,598.845,-130.26,-48.36,-36.075,619.71,-78.78,69,61,-952,1408
2025-09-05 21:24:08.349000,-464.1,342.81,404.43,-138.84,-68.055,-56.745000000000005,405.015,-85.8,67,61,-951,1344
2025-09-05 21:24:08.349286,-294.255,54.015,109.59,-84.435,-54.99,-38.805,111.15,-59.475,67,61,-951,1344
2025-09-05 21:24:08.349571,-58.11,-165.945,-115.635,-23.205,-18.525,-7.215,-94.38,-10.53,66,59,-951,1344
2025-09-05 21:24:08.349857,143.715,-289.77,-240.045,32.955,12.87,13.26,-200.07,31.59,64,59,-950,1280
2025-09-05 21:24:08.350143,347.49,-390.975,-343.2,95.16,38.805,39.39,-302.64,68.64,63,62,-947,1344
2025-09-05 21:24:08.350429,359.97,-256.425,-179.595,104.91,47.97,55.38,-119.34,63.765,63,62,-951,1408
2025-09-05 21:24:08.350714,226.395,29.64,109.98,75.855,42.9,54.405,164.19,63.765,63,62,-951,1408
2025-09-05 21:24:08.351000,23.985,219.18,287.625,19.695,18.525,31.59,346.90500000000003,19.89,57,61,-960,1408
2025-09-05 21:24:08.355286,-200.07,362.505,425.685,-46.41,-13.845,0.585,495.885,-16.38,63,63,-962,1280
2025-09-05 21:24:08.359571,404.625,-228.15,-249.99,108.42,63.96,61.23,-202.605,69.03,66,63,-949,1344
2025-09-05 21:24:08.363857,258.57,1.56,19.5,69.42,48.165,53.43,72.15,51.675,66,63,-949,1344
2025-09-05 21:24:08.368143,60.06,189.15,183.105,13.845,20.28,29.445,193.83,10.53,65,68,-946,1344
2025-09-05 21:24:08.372429,-155.805,342.03000000000003,326.625,-52.455,-13.845,-1.95,302.445,-34.905,72,59,-957,1344
2025-09-05 21:24:08.376714,-400.725,482.82,447.72,-129.48000000000002,-53.04,-35.49,466.245,-77.805,70,61,-953,1344
2025-09-05 21:24:08.381000,-421.59,311.22,298.74,-142.54500000000002,-65.325,-50.7,287.625,-85.605,70,59,-949,1344
2025-09-05 21:24:08.384714,-241.8,10.725,-37.05,-94.77,-50.7,-45.63,-98.865,-61.620000000000005,70,59,-949,1344
2025-09-05 21:24:08.388429,5.655,-226.395,-323.115,-26.91,-23.595,-19.695,-292.305,-11.7,78,57,-946,1408
2025-09-05 21:24:08.392143,226.785,-353.925,-397.605,40.56,8.97,17.16,-337.935,30.42,72,63,-945,1344
2025-09-05 21:24:08.395857,439.14,-466.635,-552.63,100.425,39.585,32.370000000000005,-565.3050000000001,49.335,68,65,-945,1344
2025-09-05 21:24:08.399571,466.635,-333.64500000000004,-421.785,117.585,53.235,47.190000000000005,-400.14,40.95,67,62,-944,1344
2025-09-05 21:24:08.403286,325.845,-81.12,-158.535,86.58,45.24,46.02,-108.615,18.33,67,62,-944,1344
2025-09-05 21:24:08.407000,134.94,99.255,4.095,26.52,13.455,13.65,-25.935,-16.185000000000002,77,60,-945,1344
2025-09-05 21:24:08.412000,-67.665,259.35,165.75,-31.005000000000003,-2.34,-5.07,177.255,-31.98,78,57,-929,1344
2025-09-05 21:24:08.417000,-338.325,260.52,54.015,-120.705,-63.765,-70.98,-70.59,-97.11,74,55,-940,1344
2025-09-05 21:24:08.422000,-166.53,-15.405,-287.625,-76.05,-49.725,-64.155,-377.13,-67.47,74,55,-940,1344
2025-09-05 21:24:08.427000,58.89,-214.305,-563.5500000000001,-6.825,-18.525,-39.0,-635.895,-25.155,72,59,-940,1344
2025-09-05 21:24:08.432000,258.375,-320.385,-683.865,48.945,11.31,-10.725,-812.565,9.75,72,64,-954,1344
2025-09-05 21:24:08.437000,459.03,-408.135,-607.035,108.03,47.775,42.120000000000005,-533.52,72.54,75,64,-953,1408
2025-09-05 21:24:08.442000,473.07,-252.72,-410.085,117.195,62.79,61.425,-368.355,70.98,74,66,-952,1280
2025-09-05 21:24:08.442500,301.08,22.23,-179.985,70.785,47.775,39.78,-168.675,45.825,74,66,-952,1408
2025-09-05 21:24:08.443000,319.02000000000004,-212.16,-600.21,56.16,34.125,20.67,-637.455,44.46,76,65,-948,1408
2025-09-05 21:24:08.443500,164.97,17.16,-359.58,21.06,22.62,13.65,-402.48,19.5,76,65,-948,1344
2025-09-05 21:24:08.444000,-40.95,200.265,-163.995,-38.805,-5.265000000000001,-14.235,-255.645,-20.28,73,65,-951,1344
2025-09-05 21:24:08.451333,-264.03000000000003,326.625,-36.27,-105.69,-39.585,-44.655,-127.335,-62.400000000000006,72,62,-945,1344
2025-09-05 21:24:08.458667,-508.9500000000001,458.25,105.495,-181.155,-80.535,-79.95,11.115,-108.42,72,62,-945,1408
2025-09-05 21:24:08.466000,-549.12,294.06,-80.145,-194.61,-102.375,-101.01,-200.46,-118.56,73,62,-945,1280
2025-09-05 21:24:08.470286,-380.835,-1.17,-390.78,-153.27,-93.405,-94.575,-510.51,-86.19,67,62,-945,1280
2025-09-05 21:24:08.474571,-144.3,-224.835,-607.035,-86.97,-60.255,-66.69,-707.655,-46.8,67,56,-947,1280
2025-09-05 21:24:08.478857,65.91,-344.76,-722.6700000000001,-20.865,-22.23,-35.685,-819.975,-4.875,73,58,-967,1344
2025-09-05 21:24:08.483143,263.83500000000004,-450.84,-843.57,28.08,2.34,-6.4350000000000005,-932.49,24.375,75,59,-957,1344
2025-09-05 21:24:08.487429,291.52500000000003,-340.08,-711.945,35.1,15.405,2.73,-776.2950000000001,11.115,75,61,-952,1408
2025-09-05 21:24:08.491714,149.565,-91.845,-433.29,0.585,5.8500000000000005,-1.17,-494.13,-8.775,73,65,-952,1344
2025-09-05 21:24:08.496000,-45.435,93.015,-232.05,-59.475,-19.5,-26.715,-309.46500000000003,-53.625,73,65,-956,1344
2025-09-05 21:24:08.502714,-255.255,256.62,-69.61500000000001,-112.515,-47.190000000000005,-48.165,-145.665,-68.25,65,68,-951,1408
2025-09-05 21:24:08.509429,-518.505,248.82,-87.75,-206.115,-108.225,-102.375,-208.26,-120.705,68,64,-944,1344
2025-09-05 21:24:08.516143,-344.76,-49.92,-383.37,-161.46,-93.795,-93.405,-500.955,-85.605,69,65,-947,1344
2025-09-05 21:24:08.522857,-105.495,-288.21000000000004,-604.89,-88.33500000000001,-61.620000000000005,-64.935,-699.465,-46.215,69,65,-947,1344
2025-09-05 21:24:08.529571,107.835,-407.55,-723.84,-29.055,-23.985,-36.66,-802.0350000000001,2.535,78,63,-947,1280
2025-09-05 21:24:08.536286,318.825,-498.81,-809.25,30.615,11.31,-4.68,-885.105,46.215,73,62,-949,1344
2025-09-05 21:24:08.543000,358.8,-362.895,-652.6650000000001,50.895,28.86,16.38,-711.36,54.6,71,65,-949,1344
2025-09-05 21:24:08.548571,217.62,-124.02,-397.02,19.89,15.405,6.63,-452.205,30.42,71,63,-948,1344
2025-09-05 21:24:08.554143,422.175,-415.935,-588.315,76.05,20.67,21.06,-600.015,69.03,69,61,-947,1408
2025-09-05 21:24:08.559714,286.845,-160.29,-318.63,40.56,16.965,16.965,-341.25,47.190000000000005,69,66,-948,1280
2025-09-05 21:24:08.565286,92.43,25.155,-126.75,-13.455,-8.19,-1.17,-165.165,12.09,69,66,-948,1280
2025-09-05 21:24:08.570857,-127.14,179.4,29.055,-74.685,-38.61,-31.98,-6.045,-28.47,68,69,-946,1280
2025-09-05 21:24:08.576429,-365.625,321.165,190.515,-154.05,-77.415,-67.275,149.955,-76.05,71,66,-947,1280
2025-09-05 21:24:08.582000,-389.025,168.675,30.81,-159.315,-99.84,-82.485,-41.925,-85.41,67,63,-947,1408
2025-09-05 21:24:08.586571,-216.45,-116.61,-276.315,-109.98,-82.875,-71.175,-329.16,-62.400000000000006,69,63,-943,1280
2025-09-05 21:24:08.591143,29.25,-333.64500000000004,-470.535,-40.17,-48.75,-41.925,-503.685,-10.335,69,63,-943,1280
2025-09-05 21:24:08.595714,248.625,-441.285,-572.52,25.155,-12.09,-6.4350000000000005,-598.065,34.125,69,61,-939,1344
2025-09-05 21:24:08.600286,460.59,-543.855,-674.7,82.68,17.94,23.79,-687.765,61.815000000000005,71,64,-942,1408
2025-09-05 21:24:08.604857,502.905,-422.37,-522.99,94.575,28.86,36.465,-504.855,56.16,69,67,-947,1280
2025-09-05 21:24:08.609429,363.87,-158.34,-238.68,56.16,25.35,31.98,-218.01,36.27,69,65,-945,1408
2025-09-05 21:24:08.614000,171.21,36.66,-31.200000000000003,6.825,0.975,17.16,-14.04,-6.4350000000000005,69,65,-945,1408
2025-09-05 21:24:08.615000,-38.22,210.795,151.905,-47.190000000000005,-26.91,-7.0200000000000005,163.995,-23.01,67,68,-952,1408
2025-09-05 21:24:08.619833,-317.46000000000004,216.45,160.095,-133.185,-82.68,-67.08,127.725,-78.0,67,61,-949,1408
2025-09-05 21:24:08.624667,-148.20000000000002,-70.59,-128.115,-83.85000000000001,-67.08,-51.870000000000005,-162.435,-43.875,67,64,-949,1280
2025-09-05 21:24:08.629500,92.625,-293.67,-339.69,-11.115,-28.47,-20.865,-351.39,5.46,67,64,-949,1280
2025-09-05 21:24:08.634333,309.855,-393.705,-442.26,51.48,7.995,10.725,-439.92,50.115,61,62,-953,1408
2025-09-05 21:24:08.639167,525.72,-501.345,-537.225,115.635,39.78,41.535,-522.7950000000001,89.50500000000001,63,64,-950,1344
2025-09-05 21:24:08.644000,566.085,-344.37,-361.335,137.28,56.16,63.96,-326.82,99.84,68,62,-949,1472
2025-09-05 21:24:08.648857,414.375,-91.065,-74.685,104.13,44.655,54.6,-44.46,74.10000000000001,69,58,-951,1344
2025-09-05 21:24:08.653714,556.335,-298.935,-226.785,151.32,67.275,65.325,-187.785,109.59,70,58,-947,1344
2025-09-05 21:24:08.658571,409.695,-40.56,45.24,120.51,54.795,65.325,87.165,91.845,69,61,-949,1344
2025-09-05 21:24:08.663429,208.65,163.215,251.745,57.330000000000005,27.3,46.215,282.165,50.895,69,61,-949,1344
2025-09-05 21:24:08.668286,-19.89,320.385,412.035,-6.045,-4.29,12.87,431.925,2.73,71,61,-967,1408
2025-09-05 21:24:08.673143,-276.51,484.38,574.08,-80.535,-43.095,-23.595,589.6800000000001,-51.675,67,60,-955,1408
2025-09-05 21:24:08.678000,-323.31,324.09000000000003,410.865,-99.84,-68.83500000000001,-49.53,394.485,-64.935,69,65,-954,1408
2025-09-05 21:24:08.678167,-157.95000000000002,32.175000000000004,109.785,-54.795,-61.23,-44.265,99.45,-32.76,71,64,-951,1344
2025-09-05 21:24:08.678333,-365.625,371.67,474.825,-93.99,-63.375,-49.725,471.705,-57.330000000000005,71,62,-947,1472
2025-09-05 21:24:08.678500,-202.8,97.5,176.475,-54.015,-48.165,-45.045,171.015,-36.465,69,64,-947,1280
2025-09-05 21:24:08.678667,29.64,-130.065,-48.555,16.185000000000002,-19.695,-16.575,-36.66,13.455,69,64,-947,1280
2025-09-05 21:24:08.678833,241.8,-243.555,-158.145,81.12,10.92,15.99,-136.89,54.99,65,61,-943,1344
2025-09-05 21:24:08.679000,442.065,-342.42,-251.16,144.885,48.555,45.24,-215.865,101.595,72,59,-953,1344
2025-09-05 21:24:08.681000,483.99,-203.385,-100.425,161.07,72.15,70.005,-40.17,115.83,67,59,-949,1344
2025-09-05 21:24:08.681667,337.15500000000003,48.555,159.705,126.165,55.575,58.5,232.05,90.285,69,59,-947,1280
2025-09-05 21:24:08.682333,447.33,-211.965,-86.97,153.85500000000002,64.155,61.23,-31.395,106.275,70,59,-947,1280
2025-09-05 21:24:08.683000,301.86,31.785,159.705,117.195,56.745000000000005,54.99,221.715,84.63000000000001,71,60,-946,1408
2025-09-05 21:24:08.689000,90.87,222.105,351.195,57.72,34.515,33.345,414.57,52.260000000000005,71,60,-946,1408
2025-09-05 21:24:08.695000,-132.99,380.445,497.055,-7.41,-7.41,3.315,546.975,7.41,78,58,-953,1280
2025-09-05 21:24:08.701000,-382.785,529.815,658.32,-85.605,-49.335,-41.535,694.005,-46.8,69,59,-948,1344
2025-09-05 21:24:08.707000,-439.14,383.565,492.96,-107.64,-69.81,-63.375,498.615,-61.035,71,59,-948,1408
2025-09-05 21:24:08.721857,-281.97,95.745,184.275,-69.03,-57.72,-57.330000000000005,193.83,-34.32,70,61,-946,1344
2025-09-05 21:24:08.736714,-39.585,-120.315,-46.215,-5.07,-29.835,-29.055,-8.385,15.6,70,61,-946,1344
2025-09-05 21:24:08.751571,170.43,-238.68,-157.365,58.11,2.34,3.705,-109.005,56.16,66,59,-946,1344
2025-09-05 21:24:08.766429,373.23,-329.55,-264.42,112.905,31.785,32.370000000000005,-219.96,75.855,70,55,-954,1408
2025-09-05 21:24:08.781286,408.915,-227.175,-132.015,123.63,38.025,40.95,-53.82,64.74000000000001,73,56,-948,1344
2025-09-05 21:24:08.796143,260.52,30.225,129.48000000000002,87.75,27.69,38.61,204.555,44.85,69,55,-951,1344
2025-09-05 21:24:08.811000,54.99,225.225,318.24,28.275,1.56,15.99,391.365,3.705,69,55,-951,1344
2025-09-05 21:24:08.815143,-158.145,391.95,499.98,-24.96,-14.04,-9.165,567.645,-20.475,73,56,-950,1344
2025-09-05 21:24:08.819286,-451.23,394.485,479.115,-115.635,-78.39,-70.98,490.425,-80.34,72,60,-945,1280
2025-09-05 21:24:08.823429,-293.475,102.96,174.33,-71.76,-70.98,-60.84,197.73,-50.7,66,60,-945,1280
2025-09-05 21:24:08.827571,-51.09,-137.475,-60.84,-7.605,-46.8,-29.835,-21.06,-8.385,66,60,-945,1280
2025-09-05 21:24:08.831714,160.485,-268.32,-177.255,57.135000000000005,-13.65,-3.51,-137.475,35.295,65,60,-941,1344
2025-09-05 21:24:08.835857,359.97,-359.19,-273.975,121.68,22.035,27.69,-228.15,78.39,82,55,-936,1344
2025-09-05 21:24:08.840000,411.255,-232.83,-135.915,134.55,37.05,51.48,-65.715,85.605,74,56,-945,1408
2025-09-05 21:24:08.840714,265.2,8.775,117.195,92.43,26.130000000000003,39.0,188.76,57.72,70,58,-945,1280
2025-09-05 21:24:08.841429,411.84,-238.095,-168.87,140.4,25.545,41.535,-95.16,80.34,65,53,-946,1408
2025-09-05 21:24:08.842143,276.705,15.405,81.705,102.18,23.205,38.22,124.8,57.525,69,56,-947,1344
2025-09-05 21:24:08.842857,72.15,199.29,268.71000000000004,49.725,-6.825,12.285,334.035,22.62,69,56,-947,1344
2025-09-05 21:24:08.843571,-140.205,339.885,409.5,-11.895,-43.29,-16.38,428.61,-17.94,71,55,-940,1408
2025-09-05 21:24:08.844286,-384.15,486.33,502.71,-89.50500000000001,-76.245,-55.38,512.07,-77.415,71,64,-944,1408
2025-09-05 21:24:08.845000,-438.945,347.1,351.975,-106.47,-97.89,-71.37,340.08,-85.215,69,61,-945,1408
2025-09-05 21:24:08.854714,-275.73,65.715,82.29,-64.35000000000001,-91.26,-58.89,135.525,-59.28,70,59,-949,1344
2025-09-05 21:24:08.864429,-30.225,-162.04500000000002,-150.93,4.29,-55.965,-33.15,-112.515,-16.965,70,59,-949,1344
2025-09-05 21:24:08.874143,186.81,-305.37,-290.94,69.61500000000001,-23.4,-4.875,-267.15000000000003,32.175000000000004,66,60,-950,1408
2025-09-05 21:24:08.883857,393.51,-420.225,-408.915,128.70000000000002,2.34,19.89,-402.87,61.035,67,57,-944,1280
2025-09-05 21:24:08.893571,440.505,-323.115,-317.65500000000003,137.085,19.695,33.345,-267.54,56.16,67,57,-946,1344
2025-09-05 21:24:08.903286,308.685,-60.06,-67.665,107.25,13.455,30.225,-31.395,31.98,66,57,-945,1472
2025-09-05 21:24:08.913000,113.685,119.925,105.69,51.675,-9.75,5.265000000000001,128.895,-4.485,66,57,-945,1472
2025-09-05 21:24:08.914000,-106.665,276.90000000000003,264.225,-7.0200000000000005,-35.1,-16.185000000000002,289.575,-32.955,65,50,-943,1472
2025-09-05 21:24:08.915000,-402.87,276.51,222.885,-94.38,-105.69,-81.12,169.845,-92.43,65,59,-952,1408
2025-09-05 21:24:08.916000,-239.07,0.195,-94.185,-50.115,-88.92,-73.515,-167.31,-62.205000000000005,66,60,-951,1344
2025-09-05 21:24:08.917000,-1.17,-223.275,-342.81,23.01,-61.035,-42.315000000000005,-345.54,-17.355,66,60,-951,1344
2025-09-05 21:24:08.918000,216.84,-346.90500000000003,-448.89,85.02,-27.885,-15.6,-468.0,22.23,67,59,-954,1344
2025-09-05 21:24:08.919000,433.875,-429.585,-514.605,147.42000000000002,7.800000000000001,17.16,-514.8000000000001,70.2,68,60,-943,1408
2025-09-05 21:24:08.920000,479.115,-298.15500000000003,-371.67,161.265,25.35,39.975,-333.84000000000003,82.875,68,59,-949,1408
2025-09-05 21:24:08.924143,339.885,-55.38,-135.72,121.68,19.305,30.615,-121.29,57.135000000000005,67,59,-948,1280
2025-09-05 21:24:08.928286,138.645,136.305,35.295,68.25,-2.535,4.875,11.7,19.695,67,59,-948,1344
2025-09-05 21:24:08.932429,-83.655,294.45,187.98,8.97,-33.735,-24.18,173.55,-21.255,67,59,-937,1344
2025-09-05 21:24:08.936571,-342.03000000000003,437.58,320.77500000000003,-72.735,-75.465,-69.22500000000001,285.09000000000003,-88.72500000000001,68,60,-946,1344
2025-09-05 21:24:08.940714,-409.5,293.28000000000003,155.415,-101.4,-104.13,-94.185,88.33500000000001,-109.2,68,57,-952,1344
2025-09-05 21:24:08.944857,-240.63,43.29,-111.735,-53.235,-83.07000000000001,-79.36500000000001,-190.515,-62.400000000000006,67,57,-951,1408
2025-09-05 21:24:08.949000,-7.995,-199.095,-348.27000000000004,11.505,-54.6,-61.815000000000005,-406.38,-24.57,67,57,-951,1408
2025-09-05 21:24:08.949143,209.625,-311.61,-474.045,66.3,-18.33,-27.885,-526.3050000000001,23.985,68,60,-950,1408
2025-09-05 21:24:08.949286,431.34,-265.59000000000003,-226.98,150.54,58.695,47.97,-181.935,85.605,67,61,-941,1344
2025-09-05 21:24:08.949429,288.99,-1.56,41.145,113.88,57.135000000000005,45.435,82.875,66.885,71,61,-943,1344
2025-09-05 21:24:08.949571,89.7,197.535,251.16,55.575,32.370000000000005,23.79,277.485,33.15,76,58,-945,1344
2025-09-05 21:24:08.949714,-144.69,351.78000000000003,411.645,-7.0200000000000005,1.95,-2.73,435.63,-9.36,76,58,-945,1344
2025-09-05 21:24:08.949857,-396.045,499.59,568.035,-83.655,-41.535,-37.635,585.0,-65.13,73,56,-940,1280
2025-09-05 21:24:08.950000,-468.975,366.99,422.76,-109.59,-67.275,-61.425,417.885,-78.39,72,56,-940,1280
2025-09-05 21:24:08.951500,-317.65500000000003,89.31,129.285,-69.42,-54.21,-55.38,120.705,-54.99,71,58,-942,1280
2025-09-05 21:24:08.953000,-82.68,-138.45000000000002,-96.135,-0.195,-18.915,-21.645,-91.65,-8.19,72,57,-942,1280
2025-09-05 21:24:08.961000,128.115,-269.295,-220.545,59.085,12.285,10.53,-192.27,42.51,72,57,-942,1280
2025-09-05 21:24:08.969000,332.08500000000004,-371.865,-323.89500000000004,115.245,43.485,34.515,-291.72,73.125,70,60,-954,1408
2025-09-05 21:24:08.977000,377.715,-268.90500000000003,-207.675,131.235,56.940000000000005,47.97,-132.21,61.035,73,58,-947,1280
2025-09-05 21:24:08.985000,240.24,0.975,77.805,96.33,59.085,41.535,137.085,34.71,71,56,-948,1280
2025-09-05 21:24:08.993000,36.075,193.44,280.41,31.395,32.955,24.375,327.21000000000004,3.315,70,55,-947,1280
2025-09-05 21:24:08.994857,-181.935,366.405,462.345,-23.01,11.505,1.755,508.9500000000001,-18.135,70,55,-947,1280
2025-09-05 21:24:08.996714,-496.275,390.78,466.05,-124.215,-59.475,-64.935,465.465,-79.75500000000001,69,53,-941,1408
2025-09-05 21:24:08.998571,-347.295,104.91,182.13,-79.95,-41.535,-59.085,167.895,-48.75,67,56,-946,1344
2025-09-05 21:24:09.000429,-114.465,-127.14,-47.97,-17.16,-13.455,-31.785,-41.535,-1.755,72,57,-945,1408
2025-09-05 21:24:09.002286,98.085,-261.3,-178.815,51.870000000000005,14.43,0.39,-163.215,42.705,72,57,-945,1408
2025-09-05 21:24:09.004143,299.13,-337.15500000000003,-265.005,113.49,49.53,33.93,-249.795,82.29,70,58,-939,1344
2025-09-05 21:24:09.006000,360.75,-225.225,-132.015,130.845,66.69,47.97,-79.95,92.43,68,57,-940,1344
2025-09-05 21:24:09.006429,224.64,14.82,127.53,90.675,58.695,39.585,168.87,70.59,68,59,-943,1408
2025-09-05 21:24:09.006857,343.005,-229.32,-141.375,108.615,53.625,48.165,-81.9,70.59,66,56,-957,1408
2025-09-05 21:24:09.007286,207.285,26.130000000000003,119.925,76.05,46.605,43.485,184.08,56.16,63,54,-952,1280
2025-09-05 21:24:09.007714,3.705,228.54,322.725,20.28,25.935,18.72,370.305,16.965,64,57,-949,1408
2025-09-05 21:24:09.008143,-220.935,371.865,469.365,-46.8,-4.29,-5.07,515.19,-29.445,64,57,-949,1408
2025-09-05 21:24:09.008571,-467.025,522.99,638.82,-116.805,-46.02,-43.095,665.535,-79.75500000000001,63,60,-940,1344
2025-09-05 21:24:09.009000,-538.005,385.905,474.045,-148.395,-67.665,-67.665,479.115,-104.325,65,60,-942,1344
2025-09-05 21:24:09.013857,-392.145,98.085,165.36,-114.66,-60.645,-64.155,162.435,-78.97500000000001,63,59,-946,1280
2025-09-05 21:24:09.018714,-550.485,368.55,461.175,-150.15,-74.685,-65.715,453.375,-104.325,55,59,-961,1408
2025-09-05 21:24:09.023571,-398.58,86.775,163.8,-105.885,-66.3,-61.035,156.78,-82.29,60,60,-958,1408
2025-09-05 21:24:09.028429,-165.945,-153.66,-70.395,-40.17,-32.955,-32.955,-56.55,-36.66,60,62,-957,1408
2025-09-05 21:24:09.033286,48.165,-279.045,-194.61,19.89,1.95,-1.365,-173.745,8.19,60,62,-957,1408
2025-09-05 21:24:09.038143,252.72,-385.515,-293.08500000000004,81.51,36.075,27.495,-275.145,54.21,62,64,-969,1408
2025-09-05 21:24:09.043000,315.12,-264.42,-173.35500000000002,106.47,59.085,53.625,-119.34,66.69,64,58,-954,1344
2025-09-05 21:24:09.046143,180.375,-31.005000000000003,80.73,72.735,52.455,46.02,135.135,48.555,62,57,-954,1408
2025-09-05 21:24:09.049286,315.315,-277.875,-190.32,109.395,54.6,54.6,-135.135,59.475,61,54,-941,1344
2025-09-05 21:24:09.052429,184.665,-35.295,63.765,76.245,48.165,53.82,119.145,41.145,63,55,-946,1344
2025-09-05 21:24:09.055571,-14.43,169.455,263.25,19.89,25.35,31.98,306.93,-1.56,62,53,-952,1280
2025-09-05 21:24:09.058714,-235.95,319.995,422.175,-48.75,-9.165,-3.705,463.125,-46.605,62,53,-952,1280
2025-09-05 21:24:09.061857,-481.845,471.12,574.86,-118.56,-48.75,-38.61,600.015,-96.72,60,55,-946,1408
2025-09-05 21:24:09.065000,-550.6800000000001,355.485,430.95,-146.25,-71.955,-65.91,432.9,-119.145,62,56,-956,1280
2025-09-05 21:24:09.065714,-403.455,68.64,134.745,-113.49,-65.52,-60.45,124.215,-92.04,62,54,-951,1344
2025-09-05 21:24:09.066429,-536.445,366.795,425.88,-144.3,-72.345,-69.22500000000001,406.185,-122.85,74,53,-949,1408
2025-09-05 21:24:09.067143,-388.44,85.605,141.57,-102.375,-64.935,-60.45,118.95,-96.33,72,55,-950,1408
2025-09-05 21:24:09.067857,-153.07500000000002,-155.415,-93.795,-35.1,-29.64,-35.49,-100.035,-56.745000000000005,70,57,-948,1344
2025-09-05 21:24:09.068571,69.42,-292.695,-237.705,27.885,5.07,-9.75,-221.715,-16.965,70,57,-948,1344
2025-09-05 21:24:09.069286,273.58500000000004,-385.32,-339.105,90.09,41.925,21.45,-323.115,34.515,76,56,-954,1408
2025-09-05 21:24:09.070000,339.495,-275.73,-218.79,115.05,59.865,46.605,-172.77,43.095,69,56,-945,1280
2025-09-05 21:24:09.074143,205.92,-37.44,25.545,84.63000000000001,51.675,44.07,75.465,19.11,69,57,-947,1344
2025-09-05 21:24:09.078286,340.665,-272.415,-210.6,115.635,59.28,54.99,-169.65,43.875,68,61,-933,1344
2025-09-05 21:24:09.082429,213.135,-32.76,44.07,81.51,49.725,49.14,89.7,23.4,69,57,-937,1344
2025-09-05 21:24:09.086571,7.800000000000001,159.705,247.845,26.715,27.495,30.03,280.21500000000003,-14.04,68,55,-937,1344
2025-09-05 21:24:09.090714,-208.845,321.165,422.955,-36.66,-6.825,4.095,440.505,-60.255,68,55,-937,1344
2025-09-05 21:24:09.094857,-458.445,461.175,570.765,-110.37,-46.605,-37.83,585.975,-114.465,70,65,-944,1408
2025-09-05 21:24:09.099000,-534.105,350.415,435.63,-139.62,-73.32000000000001,-63.375,412.815,-125.58,71,62,-945,1408
2025-09-05 21:24:09.104286,-390.195,73.125,139.425,-98.67,-66.3,-57.135000000000005,122.46,-101.4,71,58,-943,1344
2025-09-05 21:24:09.109571,359.19,-286.455,-232.05,112.125,58.89,69.81,-216.645,44.85,69,58,-963,1344
2025-09-05 21:24:09.114857,236.925,-44.07,18.525,88.33500000000001,54.015,62.010000000000005,43.095,31.395,69,56,-957,1408
2025-09-05 21:24:09.120143,35.49,155.61,223.665,24.375,28.86,42.51,243.165,-1.95,71,55,-952,1280
2025-09-05 21:24:09.125429,-185.64,306.735,375.375,-34.125,-5.265000000000001,17.355,393.51,-49.335,73,57,-953,1344
2025-09-05 21:24:09.130714,-426.855,455.91,519.09,-102.375,-46.215,-18.33,516.945,-102.375,73,57,-953,1344
2025-09-05 21:24:09.136000,-506.22,334.035,374.205,-134.55,-70.785,-47.97,321.945,-116.415,74,51,-947,1472
2025-09-05 21:24:09.138500,-365.625,57.135000000000005,108.615,-97.11,-60.645,-37.44,97.305,-88.72500000000001,70,55,-949,1344
2025-09-05 21:24:09.141000,-480.09,352.365,378.105,-127.14,-70.005,-42.9,347.88,-110.76,63,60,-938,1280
2025-09-05 21:24:09.145167,-338.91,61.815000000000005,60.06,-88.53,-68.055,-38.61,38.805,-85.995,66,58,-942,1344
2025-09-05 21:24:09.149333,-96.72,-189.15,-223.275,-25.935,-42.51,-19.695,-291.52500000000003,-52.845,66,55,-942,1344
2025-09-05 21:24:09.153500,124.995,-318.825,-425.88,36.465,-7.995,7.41,-458.055,-10.725,65,57,-944,1344
2025-09-05 21:24:09.157667,335.595,-424.515,-455.91,100.425,31.785,46.605,-481.845,38.415,65,57,-944,1344
2025-09-05 21:24:09.161833,421.59,-330.135,-320.77500000000003,135.915,54.6,71.175,-263.25,63.18,65,58,-946,1280
2025-09-05 21:24:09.166000,300.885,-90.87,-105.105,99.45,44.07,61.23,-104.715,42.705,65,58,-947,1344
2025-09-05 21:24:09.170167,510.12,-412.62,-530.595,152.88,47.58,62.205000000000005,-445.38,76.245,67,64,-950,1344
2025-09-05 21:24:09.174333,386.49,-151.905,-220.545,127.14,50.31,57.915,-147.81,56.745000000000005,65,65,-946,1408
2025-09-05 21:24:09.178500,178.23000000000002,63.57,-97.11,67.86,18.33,31.200000000000003,-125.775,16.38,65,59,-949,1344
2025-09-05 21:24:09.182667,-44.07,233.61,-54.015,-2.34,-17.745,-16.77,-188.565,-47.385000000000005,64,54,-947,1472
2025-09-05 21:24:09.186833,-294.84000000000003,390.585,83.655,-79.36500000000001,-58.11,-46.8,-16.38,-93.015,64,54,-947,1472
2025-09-05 21:24:09.191000,-386.295,298.935,117.39,-108.03,-80.34,-51.285,136.305,-101.595,64,51,-941,1280
2025-09-05 21:24:09.199000,-264.03000000000003,73.905,-151.71,-75.66,-71.955,-60.645,-219.375,-75.855,61,54,-947,1408
2025-09-05 21:24:09.207000,-559.065,398.97,13.065,-152.685,-99.255,-109.785,-132.6,-129.09,65,63,-946,1408
2025-09-05 21:24:09.215000,-427.245,104.91,-282.36,-124.41,-88.14,-107.055,-423.15,-100.815,70,63,-948,1408
2025-09-05 21:24:09.223000,-194.805,-151.71,-574.08,-70.005,-60.84,-79.56,-680.5500000000001,-65.325,70,63,-951,1408
2025-09-05 21:24:09.231000,15.6,-299.13,-706.095,-6.825,-28.47,-50.7,-825.0450000000001,-24.96,67,62,-952,1408
2025-09-05 21:24:09.239000,214.695,-398.385,-789.1650000000001,50.895,9.945,-12.87,-890.1750000000001,24.375,67,62,-952,1408
2025-09-05 21:24:09.247000,287.43,-328.96500000000003,-703.95,77.22,24.57,11.895,-779.8050000000001,36.855,69,56,-960,1408
2025-09-05 21:24:09.251000,161.265,-88.92,-464.1,48.165,24.18,0.585,-537.615,16.965,59,56,-959,1344
2025-09-05 21:24:09.255000,-483.6,192.27,-3.12,-126.36,-93.99,-66.885,-97.89,-124.02,70,58,-949,1344
2025-09-05 21:24:09.259000,-341.055,-82.485,-294.84000000000003,-92.235,-78.97500000000001,-62.400000000000006,-383.37,-94.77,74,51,-940,1344
2025-09-05 21:24:09.263000,-96.915,-324.675,-537.615,-25.935,-44.46,-35.685,-608.205,-49.725,67,50,-945,1344
2025-09-05 21:24:09.267000,134.35500000000002,-456.885,-661.44,36.27,-13.26,-4.095,-697.515,-5.655,65,52,-946,1344
2025-09-05 21:24:09.271000,343.005,-545.025,-747.63,104.52,30.225,23.79,-796.575,39.195,65,52,-946,1344
2025-09-05 21:24:09.275000,438.945,-468.975,-644.085,129.09,58.11,58.11,-660.27,62.205000000000005,70,52,-953,1344
2025-09-05 21:24:09.275333,321.75,-229.905,-382.59,99.84,47.97,59.67,-384.735,43.29,64,51,-949,1408
2025-09-05 21:24:09.275667,513.4350000000001,-429.975,-501.54,153.465,72.54,77.415,-489.06,75.465,65,50,-939,1408
2025-09-05 21:24:09.276000,399.945,-195.0,-248.04,116.61,75.465,81.315,-226.2,57.330000000000005,64,49,-943,1280
2025-09-05 21:24:09.279250,201.24,22.23,-20.67,60.255,50.7,59.475,-14.235,24.96,65,54,-947,1408
2025-09-05 21:24:09.282500,-12.675,189.15,147.42000000000002,3.51,21.45,29.835,161.07,-19.5,66,55,-944,1280
2025-09-05 21:24:09.285750,-256.62,344.76,324.87,-75.465,-14.04,-7.41,330.135,-68.055,66,55,-944,1280
2025-09-05 21:24:09.289000,-353.14500000000004,250.575,214.11,-96.525,-43.68,-31.200000000000003,188.175,-84.24000000000001,69,64,-952,1408
2025-09-05 21:24:09.291286,-217.23,-23.595,-66.885,-64.35000000000001,-34.32,-26.715,-95.355,-59.085,75,61,-945,1344
2025-09-05 21:24:09.293571,-337.35,324.675,330.52500000000003,-82.485,-36.27,-23.79,328.38,-73.905,59,58,-957,1344
2025-09-05 21:24:09.295857,-200.46,62.595,58.695,-48.165,-30.42,-16.77,57.915,-47.58,58,50,-949,1344
2025-09-05 21:24:09.298143,38.805,-183.105,-174.915,18.135,1.56,13.065,-156.975,-0.195,63,51,-948,1408
2025-09-05 21:24:09.300429,252.33,-297.375,-294.45,81.9,32.955,38.415,-267.735,42.705,69,53,-947,1344
2025-09-05 21:24:09.302714,452.205,-387.465,-376.74,145.47,62.595,70.59,-352.95,87.555,69,53,-947,1344
2025-09-05 21:24:09.305000,548.73,-311.61,-280.605,177.06,88.92,97.89,-224.055,111.93,77,55,-938,1280
2025-09-05 21:24:09.305200,418.47,-75.465,-28.47,146.445,86.385,89.895,34.515,92.235,73,57,-944,1344
2025-09-05 21:24:09.305400,510.51,-281.19,-214.305,173.16,106.86,85.02,-140.595,112.515,69,51,-958,1408
2025-09-05 21:24:09.305600,387.27,-43.485,39.975,147.03,100.62,83.85000000000001,124.41,100.815,63,54,-955,1344
2025-09-05 21:24:09.305800,184.08,173.35500000000002,253.5,84.435,81.705,62.595,327.40500000000003,58.5,66,53,-951,1344
2025-09-05 21:24:09.306000,-38.22,334.62,432.705,19.305,52.845,40.56,488.67,19.89,69,55,-949,1344
2025-09-05 21:24:09.307500,-282.555,499.98,600.405,-54.795,9.36,7.0200000000000005,662.025,-37.83,69,55,-949,1344
2025-09-05 21:24:09.309000,-379.665,412.035,496.275,-88.72500000000001,-15.6,-19.11,530.985,-53.43,66,51,-934,1344
2025-09-05 21:24:09.309250,-249.21,145.86,219.18,-52.065000000000005,-5.265000000000001,-14.43,241.605,-36.465,70,54,-940,1408
2025-09-05 21:24:09.309500,-417.885,407.55,520.26,-104.52,-31.200000000000003,-37.83,534.3000000000001,-58.5,67,52,-952,1344
2025-09-05 21:24:09.309750,-289.77,127.335,230.49,-73.905,-27.69,-35.49,252.915,-37.635,72,48,-957,1344
2025-09-05 21:24:09.310000,-57.135000000000005,-127.14,-24.375,-4.095,-4.875,-13.065,8.58,13.26,68,51,-950,1344
2025-09-05 21:24:09.319667,163.41,-257.01,-161.85,54.21,30.615,21.45,-121.095,52.260000000000005,67,50,-945,1408
2025-09-05 21:24:09.329333,362.31,-346.125,-246.48,118.56,61.620000000000005,52.845,-215.28,95.94,66,50,-945,1280
2025-09-05 21:24:09.339000,456.69,-271.44,-152.29500000000002,148.98000000000002,91.26,76.05,-78.78,117.0,66,50,-947,1280
2025-09-05 21:24:09.341500,335.79,-30.225,88.33500000000001,112.905,83.265,74.295,165.945,100.035,66,57,-945,1280
2025-09-05 21:24:09.344000,-467.61,401.115,519.6750000000001,-134.55,-41.145,-47.97,524.94,-40.17,70,52,-949,1408
2025-09-05 21:24:09.345000,-335.40000000000003,121.095,221.91,-100.23,-33.15,-45.24,216.645,-22.815,68,56,-952,1344
2025-09-05 21:24:09.350000,-100.23,-132.99,-38.61,-31.395,-3.51,-17.94,-29.64,21.84,66,49,-950,1472
2025-09-05 21:24:09.355000,122.265,-282.165,-192.855,31.98,31.98,16.575,-159.705,67.665,68,53,-953,1408
2025-09-05 21:24:09.360000,324.09000000000003,-366.99,-274.755,100.23,59.085,50.115,-245.895,122.46,70,53,-953,1408
2025-09-05 21:24:09.365000,422.37,-297.18,-186.225,127.53,83.85000000000001,70.59,-130.845,133.57500000000002,70,53,-953,1408
2025-09-05 21:24:09.365167,306.345,-59.28,45.825,99.255,79.75500000000001,66.885,114.075,114.66,66,53,-951,1472
2025-09-05 21:24:09.365333,99.645,164.58,265.395,45.045,53.82,50.31,322.53000000000003,74.685,64,54,-948,1280
2025-09-05 21:24:09.365500,-117.0,325.65000000000003,442.065,-17.355,24.765,22.62,491.205,36.27,62,53,-948,1344
2025-09-05 21:24:09.365667,-362.115,469.95,599.235,-98.67,-24.375,-18.33,639.21,-23.205,63,53,-945,1344
2025-09-05 21:24:09.365833,-477.36,361.335,472.68,-141.57,-59.085,-58.5,477.75,-69.22500000000001,63,53,-945,1344
2025-09-05 21:24:09.366000,-359.385,93.405,195.585,-100.62,-54.405,-47.97,187.98,-51.870000000000005,65,50,-944,1344
2025-09-05 21:24:09.369000,-123.825,-150.15,-59.085,-31.785,-23.205,-31.005000000000003,-51.870000000000005,-14.235,63,48,-946,1344
2025-09-05 21:24:09.373429,108.42,-268.515,-173.55,38.025,17.745,14.43,-148.98000000000002,53.625,68,47,-951,1344
2025-09-05 21:24:09.377857,405.795,-280.605,-198.51,134.55,76.635,68.44500000000001,-140.985,117.195,67,50,-948,1344
2025-09-05 21:24:09.382286,295.035,-44.265,56.940000000000005,112.32,70.59,68.83500000000001,109.785,100.425,64,51,-955,1408
2025-09-05 21:24:09.386714,97.89,160.485,265.59000000000003,52.260000000000005,49.14,44.07,307.125,67.86,66,54,-951,1344
2025-09-05 21:24:09.391143,-125.97,313.56,422.955,-7.0200000000000005,17.55,18.135,457.86,21.84,62,52,-950,1280
2025-09-05 21:24:09.395571,-367.965,474.825,585.0,-83.265,-19.89,-19.11,619.515,-26.91,63,50,-949,1408
2025-09-05 21:24:09.400000,-483.405,400.92,496.665,-116.025,-50.115,-47.385000000000005,485.94,-47.58,63,50,-949,1408
2025-09-05 21:24:09.405571,-351.58500000000004,120.9,197.73,-79.36500000000001,-48.555,-46.41,187.395,-31.785,62,45,-955,1408
2025-09-05 21:24:09.411143,-115.635,-143.13,-67.86,-12.285,-16.965,-16.575,-55.185,10.14,57,49,-949,1280
2025-09-05 21:24:09.416714,108.615,-275.34000000000003,-199.68,51.285,16.77,13.065,-181.74,52.065000000000005,64,49,-949,1344
2025-09-05 21:24:09.422286,300.69,-371.28,-311.61,109.395,45.24,35.685,-292.695,83.85000000000001,62,50,-949,1408
2025-09-05 21:24:09.427857,384.15,-340.665,-255.645,122.85,63.765,53.43,-187.005,88.14,62,50,-949,1408
2025-09-05 21:24:09.433429,269.49,-89.50500000000001,-1.95,98.865,65.715,52.260000000000005,75.855,75.27,55,56,-944,1280
2025-09-05 21:24:09.439000,74.10000000000001,135.135,221.715,37.05,38.805,30.42,285.285,35.685,62,53,-948,1408
2025-09-05 21:24:09.450286,-140.985,309.855,412.815,-15.795,18.72,10.53,458.25,13.455,64,50,-948,1344
2025-09-05 21:24:09.461571,-487.305,392.73,467.61,-117.585,-53.04,-53.04,469.755,-61.425,68,46,-947,1280
2025-09-05 21:24:09.472857,-365.625,115.05,180.765,-86.97,-48.945,-52.845,175.305,-35.685,75,43,-940,1408
2025-09-05 21:24:09.484143,-124.605,-150.345,-76.05,-19.305,-21.45,-30.615,-71.955,13.26,74,52,-946,1344
2025-09-05 21:24:09.495429,101.4,-283.14,-215.67,38.805,20.085,3.51,-198.705,55.965,68,49,-947,1408
2025-09-05 21:24:09.506714,296.79,-369.915,-303.225,101.79,46.02,34.515,-292.305,94.965,67,50,-947,1408
2025-09-05 21:24:09.518000,396.435,-297.57,-229.125,133.38,76.05,64.74000000000001,-169.845,115.635,67,50,-947,1408
2025-09-05 21:24:09.518143,286.455,-55.38,25.74,104.715,74.295,69.61500000000001,91.455,96.33,63,49,-951,1408
2025-09-05 21:24:09.518286,-483.6,384.345,460.005,-125.775,-53.235,-37.05,438.165,-62.985,71,53,-949,1280
2025-09-05 21:24:09.518429,-359.385,119.34,169.455,-92.04,-50.7,-32.565,152.49,-44.85,77,54,-946,1344
2025-09-05 21:24:09.518571,-124.41,-140.595,-102.375,-26.130000000000003,-18.135,-10.14,-93.99,-3.51,67,57,-940,1280
2025-09-05 21:24:09.518714,102.18,-276.90000000000003,-242.97,33.54,15.405,18.72,-221.91,31.005000000000003,71,54,-943,1280
2025-09-05 21:24:09.518857,291.135,-375.765,-340.86,100.815,44.655,47.190000000000005,-320.19,74.10000000000001,73,50,-944,1344
2025-09-05 21:24:09.519000,400.14,-322.14,-262.27500000000003,128.70000000000002,70.59,77.805,-216.255,97.11,73,50,-944,1344
2025-09-05 21:24:09.523286,300.105,-81.315,-12.09,101.79,68.44500000000001,79.17,44.46,81.12,68,48,-946,1408
2025-09-05 21:24:09.527571,96.33,123.63,207.285,50.115,45.24,59.085,239.265,48.945,70,45,-944,1344
2025-09-05 21:24:09.531857,-117.195,290.745,373.425,-14.43,16.965,37.05,405.21,0.195,68,46,-946,1344
2025-09-05 21:24:09.536143,-364.845,439.53,529.035,-93.405,-27.495,-3.315,549.51,-62.205000000000005,68,46,-950,1344
2025-09-05 21:24:09.540429,-497.25,357.045,413.01,-135.33,-61.425,-42.9,392.925,-110.565,68,46,-950,1344
2025-09-05 21:24:09.544714,-375.765,93.015,129.09,-105.495,-53.235,-36.27,111.735,-88.72500000000001,66,48,-955,1344
2025-09-05 21:24:09.549000,-146.055,-167.505,-138.45000000000002,-39.585,-23.01,-13.26,-134.94,-37.635,63,45,-939,1280
2025-09-05 21:24:09.554000,81.51,-286.65000000000003,-260.13,39.78,17.16,29.64,-239.655,31.005000000000003,67,49,-943,1408
2025-09-05 21:24:09.559000,398.58,-326.43,-275.925,121.29,80.925,84.045,-231.66,96.915,70,49,-946,1344
2025-09-05 21:24:09.564000,286.26,-92.04,-10.14,94.77,78.58500000000001,87.165,33.54,84.435,74,47,-944,1280
2025-09-05 21:24:09.569000,86.97,118.56,196.755,33.345,56.55,64.155,228.735,46.8,75,50,-961,1408
2025-09-05 21:24:09.574000,-123.63,286.065,371.085,-31.005000000000003,19.5,36.075,394.875,-3.315,72,52,-956,1344
2025-09-05 21:24:09.579000,-365.04,448.89,529.035,-101.985,-15.99,8.385,547.95,-49.725,71,53,-951,1408
2025-09-05 21:24:09.584000,-485.355,383.175,449.475,-143.715,-48.945,-29.055,421.395,-72.345,71,53,-951,1408
2025-09-05 21:24:09.591000,-368.55,118.56,163.02,-111.735,-46.41,-23.985,128.115,-53.625,75,57,-953,1344
2025-09-05 21:24:09.592154,-125.775,-149.37,-100.815,-44.85,-14.82,-3.705,-115.44,-7.0200000000000005,73,58,-936,1408
2025-09-05 21:24:09.593308,100.035,-290.55,-247.845,17.94,18.135,28.47,-246.48,26.130000000000003,73,55,-944,1408
2025-09-05 21:24:09.594462,298.15500000000003,-387.27,-347.1,73.71000000000001,41.73,45.435,-356.07,58.695,70,52,-945,1472
2025-09-05 21:24:09.595615,391.56,-355.68,-295.035,94.77,60.255,62.985,-266.565,55.77,70,52,-945,1472
2025-09-05 21:24:09.596769,286.26,-103.545,-50.31,69.22500000000001,57.330000000000005,58.11,-9.75,39.0,76,46,-946,1344
2025-09-05 21:24:09.597923,85.02,116.025,175.5,17.16,37.245000000000005,36.27,199.29,8.58,62,45,-952,1408
2025-09-05 21:24:09.599077,-122.655,298.935,362.7,-38.22,14.82,23.01,396.045,-10.14,68,48,-948,1344
2025-09-05 21:24:09.600231,-471.12,391.17,432.51,-148.785,-51.870000000000005,-48.555,403.455,-84.24000000000001,66,49,-950,1344
2025-09-05 21:24:09.601385,-349.44,119.535,155.61,-117.585,-47.58,-42.315000000000005,119.535,-55.965,62,47,-966,1344
2025-09-05 21:24:09.602538,-111.735,-151.905,-109.785,-56.355,-17.55,-17.16,-131.04,-15.405,66,46,-949,1408
2025-09-05 21:24:09.603692,110.76,-306.54,-266.955,7.605,15.795,7.800000000000001,-261.3,24.57,69,50,-950,1408
2025-09-05 21:24:09.604846,304.785,-387.075,-354.705,71.175,49.335,34.71,-352.95,72.345,72,47,-951,1344
2025-09-05 21:24:09.606000,411.645,-327.6,-283.53000000000003,102.765,78.19500000000001,65.13,-240.24,92.235,72,47,-951,1280
2025-09-05 21:24:09.610857,309.075,-103.74,-45.63,78.39,73.32000000000001,62.79,3.12,74.295,66,46,-937,1280
2025-09-05 21:24:09.615714,-471.51,375.765,417.3,-150.15,-47.190000000000005,-73.125,384.54,-92.625,70,49,-962,1408
2025-09-05 21:24:09.620571,-353.535,113.295,137.475,-123.045,-34.515,-69.42,102.375,-66.885,70,49,-962,1408
2025-09-05 21:24:09.625429,-119.34,-149.955,-140.205,-56.55,-2.73,-47.775,-152.29500000000002,-29.055,70,45,-957,1280
2025-09-05 21:24:09.630286,106.08,-304.2,-297.765,5.8500000000000005,30.615,-16.965,-300.885,12.285,67,49,-955,1344
2025-09-05 21:24:09.635143,312.0,-384.15,-411.645,65.52,65.325,8.775,-403.26,56.745000000000005,70,51,-949,1280
2025-09-05 21:24:09.640000,432.315,-333.45,-331.305,106.665,92.82,36.66,-305.76,83.85000000000001,71,51,-948,1408
2025-09-05 21:24:09.641929,329.745,-105.3,-73.32000000000001,79.95,86.58,45.24,-28.275,64.35000000000001,71,51,-948,1408
2025-09-05 21:24:09.643857,134.745,120.51,139.035,31.395,68.44500000000001,26.52,184.275,24.96,72,59,-945,1344
2025-09-05 21:24:09.645786,-86.97,263.25,294.84000000000003,-31.200000000000003,34.515,-7.215,319.41,-18.525,70,51,-946,1408
2025-09-05 21:24:09.647714,-331.305,403.065,427.245,-112.905,-10.725,-42.315000000000005,439.92,-86.385,72,49,-948,1344
2025-09-05 21:24:09.649643,-462.15,349.05,356.265,-157.56,-45.24,-77.415,334.035,-125.385,75,48,-948,1408
2025-09-05 21:24:09.651571,-346.125,86.385,90.87,-126.165,-45.24,-71.955,78.0,-109.005,75,48,-948,1408
2025-09-05 21:24:09.653500,-109.59,-172.77,-192.465,-61.425,-16.965,-54.21,-208.65,-65.52,78,45,-938,1344
2025-09-05 21:24:09.655429,125.97,-303.03000000000003,-310.635,17.355,22.62,-10.53,-273.78000000000003,8.58,79,47,-944,1344
2025-09-05 21:24:09.657357,450.255,-351.975,-374.205,113.88,84.24000000000001,37.245000000000005,-351.0,71.955,81,50,-945,1344
2025-09-05 21:24:09.659286,353.73,-114.465,-196.95,90.09,82.68,32.955,-182.91,54.99,81,50,-945,1344
2025-09-05 21:24:09.661214,153.85500000000002,89.50500000000001,6.24,37.635,58.305,13.26,-5.265000000000001,20.67,81,51,-951,1344
2025-09-05 21:24:09.663143,-54.405,251.94,250.965,-25.155,30.225,-4.095,357.24,-6.63,82,50,-950,1344
2025-09-05 21:24:09.665071,-291.915,401.895,414.375,-90.09,-4.29,-32.370000000000005,492.18,-62.79,81,49,-950,1344
2025-09-05 21:24:09.667000,-410.865,345.735,312.78000000000003,-133.38,-38.805,-66.885,260.52,-95.355,76,50,-950,1344
2025-09-05 21:24:09.671286,-286.26,61.425,7.41,-100.23,-37.245000000000005,-66.69,-58.89,-81.315,76,50,-950,1344
2025-09-05 21:24:09.675571,-35.49,-200.07,-280.605,-31.395,-7.0200000000000005,-39.0,-243.75,-29.64,74,47,-944,1408
2025-09-05 21:24:09.679857,198.315,-352.95,-475.41,34.905,23.4,-12.87,-473.46,12.675,76,46,-942,1344
2025-09-05 21:24:09.684143,401.31,-460.395,-635.115,88.92,50.31,8.385,-675.6750000000001,41.34,75,43,-947,1344
2025-09-05 21:24:09.688429,519.48,-452.205,-569.205,126.36,78.19500000000001,33.54,-546.0,49.92,75,45,-944,1344
2025-09-05 21:24:09.692714,428.025,-215.28,-366.21,109.005,78.19500000000001,27.3,-438.75,22.035,75,45,-944,1344
2025-09-05 21:24:09.697000,241.41,11.895,-232.245,60.645,50.31,4.095,-276.12,-10.335,77,51,-946,1344
2025-09-05 21:24:09.703143,40.365,187.59,-7.41,8.775,32.370000000000005,-4.095,66.105,-18.135,78,50,-947,1344
2025-09-05 21:24:09.709286,-322.33500000000004,293.28000000000003,124.41,-103.545,-36.855,-60.255,142.35,-86.775,79,47,-946,1344
2025-09-05 21:24:09.715429,-209.43,44.07,-152.88,-72.15,-28.275,-60.45,-127.14,-66.3,79,47,-946,1344
2025-09-05 21:24:09.721571,17.745,-177.645,-460.59,-9.555,-2.145,-52.845,-481.065,-33.93,74,49,-947,1472
2025-09-05 21:24:09.727714,228.54,-314.73,-706.485,47.58,24.96,-32.565,-891.5400000000001,-8.19,76,50,-944,1344
2025-09-05 21:24:09.733857,414.57,-375.375,-664.5600000000001,104.325,63.375,18.915,-603.9150000000001,47.385000000000005,77,50,-942,1344
2025-09-05 21:24:09.740000,501.93,-272.02500000000003,-629.07,137.67000000000002,86.58,29.055,-648.765,56.355,73,46,-944,1344
2025-09-05 21:24:09.747571,376.35,-27.105,-374.985,107.835,85.605,33.735,-379.275,41.34,73,46,-944,1344
2025-09-05 21:24:09.755143,321.36,-311.805,-758.94,74.685,37.44,-2.34,-833.625,26.52,76,53,-940,1344
2025-09-05 21:24:09.762714,213.135,-93.21,-532.74,50.7,38.805,4.29,-569.985,12.87,76,53,-940,1344
2025-09-05 21:24:09.770286,11.505,123.63,-311.61,-9.165,12.09,-15.405,-366.99,-24.765,73,52,-935,1344
2025-09-05 21:24:09.777857,-210.015,254.085,-169.26000000000002,-78.39,-22.23,-49.725,-239.46,-65.325,76,50,-939,1280
2025-09-05 21:24:09.785429,-443.04,380.835,-27.69,-153.07500000000002,-53.43,-81.9,-108.42,-118.365,75,53,-942,1280
2025-09-05 21:24:09.793000,-581.6850000000001,326.235,-98.28,-192.465,-89.7,-115.635,-224.445,-144.10500000000002,75,49,-941,1344
2025-09-05 21:24:09.796714,-470.535,50.505,-393.12,-165.75,-82.29,-115.44,-531.375,-125.775,75,49,-941,1344
2025-09-05 21:24:09.800429,-241.215,-218.985,-677.625,-97.305,-57.915,-86.19,-798.33,-78.78,76,55,-943,1344
2025-09-05 21:24:09.804143,-12.87,-382.395,-837.525,-34.905,-20.865,-60.45,-930.93,-35.1,76,55,-941,1344
2025-09-05 21:24:09.807857,182.91,-479.115,-937.17,18.72,4.875,-38.61,-1025.505,-10.14,77,53,-947,1280
2025-09-05 21:24:09.811571,291.915,-461.175,-888.225,46.605,23.01,-17.94,-938.73,-0.78,74,53,-947,1344
2025-09-05 21:24:09.815286,200.265,-220.35,-627.12,29.835,22.815,-16.575,-673.53,-19.89,74,53,-947,1344
2025-09-05 21:24:09.819000,1.95,0.78,-397.8,-23.205,-0.195,-34.515,-475.8,-56.745000000000005,72,49,-934,1472
2025-09-05 21:24:09.820000,-208.26,172.38,-215.085,-76.245,-22.23,-45.435,-288.21000000000004,-71.37,73,53,-946,1408
2025-09-05 21:24:09.830667,-553.8000000000001,278.46000000000004,-114.465,-189.93,-90.09,-112.905,-232.44,-141.375,72,51,-952,1472
2025-09-05 21:24:09.841333,-438.75,11.505,-383.37,-155.22,-85.995,-112.515,-508.365,-120.705,72,51,-952,1472
2025-09-05 21:24:09.852000,-199.29,-255.84,-645.84,-89.50500000000001,-54.795,-79.95,-742.365,-70.59,73,56,-954,1344
2025-09-05 21:24:09.862667,25.545,-419.445,-787.995,-25.935,-20.085,-53.82,-880.4250000000001,-26.715,71,54,-948,1408
2025-09-05 21:24:09.873333,232.245,-499.59,-871.26,40.56,15.6,-18.915,-970.125,22.035,75,54,-950,1280
2025-09-05 21:24:09.884000,361.725,-461.175,-814.71,75.465,38.025,9.165,-865.215,41.73,72,50,-951,1344
2025-09-05 21:24:09.887143,265.785,-236.73,-565.3050000000001,53.43,40.17,7.800000000000001,-608.595,31.59,72,50,-951,1344
2025-09-05 21:24:09.890286,435.24,-464.685,-740.4150000000001,90.285,55.77,29.055,-740.22,54.795,71,50,-954,1344
2025-09-05 21:24:09.893429,348.46500000000003,-240.825,-475.41,63.765,57.330000000000005,38.415,-479.115,50.115,71,50,-954,1344
2025-09-05 21:24:09.896571,161.85,-29.445,-252.72,22.425,36.27,18.33,-272.415,14.43,76,48,-953,1344
2025-09-05 21:24:09.899714,-59.475,124.8,-79.56,-45.435,3.9,-11.895,-99.645,-31.200000000000003,72,48,-945,1408
2025-09-05 21:24:09.902857,-284.895,271.245,83.655,-112.32,-26.325,-41.535,66.105,-74.295,69,49,-951,1408
2025-09-05 21:24:09.906000,-415.35,232.44,38.61,-152.1,-56.745000000000005,-78.0,-27.69,-103.935,70,51,-955,1408
2025-09-05 21:24:09.911286,-300.885,-45.045,-229.515,-118.56,-51.870000000000005,-73.32000000000001,-293.865,-86.97,70,51,-955,1408
2025-09-05 21:24:09.916571,-339.885,247.845,176.475,-122.265,-41.535,-40.755,149.37,-97.5,76,52,-950,1344
2025-09-05 21:24:09.921857,-226.005,-8.58,-86.19,-95.55,-37.245000000000005,-41.145,-109.005,-76.635,76,52,-950,1344
2025-09-05 21:24:09.927143,11.505,-269.1,-333.64500000000004,-23.01,-7.0200000000000005,-15.795,-336.96000000000004,-33.735,78,50,-960,1408
2025-09-05 21:24:09.932429,243.165,-422.955,-477.555,47.190000000000005,25.35,17.355,-460.98,15.015,69,46,-954,1344
2025-09-05 21:24:09.937714,450.255,-501.93,-544.635,112.71,57.135000000000005,46.41,-539.1750000000001,61.035,73,48,-952,1344
2025-09-05 21:24:09.943000,587.145,-461.76,-493.545,146.055,93.015,75.855,-437.385,92.04,77,48,-951,1408
2025-09-05 21:24:09.946286,489.45,-239.265,-236.73,134.745,88.72500000000001,81.12,-176.085,73.32000000000001,77,48,-951,1408
2025-09-05 21:24:09.949571,603.9150000000001,-398.385,-357.63,178.23000000000002,100.425,86.775,-281.19,113.88,76,55,-938,1280
2025-09-05 21:24:09.952857,506.22,-153.27,-97.11,152.88,102.18,94.38,-14.625,102.18,76,55,-938,1280
2025-09-05 21:24:09.956143,305.37,74.10000000000001,131.04,90.87,77.61,79.56,204.555,73.515,78,47,-942,1344
2025-09-05 21:24:09.959429,81.51,235.365,307.515,29.835,42.9,53.82,365.82,28.275,71,51,-949,1408
2025-09-05 21:24:09.962714,-159.51000000000002,383.37,476.385,-36.855,6.825,21.84,544.0500000000001,-18.915,75,52,-948,1344
2025-09-05 21:24:09.966000,-308.88,364.455,441.09,-81.315,-22.23,-9.555,459.615,-46.8,78,53,-944,1344
2025-09-05 21:24:09.984286,-211.77,100.815,166.14,-62.595,-18.915,-7.41,176.475,-34.71,78,53,-944,1408
2025-09-05 21:24:10.002571,31.59,-158.34,-99.84,7.0200000000000005,12.675,11.895,-67.665,13.65,76,49,-936,1408
2025-09-05 21:24:10.020857,254.28,-303.42,-237.705,71.76,43.29,43.875,-192.465,60.06,79,53,-952,1408
2025-09-05 21:24:10.039143,440.31,-405.6,-334.815,123.63,72.15,68.055,-290.355,88.33500000000001,78,55,-949,1344
2025-09-05 21:24:10.057429,556.14,-369.915,-286.845,156.0,91.065,94.77,-199.095,95.16,76,50,-947,1408
2025-09-05 21:24:10.075714,465.855,-125.58,-28.275,136.5,96.33,92.43,55.38,81.705,76,50,-947,1408
2025-09-05 21:24:10.094000,258.96000000000004,111.735,210.99,85.605,77.805,78.19500000000001,285.285,60.45,79,49,-951,1408
2025-09-05 21:24:10.098429,42.120000000000005,290.55,397.8,29.25,48.36,56.16,460.98,28.47,77,49,-950,1408
2025-09-05 21:24:10.102857,-348.46500000000003,419.64,510.705,-91.65,-21.84,-15.21,523.575,-50.505,82,48,-946,1344
2025-09-05 21:24:10.107286,-245.7,163.02,251.355,-68.83500000000001,-15.99,-18.33,261.105,-33.93,66,48,-946,1408
2025-09-05 21:24:10.111714,-12.675,-105.69,-14.43,-3.9,15.21,10.725,12.48,14.625,75,49,-946,1408
2025-09-05 21:24:10.116143,202.605,-256.035,-174.33,60.84,46.02,41.925,-132.405,50.31,77,48,-959,1344
2025-09-05 21:24:10.120571,397.41,-336.765,-255.255,122.655,79.95,67.08,-223.665,95.55,79,50,-953,1280
2025-09-05 21:24:10.125000,533.325,-311.415,-195.78,154.05,108.81,99.45,-124.605,118.17,74,46,-953,1408
2025-09-05 21:24:10.125500,437.19,-72.345,49.335,130.65,101.985,98.085,127.725,103.935,80,47,-953,1408
2025-09-05 21:24:10.126000,494.52,-296.205,-165.75,142.74,101.595,92.43,-82.095,111.54,84,51,-945,1280
2025-09-05 21:24:10.126500,396.045,-67.08,77.805,126.165,101.985,90.87,164.97,103.35,79,50,-949,1408
2025-09-05 21:24:10.127000,196.365,157.365,301.665,70.98,75.66,75.075,372.645,65.13,79,50,-949,1408
2025-09-05 21:24:10.127500,-23.205,319.605,466.245,10.335,43.29,44.265,530.595,24.18,74,47,-934,1344
2025-09-05 21:24:10.128000,-259.545,468.78,618.5400000000001,-64.545,7.605,15.99,691.275,-28.86,79,52,-938,1344
2025-09-05 21:24:10.144000,-412.035,455.52,578.76,-107.64,-24.96,-20.475,604.5,-60.06,79,48,-944,1280
2025-09-05 21:24:10.149714,-317.65500000000003,195.195,304.98,-85.605,-28.47,-19.89,324.285,-39.0,79,45,-947,1344
2025-09-05 21:24:10.155429,-435.435,426.66,559.26,-115.83,-48.75,-27.885,578.1750000000001,-70.785,71,48,-949,1344
2025-09-05 21:24:10.161143,-327.015,174.72,284.895,-89.11500000000001,-47.190000000000005,-28.665000000000003,305.76,-51.870000000000005,74,47,-946,1344
2025-09-05 21:24:10.166857,-90.87,-93.6,21.255,-26.715,-14.82,-3.9,53.43,-14.82,74,47,-946,1344
2025-09-05 21:24:10.172571,129.675,-246.48,-140.01,43.095,18.525,23.595,-93.99,27.105,74,45,-945,1344
2025-09-05 21:24:10.178286,321.945,-318.825,-208.26,107.64,48.165,52.845,-170.625,68.83500000000001,75,49,-946,1280
2025-09-05 21:24:10.184000,455.52,-292.5,-174.72,147.42000000000002,75.66,80.925,-93.795,92.43,73,49,-945,1344
2025-09-05 21:24:10.185000,360.945,-65.91,66.885,118.95,75.27,83.07000000000001,149.76,76.83,74,51,-947,1344
2025-09-05 21:24:10.186000,445.965,-299.52,-193.83,138.45000000000002,74.88,66.495,-113.1,89.11500000000001,73,47,-943,1344
2025-09-05 21:24:10.187000,354.315,-73.905,42.705,115.635,76.635,66.69,120.705,73.515,72,51,-942,1344
2025-09-05 21:24:10.188000,151.905,148.395,269.49,65.52,49.53,53.82,330.33,38.805,72,51,-942,1344
2025-09-05 21:24:10.189000,-64.935,306.15000000000003,428.805,3.51,14.625,15.99,488.67,-7.0200000000000005,67,55,-944,1344
2025-09-05 21:24:10.190000,-302.64,447.135,590.265,-65.715,-24.765,-15.015,641.16,-57.525,71,52,-946,1408
2025-09-05 21:24:10.191000,-460.98,424.32,553.8000000000001,-114.855,-64.935,-48.555,552.24,-92.43,74,51,-945,1472
2025-09-05 21:24:10.193714,-360.36,171.6,279.63,-87.36,-65.325,-55.575,276.12,-78.78,72,51,-943,1408
2025-09-05 21:24:10.196429,-458.835,414.18,541.71,-117.0,-57.72,-58.695,548.34,-85.41,73,52,-950,1408
2025-09-05 21:24:10.199143,-357.63,162.82500000000002,258.57,-91.65,-56.16,-62.79,257.40000000000003,-66.495,76,51,-948,1280
2025-09-05 21:24:10.201857,-126.75,-99.06,-15.015,-29.445,-31.005000000000003,-33.54,7.215,-25.545,76,51,-948,1280
2025-09-05 21:24:10.204571,100.035,-254.475,-165.945,33.345,3.9,-4.29,-133.185,14.82,73,54,-952,1344
2025-09-05 21:24:10.207286,287.82,-333.64500000000004,-259.35,92.82,31.59,23.985,-227.76,57.72,72,52,-950,1344
2025-09-05 21:24:10.210000,430.95,-311.805,-224.445,132.99,61.815000000000005,52.260000000000005,-155.415,82.095,73,51,-953,1280
2025-09-05 21:24:10.214714,338.52000000000004,-93.21,21.255,109.785,62.595,54.99,86.97,72.15,73,51,-949,1280
2025-09-05 21:24:10.219429,430.17,-329.55,-251.355,130.065,62.595,45.825,-194.805,71.175,73,52,-950,1344
2025-09-05 21:24:10.224143,342.225,-109.395,-13.455,103.35,64.545,50.115,46.02,67.275,75,50,-948,1408
2025-09-05 21:24:10.228857,147.03,109.785,215.475,49.335,42.9,28.86,257.985,33.345,75,50,-948,1408
2025-09-05 21:24:10.233571,-64.35000000000001,268.71000000000004,383.175,-15.405,8.19,8.97,419.835,-11.31,74,52,-946,1408
2025-09-05 21:24:10.238286,-302.83500000000004,416.52,538.785,-85.605,-26.130000000000003,-23.205,578.37,-50.505,75,48,-947,1344
2025-09-05 21:24:10.243000,-456.69,410.28,511.095,-137.28,-57.915,-58.5,502.125,-84.24000000000001,77,48,-950,1408
2025-09-05 21:24:10.244714,-358.02000000000004,146.64,230.685,-112.515,-65.715,-63.57,217.62,-71.76,75,53,-953,1408
2025-09-05 21:24:10.246429,-126.945,-124.215,-47.385000000000005,-44.265,-33.735,-32.955,-39.585,-26.325,75,53,-953,1408
2025-09-05 21:24:10.248143,101.985,-272.61,-200.85,21.06,0.975,1.95,-175.5,20.085,79,51,-946,1408
2025-09-05 21:24:10.249857,289.38,-366.795,-297.96000000000004,75.855,27.3,18.33,-281.58,44.07,82,56,-952,1408
2025-09-05 21:24:10.251571,416.91,-378.69,-289.185,108.225,49.53,39.39,-224.835,60.84,76,52,-953,1408
2025-09-05 21:24:10.253286,335.985,-152.29500000000002,-41.73,86.97,50.505,46.41,26.52,40.755,76,48,-951,1344
2025-09-05 21:24:10.255000,135.72,80.145,193.05,32.175000000000004,29.445,27.3,238.68,5.655,76,48,-951,1344
2025-09-05 21:24:10.256714,-70.59,267.15000000000003,385.905,-25.545,0.78,13.065,425.49,-10.53,65,49,-950,1280
2025-09-05 21:24:10.258429,-463.32,399.75,510.9,-142.54500000000002,-68.83500000000001,-54.21,506.805,-81.315,67,47,-945,1408
2025-09-05 21:24:10.260143,-365.82,152.685,249.795,-117.195,-64.935,-64.155,231.27,-65.52,71,47,-948,1344
2025-09-05 21:24:10.261857,-129.87,-125.385,-40.17,-51.09,-39.78,-35.49,-28.86,-25.74,71,47,-948,1344
2025-09-05 21:24:10.263571,94.965,-278.07,-199.485,12.675,-8.19,-9.75,-180.18,15.405,68,47,-942,1344
2025-09-05 21:24:10.265286,288.40500000000003,-364.65,-280.8,75.075,25.155,21.06,-274.95,64.155,64,54,-947,1408
2025-09-05 21:24:10.267000,439.725,-347.49,-258.96000000000004,120.705,54.21,50.31,-209.235,89.31,71,52,-949,1408
2025-09-05 21:24:10.270857,355.095,-128.31,-19.695,98.475,56.16,53.04,30.225,74.295,74,50,-948,1344
2025-09-05 21:24:10.274714,-456.105,408.33,468.975,-131.43,-81.51,-49.14,448.695,-78.78,71,48,-939,1344
2025-09-05 21:24:10.278571,-360.36,160.485,208.26,-106.665,-79.75500000000001,-53.235,182.91,-68.64,76,49,-945,1472
2025-09-05 21:24:10.282429,-124.605,-118.95,-77.61,-41.34,-53.82,-33.345,-84.045,-24.765,76,49,-945,1472
2025-09-05 21:24:10.286286,99.255,-275.535,-238.875,24.18,-18.72,-3.12,-230.49,15.6,74,48,-933,1408
2025-09-05 21:24:10.290143,286.26,-367.38,-320.77500000000003,84.435,10.335,27.69,-311.61,63.57,74,48,-948,1408
2025-09-05 21:24:10.294000,436.41,-353.535,-298.15500000000003,124.995,39.195,60.06,-255.645,93.6,70,48,-950,1408
2025-09-05 21:24:10.294714,348.27000000000004,-135.33,-69.81,106.08,44.07,63.18,-28.275,83.265,71,49,-951,1472
2025-09-05 21:24:10.295429,-469.95,417.885,470.34,-125.58,-64.545,-58.89,454.35,-76.245,72,55,-954,1408
2025-09-05 21:24:10.296143,-372.45,176.085,184.86,-101.4,-64.155,-63.18,153.27,-65.52,67,53,-950,1408
2025-09-05 21:24:10.296857,-136.695,-97.89,-90.87,-39.975,-35.49,-36.855,-82.68,-22.035,70,51,-950,1344
2025-09-05 21:24:10.297571,88.14,-268.71000000000004,-258.18,25.545,-4.875,-13.26,-264.81,19.11,70,51,-947,1344
2025-09-05 21:24:10.298286,275.145,-366.99,-337.35,83.265,24.96,17.745,-342.42,60.06,64,59,-942,1408
2025-09-05 21:24:10.299000,433.29,-366.99,-304.785,125.19,59.475,52.260000000000005,-265.2,90.09,65,54,-944,1280
2025-09-05 21:24:10.305286,347.685,-137.28,-79.56,109.2,53.625,50.31,-58.695,76.44,69,48,-947,1408
2025-09-05 21:24:10.311571,439.14,-355.68,-358.02000000000004,127.53,53.625,45.63,-342.615,91.845,68,52,-952,1280
2025-09-05 21:24:10.317857,361.335,-130.26,-125.97,110.76,60.645,52.065000000000005,-81.9,84.825,69,52,-949,1408
2025-09-05 21:24:10.324143,163.8,101.01,117.78,61.620000000000005,34.515,32.955,131.04,46.02,70,50,-951,1408
2025-09-05 21:24:10.330429,-45.045,255.84,258.57,0.975,2.145,1.56,275.73,5.265000000000001,70,50,-951,1408
2025-09-05 21:24:10.336714,-269.88,401.895,415.155,-65.715,-29.445,-28.86,435.825,-43.29,71,41,-943,1280
2025-09-05 21:24:10.343000,-441.87,392.34,403.26,-114.465,-65.325,-60.45,384.54,-78.58500000000001,69,44,-942,1344
2025-09-05 21:24:10.343143,-346.32,128.895,127.92,-96.525,-68.25,-60.84,96.33,-70.005,68,45,-943,1344
2025-09-05 21:24:10.343286,-108.615,-129.09,-168.675,-28.665000000000003,-40.95,-48.36,-222.69,-27.3,66,49,-946,1408
2025-09-05 21:24:10.343429,123.435,-279.825,-347.295,34.32,-4.68,-15.6,-390.78,20.67,66,49,-946,1408
2025-09-05 21:24:10.343571,308.295,-377.52,-440.895,86.775,15.015,14.82,-410.28,53.235,65,54,-941,1408
2025-09-05 21:24:10.343714,460.59,-422.565,-469.95,123.63,36.855,30.81,-436.8,64.155,67,49,-946,1344
2025-09-05 21:24:10.343857,386.1,-199.095,-272.02500000000003,108.81,45.24,34.125,-237.51,48.36,70,52,-944,1280
2025-09-05 21:24:10.344000,207.87,54.405,21.84,67.275,32.370000000000005,33.15,54.6,38.805,67,52,-944,1408
2025-09-05 21:24:10.354429,8.19,231.075,179.985,7.41,9.945,5.655,193.635,10.92,67,52,-944,1408
2025-09-05 21:24:10.364857,-390.78,351.0,234.195,-112.125,-68.44500000000001,-76.245,149.37,-77.805,70,49,-949,1280
2025-09-05 21:24:10.375286,-290.55,81.315,6.825,-86.19,-64.935,-62.400000000000006,-3.315,-47.775,70,45,-945,1344
2025-09-05 21:24:10.385714,-48.165,-185.445,-312.0,-17.355,-44.655,-46.995000000000005,-273.195,-11.7,70,50,-942,1280
2025-09-05 21:24:10.396143,188.955,-371.085,-558.09,52.65,-14.625,-32.565,-653.835,23.4,70,50,-942,1280
2025-09-05 21:24:10.406571,390.39,-446.745,-717.405,107.25,16.38,-7.605,-797.94,64.74000000000001,62,51,-947,1344
2025-09-05 21:24:10.417000,559.065,-458.25,-626.535,154.83,53.82,35.1,-616.785,111.93,65,48,-947,1472
2025-09-05 21:24:10.418000,478.92,-238.68,-292.11,132.79500000000002,57.915,47.190000000000005,-114.66,107.835,68,47,-946,1408
2025-09-05 21:24:10.418167,371.865,-239.85,-628.2900000000001,104.715,31.785,10.335,-701.4150000000001,86.775,70,47,-944,1280
2025-09-05 21:24:10.418333,271.05,-29.64,-399.945,82.095,27.495,15.99,-463.32,73.125,71,48,-948,1344
2025-09-05 21:24:10.418500,58.5,206.31,-190.515,22.62,-2.34,-6.4350000000000005,-306.735,36.855,71,50,-948,1408
2025-09-05 21:24:10.418667,-171.79500000000002,364.65,-54.6,-48.36,-41.145,-30.615,-124.995,-5.265000000000001,71,50,-948,1408
2025-09-05 21:24:10.418833,-413.4,493.35,81.51,-118.17,-76.83,-69.22500000000001,3.9,-54.405,71,51,-962,1408
2025-09-05 21:24:10.419000,-603.525,473.655,60.45,-182.715,-116.61,-110.76,-83.46000000000001,-101.595,65,49,-955,1344
2025-09-05 21:24:10.422857,-525.915,192.66,-266.37,-170.04,-123.24,-126.165,-437.58,-88.53,68,46,-950,1344
2025-09-05 21:24:10.426714,-620.49,317.07,-57.330000000000005,-198.705,-145.665,-131.235,-154.05,-98.475,68,56,-947,1408
2025-09-05 21:24:10.430571,-530.01,66.69,-360.165,-179.595,-147.615,-137.67000000000002,-482.235,-84.24000000000001,69,54,-944,1344
2025-09-05 21:24:10.434429,-297.18,-214.11,-632.97,-109.2,-119.73,-109.395,-722.475,-45.435,69,51,-941,1344
2025-09-05 21:24:10.438286,-76.83,-379.47,-798.33,-42.315000000000005,-88.53,-82.68,-868.9200000000001,1.365,69,51,-941,1344
2025-09-05 21:24:10.442143,113.49,-459.81,-894.855,17.745,-51.09,-58.695,-979.485,47.385000000000005,62,48,-938,1344
2025-09-05 21:24:10.446000,271.44,-488.475,-891.735,57.915,-24.765,-29.25,-936.39,74.49000000000001,71,51,-943,1280
2025-09-05 21:24:10.451429,195.975,-267.15000000000003,-655.005,44.85,-24.375,-24.375,-701.025,59.865,73,50,-947,1344
2025-09-05 21:24:10.456857,301.86,-512.85,-841.4250000000001,55.965,-18.72,-26.715,-883.5450000000001,72.735,75,58,-948,1408
2025-09-05 21:24:10.462286,233.805,-284.7,-600.405,42.315000000000005,-17.94,-15.015,-629.85,58.695,74,53,-945,1344
2025-09-05 21:24:10.467714,42.120000000000005,-47.775,-355.875,-4.095,-36.855,-27.495,-406.185,22.815,72,51,-945,1344
2025-09-05 21:24:10.473143,-165.945,103.545,-189.93,-69.22500000000001,-63.18,-52.65,-241.41,-20.085,72,51,-945,1344
2025-09-05 21:24:10.478571,-391.755,250.77,-34.71,-141.57,-99.645,-84.825,-86.775,-68.83500000000001,81,47,-955,1344
2025-09-05 21:24:10.484000,-566.475,278.07,-27.495,-193.635,-136.11,-114.66,-119.73,-103.935,73,48,-945,1344
2025-09-05 21:24:10.487000,-475.02,10.14,-286.455,-170.82,-134.35500000000002,-114.465,-380.445,-89.50500000000001,72,49,-942,1408
2025-09-05 21:24:10.490000,-496.275,253.695,25.74,-163.60500000000002,-118.95,-99.06,-34.32,-96.72,72,51,-943,1344
2025-09-05 21:24:10.493000,-401.7,9.165,-208.26,-138.645,-110.565,-93.6,-273.975,-72.735,70,52,-945,1408
2025-09-05 21:24:10.496000,-170.625,-265.395,-477.36,-77.025,-82.875,-60.06,-528.0600000000001,-28.47,70,47,-949,1408
2025-09-05 21:24:10.499000,66.885,-439.14,-634.725,-7.41,-45.045,-33.345,-662.22,10.92,70,47,-949,1408
2025-09-05 21:24:10.502000,265.395,-532.155,-712.9200000000001,48.36,-13.26,-1.755,-746.85,53.625,66,50,-953,1408
2025-09-05 21:24:10.505000,436.995,-546.195,-715.26,99.255,21.45,33.735,-709.02,83.46000000000001,70,46,-944,1344
2025-09-05 21:24:10.505250,370.11,-318.24,-468.585,85.41,26.52,40.56,-461.76,78.0,68,53,-944,1344
2025-09-05 21:24:10.505500,-282.36,400.725,457.665,-85.02,-25.74,-27.495,481.26,-43.485,67,54,-949,1408
2025-09-05 21:24:10.505750,-205.725,161.265,204.945,-72.15,-28.08,-30.615,232.44,-35.685,69,53,-952,1408
2025-09-05 21:24:10.506000,25.935,-113.295,-76.245,-12.09,-7.605,-6.24,-25.35,9.945,71,50,-950,1408
2025-09-05 21:24:10.507000,255.255,-273.58500000000004,-226.785,53.82,27.885,25.155,-163.60500000000002,59.67,71,50,-950,1408
2025-09-05 21:24:10.508000,445.965,-357.63,-296.01,120.51,58.695,57.915,-240.63,101.205,74,50,-943,1408
2025-09-05 21:24:10.509000,604.89,-366.015,-291.915,165.555,95.745,86.58,-194.025,133.77,74,55,-948,1344
2025-09-05 21:24:10.513857,531.57,-156.78,-51.48,149.175,95.745,91.065,52.065000000000005,121.875,70,55,-951,1472
2025-09-05 21:24:10.518714,554.97,-327.015,-209.04,151.515,102.375,90.09,-101.01,121.485,63,57,-952,1280
2025-09-05 21:24:10.523571,473.265,-105.3,29.445,132.99,107.25,98.67,139.425,117.195,65,56,-951,1408
2025-09-05 21:24:10.528429,275.73,142.54500000000002,277.68,78.0,88.92,82.875,373.035,79.17,73,56,-949,1408
2025-09-05 21:24:10.533286,59.28,303.42,454.545,20.085,57.915,54.99,540.15,38.025,69,57,-951,1408
2025-09-05 21:24:10.538143,-172.57500000000002,458.64,614.64,-49.14,25.74,25.545,701.025,-10.335,69,57,-951,1408
2025-09-05 21:24:10.543000,-369.525,494.91,632.385,-105.3,-11.895,-15.015,677.625,-45.435,71,52,-941,1408
2025-09-05 21:24:10.543500,-297.96000000000004,256.035,378.3,-90.285,-12.285,-22.425,413.595,-32.565,67,50,-945,1344
2025-09-05 21:24:10.544000,-413.985,520.26,682.89,-110.76,-13.65,-23.4,721.11,-53.235,65,49,-949,1408
2025-09-05 21:24:10.548200,-338.91,273.195,409.305,-98.085,-22.035,-27.105,448.305,-37.44,67,51,-949,1344
2025-09-05 21:24:10.552400,-115.245,-23.4,110.175,-30.225,1.95,-7.800000000000001,165.75,-0.78,72,52,-951,1408
2025-09-05 21:24:10.556600,106.665,-202.41,-59.475,33.93,35.295,19.695,3.51,43.485,70,53,-952,1344
2025-09-05 21:24:10.560800,303.615,-281.58,-132.6,90.09,68.44500000000001,48.75,-71.175,84.825,70,53,-952,1344
2025-09-05 21:24:10.565000,465.66,-316.68,-145.47,136.695,101.79,87.94500000000001,-55.185,119.73,71,55,-935,1344
2025-09-05 21:24:10.565714,396.24,-91.455,84.24000000000001,126.165,107.64,87.165,176.67000000000002,111.15,72,57,-945,1344
2025-09-05 21:24:10.566429,439.14,-305.76,-160.29,135.915,89.31,72.15,-56.355,117.78,71,50,-940,1344
2025-09-05 21:24:10.567143,371.475,-94.77,69.03,122.07,98.67,81.12,171.21,108.03,73,53,-947,1344
2025-09-05 21:24:10.567857,176.28,155.415,308.88,66.69,73.515,64.545,396.825,76.05,73,51,-947,1408
2025-09-05 21:24:10.568571,-36.855,322.33500000000004,488.28,5.655,50.115,37.83,562.1850000000001,32.370000000000005,78,50,-950,1408
2025-09-05 21:24:10.569286,-266.955,462.54,616.395,-64.35000000000001,18.135,7.215,703.5600000000001,-14.625,78,50,-950,1408
2025-09-05 21:24:10.570000,-458.055,502.32,629.46,-124.215,-22.035,-35.49,664.95,-52.455,78,54,-953,1344
2025-09-05 21:24:10.574143,-385.125,252.525,363.285,-103.545,-23.4,-42.9,399.165,-50.895,77,54,-950,1408
2025-09-05 21:24:10.578286,-476.97,521.82,636.09,-111.54,-21.06,-40.95,657.345,-69.03,76,53,-958,1408
2025-09-05 21:24:10.582429,-403.26,268.71000000000004,369.525,-99.45,-29.835,-46.02,386.1,-53.43,73,55,-951,1344
2025-09-05 21:24:10.586571,-177.645,-7.605,74.10000000000001,-44.46,-7.605,-25.155,107.25,-14.04,77,56,-948,1344
2025-09-05 21:24:10.590714,51.09,-197.73,-99.06,18.525,22.425,2.9250000000000003,-48.36,32.175000000000004,74,57,-952,1408
2025-09-05 21:24:10.594857,248.625,-290.94,-186.42,75.27,54.795,28.47,-140.985,68.25,74,57,-952,1408
2025-09-05 21:24:10.599000,419.835,-316.29,-202.605,134.16,88.92,52.455,-123.435,102.375,79,51,-944,1408
2025-09-05 21:24:10.605429,356.07,-107.445,23.4,120.9,93.99,61.815000000000005,110.37,91.26,76,53,-946,1472
2025-09-05 21:24:10.611857,162.63,144.69,272.22,69.22500000000001,74.295,42.9,352.95,58.89,75,52,-947,1408
2025-09-05 21:24:10.618286,-51.48,312.39,440.895,9.36,38.415,18.33,510.12,14.625,77,55,-947,1344
2025-09-05 21:24:10.624714,-278.46000000000004,448.89,582.465,-69.03,1.56,-15.99,651.105,-41.535,77,55,-947,1344
2025-09-05 21:24:10.631143,-472.875,487.5,622.0500000000001,-121.68,-33.54,-49.92,642.72,-70.785,73,55,-953,1344
2025-09-05 21:24:10.637571,-401.7,250.77,357.63,-105.105,-45.63,-50.115,373.62,-58.5,73,55,-947,1280
2025-09-05 21:24:10.644000,-177.06,-41.34,59.67,-48.36,-16.965,-35.685,100.035,-18.135,73,57,-948,1408
2025-09-05 21:24:10.647500,49.53,-212.55,-108.81,20.085,12.87,-9.945,-62.79,23.4,74,57,-945,1408
2025-09-05 21:24:10.651000,404.43,-339.885,-257.01,131.82,71.76,50.115,-178.425,104.52,63,51,-941,1344
2025-09-05 21:24:10.654500,339.105,-141.765,-29.055,118.95,75.66,57.72,49.335,93.015,70,53,-950,1344
2025-09-05 21:24:10.658000,152.685,102.18,214.695,59.085,52.260000000000005,40.755,277.095,63.96,67,50,-949,1408
2025-09-05 21:24:10.661500,-60.06,278.65500000000003,388.635,0.0,27.105,13.455,452.985,18.72,65,50,-951,1344
2025-09-05 21:24:10.665000,-287.625,422.565,537.8100000000001,-62.400000000000006,-1.95,-15.015,592.215,-27.885,65,50,-951,1344
2025-09-05 21:24:10.668500,-489.06,468.78,555.945,-120.315,-41.73,-56.16,579.345,-66.3,68,54,-962,1280
2025-09-05 21:24:10.672000,-423.93,218.595,302.055,-109.2,-46.995000000000005,-62.205000000000005,312.39,-57.72,61,54,-947,1280
2025-09-05 21:24:10.675500,-491.205,464.49,577.005,-116.415,-40.755,-42.120000000000005,571.74,-72.54,77,46,-953,1408
2025-09-05 21:24:10.679000,-423.15,236.145,323.115,-103.155,-42.705,-53.43,319.995,-65.715,73,50,-937,1408
2025-09-05 21:24:10.682500,-204.555,-54.99,27.69,-41.145,-17.94,-31.98,28.665000000000003,-25.545,73,52,-940,1472
2025-09-05 21:24:10.686000,28.86,-221.52,-149.565,22.62,8.97,-11.895,-140.79,14.04,68,51,-946,1344
2025-09-05 21:24:10.689500,218.01,-302.83500000000004,-241.02,80.145,36.855,23.595,-227.955,53.04,68,51,-946,1344
2025-09-05 21:24:10.693000,389.415,-347.685,-263.25,132.405,76.635,55.38,-208.65,92.82,67,48,-941,1408
2025-09-05 21:24:10.693143,326.625,-143.32500000000002,-39.78,116.22,75.465,64.545,19.695,86.97,68,55,-948,1408
2025-09-05 21:24:10.693286,138.645,96.72,205.725,67.275,63.18,45.435,252.33,58.305,67,52,-949,1344
2025-09-05 21:24:10.693429,-76.245,271.635,376.155,5.265000000000001,34.515,19.695,419.445,18.33,71,51,-949,1408
2025-09-05 21:24:10.693571,-306.93,406.965,512.85,-67.86,-12.675,-19.695,554.58,-40.755,71,51,-949,1408
2025-09-05 21:24:10.693714,-507.585,438.36,541.905,-135.72,-47.97,-60.06,548.9250000000001,-84.825,70,54,-949,1408
2025-09-05 21:24:10.693857,-424.32,225.03,315.90000000000003,-116.805,-48.36,-59.28,306.15000000000003,-58.5,67,54,-950,1344
2025-09-05 21:24:10.694000,-210.6,-62.205000000000005,1.755,-55.575,-25.545,-45.63,4.095,-24.765,69,52,-952,1408
2025-09-05 21:24:10.697571,20.475,-230.1,-166.335,13.065,9.945,-16.575,-139.62,22.035,70,54,-948,1408
2025-09-05 21:24:10.701143,457.86,-378.885,-378.69,125.19,74.295,38.61,-338.52000000000004,86.385,74,54,-951,1280
2025-09-05 21:24:10.704714,416.325,-171.015,-196.95,115.635,72.345,43.875,-175.695,82.875,76,53,-957,1280
2025-09-05 21:24:10.708286,234.78,44.85,-50.895,65.325,46.02,17.55,-98.28,43.095,74,56,-954,1408
2025-09-05 21:24:10.711857,33.93,195.39,119.34,7.995,24.18,-11.7,18.525,5.8500000000000005,76,50,-948,1408
2025-09-05 21:24:10.715429,-177.645,319.02000000000004,240.63,-56.745000000000005,-10.92,-32.955,326.82,-33.735,74,46,-949,1280
2025-09-05 21:24:10.719000,-373.62,377.52,306.15000000000003,-117.39,-46.995000000000005,-66.495,382.785,-63.96,74,46,-949,1280
2025-09-05 21:24:10.719333,-297.18,137.28,40.17,-101.205,-49.335,-84.825,-31.98,-66.495,70,45,-950,1408
2025-09-05 21:24:10.719667,-66.105,-173.35500000000002,-264.42,-48.945,-30.42,-59.865,-277.68,-28.47,73,50,-950,1344
2025-09-05 21:24:10.720000,172.965,-333.45,-439.335,25.155,7.0200000000000005,-26.91,-381.03,20.085,75,50,-947,1472
2025-09-05 21:24:10.725750,364.26,-403.455,-567.645,80.34,26.91,-7.995,-605.865,36.27,70,46,-945,1408
2025-09-05 21:24:10.731500,531.96,-447.135,-736.71,125.385,42.9,-3.51,-892.515,42.51,70,46,-945,1408
2025-09-05 21:24:10.737250,456.3,-223.08,-401.505,119.535,54.795,26.130000000000003,-400.92,45.63,77,43,-949,1344
2025-09-05 21:24:10.743000,245.31,71.175,-172.38,59.475,34.905,4.29,-189.735,8.58,75,50,-949,1280
2025-09-05 21:24:10.743857,26.52,294.645,55.965,8.385,13.845,-7.800000000000001,100.425,-4.485,75,54,-948,1344
2025-09-05 21:24:10.744714,-448.305,558.285,281.77500000000003,-129.48000000000002,-67.08,-85.8,146.64,-103.35,72,51,-947,1408
2025-09-05 21:24:10.745571,-407.55,343.39500000000004,-15.21,-123.63,-78.19500000000001,-98.085,-161.85,-97.89,64,52,-955,1344
2025-09-05 21:24:10.746429,-211.965,63.57,-298.15500000000003,-72.735,-55.185,-76.83,-383.955,-57.135000000000005,68,49,-950,1344
2025-09-05 21:24:10.747286,-8.385,-99.84,-493.935,-15.21,-24.18,-52.065000000000005,-626.34,-20.475,74,47,-950,1280
2025-09-05 21:24:10.748143,161.46,-183.885,-635.505,33.93,0.975,-26.91,-772.7850000000001,16.965,75,47,-951,1344
2025-09-05 21:24:10.749000,321.945,-248.625,-650.91,80.145,28.47,9.36,-696.15,54.21,75,47,-951,1344
2025-09-05 21:24:10.755429,251.55,-50.505,-431.145,62.985,31.005000000000003,7.995,-490.035,39.585,81,47,-950,1408
2025-09-05 21:24:10.761857,260.13,-418.275,-834.6,50.31,8.775,-9.165,-905.775,40.56,79,53,-945,1344
2025-09-05 21:24:10.768286,209.82,-212.745,-629.655,44.85,15.21,1.17,-710.58,34.905,83,55,-952,1280
2025-09-05 21:24:10.774714,22.425,16.185000000000002,-393.51,-3.12,-1.365,-16.77,-486.72,0.195,76,57,-949,1280
2025-09-05 21:24:10.781143,-182.13,176.28,-217.23,-70.005,-35.49,-41.145,-302.25,-39.975,73,57,-946,1344
2025-09-05 21:24:10.787571,-407.355,321.165,-58.5,-128.505,-67.86,-66.105,-149.37,-86.775,77,54,-944,1344
2025-09-05 21:24:10.794000,-617.955,393.705,-8.97,-192.075,-97.89,-109.59,-139.23000000000002,-129.87,77,54,-944,1344
2025-09-05 21:24:10.795143,-555.36,138.255,-265.785,-181.545,-112.125,-116.415,-409.695,-126.555,70,57,-951,1408
2025-09-05 21:24:10.796286,-328.77000000000004,-148.98000000000002,-567.255,-120.12,-86.97,-95.745,-693.615,-83.655,80,54,-949,1344
2025-09-05 21:24:10.797429,-103.545,-341.445,-743.145,-57.330000000000005,-51.285,-67.47,-850.59,-34.515,76,53,-950,1344
2025-09-05 21:24:10.798571,88.14,-433.095,-836.745,1.56,-23.01,-38.22,-946.725,-10.725,78,57,-952,1408
2025-09-05 21:24:10.799714,269.49,-503.49,-891.735,45.435,9.165,-12.285,-954.915,10.92,78,57,-952,1408
2025-09-05 21:24:10.800857,218.595,-304.2,-658.32,35.88,12.87,-5.07,-718.38,6.24,82,60,-957,1408
2025-09-05 21:24:10.802000,34.515,-62.985,-406.965,-11.31,-8.97,-20.67,-473.85,-29.25,80,59,-949,1280
2025-09-05 21:24:10.802333,-157.755,132.405,-203.58,-62.400000000000006,-26.325,-35.49,-287.04,-43.485,79,55,-946,1408
2025-09-05 21:24:10.802667,-577.59,323.31,-11.115,-188.37,-104.13,-100.23,-128.70000000000002,-129.87,81,55,-944,1408
2025-09-05 21:24:10.803000,-514.995,82.485,-250.185,-180.96,-107.25,-100.23,-374.205,-119.73,76,59,-952,1344
2025-09-05 21:24:10.812750,-291.72,-201.435,-549.51,-121.29,-79.36500000000001,-80.145,-652.47,-77.61,76,59,-952,1344
2025-09-05 21:24:10.822500,-65.13,-380.25,-728.91,-55.185,-46.8,-52.260000000000005,-824.85,-36.66,73,58,-950,1344
2025-09-05 21:24:10.832250,132.21,-460.395,-789.5550000000001,2.9250000000000003,-11.505,-23.01,-874.1850000000001,10.335,78,55,-950,1408
2025-09-05 21:24:10.842000,324.285,-521.625,-831.6750000000001,57.135000000000005,22.035,10.92,-867.75,44.07,78,55,-950,1408
2025-09-05 21:24:10.842286,276.90000000000003,-304.785,-595.335,49.14,28.665000000000003,23.985,-620.6850000000001,31.98,77,48,-955,1280
2025-09-05 21:24:10.842571,97.89,-71.565,-338.325,5.8500000000000005,9.555,16.965,-370.695,8.385,72,51,-954,1344
2025-09-05 21:24:10.842857,-109.98,108.81,-154.63500000000002,-50.31,-20.865,-13.845,-202.605,-29.445,76,51,-953,1408
2025-09-05 21:24:10.843143,-329.745,237.9,0.0,-115.635,-58.11,-44.655,-48.36,-88.14,75,51,-950,1344
2025-09-05 21:24:10.843429,-542.2950000000001,288.21000000000004,50.115,-186.225,-107.64,-90.285,-35.295,-145.86,75,51,-950,1344
2025-09-05 21:24:10.843714,-474.63,58.695,-190.125,-172.185,-110.565,-97.695,-278.85,-137.67000000000002,73,54,-951,1344
2025-09-05 21:24:10.844000,-251.355,-230.49,-480.675,-110.76,-85.8,-69.81,-552.63,-96.135,77,49,-945,1344
2025-09-05 21:24:10.847286,-6.825,-382.98,-626.34,-35.49,-41.535,-25.545,-685.62,-20.28,78,51,-947,1344
2025-09-05 21:24:10.850571,396.24,-526.89,-742.95,82.29,29.835,33.15,-759.33,62.010000000000005,77,55,-947,1408
2025-09-05 21:24:10.853857,353.535,-326.235,-511.68,79.75500000000001,38.61,41.535,-515.58,56.355,76,52,-940,1344
2025-09-05 21:24:10.857143,175.305,-87.75,-260.52,29.445,17.745,28.86,-274.17,27.69,74,55,-947,1344
2025-09-05 21:24:10.860429,-25.35,84.435,-66.495,-25.545,-8.385,5.46,-80.34,-17.16,76,53,-950,1408
2025-09-05 21:24:10.863714,-240.435,236.925,101.595,-89.895,-41.73,-19.5,89.7,-55.77,75,58,-954,1408
2025-09-05 21:24:10.867000,-445.38,315.51,175.305,-149.175,-76.83,-56.940000000000005,111.735,-99.45,75,58,-954,1408
2025-09-05 21:24:10.870714,-374.4,71.175,-81.51,-137.085,-82.875,-58.5,-140.01,-100.23,72,59,-960,1280
2025-09-05 21:24:10.874429,-366.015,321.555,314.535,-107.25,-49.725,-23.985,283.92,-93.795,70,55,-948,1408
2025-09-05 21:24:10.878143,-294.255,101.205,63.18,-99.06,-57.72,-32.370000000000005,30.03,-80.34,72,60,-956,1408
2025-09-05 21:24:10.881857,-70.2,-178.23000000000002,-218.985,-40.95,-22.815,-10.725,-239.46,-33.54,73,58,-946,1408
2025-09-05 21:24:10.885571,166.92000000000002,-350.61,-374.985,33.345,9.36,25.155,-380.445,8.775,72,60,-946,1408
2025-09-05 21:24:10.889286,368.55,-430.365,-442.65,95.94,38.025,52.065000000000005,-449.28,55.38,72,55,-949,1344
2025-09-05 21:24:10.893000,563.94,-480.87,-485.94,153.85500000000002,72.93,91.065,-449.475,100.425,72,55,-949,1344
2025-09-05 21:24:10.893714,520.26,-275.73,-259.15500000000003,148.20000000000002,79.36500000000001,94.965,-210.405,95.745,69,55,-936,1408
2025-09-05 21:24:10.894429,345.345,-20.475,9.36,95.94,60.45,84.24000000000001,46.41,62.205000000000005,66,56,-952,1344
2025-09-05 21:24:10.895143,138.06,152.29500000000002,192.465,36.27,32.370000000000005,60.84,225.615,22.425,68,55,-951,1344
2025-09-05 21:24:10.895857,-93.21,290.55,350.02500000000003,-30.81,-7.41,21.255,394.485,-37.245000000000005,69,55,-950,1344
2025-09-05 21:24:10.896571,-321.945,367.77,416.13,-101.595,-49.725,-20.085,409.305,-97.5,69,55,-950,1344
2025-09-05 21:24:10.897286,-258.18,145.47,186.81,-81.12,-54.405,-24.765,173.55,-91.455,70,54,-968,1408
2025-09-05 21:24:10.898000,-41.34,-132.405,-95.16,-20.085,-32.370000000000005,0.0,-106.275,-58.695,65,46,-956,1344
2025-09-05 21:24:10.904571,201.045,-283.92,-242.19,55.77,12.675,42.51,-227.76,14.82,67,52,-956,1344
2025-09-05 21:24:10.911143,595.14,-413.01,-343.39500000000004,176.28,87.36,111.54,-289.38,100.815,71,55,-950,1408
2025-09-05 21:24:10.917714,547.95,-207.285,-116.025,166.53,92.04,122.265,-59.67,99.84,67,55,-944,1344
2025-09-05 21:24:10.924286,360.555,45.045,147.81,113.88,73.125,108.42,198.705,60.45,67,57,-951,1280
2025-09-05 21:24:10.930857,153.85500000000002,220.35,331.305,49.53,49.335,78.58500000000001,372.06,24.375,69,59,-951,1408
2025-09-05 21:24:10.937429,-70.005,363.48,480.48,-11.505,16.77,49.725,532.155,-18.33,69,56,-950,1408
2025-09-05 21:24:10.944000,-297.375,452.985,561.21,-74.49000000000001,-20.475,13.065,567.255,-56.745000000000005,69,56,-950,1408
2025-09-05 21:24:10.951000,-251.55,219.96,315.12,-70.2,-23.79,-1.56,320.77500000000003,-54.405,68,56,-952,1344
2025-09-05 21:24:10.958000,-334.62,496.275,649.35,-75.465,-13.845,11.115,668.46,-75.465,66,56,-946,1280
2025-09-05 21:24:10.965000,-290.16,279.435,406.965,-71.175,-23.595,3.9,429.195,-62.400000000000006,68,54,-961,1280
2025-09-05 21:24:10.972000,-70.785,-22.425,102.375,-12.285,3.12,20.475,138.255,-25.155,74,51,-953,1344
2025-09-05 21:24:10.979000,157.755,-196.56,-77.415,55.575,28.665000000000003,51.870000000000005,-31.785,12.285,73,54,-950,1344
2025-09-05 21:24:10.986000,345.54,-267.345,-158.34,111.93,66.105,78.78,-106.47,55.575,74,54,-948,1344
2025-09-05 21:24:10.993000,536.445,-333.255,-199.29,169.65,101.01,117.78,-107.835,93.21,74,54,-948,1472
2025-09-05 21:24:10.995714,488.475,-133.77,15.015,170.235,102.765,126.945,117.39,90.48,71,57,-947,1472
2025-09-05 21:24:10.998429,295.035,115.44,270.27,114.66,89.895,107.835,353.34000000000003,58.305,73,59,-947,1344
2025-09-05 21:24:11.001143,81.12,279.435,449.67,54.405,55.185,81.9,521.04,18.135,69,59,-948,1344
2025-09-05 21:24:11.003857,-152.1,413.79,588.51,-17.16,16.575,41.73,657.15,-50.895,68,53,-950,1344
2025-09-05 21:24:11.006571,-380.055,485.745,657.735,-87.555,-26.715,-2.9250000000000003,693.615,-91.65,68,53,-950,1280
2025-09-05 21:24:11.009286,-317.07,283.53000000000003,437.58,-73.32000000000001,-22.035,-10.92,461.76,-63.765,71,56,-951,1280
2025-09-05 21:24:11.012000,-106.665,-7.0200000000000005,122.655,-16.38,-2.34,6.4350000000000005,146.835,-24.96,73,49,-955,1408
2025-09-05 21:24:11.013000,126.75,-183.69,-50.31,47.190000000000005,33.93,35.49,-1.56,25.35,72,47,-949,1344
2025-09-05 21:24:11.013833,438.945,-330.135,-202.995,132.21,74.10000000000001,71.37,-143.13,80.34,67,53,-946,1280
2025-09-05 21:24:11.014667,390.0,-128.115,12.87,124.8,78.78,77.025,89.31,78.39,67,53,-946,1280
2025-09-05 21:24:11.015500,201.825,115.635,255.645,75.075,58.5,59.865,319.41,43.485,69,56,-950,1408
2025-09-05 21:24:11.016333,-7.41,283.725,431.34,12.09,31.98,34.515,484.185,-0.78,73,50,-946,1344
2025-09-05 21:24:11.017167,-232.05,433.875,586.5600000000001,-52.845,-0.195,-0.78,638.0400000000001,-42.9,72,52,-948,1344
2025-09-05 21:24:11.018000,-455.52,522.6,664.5600000000001,-118.365,-43.875,-33.345,671.97,-85.8,70,50,-950,1344
2025-09-05 21:24:11.022286,-409.5,284.895,416.325,-112.125,-53.625,-46.215,415.155,-80.73,70,50,-950,1344
2025-09-05 21:24:11.026571,-475.215,541.71,681.525,-120.315,-55.77,-46.41,672.36,-80.145,71,49,-946,1280
2025-09-05 21:24:11.030857,-425.49,312.58500000000004,437.58,-109.98,-57.525,-60.645,420.42,-75.66,71,49,-946,1280
2025-09-05 21:24:11.035143,-212.55,18.135,123.63,-49.53,-36.465,-43.095,121.095,-36.27,69,54,-948,1344
2025-09-05 21:24:11.039429,12.675,-163.995,-80.535,9.945,0.0,-16.965,-69.81,11.115,70,52,-951,1344
2025-09-05 21:24:11.043714,205.92,-239.655,-139.425,76.245,35.295,12.87,-135.525,50.895,70,47,-952,1408
2025-09-05 21:24:11.048000,404.04,-306.54,-202.02,128.505,63.18,51.285,-159.51000000000002,89.31,69,49,-952,1344
2025-09-05 21:24:11.056143,364.845,-110.565,12.285,130.065,74.295,55.965,57.72,79.75500000000001,69,49,-952,1344
2025-09-05 21:24:11.064286,404.625,-337.15500000000003,-225.615,137.865,60.06,44.07,-193.635,86.385,66,48,-950,1344
2025-09-05 21:24:11.072429,366.405,-140.01,-15.795,125.58,73.515,63.765,31.785,93.015,66,48,-950,1344
2025-09-05 21:24:11.080571,182.13,98.28,228.345,79.75500000000001,49.725,38.805,259.15500000000003,60.84,77,47,-947,1344
2025-09-05 21:24:11.088714,-31.200000000000003,262.86,406.77,18.525,18.33,12.87,432.705,19.11,74,51,-948,1344
2025-09-05 21:24:11.096857,-250.77,413.79,547.1700000000001,-52.065000000000005,-15.405,-12.285,577.395,-29.835,71,52,-948,1408
2025-09-05 21:24:11.105000,-480.87,510.9,640.575,-120.51,-50.505,-52.065000000000005,627.705,-74.49000000000001,68,50,-948,1344
2025-09-05 21:24:11.105200,-437.19,288.40500000000003,385.515,-116.22,-62.205000000000005,-63.18,371.67,-68.055,68,50,-948,1344
2025-09-05 21:24:11.105400,-226.005,2.73,81.51,-54.015,-37.05,-43.095,85.8,-25.74,63,51,-948,1344
2025-09-05 21:24:11.105600,7.41,-189.93,-104.13,7.995,-4.095,-14.235,-89.895,19.11,69,51,-954,1344
2025-09-05 21:24:11.105800,191.88,-285.87,-188.565,58.5,24.765,14.04,-176.475,43.875,72,52,-953,1472
2025-09-05 21:24:11.106000,379.275,-371.28,-269.685,110.175,51.870000000000005,39.585,-228.345,63.96,68,54,-948,1344
2025-09-05 21:24:11.136500,334.425,-166.14,-52.455,109.785,59.085,49.14,-6.045,61.815000000000005,68,54,-948,1344
2025-09-05 21:24:11.167000,155.22,92.04,205.92,59.475,49.53,39.39,245.505,23.595,68,49,-956,1408
2025-09-05 21:24:11.171000,-39.585,280.605,404.04,9.36,28.275,19.305,437.97,6.825,64,49,-956,1280
2025-09-05 21:24:11.175000,-484.965,513.825,633.1650000000001,-116.805,-48.165,-51.09,612.69,-72.345,65,52,-950,1344
2025-09-05 21:24:11.179000,-441.675,269.685,380.055,-112.71,-55.965,-60.45,355.29,-63.765,65,52,-950,1344
2025-09-05 21:24:11.183000,-228.54,-27.495,76.83,-54.21,-33.93,-39.0,61.425,-25.935,63,53,-942,1344
2025-09-05 21:24:11.187000,5.8500000000000005,-211.575,-113.49,13.845,-2.535,-4.485,-114.66,20.865,71,48,-956,1344
2025-09-05 21:24:11.191000,196.755,-302.64,-193.05,70.785,30.42,20.28,-188.565,67.275,68,49,-953,1344
2025-09-05 21:24:11.195000,393.315,-368.94,-257.79,127.92,68.25,48.555,-224.445,106.86,67,51,-952,1344
2025-09-05 21:24:11.199429,358.8,-165.36,-53.04,118.56,74.10000000000001,56.745000000000005,-11.7,94.185,67,51,-952,1344
2025-09-05 21:24:11.203857,398.58,-379.47,-298.545,123.825,62.79,46.02,-263.445,104.325,68,49,-950,1344
2025-09-05 21:24:11.208286,360.945,-182.13,-71.37,117.195,76.44,56.55,-15.6,106.665,68,49,-950,1344
2025-09-05 21:24:11.212714,178.425,57.330000000000005,175.305,65.715,57.915,44.46,194.22,76.05,68,44,-944,1408
2025-09-05 21:24:11.217143,-23.79,228.15,333.84000000000003,16.575,31.005000000000003,14.04,351.39,41.535,62,52,-950,1280
2025-09-05 21:24:11.221571,-248.235,386.88,475.605,-50.7,2.145,-10.335,499.395,-7.605,66,49,-948,1408
2025-09-05 21:24:11.226000,-474.045,471.315,564.135,-119.145,-42.120000000000005,-50.895,544.83,-55.77,66,51,-949,1344
2025-09-05 21:24:11.229857,-434.265,240.24,313.365,-116.415,-47.775,-59.865,302.83500000000004,-51.285,66,51,-949,1344
2025-09-05 21:24:11.233714,-224.25,-45.24,-0.975,-57.330000000000005,-28.665000000000003,-45.24,-41.925,-15.99,73,57,-948,1280
2025-09-05 21:24:11.237571,3.315,-227.565,-183.105,10.14,4.68,-13.26,-187.395,28.47,79,48,-948,1408
2025-09-05 21:24:11.241429,199.485,-313.17,-293.28000000000003,70.2,29.64,8.58,-318.435,54.405,73,50,-949,1344
2025-09-05 21:24:11.245286,389.22,-403.845,-390.585,117.39,61.620000000000005,29.835,-382.59,77.025,72,47,-951,1344
2025-09-05 21:24:11.249143,361.14,-198.51,-197.925,118.17,70.005,36.465,-173.35500000000002,67.08,72,47,-951,1344
2025-09-05 21:24:11.253000,179.985,40.365,51.48,74.295,48.945,25.935,16.575,35.295,64,43,-945,1344
2025-09-05 21:24:11.262286,-19.5,229.71,312.39,28.86,40.95,20.865,371.865,30.615,64,45,-948,1344
2025-09-05 21:24:11.271571,-454.35,464.49,536.445,-102.57,-35.685,-56.745000000000005,527.085,-64.74000000000001,69,49,-950,1408
2025-09-05 21:24:11.280857,-405.405,230.685,269.295,-94.185,-44.265,-67.275,260.91,-52.260000000000005,69,49,-950,1408
2025-09-05 21:24:11.290143,-181.545,-93.795,-112.71,-40.755,-27.69,-63.57,-207.09,-27.3,71,50,-947,1344
2025-09-05 21:24:11.299429,65.715,-266.955,-373.815,34.71,-0.195,-36.66,-468.78,16.185000000000002,71,46,-944,1344
2025-09-05 21:24:11.308714,271.44,-371.865,-462.15,99.84,31.59,-0.39,-466.83,63.375,72,41,-947,1280
2025-09-05 21:24:11.318000,484.185,-465.27,-487.695,158.73000000000002,73.71000000000001,39.975,-436.41,106.47,72,44,-948,1344
2025-09-05 21:24:11.321857,466.44,-275.925,-278.85,157.365,78.58500000000001,48.555,-218.205,102.375,72,44,-948,1344
2025-09-05 21:24:11.325714,292.11,-39.585,-148.785,109.59,55.185,23.595,-121.095,70.005,77,46,-946,1344
2025-09-05 21:24:11.329571,90.675,148.59,-138.645,45.63,23.01,-13.845,-260.13,22.425,71,51,-936,1344
2025-09-05 21:24:11.333429,-132.79500000000002,276.51,189.345,-13.455,-5.655,-25.74,233.415,-19.5,68,54,-941,1408
2025-09-05 21:24:11.337286,-380.445,400.335,318.435,-85.41,-55.575,-63.18,441.48,-78.78,70,54,-947,1280
2025-09-05 21:24:11.341143,-351.58500000000004,186.42,51.870000000000005,-88.92,-64.545,-87.75,-40.365,-90.48,70,54,-947,1280
2025-09-05 21:24:11.345000,-153.07500000000002,-66.3,-288.795,-32.370000000000005,-42.705,-68.25,-383.76,-56.55,71,53,-940,1472
2025-09-05 21:24:11.346000,70.59,-167.505,-411.45,41.73,4.875,-32.175000000000004,-486.72,10.53,76,57,-950,1344
2025-09-05 21:24:11.351833,413.01,-261.3,-602.355,147.225,56.355,14.04,-740.025,79.95,71,46,-946,1280
2025-09-05 21:24:11.357667,351.58500000000004,-43.875,-386.685,136.305,69.22500000000001,27.885,-444.015,83.655,71,46,-946,1280
2025-09-05 21:24:11.363500,141.18,220.545,-180.57,75.465,47.385000000000005,-3.51,-265.98,47.385000000000005,71,45,-957,1344
2025-09-05 21:24:11.369333,-96.135,369.33,2.34,1.365,8.58,-29.835,-90.285,4.68,69,41,-946,1344
2025-09-05 21:24:11.375167,-339.3,495.885,159.51000000000002,-70.395,-30.615,-60.84,158.34,-39.585,74,45,-942,1344
2025-09-05 21:24:11.381000,-587.145,582.075,273.39,-151.125,-76.44,-98.475,245.505,-91.845,72,48,-945,1280
2025-09-05 21:24:11.382000,-566.865,334.23,-15.6,-145.47,-94.965,-119.535,-112.515,-102.375,72,48,-945,1408
2025-09-05 21:24:11.386000,241.605,-536.445,-928.785,66.69,3.9,-21.645,-976.95,46.8,73,53,-953,1344
2025-09-05 21:24:11.390400,210.6,-350.805,-704.535,66.105,22.62,-5.46,-748.8000000000001,49.92,71,54,-951,1280
2025-09-05 21:24:11.394800,34.32,-111.15,-461.37,17.16,-0.39,-20.67,-501.15,16.575,71,54,-951,1280
2025-09-05 21:24:11.399200,-168.675,52.455,-288.99,-44.265,-27.105,-46.215,-328.575,-26.130000000000003,69,46,-948,1280
2025-09-05 21:24:11.403600,-378.3,195.975,-131.43,-101.205,-56.16,-70.395,-182.325,-67.47,73,51,-949,1280
2025-09-05 21:24:11.408000,-606.45,313.56,-17.55,-168.285,-90.87,-108.615,-109.98,-113.295,74,51,-948,1344
2025-09-05 21:24:11.413143,-569.79,87.165,-249.405,-165.165,-99.255,-124.995,-355.68,-110.565,71,52,-952,1472
2025-09-05 21:24:11.418286,485.745,-576.615,-687.57,126.945,52.845,38.415,-658.125,100.62,62,45,-954,1408
2025-09-05 21:24:11.423429,469.95,-382.59,-468.78,132.405,64.545,56.745000000000005,-417.69,108.81,64,45,-952,1408
2025-09-05 21:24:11.428571,305.76,-141.57,-200.07,85.8,48.36,46.8,-152.685,79.56,64,45,-952,1408
2025-09-05 21:24:11.433714,109.005,29.055,-4.68,31.59,22.815,24.96,38.805,46.8,71,47,-965,1280
2025-09-05 21:24:11.438857,-101.595,195.585,170.625,-35.49,-10.335,-6.4350000000000005,211.965,6.045,66,48,-957,1408
2025-09-05 21:24:11.444000,-336.18,299.325,294.645,-109.98,-50.895,-44.07,298.545,-50.505,70,48,-956,1344
2025-09-05 21:24:11.444111,-296.985,84.24000000000001,65.715,-93.795,-63.18,-49.92,55.575,-50.505,74,49,-952,1408
2025-09-05 21:24:11.444222,-82.875,-194.61,-213.72,-35.49,-40.755,-35.49,-217.035,-3.315,74,49,-952,1408
2025-09-05 21:24:11.444333,166.14,-382.395,-387.465,36.075,-6.045,3.9,-370.89,45.63,69,50,-948,1408
2025-09-05 21:24:11.444444,367.965,-474.63,-465.66,95.355,27.3,31.395,-440.31,74.88,77,47,-950,1344
2025-09-05 21:24:11.444556,565.5,-566.865,-535.665,151.32,55.965,58.11,-472.485,104.52,73,46,-951,1408
2025-09-05 21:24:11.444667,549.705,-355.68,-303.225,151.905,73.905,75.465,-225.03,98.865,75,45,-948,1344
2025-09-05 21:24:11.444778,376.935,-87.165,-13.455,111.15,60.45,69.22500000000001,58.5,69.81,75,45,-948,1344
2025-09-05 21:24:11.444889,186.03,117.585,216.45,62.010000000000005,39.39,55.575,278.46000000000004,67.665,82,47,-941,1344
2025-09-05 21:24:11.445000,-268.71000000000004,386.685,484.575,-74.49000000000001,-32.565,-8.97,509.34,-19.5,77,49,-945,1408
2025-09-05 21:24:11.449000,-237.51,182.91,273.0,-73.125,-35.49,-18.525,290.94,-13.26,77,47,-945,1344
2025-09-05 21:24:11.453000,-31.005000000000003,-102.96,1.95,-15.405,-14.235,-3.51,30.615,19.5,77,47,-945,1344
2025-09-05 21:24:11.457000,209.82,-280.8,-167.70000000000002,54.405,17.355,31.200000000000003,-123.825,61.620000000000005,73,52,-948,1344
2025-09-05 21:24:11.461000,411.255,-345.54,-220.545,119.34,52.65,62.205000000000005,-173.745,104.325,84,49,-952,1344
2025-09-05 21:24:11.465000,613.275,-421.785,-292.89,181.155,89.11500000000001,91.845,-218.985,150.15,82,51,-952,1408
2025-09-05 21:24:11.470000,585.585,-220.935,-68.83500000000001,174.525,99.84,102.18,18.915,148.20000000000002,80,50,-947,1408
2025-09-05 21:24:11.475000,554.97,-338.13,-150.54,178.23000000000002,89.11500000000001,95.94,-64.545,140.79,78,48,-935,1280
2025-09-05 21:24:11.480000,523.1850000000001,-128.895,83.85000000000001,173.94,103.935,108.615,184.47,147.03,76,44,-937,1280
2025-09-05 21:24:11.485000,331.305,127.53,342.03000000000003,122.07,84.63000000000001,97.5,433.485,117.195,76,44,-937,1280
2025-09-05 21:24:11.490000,118.56,296.01,528.84,63.96,52.845,71.76,616.98,71.175,77,44,-931,1344
2025-09-05 21:24:11.495000,-109.395,437.775,665.34,-8.58,17.745,40.755,764.4,29.64,77,46,-939,1408
2025-09-05 21:24:11.500000,-352.95,553.41,781.95,-82.875,-18.33,0.78,844.155,-23.01,79,49,-937,1280
2025-09-05 21:24:11.504143,-333.255,330.33,552.63,-83.46000000000001,-30.42,-14.82,595.53,-20.28,79,45,-939,1408
2025-09-05 21:24:11.508286,-134.55,33.15,245.7,-23.595,-9.36,1.56,301.47,14.04,79,45,-939,1408
2025-09-05 21:24:11.512429,97.11,-156.975,58.305,43.095,23.205,32.76,122.07,52.065000000000005,66,48,-949,1472
2025-09-05 21:24:11.516571,285.285,-250.77,-37.83,97.695,47.97,53.625,30.225,77.415,77,42,-947,1408
2025-09-05 21:24:11.520714,465.465,-349.245,-116.415,149.37,76.44,78.39,-23.595,104.325,77,42,-946,1344
2025-09-05 21:24:11.524857,443.04,-148.005,94.38,148.59,84.825,85.02,203.97,100.62,74,44,-943,1344
2025-09-05 21:24:11.529000,258.765,116.025,366.795,104.91,68.83500000000001,72.54,462.54,66.495,74,44,-943,1344
2025-09-05 21:24:11.529429,60.06,310.635,576.03,51.870000000000005,45.825,57.72,662.61,58.89,78,49,-945,1344
2025-09-05 21:24:11.529857,-402.285,567.255,837.9150000000001,-83.655,-33.735,-11.115,880.62,-36.27,71,51,-940,1344
2025-09-05 21:24:11.530286,-383.175,350.22,605.475,-85.41,-48.945,-25.935,631.41,-35.1,74,50,-939,1344
2025-09-05 21:24:11.530714,-186.42,60.255,301.86,-27.3,-30.225,-9.555,335.985,-3.9,74,50,-939,1344
2025-09-05 21:24:11.531143,38.805,-127.14,104.52,36.465,2.73,23.79,157.365,41.535,69,50,-943,1344
2025-09-05 21:24:11.531571,231.27,-208.26,19.89,97.5,33.54,48.945,76.05,82.485,74,48,-946,1344
2025-09-05 21:24:11.532000,434.655,-287.04,-64.35000000000001,156.78,70.785,74.10000000000001,22.035,128.31,73,47,-948,1280
2025-09-05 21:24:11.543429,414.18,-101.01,144.885,150.54,80.145,84.045,247.65,123.825,73,51,-943,1344
2025-09-05 21:24:11.554857,408.72,-307.71000000000004,-91.845,142.935,54.6,59.085,-1.17,115.44,67,49,-951,1344
2025-09-05 21:24:11.566286,387.66,-117.975,103.35,146.64,68.44500000000001,70.98,213.33,113.49,68,46,-951,1280
2025-09-05 21:24:11.577714,210.795,138.645,370.89,95.55,50.505,61.620000000000005,470.73,86.97,68,46,-951,1280
2025-09-05 21:24:11.589143,7.605,310.635,546.0,35.49,23.01,42.51,633.1650000000001,48.555,74,45,-946,1344
2025-09-05 21:24:11.600571,-216.645,453.765,691.47,-27.885,-12.09,11.895,774.735,6.63,67,48,-943,1344
2025-09-05 21:24:11.612000,-452.01,563.745,796.77,-103.155,-54.015,-28.665000000000003,841.62,-43.68,65,44,-946,1280
2025-09-05 21:24:11.612500,-435.825,348.27000000000004,554.58,-105.105,-65.52,-46.8,588.51,-46.41,63,46,-950,1344
2025-09-05 21:24:11.613000,-458.25,543.075,768.495,-105.3,-56.745000000000005,-28.47,813.5400000000001,-56.16,61,51,-954,1408
2025-09-05 21:24:11.614400,-431.73,338.52000000000004,536.0550000000001,-101.205,-66.69,-40.17,560.04,-50.505,62,49,-954,1408
2025-09-05 21:24:11.615800,-231.27,42.315000000000005,217.035,-43.485,-46.41,-28.86,266.175,-15.405,62,49,-954,1344
2025-09-05 21:24:11.617200,-1.56,-152.1,18.72,21.45,-11.505,-9.555,86.19,28.08,58,47,-949,1344
2025-09-05 21:24:11.618600,203.775,-235.56,-64.35000000000001,83.85000000000001,17.55,24.57,9.165,70.59,65,46,-953,1472
2025-09-05 21:24:11.620000,409.305,-334.035,-144.69,145.86,49.53,58.305,-54.6,114.075,68,50,-951,1408
2025-09-05 21:24:11.630571,390.78,-147.81,46.995000000000005,142.935,53.43,65.13,158.535,113.685,71,45,-954,1344
2025-09-05 21:24:11.641143,215.28,102.375,310.635,99.84,38.22,53.82,408.33,89.11500000000001,71,45,-954,1280
2025-09-05 21:24:11.651714,11.115,276.315,484.965,33.735,17.94,28.665000000000003,578.37,48.75,74,41,-949,1280
2025-09-05 21:24:11.662286,-214.305,420.81,626.9250000000001,-33.345,-19.11,-7.41,720.525,-12.285,70,47,-951,1344
2025-09-05 21:24:11.672857,-468.975,518.895,718.965,-113.1,-70.005,-51.675,778.44,-80.145,71,48,-952,1408
2025-09-05 21:24:11.683429,-444.015,315.51,490.23,-113.1,-79.95,-63.96,543.075,-85.215,70,49,-953,1408
2025-09-05 21:24:11.694000,-235.755,43.095,192.66,-48.555,-50.31,-41.925,252.33,-31.005000000000003,70,49,-953,1344
2025-09-05 21:24:11.694857,6.63,-141.18,8.97,21.255,-13.455,-10.53,71.955,26.52,67,47,-951,1344
2025-09-05 21:24:11.695714,409.695,-327.6,-168.48000000000002,142.54500000000002,49.92,56.16,-70.2,105.69,71,48,-952,1280
2025-09-05 21:24:11.696571,401.31,-138.255,50.895,142.155,62.400000000000006,73.32000000000001,155.22,107.25,72,48,-949,1344
2025-09-05 21:24:11.697429,228.54,107.445,298.545,101.205,48.75,63.96,401.31,72.15,70,50,-949,1344
2025-09-05 21:24:11.698286,21.645,275.145,467.415,38.025,18.135,34.71,558.6750000000001,32.76,70,50,-953,1344
2025-09-05 21:24:11.699143,-190.515,421.59,602.16,-29.25,-16.965,1.56,689.325,-16.575,70,45,-945,1408
2025-09-05 21:24:11.700000,-432.9,533.325,721.5,-98.67,-55.77,-37.05,775.125,-60.84,71,45,-945,1344
2025-09-05 21:24:11.700857,-413.01,328.96500000000003,498.03,-101.4,-70.59,-50.7,529.23,-66.3,73,45,-945,1344
2025-09-05 21:24:11.701714,-432.705,510.12,710.19,-102.765,-61.815000000000005,-31.785,752.505,-62.205000000000005,74,43,-941,1344
2025-09-05 21:24:11.702571,-415.935,315.51,485.745,-102.57,-74.295,-45.825,514.02,-70.395,74,42,-941,1408
2025-09-05 21:24:11.703429,-216.645,17.94,178.815,-47.775,-57.135000000000005,-35.88,216.45,-38.805,76,44,-944,1344
2025-09-05 21:24:11.704286,21.84,-184.275,-30.615,14.235,-20.475,-5.46,21.06,0.195,76,44,-944,1344
2025-09-05 21:24:11.705143,224.835,-280.8,-112.515,75.66,15.795,25.35,-60.84,47.58,80,42,-943,1408
2025-09-05 21:24:11.706000,430.365,-377.13,-197.73,138.45000000000002,46.215,57.525,-134.35500000000002,85.605,74,44,-941,1344
2025-09-05 21:24:11.710714,412.62,-193.44,-1.56,139.035,50.7,64.35000000000001,82.68,82.29,75,43,-943,1280
2025-09-05 21:24:11.715429,480.285,-440.505,-337.15500000000003,143.13,27.105,48.36,-317.07,81.705,74,45,-951,1280
2025-09-05 21:24:11.720143,472.875,-258.18,-223.86,140.595,36.465,51.675,-205.53,88.14,70,45,-947,1408
2025-09-05 21:24:11.724857,308.1,-24.96,-17.55,94.77,25.35,39.195,-48.75,54.21,72,46,-945,1344
2025-09-05 21:24:11.729571,117.0,158.34,154.05,42.51,-4.68,21.06,123.825,19.11,72,46,-945,1344
2025-09-05 21:24:11.734286,-96.525,274.365,300.495,-22.23,-35.88,-11.31,306.735,-27.69,60,48,-951,1280
2025-09-05 21:24:11.739000,-329.55,382.395,331.11,-92.43,-77.415,-61.815000000000005,226.98,-77.61,68,49,-949,1408
2025-09-05 21:24:11.742714,-307.71000000000004,159.9,174.525,-91.455,-88.53,-62.010000000000005,180.765,-69.03,65,50,-949,1344
2025-09-05 21:24:11.746429,-96.915,-136.695,-100.815,-29.445,-62.79,-46.8,-93.795,-28.47,68,49,-945,1408
2025-09-05 21:24:11.750143,160.68,-338.13,-334.425,36.66,-36.66,-18.915,-291.52500000000003,19.89,68,49,-945,1408
2025-09-05 21:24:11.753857,367.77,-454.155,-576.4200000000001,89.7,-13.65,-13.455,-636.285,35.88,69,45,-939,1344
2025-09-05 21:24:11.757571,589.6800000000001,-537.03,-733.005,155.22,20.865,22.035,-867.5550000000001,87.165,66,47,-943,1408
2025-09-05 21:24:11.761286,592.41,-338.325,-528.84,159.9,39.78,39.39,-534.495,91.455,65,44,-943,1280
2025-09-05 21:24:11.765000,424.32,-74.10000000000001,-115.635,111.93,31.59,46.995000000000005,-55.965,78.58500000000001,64,46,-943,1344
2025-09-05 21:24:11.765714,210.99,126.75,40.365,55.38,1.95,20.28,111.345,36.66,64,46,-943,1344
2025-09-05 21:24:11.766429,319.41,-460.98,-996.06,62.595,-22.815,-32.76,-1144.65,42.120000000000005,65,46,-943,1408
2025-09-05 21:24:11.767143,321.75,-274.56,-757.575,67.665,-0.39,-9.165,-812.955,59.865,68,45,-950,1344
2025-09-05 21:24:11.767857,146.445,-54.015,-380.25,10.14,-14.43,-3.51,-286.26,41.925,70,50,-950,1344
2025-09-05 21:24:11.768571,-60.06,134.745,-163.41,-49.14,-36.66,-31.785,-146.835,-2.34,70,50,-950,1344
2025-09-05 21:24:11.769286,-276.51,270.075,-82.875,-113.49,-74.88,-65.52,-147.225,-62.205000000000005,68,45,-949,1344
2025-09-05 21:24:11.770000,-519.6750000000001,411.06,31.785,-183.885,-114.465,-107.055,-62.79,-103.35,66,45,-963,1344
2025-09-05 21:24:11.774286,-518.895,194.025,-230.1,-192.465,-136.11,-128.505,-330.33,-112.905,68,46,-956,1408
2025-09-05 21:24:11.778571,-522.7950000000001,326.04,-165.75,-197.145,-114.855,-123.825,-248.43,-132.405,69,49,-949,1408
2025-09-05 21:24:11.782857,-516.5550000000001,132.405,-314.925,-196.755,-125.58,-137.085,-478.335,-134.94,68,49,-944,1344
2025-09-05 21:24:11.787143,-316.875,-177.255,-546.39,-146.64,-106.47,-107.25,-499.2000000000001,-84.24000000000001,69,50,-946,1280
2025-09-05 21:24:11.791429,-88.33500000000001,-382.59,-777.27,-87.555,-81.315,-83.85000000000001,-820.1700000000001,-51.675,69,50,-946,1280
2025-09-05 21:24:11.795714,116.22,-475.605,-893.49,-28.665000000000003,-51.48,-56.55,-918.45,-6.825,70,58,-952,1280
2025-09-05 21:24:11.800000,323.7,-578.565,-998.205,29.055,-14.04,-23.595,-980.07,33.54,73,48,-960,1344
2025-09-05 21:24:11.803571,322.725,-412.815,-885.3000000000001,22.815,-2.34,-19.5,-948.87,24.765,68,48,-956,1408
2025-09-05 21:24:11.807143,342.615,-570.96,-991.965,29.25,-11.115,-33.93,-998.79,35.49,68,43,-958,1344
2025-09-05 21:24:11.810714,345.345,-392.34,-794.4300000000001,39.0,1.365,-17.55,-794.82,38.61,65,45,-955,1408
2025-09-05 21:24:11.814286,178.62,-141.96,-572.325,-8.58,-16.77,-28.665000000000003,-608.595,16.185000000000002,65,45,-953,1280
2025-09-05 21:24:11.817857,-28.86,32.175000000000004,-373.62,-67.665,-48.75,-54.99,-423.15,-20.085,65,45,-953,1280
2025-09-05 21:24:11.821429,-245.31,172.965,-314.925,-132.21,-79.95,-92.625,-326.82,-68.64,66,45,-948,1280
2025-09-05 21:24:11.825000,-491.4,319.02000000000004,-31.200000000000003,-200.655,-106.665,-104.715,86.775,-99.84,64,50,-951,1408
2025-09-05 21:24:11.825333,-486.915,129.285,-180.96,-201.825,-121.095,-117.585,-172.965,-111.93,65,50,-951,1344
2025-09-05 21:24:11.825667,-470.145,343.005,-21.45,-188.565,-102.765,-107.25,-25.935,-105.3,61,48,-947,1280
2025-09-05 21:24:11.826000,-468.78,154.245,-245.7,-190.71,-112.32,-123.63,-300.105,-111.345,65,46,-947,1344
2025-09-05 21:24:11.828000,-277.875,-146.835,-569.985,-138.645,-99.255,-113.1,-581.1,-77.415,65,50,-948,1408
2025-09-05 21:24:11.830000,-40.56,-352.95,-784.095,-72.15,-71.37,-79.56,-792.48,-31.98,65,50,-950,1280
2025-09-05 21:24:11.832000,167.505,-439.14,-802.815,-3.9,-31.785,-43.095,-732.225,14.82,65,50,-950,1280
2025-09-05 21:24:11.834000,377.91,-549.12,-891.9300000000001,58.5,1.95,-12.87,-891.345,53.43,72,49,-948,1408
2025-09-05 21:24:11.845286,375.765,-372.84,-726.96,63.375,12.285,2.73,-648.375,67.47,70,46,-949,1344
2025-09-05 21:24:11.856571,-417.885,409.11,188.565,-116.61,-60.84,-60.255,271.44,-101.4,62,45,-946,1280
2025-09-05 21:24:11.867857,-422.955,210.99,-20.28,-124.605,-77.805,-78.39,51.09,-110.37,68,45,-954,1280
2025-09-05 21:24:11.879143,-236.925,-94.965,-343.2,-78.39,-61.23,-70.785,-268.515,-76.83,64,45,-952,1344
2025-09-05 21:24:11.890429,-4.485,-299.71500000000003,-535.08,-9.75,-26.715,-40.56,-433.485,-29.835,63,44,-951,1408
2025-09-05 21:24:11.901714,206.7,-390.0,-613.47,53.43,9.555,-11.31,-488.865,10.92,63,44,-951,1408
2025-09-05 21:24:11.913000,415.35,-483.015,-720.33,118.17,39.0,19.11,-613.275,48.36,66,45,-948,1344
2025-09-05 21:24:11.913857,423.93,-314.34000000000003,-531.1800000000001,124.215,56.55,39.585,-402.87,52.845,66,44,-943,1280
2025-09-05 21:24:11.914714,421.2,-474.435,-675.285,115.83,51.48,37.83,-503.685,54.99,72,53,-957,1472
2025-09-05 21:24:11.915571,436.605,-310.245,-471.12,126.165,72.345,60.45,-290.55,56.55,64,52,-948,1408
2025-09-05 21:24:11.916429,273.0,-53.235,-230.88,77.025,50.895,50.115,-42.9,30.03,66,47,-949,1280
2025-09-05 21:24:11.917286,67.275,121.68,-32.955,25.545,26.325,23.595,119.34,-12.87,64,48,-950,1408
2025-09-05 21:24:11.918143,-152.1,272.61,124.02,-40.56,-12.09,-12.48,261.495,-53.43,64,48,-950,1408
2025-09-05 21:24:11.919000,-402.48,416.91,236.34,-120.705,-51.675,-46.02,368.355,-103.545,63,46,-950,1344
2025-09-05 21:24:11.922714,-411.06,223.08,24.18,-128.895,-68.83500000000001,-65.13,139.23000000000002,-114.66,66,48,-952,1408
2025-09-05 21:24:11.926429,-389.22,418.47,246.87,-116.025,-52.065000000000005,-39.78,422.175,-100.035,64,46,-935,1344
2025-09-05 21:24:11.930143,-393.51,235.17,65.325,-127.335,-65.715,-55.38,174.13500000000002,-106.47,67,50,-951,1408
2025-09-05 21:24:11.933857,-212.94,-47.385000000000005,-201.045,-76.635,-43.875,-39.975,-58.305,-74.49000000000001,68,48,-954,1344
2025-09-05 21:24:11.937571,24.18,-263.64,-419.445,-7.41,-15.015,-15.99,-262.47,-29.055,69,47,-951,1344
2025-09-05 21:24:11.941286,233.61,-353.73,-512.655,58.89,21.645,19.11,-354.705,16.38,69,47,-951,1344
2025-09-05 21:24:11.945000,441.09,-453.18,-623.61,114.855,58.695,48.75,-450.06,58.5,69,43,-962,1344
2025-09-05 21:24:11.945200,456.105,-283.33500000000004,-455.52,125.385,63.96,66.3,-279.24,56.16,67,39,-951,1280
2025-09-05 21:24:11.945400,437.775,-444.795,-582.075,109.785,62.985,50.895,-440.31,55.575,78,42,-950,1344
2025-09-05 21:24:11.945600,451.62,-276.51,-396.045,115.245,80.145,75.075,-161.265,63.96,70,48,-933,1408
2025-09-05 21:24:11.945800,289.185,-24.765,-132.99,77.805,65.13,64.74000000000001,72.54,38.025,67,44,-940,1408
2025-09-05 21:24:11.946000,86.385,167.115,60.645,20.67,37.635,45.825,250.185,1.17,66,47,-946,1344
2025-09-05 21:24:11.948000,-133.185,320.77500000000003,193.635,-46.995000000000005,9.945,16.185000000000002,397.215,-38.22,66,47,-946,1344
2025-09-05 21:24:11.950000,-382.59,459.42,332.28000000000003,-120.51,-29.055,-24.765,486.915,-92.625,67,50,-950,1408
2025-09-05 21:24:11.956000,-395.07,269.295,142.155,-128.70000000000002,-52.455,-41.535,284.7,-99.255,68,46,-952,1280
2025-09-05 21:24:11.962000,-212.55,-30.03,-196.755,-78.58500000000001,-39.0,-31.395,-52.065000000000005,-67.86,68,46,-951,1408
2025-09-05 21:24:11.968000,23.985,-228.54,-383.565,-9.75,-2.34,-3.9,-220.74,-19.11,69,45,-950,1344
2025-09-05 21:24:11.974000,225.615,-345.15000000000003,-504.465,46.41,22.035,20.865,-336.57,7.605,69,45,-950,1344
2025-09-05 21:24:11.980000,429.195,-458.64,-587.535,103.155,51.09,49.725,-395.655,38.805,70,42,-960,1408
2025-09-05 21:24:11.986000,451.425,-293.67,-368.55,104.715,74.88,75.465,-140.01,43.485,63,46,-952,1280
2025-09-05 21:24:11.992000,288.6,-35.295,-89.31,64.545,62.400000000000006,68.25,128.115,16.575,66,44,-948,1408
2025-09-05 21:24:11.993857,82.68,171.79500000000002,119.34,19.695,43.485,49.335,311.805,2.9250000000000003,68,45,-941,1344
2025-09-05 21:24:11.995714,-380.25,457.665,387.075,-121.29,-29.445,-19.11,556.725,-78.19500000000001,69,44,-933,1344
2025-09-05 21:24:11.997571,-392.34,279.045,164.97,-126.75,-47.58,-40.95,305.955,-79.75500000000001,72,45,-938,1472
2025-09-05 21:24:11.999429,-214.305,-13.455,-129.87,-78.58500000000001,-34.515,-29.835,14.43,-45.825,72,47,-941,1344
2025-09-05 21:24:12.001286,29.055,-223.275,-330.33,-13.455,0.0,-3.51,-167.895,-4.095,73,48,-941,1408
2025-09-05 21:24:12.003143,234.585,-327.015,-423.15,45.24,37.245000000000005,31.59,-276.12,39.195,73,48,-941,1344
2025-09-05 21:24:12.005000,441.87,-422.37,-535.86,110.955,67.86,61.035,-331.305,87.555,67,48,-944,1344
2025-09-05 21:24:12.005571,457.86,-267.735,-352.365,124.215,80.73,82.875,-114.465,92.43,67,55,-948,1280
2025-09-05 21:24:12.006143,443.235,-400.725,-512.07,117.195,62.010000000000005,64.545,-321.555,84.63000000000001,70,45,-953,1472
2025-09-05 21:24:12.006714,459.81,-249.405,-331.5,127.335,78.58500000000001,87.165,-91.65,94.575,61,47,-942,1408
2025-09-05 21:24:12.007286,297.375,15.405,-64.545,87.165,62.595,78.0,158.73000000000002,68.25,67,45,-942,1344
2025-09-05 21:24:12.007857,93.015,197.34,110.37,23.205,37.44,52.65,320.385,23.01,70,47,-946,1408
2025-09-05 21:24:12.008429,-121.485,343.2,257.79,-44.265,-0.39,23.595,457.275,-17.94,71,48,-942,1280
2025-09-05 21:24:12.009000,-371.28,484.38,427.83,-110.76,-35.88,-10.335,592.215,-70.395,71,48,-942,1280
2025-09-05 21:24:12.013571,-395.655,295.815,214.89,-125.775,-62.595,-29.445,388.635,-73.515,77,51,-951,1408
2025-09-05 21:24:12.018143,-210.795,8.775,-73.71000000000001,-72.345,-43.29,-21.06,83.85000000000001,-42.705,73,49,-948,1408
2025-09-05 21:24:12.022714,20.475,-198.315,-273.975,-3.9,-9.945,11.31,-97.89,-1.17,72,51,-950,1344
2025-09-05 21:24:12.027286,222.69,-311.415,-406.77,49.53,21.645,29.64,-220.74,29.64,69,47,-957,1344
2025-09-05 21:24:12.031857,420.42,-435.435,-526.89,109.59,50.31,56.745000000000005,-334.425,50.895,69,47,-957,1344
2025-09-05 21:24:12.036429,444.6,-272.805,-361.14,123.63,62.205000000000005,72.93,-143.52,62.985,61,42,-950,1408
2025-09-05 21:24:12.041000,282.75,-22.035,-101.595,79.17,51.285,66.3,148.98000000000002,31.785,66,45,-946,1344
2025-09-05 21:24:12.044286,88.53,189.93,131.235,33.345,33.54,47.97,358.8,18.33,68,46,-949,1280
2025-09-05 21:24:12.047571,-385.71,494.715,425.49,-102.96,-35.295,-14.04,599.4300000000001,-74.10000000000001,68,46,-949,1408
2025-09-05 21:24:12.050857,-404.04,302.83500000000004,234.78,-115.245,-50.895,-31.005000000000003,390.78,-79.95,73,48,-964,1344
2025-09-05 21:24:12.054143,-223.275,13.455,-49.53,-67.08,-31.98,-17.55,139.62,-48.75,74,48,-958,1344
2025-09-05 21:24:12.057429,14.43,-205.53,-292.5,-0.585,-8.19,4.29,-131.82,-7.800000000000001,69,45,-954,1344
2025-09-05 21:24:12.060714,225.81,-299.325,-360.165,63.96,29.445,41.73,-139.035,39.39,69,45,-949,1344
2025-09-05 21:24:12.064000,433.68,-386.1,-457.08,125.97,54.99,71.175,-228.54,86.775,69,45,-949,1344
2025-09-05 21:24:12.064714,448.11,-241.02,-311.02500000000003,132.015,70.2,83.655,-76.44,91.65,72,43,-945,1344
2025-09-05 21:24:12.065429,421.98,-378.3,-460.005,117.0,58.89,68.25,-239.46,81.315,68,48,-949,1280
2025-09-05 21:24:12.066143,447.135,-241.02,-294.06,126.945,79.56,90.87,-62.985,94.38,74,39,-938,1344
2025-09-05 21:24:12.066857,282.555,14.43,-27.105,90.09,65.325,74.49000000000001,188.175,63.57,73,39,-941,1344
2025-09-05 21:24:12.067571,77.025,197.145,177.84,31.59,38.025,53.235,402.675,33.93,74,39,-942,1344
2025-09-05 21:24:12.068286,-135.72,339.3,310.635,-31.395,5.07,27.105,526.5,-15.99,71,40,-944,1344
2025-09-05 21:24:12.069000,-384.54,486.525,435.435,-108.225,-34.71,-10.335,613.08,-68.25,71,40,-944,1344
2025-09-05 21:24:12.073000,-411.45,299.325,258.96000000000004,-122.655,-53.43,-33.735,439.53,-76.635,68,46,-940,1408
2025-09-05 21:24:12.077000,-230.295,4.68,-20.865,-77.025,-42.9,-22.815,166.53,-43.485,71,43,-946,1344
2025-09-05 21:24:12.081000,7.0200000000000005,-205.14,-242.775,-8.775,-7.41,5.655,-38.415,2.535,73,44,-951,1408
2025-09-05 21:24:12.085000,206.895,-310.245,-366.795,47.775,24.375,32.175000000000004,-195.78,24.96,72,44,-952,1344
2025-09-05 21:24:12.089000,408.33,-416.13,-474.045,105.69,49.14,56.16,-253.695,55.185,72,44,-952,1344
2025-09-05 21:24:12.093000,426.27,-258.96000000000004,-279.825,120.51,62.010000000000005,79.75500000000001,-54.6,65.52,73,42,-959,1344
2025-09-05 21:24:12.097000,275.73,-13.455,-40.755,81.9,49.335,65.52,152.49,38.025,68,43,-956,1280
2025-09-05 21:24:12.102429,81.12,198.315,128.70000000000002,35.295,31.200000000000003,45.24,283.14,27.69,68,43,-949,1408
2025-09-05 21:24:12.107857,-392.145,489.45,494.13,-102.765,-39.0,-10.335,736.125,-61.815000000000005,68,43,-950,1344
2025-09-05 21:24:12.113286,-415.155,296.01,301.27500000000003,-108.42,-63.96,-29.835,470.535,-66.495,68,45,-960,1344
2025-09-05 21:24:12.118714,-235.56,-2.535,1.365,-60.645,-50.31,-23.205,164.58,-36.465,70,43,-953,1408
2025-09-05 21:24:12.124143,-1.56,-199.68,-241.02,7.995,-11.895,2.73,-38.025,8.58,74,42,-955,1344
2025-09-05 21:24:12.129571,208.065,-297.765,-329.55,68.25,25.935,34.905,-137.475,50.895,76,43,-951,1408
2025-09-05 21:24:12.135000,417.885,-398.19,-447.525,138.84,61.035,65.13,-219.765,94.185,76,43,-951,1408
2025-09-05 21:24:12.139214,440.115,-246.285,-280.8,145.08,76.44,85.995,-51.09,96.135,82,46,-942,1344
2025-09-05 21:24:12.143429,416.13,-397.02,-422.565,135.525,54.795,59.28,-210.405,87.94500000000001,78,48,-948,1280
2025-09-05 21:24:12.147643,439.725,-247.845,-256.425,151.125,71.175,75.855,-75.27,97.89,74,42,-951,1408
2025-09-05 21:24:12.151857,280.605,-11.505,3.705,109.005,56.55,66.3,227.175,70.2,72,46,-956,1344
2025-09-05 21:24:12.156071,74.685,181.74,200.46,49.53,31.395,49.14,434.07,38.22,78,47,-955,1344
2025-09-05 21:24:12.160286,-142.74,335.79,328.38,-17.94,0.195,17.16,542.2950000000001,-7.41,77,47,-951,1344
2025-09-05 21:24:12.164500,-396.435,487.5,508.9500000000001,-91.26,-42.315000000000005,-19.695,674.115,-60.45,77,47,-951,1344
2025-09-05 21:24:12.168714,-425.685,313.17,332.475,-100.815,-58.89,-33.735,485.355,-71.955,79,47,-955,1344
2025-09-05 21:24:12.172929,392.34,-429.585,-425.295,118.755,60.06,65.325,-285.09000000000003,78.0,79,48,-936,1408
2025-09-05 21:24:12.177143,429.0,-289.38,-270.075,138.645,84.045,90.09,-55.77,94.575,74,46,-930,1344
2025-09-05 21:24:12.181357,272.61,-35.49,47.385000000000005,100.815,78.58500000000001,89.11500000000001,253.305,66.69,73,48,-946,1344
2025-09-05 21:24:12.185571,72.93,148.785,218.79,43.095,49.335,53.43,372.645,26.715,74,47,-946,1344
2025-09-05 21:24:12.189786,-148.59,299.71500000000003,376.155,-19.695,11.31,27.495,554.97,-12.675,75,43,-945,1344
2025-09-05 21:24:12.194000,-400.92,445.575,522.21,-92.82,-33.54,-10.725,674.505,-62.79,75,43,-945,1344
2025-09-05 21:24:12.201429,-429.0,273.975,339.105,-108.03,-55.185,-33.735,474.435,-77.805,80,45,-956,1344
2025-09-05 21:24:12.208857,-252.915,-15.99,31.005000000000003,-61.815000000000005,-39.975,-25.74,135.525,-47.97,74,40,-944,1408
2025-09-05 21:24:12.216286,-19.695,-232.83,-233.22,5.265000000000001,-9.945,-1.365,-73.125,0.975,72,41,-945,1344
2025-09-05 21:24:12.223714,187.785,-339.3,-315.315,58.695,18.135,18.72,-186.81,37.44,70,45,-947,1408
2025-09-05 21:24:12.231143,384.93,-449.28,-461.175,113.1,45.045,43.485,-280.02,61.815000000000005,70,45,-947,1408
2025-09-05 21:24:12.238571,415.35,-303.225,-227.955,133.57500000000002,69.61500000000001,73.32000000000001,-51.09,75.66,73,46,-938,1408
2025-09-05 21:24:12.246000,272.805,-28.275,51.870000000000005,107.835,67.86,77.22,230.1,74.685,69,47,-940,1344
2025-09-05 21:24:12.252857,71.565,164.38500000000002,245.31,45.045,40.755,58.11,410.67,39.975,71,52,-946,1408
2025-09-05 21:24:12.259714,-394.875,456.105,516.36,-95.55,-38.22,-7.0200000000000005,663.585,-59.28,71,52,-949,1344
2025-09-05 21:24:12.266571,-425.49,285.87,346.90500000000003,-113.1,-54.99,-27.885,457.275,-63.96,75,52,-953,1344
2025-09-05 21:24:12.273429,-259.15500000000003,7.0200000000000005,29.055,-75.465,-40.17,-19.11,125.97,-38.61,78,42,-950,1344
2025-09-05 21:24:12.280286,-20.865,-211.965,-194.415,-6.24,-10.53,9.165,-49.14,5.655,79,41,-949,1408
2025-09-05 21:24:12.287143,191.295,-318.24,-269.1,58.89,22.23,43.095,-121.29,54.015,78,44,-947,1472
2025-09-05 21:24:12.294000,397.215,-411.645,-364.065,120.51,53.82,70.785,-223.47,93.21,78,44,-947,1472
2025-09-05 21:24:12.314000,433.485,-286.845,-195.0,134.35500000000002,71.955,93.015,-23.4,99.84,73,41,-951,1344
2025-09-05 21:24:12.334000,379.47,-421.785,-382.2,117.39,54.21,68.64,-251.355,87.75,72,46,-952,1344
2025-09-05 21:24:12.354000,419.25,-265.785,-232.05,134.16,71.955,86.385,-86.775,99.84,75,44,-955,1344
2025-09-05 21:24:12.374000,271.245,-16.38,66.69,98.67,59.67,85.215,173.55,74.685,73,43,-946,1408
2025-09-05 21:24:12.394000,67.47,170.235,285.285,39.195,36.66,64.155,437.775,40.56,74,45,-949,1408
2025-09-05 21:24:12.414000,-148.20000000000002,321.36,377.715,-27.3,0.0,27.3,524.355,-5.46,75,45,-951,1344
2025-09-05 21:24:12.434000,-397.215,481.845,504.27,-105.495,-39.975,-7.605,635.7,-61.23,69,45,-951,1344
2025-09-05 21:24:12.434091,-435.435,314.535,386.1,-118.365,-55.77,-24.375,463.32,-66.3,69,46,-953,1344
2025-09-05 21:24:12.434182,-399.945,476.97,593.97,-119.34,-43.485,6.24,741.0,-60.45,75,51,-946,1344
2025-09-05 21:24:12.434273,-426.66,324.48,434.07,-136.11,-59.475,-13.26,527.28,-65.91,75,51,-946,1344
2025-09-05 21:24:12.434364,-261.3,36.465,82.485,-87.75,-51.09,-14.82,141.57,-44.07,76,46,-959,1408
2025-09-05 21:24:12.434455,-27.105,-188.175,-187.785,-27.3,-15.795,12.285,-143.91,0.975,77,45,-957,1344
2025-09-05 21:24:12.434545,179.4,-306.735,-201.63,41.145,18.135,54.6,-8.97,55.575,78,45,-954,1408
2025-09-05 21:24:12.434636,393.9,-391.56,-290.355,112.125,55.38,79.36500000000001,-165.75,86.58,75,48,-959,1344
2025-09-05 21:24:12.434727,428.415,-244.14,-168.87,123.825,71.565,93.015,-36.075,94.38,75,48,-959,1344
2025-09-05 21:24:12.434818,282.555,8.97,84.045,86.19,67.86,92.82,219.375,77.61,74,41,-952,1280
2025-09-05 21:24:12.434909,82.485,188.955,269.49,27.105,43.29,66.69,396.24,41.145,77,43,-950,1280
2025-09-05 21:24:12.435000,-142.35,335.205,419.835,-42.9,8.97,35.685,536.835,-16.965,77,46,-951,1344
2025-09-05 21:24:12.461333,-403.845,467.22,539.955,-124.215,-37.44,-5.655,666.9,-88.92,78,50,-950,1408
2025-09-05 21:24:12.487667,-438.36,313.365,386.49,-142.155,-58.5,-22.815,473.265,-95.355,78,50,-950,1408
2025-09-05 21:24:12.514000,-269.1,24.57,70.59,-95.94,-45.045,-24.375,159.9,-73.905,76,53,-935,1344
2025-09-05 21:24:12.518286,-29.445,-167.70000000000002,-150.54,-19.5,-5.655,14.82,-54.015,-0.195,78,51,-941,1344
2025-09-05 21:24:12.522571,389.61,-369.72,-284.505,115.83,64.935,81.315,-165.165,93.405,80,45,-945,1344
2025-09-05 21:24:12.526857,424.71,-236.34,-155.22,124.8,79.95,99.84,-9.36,115.635,80,45,-945,1344
2025-09-05 21:24:12.531143,276.705,9.555,102.375,86.19,68.83500000000001,96.33,297.96000000000004,85.41,82,40,-940,1408
2025-09-05 21:24:12.535429,71.76,189.345,305.955,28.86,46.8,75.075,465.855,50.7,82,41,-941,1408
2025-09-05 21:24:12.539714,-148.20000000000002,353.73,368.55,-31.200000000000003,10.725,33.54,409.11,-5.265000000000001,78,46,-941,1408
2025-09-05 21:24:12.544000,-392.34,502.125,574.665,-105.3,-25.935,12.675,734.565,-47.190000000000005,77,48,-944,1408
2025-09-05 21:24:12.552286,-432.315,335.595,455.715,-119.925,-47.190000000000005,-14.235,600.7950000000001,-56.940000000000005,77,48,-944,1408
2025-09-05 21:24:12.560571,-395.265,493.545,768.495,-98.28,-22.815,31.98,1116.57,-28.08,70,48,-944,1408
2025-09-05 21:24:12.568857,-428.415,365.625,577.785,-111.54,-48.36,-7.215,787.995,-45.63,70,48,-944,1408
2025-09-05 21:24:12.577143,-267.54,85.02,137.865,-73.125,-42.51,-16.38,195.585,-26.52,76,52,-948,1344
2025-09-05 21:24:12.585429,-31.59,-152.29500000000002,-6.825,-5.265000000000001,-7.215,26.715,173.35500000000002,23.985,75,49,-948,1472
2025-09-05 21:24:12.593714,179.4,-246.285,-143.13,55.575,27.105,51.675,-46.02,63.18,75,46,-948,1344
2025-09-05 21:24:12.602000,386.295,-343.59000000000003,-211.185,117.585,61.425,92.625,-14.625,110.175,76,46,-948,1344
2025-09-05 21:24:12.603000,424.125,-188.175,-56.745000000000005,132.21,76.44,111.735,185.64,120.12,76,46,-948,1344
2025-09-05 21:24:12.604167,285.09000000000003,60.255,138.645,88.92,68.25,94.38,254.475,83.655,72,42,-936,1344
2025-09-05 21:24:12.605333,72.15,241.8,342.225,36.66,38.22,75.855,504.27,50.115,74,43,-944,1408
2025-09-05 21:24:12.606500,-154.63500000000002,384.93,460.2,-34.71,-1.56,34.125,503.685,-14.43,74,45,-945,1344
2025-09-05 21:24:12.607667,-411.84,505.245,709.02,-112.515,-41.145,13.065,979.875,-65.91,75,44,-941,1408
2025-09-05 21:24:12.608833,-457.275,383.175,566.475,-130.65,-60.645,-12.48,712.335,-82.875,75,44,-941,1408
2025-09-05 21:24:12.610000,-288.795,103.545,260.325,-85.8,-53.235,-5.8500000000000005,423.93,-51.48,80,48,-961,1408
2025-09-05 21:24:12.622000,-43.875,-107.64,23.01,-14.04,-13.065,24.57,195.975,16.185000000000002,76,46,-954,1408
2025-09-05 21:24:12.634000,377.91,-333.64500000000004,-178.035,105.69,58.305,88.33500000000001,-41.73,97.695,78,50,-949,1344
2025-09-05 21:24:12.646000,418.665,-194.61,-59.085,129.87,71.37,102.18,101.4,109.395,78,50,-949,1344
2025-09-05 21:24:12.658000,267.345,47.190000000000005,191.49,93.99,64.155,87.94500000000001,341.25,83.85000000000001,80,43,-949,1280
2025-09-05 21:24:12.670000,63.765,234.585,384.54,33.15,41.73,68.64,552.825,47.190000000000005,86,50,-951,1344
2025-09-05 21:24:12.682000,-155.025,393.705,495.3,-33.54,7.800000000000001,32.76,603.72,-9.555,88,50,-951,1344
2025-09-05 21:24:12.694000,-408.135,551.07,610.74,-105.69,-27.3,-0.39,697.125,-58.89,86,53,-951,1344
2025-09-05 21:24:12.702286,-454.35,380.445,597.285,-120.51,-48.165,-4.485,822.9,-64.545,86,53,-951,1344
2025-09-05 21:24:12.710571,-417.105,540.345,650.13,-115.05,-32.955,-21.645,677.4300000000001,-72.735,91,49,-950,1344
2025-09-05 21:24:12.718857,-463.125,375.18,508.755,-127.53,-56.940000000000005,-26.325,728.13,-65.91,91,49,-950,1344
2025-09-05 21:24:12.727143,-294.255,99.06,248.43,-78.39,-35.295,-20.67,383.175,-31.395,95,51,-963,1344
2025-09-05 21:24:12.735429,-64.155,-126.555,45.825,-17.355,-2.73,9.75,230.685,4.485,99,49,-950,1408
2025-09-05 21:24:12.743714,154.245,-238.485,-120.9,46.605,28.665000000000003,30.03,-109.395,39.78,94,48,-949,1344
2025-09-05 21:24:12.752000,359.58,-331.11,-110.175,107.64,67.08,81.705,143.13,109.785,93,47,-948,1344
2025-09-05 21:24:12.761000,399.75,-188.175,-19.305,124.215,89.31,86.775,178.815,96.72,93,47,-948,1344
2025-09-05 21:24:12.770000,252.33,53.04,250.185,88.72500000000001,78.19500000000001,86.19,452.01,79.95,91,53,-938,1408
2025-09-05 21:24:12.779000,52.065000000000005,249.6,450.255,32.565,52.455,65.52,631.605,43.095,94,54,-946,1344
2025-09-05 21:24:12.788000,-175.695,383.37,577.98,-41.73,15.405,29.25,730.08,-19.305,91,55,-947,1344
2025-09-05 21:24:12.797000,-427.05,506.805,712.9200000000001,-118.755,-30.42,-13.26,860.73,-77.61,92,54,-945,1280
2025-09-05 21:24:12.806000,-463.32,397.215,569.01,-130.26,-48.75,-29.25,677.625,-72.15,92,54,-945,1280
2025-09-05 21:24:12.815000,-302.64,99.06,256.815,-87.555,-39.39,-21.45,382.59,-46.02,92,55,-942,1408
2025-09-05 21:24:12.819571,-58.11,-121.485,47.385000000000005,-17.745,-4.29,2.34,195.975,6.24,87,52,-934,1344
2025-09-05 21:24:12.824143,-396.435,558.09,772.005,-106.665,-22.815,-16.38,875.745,-56.940000000000005,81,55,-938,1408
2025-09-05 21:24:12.828714,-450.255,413.205,559.65,-129.48000000000002,-48.36,-43.29,589.875,-66.3,81,55,-938,1408
2025-09-05 21:24:12.833286,-283.53000000000003,114.465,260.325,-86.58,-33.54,-30.42,369.135,-32.955,82,52,-957,1408
2025-09-05 21:24:12.837857,-48.165,-111.93,100.425,-15.795,0.39,1.17,208.455,14.04,77,55,-947,1408
2025-09-05 21:24:12.842429,163.215,-216.45,-52.65,47.385000000000005,36.075,32.370000000000005,58.89,53.04,75,59,-946,1408
2025-09-05 21:24:12.847000,369.33,-326.04,-152.49,111.93,64.935,60.645,-45.24,92.04,74,66,-947,1408
2025-09-05 21:24:12.852571,414.96,-214.305,-23.595,130.26,82.485,78.39,117.585,104.91,74,66,-947,1408
2025-09-05 21:24:12.858143,261.495,32.76,221.715,94.185,70.59,69.03,345.15000000000003,86.58,67,64,-947,1344
2025-09-05 21:24:12.863714,61.035,235.95,370.695,40.365,51.870000000000005,38.415,429.0,38.22,74,59,-952,1408
2025-09-05 21:24:12.869286,-162.04500000000002,369.33,569.79,-28.86,18.33,17.355,715.65,-8.775,73,58,-949,1344
2025-09-05 21:24:12.874857,-424.32,487.89,701.025,-114.465,-31.59,-30.225,807.69,-85.8,76,56,-949,1472
2025-09-05 21:24:12.880429,-478.335,348.66,512.46,-142.935,-56.55,-53.04,566.28,-97.5,76,56,-949,1472
2025-09-05 21:24:12.886000,-312.195,58.695,226.005,-99.06,-43.875,-46.41,296.01,-68.25,82,54,-951,1280
2025-09-05 21:24:12.887500,-70.2,-154.245,21.255,-25.545,-0.195,-15.6,82.29,-3.12,74,55,-939,1344
2025-09-05 21:24:12.889000,355.485,-359.58,-239.265,102.57,69.22500000000001,42.315000000000005,-129.09,86.775,68,53,-947,1408
2025-09-05 21:24:12.890500,407.16,-230.88,-93.405,119.34,89.895,67.86,35.88,101.595,68,53,-947,1408
2025-09-05 21:24:12.892000,265.785,15.99,154.245,85.995,85.8,53.235,282.945,78.78,65,56,-946,1408
2025-09-05 21:24:12.893500,65.52,199.095,348.855,31.785,57.915,30.42,460.005,36.27,72,54,-955,1408
2025-09-05 21:24:12.895000,-158.145,347.88,507.39,-34.71,24.96,2.9250000000000003,587.34,-7.41,63,55,-953,1408
2025-09-05 21:24:12.896500,-404.235,499.59,643.5,-105.69,-17.55,-35.1,709.8000000000001,-67.08,58,57,-954,1344
2025-09-05 21:24:12.898000,-461.76,348.855,490.425,-120.51,-40.17,-58.11,532.35,-81.705,58,57,-954,1344
2025-09-05 21:24:12.899500,-409.89,493.935,640.77,-103.155,-11.7,-32.370000000000005,703.365,-65.325,51,54,-956,1280
2025-09-05 21:24:12.901000,-463.515,357.435,502.71,-124.215,-31.98,-52.845,553.215,-68.055,51,54,-956,1344
2025-09-05 21:24:12.902500,-300.495,85.215,218.4,-81.51,-22.425,-42.120000000000005,238.29,-46.215,48,53,-955,1344
2025-09-05 21:24:12.904000,-66.69,-158.535,-22.815,-20.475,10.335,-19.305,18.135,-8.58,45,57,-950,1280
2025-09-05 21:24:12.905500,150.345,-265.785,-154.83,44.85,44.46,14.43,-99.255,41.145,48,55,-955,1408
2025-09-05 21:24:12.907000,356.07,-360.36,-245.895,115.05,73.515,42.9,-196.95,86.58,47,56,-956,1408
2025-09-05 21:24:12.907286,408.135,-244.53,-85.41,132.015,96.135,68.055,-7.41,102.96,47,56,-956,1344
2025-09-05 21:24:12.907571,270.66,-2.145,171.405,95.745,89.50500000000001,59.085,242.385,76.245,43,54,-958,1344
2025-09-05 21:24:12.907857,68.83500000000001,198.705,364.845,40.365,60.45,43.29,431.34,40.95,47,53,-961,1344
2025-09-05 21:24:12.908143,-151.905,333.06,513.63,-27.885,25.155,11.115,578.76,-16.77,52,57,-960,1280
2025-09-05 21:24:12.908429,-409.695,456.69,651.69,-106.665,-12.285,-32.370000000000005,705.9,-86.58,54,60,-959,1344
2025-09-05 21:24:12.908714,-461.76,310.05,498.615,-124.215,-37.83,-49.14,531.1800000000001,-101.01,52,60,-959,1408
2025-09-05 21:24:12.909000,-301.665,37.83,215.865,-82.485,-25.35,-41.145,240.825,-73.32000000000001,52,60,-959,1408
2025-09-05 21:24:12.909500,-52.845,-169.455,16.965,-0.975,16.77,1.755,70.98,-4.875,49,59,-958,1344
2025-09-05 21:24:12.910000,376.545,-381.42,-196.95,128.895,84.825,64.935,-142.155,91.65,58,52,-950,1344
2025-09-05 21:24:12.916600,436.605,-267.93,-55.77,148.98000000000002,106.08,84.63000000000001,30.225,95.94,61,56,-952,1344
2025-09-05 21:24:12.923200,292.695,-26.130000000000003,197.73,110.37,94.965,84.435,286.65000000000003,75.075,61,56,-952,1344
2025-09-05 21:24:12.929800,96.915,158.535,403.845,53.43,71.175,59.475,482.235,39.975,70,56,-950,1344
2025-09-05 21:24:12.936400,-126.555,301.27500000000003,539.76,-6.825,38.025,29.64,605.6700000000001,0.975,69,56,-951,1408
2025-09-05 21:24:12.943000,-368.16,453.375,688.35,-79.36500000000001,0.78,-3.705,746.265,-46.995000000000005,66,56,-948,1408
2025-09-05 21:24:12.946143,-421.98,306.54,518.7,-99.84,-25.545,-31.005000000000003,553.8000000000001,-67.86,70,52,-940,1344
2025-09-05 21:24:12.949286,-261.495,398.19,702.0,-47.97,2.535,6.825,765.96,-36.855,71,57,-949,1344
2025-09-05 21:24:12.952429,-307.71000000000004,262.27500000000003,549.12,-64.545,-22.035,-10.335,577.395,-47.385000000000005,76,58,-946,1408
2025-09-05 21:24:12.955571,-146.835,-18.135,260.91,-19.305,-12.285,-4.485,301.86,-19.695,76,58,-946,1408
2025-09-05 21:24:12.958714,101.01,-246.285,45.045,47.190000000000005,23.01,29.64,111.54,23.4,81,59,-955,1344
2025-09-05 21:24:12.961857,326.43,-354.51,-39.0,120.315,62.400000000000006,61.620000000000005,33.54,66.105,83,57,-951,1344
2025-09-05 21:24:12.965000,545.61,-425.685,-102.57,185.64,93.99,99.255,-35.685,118.755,82,54,-949,1344
2025-09-05 21:24:12.965571,608.205,-295.23,42.51,202.605,118.365,115.635,138.645,125.97,80,58,-946,1344
2025-09-05 21:24:12.966143,561.6,-341.445,83.46000000000001,195.78,110.565,115.83,163.60500000000002,137.475,80,59,-942,1344
2025-09-05 21:24:12.966714,618.5400000000001,-222.3,249.21,216.255,133.77,139.815,351.195,151.32,79,60,-941,1408
2025-09-05 21:24:12.967286,472.29,43.095,517.53,181.74,126.36,133.77,624.975,132.79500000000002,79,60,-941,1408
2025-09-05 21:24:12.967857,271.635,245.895,731.64,124.02,101.4,114.075,831.87,88.33500000000001,73,60,-939,1280
2025-09-05 21:24:12.968429,45.825,416.91,920.79,59.28,71.175,89.7,1010.685,51.285,79,60,-941,1344
2025-09-05 21:24:12.969000,-211.77,571.9350000000001,1095.51,-13.455,37.05,54.21,1182.87,-4.68,76,58,-943,1280
2025-09-05 21:24:12.973429,-282.36,450.645,969.54,-39.195,17.745,30.42,1003.665,-16.575,77,56,-942,1344
2025-09-05 21:24:12.977857,-133.965,180.375,681.33,0.195,25.35,36.855,731.445,14.04,77,56,-942,1344
2025-09-05 21:24:12.982286,94.38,-44.07,461.565,67.275,53.82,63.57,514.8000000000001,59.865,82,60,-950,1344
2025-09-05 21:24:12.986714,304.785,-163.995,343.59000000000003,117.975,87.165,92.43,410.085,82.875,81,56,-952,1344
2025-09-05 21:24:12.991143,489.06,-280.41,239.265,174.525,109.59,111.345,311.805,111.15,79,61,-953,1344
2025-09-05 21:24:12.995571,544.83,-156.39,389.61,196.56,130.845,135.72,498.42,125.97,78,60,-950,1344
2025-09-05 21:24:13.000000,397.8,104.715,663.0,159.51000000000002,120.9,131.235,766.74,102.96,78,60,-950,1344
2025-09-05 21:24:13.006000,194.22,322.14,890.76,109.98,103.155,121.485,987.09,90.87,72,57,-949,1280
2025-09-05 21:24:13.012000,-287.625,621.465,1197.885,-31.98,24.375,41.145,1270.23,-3.9,80,56,-943,1280
2025-09-05 21:24:13.018000,-355.68,489.84,1053.78,-63.96,2.73,19.11,1088.49,-21.255,78,55,-942,1472
2025-09-05 21:24:13.024000,-204.555,218.205,764.4,-20.28,7.215,24.375,800.475,11.895,78,55,-942,1472
2025-09-05 21:24:13.030000,23.985,-14.625,539.76,44.85,35.295,52.65,598.845,49.53,77,50,-959,1408
2025-09-05 21:24:13.036000,236.145,-134.35500000000002,424.32,109.59,73.71000000000001,80.73,496.665,99.06,71,54,-954,1344
2025-09-05 21:24:13.042000,437.385,-229.515,330.72,173.16,106.665,111.345,397.8,137.67000000000002,74,55,-952,1344
2025-09-05 21:24:13.047000,491.595,-113.685,464.295,187.2,128.505,135.915,561.405,144.10500000000002,75,54,-948,1408
2025-09-05 21:24:13.052000,389.415,-232.83,330.52500000000003,152.88,86.97,96.915,390.0,112.515,73,58,-944,1344
2025-09-05 21:24:13.057000,448.11,-110.175,462.93,170.625,112.905,123.435,553.8000000000001,132.405,72,59,-943,1280
2025-09-05 21:24:13.062000,304.2,123.435,721.3050000000001,133.77,104.91,112.71,801.645,111.15,72,59,-943,1280
2025-09-05 21:24:13.067000,97.5,314.535,906.945,71.955,77.805,88.33500000000001,976.56,70.59,67,59,-943,1408
2025-09-05 21:24:13.072000,-125.58,467.61,1064.895,13.455,42.705,59.28,1121.055,27.495,76,57,-952,1344
2025-09-05 21:24:13.077000,-379.275,614.835,1203.15,-63.96,6.825,25.935,1254.435,-29.64,71,54,-952,1344
2025-09-05 21:24:13.082000,-444.6,489.45,1062.945,-87.94500000000001,-18.135,2.73,1070.745,-43.29,71,54,-946,1344
2025-09-05 21:24:13.087000,-294.45,207.675,756.21,-50.115,-5.07,6.825,767.325,-12.87,71,54,-946,1344
2025-09-05 21:24:13.092000,-62.010000000000005,-39.0,515.385,15.21,24.765,32.370000000000005,540.735,29.25,77,55,-950,1344
2025-09-05 21:24:13.097000,149.175,-157.755,382.59,73.515,55.38,58.305,416.13,56.355,74,55,-941,1408
2025-09-05 21:24:13.102000,339.69,-267.735,262.08,127.53,81.51,81.9,303.225,77.415,73,54,-947,1344
2025-09-05 21:24:13.107000,406.575,-150.54,399.165,159.9,102.765,101.01,463.71,91.26,72,56,-949,1280
2025-09-05 21:24:13.112000,275.535,107.64,669.63,130.065,98.475,106.47,747.63,90.675,72,56,-949,1280
2025-09-05 21:24:13.112500,74.88,310.05,872.0400000000001,76.83,76.44,87.165,927.81,62.205000000000005,71,59,-946,1408
2025-09-05 21:24:13.113000,-393.9,600.7950000000001,1160.055,-68.055,3.9,13.26,1189.695,-35.685,75,59,-947,1408
2025-09-05 21:24:13.114400,-464.88,474.825,1017.9,-92.235,-22.815,-9.555,1014.585,-48.945,74,57,-949,1472
2025-09-05 21:24:13.115800,-311.415,189.345,716.4300000000001,-53.04,-14.43,-4.29,702.0,-23.595,74,57,-949,1472
2025-09-05 21:24:13.117200,-78.78,-57.72,464.295,13.26,15.015,20.865,472.875,19.5,77,56,-955,1344
2025-09-05 21:24:13.118600,143.715,-179.205,343.59000000000003,79.95,51.870000000000005,50.31,355.095,57.135000000000005,76,53,-952,1280
2025-09-05 21:24:13.120000,348.27000000000004,-283.92,239.46,139.035,77.025,81.705,245.31,105.3,73,53,-953,1344
2025-09-05 21:24:13.123714,410.085,-168.48000000000002,349.635,159.9,101.595,105.885,390.195,115.44,76,50,-951,1408
2025-09-05 21:24:13.127429,-404.235,523.965,1000.155,-81.12,-10.92,-11.115,968.76,-58.5,81,49,-952,1344
2025-09-05 21:24:13.131143,-473.265,405.795,848.64,-103.935,-29.055,-39.195,781.755,-74.685,78,49,-951,1280
2025-09-05 21:24:13.134857,-324.285,125.385,559.26,-67.47,-21.06,-34.515,485.355,-49.14,78,49,-951,1280
2025-09-05 21:24:13.138571,-88.72500000000001,-110.76,322.53000000000003,0.975,3.705,-6.24,261.3,-10.53,85,49,-946,1344
2025-09-05 21:24:13.142286,126.36,-238.29,187.2,62.595,43.485,15.6,139.23000000000002,37.44,78,54,-939,1344
2025-09-05 21:24:13.146000,327.795,-339.105,74.295,121.095,69.22500000000001,49.14,28.86,71.76,75,50,-941,1344
2025-09-05 21:24:13.146714,395.85,-225.81,184.275,145.665,93.21,71.565,171.21,83.85000000000001,75,44,-942,1408
2025-09-05 21:24:13.147429,332.475,-342.225,30.615,118.755,73.32000000000001,44.07,-28.08,78.19500000000001,67,47,-945,1280
2025-09-05 21:24:13.148143,405.795,-234.975,156.585,145.08,93.6,65.13,127.53,97.695,73,52,-942,1344
2025-09-05 21:24:13.148857,274.755,20.865,426.465,112.515,86.97,59.67,385.125,77.025,73,52,-942,1344
2025-09-05 21:24:13.149571,71.175,225.615,629.655,61.035,59.475,37.635,574.86,37.44,77,53,-947,1344
2025-09-05 21:24:13.150286,-144.885,374.985,789.36,-4.875,24.375,6.4350000000000005,716.235,-7.215,76,52,-941,1408
2025-09-05 21:24:13.151000,-387.075,529.62,937.56,-83.07000000000001,-14.625,-31.59,848.0550000000001,-62.205000000000005,71,50,-945,1408
2025-09-05 21:24:13.157143,-465.27,407.355,793.26,-107.055,-48.75,-53.04,654.8100000000001,-79.75500000000001,69,52,-944,1472
2025-09-05 21:24:13.163286,-384.735,523.575,880.0350000000001,-63.57,-18.135,-40.365,760.695,-73.32000000000001,66,50,-944,1408
2025-09-05 21:24:13.169429,-462.54,416.13,736.905,-89.11500000000001,-42.9,-59.865,577.98,-87.555,69,53,-946,1408
2025-09-05 21:24:13.175571,-313.755,127.14,404.82,-54.405,-32.565,-52.455,265.005,-66.495,71,53,-946,1408
2025-09-05 21:24:13.181714,-82.68,-126.555,161.655,14.625,-7.605,-32.175000000000004,41.535,-24.96,71,48,-950,1408
2025-09-05 21:24:13.187857,133.77,-251.355,47.97,80.73,27.3,3.705,-66.495,24.96,70,47,-970,1344
2025-09-05 21:24:13.194000,334.035,-343.98,-48.945,145.47,54.795,34.71,-170.04,70.59,71,46,-959,1344
2025-09-05 21:24:13.195571,410.67,-256.815,41.73,166.725,75.465,59.475,-41.535,80.73,72,46,-953,1408
2025-09-05 21:24:13.197143,277.68,-0.78,297.375,135.33,72.93,55.77,222.3,68.25,63,49,-953,1344
2025-09-05 21:24:13.198714,78.39,189.735,491.595,76.44,41.73,25.935,399.555,28.08,63,49,-956,1344
2025-09-05 21:24:13.200286,-152.685,329.55,637.26,9.75,0.195,-4.095,523.965,-30.42,62,48,-942,1408
2025-09-05 21:24:13.201857,-405.21,463.125,769.275,-77.22,-39.195,-48.555,656.565,-91.065,66,50,-946,1344
2025-09-05 21:24:13.203429,-471.315,374.205,667.095,-94.185,-54.405,-60.45,513.0450000000001,-93.99,69,48,-944,1408
2025-09-05 21:24:13.205000,-331.5,93.6,371.67,-55.185,-43.29,-56.745000000000005,214.11,-67.08,68,48,-943,1344
2025-09-05 21:24:13.205571,-88.53,-150.15,126.165,16.38,-14.235,-27.885,-13.65,-24.375,68,48,-943,1344
2025-09-05 21:24:13.206143,-376.35,491.985,757.38,-82.68,-28.86,-44.46,608.985,-60.84,74,51,-939,1280
2025-09-05 21:24:13.206714,-452.4,376.545,623.22,-108.42,-59.28,-71.175,438.555,-77.22,75,51,-943,1280
2025-09-05 21:24:13.207286,-306.93,107.835,337.545,-71.76,-51.870000000000005,-59.67,146.835,-47.58,77,49,-944,1408
2025-09-05 21:24:13.207857,-65.91,-146.25,87.555,-3.12,-18.72,-36.855,-85.02,-6.045,77,49,-944,1408
2025-09-05 21:24:13.208429,152.29500000000002,-283.33500000000004,-33.54,60.84,5.265000000000001,-9.165,-205.14,34.32,79,44,-947,1344
2025-09-05 21:24:13.209000,352.755,-385.32,-152.49,119.145,40.365,15.6,-319.21500000000003,77.22,78,48,-949,1280
2025-09-05 21:24:13.213857,431.925,-283.725,-43.68,143.13,63.57,41.925,-172.965,98.67,75,45,-945,1408
2025-09-05 21:24:13.218714,-371.28,468.195,671.775,-94.965,-36.66,-59.085,483.99,-71.175,82,47,-954,1344
2025-09-05 21:24:13.223571,-456.3,362.115,538.98,-117.78,-59.865,-87.94500000000001,320.77500000000003,-90.09,84,48,-954,1280
2025-09-05 21:24:13.228429,-308.88,86.97,248.82,-83.46000000000001,-50.115,-81.315,26.130000000000003,-70.98,84,47,-952,1344
2025-09-05 21:24:13.233286,-70.59,-158.535,1.17,-18.72,-19.89,-51.48,-205.53,-21.84,84,47,-952,1344
2025-09-05 21:24:13.238143,143.715,-280.21500000000003,-119.535,42.120000000000005,13.65,-23.985,-316.095,18.72,92,45,-940,1280
2025-09-05 21:24:13.243000,347.295,-374.205,-219.375,102.375,45.435,7.0200000000000005,-424.32,64.155,92,51,-943,1344
2025-09-05 21:24:13.244000,433.485,-281.97,-120.12,131.82,72.93,25.74,-282.75,87.75,87,52,-945,1344
2025-09-05 21:24:13.247833,351.0,-370.305,-255.84,101.01,49.92,9.36,-443.82,59.475,80,44,-950,1344
2025-09-05 21:24:13.251667,436.41,-280.995,-154.245,128.70000000000002,70.98,32.76,-319.41,75.075,81,46,-944,1408
2025-09-05 21:24:13.255500,305.175,-35.685,105.69,100.23,62.985,30.225,-55.38,59.475,82,48,-940,1472
2025-09-05 21:24:13.259333,103.74,158.73000000000002,305.175,36.66,35.1,7.0200000000000005,132.015,18.72,82,48,-940,1472
2025-09-05 21:24:13.263167,-115.05,320.19,465.855,-29.055,1.365,-22.035,274.755,-27.69,84,50,-958,1280
2025-09-05 21:24:13.267000,-360.945,455.52,611.52,-101.595,-33.15,-62.985,424.905,-78.78,85,49,-945,1344
2025-09-05 21:24:13.267286,-449.085,351.39,492.18,-133.57500000000002,-58.89,-84.63000000000001,258.765,-97.305,84,48,-941,1408
2025-09-05 21:24:13.267571,-360.555,443.04,597.285,-108.225,-33.735,-54.21,388.44,-74.49000000000001,76,52,-938,1344
2025-09-05 21:24:13.267857,-453.375,339.3,468.975,-136.89,-58.305,-86.58,238.095,-99.45,76,52,-941,1408
2025-09-05 21:24:13.268143,-313.365,64.35000000000001,170.235,-97.305,-49.335,-79.17,-55.575,-67.665,79,51,-944,1408
2025-09-05 21:24:13.268429,-77.22,-188.565,-83.85000000000001,-35.295,-23.595,-56.940000000000005,-295.035,-24.765,79,51,-944,1408
2025-09-05 21:24:13.268714,139.425,-335.01,-230.1,28.275,8.775,-24.375,-414.57,19.89,74,46,-941,1344
2025-09-05 21:24:13.269000,335.205,-411.45,-319.605,93.21,42.120000000000005,4.485,-506.22,63.96,76,47,-947,1344
2025-09-05 21:24:13.273000,429.195,-325.065,-225.03,121.095,71.175,32.955,-383.955,78.39,78,51,-945,1408
2025-09-05 21:24:13.277000,343.59000000000003,-415.35,-336.18,89.50500000000001,41.145,14.04,-549.51,55.38,70,51,-959,1344
2025-09-05 21:24:13.281000,433.29,-327.40500000000003,-235.95,123.435,68.055,36.075,-416.13,74.88,69,52,-955,1344
2025-09-05 21:24:13.285000,302.64,-88.72500000000001,14.43,94.965,65.715,35.685,-165.945,57.135000000000005,75,51,-951,1344
2025-09-05 21:24:13.289000,97.11,117.78,223.275,36.66,40.56,15.6,33.735,22.815,75,51,-951,1344
2025-09-05 21:24:13.293000,-117.39,285.285,397.605,-21.45,10.14,-10.92,188.565,-19.305,77,48,-966,1408
2025-09-05 21:24:13.297000,-367.575,435.045,548.9250000000001,-98.28,-23.01,-48.555,337.935,-70.785,70,45,-959,1280
2025-09-05 21:24:13.303286,-463.71,337.74,427.83,-126.75,-59.28,-77.22,182.52,-90.87,71,50,-953,1344
2025-09-05 21:24:13.309571,346.90500000000003,-415.35,-378.3,99.45,51.09,-1.95,-599.82,54.405,79,49,-940,1344
2025-09-05 21:24:13.315857,444.99,-333.45,-280.995,126.945,70.59,21.06,-461.175,72.54,76,51,-943,1344
2025-09-05 21:24:13.322143,321.36,-90.09,-14.43,93.015,68.44500000000001,23.01,-198.51,50.115,73,49,-949,1280
2025-09-05 21:24:13.328429,117.975,111.15,181.35,39.0,41.34,2.34,-22.23,14.235,73,49,-949,1344
2025-09-05 21:24:13.334714,-104.13,270.855,341.055,-21.45,3.705,-29.055,123.63,-29.25,75,49,-949,1344
2025-09-05 21:24:13.341000,-343.785,423.345,499.2000000000001,-99.45,-33.93,-59.28,276.315,-85.605,72,53,-941,1344
2025-09-05 21:24:13.344786,-451.035,341.25,399.945,-136.695,-62.595,-88.33500000000001,141.96,-105.105,74,53,-943,1408
2025-09-05 21:24:13.348571,-353.34000000000003,419.64,478.92,-112.515,-34.125,-53.625,258.375,-81.9,80,45,-943,1408
2025-09-05 21:24:13.352357,-454.935,327.6,378.105,-142.54500000000002,-66.105,-82.875,113.88,-101.4,80,48,-944,1344
2025-09-05 21:24:13.356143,-320.385,66.885,84.63000000000001,-101.985,-62.400000000000006,-80.925,-189.54,-84.24000000000001,79,51,-946,1280
2025-09-05 21:24:13.359929,-83.85000000000001,-177.45000000000002,-179.4,-40.95,-27.495,-49.725,-419.055,-47.385000000000005,77,57,-949,1344
2025-09-05 21:24:13.363714,139.815,-327.40500000000003,-320.97,21.645,5.655,-23.4,-546.195,3.12,77,57,-949,1344
2025-09-05 21:24:13.367500,337.545,-421.005,-414.96,83.46000000000001,37.44,12.675,-634.725,48.36,81,55,-945,1280
2025-09-05 21:24:13.371286,432.12,-350.415,-319.605,108.615,61.23,38.61,-504.855,64.74000000000001,77,55,-948,1408
2025-09-05 21:24:13.375071,342.81,-408.33,-411.84,77.805,41.34,13.65,-640.965,54.795,73,47,-948,1344
2025-09-05 21:24:13.378857,436.41,-331.89,-323.31,107.445,62.985,42.120000000000005,-524.94,71.955,77,52,-947,1280
2025-09-05 21:24:13.382643,317.07,-99.84,-81.705,74.10000000000001,53.43,37.245000000000005,-290.16,50.505,75,53,-949,1408
2025-09-05 21:24:13.386429,116.805,109.98,138.45000000000002,21.45,27.885,17.16,-80.34,11.895,74,53,-949,1408
2025-09-05 21:24:13.390214,-98.085,268.32,299.325,-41.73,-1.17,-12.09,76.245,-26.91,74,53,-949,1408
2025-09-05 21:24:13.394000,-339.69,405.795,437.19,-114.66,-40.95,-46.41,214.11,-82.875,74,59,-954,1344
2025-09-05 21:24:13.401571,-446.16,328.96500000000003,340.86,-152.1,-71.76,-75.27,74.295,-103.35,74,55,-949,1408
2025-09-05 21:24:13.409143,-327.40500000000003,423.93,439.53,-104.13,-44.85,-48.165,208.065,-83.46000000000001,68,55,-953,1408
2025-09-05 21:24:13.416714,-429.0,344.175,335.01,-139.425,-77.22,-78.0,65.715,-102.96,71,51,-949,1344
2025-09-05 21:24:13.424286,-303.42,70.98,60.45,-107.055,-75.66,-70.785,-203.19,-80.34,75,51,-950,1408
2025-09-05 21:24:13.431857,-65.52,-172.77,-195.0,-34.71,-46.02,-43.68,-433.875,-44.46,75,51,-948,1344
2025-09-05 21:24:13.439429,159.315,-308.49,-336.18,18.135,-8.97,-12.285,-577.395,6.63,75,51,-948,1344
2025-09-05 21:24:13.447000,358.605,-413.01,-437.19,82.68,21.84,19.305,-669.0450000000001,47.190000000000005,82,51,-932,1344
2025-09-05 21:24:13.453429,451.62,-331.11,-343.98,109.005,41.925,48.165,-540.735,63.375,80,53,-939,1408
2025-09-05 21:24:13.459857,355.095,-389.025,-417.105,69.81,16.965,17.55,-646.23,42.51,74,52,-940,1344
2025-09-05 21:24:13.466286,456.495,-318.435,-335.79,106.47,47.190000000000005,50.7,-522.7950000000001,66.3,77,53,-942,1344
2025-09-05 21:24:13.472714,334.815,-83.265,-89.50500000000001,78.39,35.1,39.78,-283.33500000000004,41.145,80,54,-944,1344
2025-09-05 21:24:13.479143,141.375,128.31,135.135,19.11,15.795,17.94,-74.88,11.895,79,54,-945,1408
2025-09-05 21:24:13.485571,-76.245,286.845,293.475,-43.29,-12.87,-10.335,75.075,-36.66,79,54,-945,1408
2025-09-05 21:24:13.492000,-327.99,438.165,443.43,-116.61,-50.115,-47.97,223.665,-89.7,77,51,-960,1408
2025-09-05 21:24:13.493714,-433.68,363.285,341.83500000000004,-152.1,-84.63000000000001,-74.49000000000001,85.995,-117.195,70,53,-954,1344
2025-09-05 21:24:13.495429,-302.055,91.65,49.335,-116.025,-79.75500000000001,-74.295,-209.82,-98.865,74,50,-951,1344
2025-09-05 21:24:13.497143,-65.715,-168.675,-212.16,-52.845,-52.455,-45.045,-449.865,-51.870000000000005,75,54,-948,1344
2025-09-05 21:24:13.498857,151.125,-315.315,-363.675,5.655,-23.985,-13.845,-583.635,-18.33,75,54,-948,1344
2025-09-05 21:24:13.500571,332.865,-433.875,-466.44,62.010000000000005,5.07,10.725,-686.205,4.485,76,58,-939,1408
2025-09-05 21:24:13.502286,428.805,-357.825,-371.085,91.065,32.370000000000005,36.27,-555.36,29.835,79,54,-939,1344
2025-09-05 21:24:13.504000,327.795,-100.62,-101.79,69.22500000000001,35.295,39.195,-285.87,29.25,79,54,-944,1408
2025-09-05 21:24:13.509143,128.505,107.055,107.445,18.72,12.285,18.135,-96.135,-1.17,78,52,-947,1408
2025-09-05 21:24:13.514286,-329.55,417.885,416.13,-121.29,-54.99,-38.805,214.11,-99.255,83,55,-947,1408
2025-09-05 21:24:13.519429,-441.09,330.915,321.165,-156.0,-82.095,-59.865,66.885,-121.095,81,59,-948,1344
2025-09-05 21:24:13.524571,-309.46500000000003,56.55,26.52,-118.365,-74.49000000000001,-61.620000000000005,-225.615,-96.33,83,56,-950,1344
2025-09-05 21:24:13.529714,-74.685,-194.025,-231.465,-56.55,-49.14,-37.635,-466.635,-58.695,83,55,-948,1344
2025-09-05 21:24:13.534857,147.81,-329.16,-356.65500000000003,10.53,-15.6,-1.17,-579.345,-8.97,83,55,-948,1344
2025-09-05 21:24:13.540000,350.805,-430.755,-455.715,75.855,15.015,25.35,-683.6700000000001,36.855,79,60,-954,1408
2025-09-05 21:24:13.542000,450.84,-372.06,-379.665,109.785,42.705,54.6,-579.345,51.285,87,55,-958,1408
2025-09-05 21:24:13.544000,341.055,-431.145,-461.175,83.07000000000001,6.24,15.6,-689.91,27.3,71,56,-936,1408
2025-09-05 21:24:13.547600,448.695,-360.75,-372.645,116.415,36.075,50.505,-569.79,52.845,80,54,-943,1408
2025-09-05 21:24:13.551200,336.765,-111.93,-117.0,87.555,35.1,51.285,-306.15000000000003,32.955,75,54,-946,1408
2025-09-05 21:24:13.554800,135.135,87.94500000000001,83.85000000000001,29.64,9.75,30.03,-115.83,-0.78,79,58,-948,1408
2025-09-05 21:24:13.558400,-85.995,248.82,242.775,-29.445,-18.915,-0.39,31.98,-43.29,79,58,-948,1408
2025-09-05 21:24:13.562000,-327.6,407.94,404.625,-109.395,-57.330000000000005,-32.175000000000004,201.63,-93.21,82,61,-950,1280
2025-09-05 21:24:13.563000,-440.7,332.08500000000004,310.44,-139.23000000000002,-87.165,-64.35000000000001,60.06,-119.925,70,57,-941,1344
2025-09-05 21:24:13.563500,-326.235,417.495,392.34,-108.03,-57.915,-27.885,198.705,-102.375,76,61,-953,1344
2025-09-05 21:24:13.564000,-449.475,335.595,299.91,-145.275,-85.995,-60.255,60.45,-119.535,74,60,-950,1344
2025-09-05 21:24:13.564500,-321.75,69.81,0.78,-114.855,-81.315,-59.67,-240.045,-96.525,74,58,-952,1280
2025-09-05 21:24:13.565000,-86.58,-180.57,-245.7,-42.705,-52.455,-31.98,-460.785,-59.085,74,56,-954,1408
2025-09-05 21:24:13.565500,133.185,-325.455,-371.67,18.33,-18.33,5.265000000000001,-578.1750000000001,-13.845,74,56,-954,1408
2025-09-05 21:24:13.566000,336.765,-413.01,-462.93,77.025,14.625,31.200000000000003,-675.6750000000001,29.64,71,54,-946,1408
2025-09-05 21:24:13.566200,444.015,-351.195,-378.885,110.565,44.07,61.620000000000005,-559.455,47.190000000000005,73,52,-947,1280
2025-09-05 21:24:13.566400,325.455,-105.495,-132.21,81.705,39.195,56.16,-308.685,34.71,73,52,-946,1472
2025-09-05 21:24:13.566600,126.165,118.755,88.33500000000001,28.275,18.915,36.465,-94.965,1.17,70,50,-947,1344
2025-09-05 21:24:13.566800,-91.65,279.63,248.04,-39.195,-16.965,1.365,59.085,-59.475,70,50,-947,1344
2025-09-05 21:24:13.567000,-338.13,403.455,395.265,-113.49,-60.645,-31.59,216.06,-115.245,70,56,-961,1280
2025-09-05 21:24:13.600500,-443.625,367.38,324.285,-139.035,-81.705,-56.55,84.63000000000001,-123.435,70,60,-952,1408
2025-09-05 21:24:13.634000,-326.235,92.625,26.715,-110.175,-78.58500000000001,-61.425,-206.505,-107.64,71,57,-952,1408
2025-09-05 21:24:13.642429,-79.36500000000001,-176.67000000000002,-233.61,-40.95,-46.605,-32.175000000000004,-439.335,-53.82,70,58,-949,1344
2025-09-05 21:24:13.650857,344.175,-396.045,-501.735,85.8,26.130000000000003,46.8,-697.71,52.65,75,55,-939,1344
2025-09-05 21:24:13.659286,450.645,-346.125,-421.785,124.41,48.555,75.465,-570.96,72.735,76,55,-957,1344
2025-09-05 21:24:13.667714,339.105,-114.66,-154.245,105.495,47.58,76.44,-297.57,54.99,77,55,-954,1344
2025-09-05 21:24:13.676143,136.695,105.495,66.3,50.31,25.545,55.38,-92.43,17.16,77,51,-949,1408
2025-09-05 21:24:13.684571,-81.51,259.935,232.245,-12.87,-6.63,29.25,71.565,-23.79,74,54,-949,1408
2025-09-05 21:24:13.693000,-318.435,413.79,364.65,-88.33500000000001,-45.24,-7.605,199.095,-78.0,74,54,-953,1408
2025-09-05 21:24:13.700429,-446.745,343.005,293.475,-125.58,-73.71000000000001,-37.245000000000005,64.74000000000001,-103.155,69,55,-940,1344
2025-09-05 21:24:13.707857,-320.19,86.385,4.29,-95.16,-68.055,-37.245000000000005,-223.47,-82.095,75,57,-943,1344
2025-09-05 21:24:13.715286,-84.24000000000001,-174.33,-251.745,-37.245000000000005,-34.905,-13.65,-452.985,-35.88,73,56,-946,1408
2025-09-05 21:24:13.722714,137.865,-322.14,-400.14,24.765,-9.555,8.385,-591.0450000000001,-2.73,76,59,-950,1408
2025-09-05 21:24:13.730143,320.19,-421.395,-494.52,82.68,23.985,39.0,-677.4300000000001,31.005000000000003,76,59,-950,1408
2025-09-05 21:24:13.737571,448.89,-345.15000000000003,-405.6,124.215,57.915,73.125,-544.83,69.61500000000001,85,58,-951,1408
2025-09-05 21:24:13.745000,338.91,-114.66,-171.99,96.915,47.58,64.545,-295.815,51.285,85,54,-949,1408
2025-09-05 21:24:13.750571,134.94,111.93,51.09,44.265,25.74,44.85,-102.375,17.745,83,54,-948,1344
2025-09-05 21:24:13.756143,327.99,-392.535,-535.47,89.7,36.465,10.725,-695.1750000000001,50.115,71,59,-948,1344
2025-09-05 21:24:13.761714,447.72,-339.3,-488.865,124.605,67.47,37.245000000000005,-590.655,80.925,77,51,-949,1408
2025-09-05 21:24:13.767286,340.08,-101.4,-233.805,94.77,69.61500000000001,40.95,-339.69,59.085,73,55,-948,1344
2025-09-05 21:24:13.772857,133.185,110.76,-21.06,43.68,44.85,17.55,-147.81,19.11,73,57,-950,1280
2025-09-05 21:24:13.778429,-83.265,292.89,155.805,-19.89,12.09,-12.285,20.865,-20.475,74,54,-950,1344
2025-09-05 21:24:13.784000,-322.92,436.02,322.725,-91.455,-28.08,-40.95,186.81,-67.47,74,54,-950,1344
2025-09-05 21:24:13.787143,-453.18,375.18,243.165,-132.99,-56.55,-76.44,61.620000000000005,-89.895,62,55,-963,1344
2025-09-05 21:24:13.790286,-333.06,113.295,-50.7,-108.225,-53.04,-76.635,-239.85,-79.36500000000001,68,56,-956,1408
2025-09-05 21:24:13.793429,-100.62,-133.38,-321.75,-41.73,-29.835,-52.455,-479.895,-30.81,72,58,-949,1344
2025-09-05 21:24:13.796571,123.825,-283.92,-447.72,24.18,1.365,-22.815,-596.3100000000001,1.95,71,56,-948,1344
2025-09-05 21:24:13.799714,309.075,-389.415,-551.46,76.83,24.765,2.34,-697.905,26.91,71,56,-948,1344
2025-09-05 21:24:13.802857,426.075,-320.19,-475.8,118.56,51.675,30.81,-581.1,54.21,77,53,-956,1408
2025-09-05 21:24:13.806000,333.45,-63.57,-194.61,99.255,54.21,42.51,-311.02500000000003,63.57,72,54,-955,1344
2025-09-05 21:24:13.825571,133.965,152.685,26.130000000000003,47.385000000000005,33.15,23.4,-109.005,34.125,75,56,-951,1344
2025-09-05 21:24:13.845143,-325.845,446.16,320.58,-89.7,-32.370000000000005,-39.0,200.07,-63.57,75,55,-948,1408
2025-09-05 21:24:13.864714,-456.3,400.335,254.085,-129.48000000000002,-67.275,-71.175,81.9,-95.355,77,65,-948,1408
2025-09-05 21:24:13.884286,-344.76,136.695,-28.665000000000003,-103.545,-67.08,-70.005,-211.965,-70.2,75,63,-946,1408
2025-09-05 21:24:13.903857,-109.98,-122.265,-290.355,-37.05,-38.805,-47.97,-448.5,-30.42,77,56,-946,1344
2025-09-05 21:24:13.923429,114.27,-264.81,-423.54,31.98,-6.045,-15.99,-576.225,15.405,74,55,-948,1280
2025-09-05 21:24:13.943000,309.075,-347.295,-499.2000000000001,90.285,32.370000000000005,13.455,-648.57,65.715,74,55,-948,1280
2025-09-05 21:24:13.944000,432.9,-307.515,-436.02,121.68,63.18,37.635,-548.73,83.265,77,51,-948,1280
2025-09-05 21:24:13.947692,292.695,-362.7,-508.365,86.58,30.225,11.895,-651.69,61.035,68,58,-954,1344
2025-09-05 21:24:13.951385,414.765,-312.78000000000003,-433.68,127.14,62.010000000000005,40.56,-548.145,85.605,75,54,-946,1408
2025-09-05 21:24:13.955077,313.17,-84.24000000000001,-195.78,98.475,54.99,37.635,-308.88,63.96,72,60,-944,1344
2025-09-05 21:24:13.958769,104.13,126.75,25.155,38.805,32.76,18.33,-99.45,23.205,74,59,-946,1280
2025-09-05 21:24:13.962462,-105.495,288.795,199.68,-19.89,5.46,-10.14,77.61,-15.405,73,57,-949,1344
2025-09-05 21:24:13.966154,-344.175,437.58,341.445,-93.99,-36.27,-44.655,210.6,-69.22500000000001,73,57,-949,1344
2025-09-05 21:24:13.969846,-476.58,372.45,264.615,-136.89,-70.59,-75.075,85.605,-93.21,70,55,-950,1344
2025-09-05 21:24:13.973538,-350.61,429.39,316.095,-107.25,-31.395,-29.25,194.025,-66.885,75,54,-952,1344
2025-09-05 21:24:13.977231,-485.745,380.64,263.64,-148.20000000000002,-67.665,-56.16,96.72,-90.09,80,52,-955,1408
2025-09-05 21:24:13.980923,-366.795,116.22,-2.145,-123.825,-62.595,-56.55,-179.595,-68.055,76,55,-950,1280
2025-09-05 21:24:13.984615,-133.185,-157.56,-274.17,-63.375,-35.295,-34.515,-425.1,-30.225,78,54,-952,1344
2025-09-05 21:24:13.988308,94.77,-286.26,-418.47,5.46,-0.78,0.975,-553.215,11.505,76,57,-948,1408
2025-09-05 21:24:13.992000,289.575,-379.86,-509.145,64.935,36.855,29.835,-641.5500000000001,55.575,76,57,-948,1408
2025-09-05 21:24:13.995000,415.35,-329.55,-463.515,104.325,64.35000000000001,58.89,-549.12,78.78,74,55,-937,1344
2025-09-05 21:24:13.998000,311.22,-98.67,-217.23,75.66,54.795,56.55,-310.83,66.69,79,61,-939,1344
2025-09-05 21:24:14.001000,108.225,124.41,4.485,23.595,33.15,31.59,-101.01,27.495,74,57,-946,1344
2025-09-05 21:24:14.004000,-115.44,273.975,165.165,-44.265,1.56,-3.315,50.895,-30.615,76,52,-952,1408
2025-09-05 21:24:14.007000,-365.43,403.065,296.985,-126.36,-39.0,-43.68,182.91,-103.545,76,52,-952,1408
2025-09-05 21:24:14.010000,-498.225,361.53,244.14,-169.65,-73.71000000000001,-73.32000000000001,77.025,-130.26,80,53,-955,1280
2025-09-05 21:24:14.013000,-383.76,101.595,-41.925,-138.645,-67.08,-75.27,-197.73,-113.685,75,52,-951,1408
2025-09-05 21:24:14.013857,-136.89,-139.815,-266.955,-69.42,-30.81,-40.56,-405.99,-44.655,77,58,-950,1280
2025-09-05 21:24:14.014714,294.645,-376.35,-515.385,59.67,33.54,24.57,-651.69,45.045,74,54,-951,1280
2025-09-05 21:24:14.015571,414.765,-324.48,-460.005,90.285,66.105,51.870000000000005,-554.19,78.97500000000001,66,57,-953,1344
2025-09-05 21:24:14.016429,308.88,-93.015,-219.57,69.03,58.305,49.53,-311.61,58.695,74,53,-959,1408
2025-09-05 21:24:14.017286,108.615,119.34,3.705,16.965,36.855,29.445,-99.06,24.18,71,54,-950,1344
2025-09-05 21:24:14.018143,-106.86,280.41,167.70000000000002,-49.725,3.12,6.045,58.89,-16.77,76,57,-948,1280
2025-09-05 21:24:14.019000,-345.54,426.855,323.31,-113.1,-39.0,-24.96,212.745,-64.35000000000001,76,57,-948,1280
2025-09-05 21:24:14.019167,-482.43,374.205,251.355,-159.51000000000002,-71.565,-52.065000000000005,108.225,-95.16,79,56,-944,1408
2025-09-05 21:24:14.019333,-354.51,420.225,328.185,-124.995,-44.46,-19.11,230.295,-76.44,74,52,-945,1344
2025-09-05 21:24:14.019500,-490.425,379.665,265.785,-171.79500000000002,-74.49000000000001,-50.505,119.34,-95.355,77,51,-965,1344
2025-09-05 21:24:14.019667,-376.35,103.35,-15.99,-140.985,-73.125,-50.115,-158.925,-81.51,74,47,-956,1280
2025-09-05 21:24:14.019833,-141.96,-155.805,-278.65500000000003,-77.805,-41.73,-25.35,-405.6,-39.195,73,53,-951,1472
2025-09-05 21:24:14.020000,85.8,-301.27500000000003,-416.52,-10.14,-6.045,7.0200000000000005,-527.865,12.87,75,58,-947,1344
2025-09-05 21:24:14.049000,281.97,-387.66,-502.32,48.945,19.5,40.17,-616.395,50.505,75,58,-947,1344
2025-09-05 21:24:14.051857,411.06,-347.88,-451.035,87.94500000000001,46.02,63.57,-535.08,68.83500000000001,77,53,-943,1280
2025-09-05 21:24:14.054714,307.32,-111.735,-209.235,63.57,42.315000000000005,61.035,-285.285,61.035,80,59,-953,1344
2025-09-05 21:24:14.057571,100.23,101.595,4.095,10.335,25.545,40.755,-81.705,30.615,76,61,-950,1280
2025-09-05 21:24:14.060429,-113.49,257.205,165.555,-55.77,-9.36,1.56,69.42,-30.615,77,60,-949,1344
2025-09-05 21:24:14.063286,-359.58,390.39,310.635,-127.53,-52.260000000000005,-33.93,223.08,-82.485,77,60,-949,1344
2025-09-05 21:24:14.066143,-483.99,378.69,279.045,-164.19,-74.295,-62.985,148.59,-86.97,80,57,-952,1344
2025-09-05 21:24:14.069000,-370.305,121.875,-9.945,-139.23000000000002,-78.58500000000001,-62.79,-150.15,-75.075,74,59,-934,1344
2025-09-05 21:24:14.071857,-138.84,-138.645,-272.805,-71.955,-43.875,-39.39,-382.2,-28.275,71,58,-944,1344
2025-09-05 21:24:14.074714,284.895,-408.135,-495.885,44.655,19.695,27.3,-604.11,55.575,74,55,-942,1344
2025-09-05 21:24:14.077571,417.885,-371.67,-445.575,90.675,49.53,57.72,-517.14,85.215,74,55,-942,1344
2025-09-05 21:24:14.080429,317.85,-146.445,-210.6,62.595,43.095,60.645,-280.605,68.83500000000001,72,56,-952,1344
2025-09-05 21:24:14.083286,118.56,72.735,10.92,5.265000000000001,16.965,40.365,-75.66,37.635,72,58,-949,1344
2025-09-05 21:24:14.086143,-95.745,242.19,182.91,-58.11,-12.285,14.43,93.6,-2.535,75,59,-951,1344
2025-09-05 21:24:14.089000,-328.38,390.195,343.785,-124.605,-47.385000000000005,-18.915,249.99,-53.82,75,57,-960,1408
2025-09-05 21:24:14.096429,-475.605,352.17,282.36,-173.16,-78.0,-55.77,151.125,-85.02,75,57,-960,1408
2025-09-05 21:24:14.103857,-373.035,84.24000000000001,3.315,-144.3,-78.58500000000001,-57.135000000000005,-135.72,-62.205000000000005,69,50,-950,1344
2025-09-05 21:24:14.111286,-132.99,-183.69,-268.90500000000003,-76.44,-49.53,-33.54,-378.105,-19.5,73,54,-950,1472
2025-09-05 21:24:14.118714,86.385,-333.255,-417.105,-13.455,-22.035,-6.4350000000000005,-532.155,8.97,73,54,-953,1280
2025-09-05 21:24:14.126143,264.225,-423.93,-517.335,37.635,-2.34,19.305,-628.095,28.47,77,53,-952,1344
2025-09-05 21:24:14.133571,403.26,-393.51,-466.83,80.73,28.47,48.36,-540.54,62.79,77,53,-952,1344
2025-09-05 21:24:14.141000,308.88,-167.31,-221.52,57.135000000000005,28.47,47.97,-290.745,42.9,78,61,-968,1344
2025-09-05 21:24:14.141571,118.56,82.68,24.18,13.455,16.77,31.98,-57.330000000000005,33.345,78,57,-960,1408
2025-09-05 21:24:14.142143,-339.3,378.69,333.45,-117.585,-47.190000000000005,-30.81,244.14,-46.8,79,56,-950,1408
2025-09-05 21:24:14.142714,-485.94,350.61,293.865,-166.92000000000002,-82.875,-62.595,151.905,-75.855,79,56,-950,1408
2025-09-05 21:24:14.143286,-376.35,88.53,24.375,-135.915,-77.61,-59.475,-120.51,-65.52,80,52,-930,1344
2025-09-05 21:24:14.143857,-142.935,-186.81,-259.15500000000003,-76.05,-54.795,-39.0,-370.695,-19.5,84,55,-942,1344
2025-09-05 21:24:14.144429,79.95,-323.7,-378.885,-5.46,-17.745,-5.46,-474.825,29.25,85,59,-947,1408
2025-09-05 21:24:14.145000,278.07,-410.475,-471.12,56.55,14.235,23.79,-584.8050000000001,69.81,81,61,-947,1344
2025-09-05 21:24:14.147857,413.985,-391.95,-440.115,93.405,41.34,44.655,-527.6700000000001,93.99,81,61,-947,1344
2025-09-05 21:24:14.150714,287.235,-397.8,-473.265,52.65,11.115,25.35,-577.395,62.79,89,56,-953,1344
2025-09-05 21:24:14.153571,423.93,-382.005,-448.89,96.525,45.045,55.965,-526.3050000000001,99.06,89,56,-953,1344
2025-09-05 21:24:14.156429,326.235,-143.13,-223.47,78.97500000000001,42.51,56.940000000000005,-293.475,80.73,91,60,-951,1280
2025-09-05 21:24:14.159286,129.675,78.58500000000001,-6.825,23.79,16.38,36.855,-82.485,45.045,88,56,-950,1344
2025-09-05 21:24:14.162143,-80.145,241.605,170.82,-35.1,-14.235,7.0200000000000005,80.925,7.0200000000000005,85,58,-950,1344
2025-09-05 21:24:14.165000,-316.485,396.045,335.79,-104.13,-46.215,-22.035,253.11,-43.875,83,58,-948,1344
2025-09-05 21:24:14.170000,-463.905,364.845,302.83500000000004,-148.395,-83.46000000000001,-58.5,172.57500000000002,-75.075,83,58,-948,1344
2025-09-05 21:24:14.175000,-357.045,104.52,16.185000000000002,-122.07,-82.485,-60.255,-124.02,-52.065000000000005,79,58,-945,1280
2025-09-05 21:24:14.180000,-117.0,-167.70000000000002,-250.965,-59.085,-56.16,-31.200000000000003,-369.33,-12.48,83,55,-945,1408
2025-09-05 21:24:14.185000,100.035,-311.415,-399.945,9.36,-28.47,-8.58,-513.24,18.72,82,58,-941,1344
2025-09-05 21:24:14.190000,282.75,-400.53,-497.835,63.18,1.755,19.11,-612.105,46.02,80,57,-942,1344
2025-09-05 21:24:14.195000,419.25,-365.43,-442.65,103.74,31.395,43.68,-516.165,70.98,80,57,-942,1344
2025-09-05 21:24:14.200000,322.53000000000003,-141.765,-206.895,78.78,30.03,45.825,-271.83,62.79,87,56,-955,1344
2025-09-05 21:24:14.203714,128.505,107.25,38.61,32.370000000000005,14.625,37.245000000000005,-34.32,47.385000000000005,82,54,-947,1408
2025-09-05 21:24:14.207429,-313.56,412.23,356.65500000000003,-99.84,-52.845,-18.72,271.635,-37.83,79,60,-942,1344
2025-09-05 21:24:14.211143,-464.295,394.095,313.365,-146.835,-82.875,-52.65,184.47,-68.44500000000001,79,60,-942,1344
2025-09-05 21:24:14.214857,-357.825,126.555,32.955,-122.07,-83.07000000000001,-55.38,-95.55,-46.8,71,59,-932,1408
2025-09-05 21:24:14.218571,-127.92,-147.225,-244.14,-55.185,-57.330000000000005,-34.905,-345.93,-8.385,78,62,-934,1344
2025-09-05 21:24:14.222286,95.94,-280.8,-385.71,10.53,-20.28,-2.73,-478.53,37.44,78,60,-939,1344
2025-09-05 21:24:14.226000,293.67,-364.65,-481.455,69.61500000000001,15.99,29.445,-570.1800000000001,77.805,74,60,-944,1344
2025-09-05 21:24:14.227857,436.605,-350.415,-439.14,104.91,40.365,57.135000000000005,-483.405,105.495,74,60,-944,1344
2025-09-05 21:24:14.229714,335.79,-115.635,-185.64,90.285,34.905,62.985,-232.245,95.745,82,60,-940,1408
2025-09-05 21:24:14.231571,128.505,100.815,39.0,31.785,10.92,51.285,-28.665000000000003,55.77,76,61,-945,1280
2025-09-05 21:24:14.233429,-94.77,261.885,189.15,-36.27,-26.130000000000003,12.675,109.005,-9.555,76,57,-944,1472
2025-09-05 21:24:14.235286,-344.565,374.4,315.51,-119.535,-63.96,-23.4,251.94,-72.54,74,58,-945,1408
2025-09-05 21:24:14.237143,-494.91,362.31,286.845,-160.095,-88.92,-51.09,183.495,-95.745,74,58,-945,1408
2025-09-05 21:24:14.239000,-389.415,101.79,12.87,-134.55,-88.53,-57.72,-91.845,-82.485,70,52,-943,1472
2025-09-05 21:24:14.239250,-143.52,-140.01,-239.85,-62.400000000000006,-54.21,-24.96,-322.92,-15.6,73,56,-953,1408
2025-09-05 21:24:14.239500,274.755,-364.26,-467.61,67.08,14.43,37.635,-560.625,74.295,72,57,-945,1344
2025-09-05 21:24:14.239750,421.2,-357.045,-431.34,113.295,46.41,64.545,-472.095,104.13,72,57,-945,1344
2025-09-05 21:24:14.240000,319.995,-135.915,-192.66,89.50500000000001,43.095,65.52,-238.29,87.36,74,56,-949,1408
2025-09-05 21:24:14.258000,130.065,85.41,24.765,34.32,22.425,47.190000000000005,-23.01,47.190000000000005,70,58,-945,1344
2025-09-05 21:24:14.276000,-92.82,250.38,193.245,-27.3,-2.535,16.185000000000002,133.57500000000002,12.09,69,59,-949,1408
2025-09-05 21:24:14.294000,-331.695,406.77,342.225,-99.255,-40.95,-13.845,288.21000000000004,-39.195,68,64,-946,1344
2025-09-05 21:24:14.295786,-480.09,392.145,316.68,-147.225,-76.05,-47.385000000000005,208.65,-75.465,68,64,-946,1344
2025-09-05 21:24:14.297571,-334.815,404.04,354.90000000000003,-102.765,-45.435,-34.515,305.76,-44.07,63,57,-952,1344
2025-09-05 21:24:14.299357,-498.03,391.95,318.24,-152.1,-81.12,-65.325,220.74,-75.465,63,57,-952,1344
2025-09-05 21:24:14.301143,-391.56,120.51,53.625,-129.09,-79.75500000000001,-65.52,-43.875,-56.940000000000005,57,54,-954,1280
2025-09-05 21:24:14.302929,-156.195,-151.905,-220.74,-67.47,-49.725,-41.73,-308.88,-16.38,66,51,-957,1408
2025-09-05 21:24:14.304714,72.93,-297.375,-375.57,-1.56,-12.48,-5.265000000000001,-448.11,24.765,65,52,-956,1408
2025-09-05 21:24:14.306500,260.71500000000003,-389.22,-463.71,55.965,17.94,19.305,-534.105,70.2,66,52,-958,1344
2025-09-05 21:24:14.308286,407.55,-375.765,-432.9,96.525,46.41,52.260000000000005,-468.39,95.745,66,52,-958,1344
2025-09-05 21:24:14.310071,319.21500000000003,-148.395,-182.52,71.175,50.31,55.575,-216.255,87.165,71,59,-954,1344
2025-09-05 21:24:14.311857,120.9,76.245,23.01,18.135,21.645,38.025,-15.015,49.725,67,58,-946,1280
2025-09-05 21:24:14.313643,-98.865,228.735,192.855,-45.63,-15.6,3.51,146.445,-4.485,69,58,-953,1344
2025-09-05 21:24:14.315429,-342.81,359.58,332.475,-127.14,-54.795,-34.125,283.92,-70.2,72,58,-953,1280
2025-09-05 21:24:14.317214,-498.03,343.59000000000003,301.47,-174.33,-93.6,-63.765,202.8,-105.105,72,58,-953,1280
2025-09-05 21:24:14.319000,-396.24,78.0,24.375,-145.08,-87.165,-68.83500000000001,-78.97500000000001,-88.33500000000001,66,57,-942,1408
2025-09-05 21:24:14.322714,-154.05,-169.845,-234.39,-77.22,-53.235,-34.905,-313.365,-19.5,79,60,-950,1408
2025-09-05 21:24:14.326429,274.56,-395.85,-463.32,50.505,13.26,25.35,-541.515,67.275,72,60,-953,1408
2025-09-05 21:24:14.330143,423.15,-374.595,-432.705,103.35,49.725,56.745000000000005,-471.705,99.45,72,60,-953,1408
2025-09-05 21:24:14.333857,334.035,-156.78,-201.045,81.315,50.115,61.815000000000005,-230.295,81.9,74,55,-966,1344
2025-09-05 21:24:14.337571,134.35500000000002,63.57,20.475,29.445,26.91,44.46,-16.185000000000002,44.46,68,60,-950,1280
2025-09-05 21:24:14.341286,-79.56,242.385,196.17,-31.395,-6.24,19.305,146.64,6.4350000000000005,71,58,-952,1344
2025-09-05 21:24:14.345000,-307.515,391.365,341.64,-101.985,-41.925,-9.555,295.815,-46.995000000000005,74,61,-952,1344
2025-09-05 21:24:14.345571,-474.435,365.82,306.93,-153.465,-79.17,-45.24,213.915,-79.36500000000001,74,61,-952,1344
2025-09-05 21:24:14.346143,-323.505,382.2,342.42,-99.45,-30.81,-7.41,288.21000000000004,-55.38,79,59,-945,1408
2025-09-05 21:24:14.346714,-484.185,374.79,322.725,-151.32,-65.52,-36.075,229.905,-79.95,79,59,-945,1408
2025-09-05 21:24:14.347286,-380.445,105.69,49.335,-120.12,-65.52,-38.22,-40.365,-64.545,84,56,-943,1408
2025-09-05 21:24:14.347857,-150.93,-165.165,-221.715,-56.55,-39.78,-19.11,-310.245,-20.67,86,56,-955,1344
2025-09-05 21:24:14.348429,85.605,-318.435,-364.26,16.185000000000002,-7.215,12.09,-439.725,21.84,83,56,-954,1280
2025-09-05 21:24:14.349000,273.975,-396.825,-451.035,71.175,27.3,44.265,-538.005,66.495,81,56,-950,1344
2025-09-05 21:24:14.357286,421.98,-381.615,-430.755,114.855,57.135000000000005,69.03,-465.27,88.33500000000001,81,56,-950,1344
2025-09-05 21:24:14.365571,334.62,-169.065,-201.045,93.99,58.5,74.10000000000001,-231.66,78.58500000000001,80,58,-951,1408
2025-09-05 21:24:14.373857,136.305,53.625,26.715,37.635,42.315000000000005,55.575,-11.505,45.045,76,57,-946,1344
2025-09-05 21:24:14.382143,-81.315,227.37,190.71,-27.105,3.51,24.375,138.645,-6.24,74,56,-949,1344
2025-09-05 21:24:14.390429,-326.82,360.36,326.235,-103.155,-36.66,-12.285,295.035,-54.405,77,54,-946,1408
2025-09-05 21:24:14.398714,-477.75,378.495,336.765,-146.835,-64.74000000000001,-41.34,241.41,-72.54,77,54,-946,1408
2025-09-05 21:24:14.407000,-376.545,114.465,53.625,-125.775,-65.52,-41.535,-34.125,-57.525,81,55,-932,1408
2025-09-05 21:24:14.407429,-146.445,-151.32,-221.325,-58.305,-41.535,-19.5,-295.035,-16.77,84,58,-946,1280
2025-09-05 21:24:14.407857,272.22,-423.54,-470.73,62.400000000000006,21.06,26.130000000000003,-523.575,70.2,71,55,-949,1344
2025-09-05 21:24:14.408286,427.245,-420.81,-449.475,111.735,53.625,55.575,-463.515,98.67,70,55,-950,1344
2025-09-05 21:24:14.408714,339.105,-189.93,-208.26,94.38,52.65,58.11,-228.735,84.24000000000001,70,55,-950,1344
2025-09-05 21:24:14.409143,140.205,44.265,17.745,35.49,33.345,43.095,-13.845,43.485,75,60,-958,1408
2025-09-05 21:24:14.409571,-73.515,217.425,173.745,-22.23,2.34,19.5,139.62,6.24,73,56,-951,1344
2025-09-05 21:24:14.410000,-309.27000000000004,361.335,332.475,-93.015,-28.665000000000003,-15.99,308.1,-39.585,70,56,-948,1408
2025-09-05 21:24:14.414857,-477.36,345.93,319.41,-144.885,-62.400000000000006,-52.845,237.12,-78.0,71,56,-950,1344
2025-09-05 21:24:14.419714,-309.855,356.07,343.59000000000003,-98.865,-40.95,-13.845,317.85,-44.46,71,57,-951,1344
2025-09-05 21:24:14.424571,-476.58,352.95,320.19,-151.905,-78.39,-45.435,240.825,-70.98,73,58,-949,1280
2025-09-05 21:24:14.429429,-381.03,89.50500000000001,47.385000000000005,-127.14,-82.095,-51.09,-32.955,-66.885,73,58,-949,1280
2025-09-05 21:24:14.434286,-158.145,-178.425,-234.0,-66.3,-53.235,-24.18,-294.255,-17.94,76,52,-941,1408
2025-09-05 21:24:14.439143,72.345,-332.67,-390.39,6.24,-17.355,2.145,-439.725,31.005000000000003,74,53,-941,1344
2025-09-05 21:24:14.444000,265.2,-408.915,-468.78,62.985,11.115,31.98,-522.6,68.83500000000001,71,56,-944,1280
2025-09-05 21:24:14.446714,417.885,-406.185,-464.49,109.005,48.165,60.06,-471.51,102.765,71,57,-946,1344
2025-09-05 21:24:14.449429,265.005,-400.14,-471.51,62.400000000000006,6.63,24.96,-532.35,66.3,77,58,-945,1408
2025-09-05 21:24:14.452143,421.98,-386.49,-450.84,108.81,40.95,55.38,-469.755,94.575,79,57,-945,1344
2025-09-05 21:24:14.454857,330.915,-168.48000000000002,-224.64,99.645,33.93,54.6,-232.83,85.605,79,57,-945,1344
2025-09-05 21:24:14.457571,133.77,55.575,-1.95,42.315000000000005,14.625,35.88,-26.325,48.36,76,53,-962,1344
2025-09-05 21:24:14.460286,-78.97500000000001,215.67,162.82500000000002,-20.28,-12.48,10.92,143.91,10.725,70,55,-957,1280
2025-09-05 21:24:14.463000,-310.635,359.385,325.65000000000003,-92.04,-54.21,-22.035,297.765,-38.415,72,57,-954,1344
2025-09-05 21:24:14.468286,-489.255,359.19,311.415,-142.35,-94.575,-57.915,241.605,-77.61,75,60,-954,1344
2025-09-05 21:24:14.473571,-282.75,351.195,340.86,-62.79,-55.77,-42.120000000000005,345.735,-59.475,72,59,-950,1344
2025-09-05 21:24:14.478857,-467.22,363.48,352.755,-117.975,-91.26,-75.27,308.295,-91.26,73,63,-948,1344
2025-09-05 21:24:14.484143,-382.785,117.39,85.02,-100.815,-93.015,-85.02,38.415,-81.51,73,63,-948,1472
2025-09-05 21:24:14.489429,-156.78,-151.71,-209.235,-40.365,-67.86,-58.695,-241.995,-44.07,72,62,-944,1472
2025-09-05 21:24:14.494714,73.125,-319.41,-367.38,24.765,-34.515,-29.64,-391.56,5.655,70,64,-944,1408
2025-09-05 21:24:14.500000,269.295,-398.385,-448.695,86.97,-5.265000000000001,-1.755,-468.78,55.185,71,63,-947,1408
2025-09-05 21:24:14.504000,428.22,-410.475,-451.62,133.965,23.79,27.69,-443.43,82.29,73,61,-949,1408
2025-09-05 21:24:14.508000,268.515,-394.095,-456.885,86.775,-11.505,3.51,-490.23,48.36,74,62,-940,1344
2025-09-05 21:24:14.512000,438.945,-411.84,-457.665,137.475,20.865,36.075,-441.285,90.87,75,62,-945,1280
2025-09-05 21:24:14.516000,358.02000000000004,-184.08,-210.21,123.825,24.96,41.73,-194.415,73.125,77,62,-947,1344
2025-09-05 21:24:14.520000,160.875,52.065000000000005,27.69,69.61500000000001,0.975,20.085,33.735,41.535,77,62,-947,1344
2025-09-05 21:24:14.524000,-40.365,216.645,190.125,19.89,-30.225,-1.56,189.54,-2.145,78,61,-949,1344
2025-09-05 21:24:14.528000,-277.29,350.22,340.47,-54.99,-67.08,-30.615,339.105,-52.845,74,56,-950,1408
2025-09-05 21:24:14.528286,-463.905,371.475,351.58500000000004,-117.78,-98.67,-69.42,309.66,-94.77,71,59,-944,1344
2025-09-05 21:24:14.528571,263.055,-428.22,-380.835,74.49000000000001,7.995,-1.95,-385.125,47.775,58,57,-947,1344
2025-09-05 21:24:14.528857,427.05,-444.21,-401.31,123.825,37.245000000000005,32.370000000000005,-363.09,85.41,61,58,-947,1280
2025-09-05 21:24:14.529143,352.95,-241.8,-190.515,105.69,42.705,34.32,-156.975,70.395,62,58,-948,1472
2025-09-05 21:24:14.529429,153.465,-68.44500000000001,-6.825,48.165,14.235,12.675,21.255,34.515,62,58,-948,1472
2025-09-05 21:24:14.529714,-57.135000000000005,125.97,210.21,-7.0200000000000005,-12.87,-5.265000000000001,228.54,-11.7,69,59,-952,1472
2025-09-05 21:24:14.530000,-289.77,296.595,384.54,-74.685,-43.875,-35.49,398.19,-54.6,65,56,-953,1408
2025-09-05 21:24:14.539429,-478.725,335.205,394.29,-131.235,-81.315,-79.75500000000001,366.21,-102.18,67,57,-951,1280
2025-09-05 21:24:14.548857,-286.26,336.375,392.145,-62.010000000000005,-43.68,-41.73,407.55,-68.64,68,60,-954,1408
2025-09-05 21:24:14.558286,-478.53,373.23,416.325,-120.705,-77.22,-78.0,397.8,-106.08,73,60,-954,1344
2025-09-05 21:24:14.567714,-399.75,115.44,158.145,-105.105,-77.22,-84.045,130.065,-90.285,69,61,-950,1472
2025-09-05 21:24:14.577143,-171.99,-166.725,-133.965,-44.655,-56.745000000000005,-65.52,-154.44,-55.575,69,61,-950,1472
2025-09-05 21:24:14.586571,58.11,-326.04,-308.1,20.475,-18.915,-33.93,-310.245,-10.335,73,57,-943,1408
2025-09-05 21:24:14.596000,253.5,-421.2,-388.83,79.95,13.26,-2.73,-393.315,41.73,69,62,-945,1408
2025-09-05 21:24:14.598429,416.325,-450.84,-392.925,127.725,45.24,25.935,-369.135,65.52,67,59,-946,1408
2025-09-05 21:24:14.600857,-297.57,347.685,419.835,-57.915,-26.52,-22.425,425.49,-63.375,52,56,-955,1344
2025-09-05 21:24:14.603286,-491.79,385.71,438.165,-115.05,-63.96,-59.67,398.385,-96.33,50,56,-954,1408
2025-09-05 21:24:14.605714,-411.255,147.615,176.28,-96.525,-64.74000000000001,-64.935,131.625,-87.36,54,57,-951,1408
2025-09-05 21:24:14.608143,-187.005,-132.6,-129.87,-34.32,-40.755,-47.190000000000005,-145.47,-50.7,54,57,-951,1408
2025-09-05 21:24:14.610571,42.120000000000005,-316.095,-291.915,32.565,-1.755,-14.82,-295.425,-3.12,61,58,-955,1344
2025-09-05 21:24:14.613000,235.365,-402.87,-371.085,95.355,29.055,15.21,-380.445,44.46,59,55,-947,1408
2025-09-05 21:24:14.614000,414.765,-436.02,-396.825,146.055,54.6,43.095,-379.47,71.565,60,58,-946,1280
2025-09-05 21:24:14.615000,236.925,-373.23,-363.87,97.695,22.815,1.755,-382.2,45.435,60,46,-954,1344
2025-09-05 21:24:14.616000,417.495,-397.41,-390.78,149.565,59.865,34.125,-359.385,79.36500000000001,66,51,-952,1408
2025-09-05 21:24:14.617000,349.635,-180.18,-164.19,134.745,61.23,38.805,-128.31,75.075,67,54,-949,1344
2025-09-05 21:24:14.618000,153.66,48.36,75.855,74.88,41.34,20.475,86.97,39.195,67,54,-949,1344
2025-09-05 21:24:14.619000,-60.84,209.82,247.26,15.015,10.92,-5.46,256.815,-1.17,69,53,-944,1408
2025-09-05 21:24:14.620000,-288.21000000000004,356.265,385.125,-52.845,-30.225,-36.66,400.14,-46.215,69,59,-959,1408
2025-09-05 21:24:14.629000,-488.28,398.385,413.985,-113.295,-64.74000000000001,-68.83500000000001,375.18,-89.895,74,59,-957,1280
2025-09-05 21:24:14.638000,249.21,-374.985,-393.705,78.58500000000001,34.71,-3.315,-413.985,33.345,75,54,-968,1408
2025-09-05 21:24:14.647000,423.93,-424.71,-411.84,132.79500000000002,62.79,28.86,-390.39,67.665,76,57,-956,1344
2025-09-05 21:24:14.656000,359.385,-198.705,-181.74,120.9,70.59,32.955,-156.0,62.010000000000005,75,59,-953,1344
2025-09-05 21:24:14.665000,166.14,37.44,72.93,60.84,47.97,13.65,78.39,20.67,76,58,-953,1344
2025-09-05 21:24:14.674000,-41.73,205.725,248.43,8.58,22.815,-12.48,244.335,-28.275,76,58,-958,1344
2025-09-05 21:24:14.683000,-269.295,337.74,373.62,-65.325,-14.82,-42.315000000000005,381.42,-69.22500000000001,73,57,-946,1408
2025-09-05 21:24:14.684000,-469.17,382.59,403.26,-123.435,-54.795,-78.78,370.11,-112.32,73,56,-949,1344
2025-09-05 21:24:14.685000,261.3,-373.425,-393.705,67.86,47.385000000000005,8.97,-412.035,39.195,63,54,-953,1408
2025-09-05 21:24:14.686000,441.675,-420.03,-425.685,120.315,80.34,40.17,-405.21,70.395,69,53,-955,1344
2025-09-05 21:24:14.687000,382.2,-217.62,-206.505,109.2,79.56,45.63,-181.935,64.935,71,52,-949,1344
2025-09-05 21:24:14.688000,195.39,26.715,43.485,57.330000000000005,59.28,28.08,71.37,32.565,75,55,-949,1344
2025-09-05 21:24:14.689000,-14.82,212.16,229.515,-2.535,32.76,6.825,254.085,-2.34,75,55,-949,1344
2025-09-05 21:24:14.690000,-245.115,340.47,358.605,-78.78,-3.315,-30.03,360.555,-51.285,80,53,-950,1280
2025-09-05 21:24:14.692286,-452.985,379.665,389.025,-139.035,-42.9,-62.595,353.73,-95.16,78,54,-950,1408
2025-09-05 21:24:14.694571,248.82,-352.56,-405.795,65.52,42.9,3.9,-418.665,52.065000000000005,80,56,-943,1344
2025-09-05 21:24:14.696857,437.58,-382.005,-440.7,120.12,83.07000000000001,38.61,-401.31,98.67,85,59,-949,1344
2025-09-05 21:24:14.699143,382.2,-178.035,-209.82,109.98,82.68,39.0,-167.31,85.8,82,60,-948,1344
2025-09-05 21:24:14.701429,192.465,59.475,28.08,53.625,65.715,22.62,56.55,50.115,82,55,-946,1408
2025-09-05 21:24:14.703714,-15.405,230.88,208.065,0.195,39.585,-3.12,226.98,15.405,82,55,-946,1408
2025-09-05 21:24:14.706000,-243.75,354.90000000000003,351.58500000000004,-71.37,3.9,-30.81,372.84,-36.66,86,58,-957,1408
2025-09-05 21:24:14.711286,-452.205,412.035,394.095,-138.255,-38.22,-70.98,362.895,-81.315,90,55,-946,1408
2025-09-05 21:24:14.716571,-246.675,364.455,355.095,-72.93,7.605,-21.06,363.675,-36.66,65,56,-953,1344
2025-09-05 21:24:14.721857,-453.375,422.76,402.09,-138.84,-35.685,-60.84,363.48,-78.19500000000001,73,52,-955,1344
2025-09-05 21:24:14.727143,-389.025,175.89,144.885,-123.435,-43.29,-65.91,106.47,-72.93,69,52,-951,1408
2025-09-05 21:24:14.732429,-170.82,-107.64,-146.445,-64.545,-15.015,-51.09,-173.55,-31.005000000000003,69,52,-950,1280
2025-09-05 21:24:14.737714,57.135000000000005,-284.505,-323.31,3.51,16.965,-23.4,-343.005,14.235,69,52,-950,1280
2025-09-05 21:24:14.743000,249.405,-364.65,-401.115,62.79,45.045,9.555,-429.39,59.67,71,49,-942,1344
2025-09-05 21:24:14.746286,438.165,-412.23,-447.33,121.095,79.95,42.705,-428.805,95.55,66,51,-944,1408
2025-09-05 21:24:14.749571,244.335,-366.6,-414.375,82.485,42.51,-6.63,-429.78,54.795,66,55,-960,1408
2025-09-05 21:24:14.752857,436.215,-413.595,-457.08,140.205,81.12,27.69,-431.535,96.525,57,53,-958,1280
2025-09-05 21:24:14.756143,380.25,-206.505,-239.07,126.945,82.875,39.975,-201.825,88.92,59,53,-958,1344
2025-09-05 21:24:14.759429,180.375,38.805,8.385,71.565,66.3,23.985,30.81,60.06,57,56,-958,1408
2025-09-05 21:24:14.762714,-28.47,209.235,186.225,6.4350000000000005,36.66,-0.78,203.97,16.77,57,56,-958,1408
2025-09-05 21:24:14.766000,-252.525,333.84000000000003,316.875,-64.935,0.39,-35.295,332.08500000000004,-30.42,54,62,-950,1408
2025-09-05 21:24:14.770000,-464.295,403.845,372.06,-123.24,-38.61,-72.345,341.25,-73.32000000000001,58,59,-957,1408
2025-09-05 21:24:14.774000,-400.53,167.895,132.79500000000002,-107.64,-43.29,-78.19500000000001,86.775,-67.86,59,54,-952,1408
2025-09-05 21:24:14.778000,-181.935,-117.195,-162.82500000000002,-49.14,-18.135,-59.67,-198.315,-27.885,61,55,-951,1472
2025-09-05 21:24:14.782000,40.56,-291.72,-333.84000000000003,17.745,6.4350000000000005,-34.905,-356.85,4.485,61,55,-951,1472
2025-09-05 21:24:14.786000,229.905,-397.215,-438.165,66.885,29.055,-10.725,-445.77,23.01,72,58,-949,1344
2025-09-05 21:24:14.790000,413.205,-443.82,-468.39,117.0,60.84,22.035,-437.385,63.375,65,60,-935,1344
2025-09-05 21:24:14.794000,354.90000000000003,-227.37,-236.34,104.325,64.74000000000001,27.3,-206.895,56.745000000000005,67,58,-941,1344
2025-09-05 21:24:14.801143,172.38,35.685,43.485,59.865,56.940000000000005,21.255,51.48,47.190000000000005,67,57,-944,1344
2025-09-05 21:24:14.808286,-258.96000000000004,343.785,348.66,-68.44500000000001,-9.555,-32.175000000000004,360.75,-35.88,67,58,-940,1472
2025-09-05 21:24:14.815429,-468.585,429.585,419.64,-126.75,-42.9,-65.13,378.495,-68.25,75,58,-949,1408
2025-09-05 21:24:14.822571,-399.75,187.2,156.78,-108.03,-55.185,-75.27,118.56,-60.06,70,56,-950,1408
2025-09-05 21:24:14.829714,-179.985,-97.5,-145.665,-53.43,-34.905,-59.865,-171.015,-23.4,70,57,-951,1344
2025-09-05 21:24:14.836857,49.335,-271.05,-310.44,19.11,0.39,-22.62,-331.89,23.4,70,57,-951,1344
2025-09-05 21:24:14.844000,242.97,-351.0,-393.9,80.925,36.855,2.73,-402.09,69.03,70,57,-961,1344
2025-09-05 21:24:14.847571,426.855,-419.64,-444.99,134.745,65.13,33.345,-423.735,100.815,71,56,-952,1344
2025-09-05 21:24:14.851143,245.115,-332.08500000000004,-399.165,84.045,48.36,3.51,-408.525,56.940000000000005,77,59,-936,1280
2025-09-05 21:24:14.854714,431.73,-381.42,-435.24,148.395,80.145,34.125,-405.99,97.89,76,56,-924,1344
2025-09-05 21:24:14.858286,382.005,-179.79,-207.675,133.77,90.87,49.53,-170.625,93.21,79,53,-936,1408
2025-09-05 21:24:14.861857,192.855,69.03,48.36,92.235,68.44500000000001,32.955,60.06,58.695,80,57,-942,1408
2025-09-05 21:24:14.865429,-19.695,231.075,215.085,31.005000000000003,39.195,3.315,229.125,12.285,77,57,-942,1472
2025-09-05 21:24:14.869000,-246.675,366.405,350.02500000000003,-41.535,3.12,-28.47,368.16,-30.42,77,58,-943,1472
2025-09-05 21:24:14.872571,-461.175,432.705,405.6,-109.98,-35.685,-68.44500000000001,380.25,-78.58500000000001,72,59,-952,1344
2025-09-05 21:24:14.876143,-404.04,196.56,147.615,-95.94,-45.045,-77.805,111.735,-68.64,79,57,-949,1472
2025-09-05 21:24:14.879714,-179.205,-79.36500000000001,-136.5,-40.95,-22.035,-62.010000000000005,-164.58,-31.785,81,59,-945,1408
2025-09-05 21:24:14.883286,43.875,-250.575,-311.415,28.08,4.875,-35.49,-325.845,-8.97,83,57,-944,1408
2025-09-05 21:24:14.886857,227.76,-359.19,-408.915,75.855,31.005000000000003,-10.53,-412.425,17.94,83,57,-944,1408
2025-09-05 21:24:14.890429,411.84,-401.31,-455.715,128.505,62.010000000000005,23.79,-433.875,57.72,86,55,-939,1408
2025-09-05 21:24:14.894000,357.24,-185.64,-233.61,118.95,67.86,27.885,-207.09,47.385000000000005,84,56,-943,1344
2025-09-05 21:24:14.901429,178.815,84.63000000000001,52.260000000000005,79.95,58.5,21.84,63.96,42.51,83,55,-942,1344
2025-09-05 21:24:14.908857,-251.94,387.465,355.875,-46.02,-9.165,-38.415,365.43,-44.265,81,54,-945,1344
2025-09-05 21:24:14.916286,-461.175,457.47,407.16,-104.325,-47.58,-78.39,374.595,-78.39,81,55,-950,1344
2025-09-05 21:24:14.923714,-396.435,208.845,143.32500000000002,-92.04,-50.505,-81.705,111.15,-68.25,79,55,-951,1344
2025-09-05 21:24:14.931143,-178.425,-77.025,-159.51000000000002,-32.175000000000004,-31.005000000000003,-61.035,-175.11,-31.005000000000003,81,55,-949,1280
2025-09-05 21:24:14.938571,50.31,-246.285,-324.87,31.005000000000003,-0.585,-25.545,-328.96500000000003,18.135,80,57,-957,1408
2025-09-05 21:24:14.946000,236.73,-327.6,-417.69,89.31,30.81,-2.535,-420.615,59.085,80,57,-957,1408
2025-09-05 21:24:14.960000,423.54,-382.005,-460.785,141.18,68.055,33.93,-421.59,101.01,77,52,-941,1344
2025-09-05 21:24:14.974000,374.205,-174.72,-236.145,126.555,77.61,40.56,-185.25,92.625,81,54,-939,1472
2025-09-05 21:24:14.988000,195.0,66.885,27.105,76.44,55.77,16.575,55.38,62.985,80,54,-940,1344
2025-09-05 21:24:15.002000,-24.57,241.02,200.07,9.945,14.82,-10.725,221.325,12.09,80,54,-946,1344
2025-09-05 21:24:15.016000,-258.375,367.38,324.09000000000003,-61.23,-18.72,-50.115,360.36,-58.5,80,54,-946,1344
2025-09-05 21:24:15.030000,-469.17,446.355,390.78,-126.945,-51.870000000000005,-87.555,379.08,-95.355,77,55,-945,1408
2025-09-05 21:24:15.044000,-417.3,214.305,143.715,-121.875,-59.67,-98.67,127.335,-87.94500000000001,78,52,-943,1408
2025-09-05 21:24:15.046857,-189.93,-60.255,-133.77,-52.065000000000005,-31.785,-70.98,-141.375,-27.69,76,56,-943,1280
2025-09-05 21:24:15.049714,239.07,-302.445,-389.22,80.535,35.49,-7.800000000000001,-381.615,59.085,72,55,-948,1344
2025-09-05 21:24:15.052571,433.29,-354.315,-432.51,138.45000000000002,66.69,25.35,-395.46,96.33,70,52,-941,1280
2025-09-05 21:24:15.055429,381.42,-152.685,-216.45,126.555,68.64,29.64,-172.185,90.87,69,53,-944,1408
2025-09-05 21:24:15.058286,196.17,81.705,30.42,76.44,52.065000000000005,16.575,56.355,59.28,73,56,-943,1408
2025-09-05 21:24:15.061143,-12.48,263.83500000000004,206.31,13.26,22.23,-8.775,231.075,15.6,73,55,-944,1280
2025-09-05 21:24:15.064000,-237.705,401.31,348.66,-61.23,-11.505,-38.22,384.93,-32.565,73,55,-944,1280
2025-09-05 21:24:15.068143,-453.375,471.12,410.865,-121.485,-56.355,-77.025,394.29,-79.17,71,57,-954,1344
2025-09-05 21:24:15.072286,-230.685,377.52,339.495,-63.375,-7.605,-45.045,358.41,-40.95,68,55,-949,1280
2025-09-05 21:24:15.076429,-450.645,467.22,411.255,-120.51,-48.75,-77.415,379.86,-87.555,70,65,-952,1408
2025-09-05 21:24:15.080571,-402.675,228.735,145.665,-112.515,-60.84,-85.605,120.12,-77.025,70,61,-951,1344
2025-09-05 21:24:15.084714,-186.81,-59.475,-145.86,-54.21,-34.71,-62.985,-161.85,-44.265,66,58,-947,1344
2025-09-05 21:24:15.088857,49.53,-233.415,-313.755,17.55,1.17,-35.49,-318.435,1.365,64,56,-949,1408
2025-09-05 21:24:15.093000,234.39,-308.685,-388.05,82.875,30.225,-7.605,-401.115,41.145,64,56,-949,1408
2025-09-05 21:24:15.100286,429.78,-366.99,-449.67,138.645,65.325,35.1,-419.64,82.095,63,49,-939,1280
2025-09-05 21:24:15.107571,373.62,-165.165,-218.595,132.015,76.83,42.705,-186.42,81.315,63,52,-944,1408
2025-09-05 21:24:15.114857,189.93,75.855,31.59,75.855,55.185,22.425,44.265,51.870000000000005,65,58,-945,1344
2025-09-05 21:24:15.122143,-23.985,221.52,180.18,14.04,22.62,-8.385,198.315,-11.7,67,57,-943,1344
2025-09-05 21:24:15.129429,-257.985,351.58500000000004,323.89500000000004,-58.305,-10.92,-37.05,346.90500000000003,-62.595,67,57,-943,1344
2025-09-05 21:24:15.136714,-468.0,466.245,424.125,-114.27,-44.46,-69.61500000000001,404.625,-86.385,68,61,-958,1344
2025-09-05 21:24:15.144000,-417.105,219.96,169.26000000000002,-106.47,-48.165,-78.78,139.62,-77.22,67,60,-950,1408
2025-09-05 21:24:15.151143,-199.095,-64.74000000000001,-130.455,-45.435,-29.25,-61.035,-158.145,-37.44,72,59,-946,1472
2025-09-05 21:24:15.158286,243.36,-334.815,-402.675,60.255,37.83,-7.0200000000000005,-394.485,33.345,77,57,-946,1344
2025-09-05 21:24:15.165429,442.65,-408.915,-462.345,115.635,71.565,27.885,-425.49,74.295,71,59,-949,1280
2025-09-05 21:24:15.172571,397.995,-208.065,-238.875,107.055,78.97500000000001,38.415,-189.54,70.785,74,58,-960,1408
2025-09-05 21:24:15.179714,213.135,42.315000000000005,2.73,56.940000000000005,60.06,19.305,41.34,38.61,71,55,-954,1344
2025-09-05 21:24:15.186857,3.12,216.84,182.91,-2.34,34.32,-5.8500000000000005,218.4,-2.535,72,55,-953,1408
2025-09-05 21:24:15.194000,-221.325,347.1,315.90000000000003,-71.37,-1.95,-40.17,350.02500000000003,-48.945,72,55,-953,1408
2025-09-05 21:24:15.201143,-445.965,426.66,389.025,-138.84,-44.265,-77.61,383.37,-97.695,73,53,-959,1344
2025-09-05 21:24:15.208286,-388.635,199.095,137.67000000000002,-129.285,-52.455,-87.75,126.75,-90.675,67,56,-948,1344
2025-09-05 21:24:15.215429,-171.6,-81.705,-157.56,-72.93,-31.200000000000003,-67.665,-154.63500000000002,-51.285,67,59,-953,1344
2025-09-05 21:24:15.222571,54.99,-262.665,-347.1,-8.385,-0.195,-38.025,-326.04,-18.135,64,56,-949,1408
2025-09-05 21:24:15.229714,233.025,-377.91,-436.02,43.68,21.255,-17.355,-413.595,-2.9250000000000003,64,56,-949,1408
2025-09-05 21:24:15.236857,432.9,-420.225,-480.285,105.105,58.695,14.235,-430.95,43.68,59,60,-945,1472
2025-09-05 21:24:15.244000,391.17,-215.67,-266.955,94.77,66.69,23.985,-211.185,32.76,69,55,-947,1344
2025-09-05 21:24:15.251000,217.62,42.705,3.12,53.235,61.815000000000005,20.67,52.065000000000005,21.84,67,57,-943,1344
2025-09-05 21:24:15.258000,-208.845,342.42,333.45,-65.325,2.9250000000000003,-31.200000000000003,374.985,-55.38,66,58,-946,1408
2025-09-05 21:24:15.265000,-434.655,440.31,409.5,-131.625,-36.66,-66.495,412.815,-101.79,69,53,-961,1408
2025-09-05 21:24:15.272000,-380.055,201.825,150.15,-127.53,-45.63,-79.56,148.005,-95.55,59,52,-949,1344
2025-09-05 21:24:15.279000,-167.115,-97.89,-148.005,-72.54,-24.57,-63.18,-138.45000000000002,-57.915,62,54,-947,1408
2025-09-05 21:24:15.286000,59.67,-267.345,-327.40500000000003,-2.145,11.505,-33.54,-316.68,-17.355,59,56,-949,1408
2025-09-05 21:24:15.293000,257.205,-340.27500000000003,-401.31,61.035,43.68,-1.17,-387.27,29.445,59,56,-949,1408
2025-09-05 21:24:15.294000,448.695,-408.72,-465.27,115.05,75.66,30.615,-415.35,69.61500000000001,52,58,-943,1280
2025-09-05 21:24:15.296167,254.67,-341.055,-397.41,48.75,33.93,8.19,-383.175,35.88,66,60,-946,1408
2025-09-05 21:24:15.298333,447.72,-408.915,-456.105,112.71,62.985,37.05,-402.285,73.32000000000001,67,55,-944,1344
2025-09-05 21:24:15.300500,404.235,-203.97,-238.68,103.74,72.54,48.555,-175.89,64.935,61,59,-952,1280
2025-09-05 21:24:15.302667,218.4,34.125,11.895,54.99,53.82,33.54,63.375,37.44,60,63,-950,1344
2025-09-05 21:24:15.304833,15.795,208.065,173.16,-8.97,28.47,4.095,219.765,-15.015,64,60,-953,1408
2025-09-05 21:24:15.307000,-210.795,342.42,312.0,-73.32000000000001,-12.87,-23.985,366.21,-56.745000000000005,64,60,-953,1280
2025-09-05 21:24:15.311714,-435.24,444.405,407.16,-133.57500000000002,-48.555,-55.575,413.01,-102.18,65,54,-951,1280
2025-09-05 21:24:15.316429,-392.145,212.355,171.6,-129.675,-54.795,-71.565,159.51000000000002,-93.405,71,50,-944,1344
2025-09-05 21:24:15.321143,-174.13500000000002,-74.295,-133.57500000000002,-76.05,-38.025,-50.115,-137.475,-59.67,75,55,-945,1408
2025-09-05 21:24:15.325857,44.655,-259.935,-308.88,-4.485,-15.6,-28.275,-306.54,-25.35,76,55,-949,1472
2025-09-05 21:24:15.330571,231.465,-359.97,-418.275,41.925,12.675,-6.24,-412.035,-3.51,76,55,-949,1344
2025-09-05 21:24:15.335286,429.0,-429.195,-480.48,101.985,48.75,30.42,-433.875,35.295,76,57,-953,1344
2025-09-05 21:24:15.340000,389.025,-220.545,-265.59000000000003,95.55,51.285,45.435,-209.625,29.25,72,62,-951,1344
2025-09-05 21:24:15.341000,215.085,50.115,15.015,53.235,43.29,33.15,62.985,27.495,75,61,-946,1344
2025-09-05 21:24:15.342000,-218.205,356.07,333.255,-72.735,-14.04,-16.38,368.745,-56.940000000000005,78,58,-948,1280
2025-09-05 21:24:15.343000,-437.97,451.23,421.005,-133.38,-51.675,-48.945,413.985,-98.28,84,60,-946,1280
2025-09-05 21:24:15.345364,-387.27,225.225,172.77,-124.02,-62.205000000000005,-60.255,161.655,-94.38,84,56,-946,1344
2025-09-05 21:24:15.347727,-178.035,-78.58500000000001,-133.77,-68.83500000000001,-44.46,-40.95,-139.815,-50.505,84,55,-944,1408
2025-09-05 21:24:15.350091,43.875,-260.325,-321.165,4.29,-0.975,-10.53,-310.83,-1.365,81,55,-943,1344
2025-09-05 21:24:15.352455,241.41,-346.90500000000003,-408.525,58.89,27.105,17.745,-398.385,33.93,83,55,-943,1344
2025-09-05 21:24:15.354818,431.73,-416.715,-471.51,116.805,61.035,49.92,-425.685,75.855,83,59,-940,1344
2025-09-05 21:24:15.357182,396.045,-215.28,-248.82,116.805,66.3,56.16,-188.565,73.515,79,62,-953,1344
2025-09-05 21:24:15.359545,206.31,32.370000000000005,-4.485,67.08,48.555,46.605,53.625,40.755,81,62,-952,1280
2025-09-05 21:24:15.361909,1.17,197.145,166.14,2.34,15.21,14.43,210.21,-9.75,86,57,-946,1344
2025-09-05 21:24:15.364273,-236.145,324.285,294.645,-69.42,-23.01,-20.865,346.32,-66.69,84,60,-953,1344
2025-09-05 21:24:15.366636,-456.885,425.88,386.49,-134.35500000000002,-70.005,-61.425,397.215,-116.61,84,60,-953,1344
2025-09-05 21:24:15.369000,-415.74,204.165,150.93,-129.48000000000002,-79.56,-70.005,147.615,-116.805,88,55,-936,1344
2025-09-05 21:24:15.372429,-191.685,-64.35000000000001,-139.62,-65.715,-47.385000000000005,-44.07,-132.015,-49.725,87,58,-940,1344
2025-09-05 21:24:15.375857,235.56,-340.08,-398.19,61.815000000000005,20.67,17.745,-382.005,36.465,85,58,-945,1344
2025-09-05 21:24:15.379286,435.825,-410.865,-455.13,121.095,54.015,54.6,-407.745,79.95,85,58,-945,1344
2025-09-05 21:24:15.382714,396.435,-205.92,-241.41,115.635,65.91,66.69,-187.005,71.175,82,58,-954,1280
2025-09-05 21:24:15.386143,214.89,37.245000000000005,4.875,66.3,44.85,52.260000000000005,52.455,37.245000000000005,82,60,-953,1344
2025-09-05 21:24:15.389571,16.185000000000002,209.235,187.785,5.46,22.815,27.3,228.735,-4.68,86,58,-950,1344
2025-09-05 21:24:15.393000,-208.065,346.125,329.745,-57.330000000000005,-12.285,-1.755,376.545,-46.41,79,61,-949,1344
2025-09-05 21:24:15.394000,-440.505,436.41,418.86,-120.9,-53.43,-44.46,416.325,-88.72500000000001,79,61,-949,1344
2025-09-05 21:24:15.395000,-218.79,349.05,345.15000000000003,-70.59,-17.745,-0.78,390.975,-38.415,73,61,-947,1408
2025-09-05 21:24:15.396000,-452.4,448.11,428.22,-128.895,-53.43,-40.95,422.37,-82.29,73,61,-947,1408
2025-09-05 21:24:15.397000,-406.965,226.59,175.305,-127.53,-65.52,-47.385000000000005,167.505,-77.61,78,61,-941,1280
2025-09-05 21:24:15.398000,-193.05,-65.91,-128.31,-70.395,-48.165,-33.345,-129.09,-40.56,75,63,-944,1408
2025-09-05 21:24:15.399000,36.66,-248.625,-304.98,-0.585,-8.775,2.535,-298.545,4.875,72,63,-950,1472
2025-09-05 21:24:15.400000,235.365,-327.99,-388.83,61.035,25.155,34.125,-370.5,41.535,69,58,-952,1344
2025-09-05 21:24:15.404286,429.975,-399.36,-450.84,116.805,56.940000000000005,67.665,-396.435,74.88,69,58,-952,1344
2025-09-05 21:24:15.408571,392.145,-190.905,-227.76,116.61,68.44500000000001,78.19500000000001,-162.435,72.93,64,60,-957,1408
2025-09-05 21:24:15.412857,210.99,55.185,29.25,66.69,52.65,67.47,75.27,42.705,65,60,-951,1408
2025-09-05 21:24:15.417143,8.97,218.79,196.17,2.145,21.255,33.54,231.855,-8.775,71,57,-949,1344
2025-09-05 21:24:15.421429,-222.69,343.2,321.36,-78.39,-20.475,-3.9,357.825,-77.415,71,56,-951,1280
2025-09-05 21:24:15.425714,-454.155,433.095,420.615,-139.425,-65.52,-39.585,414.765,-125.775,71,56,-951,1280
2025-09-05 21:24:15.430000,-418.275,207.87,176.28,-133.57500000000002,-67.47,-47.775,164.38500000000002,-113.1,68,59,-946,1280
2025-09-05 21:24:15.433286,-202.215,-57.915,-110.565,-66.105,-36.66,-22.815,-113.1,-52.260000000000005,67,59,-947,1280
2025-09-05 21:24:15.436571,233.22,-322.14,-371.085,59.67,29.445,33.93,-351.0,41.925,63,58,-943,1280
2025-09-05 21:24:15.439857,435.24,-404.235,-440.7,121.095,61.425,70.395,-386.1,87.75,63,58,-943,1280
2025-09-05 21:24:15.443143,403.065,-198.705,-223.08,119.145,69.61500000000001,79.75500000000001,-162.24,83.46000000000001,68,61,-946,1408
2025-09-05 21:24:15.446429,223.275,34.125,23.79,64.35000000000001,50.895,63.375,75.075,55.185,60,62,-945,1280
2025-09-05 21:24:15.449714,16.965,208.65,202.605,5.265000000000001,23.4,38.61,242.385,3.12,66,56,-945,1344
2025-09-05 21:24:15.453000,-206.505,357.045,338.325,-57.135000000000005,-6.24,5.07,380.25,-42.315000000000005,68,57,-944,1280
2025-09-05 21:24:15.458571,-441.87,440.7,421.005,-123.825,-47.58,-33.93,427.83,-90.48,68,57,-944,1280
2025-09-05 21:24:15.464143,-215.67,351.975,333.64500000000004,-66.105,-9.555,0.585,384.54,-32.370000000000005,71,55,-949,1472
2025-09-05 21:24:15.469714,-444.795,467.61,447.915,-129.09,-48.555,-30.42,448.695,-73.71000000000001,71,55,-949,1472
2025-09-05 21:24:15.475286,-406.38,240.045,204.75,-132.015,-54.795,-46.41,189.54,-75.465,80,51,-952,1280
2025-09-05 21:24:15.480857,-202.215,-55.575,-108.225,-77.61,-31.98,-26.715,-101.205,-34.32,76,60,-950,1408
2025-09-05 21:24:15.486429,37.83,-242.19,-289.575,-9.75,1.365,7.41,-276.51,11.895,75,59,-951,1344
2025-09-05 21:24:15.492000,228.54,-327.99,-374.79,49.92,35.685,44.655,-353.14500000000004,53.43,74,58,-950,1344
2025-09-05 21:24:15.496000,422.565,-397.8,-431.535,109.005,64.935,70.59,-388.05,90.87,74,58,-950,1344
2025-09-05 21:24:15.500000,395.07,-192.66,-216.645,105.69,75.855,79.75500000000001,-160.68,89.50500000000001,68,64,-953,1344
2025-09-05 21:24:15.504000,209.04,46.995000000000005,30.81,54.6,64.74000000000001,66.3,75.66,63.18,73,57,-954,1408
2025-09-05 21:24:15.508000,3.9,207.48,192.465,-7.605,29.445,32.76,225.03,12.48,73,56,-952,1344
2025-09-05 21:24:15.512000,-229.125,333.84000000000003,323.7,-79.95,-9.36,-0.195,366.795,-46.41,74,56,-954,1344
2025-09-05 21:24:15.516000,-455.325,475.8,450.45,-142.74,-41.925,-33.735,446.16,-75.855,74,56,-954,1344
2025-09-05 21:24:15.520000,-414.375,237.51,196.95,-138.645,-47.775,-43.875,189.735,-70.98,77,56,-957,1344
2025-09-05 21:24:15.523429,-204.36,-35.685,-87.555,-77.61,-23.01,-32.955,-87.75,-36.27,72,57,-951,1344
2025-09-05 21:24:15.526857,-180.765,319.02000000000004,336.18,-69.81,-8.385,2.34,403.065,-16.965,68,59,-949,1344
2025-09-05 21:24:15.530286,-408.135,433.68,448.89,-137.67000000000002,-37.05,-35.1,470.535,-60.45,68,59,-949,1344
2025-09-05 21:24:15.533714,-379.08,219.96,220.155,-135.915,-49.53,-44.07,230.685,-57.915,71,58,-953,1344
2025-09-05 21:24:15.537143,-175.11,-86.385,-90.48,-80.73,-34.515,-29.835,-70.98,-22.815,70,55,-949,1344
2025-09-05 21:24:15.540571,59.28,-268.90500000000003,-279.24,-15.21,-4.095,2.535,-249.21,23.79,73,51,-949,1344
2025-09-05 21:24:15.544000,255.84,-354.12,-366.015,41.925,31.59,32.565,-331.89,63.765,69,55,-951,1280
2025-09-05 21:24:15.549571,454.935,-450.06,-449.475,101.985,62.985,62.79,-382.005,101.205,69,55,-951,1408
2025-09-05 21:24:15.555143,432.315,-262.86,-248.43,105.105,76.05,73.515,-178.425,98.28,69,53,-939,1408
2025-09-05 21:24:15.560714,249.21,-22.815,-0.195,60.06,53.82,62.79,58.695,70.395,72,53,-941,1280
2025-09-05 21:24:15.566286,41.535,141.18,172.38,-6.4350000000000005,24.96,38.025,224.055,18.915,75,57,-944,1280
2025-09-05 21:24:15.571857,-190.32,277.29,312.195,-77.61,-12.285,-6.825,362.115,-44.265,75,56,-946,1344
2025-09-05 21:24:15.577429,-429.78,391.95,428.415,-143.715,-53.82,-39.0,439.53,-89.895,75,56,-946,1344
2025-09-05 21:24:15.583000,-392.535,195.39,220.545,-127.92,-61.23,-46.605,218.4,-71.76,73,53,-947,1344
2025-09-05 21:24:15.586143,-185.25,-93.405,-82.875,-71.565,-39.585,-30.615,-86.19,-17.745,73,59,-948,1344
2025-09-05 21:24:15.589286,244.725,-390.585,-370.89,50.7,24.96,23.985,-347.49,66.69,79,58,-947,1344
2025-09-05 21:24:15.592429,453.375,-469.17,-447.135,113.88,56.55,55.965,-394.485,109.98,79,58,-947,1408
2025-09-05 21:24:15.595571,425.295,-288.99,-255.84,110.565,68.64,65.52,-186.42,98.085,72,57,-950,1408
2025-09-05 21:24:15.598714,246.09,-28.47,4.29,68.44500000000001,50.895,57.525,65.715,69.03,77,54,-954,1344
2025-09-05 21:24:15.601857,42.705,138.84,181.935,6.24,25.545,28.86,230.49,31.785,77,56,-950,1280
2025-09-05 21:24:15.605000,-181.155,286.26,330.52500000000003,-58.89,-9.36,3.51,374.4,-15.21,77,53,-948,1344
2025-09-05 21:24:15.605500,-422.565,385.32,434.85,-127.92,-50.115,-36.66,439.725,-65.52,79,52,-948,1344
2025-09-05 21:24:15.606000,-194.61,273.975,315.705,-56.745000000000005,-4.095,3.12,365.625,-31.005000000000003,82,59,-947,1408
2025-09-05 21:24:15.623400,-434.655,396.435,427.83,-130.065,-49.14,-32.76,444.6,-78.78,81,57,-946,1408
2025-09-05 21:24:15.640800,-403.65,179.595,202.8,-128.115,-60.645,-50.31,204.165,-73.515,81,57,-946,1408
2025-09-05 21:24:15.658200,-199.095,-110.175,-97.89,-73.32000000000001,-41.535,-37.635,-92.43,-36.855,81,62,-959,1408
2025-09-05 21:24:15.675600,32.370000000000005,-292.89,-289.185,-4.485,-5.265000000000001,-6.63,-265.59000000000003,12.87,81,54,-951,1280
2025-09-05 21:24:15.693000,231.855,-394.29,-376.935,52.260000000000005,31.200000000000003,23.595,-353.535,55.575,75,51,-951,1344
2025-09-05 21:24:15.693429,432.315,-481.26,-464.88,110.76,68.44500000000001,58.89,-407.55,97.695,75,53,-949,1344
2025-09-05 21:24:15.693857,226.785,-363.675,-368.16,44.265,17.745,25.935,-347.685,55.575,69,53,-950,1408
2025-09-05 21:24:15.694286,430.95,-436.215,-446.55,104.715,53.82,60.645,-396.24,96.915,69,52,-948,1344
2025-09-05 21:24:15.694714,407.355,-252.135,-242.775,101.595,60.255,70.2,-178.035,92.625,69,52,-948,1344
2025-09-05 21:24:15.695143,228.54,-4.485,14.82,49.14,43.095,60.06,63.375,69.42,71,56,-938,1344
2025-09-05 21:24:15.695571,26.325,169.26000000000002,192.465,-4.095,17.355,39.78,241.605,31.59,73,53,-947,1408
2025-09-05 21:24:15.696000,-198.12,320.77500000000003,341.83500000000004,-70.395,-19.89,4.875,378.3,-18.33,71,52,-947,1344
2025-09-05 21:24:15.696429,-436.02,413.79,444.405,-138.84,-59.28,-27.105,448.11,-70.98,68,51,-944,1344
2025-09-05 21:24:15.696857,-201.045,302.25,332.28000000000003,-68.055,-25.35,-6.825,365.43,-22.815,66,54,-948,1344
2025-09-05 21:24:15.697286,-438.75,418.47,441.285,-139.62,-65.13,-45.045,447.525,-71.175,71,57,-949,1280
2025-09-05 21:24:15.697714,-412.62,208.65,217.425,-135.72,-78.78,-51.09,211.185,-72.735,71,57,-949,1280
2025-09-05 21:24:15.698143,-213.135,-89.11500000000001,-80.34,-84.825,-57.135000000000005,-39.39,-85.8,-36.66,80,58,-950,1408
2025-09-05 21:24:15.698571,21.645,-277.68,-263.445,-19.305,-23.01,-9.165,-267.345,8.58,77,55,-953,1280
2025-09-05 21:24:15.699000,222.3,-365.04,-343.005,49.14,10.725,18.915,-347.49,47.775,76,55,-950,1344
2025-09-05 21:24:15.705429,430.755,-452.595,-429.975,106.47,44.07,55.575,-404.43,84.825,72,56,-953,1344
2025-09-05 21:24:15.711857,224.055,-359.97,-367.77,59.475,13.845,19.5,-335.205,46.8,86,53,-942,1344
2025-09-05 21:24:15.718286,430.56,-435.24,-446.16,120.315,51.09,51.285,-394.485,87.75,88,52,-944,1472
2025-09-05 21:24:15.724714,413.205,-268.90500000000003,-270.66,120.9,62.79,66.3,-195.975,84.24000000000001,88,52,-944,1472
2025-09-05 21:24:15.731143,239.07,-14.82,-6.045,69.81,43.875,52.65,57.330000000000005,55.185,85,55,-954,1408
2025-09-05 21:24:15.737571,31.98,162.04500000000002,179.4,11.895,18.135,25.74,236.73,19.5,86,52,-953,1408
2025-09-05 21:24:15.744000,-189.93,306.93,318.63,-54.21,-21.645,-7.605,376.35,-25.155,87,54,-948,1408
2025-09-05 21:24:15.749071,-436.605,410.28,431.34,-125.19,-61.425,-39.0,450.45,-74.88,85,52,-945,1344
2025-09-05 21:24:15.754143,-181.155,292.11,257.40000000000003,-57.72,-18.525,-23.79,259.35,-33.345,88,55,-939,1344
2025-09-05 21:24:15.759214,-424.125,415.545,401.7,-130.455,-55.965,-51.48,395.655,-81.9,86,53,-939,1408
2025-09-05 21:24:15.764286,-398.775,200.46,221.715,-131.235,-68.44500000000001,-56.745000000000005,257.985,-75.075,86,53,-939,1408
2025-09-05 21:24:15.769357,-203.58,-86.58,-63.57,-73.32000000000001,-51.09,-40.56,-72.735,-41.73,79,54,-937,1408
2025-09-05 21:24:15.774429,30.03,-276.315,-264.03000000000003,-5.07,-15.99,-13.65,-247.455,-9.75,80,53,-947,1344
2025-09-05 21:24:15.779500,230.685,-368.745,-367.38,50.505,19.305,14.625,-358.02000000000004,35.685,79,55,-944,1408
2025-09-05 21:24:15.784571,434.07,-449.085,-455.52,112.905,51.09,47.58,-405.21,73.515,81,50,-940,1280
2025-09-05 21:24:15.789643,-67.86,176.28,-145.665,-30.225,-34.905,-47.190000000000005,-215.085,-58.5,57,50,-944,1344
2025-09-05 21:24:15.794714,-302.25,298.35,-139.815,-104.91,-73.515,-94.965,-319.8,-109.2,61,48,-949,1280
2025-09-05 21:24:15.799786,-289.38,97.89,-141.57,-102.18,-73.71000000000001,-72.54,-59.085,-87.36,61,48,-949,1280
2025-09-05 21:24:15.804857,-94.38,-186.225,-469.755,-56.55,-63.765,-79.56,-510.9,-64.74000000000001,62,52,-950,1408
2025-09-05 21:24:15.809929,134.35500000000002,-351.78000000000003,-687.765,14.04,-29.055,-50.7,-753.09,-22.035,73,53,-951,1344
2025-09-05 21:24:15.815000,328.185,-378.885,-808.47,70.59,-4.29,-31.395,-943.215,21.255,74,57,-950,1472
2025-09-05 21:24:15.819857,523.77,-479.895,-897.0,121.29,26.130000000000003,1.95,-925.665,69.03,69,59,-953,1344
2025-09-05 21:24:15.824714,-277.485,120.9,-390.975,-101.595,-74.49000000000001,-85.995,-416.52,-82.875,80,52,-949,1408
2025-09-05 21:24:15.829571,-513.825,237.705,-202.41,-172.38,-108.615,-115.83,-216.645,-132.015,81,56,-949,1344
2025-09-05 21:24:15.834429,-504.0750000000001,26.91,-431.34,-173.745,-124.215,-130.65,-514.995,-136.5,81,56,-949,1344
2025-09-05 21:24:15.839286,-312.195,-247.455,-794.4300000000001,-120.51,-113.88,-128.115,-904.8,-101.01,84,56,-945,1344
2025-09-05 21:24:15.844143,-82.875,-450.84,-989.235,-50.31,-75.855,-89.31,-972.27,-49.53,83,51,-942,1344
2025-09-05 21:24:15.849000,119.925,-546.585,-1063.53,13.065,-36.855,-64.935,-1127.88,-10.92,85,57,-945,1344
2025-09-05 21:24:15.855429,322.725,-632.385,-1120.665,72.345,2.535,-28.665000000000003,-1151.475,29.835,81,60,-940,1408
2025-09-05 21:24:15.861857,109.395,-561.405,-1048.125,3.315,-41.925,-38.805,-1029.99,-8.385,84,59,-951,1408
2025-09-05 21:24:15.868286,315.90000000000003,-642.72,-1105.065,72.15,-4.485,-7.800000000000001,-1102.92,44.85,84,59,-953,1408
2025-09-05 21:24:15.874714,313.95,-455.13,-988.065,77.22,8.97,-1.17,-972.855,37.245000000000005,79,58,-953,1408
2025-09-05 21:24:15.881143,145.665,-222.3,-672.1650000000001,32.370000000000005,-2.145,1.755,-584.025,22.62,79,58,-956,1408
2025-09-05 21:24:15.887571,-58.11,-44.265,-466.635,-23.01,-26.325,-20.475,-407.355,-23.4,70,53,-944,1280
2025-09-05 21:24:15.894000,-273.78000000000003,112.125,-307.71000000000004,-84.825,-54.6,-51.675,-304.59000000000003,-70.005,72,52,-947,1344
2025-09-05 21:24:15.894857,-512.85,258.375,-199.875,-152.49,-96.33,-96.915,-212.745,-116.025,74,53,-946,1344
2025-09-05 21:24:15.895714,-264.615,117.0,-286.455,-80.925,-55.965,-40.95,-226.005,-74.295,70,53,-946,1344
2025-09-05 21:24:15.896571,-505.83,248.82,-177.645,-153.85500000000002,-99.255,-81.51,-163.41,-120.12,74,55,-947,1344
2025-09-05 21:24:15.897429,-501.93,41.925,-361.725,-162.82500000000002,-106.47,-99.45,-356.85,-120.705,73,58,-949,1344
2025-09-05 21:24:15.898286,-303.225,-240.045,-694.98,-109.2,-93.015,-78.97500000000001,-685.4250000000001,-96.525,73,58,-949,1344
2025-09-05 21:24:15.899143,-67.665,-434.46,-893.2950000000001,-42.9,-58.89,-49.14,-847.275,-43.68,85,58,-959,1344
2025-09-05 21:24:15.900000,134.16,-525.915,-960.765,17.355,-28.275,-24.18,-939.705,0.975,79,58,-955,1408
2025-09-05 21:24:15.900857,337.545,-609.57,-1072.695,72.54,10.53,7.215,-1034.67,36.075,78,61,-953,1408
2025-09-05 21:24:15.901714,-196.56,224.64,-30.225,-58.695,-24.765,1.17,118.365,-41.73,77,62,-955,1344
2025-09-05 21:24:15.902571,-444.99,351.39,99.45,-128.895,-65.325,-40.365,210.21,-91.845,80,62,-951,1344
2025-09-05 21:24:15.903429,-444.99,170.82,-112.125,-135.135,-81.705,-53.43,-26.130000000000003,-94.77,79,62,-953,1280
2025-09-05 21:24:15.904286,-258.18,-126.36,-424.905,-81.51,-64.35000000000001,-39.195,-323.115,-62.79,79,62,-953,1280
2025-09-05 21:24:15.905143,-23.79,-337.15500000000003,-633.75,-17.355,-31.395,-11.115,-516.945,-18.72,65,62,-958,1472
2025-09-05 21:24:15.906000,184.86,-435.435,-725.7900000000001,41.925,5.265000000000001,22.23,-610.35,23.985,70,54,-958,1344
2025-09-05 21:24:15.911429,388.44,-521.625,-841.62,109.005,34.32,47.190000000000005,-722.475,61.425,69,56,-956,1280
2025-09-05 21:24:15.916857,185.835,-420.03,-686.4,45.63,4.29,24.375,-568.035,9.36,72,58,-950,1408
2025-09-05 21:24:15.922286,396.825,-504.465,-784.485,113.1,39.0,55.38,-617.37,63.57,70,63,-946,1344
2025-09-05 21:24:15.927714,398.97,-337.15500000000003,-592.02,121.29,54.21,66.885,-417.3,64.74000000000001,67,60,-951,1344
2025-09-05 21:24:15.933143,232.635,-83.46000000000001,-359.77500000000003,78.39,40.56,53.82,-183.69,36.66,67,60,-951,1344
2025-09-05 21:24:15.938571,33.54,106.86,-112.71,24.765,10.14,40.56,73.32000000000001,4.68,74,61,-968,1408
2025-09-05 21:24:15.944000,-186.225,241.41,38.805,-44.46,-21.06,8.19,227.76,-38.025,71,57,-955,1408
2025-09-05 21:24:15.947500,-431.535,368.355,138.45000000000002,-119.925,-64.155,-37.44,282.555,-95.55,70,59,-951,1344
2025-09-05 21:24:15.951000,-184.275,272.415,54.015,-43.485,-12.675,-4.485,230.1,-33.735,71,61,-931,1344
2025-09-05 21:24:15.954500,-429.78,412.23,162.63,-117.975,-55.38,-45.045,301.27500000000003,-84.045,72,59,-941,1408
2025-09-05 21:24:15.958000,-431.34,235.17,-15.6,-127.335,-68.44500000000001,-61.815000000000005,132.405,-84.825,69,57,-947,1280
2025-09-05 21:24:15.961500,-248.235,-54.99,-322.33500000000004,-74.10000000000001,-58.11,-49.14,-166.92000000000002,-56.355,69,57,-947,1280
2025-09-05 21:24:15.965000,-14.82,-261.3,-518.3100000000001,-7.800000000000001,-23.205,-18.72,-350.22,-9.36,71,55,-941,1344
2025-09-05 21:24:15.968500,194.025,-366.21,-612.3000000000001,51.675,9.555,12.87,-433.29,28.275,70,64,-958,1344
2025-09-05 21:24:15.972000,405.405,-472.68,-721.3050000000001,113.1,41.925,37.245000000000005,-569.205,67.665,72,62,-955,1344
2025-09-05 21:24:15.975500,185.445,-345.735,-572.91,56.940000000000005,10.335,7.800000000000001,-396.63,26.715,69,66,-947,1344
2025-09-05 21:24:15.979000,396.825,-441.48,-691.86,117.39,43.875,35.1,-537.615,71.565,75,65,-947,1344
2025-09-05 21:24:15.982500,403.845,-272.805,-492.18,125.775,58.5,58.305,-299.71500000000003,80.145,75,62,-948,1472
2025-09-05 21:24:15.986000,242.385,-24.375,-212.745,79.17,47.97,45.63,20.475,56.745000000000005,75,62,-948,1408
2025-09-05 21:24:15.989500,45.435,165.165,-7.41,25.74,18.33,21.645,212.94,19.11,77,62,-947,1408
2025-09-05 21:24:15.993000,-175.305,300.495,139.425,-43.485,-13.65,-5.655,329.94,-28.275,76,59,-933,1408
2025-09-05 21:24:16.008143,-422.37,440.7,266.37,-119.34,-59.28,-50.505,443.04,-83.85000000000001,72,64,-940,1408
2025-09-05 21:24:16.023286,-434.46,257.205,62.985,-130.26,-76.245,-61.620000000000005,199.68,-84.24000000000001,69,59,-945,1408
2025-09-05 21:24:16.038429,-248.04,-39.0,-226.005,-82.29,-55.38,-44.07,-91.26,-49.53,74,59,-945,1280
2025-09-05 21:24:16.053571,-15.21,-250.38,-433.875,-17.745,-30.42,-21.84,-275.925,-18.72,74,59,-939,1280
2025-09-05 21:24:16.068714,178.815,-360.75,-553.605,31.98,-2.535,0.0,-375.765,3.315,70,63,-952,1408
2025-09-05 21:24:16.083857,393.12,-441.48,-637.065,95.16,36.66,31.200000000000003,-443.625,49.335,72,60,-952,1408
2025-09-05 21:24:16.099000,400.725,-271.83,-442.26,100.62,49.14,50.895,-236.145,53.625,74,63,-951,1280
2025-09-05 21:24:16.101429,243.75,-10.335,-184.275,66.105,42.120000000000005,49.92,27.3,53.625,78,67,-949,1408
2025-09-05 21:24:16.103857,-179.01000000000002,322.92,142.54500000000002,-48.36,-15.21,-1.17,338.13,-25.155,80,64,-939,1344
2025-09-05 21:24:16.106286,-416.91,468.975,292.695,-122.07,-58.89,-36.66,481.065,-77.025,80,62,-943,1344
2025-09-05 21:24:16.108714,-430.95,291.72,132.79500000000002,-132.99,-76.05,-50.115,292.5,-78.39,80,63,-948,1280
2025-09-05 21:24:16.111143,-248.04,10.14,-172.965,-84.24000000000001,-61.035,-46.02,-38.805,-53.04,81,65,-942,1344
2025-09-05 21:24:16.113571,-16.77,-199.875,-386.685,-17.745,-28.86,-14.625,-210.405,-2.145,81,65,-942,1344
2025-09-05 21:24:16.116000,189.345,-300.3,-488.67,34.515,2.73,19.11,-312.78000000000003,41.145,83,64,-949,1344
2025-09-05 21:24:16.120286,400.92,-411.255,-607.4250000000001,96.915,32.175000000000004,47.97,-399.555,81.51,82,64,-948,1408
2025-09-05 21:24:16.124571,184.86,-305.37,-476.775,31.200000000000003,-4.095,28.08,-267.15000000000003,54.6,88,63,-951,1408
2025-09-05 21:24:16.128857,389.415,-399.165,-572.13,95.94,34.905,57.330000000000005,-348.66,100.23,86,63,-952,1344
2025-09-05 21:24:16.133143,412.425,-237.705,-378.69,107.055,49.14,81.9,-118.17,104.715,84,59,-950,1344
2025-09-05 21:24:16.137429,248.82,14.235,-137.28,66.495,32.565,66.495,84.63000000000001,72.54,82,62,-951,1344
2025-09-05 21:24:16.141714,46.995000000000005,200.46,89.11500000000001,9.75,12.285,49.53,324.87,43.875,82,62,-951,1344
2025-09-05 21:24:16.146000,-166.725,345.735,230.295,-48.945,-18.915,18.135,472.29,-9.165,82,64,-937,1344
2025-09-05 21:24:16.150571,-418.08,486.33,365.43,-122.265,-66.495,-20.28,594.75,-59.865,82,65,-941,1344
2025-09-05 21:24:16.155143,-428.22,311.415,161.07,-128.31,-80.145,-37.83,336.765,-67.08,76,67,-942,1344
2025-09-05 21:24:16.159714,-238.485,19.11,-126.165,-78.0,-67.08,-27.495,58.305,-33.93,76,65,-945,1408
2025-09-05 21:24:16.164286,-10.335,-194.61,-374.01,-21.255,-39.975,-9.75,-174.72,-4.485,76,65,-945,1408
2025-09-05 21:24:16.168857,179.79,-314.925,-465.27,32.955,-7.41,25.155,-284.505,31.200000000000003,81,61,-952,1408
2025-09-05 21:24:16.173429,404.43,-388.44,-526.89,107.64,32.565,68.83500000000001,-282.945,96.525,80,62,-949,1472
2025-09-05 21:24:16.178000,415.155,-226.98,-334.035,119.925,51.48,82.68,-93.015,96.33,75,60,-945,1408
2025-09-05 21:24:16.181714,256.035,31.59,-69.61500000000001,79.75500000000001,37.635,79.36500000000001,169.26000000000002,70.005,77,62,-948,1408
2025-09-05 21:24:16.185429,186.225,-275.34000000000003,-390.0,41.925,3.9,45.63,-180.57,43.29,71,61,-968,1344
2025-09-05 21:24:16.189143,397.02,-372.255,-515.19,105.885,37.44,81.705,-270.855,87.75,65,64,-963,1408
2025-09-05 21:24:16.192857,414.765,-215.865,-307.90500000000003,115.83,57.915,98.67,-79.95,96.135,64,67,-956,1344
2025-09-05 21:24:16.196571,251.94,38.22,-9.945,74.10000000000001,42.315000000000005,90.48,230.295,66.885,64,64,-954,1408
2025-09-05 21:24:16.200286,51.675,226.59,169.845,20.085,16.185000000000002,72.735,391.755,35.49,64,64,-954,1408
2025-09-05 21:24:16.204000,-163.995,365.43,322.14,-44.85,-16.185000000000002,38.22,575.25,-5.07,70,58,-943,1408
2025-09-05 21:24:16.209714,-412.815,505.83,455.52,-115.245,-59.475,-1.755,677.4300000000001,-60.255,67,60,-943,1344
2025-09-05 21:24:16.215429,-428.025,342.615,247.065,-127.335,-78.58500000000001,-18.915,440.115,-62.205000000000005,64,57,-945,1280
2025-09-05 21:24:16.221143,-252.135,40.56,-64.545,-75.465,-62.79,-9.165,133.77,-34.515,66,53,-946,1344
2025-09-05 21:24:16.226857,-20.28,-179.01000000000002,-287.235,-15.015,-35.295,13.455,-57.72,-3.9,66,53,-946,1344
2025-09-05 21:24:16.232571,175.695,-297.375,-395.46,40.755,-6.63,44.46,-156.585,21.06,63,58,-951,1344
2025-09-05 21:24:16.238286,384.345,-366.795,-449.67,109.005,41.535,85.41,-224.445,88.53,66,55,-948,1344
2025-09-05 21:24:16.244000,411.645,-200.265,-264.225,116.22,56.355,103.74,-32.76,94.185,69,61,-947,1344
2025-09-05 21:24:16.246714,255.645,49.92,-21.84,80.73,43.29,91.455,230.49,75.855,69,63,-946,1280
2025-09-05 21:24:16.249429,-174.33,372.45,312.78000000000003,-42.315000000000005,-19.11,42.315000000000005,565.3050000000001,-12.285,66,59,-943,1408
2025-09-05 21:24:16.252143,-421.2,517.53,460.785,-112.515,-56.55,3.705,658.32,-59.865,59,59,-948,1344
2025-09-05 21:24:16.254857,-443.625,334.815,286.26,-121.095,-75.075,-10.14,478.725,-66.69,67,59,-947,1344
2025-09-05 21:24:16.257571,-258.96000000000004,39.39,-23.79,-72.54,-61.620000000000005,-0.975,169.65,-29.835,70,63,-946,1344
2025-09-05 21:24:16.260286,-23.985,-158.73000000000002,-260.71500000000003,-10.335,-27.105,30.42,-34.32,9.165,70,63,-946,1344
2025-09-05 21:24:16.263000,183.495,-263.055,-343.98,48.945,6.045,59.28,-114.855,49.92,68,65,-946,1280
2025-09-05 21:24:16.268000,391.755,-358.41,-435.435,116.415,42.705,90.285,-187.005,96.915,73,58,-940,1408
2025-09-05 21:24:16.273000,189.345,-242.97,-285.675,58.11,15.21,58.5,-71.37,51.870000000000005,71,60,-952,1344
2025-09-05 21:24:16.278000,397.02,-328.575,-373.425,125.385,49.14,87.75,-131.82,96.525,80,59,-959,1344
2025-09-05 21:24:16.283000,418.86,-186.81,-229.905,137.475,63.57,102.375,21.645,102.375,80,61,-950,1344
2025-09-05 21:24:16.288000,262.86,57.915,29.835,101.205,55.185,93.6,271.635,77.025,78,61,-952,1408
2025-09-05 21:24:16.293000,58.305,243.945,207.09,42.315000000000005,21.255,72.345,432.9,38.805,78,61,-952,1408
2025-09-05 21:24:16.298000,-155.61,378.885,374.985,-22.23,-6.24,40.95,606.0600000000001,-8.58,82,55,-956,1344
2025-09-05 21:24:16.303571,-401.505,524.5500000000001,525.525,-102.57,-49.14,7.995,739.44,-61.23,72,58,-948,1280
2025-09-05 21:24:16.309143,-155.025,403.845,398.775,-23.985,-5.655,32.565,604.695,-18.33,83,58,-965,1344
2025-09-05 21:24:16.314714,-400.14,550.29,523.1850000000001,-95.355,-49.14,-1.755,706.485,-71.565,74,53,-956,1344
2025-09-05 21:24:16.320286,-423.735,369.72,349.44,-109.785,-62.400000000000006,-20.475,538.98,-79.95,74,56,-952,1344
2025-09-05 21:24:16.325857,-253.11,72.345,34.32,-62.400000000000006,-44.46,-17.355,194.22,-49.53,74,60,-948,1408
2025-09-05 21:24:16.331429,-13.65,-133.965,-185.445,6.4350000000000005,-10.14,17.745,26.130000000000003,-1.56,74,60,-948,1408
2025-09-05 21:24:16.337000,193.635,-233.61,-283.33500000000004,63.765,26.130000000000003,46.215,-69.03,39.585,78,61,-941,1408
2025-09-05 21:24:16.344000,396.435,-336.96000000000004,-400.14,124.41,59.475,75.27,-158.925,79.36500000000001,73,63,-943,1408
2025-09-05 21:24:16.351000,421.785,-177.84,-223.665,132.405,75.855,100.035,39.0,83.46000000000001,78,65,-947,1408
2025-09-05 21:24:16.358000,261.69,75.27,76.245,97.695,70.59,93.405,325.26,62.400000000000006,79,57,-947,1344
2025-09-05 21:24:16.365000,61.620000000000005,256.62,242.58,33.735,32.370000000000005,65.325,495.885,8.58,79,57,-947,1344
2025-09-05 21:24:16.372000,-167.115,384.93,366.795,-33.93,-2.34,27.105,602.16,-43.095,77,63,-951,1344
2025-09-05 21:24:16.379000,-401.895,553.41,522.015,-96.915,-37.635,-6.63,728.715,-74.10000000000001,78,58,-946,1472
2025-09-05 21:24:16.386000,-430.56,383.37,356.85,-109.59,-56.355,-23.985,522.7950000000001,-86.19,76,57,-946,1344
2025-09-05 21:24:16.390000,-254.865,85.995,34.32,-61.23,-43.095,-14.235,234.39,-51.675,77,60,-945,1344
2025-09-05 21:24:16.394000,-150.93,396.435,505.05,-23.01,18.135,43.095,779.025,-8.97,72,63,-944,1344
2025-09-05 21:24:16.398000,-398.58,549.12,630.825,-94.575,-28.08,4.68,833.82,-59.67,66,62,-937,1344
2025-09-05 21:24:16.402000,-429.39,372.255,417.69,-110.76,-47.775,-23.205,598.26,-70.59,68,64,-943,1408
2025-09-05 21:24:16.406000,-253.5,66.885,88.33500000000001,-70.005,-34.515,-12.09,239.655,-33.93,65,63,-947,1408
2025-09-05 21:24:16.410000,-20.28,-139.035,-130.455,0.585,5.8500000000000005,15.99,40.56,8.19,64,63,-947,1344
2025-09-05 21:24:16.414000,188.76,-242.97,-243.165,65.91,37.83,45.24,-60.255,51.285,64,58,-944,1344
2025-09-05 21:24:16.418571,394.68,-342.225,-329.745,126.75,75.075,79.95,-146.64,102.96,71,53,-962,1408
2025-09-05 21:24:16.423143,188.955,-247.26,-235.56,59.67,42.705,44.265,-49.14,51.48,75,56,-944,1408
2025-09-05 21:24:16.427714,394.68,-353.34000000000003,-319.8,128.70000000000002,74.49000000000001,75.66,-160.095,100.815,85,58,-950,1280
2025-09-05 21:24:16.432286,430.755,-203.19,-162.04500000000002,143.32500000000002,93.015,93.795,36.075,104.13,84,59,-951,1344
2025-09-05 21:24:16.436857,274.365,48.36,120.9,103.935,86.19,86.775,319.8,77.61,80,56,-952,1408
2025-09-05 21:24:16.441429,77.415,236.73,323.31,52.065000000000005,54.405,60.45,523.965,44.655,78,58,-957,1344
2025-09-05 21:24:16.446000,-141.765,395.85,458.25,-16.38,23.79,26.130000000000003,636.09,-10.14,78,58,-957,1344
2025-09-05 21:24:16.449857,-392.145,540.735,614.835,-92.625,-21.255,-3.51,783.315,-57.330000000000005,71,55,-948,1408
2025-09-05 21:24:16.453714,-413.79,364.455,417.495,-104.52,-46.215,-26.130000000000003,561.21,-65.715,73,57,-946,1472
2025-09-05 21:24:16.457571,-237.51,79.17,115.245,-57.135000000000005,-32.370000000000005,-20.67,237.705,-30.03,79,56,-951,1344
2025-09-05 21:24:16.461429,0.975,-138.645,-101.79,6.24,-0.78,3.315,26.130000000000003,1.17,77,58,-948,1344
2025-09-05 21:24:16.465286,200.265,-257.985,-247.65,56.55,24.57,24.375,-84.24000000000001,25.545,77,58,-948,1344
2025-09-05 21:24:16.469143,406.38,-350.22,-339.495,123.63,56.940000000000005,58.305,-204.555,70.005,79,62,-962,1344
2025-09-05 21:24:16.473000,433.29,-198.12,-134.16,136.89,79.56,78.0,103.545,77.22,79,61,-956,1408
2025-09-05 21:24:16.477429,286.65000000000003,72.735,169.65,105.105,78.19500000000001,78.0,368.55,69.61500000000001,80,57,-951,1280
2025-09-05 21:24:16.481857,-123.63,398.19,490.815,-14.04,10.53,28.275,661.635,-5.8500000000000005,78,55,-949,1344
2025-09-05 21:24:16.486286,-375.375,551.07,624.78,-90.09,-31.59,-9.75,781.755,-59.28,74,60,-938,1408
2025-09-05 21:24:16.490714,-404.625,381.615,412.815,-105.495,-45.435,-35.1,549.9,-72.15,76,62,-945,1344
2025-09-05 21:24:16.495143,-236.535,90.87,121.29,-56.355,-35.88,-26.715,239.07,-38.61,75,62,-947,1408
2025-09-05 21:24:16.499571,1.755,-115.44,-82.485,13.65,-2.535,12.09,82.68,3.9,76,62,-949,1408
2025-09-05 21:24:16.504000,209.43,-228.15,-208.65,78.39,29.055,33.54,-60.06,46.41,76,62,-949,1408
2025-09-05 21:24:16.504429,418.08,-320.58,-297.96000000000004,140.205,61.425,66.105,-152.1,93.795,79,62,-957,1344
2025-09-05 21:24:16.504857,448.695,-176.475,-113.295,161.655,81.315,89.31,77.025,106.665,79,62,-955,1280
2025-09-05 21:24:16.505286,298.545,74.295,142.54500000000002,122.46,69.61500000000001,86.58,330.915,72.15,80,57,-949,1408
2025-09-05 21:24:16.505714,98.085,253.695,317.07,62.985,42.120000000000005,52.065000000000005,466.83,21.84,77,57,-952,1280
2025-09-05 21:24:16.506143,-133.77,368.94,424.905,-12.285,-0.195,19.695,599.04,-35.685,77,57,-952,1280
2025-09-05 21:24:16.506571,-372.255,531.375,601.575,-75.66,-33.345,-12.87,761.28,-68.25,75,58,-940,1280
2025-09-05 21:24:16.507000,-399.945,376.74,390.78,-82.485,-51.285,-34.32,514.41,-80.535,70,54,-942,1408
2025-09-05 21:24:16.516000,-224.835,85.995,102.18,-36.27,-37.245000000000005,-22.035,232.05,-38.415,72,55,-942,1280
2025-09-05 21:24:16.525000,-116.22,399.36,484.77,0.585,18.135,19.11,638.0400000000001,-16.185000000000002,75,59,-950,1344
2025-09-05 21:24:16.534000,-364.065,548.9250000000001,622.44,-71.37,-19.89,-17.55,773.955,-63.57,85,57,-946,1408
2025-09-05 21:24:16.543000,-397.995,390.39,454.155,-84.63000000000001,-39.78,-39.585,551.265,-74.10000000000001,85,57,-946,1344
2025-09-05 21:24:16.552000,-226.98,103.935,146.64,-47.58,-36.27,-29.835,238.485,-47.385000000000005,82,54,-948,1408
2025-09-05 21:24:16.561000,9.75,-110.76,-114.075,16.185000000000002,-1.95,-11.115,-8.97,-5.8500000000000005,81,55,-950,1408
2025-09-05 21:24:16.570000,224.835,-223.275,-191.1,78.78,35.295,27.3,-42.705,43.68,81,55,-950,1408
2025-09-05 21:24:16.580571,431.925,-322.33500000000004,-268.515,140.79,69.42,57.135000000000005,-85.995,89.50500000000001,80,62,-946,1344
2025-09-05 21:24:16.591143,470.535,-184.275,-76.83,160.68,92.43,75.27,66.495,95.55,86,57,-956,1344
2025-09-05 21:24:16.601714,316.29,66.105,171.99,120.705,76.245,64.545,319.8,73.125,82,59,-955,1344
2025-09-05 21:24:16.612286,104.91,253.305,366.6,58.5,48.555,44.655,530.595,23.4,80,57,-955,1344
2025-09-05 21:24:16.622857,-126.165,390.39,483.795,-11.895,4.875,8.775,634.335,-41.34,80,57,-955,1344
2025-09-05 21:24:16.633429,-381.03,545.61,624.585,-85.605,-29.445,-33.15,745.485,-97.305,84,53,-961,1408
2025-09-05 21:24:16.644000,-418.86,386.1,437.58,-101.79,-48.36,-53.625,532.74,-107.445,77,55,-957,1344
2025-09-05 21:24:16.650571,-239.265,112.905,167.70000000000002,-51.09,-29.25,-43.68,259.15500000000003,-47.775,80,55,-953,1408
2025-09-05 21:24:16.657143,215.28,-221.91,-161.265,86.385,41.73,22.035,-38.61,52.845,83,55,-953,1408
2025-09-05 21:24:16.663714,424.125,-325.26,-261.495,149.955,72.54,57.135000000000005,-141.765,89.11500000000001,81,60,-942,1344
2025-09-05 21:24:16.670286,466.44,-190.32,-123.63,164.38500000000002,92.625,78.78,29.64,102.57,87,58,-950,1408
2025-09-05 21:24:16.676857,318.63,59.67,173.35500000000002,126.75,82.68,73.32000000000001,323.7,74.10000000000001,86,58,-950,1344
2025-09-05 21:24:16.683429,115.245,250.77,351.58500000000004,66.3,54.795,48.165,490.23,42.9,83,60,-949,1472
2025-09-05 21:24:16.690000,-105.495,408.525,502.125,1.95,21.84,18.915,626.9250000000001,-1.95,83,60,-949,1472
2025-09-05 21:24:16.691000,-356.85,546.975,656.76,-72.735,-20.475,-19.11,767.13,-60.84,85,59,-957,1472
2025-09-05 21:24:16.694667,-112.905,394.29,489.255,-8.19,20.475,11.31,583.44,-6.4350000000000005,78,57,-948,1344
2025-09-05 21:24:16.698333,-365.625,550.095,662.22,-81.9,-17.55,-19.5,744.51,-53.625,83,55,-951,1280
2025-09-05 21:24:16.702000,-401.895,396.825,511.29,-100.23,-38.22,-39.975,597.6750000000001,-57.72,78,57,-939,1408
2025-09-05 21:24:16.705667,-235.95,108.615,182.13,-57.135000000000005,-33.345,-34.71,256.035,-31.98,80,58,-943,1344
2025-09-05 21:24:16.709333,3.315,-112.905,-60.645,7.0200000000000005,-0.975,-11.31,39.0,15.21,80,54,-942,1344
2025-09-05 21:24:16.713000,211.38,-232.44,-130.845,70.2,33.93,23.4,-20.865,55.77,80,54,-942,1344
2025-09-05 21:24:16.714000,419.445,-319.41,-236.145,131.43,62.010000000000005,55.38,-110.37,98.67,75,59,-935,1408
2025-09-05 21:24:16.715000,207.675,-214.695,-142.35,74.295,21.06,17.745,-19.5,47.58,74,59,-943,1344
2025-09-05 21:24:16.716000,412.62,-309.46500000000003,-217.035,135.33,61.425,49.14,-190.515,88.53,73,66,-942,1280
2025-09-05 21:24:16.717000,453.375,-182.13,-127.725,152.29500000000002,77.805,64.74000000000001,-82.68,95.745,73,55,-947,1344
2025-09-05 21:24:16.718000,304.98,59.085,120.315,112.125,66.885,65.52,317.65500000000003,81.51,75,59,-946,1344
2025-09-05 21:24:16.719000,104.52,265.98,323.31,55.77,41.73,45.63,470.34,45.63,74,59,-946,1472
2025-09-05 21:24:16.720000,-117.0,400.53,577.2,-12.285,16.77,24.375,749.19,7.41,74,59,-946,1472
2025-09-05 21:24:16.723714,-365.82,549.51,624.585,-86.58,-24.765,-31.98,655.005,-61.23,81,56,-936,1280
2025-09-05 21:24:16.727429,-124.8,449.28,496.275,-16.38,24.375,-4.485,524.94,-9.945,69,54,-952,1344
2025-09-05 21:24:16.731143,-380.64,584.415,640.965,-92.43,-21.255,-31.785,783.51,-45.24,68,56,-961,1408
2025-09-05 21:24:16.734857,-422.37,428.415,477.75,-109.395,-40.95,-53.625,534.3000000000001,-62.985,60,60,-965,1472
2025-09-05 21:24:16.738571,-262.665,142.155,151.125,-62.79,-36.66,-50.115,196.365,-35.49,65,63,-961,1408
2025-09-05 21:24:16.742286,-24.375,-89.31,-53.82,-0.585,-0.78,-18.33,23.01,7.41,66,61,-956,1344
2025-09-05 21:24:16.746000,184.275,-199.875,-128.70000000000002,62.010000000000005,29.445,18.525,7.215,51.285,66,61,-956,1344
2025-09-05 21:24:16.746571,389.805,-288.99,-208.845,130.455,66.495,42.9,-80.925,91.845,66,61,-956,1344
2025-09-05 21:24:16.747143,425.49,-153.07500000000002,-91.26,148.59,82.68,58.89,12.09,108.615,71,55,-951,1344
2025-09-05 21:24:16.747714,279.045,87.94500000000001,135.915,106.47,74.88,45.825,259.15500000000003,78.58500000000001,72,52,-953,1344
2025-09-05 21:24:16.748286,66.3,266.175,350.805,42.120000000000005,40.755,21.45,456.69,34.905,69,55,-950,1408
2025-09-05 21:24:16.748857,-153.07500000000002,398.58,462.54,-27.105,7.41,-10.53,535.86,-27.3,69,55,-950,1472
2025-09-05 21:24:16.749429,-390.0,572.325,631.8000000000001,-92.82,-33.54,-38.025,740.025,-48.36,67,56,-941,1472
2025-09-05 21:24:16.750000,-436.02,409.89,462.15,-111.345,-58.89,-65.91,500.175,-67.08,69,63,-951,1408
2025-09-05 21:24:16.754714,-268.90500000000003,127.92,142.54500000000002,-67.47,-42.315000000000005,-61.815000000000005,144.885,-46.215,71,62,-948,1344
2025-09-05 21:24:16.759429,-133.185,391.17,505.245,-19.305,-5.46,-7.0200000000000005,553.605,-9.165,78,59,-949,1408
2025-09-05 21:24:16.764143,-383.955,531.1800000000001,655.005,-93.015,-46.8,-43.29,715.845,-58.11,78,59,-949,1408
2025-09-05 21:24:16.768857,-439.725,380.055,466.635,-115.05,-62.79,-74.10000000000001,494.52,-71.76,82,59,-946,1408
2025-09-05 21:24:16.773571,-273.39,84.435,101.985,-73.905,-58.695,-68.44500000000001,148.20000000000002,-53.43,78,59,-948,1408
2025-09-05 21:24:16.778286,-42.315000000000005,-134.35500000000002,-96.135,-3.705,-25.74,-41.73,-100.815,-12.675,80,63,-944,1408
2025-09-05 21:24:16.783000,168.48000000000002,-271.635,-231.075,56.940000000000005,7.41,-8.19,-119.925,40.95,80,61,-953,1280
2025-09-05 21:24:16.783500,370.695,-359.58,-263.055,118.17,43.68,34.515,-112.905,82.29,80,61,-953,1280
2025-09-05 21:24:16.784000,156.195,-239.46,-57.915,55.575,19.5,13.65,50.31,41.34,80,59,-943,1344
2025-09-05 21:24:16.784500,363.285,-326.625,-195.0,118.365,50.31,45.63,-105.885,89.31,80,59,-943,1344
2025-09-05 21:24:16.785000,406.965,-206.115,-104.715,130.65,68.055,58.5,-21.645,96.915,75,59,-926,1344
2025-09-05 21:24:16.791667,263.445,41.34,115.44,93.405,56.55,40.17,127.53,61.035,76,59,-936,1344
2025-09-05 21:24:16.798333,60.45,246.48,308.685,31.98,32.955,25.545,405.99,31.98,76,60,-942,1344
2025-09-05 21:24:16.805000,-158.535,389.61,496.275,-31.98,-6.4350000000000005,-2.145,586.5600000000001,-14.625,77,58,-940,1344
2025-09-05 21:24:16.805571,-412.62,537.615,634.725,-107.055,-46.605,-37.83,702.585,-66.495,77,58,-940,1344
2025-09-05 21:24:16.806143,-465.66,394.875,493.35,-128.505,-68.83500000000001,-57.135000000000005,542.49,-78.0,75,64,-946,1344
2025-09-05 21:24:16.806714,-307.71000000000004,117.78,184.665,-87.165,-56.355,-53.82,195.585,-54.405,72,61,-947,1344
2025-09-05 21:24:16.807286,-75.66,-124.995,-85.41,-27.105,-33.54,-31.59,-48.555,-24.375,79,57,-948,1344
2025-09-05 21:24:16.807857,128.31,-247.26,-192.465,33.15,0.0,-1.755,-100.23,12.87,79,61,-951,1344
2025-09-05 21:24:16.808429,346.515,-330.915,-253.5,106.47,44.265,38.415,-164.38500000000002,75.27,79,61,-951,1344
2025-09-05 21:24:16.809000,399.165,-217.23,-150.54,123.045,58.305,50.895,-125.58,82.485,76,62,-952,1344
2025-09-05 21:24:16.814000,252.135,41.535,144.69,93.405,58.5,58.305,261.69,67.86,74,61,-950,1344
2025-09-05 21:24:16.819000,153.85500000000002,-232.83,-163.41,33.735,8.385,11.31,-135.135,19.305,71,57,-947,1408
2025-09-05 21:24:16.824000,352.365,-320.97,-265.59000000000003,98.865,44.46,38.61,-233.22,64.545,71,57,-947,1408
2025-09-05 21:24:16.829000,412.23,-195.0,-149.76,115.635,65.715,61.035,-93.795,78.19500000000001,79,53,-945,1344
2025-09-05 21:24:16.834000,273.0,51.870000000000005,139.62,86.58,60.06,55.575,157.365,44.85,74,59,-949,1344
2025-09-05 21:24:16.839000,66.495,239.46,350.61,27.3,39.39,38.025,406.77,15.795,71,60,-944,1280
2025-09-05 21:24:16.844000,-148.98000000000002,381.225,522.7950000000001,-35.295,6.825,8.385,566.6700000000001,-27.885,77,59,-945,1408
2025-09-05 21:24:16.846857,-398.775,530.985,653.64,-114.075,-33.735,-28.08,677.625,-80.34,77,59,-945,1408
2025-09-05 21:24:16.849714,-455.13,390.39,497.445,-137.085,-60.45,-54.015,480.285,-95.16,74,59,-950,1344
2025-09-05 21:24:16.852571,-295.62,109.98,182.52,-93.21,-47.97,-45.63,160.095,-63.18,78,60,-955,1408
2025-09-05 21:24:16.855429,-62.595,-123.24,-54.015,-28.86,-24.18,-22.62,-62.400000000000006,-34.71,77,59,-951,1408
2025-09-05 21:24:16.858286,142.35,-246.285,-152.88,29.835,7.215,7.0200000000000005,-146.835,-8.58,77,60,-950,1344
2025-09-05 21:24:16.861143,350.22,-339.3,-234.195,95.16,43.485,39.195,-232.83,42.9,77,60,-950,1344
2025-09-05 21:24:16.864000,419.25,-190.71,-79.75500000000001,123.63,74.295,63.57,-46.605,77.61,81,65,-955,1280
2025-09-05 21:24:16.864714,280.995,57.135000000000005,169.845,89.11500000000001,65.52,65.52,211.575,64.935,78,61,-952,1280
2025-09-05 21:24:16.865429,-138.645,365.625,522.99,-31.395,5.655,16.575,556.53,-15.21,76,62,-949,1344
2025-09-05 21:24:16.866143,-384.54,518.3100000000001,680.5500000000001,-103.35,-31.200000000000003,-24.57,700.0500000000001,-65.13,76,62,-949,1344
2025-09-05 21:24:16.866857,-444.99,371.28,515.19,-126.165,-50.31,-46.8,499.2000000000001,-80.535,82,58,-944,1344
2025-09-05 21:24:16.867571,-288.6,88.33500000000001,217.035,-86.97,-45.045,-37.05,203.58,-56.55,82,65,-944,1344
2025-09-05 21:24:16.868286,-41.535,-130.65,-4.29,-20.28,-13.065,-5.655,-5.265000000000001,-4.875,79,63,-946,1408
2025-09-05 21:24:16.869000,178.23000000000002,-254.28,-103.155,39.585,18.33,25.935,-97.5,39.975,80,60,-941,1344
2025-09-05 21:24:16.880857,378.495,-349.44,-195.585,98.085,48.555,55.77,-188.76,80.925,80,60,-941,1344
2025-09-05 21:24:16.892714,195.585,-263.64,-58.5,50.895,35.88,28.08,-31.395,39.0,77,64,-951,1536
2025-09-05 21:24:16.904571,402.09,-372.255,-145.86,115.83,73.32000000000001,58.305,-109.395,90.87,77,64,-951,1536
2025-09-05 21:24:16.916429,468.0,-248.235,-5.8500000000000005,141.765,93.795,80.34,60.255,104.325,79,66,-955,1344
2025-09-05 21:24:16.928286,325.845,-11.115,253.89,106.08,82.29,75.27,305.955,78.97500000000001,80,59,-939,1344
2025-09-05 21:24:16.940143,129.48000000000002,187.395,443.625,43.875,63.18,59.475,492.375,44.46,78,63,-944,1344
2025-09-05 21:24:16.952000,-88.92,327.40500000000003,595.725,-15.795,30.03,30.81,636.6750000000001,-5.265000000000001,76,63,-947,1344
2025-09-05 21:24:16.957714,-333.255,462.735,747.63,-96.915,-10.725,-7.215,789.1650000000001,-55.38,76,63,-947,1344
2025-09-05 21:24:16.963429,-21.255,257.01,613.47,-2.145,32.370000000000005,42.120000000000005,665.9250000000001,1.755,73,63,-948,1344
2025-09-05 21:24:16.969143,-264.81,425.49,783.51,-69.81,0.195,6.825,833.235,-46.41,73,63,-948,1344
2025-09-05 21:24:16.974857,-323.505,305.175,638.235,-87.36,-30.03,-13.845,652.275,-56.355,77,61,-944,1408
2025-09-05 21:24:16.980571,-161.85,20.475,353.925,-44.46,-14.235,-0.975,373.62,-34.125,78,65,-955,1408
2025-09-05 21:24:16.986286,87.36,-186.225,155.22,29.055,21.45,32.175000000000004,183.885,16.575,77,66,-953,1344
2025-09-05 21:24:16.992000,312.195,-300.3,31.005000000000003,94.185,54.6,61.815000000000005,65.325,59.085,76,68,-949,1280
2025-09-05 21:24:16.995000,524.94,-391.95,-54.405,162.24,91.26,95.55,-14.04,108.81,76,68,-949,1280
2025-09-05 21:24:16.998000,348.46500000000003,-240.24,175.305,115.245,63.375,72.54,218.595,78.0,68,66,-953,1344
2025-09-05 21:24:17.001000,562.77,-327.6,95.16,184.275,99.06,108.225,151.905,127.335,68,66,-953,1408
2025-09-05 21:24:17.004000,631.8000000000001,-192.855,241.8,203.97,118.56,128.115,337.35,139.425,73,65,-957,1408
2025-09-05 21:24:17.007000,493.35,56.55,520.455,172.57500000000002,110.955,125.19,612.495,113.685,74,66,-944,1408
2025-09-05 21:24:17.010000,291.52500000000003,261.3,731.0550000000001,120.705,90.675,109.005,817.0500000000001,89.50500000000001,73,63,-948,1344
2025-09-05 21:24:17.013000,66.3,413.79,896.61,57.330000000000005,52.455,71.76,975.39,39.0,69,66,-952,1344
2025-09-05 21:24:17.013857,-190.71,570.1800000000001,1065.87,-23.985,9.36,43.095,1146.21,-22.62,69,66,-952,1408
2025-09-05 21:24:17.014714,31.59,496.275,1054.365,51.48,50.31,69.61500000000001,1131.975,34.905,71,66,-948,1344
2025-09-05 21:24:17.015571,-230.685,656.955,1226.355,-25.155,13.845,38.805,1297.92,-18.33,68,66,-948,1408
2025-09-05 21:24:17.016429,-298.545,543.855,1088.1,-53.04,-14.04,15.405,1130.805,-36.855,68,65,-947,1408
2025-09-05 21:24:17.017286,-155.22,268.32,793.455,-13.065,-4.485,13.65,838.11,-14.43,65,66,-955,1408
2025-09-05 21:24:17.018143,78.39,50.7,579.9300000000001,55.77,26.52,41.73,640.38,30.225,68,66,-953,1344
2025-09-05 21:24:17.019000,288.40500000000003,-67.08,470.535,117.78,58.695,74.295,538.2,75.27,67,66,-949,1344
2025-09-05 21:24:17.022857,486.135,-160.875,378.105,174.525,94.77,100.23,447.135,121.68,72,69,-947,1408
2025-09-05 21:24:17.026714,204.75,-70.395,478.725,92.04,50.7,64.35000000000001,557.895,69.81,70,65,-951,1408
2025-09-05 21:24:17.030571,399.555,-164.19,391.95,151.71,87.36,90.285,467.025,116.415,71,64,-951,1408
2025-09-05 21:24:17.034429,465.27,-70.005,501.735,172.185,109.395,111.345,610.155,124.605,71,64,-951,1408
2025-09-05 21:24:17.038286,323.31,172.57500000000002,757.77,131.43,102.96,101.79,863.46,98.67,69,59,-950,1344
2025-09-05 21:24:17.042143,112.32,375.96,958.23,75.27,80.73,83.85000000000001,1044.81,67.275,74,63,-947,1408
2025-09-05 21:24:17.046000,-111.345,532.5450000000001,1115.205,9.36,44.07,53.43,1188.72,18.525,71,66,-945,1472
2025-09-05 21:24:17.051857,-370.11,682.3050000000001,1267.695,-66.495,1.755,18.135,1334.385,-36.27,70,63,-946,1408
2025-09-05 21:24:17.057714,-147.42000000000002,527.475,1082.055,4.485,36.66,48.555,1155.96,20.475,79,65,-948,1344
2025-09-05 21:24:17.063571,-393.315,677.82,1235.52,-67.86,-1.365,11.505,1300.26,-38.61,74,64,-950,1344
2025-09-05 21:24:17.069429,-469.56,555.165,1090.05,-95.16,-18.135,-18.33,1123.98,-54.795,74,64,-950,1344
2025-09-05 21:24:17.075286,-325.065,266.565,787.4100000000001,-57.330000000000005,-13.455,-7.800000000000001,819.195,-29.64,69,63,-945,1408
2025-09-05 21:24:17.081143,-86.775,41.925,553.8000000000001,11.31,19.5,12.09,600.21,16.185000000000002,71,62,-944,1344
2025-09-05 21:24:17.087000,126.555,-82.68,424.515,71.955,48.75,41.925,479.31,59.475,71,63,-945,1472
2025-09-05 21:24:17.090857,329.16,-182.715,317.46000000000004,132.79500000000002,78.19500000000001,66.69,375.57,98.475,75,62,-949,1280
2025-09-05 21:24:17.094714,-124.995,460.395,1091.805,18.33,40.365,30.615,1178.775,14.82,71,62,-946,1344
2025-09-05 21:24:17.098571,-369.135,620.2950000000001,1262.43,-53.82,5.655,1.755,1350.765,-40.17,74,61,-944,1408
2025-09-05 21:24:17.102429,-440.895,502.125,1128.66,-78.19500000000001,-20.475,-34.905,1177.02,-48.165,74,61,-944,1408
2025-09-05 21:24:17.106286,-291.915,218.01,831.2850000000001,-37.05,-16.38,-22.425,881.01,-25.74,69,60,-956,1280
2025-09-05 21:24:17.110143,-47.775,-9.75,594.5550000000001,33.93,9.945,8.19,661.245,26.91,75,62,-946,1344
2025-09-05 21:24:17.114000,171.405,-128.895,483.21,97.5,48.555,39.585,562.77,68.44500000000001,76,63,-944,1344
2025-09-05 21:24:17.117857,376.155,-222.885,386.295,156.39,80.925,67.47,471.705,114.855,72,62,-945,1280
2025-09-05 21:24:17.121714,185.64,-160.485,393.705,56.355,42.9,30.03,382.395,41.535,67,67,-951,1344
2025-09-05 21:24:17.125571,389.805,-254.28,291.135,117.195,73.125,59.28,267.15000000000003,83.655,68,67,-951,1344
2025-09-05 21:24:17.129429,472.68,-150.93,393.51,137.28,101.205,87.165,410.28,104.325,68,67,-951,1408
2025-09-05 21:24:17.133286,343.785,78.0,628.875,108.42,90.87,76.245,647.4,74.88,70,63,-958,1408
2025-09-05 21:24:17.137143,143.32500000000002,278.85,833.4300000000001,51.48,68.44500000000001,58.11,835.38,38.415,74,62,-947,1344
2025-09-05 21:24:17.141000,-84.045,429.585,984.165,-13.065,32.370000000000005,29.835,983.385,-2.9250000000000003,74,60,-946,1344
2025-09-05 21:24:17.142857,-328.77000000000004,581.88,1136.85,-92.43,-11.31,-2.535,1122.225,-51.870000000000005,76,61,-946,1344
2025-09-05 21:24:17.144714,-83.265,423.15,960.18,-17.355,23.79,18.72,945.945,-3.51,76,62,-941,1280
2025-09-05 21:24:17.146571,-327.21000000000004,588.315,1108.965,-94.965,-11.895,-13.455,1094.925,-52.065000000000005,75,63,-947,1344
2025-09-05 21:24:17.148429,-415.74,480.48,992.55,-117.195,-42.315000000000005,-39.195,924.885,-69.22500000000001,77,63,-947,1472
2025-09-05 21:24:17.150286,-275.145,206.115,703.1700000000001,-79.56,-32.370000000000005,-35.49,626.73,-47.97,77,63,-947,1472
2025-09-05 21:24:17.152143,-36.27,-32.565,452.595,-18.135,7.0200000000000005,-4.68,399.75,-8.97,77,64,-951,1408
2025-09-05 21:24:17.154000,183.105,-170.82,319.605,51.870000000000005,37.44,27.105,280.605,33.15,74,60,-950,1408
2025-09-05 21:24:17.155857,385.32,-263.055,230.88,104.325,72.15,54.6,175.695,81.51,73,63,-951,1408
2025-09-05 21:24:17.157714,191.295,-189.93,269.88,50.31,34.125,10.92,207.09,25.545,71,61,-953,1344
2025-09-05 21:24:17.159571,382.98,-284.505,174.72,105.69,66.885,40.755,103.935,73.515,73,59,-950,1344
2025-09-05 21:24:17.161429,464.1,-191.49,281.385,133.965,91.455,66.105,255.45,88.33500000000001,77,62,-947,1408
2025-09-05 21:24:17.163286,335.595,44.46,537.4200000000001,95.745,80.925,60.84,509.73,65.715,77,62,-947,1408
2025-09-05 21:24:17.165143,135.135,245.115,746.07,37.05,58.695,46.605,678.405,29.25,82,63,-956,1344
2025-09-05 21:24:17.167000,-87.75,403.65,875.745,-23.79,22.815,10.335,768.495,-18.525,79,64,-953,1408
2025-09-05 21:24:17.170714,-338.52000000000004,553.995,995.67,-107.25,-17.55,-30.615,912.795,-70.98,78,62,-950,1344
2025-09-05 21:24:17.174429,-103.74,402.285,792.09,-45.435,27.885,-3.51,687.375,-19.695,74,63,-947,1472
2025-09-05 21:24:17.178143,-356.85,562.1850000000001,928.005,-119.535,-9.555,-51.285,814.125,-75.465,76,62,-945,1344
2025-09-05 21:24:17.181857,-451.62,455.52,790.53,-151.32,-36.075,-76.635,664.755,-93.99,73,63,-946,1408
2025-09-05 21:24:17.185571,-311.61,175.695,508.365,-117.39,-35.685,-66.885,367.965,-69.22500000000001,73,63,-946,1408
2025-09-05 21:24:17.189286,-74.49000000000001,-61.425,255.645,-47.58,-0.78,-38.805,112.125,-25.545,74,60,-942,1344
2025-09-05 21:24:17.193000,143.13,-184.86,123.825,17.745,28.08,-16.77,-24.96,14.235,76,58,-946,1344
2025-09-05 21:24:17.201571,342.615,-276.51,-1.365,73.905,61.815000000000005,10.335,-141.375,55.77,74,60,-945,1344
2025-09-05 21:24:17.210143,99.84,-209.625,1.95,-2.34,15.21,-27.495,-126.945,6.4350000000000005,75,64,-947,1408
2025-09-05 21:24:17.218714,295.23,-296.79,-72.345,56.16,38.22,-0.39,-233.415,55.185,74,67,-949,1408
2025-09-05 21:24:17.227286,378.3,-208.845,16.965,87.75,64.935,26.715,-119.145,70.59,72,63,-953,1344
2025-09-05 21:24:17.235857,250.38,29.64,259.545,53.82,52.455,20.28,132.21,44.46,72,63,-953,1344
2025-09-05 21:24:17.244429,48.165,231.855,449.28,-0.78,26.715,3.12,321.555,8.385,78,60,-969,1408
2025-09-05 21:24:17.253000,-176.67000000000002,384.54,605.865,-66.495,-9.555,-28.08,465.27,-40.365,74,65,-956,1344
2025-09-05 21:24:17.258714,-426.27,527.28,745.875,-145.08,-47.58,-66.69,595.9200000000001,-97.89,74,66,-951,1344
2025-09-05 21:24:17.264429,-200.655,295.815,453.765,-67.47,-28.47,-14.625,291.52500000000003,-59.475,82,60,-949,1344
2025-09-05 21:24:17.270143,-444.405,456.69,602.5500000000001,-144.3,-69.81,-52.845,434.46,-114.465,80,59,-950,1344
2025-09-05 21:24:17.275857,-544.635,357.63,483.405,-174.915,-89.50500000000001,-83.85000000000001,294.645,-131.235,78,57,-952,1344
2025-09-05 21:24:17.281571,-408.915,75.075,187.59,-137.865,-87.165,-78.58500000000001,-7.800000000000001,-105.105,78,57,-952,1344
2025-09-05 21:24:17.287286,-167.70000000000002,-166.14,-63.765,-72.54,-52.65,-54.99,-249.99,-56.16,78,57,-943,1344
2025-09-05 21:24:17.293000,52.065000000000005,-302.25,-191.685,-10.14,-19.305,-29.64,-351.78000000000003,-6.4350000000000005,89,57,-947,1344
2025-09-05 21:24:17.294000,246.285,-387.075,-287.82,53.82,17.16,4.29,-457.665,30.81,84,61,-950,1344
2025-09-05 21:24:17.297167,58.695,-318.63,-214.11,-1.56,-27.69,-23.79,-405.795,-26.325,89,66,-955,1280
2025-09-05 21:24:17.300333,254.085,-401.31,-300.885,62.400000000000006,5.265000000000001,10.335,-506.415,23.985,85,63,-950,1344
2025-09-05 21:24:17.303500,356.85,-327.6,-220.74,92.82,23.595,35.295,-382.2,39.78,80,63,-946,1280
2025-09-05 21:24:17.306667,242.385,-104.52,27.885,58.11,14.43,30.225,-130.455,23.4,80,63,-946,1280
2025-09-05 21:24:17.309833,46.215,105.885,231.27,7.215,-8.19,10.53,66.3,-13.65,76,65,-960,1408
2025-09-05 21:24:17.313000,-170.82,269.88,398.97,-56.940000000000005,-38.415,-21.06,220.35,-59.28,81,60,-940,1280
2025-09-05 21:24:17.317429,-408.525,408.525,537.03,-130.65,-79.56,-59.865,361.335,-113.685,82,60,-944,1408
2025-09-05 21:24:17.321857,-166.725,280.605,400.14,-53.04,-35.49,-18.33,218.4,-56.355,81,57,-940,1344
2025-09-05 21:24:17.326286,-413.01,424.125,535.08,-125.97,-71.76,-51.48,364.26,-103.935,80,60,-941,1280
2025-09-05 21:24:17.330714,-524.16,344.76,429.195,-158.535,-96.72,-80.925,217.035,-124.41,82,59,-942,1280
2025-09-05 21:24:17.335143,-393.9,65.325,150.735,-125.385,-93.405,-76.05,-72.54,-95.355,82,59,-942,1344
2025-09-05 21:24:17.339571,-153.465,-189.345,-104.91,-58.305,-58.695,-54.21,-308.295,-53.82,81,61,-932,1344
2025-09-05 21:24:17.344000,70.395,-319.02000000000004,-246.48,6.045,-29.835,-25.935,-427.05,-11.7,76,65,-930,1408
2025-09-05 21:24:17.344429,268.515,-406.965,-337.15500000000003,67.08,7.800000000000001,2.73,-530.4,38.22,80,62,-936,1280
2025-09-05 21:24:17.344857,83.265,-302.25,-269.295,3.9,-17.745,-26.91,-455.715,-7.800000000000001,75,63,-938,1408
2025-09-05 21:24:17.345286,285.87,-397.605,-359.97,60.84,16.575,-0.975,-553.02,43.875,76,61,-945,1344
2025-09-05 21:24:17.345714,384.54,-329.16,-273.78000000000003,88.72500000000001,45.63,30.81,-427.245,62.010000000000005,77,64,-944,1344
2025-09-05 21:24:17.346143,271.245,-91.845,-14.235,66.69,39.585,30.225,-166.14,44.07,79,66,-944,1344
2025-09-05 21:24:17.346571,76.635,118.95,200.07,10.92,16.77,12.285,33.54,11.895,79,66,-944,1344
2025-09-05 21:24:17.347000,-136.89,270.075,355.29,-54.21,-17.94,-20.475,177.84,-32.76,85,64,-944,1280
2025-09-05 21:24:17.355000,-381.42,413.595,485.745,-127.14,-55.77,-56.55,314.535,-81.315,83,64,-948,1472
2025-09-05 21:24:17.363000,-488.28,331.695,399.75,-159.315,-84.24000000000001,-85.8,179.205,-103.155,80,65,-949,1344
2025-09-05 21:24:17.371000,-362.115,72.93,118.17,-132.79500000000002,-79.95,-82.875,-104.52,-80.145,75,64,-949,1472
2025-09-05 21:24:17.379000,-126.945,-183.495,-132.99,-64.545,-49.92,-60.45,-337.935,-48.165,75,64,-949,1472
2025-09-05 21:24:17.387000,74.685,-344.76,-301.27500000000003,-5.655,-21.45,-31.005000000000003,-476.385,-23.595,70,62,-954,1280
2025-09-05 21:24:17.395000,273.58500000000004,-423.15,-396.63,55.965,14.43,1.17,-576.225,22.62,71,63,-949,1280
2025-09-05 21:24:17.403000,381.81,-348.075,-298.545,90.285,33.345,29.055,-453.765,39.0,73,60,-952,1344
2025-09-05 21:24:17.420571,272.22,-89.50500000000001,-31.200000000000003,72.735,40.95,38.025,-182.13,47.97,74,63,-952,1472
2025-09-05 21:24:17.438143,-132.405,257.01,324.48,-40.755,-19.695,-4.29,154.44,-31.395,79,65,-956,1344
2025-09-05 21:24:17.455714,-376.545,392.535,473.85,-120.12,-58.11,-40.56,298.74,-84.045,70,64,-955,1408
2025-09-05 21:24:17.473286,-488.865,323.7,380.25,-149.76,-85.215,-63.765,160.29,-104.715,71,64,-955,1344
2025-09-05 21:24:17.490857,-363.285,54.795,85.995,-115.83,-79.56,-69.61500000000001,-138.06,-85.215,72,60,-954,1344
2025-09-05 21:24:17.508429,-122.07,-191.685,-158.535,-53.82,-50.7,-43.095,-369.135,-36.855,72,60,-954,1344
2025-09-05 21:24:17.526000,97.5,-335.985,-294.255,11.895,-10.92,-12.09,-487.11,1.755,73,60,-941,1344
2025-09-05 21:24:17.534714,295.23,-435.825,-389.415,73.515,16.38,14.625,-583.0500000000001,48.555,71,63,-945,1344
2025-09-05 21:24:17.543429,100.62,-265.59000000000003,-317.07,18.525,-7.41,-15.405,-499.785,10.53,76,60,-946,1344
2025-09-05 21:24:17.552143,303.03000000000003,-331.89,-395.85,83.655,28.47,11.31,-587.145,56.55,74,60,-951,1280
2025-09-05 21:24:17.560857,405.6,-264.615,-319.605,113.295,52.065000000000005,37.83,-484.575,73.125,73,66,-951,1344
2025-09-05 21:24:17.569571,289.38,-38.805,-77.805,86.385,46.605,33.15,-235.755,59.67,71,61,-953,1344
2025-09-05 21:24:17.578286,92.625,171.405,133.965,30.42,23.79,13.65,-39.39,25.74,71,61,-953,1344
2025-09-05 21:24:17.587000,-126.75,325.455,270.855,-31.200000000000003,-10.335,-12.48,115.245,-25.35,72,67,-954,1408
2025-09-05 21:24:17.593000,-368.55,482.43,422.175,-99.06,-46.41,-52.455,249.405,-85.41,72,64,-950,1344
2025-09-05 21:24:17.601833,-482.04,419.64,343.005,-142.54500000000002,-80.145,-78.39,128.505,-100.62,73,62,-948,1408
2025-09-05 21:24:17.610667,-352.56,162.63,74.685,-101.205,-72.735,-75.855,-144.10500000000002,-78.97500000000001,74,62,-949,1280
2025-09-05 21:24:17.619500,-122.85,-101.205,-192.66,-46.995000000000005,-53.82,-57.525,-400.335,-52.260000000000005,74,62,-949,1280
2025-09-05 21:24:17.628333,91.845,-276.705,-348.075,13.065,-21.84,-38.415,-525.525,-16.38,75,59,-948,1344
2025-09-05 21:24:17.637167,297.375,-354.90000000000003,-434.85,68.83500000000001,14.625,-0.78,-629.265,23.79,71,61,-951,1344
2025-09-05 21:24:17.646000,403.455,-291.33,-359.19,101.205,42.315000000000005,18.33,-525.72,39.975,74,61,-950,1344
2025-09-05 21:24:17.651571,296.01,-41.535,-90.675,89.50500000000001,49.14,26.715,-252.525,46.215,74,60,-947,1344
2025-09-05 21:24:17.657143,-116.61,338.91,282.165,-30.81,-4.095,-22.23,109.395,-27.105,73,64,-947,1408
2025-09-05 21:24:17.662714,-360.165,492.96,425.295,-104.325,-44.07,-51.870000000000005,259.35,-78.78,77,63,-944,1344
2025-09-05 21:24:17.668286,-474.63,423.54,352.95,-141.96,-77.805,-80.925,140.4,-107.64,76,64,-949,1344
2025-09-05 21:24:17.673857,-352.17,160.485,52.455,-108.225,-70.2,-75.075,-165.555,-84.045,75,63,-951,1344
2025-09-05 21:24:17.679429,-112.515,-84.045,-206.505,-42.705,-37.44,-48.945,-399.555,-39.39,75,63,-951,1344
2025-09-05 21:24:17.685000,105.495,-236.535,-325.845,23.595,-2.535,-18.915,-507.585,2.535,83,65,-949,1408
2025-09-05 21:24:17.696143,303.03000000000003,-327.015,-448.5,77.22,31.395,11.505,-630.0450000000001,40.17,82,69,-948,1344
2025-09-05 21:24:17.707286,112.71,-234.585,-374.595,10.92,-3.315,-18.72,-528.645,2.145,80,64,-949,1472
2025-09-05 21:24:17.718429,305.37,-328.96500000000003,-465.465,75.27,30.03,12.48,-633.5550000000001,57.330000000000005,83,63,-945,1344
2025-09-05 21:24:17.729571,417.885,-260.52,-352.365,109.59,62.595,39.39,-502.125,80.73,85,62,-946,1344
2025-09-05 21:24:17.740714,309.46500000000003,-27.3,-101.985,83.265,50.115,40.365,-240.63,60.255,81,59,-947,1408
2025-09-05 21:24:17.751857,112.32,190.125,72.15,26.52,31.59,18.72,-65.13,28.665000000000003,81,59,-947,1408
2025-09-05 21:24:17.763000,-97.11,334.23,259.15500000000003,-35.295,1.365,-12.675,107.055,-9.75,80,63,-936,1344
2025-09-05 21:24:17.763857,-341.25,480.87,416.52,-101.4,-34.515,-43.875,257.205,-66.3,78,69,-940,1344
2025-09-05 21:24:17.764714,-104.325,308.1,249.21,-34.515,1.95,-18.525,87.94500000000001,-3.51,81,56,-949,1408
2025-09-05 21:24:17.765571,-341.25,457.665,358.605,-106.08,-39.585,-56.16,219.375,-59.085,76,63,-946,1408
2025-09-05 21:24:17.766429,-459.81,393.51,290.16,-150.345,-72.735,-84.825,90.285,-71.76,77,62,-946,1344
2025-09-05 21:24:17.767286,-341.64,119.925,58.11,-122.07,-65.91,-80.535,-190.515,-58.695,83,60,-946,1280
2025-09-05 21:24:17.768143,-103.74,-111.93,-229.125,-52.260000000000005,-43.095,-51.285,-430.95,-17.745,83,60,-946,1280
2025-09-05 21:24:17.769000,118.56,-261.885,-427.635,9.555,-9.555,-29.64,-590.46,30.225,82,64,-941,1344
2025-09-05 21:24:17.770000,310.245,-371.865,-462.735,70.59,24.765,7.0200000000000005,-618.9300000000001,75.075,87,60,-932,1408
2025-09-05 21:24:17.774333,103.155,-284.895,-424.71,-1.56,-13.26,-34.125,-578.565,24.96,75,62,-945,1280
2025-09-05 21:24:17.778667,297.765,-371.67,-504.855,55.575,20.865,-3.9,-654.615,73.71000000000001,79,61,-957,1408
2025-09-05 21:24:17.783000,405.405,-321.555,-454.74,94.77,46.8,16.965,-596.7,90.285,75,62,-958,1408
2025-09-05 21:24:17.787333,297.57,-93.6,-224.25,66.69,46.02,20.085,-358.605,70.395,78,67,-958,1344
2025-09-05 21:24:17.791667,97.695,124.215,-17.745,13.26,24.96,1.56,-135.72,36.27,78,67,-958,1344
2025-09-05 21:24:17.796000,-121.29,267.93,135.915,-51.48,-7.215,-30.03,-8.97,-6.24,81,67,-962,1344
2025-09-05 21:24:17.796571,-358.02000000000004,414.57,331.5,-125.385,-40.95,-61.23,171.79500000000002,-64.545,75,67,-948,1472
2025-09-05 21:24:17.797143,-124.8,275.535,124.215,-54.6,-5.265000000000001,-24.765,-33.54,-21.45,73,68,-969,1280
2025-09-05 21:24:17.797714,-361.335,426.075,305.37,-127.14,-38.415,-58.305,128.31,-67.86,72,68,-959,1408
2025-09-05 21:24:17.798286,-487.695,378.885,231.075,-170.625,-73.32000000000001,-91.455,-1.755,-92.235,68,68,-963,1408
2025-09-05 21:24:17.798857,-372.45,100.035,-87.36,-145.08,-71.955,-90.675,-305.37,-83.265,68,68,-970,1472
2025-09-05 21:24:17.799429,-136.89,-151.905,-357.825,-72.15,-42.705,-53.04,-533.13,-33.345,68,68,-970,1408
2025-09-05 21:24:17.800000,87.75,-307.125,-490.425,-7.41,-8.97,-26.130000000000003,-662.8050000000001,12.09,69,71,-976,1408
2025-09-05 21:24:17.813429,274.755,-396.63,-570.96,49.725,22.035,5.655,-766.9350000000001,50.115,65,87,-971,1408
2025-09-05 21:24:17.826857,68.64,-286.845,-514.605,-3.12,-2.73,-34.125,-699.465,-2.34,73,52,-935,1408
2025-09-05 21:24:17.840286,264.225,-376.74,-616.785,57.525,25.155,-3.9,-793.26,42.315000000000005,72,64,-939,1344
2025-09-05 21:24:17.853714,388.05,-337.74,-525.72,95.94,52.65,19.89,-680.16,70.005,76,73,-948,1344
2025-09-05 21:24:17.867143,278.07,-103.74,-270.075,65.715,48.75,24.18,-438.36,51.285,78,77,-951,1344
2025-09-05 21:24:17.880571,86.19,118.17,-66.3,15.6,22.23,-2.73,-241.215,16.965,70,72,-948,1408
2025-09-05 21:24:17.894000,-122.07,291.72,97.305,-52.845,-11.895,-28.08,-80.925,-24.375,70,72,-948,1408
2025-09-05 21:24:17.895714,-357.825,426.855,241.02,-121.68,-53.43,-58.305,76.83,-70.395,71,69,-946,1344
2025-09-05 21:24:17.897429,-115.635,280.02,130.845,-45.825,-6.24,-8.19,-40.17,-33.54,69,71,-936,1408
2025-09-05 21:24:17.899143,-355.095,418.86,276.315,-117.78,-45.24,-40.95,97.305,-75.27,69,71,-951,1280
2025-09-05 21:24:17.900857,-485.745,368.94,208.26,-158.535,-71.955,-76.245,-8.97,-102.96,71,67,-942,1408
2025-09-05 21:24:17.902571,-370.11,108.42,-64.545,-136.11,-71.76,-70.59,-282.75,-85.41,75,66,-940,1408
2025-09-05 21:24:17.904286,-140.01,-147.81,-323.31,-68.25,-45.825,-41.925,-522.99,-40.755,74,64,-944,1408
2025-09-05 21:24:17.906000,85.02,-296.205,-457.86,-1.365,-11.31,-13.455,-650.325,1.365,74,64,-944,1408
2025-09-05 21:24:17.907714,280.02,-396.63,-557.7,57.915,22.62,17.745,-749.58,42.51,70,64,-934,1344
2025-09-05 21:24:17.909429,-89.50500000000001,279.825,181.155,-41.925,-14.04,7.605,7.215,-14.625,71,59,-945,1280
2025-09-05 21:24:17.911143,-326.235,428.025,309.075,-112.71,-55.77,-24.96,138.45000000000002,-74.295,70,68,-946,1344
2025-09-05 21:24:17.912857,-465.075,370.11,285.675,-150.15,-82.68,-55.77,68.64,-94.575,69,68,-947,1280
2025-09-05 21:24:17.914571,-343.39500000000004,102.57,29.25,-117.195,-80.34,-59.085,-193.83,-81.9,73,67,-946,1472
2025-09-05 21:24:17.916286,-105.69,-153.07500000000002,-234.585,-47.58,-47.775,-31.395,-443.04,-36.465,70,71,-940,1280
2025-09-05 21:24:17.918000,120.705,-309.66,-407.55,18.525,-15.99,-5.46,-566.865,6.63,70,71,-940,1280
2025-09-05 21:24:17.921714,316.875,-409.11,-454.35,80.925,17.16,29.25,-634.14,52.65,70,65,-937,1344
2025-09-05 21:24:17.925429,141.765,-295.425,-237.12,32.370000000000005,0.0,5.46,-415.35,23.4,79,80,-941,1408
2025-09-05 21:24:17.929143,340.665,-371.28,-352.56,95.745,32.175000000000004,41.73,-533.52,64.35000000000001,74,70,-945,1408
2025-09-05 21:24:17.932857,467.025,-330.915,-282.945,137.67000000000002,69.22500000000001,66.885,-435.435,88.53,71,69,-955,1408
2025-09-05 21:24:17.936571,363.48,-100.62,-36.465,108.42,67.47,70.59,-172.965,75.075,69,78,-947,1408
2025-09-05 21:24:17.940286,164.58,123.63,201.63,56.355,37.245000000000005,53.82,56.16,52.845,75,71,-949,1344
2025-09-05 21:24:17.944000,-48.555,270.46500000000003,354.51,-6.825,10.53,23.205,196.17,5.8500000000000005,75,71,-949,1344
2025-09-05 21:24:17.944571,-287.04,419.835,484.77,-74.88,-27.3,-10.725,313.56,-45.24,76,76,-946,1408
2025-09-05 21:24:17.945143,-432.315,381.615,408.33,-123.045,-63.18,-43.485,204.165,-73.905,77,79,-958,1344
2025-09-05 21:24:17.945714,-325.065,121.095,120.51,-96.915,-57.135000000000005,-43.875,-64.74000000000001,-56.745000000000005,74,68,-964,1408
2025-09-05 21:24:17.946286,-96.525,-148.005,-145.47,-36.855,-38.22,-20.475,-324.285,-28.86,79,76,-957,1408
2025-09-05 21:24:17.946857,121.29,-321.165,-319.995,22.23,-12.48,-0.975,-474.24,2.9250000000000003,79,76,-957,1408
2025-09-05 21:24:17.947429,310.44,-392.925,-389.415,81.705,19.89,31.395,-568.4250000000001,43.875,85,75,-971,1408
2025-09-05 21:24:17.948000,437.19,-352.365,-347.1,124.41,49.53,61.425,-477.945,68.83500000000001,79,67,-969,1344
2025-09-05 21:24:17.953429,341.25,-111.54,-113.88,109.005,49.335,66.495,-260.13,67.86,74,74,-960,1344
2025-09-05 21:24:17.958857,-70.395,263.83500000000004,259.935,-12.285,-1.17,20.085,102.18,-8.385,76,68,-972,1408
2025-09-05 21:24:17.964286,-306.54,405.21,398.775,-82.875,-36.465,-10.725,218.985,-56.16,70,63,-973,1280
2025-09-05 21:24:17.969714,-447.33,376.74,324.48,-124.8,-73.71000000000001,-51.285,98.28,-86.19,67,71,-990,1280
2025-09-05 21:24:17.975143,-338.325,117.975,45.435,-98.475,-73.515,-52.260000000000005,-182.715,-73.32000000000001,65,64,-995,1344
2025-09-05 21:24:17.980571,-109.785,-134.745,-231.855,-29.055,-41.34,-26.52,-422.175,-23.595,72,74,-977,1280
2025-09-05 21:24:17.986000,113.49,-291.915,-377.52,34.32,-9.36,3.315,-585.78,15.99,72,74,-977,1280
2025-09-05 21:24:17.988429,303.03000000000003,-372.255,-491.205,93.99,20.865,23.4,-709.8000000000001,55.575,78,78,-987,1344
2025-09-05 21:24:17.990857,85.02,-305.76,-500.955,20.865,-28.275,-12.48,-700.83,6.825,73,78,-965,1344
2025-09-05 21:24:17.993286,276.12,-393.315,-591.825,80.73,7.0200000000000005,16.575,-777.465,53.43,71,77,-976,1344
2025-09-05 21:24:17.995714,406.185,-367.965,-561.7950000000001,121.485,32.370000000000005,41.535,-692.0550000000001,77.61,72,73,-971,1408
2025-09-05 21:24:17.998143,305.175,-140.985,-335.205,93.99,31.395,42.120000000000005,-462.93,62.400000000000006,66,83,-986,1344
2025-09-05 21:24:18.000571,111.345,72.345,-117.585,44.85,9.75,22.425,-289.575,24.765,61,73,-996,1408
2025-09-05 21:24:18.003000,-103.545,239.655,52.65,-20.475,-20.28,-9.75,-122.07,-13.65,61,73,-996,1408
2025-09-05 21:24:18.008857,-347.685,390.975,177.645,-90.48,-62.985,-44.265,14.43,-66.495,62,78,-969,1344
2025-09-05 21:24:18.014714,58.89,-418.275,-678.015,18.72,-42.120000000000005,-25.74,-829.335,7.0200000000000005,71,73,-939,1408
2025-09-05 21:24:18.020571,250.38,-523.575,-753.6750000000001,76.05,-2.73,-0.39,-942.435,50.31,68,76,-931,1408
2025-09-05 21:24:18.026429,385.905,-492.18,-709.995,118.95,22.425,27.3,-881.205,76.44,68,72,-943,1344
2025-09-05 21:24:18.032286,294.06,-248.43,-466.83,96.72,19.305,30.615,-619.125,66.69,69,70,-937,1344
2025-09-05 21:24:18.038143,104.52,-43.095,-244.92,40.17,-1.56,11.115,-378.105,34.32,72,66,-931,1408
2025-09-05 21:24:18.044000,-108.615,85.995,-70.2,-24.57,-29.64,-12.87,-218.4,-6.045,66,60,-915,1344
2025-09-05 21:24:18.045857,-345.15000000000003,238.29,71.175,-97.695,-67.08,-51.09,-99.45,-56.355,66,60,-926,1344
2025-09-05 21:24:18.047714,-85.02,-23.985,-46.605,-24.18,-34.125,-12.09,-183.495,6.825,70,53,-927,1280
2025-09-05 21:24:18.049571,-324.285,158.925,144.495,-91.65,-63.96,-43.68,-22.815,-46.8,70,53,-927,1280
2025-09-05 21:24:18.051429,-470.145,139.62,109.59,-135.33,-98.28,-78.39,-117.975,-73.125,65,55,-928,1280
2025-09-05 21:24:18.053286,-370.89,-142.74,-196.755,-114.465,-96.525,-78.97500000000001,-385.905,-52.260000000000005,67,52,-933,1408
2025-09-05 21:24:18.055143,-131.235,-427.83,-473.85,-53.43,-69.22500000000001,-53.04,-635.895,-2.9250000000000003,65,49,-934,1344
2025-09-05 21:24:18.057000,91.65,-569.985,-605.085,17.355,-30.615,-25.545,-783.12,44.85,74,51,-935,1344
2025-09-05 21:24:18.058857,284.895,-661.635,-688.9350000000001,77.61,3.315,9.36,-873.6,81.705,74,51,-935,1344
2025-09-05 21:24:18.060714,97.11,-576.4200000000001,-612.69,10.725,-27.495,-27.495,-783.705,32.955,73,43,-936,1344
2025-09-05 21:24:18.062571,296.01,-668.07,-700.0500000000001,75.075,-2.535,6.63,-860.145,75.075,73,43,-936,1344
2025-09-05 21:24:18.064429,443.235,-635.895,-646.815,120.51,28.86,34.125,-776.6850000000001,112.515,71,45,-948,1408
2025-09-05 21:24:18.066286,349.83,-395.85,-395.655,99.255,27.885,40.365,-532.35,101.79,71,45,-945,1344
2025-09-05 21:24:18.068143,151.905,-170.82,-165.555,49.14,3.51,25.935,-311.02500000000003,68.83500000000001,71,42,-942,1472
2025-09-05 21:24:18.070000,-57.135000000000005,-31.395,-5.8500000000000005,-16.185000000000002,-25.74,-1.95,-140.205,27.3,72,43,-945,1408
2025-09-05 21:24:18.073429,-296.40000000000003,108.615,146.055,-86.97,-64.935,-38.22,15.99,-23.985,72,43,-945,1408
2025-09-05 21:24:18.076857,-453.96,79.17,109.395,-128.70000000000002,-101.79,-65.715,-65.715,-56.16,80,35,-939,1344
2025-09-05 21:24:18.080286,-350.02500000000003,-184.08,-169.26000000000002,-109.59,-98.67,-64.35000000000001,-352.95,-39.78,76,41,-940,1344
2025-09-05 21:24:18.083714,-115.44,-445.575,-444.405,-48.165,-78.19500000000001,-44.265,-618.15,-4.68,75,45,-944,1408
2025-09-05 21:24:18.087143,107.25,-605.28,-603.135,14.04,-45.24,-24.375,-761.28,20.085,74,43,-941,1344
2025-09-05 21:24:18.090571,300.3,-682.89,-686.595,69.81,-10.335,4.485,-846.3000000000001,66.69,74,43,-941,1344
2025-09-05 21:24:18.094000,442.455,-662.61,-643.5,118.365,22.815,38.22,-757.1850000000001,89.7,65,41,-931,1344
2025-09-05 21:24:18.094714,358.02000000000004,-396.24,-368.355,106.47,31.395,46.8,-479.115,105.105,68,41,-936,1408
2025-09-05 21:24:18.095429,-50.31,-12.09,32.955,-6.045,-21.645,-3.315,-106.47,30.42,73,43,-937,1408
2025-09-05 21:24:18.096143,-286.065,139.815,189.93,-76.245,-60.255,-32.370000000000005,58.305,-11.7,73,43,-937,1408
2025-09-05 21:24:18.096857,-442.65,106.665,151.71,-124.8,-91.455,-65.91,-34.125,-48.75,73,38,-951,1408
2025-09-05 21:24:18.097571,-341.64,-156.585,-110.37,-96.915,-91.845,-67.275,-300.69,-34.125,66,40,-948,1344
2025-09-05 21:24:18.098286,-105.3,-417.885,-374.595,-35.1,-57.330000000000005,-38.415,-549.705,8.97,69,40,-945,1408
2025-09-05 21:24:18.099000,119.34,-555.75,-519.87,28.275,-21.06,-9.36,-688.74,55.575,71,35,-945,1344
2025-09-05 21:24:18.112286,311.805,-639.015,-611.325,85.995,13.65,26.130000000000003,-765.765,99.84,71,35,-945,1344
2025-09-05 21:24:18.125571,125.385,-537.03,-510.315,31.98,-13.455,-14.43,-671.385,48.555,70,38,-942,1344
2025-09-05 21:24:18.138857,325.845,-612.495,-586.5600000000001,97.5,18.72,22.815,-746.85,92.235,70,38,-942,1344
2025-09-05 21:24:18.152143,468.39,-590.85,-551.07,134.16,55.185,51.675,-669.4350000000001,117.39,65,39,-940,1408
2025-09-05 21:24:18.165429,381.615,-366.795,-305.76,117.0,49.53,50.505,-422.955,104.52,73,37,-948,1472
2025-09-05 21:24:18.178714,180.18,-142.35,-74.10000000000001,63.375,29.835,29.835,-216.45,67.665,72,36,-947,1408
2025-09-05 21:24:18.192000,-39.195,7.995,90.675,6.24,-7.800000000000001,1.755,-58.11,26.325,73,35,-944,1408
2025-09-05 21:24:18.192286,-274.56,159.12,241.605,-69.61500000000001,-46.215,-26.325,99.645,-26.715,73,35,-944,1408
2025-09-05 21:24:18.192571,-429.78,144.3,217.62,-118.95,-81.315,-62.205000000000005,37.245000000000005,-46.41,69,29,-947,1344
2025-09-05 21:24:18.192857,-329.355,-118.365,-57.525,-95.16,-81.12,-62.985,-252.33,-37.05,69,35,-945,1344
2025-09-05 21:24:18.193143,-99.06,-393.12,-350.61,-41.145,-56.940000000000005,-46.215,-523.1850000000001,-11.7,69,34,-945,1344
2025-09-05 21:24:18.193429,121.68,-556.53,-524.355,22.425,-21.06,-17.355,-668.46,36.465,71,33,-946,1472
2025-09-05 21:24:18.193714,330.52500000000003,-608.01,-579.735,86.97,22.425,20.085,-738.27,93.99,71,33,-946,1472
2025-09-05 21:24:18.194000,481.845,-601.575,-531.765,128.31,50.31,53.235,-654.4200000000001,125.97,67,35,-934,1344
2025-09-05 21:24:18.197286,397.215,-368.16,-292.695,112.125,51.09,59.475,-410.28,110.76,70,37,-941,1280
2025-09-05 21:24:18.200571,141.96,-511.485,-464.685,26.130000000000003,8.97,-2.145,-603.9150000000001,43.095,78,31,-945,1408
2025-09-05 21:24:18.203857,331.305,-576.225,-564.33,85.995,43.095,26.715,-702.975,84.825,78,31,-945,1408
2025-09-05 21:24:18.207143,486.33,-567.645,-541.71,127.335,74.49000000000001,59.67,-631.995,114.66,82,31,-946,1408
2025-09-05 21:24:18.210429,401.115,-342.42,-284.31,103.74,74.295,62.400000000000006,-386.685,96.915,79,32,-951,1344
2025-09-05 21:24:18.213714,196.365,-104.325,-39.195,53.625,52.65,42.51,-147.81,70.395,77,29,-949,1344
2025-09-05 21:24:18.217000,-21.255,73.71000000000001,126.165,-11.895,24.96,13.65,28.275,24.375,77,28,-949,1408
2025-09-05 21:24:18.227429,-254.67,224.055,282.555,-81.9,-7.215,-19.5,181.935,-21.255,77,28,-949,1408
2025-09-05 21:24:18.237857,-2.73,269.49,163.215,-19.695,24.57,37.83,84.24000000000001,19.5,77,26,-939,1344
2025-09-05 21:24:18.248286,-245.115,411.255,324.87,-91.65,-12.09,6.045,251.94,-28.665000000000003,83,22,-939,1344
2025-09-05 21:24:18.258714,-417.105,422.565,305.76,-147.225,-50.31,-31.59,160.68,-66.69,83,22,-939,1344
2025-09-05 21:24:18.269143,-328.96500000000003,153.27,17.94,-124.8,-50.505,-36.66,-106.47,-45.825,88,23,-947,1472
2025-09-05 21:24:18.279571,-89.50500000000001,-123.045,-262.86,-55.77,-21.06,-19.305,-365.235,-3.9,84,25,-942,1408
2025-09-05 21:24:18.290000,142.54500000000002,-265.98,-384.93,11.115,10.92,21.255,-492.765,42.51,82,23,-941,1408
2025-09-05 21:24:18.290231,331.695,-336.96000000000004,-466.245,72.54,39.195,45.24,-578.955,74.685,80,23,-951,1472
2025-09-05 21:24:18.290462,153.07500000000002,-300.495,-399.75,18.135,-1.56,17.94,-483.6,40.17,77,22,-942,1408
2025-09-05 21:24:18.290692,351.0,-370.695,-481.065,81.705,29.64,45.24,-567.45,87.94500000000001,75,19,-941,1280
2025-09-05 21:24:18.290923,508.755,-388.05,-487.5,120.9,60.255,70.2,-526.89,116.805,75,19,-941,1280
2025-09-05 21:24:18.291154,422.565,-169.455,-243.165,103.545,60.06,73.905,-272.22,100.815,83,18,-932,1472
2025-09-05 21:24:18.291385,223.86,69.81,-4.485,50.895,40.755,57.525,-62.400000000000006,65.52,80,19,-937,1408
2025-09-05 21:24:18.291615,2.9250000000000003,242.58,151.32,-8.385,11.7,30.81,107.64,23.79,79,23,-936,1344
2025-09-05 21:24:18.291846,-236.34,391.365,330.52500000000003,-84.435,-28.665000000000003,0.0,274.365,-26.52,79,23,-939,1344
2025-09-05 21:24:18.292077,3.51,239.655,181.74,-5.655,3.705,24.375,129.675,29.64,79,25,-942,1344
2025-09-05 21:24:18.292308,-229.32,393.51,317.65500000000003,-80.535,-27.885,-7.800000000000001,280.8,-21.45,80,23,-940,1344
2025-09-05 21:24:18.292538,-402.87,397.8,315.315,-127.92,-62.985,-42.51,228.15,-54.405,80,23,-940,1344
2025-09-05 21:24:18.292769,-314.73,143.32500000000002,12.09,-107.25,-65.13,-45.045,-64.155,-46.215,77,29,-942,1408
2025-09-05 21:24:18.293000,-83.46000000000001,-126.945,-269.685,-41.73,-43.485,-18.915,-323.7,-4.68,79,28,-939,1408
2025-09-05 21:24:18.344000,145.08,-294.255,-392.535,24.96,-0.39,16.185000000000002,-454.74,38.61,80,26,-941,1344
2025-09-05 21:24:18.345857,339.105,-376.35,-469.755,84.435,29.835,44.655,-540.735,80.535,80,25,-943,1344
2025-09-05 21:24:18.347714,140.01,-265.785,-380.835,20.475,-8.19,24.375,-435.24,43.095,75,26,-945,1344
2025-09-05 21:24:18.349571,334.62,-343.98,-454.545,84.825,28.08,56.16,-515.385,92.04,79,27,-944,1344
2025-09-05 21:24:18.351429,491.01,-345.54,-467.025,126.75,56.940000000000005,84.045,-483.795,122.265,79,27,-944,1344
2025-09-05 21:24:18.353286,408.135,-128.70000000000002,-229.515,112.32,59.475,88.92,-239.265,102.57,79,29,-960,1344
2025-09-05 21:24:18.355143,212.355,87.555,22.815,51.285,41.73,73.515,-11.31,71.37,80,28,-953,1344
2025-09-05 21:24:18.357000,-3.12,257.40000000000003,198.315,-6.825,19.305,41.925,161.265,30.615,75,29,-952,1408
2025-09-05 21:24:18.358857,-234.195,416.91,350.805,-78.39,-20.28,16.38,323.505,-23.01,76,28,-951,1408
2025-09-05 21:24:18.360714,-1.365,269.49,195.195,0.975,22.23,37.05,179.985,24.765,77,32,-950,1280
2025-09-05 21:24:18.362571,-235.56,416.13,342.03000000000003,-66.885,-12.675,10.14,328.38,-20.475,75,30,-949,1280
2025-09-05 21:24:18.364429,-417.495,446.94,349.635,-123.63,-47.385000000000005,-30.225,283.33500000000004,-54.015,75,30,-949,1280
2025-09-05 21:24:18.366286,-331.5,182.13,87.36,-99.45,-47.97,-38.22,15.6,-41.535,79,31,-954,1344
2025-09-05 21:24:18.368143,-99.45,-95.94,-212.745,-36.66,-23.79,-13.065,-268.71000000000004,-3.51,67,28,-947,1344
2025-09-05 21:24:18.370000,130.455,-269.685,-376.35,26.52,11.505,18.915,-415.545,39.78,72,29,-947,1280
2025-09-05 21:24:18.373429,327.795,-356.85,-445.575,87.555,42.120000000000005,47.97,-500.175,83.265,72,30,-945,1344
2025-09-05 21:24:18.376857,141.18,-260.71500000000003,-367.575,35.1,4.485,3.705,-395.655,38.415,75,31,-948,1344
2025-09-05 21:24:18.380286,335.01,-334.035,-434.85,93.795,34.515,35.295,-477.555,85.02,75,31,-947,1344
2025-09-05 21:24:18.383714,493.35,-352.17,-436.605,138.255,66.885,67.47,-444.015,114.855,75,31,-947,1344
2025-09-05 21:24:18.387143,412.23,-141.765,-210.015,118.56,70.785,67.86,-210.21,103.74,72,30,-934,1472
2025-09-05 21:24:18.390571,218.205,98.085,17.745,68.64,52.65,42.705,1.95,70.395,72,33,-954,1344
2025-09-05 21:24:18.394000,-3.9,257.985,187.395,9.165,20.865,15.795,168.675,27.885,74,31,-950,1408
2025-09-05 21:24:18.394714,-237.12,400.53,338.52000000000004,-68.25,-21.06,-13.065,323.89500000000004,-23.79,79,31,-944,1344
2025-09-05 21:24:18.395429,-8.97,252.915,191.88,-1.365,12.87,21.645,183.105,15.405,74,32,-943,1344
2025-09-05 21:24:18.396143,-241.605,403.26,348.855,-69.03,-21.45,-15.21,328.38,-33.735,72,34,-942,1344
2025-09-05 21:24:18.396857,-428.61,433.485,357.825,-125.97,-59.085,-52.65,294.645,-68.055,72,34,-942,1344
2025-09-05 21:24:18.397571,-342.225,171.405,73.905,-101.79,-65.52,-59.865,0.195,-59.475,74,32,-943,1408
2025-09-05 21:24:18.398286,-106.665,-116.22,-211.185,-40.95,-36.66,-38.415,-259.545,-14.04,67,32,-935,1344
2025-09-05 21:24:18.399000,127.14,-280.21500000000003,-358.02000000000004,25.935,-5.46,-6.63,-397.215,32.175000000000004,69,33,-940,1408
2025-09-05 21:24:18.412571,322.33500000000004,-351.195,-453.18,82.68,29.25,19.305,-489.255,68.64,68,33,-940,1408
2025-09-05 21:24:18.426143,118.95,-271.05,-356.65500000000003,25.35,3.51,-8.97,-389.025,19.5,74,31,-945,1344
2025-09-05 21:24:18.439714,312.39,-337.545,-427.05,94.38,34.515,25.35,-459.42,57.525,74,34,-948,1408
2025-09-05 21:24:18.453286,483.6,-360.945,-430.755,146.64,71.76,62.205000000000005,-425.88,91.26,74,34,-948,1280
2025-09-05 21:24:18.466857,407.745,-134.745,-204.36,126.75,70.785,65.13,-183.105,81.9,72,35,-941,1280
2025-09-05 21:24:18.480429,207.285,98.28,32.76,78.58500000000001,55.965,50.895,34.71,52.455,73,39,-945,1408
2025-09-05 21:24:18.494000,-3.12,272.22,201.435,17.16,27.885,24.375,204.75,5.46,74,36,-949,1408
2025-09-05 21:24:18.497786,-243.36,412.23,360.945,-58.305,-7.41,-9.945,368.355,-42.9,73,35,-947,1344
2025-09-05 21:24:18.501571,-0.195,269.88,187.785,11.31,27.105,23.4,189.54,-2.9250000000000003,76,39,-946,1344
2025-09-05 21:24:18.505357,-235.755,421.005,344.76,-56.55,-6.24,-6.63,351.78000000000003,-49.92,78,38,-949,1344
2025-09-05 21:24:18.509143,-426.27,455.325,368.55,-114.27,-41.535,-40.755,337.545,-80.34,75,43,-945,1472
2025-09-05 21:24:18.512929,-343.005,216.06,108.42,-91.845,-48.36,-47.58,67.47,-67.86,75,43,-945,1472
2025-09-05 21:24:18.516714,-111.15,-57.915,-167.70000000000002,-24.96,-22.62,-23.595,-199.875,-26.130000000000003,85,39,-941,1344
2025-09-05 21:24:18.520500,119.925,-222.3,-341.64,37.05,5.07,5.46,-362.31,20.085,80,40,-948,1344
2025-09-05 21:24:18.524286,315.315,-294.645,-422.76,99.84,42.315000000000005,29.64,-452.01,57.72,79,39,-950,1344
2025-09-05 21:24:18.528071,-7.0200000000000005,321.165,209.235,22.23,22.035,19.695,218.985,6.825,72,44,-951,1344
2025-09-05 21:24:18.531857,-230.88,463.905,365.04,-49.92,-9.75,-11.115,401.505,-37.635,80,43,-947,1408
2025-09-05 21:24:18.535643,-425.295,507.0,402.48,-107.25,-48.945,-43.875,377.715,-78.58500000000001,80,41,-944,1408
2025-09-05 21:24:18.539429,-345.54,252.915,134.745,-93.6,-60.06,-52.260000000000005,97.5,-72.54,80,41,-944,1408
2025-09-05 21:24:18.543214,-119.925,-31.395,-154.245,-26.91,-33.54,-29.64,-171.79500000000002,-23.4,77,38,-939,1280
2025-09-05 21:24:18.547000,105.69,-201.045,-324.87,42.120000000000005,-6.825,6.4350000000000005,-327.795,15.795,79,40,-943,1280
2025-09-05 21:24:18.553429,300.105,-281.97,-418.665,96.915,27.495,33.54,-408.33,57.135000000000005,80,39,-946,1408
2025-09-05 21:24:18.559857,102.765,-197.34,-326.04,35.295,-2.73,1.56,-296.01,23.985,77,45,-941,1408
2025-09-05 21:24:18.566286,297.765,-268.71000000000004,-397.41,85.02,27.495,31.785,-378.69,59.475,75,44,-945,1280
2025-09-05 21:24:18.572714,472.875,-296.985,-426.66,137.085,64.155,55.575,-377.52,89.31,73,44,-944,1408
2025-09-05 21:24:18.579143,404.43,-77.025,-193.83,122.265,68.44500000000001,58.11,-127.725,87.165,73,44,-944,1408
2025-09-05 21:24:18.585571,210.015,153.66,58.305,67.275,45.435,42.705,103.545,56.940000000000005,74,45,-958,1408
2025-09-05 21:24:18.592000,0.78,318.435,229.71,0.975,14.625,15.795,278.07,11.31,73,44,-956,1408
2025-09-05 21:24:18.593000,-235.365,451.62,376.545,-65.13,-28.08,-18.33,424.125,-33.735,74,45,-952,1344
2025-09-05 21:24:18.595167,-10.335,314.34000000000003,212.16,5.265000000000001,9.945,13.65,276.90000000000003,18.135,78,45,-951,1408
2025-09-05 21:24:18.597333,-240.63,460.98,351.0,-64.74000000000001,-34.71,-15.015,417.885,-30.81,78,46,-949,1408
2025-09-05 21:24:18.599500,-437.58,500.76,397.41,-119.925,-64.74000000000001,-48.945,416.52,-65.715,75,46,-948,1408
2025-09-05 21:24:18.601667,-363.675,244.335,138.06,-104.325,-70.005,-54.795,151.515,-60.255,75,46,-948,1408
2025-09-05 21:24:18.603833,-133.77,-38.025,-157.755,-45.825,-47.190000000000005,-38.61,-135.135,-13.845,73,44,-945,1344
2025-09-05 21:24:18.606000,97.11,-197.925,-332.08500000000004,22.425,-12.675,-16.38,-306.93,30.03,76,46,-958,1344
2025-09-05 21:24:18.611429,284.31,-273.58500000000004,-419.64,77.805,14.625,10.335,-389.22,63.57,76,49,-955,1408
2025-09-05 21:24:18.616857,87.555,-218.01,-324.87,18.135,-19.305,-10.725,-302.25,25.155,81,54,-950,1408
2025-09-05 21:24:18.622286,287.43,-298.545,-415.935,74.49000000000001,11.7,17.16,-390.78,66.105,77,50,-952,1408
2025-09-05 21:24:18.627714,469.365,-331.305,-428.61,122.85,51.48,55.38,-359.19,103.35,75,47,-952,1344
2025-09-05 21:24:18.633143,403.065,-113.1,-187.98,109.785,53.04,57.525,-124.02,89.11500000000001,75,47,-952,1344
2025-09-05 21:24:18.638571,208.065,124.8,45.045,56.940000000000005,29.25,44.655,103.545,55.38,71,51,-960,1408
2025-09-05 21:24:18.644000,-6.045,290.355,207.87,0.195,4.095,16.965,269.49,18.135,74,45,-954,1408
2025-09-05 21:24:18.646714,-241.02,422.37,352.17,-68.83500000000001,-29.055,-19.11,414.375,-36.465,73,48,-952,1344
2025-09-05 21:24:18.649429,-12.09,262.27500000000003,221.13,-0.39,1.365,17.55,268.90500000000003,14.235,85,48,-946,1472
2025-09-05 21:24:18.652143,-240.24,390.975,365.43,-66.495,-34.125,-15.405,421.005,-36.855,81,47,-948,1344
2025-09-05 21:24:18.654857,-440.505,434.07,399.945,-127.725,-75.855,-54.99,406.575,-70.98,82,50,-949,1344
2025-09-05 21:24:18.657571,-365.82,183.105,137.085,-114.075,-76.05,-61.035,132.99,-61.425,82,50,-949,1344
2025-09-05 21:24:18.660286,-137.475,-102.18,-135.72,-52.65,-51.675,-37.635,-130.845,-15.6,82,45,-954,1344
2025-09-05 21:24:18.663000,91.65,-267.345,-307.125,16.185000000000002,-7.995,-3.705,-284.895,30.42,73,46,-950,1280
2025-09-05 21:24:18.663714,285.87,-358.02000000000004,-394.29,72.93,20.28,23.4,-362.31,69.81,74,48,-951,1344
2025-09-05 21:24:18.664429,93.795,-283.33500000000004,-325.26,22.62,-13.455,5.8500000000000005,-290.355,24.765,77,48,-937,1408
2025-09-05 21:24:18.665143,287.43,-359.385,-415.155,78.19500000000001,23.595,32.370000000000005,-379.275,62.595,75,46,-946,1408
2025-09-05 21:24:18.665857,475.02,-393.705,-428.805,130.455,59.475,63.18,-357.435,100.62,72,47,-947,1344
2025-09-05 21:24:18.666571,408.72,-183.105,-194.61,121.485,64.155,70.2,-115.83,87.165,72,47,-947,1344
2025-09-05 21:24:18.667286,212.94,56.55,58.11,69.03,42.120000000000005,53.04,109.98,59.67,77,48,-944,1344
2025-09-05 21:24:18.668000,-1.17,228.93,201.435,0.39,10.725,27.885,268.515,20.67,83,45,-952,1344
2025-09-05 21:24:18.672000,-228.93,362.895,342.03000000000003,-65.13,-22.425,-0.195,413.985,-24.765,78,47,-949,1408
2025-09-05 21:24:18.676000,-11.895,202.605,208.065,8.775,2.34,23.205,282.165,22.815,75,44,-943,1344
2025-09-05 21:24:18.680000,-243.75,332.67,356.07,-60.84,-32.370000000000005,-3.12,439.14,-23.595,77,45,-942,1408
2025-09-05 21:24:18.684000,-455.13,392.535,382.785,-126.36,-67.47,-42.315000000000005,431.925,-68.25,77,45,-952,1408
2025-09-05 21:24:18.688000,-393.705,155.025,113.49,-112.32,-78.39,-52.260000000000005,160.29,-58.305,77,45,-952,1344
2025-09-05 21:24:18.692000,-171.79500000000002,-127.53,-191.295,-50.7,-54.21,-34.32,-119.535,-14.235,79,45,-951,1344
2025-09-05 21:24:18.696000,61.035,-291.72,-333.64500000000004,18.135,-16.575,0.975,-261.3,31.59,78,50,-946,1280
2025-09-05 21:24:18.712714,258.96000000000004,-380.055,-390.39,72.54,18.72,29.055,-327.795,71.76,79,48,-945,1344
2025-09-05 21:24:18.729429,75.855,-211.575,-48.555,24.765,19.11,29.835,63.96,28.47,76,52,-928,1408
2025-09-05 21:24:18.746143,265.395,-296.205,-141.57,79.56,51.675,54.99,-27.69,70.59,74,53,-938,1344
2025-09-05 21:24:18.762857,451.425,-345.735,-172.77,139.23000000000002,86.775,80.535,-24.18,111.735,74,56,-938,1344
2025-09-05 21:24:18.779571,397.605,-110.175,67.47,128.115,89.50500000000001,90.87,212.16,98.67,70,56,-941,1408
2025-09-05 21:24:18.796286,203.775,155.805,321.165,79.56,74.88,75.075,458.055,61.035,70,56,-941,1408
2025-09-05 21:24:18.813000,-2.145,341.64,482.82,19.695,41.73,47.775,613.6650000000001,20.475,71,53,-930,1344
2025-09-05 21:24:18.817429,-233.025,484.185,618.9300000000001,-47.58,6.4350000000000005,14.235,750.945,-34.71,64,51,-934,1408
2025-09-05 21:24:18.821857,-11.115,312.975,463.32,24.57,38.805,45.435,574.08,4.095,83,45,-950,1344
2025-09-05 21:24:18.826286,-235.56,448.695,597.285,-42.315000000000005,1.365,9.36,720.135,-38.805,80,56,-953,1344
2025-09-05 21:24:18.830714,-452.205,502.905,651.105,-106.47,-39.585,-32.955,711.1650000000001,-82.095,77,52,-953,1472
2025-09-05 21:24:18.835143,-388.44,273.975,387.465,-96.915,-39.195,-45.435,454.545,-79.75500000000001,75,51,-954,1344
2025-09-05 21:24:18.839571,-168.285,-5.8500000000000005,92.235,-41.145,-10.92,-25.35,168.09,-40.755,75,51,-954,1344
2025-09-05 21:24:18.844000,62.985,-177.645,-78.39,28.86,26.325,3.9,14.82,10.53,69,55,-956,1344
2025-09-05 21:24:18.850857,261.495,-270.46500000000003,-157.755,85.8,58.89,34.905,-78.58500000000001,51.09,71,55,-956,1472
2025-09-05 21:24:18.857714,55.77,-210.21,-104.325,25.35,43.485,0.39,-15.405,3.12,72,52,-970,1344
2025-09-05 21:24:18.864571,245.115,-281.385,-188.955,88.53,74.88,34.515,-95.94,52.260000000000005,77,48,-965,1408
2025-09-05 21:24:18.871429,435.825,-323.505,-228.15,140.4,108.225,66.885,-108.225,87.36,74,49,-963,1408
2025-09-05 21:24:18.878286,380.25,-125.58,-9.945,127.92,112.32,70.98,125.97,83.655,75,50,-961,1408
2025-09-05 21:24:18.885143,187.59,112.125,248.625,84.825,90.285,53.625,356.07,48.165,75,50,-961,1408
2025-09-05 21:24:18.892000,-21.45,294.645,404.04,19.11,62.400000000000006,29.055,510.315,4.875,80,45,-965,1280
2025-09-05 21:24:18.893857,-258.18,445.185,545.22,-54.795,19.89,-8.385,647.595,-42.9,80,55,-965,1344
2025-09-05 21:24:18.895714,-474.24,518.115,599.4300000000001,-114.855,-17.745,-46.8,657.735,-79.75500000000001,77,59,-963,1408
2025-09-05 21:24:18.897571,-411.84,297.765,355.485,-103.935,-25.155,-54.015,410.475,-79.17,80,57,-965,1344
2025-09-05 21:24:18.899429,-196.56,0.585,53.235,-46.995000000000005,-11.115,-41.535,106.08,-53.82,80,57,-965,1344
2025-09-05 21:24:18.901286,21.645,-190.71,-140.985,12.87,17.55,-21.645,-69.81,-30.42,71,60,-964,1344
2025-09-05 21:24:18.903143,216.45,-267.345,-208.845,71.37,55.575,12.09,-132.99,7.605,72,56,-959,1472
2025-09-05 21:24:18.905000,405.21,-295.815,-266.76,128.895,86.19,41.535,-155.22,45.63,75,58,-956,1408
2025-09-05 21:24:18.910286,359.385,-65.91,-18.135,129.48000000000002,99.45,61.620000000000005,105.495,70.005,78,60,-958,1408
2025-09-05 21:24:18.915571,-31.200000000000003,347.1,413.205,17.94,50.7,28.47,497.835,2.535,78,55,-953,1344
2025-09-05 21:24:18.920857,-252.525,490.035,545.22,-52.845,23.205,-7.605,636.6750000000001,-43.485,78,62,-955,1408
2025-09-05 21:24:18.926143,-474.24,560.82,602.355,-121.095,-18.525,-44.655,647.205,-87.75,74,62,-955,1344
2025-09-05 21:24:18.931429,-416.91,336.57,362.115,-109.2,-26.130000000000003,-54.99,402.48,-88.33500000000001,76,64,-956,1344
2025-09-05 21:24:18.936714,-191.295,61.425,72.345,-47.97,-10.92,-34.32,126.75,-46.8,76,64,-956,1344
2025-09-05 21:24:18.942000,34.515,-119.145,-114.855,15.795,23.4,-5.46,-45.045,-2.9250000000000003,77,71,-960,1344
2025-09-05 21:24:18.949429,230.295,-205.14,-204.165,77.22,55.965,19.5,-146.25,40.17,87,67,-948,1408
2025-09-05 21:24:18.956857,26.325,-137.475,-169.65,13.26,29.835,-8.19,-112.905,-3.705,73,62,-964,1344
2025-09-05 21:24:18.964286,225.615,-211.38,-237.315,70.395,62.595,28.86,-156.975,40.17,69,57,-958,1408
2025-09-05 21:24:18.971714,418.08,-271.44,-268.90500000000003,124.41,94.185,62.400000000000006,-176.28,78.58500000000001,70,63,-954,1344
2025-09-05 21:24:18.979143,369.135,-69.22500000000001,-62.79,112.905,96.915,65.715,27.69,74.295,70,65,-951,1280
2025-09-05 21:24:18.986571,175.305,177.45000000000002,169.65,65.13,80.73,47.190000000000005,258.765,38.805,70,65,-951,1280
2025-09-05 21:24:18.994000,-33.54,342.225,334.62,4.095,48.945,22.23,417.885,-0.78,71,68,-943,1344
2025-09-05 21:24:19.001000,-267.93,475.605,458.445,-60.06,11.505,-13.455,546.39,-51.285,77,69,-960,1344
2025-09-05 21:24:19.008000,-480.675,546.585,527.6700000000001,-121.095,-23.01,-47.58,568.62,-97.695,73,70,-954,1344
2025-09-05 21:24:19.015000,-422.565,309.855,263.25,-115.83,-37.245000000000005,-59.28,293.865,-92.04,75,69,-953,1344
2025-09-05 21:24:19.022000,-203.97,14.625,-40.95,-61.620000000000005,-15.6,-50.895,-1.365,-64.35000000000001,75,69,-953,1344
2025-09-05 21:24:19.029000,9.165,-172.57500000000002,-226.98,2.535,11.31,-22.23,-163.41,-40.755,79,69,-953,1344
2025-09-05 21:24:19.036000,204.555,-262.27500000000003,-289.77,57.72,43.095,6.4350000000000005,-247.455,-0.78,73,69,-937,1344
2025-09-05 21:24:19.043000,397.995,-305.76,-336.96000000000004,124.215,71.955,35.49,-274.17,28.665000000000003,68,71,-943,1408
2025-09-05 21:24:19.050286,356.85,-83.85000000000001,-114.66,121.095,84.045,55.77,-28.08,48.945,67,74,-949,1344
2025-09-05 21:24:19.057571,-32.76,319.995,307.90500000000003,10.92,43.875,15.6,369.33,-16.185000000000002,69,66,-944,1408
2025-09-05 21:24:19.064857,-260.52,458.25,429.0,-55.965,6.045,-12.09,495.69,-57.135000000000005,64,69,-959,1344
2025-09-05 21:24:19.072143,-475.995,542.88,509.34,-123.045,-28.665000000000003,-51.675,518.3100000000001,-104.52,64,69,-954,1408
2025-09-05 21:24:19.079429,-417.885,304.39500000000004,266.565,-116.22,-33.345,-63.375,261.105,-94.575,63,68,-952,1408
2025-09-05 21:24:19.086714,-208.065,23.985,-31.005000000000003,-53.625,-15.405,-41.535,-19.695,-52.65,63,68,-952,1408
2025-09-05 21:24:19.094000,28.47,-158.145,-211.77,19.11,15.21,-16.575,-188.76,-5.07,63,70,-961,1408
2025-09-05 21:24:19.096714,223.47,-242.19,-315.12,68.83500000000001,45.825,12.675,-289.96500000000003,33.93,65,64,-953,1344
2025-09-05 21:24:19.099429,421.59,-299.325,-365.235,130.455,77.415,41.535,-308.1,66.495,68,65,-950,1408
2025-09-05 21:24:19.102143,374.01,-106.08,-148.20000000000002,116.22,79.36500000000001,49.14,-70.785,62.985,67,67,-952,1344
2025-09-05 21:24:19.104857,183.69,129.48000000000002,96.33,62.400000000000006,53.04,27.885,156.195,14.625,67,67,-952,1280
2025-09-05 21:24:19.107571,-30.615,289.38,256.62,-8.97,17.745,-5.8500000000000005,315.51,-40.365,68,65,-937,1280
2025-09-05 21:24:19.110286,-254.67,432.9,381.42,-76.05,-15.99,-35.685,447.33,-85.02,65,72,-947,1408
2025-09-05 21:24:19.113000,-472.68,508.56,463.905,-136.11,-54.015,-71.175,483.21,-125.19,66,70,-945,1280
2025-09-05 21:24:19.124429,-411.255,297.96000000000004,248.235,-122.46,-48.75,-71.76,251.94,-96.33,65,65,-943,1280
2025-09-05 21:24:19.135857,36.465,-163.8,-224.445,5.265000000000001,-1.755,-22.035,-200.85,1.365,61,65,-942,1280
2025-09-05 21:24:19.147286,232.245,-239.46,-304.005,60.45,34.125,4.29,-270.855,42.315000000000005,69,62,-957,1408
2025-09-05 21:24:19.158714,424.71,-299.13,-358.41,115.245,66.885,36.855,-291.135,78.19500000000001,67,66,-954,1344
2025-09-05 21:24:19.170143,380.835,-100.23,-153.07500000000002,108.42,73.905,47.58,-80.145,74.49000000000001,65,63,-950,1280
2025-09-05 21:24:19.181571,193.05,143.91,76.83,56.16,58.695,36.66,131.04,43.29,63,66,-950,1344
2025-09-05 21:24:19.193000,-19.695,324.09000000000003,252.33,0.585,30.225,8.58,313.365,3.705,63,66,-955,1344
2025-09-05 21:24:19.193667,-250.575,452.01,390.195,-64.935,-10.725,-18.915,451.23,-50.895,66,61,-951,1408
2025-09-05 21:24:19.194333,-15.6,344.175,265.59000000000003,0.0,35.1,8.58,329.55,9.75,73,63,-957,1344
2025-09-05 21:24:19.195000,-239.85,481.455,408.33,-67.665,-0.39,-20.67,486.525,-35.1,68,58,-954,1344
2025-09-05 21:24:19.196091,-463.515,556.14,465.27,-128.895,-41.145,-61.23,486.135,-77.61,67,58,-950,1472
2025-09-05 21:24:19.197182,-411.45,319.8,226.98,-125.19,-51.09,-64.935,229.71,-71.175,71,61,-948,1280
2025-09-05 21:24:19.198273,-194.805,28.665000000000003,-68.64,-67.275,-27.105,-44.07,-54.405,-35.685,71,63,-949,1344
2025-09-05 21:24:19.199364,34.515,-143.13,-251.55,6.825,5.265000000000001,-15.99,-213.525,10.14,71,63,-949,1344
2025-09-05 21:24:19.200455,226.395,-225.81,-321.165,65.325,41.73,18.135,-283.33500000000004,38.415,75,64,-960,1344
2025-09-05 21:24:19.201545,421.98,-272.805,-368.355,121.875,76.83,48.36,-303.03000000000003,82.875,74,66,-955,1280
2025-09-05 21:24:19.202636,383.565,-87.75,-152.49,118.755,83.655,59.865,-74.685,86.385,71,63,-949,1344
2025-09-05 21:24:19.203727,194.805,155.415,93.015,58.695,66.885,43.095,149.76,37.05,76,64,-948,1408
2025-09-05 21:24:19.204818,-25.35,299.71500000000003,233.805,-2.34,32.76,11.505,294.06,-11.31,76,64,-948,1408
2025-09-05 21:24:19.205909,-240.825,466.05,383.37,-62.595,4.68,-15.015,451.035,-31.785,79,66,-939,1408
2025-09-05 21:24:19.207000,-468.0,534.495,456.495,-131.04,-37.05,-56.745000000000005,475.02,-83.07000000000001,73,65,-945,1344
2025-09-05 21:24:19.212286,-414.96,309.66,210.405,-122.85,-42.120000000000005,-68.055,216.255,-71.175,72,65,-946,1344
2025-09-05 21:24:19.217571,35.685,-126.75,-244.335,11.505,-14.04,-12.48,-213.33,1.365,75,67,-947,1344
2025-09-05 21:24:19.222857,238.095,-188.175,-331.695,75.27,19.695,19.89,-305.175,40.56,72,68,-942,1408
2025-09-05 21:24:19.228143,434.265,-262.08,-393.705,125.19,56.16,51.285,-330.52500000000003,79.75500000000001,68,69,-942,1344
2025-09-05 21:24:19.233429,399.165,-67.86,-179.205,121.29,56.940000000000005,57.72,-97.695,78.19500000000001,66,68,-947,1344
2025-09-05 21:24:19.238714,218.4,167.70000000000002,80.925,70.785,44.85,45.24,144.885,53.235,66,69,-946,1344
2025-09-05 21:24:19.244000,9.75,339.69,231.465,11.895,15.21,23.205,294.84000000000003,9.165,66,69,-946,1344
2025-09-05 21:24:19.245857,-219.765,472.29,353.34000000000003,-62.400000000000006,-20.67,-14.43,421.2,-40.17,64,70,-926,1344
2025-09-05 21:24:19.247714,6.4350000000000005,342.225,250.77,14.43,20.475,16.185000000000002,300.885,5.8500000000000005,64,63,-951,1344
2025-09-05 21:24:19.249571,-218.985,474.24,385.71,-54.21,-17.355,-11.7,449.28,-31.59,70,62,-947,1408
2025-09-05 21:24:19.251429,-453.96,563.94,459.225,-122.655,-52.260000000000005,-46.215,482.625,-79.56,65,64,-945,1344
2025-09-05 21:24:19.253286,-411.06,334.425,212.16,-116.22,-59.085,-61.425,234.195,-73.32000000000001,62,62,-946,1408
2025-09-05 21:24:19.255143,-194.805,56.745000000000005,-70.005,-55.77,-36.075,-45.24,-50.115,-37.635,66,59,-952,1344
2025-09-05 21:24:19.257000,30.225,-124.605,-257.595,7.605,-11.31,-13.845,-221.715,10.335,66,59,-952,1344
2025-09-05 21:24:19.258857,223.275,-214.11,-347.685,64.74000000000001,19.89,16.38,-300.495,54.6,58,59,-943,1344
2025-09-05 21:24:19.260714,35.1,-144.69,-264.42,0.975,-6.045,-12.285,-234.975,4.095,66,66,-946,1280
2025-09-05 21:24:19.262571,233.025,-220.935,-338.325,54.015,30.03,19.11,-301.47,55.965,75,62,-941,1408
2025-09-05 21:24:19.264429,432.12,-289.575,-398.58,116.805,58.5,50.505,-325.845,97.5,70,69,-931,1408
2025-09-05 21:24:19.266286,399.165,-98.475,-192.465,108.42,65.52,62.595,-110.565,91.065,67,67,-941,1344
2025-09-05 21:24:19.268143,212.745,139.62,71.175,56.940000000000005,46.41,45.825,140.01,58.89,72,68,-947,1344
2025-09-05 21:24:19.270000,6.63,303.03000000000003,234.195,2.9250000000000003,18.33,17.355,298.935,16.965,72,68,-947,1344
2025-09-05 21:24:19.272143,-217.62,433.485,365.625,-68.055,-23.79,-13.26,422.175,-33.93,70,66,-943,1344
2025-09-05 21:24:19.274286,-450.45,531.765,452.01,-141.18,-58.695,-46.215,465.075,-79.95,68,64,-956,1344
2025-09-05 21:24:19.276429,-402.87,312.0,208.65,-134.94,-68.055,-57.525,209.235,-64.935,65,61,-954,1408
2025-09-05 21:24:19.278571,-197.925,24.375,-88.72500000000001,-78.0,-49.14,-46.8,-78.97500000000001,-38.415,68,61,-946,1344
2025-09-05 21:24:19.280714,24.57,-168.285,-281.77500000000003,-9.75,-24.765,-24.375,-245.505,-7.995,68,61,-946,1408
2025-09-05 21:24:19.282857,221.91,-237.315,-344.955,51.09,12.48,8.97,-320.97,35.685,65,63,-956,1408
2025-09-05 21:24:19.285000,414.18,-309.855,-411.06,114.075,47.97,38.61,-348.27000000000004,78.78,71,62,-947,1408
2025-09-05 21:24:19.287143,390.585,-105.3,-177.84,115.05,65.52,60.84,-95.94,95.355,72,64,-949,1408
2025-09-05 21:24:19.289286,12.09,315.90000000000003,237.51,18.525,19.305,29.055,301.665,35.1,71,62,-945,1408
2025-09-05 21:24:19.291429,-218.985,452.595,368.94,-49.92,-20.28,-6.24,437.58,-7.605,75,60,-937,1408
2025-09-05 21:24:19.293571,-457.275,536.445,466.635,-117.975,-59.28,-44.07,486.525,-62.985,70,65,-940,1408
2025-09-05 21:24:19.295714,-416.13,306.345,201.24,-115.05,-71.76,-53.235,215.67,-62.205000000000005,68,67,-946,1408
2025-09-05 21:24:19.297857,-207.48,15.6,-84.24000000000001,-58.89,-51.675,-36.855,-66.105,-17.55,72,63,-947,1344
2025-09-05 21:24:19.300000,25.935,-157.755,-277.68,15.405,-17.355,-12.09,-248.43,24.18,72,63,-947,1344
2025-09-05 21:24:19.307571,214.11,-237.12,-349.83,75.465,15.405,17.745,-315.705,60.255,70,70,-950,1344
2025-09-05 21:24:19.315143,8.775,-181.155,-266.565,9.945,-17.55,-12.87,-246.09,15.405,70,69,-947,1408
2025-09-05 21:24:19.322714,207.285,-259.545,-339.105,75.27,18.525,20.865,-313.17,61.620000000000005,70,69,-947,1408
2025-09-05 21:24:19.330286,408.33,-331.695,-419.835,131.82,52.65,57.330000000000005,-374.985,103.155,74,62,-947,1408
2025-09-05 21:24:19.337857,376.155,-146.055,-218.205,126.165,57.915,62.400000000000006,-145.275,102.96,73,61,-945,1408
2025-09-05 21:24:19.345429,198.9,97.695,40.95,74.685,41.535,49.92,96.525,73.515,74,63,-947,1344
2025-09-05 21:24:19.353000,-3.705,266.955,214.695,12.87,14.625,19.5,259.35,27.495,72,62,-958,1408
2025-09-05 21:24:19.361571,-231.27,399.36,345.93,-54.405,-17.16,-11.7,395.07,-19.89,72,62,-958,1408
2025-09-05 21:24:19.370143,-471.9,510.12,443.235,-124.02,-58.305,-49.92,462.735,-59.865,68,59,-948,1344
2025-09-05 21:24:19.378714,-434.85,287.43,207.285,-119.535,-67.665,-64.935,205.14,-62.205000000000005,68,56,-949,1280
2025-09-05 21:24:19.387286,-225.615,-11.505,-107.055,-66.105,-51.870000000000005,-49.725,-97.305,-37.635,67,58,-945,1344
2025-09-05 21:24:19.395857,0.0,-202.41,-299.71500000000003,-5.07,-24.18,-26.52,-269.1,-14.235,68,60,-945,1408
2025-09-05 21:24:19.404429,196.17,-280.41,-373.62,58.5,8.385,4.29,-344.37,36.075,68,60,-945,1408
2025-09-05 21:24:19.413000,408.525,-328.96500000000003,-415.35,119.73,56.55,52.65,-358.8,102.57,66,62,-949,1344
2025-09-05 21:24:19.413857,378.105,-138.645,-218.01,120.12,65.91,63.765,-146.25,99.255,66,60,-947,1408
2025-09-05 21:24:19.414714,-0.195,-157.56,-310.245,-4.875,-6.045,-0.585,-280.41,11.895,73,64,-948,1344
2025-09-05 21:24:19.415571,203.97,-240.045,-391.17,57.330000000000005,26.91,33.15,-345.54,58.695,73,64,-948,1344
2025-09-05 21:24:19.416429,405.99,-322.33500000000004,-471.315,114.66,60.45,63.18,-407.355,102.57,70,60,-937,1408
2025-09-05 21:24:19.417286,381.225,-131.235,-251.16,116.025,65.52,72.54,-184.08,98.085,72,61,-944,1472
2025-09-05 21:24:19.418143,196.755,118.56,2.145,74.685,48.555,59.475,63.375,70.59,69,62,-941,1344
2025-09-05 21:24:19.419000,-13.65,287.04,180.96,11.31,18.33,39.0,229.515,30.615,68,63,-942,1408
2025-09-05 21:24:19.423000,-241.995,414.18,315.705,-59.67,-15.795,6.825,369.525,-19.5,68,63,-942,1408
2025-09-05 21:24:19.427000,-481.065,510.12,414.765,-126.165,-54.405,-33.15,420.03,-66.69,73,61,-960,1472
2025-09-05 21:24:19.431000,-450.645,284.31,174.33,-125.19,-71.565,-45.435,174.915,-59.865,67,58,-954,1472
2025-09-05 21:24:19.435000,-242.385,-2.145,-134.16,-74.10000000000001,-51.09,-30.615,-126.555,-34.71,70,59,-948,1408
2025-09-05 21:24:19.439000,-20.67,-207.09,-332.865,-14.82,-29.055,-8.385,-308.295,-10.14,70,61,-945,1344
2025-09-05 21:24:19.443000,172.185,-293.865,-411.84,51.285,14.235,20.085,-380.25,33.93,70,61,-945,1344
2025-09-05 21:24:19.447000,379.08,-368.16,-494.325,108.615,38.805,53.235,-436.02,77.61,73,59,-941,1344
2025-09-05 21:24:19.453714,361.92,-151.32,-264.81,118.56,58.11,71.175,-190.71,97.5,72,65,-946,1344
2025-09-05 21:24:19.460429,-25.935,274.17,165.36,11.115,12.48,28.275,222.105,28.665000000000003,68,62,-949,1280
2025-09-05 21:24:19.467143,-243.36,418.665,315.12,-57.330000000000005,-23.985,-0.585,363.48,-13.845,68,62,-949,1280
2025-09-05 21:24:19.473857,-485.16,522.015,411.645,-129.48000000000002,-64.545,-40.56,419.055,-61.23,74,60,-946,1344
2025-09-05 21:24:19.480571,-451.23,295.815,172.965,-130.26,-77.415,-56.16,173.745,-60.645,72,62,-946,1408
2025-09-05 21:24:19.487286,-245.115,7.215,-129.09,-75.465,-55.77,-40.17,-123.435,-22.815,70,63,-946,1472
2025-09-05 21:24:19.494000,-8.385,-185.25,-323.505,-6.825,-24.765,-6.4350000000000005,-304.98,18.33,69,60,-944,1344
2025-09-05 21:24:19.494714,188.955,-275.535,-395.265,47.58,5.07,19.11,-368.55,58.305,69,60,-944,1344
2025-09-05 21:24:19.495429,-6.4350000000000005,-187.2,-301.08,-16.965,-24.96,-11.505,-286.845,20.085,70,62,-950,1408
2025-09-05 21:24:19.496143,196.365,-268.125,-378.105,44.655,11.115,21.84,-364.845,63.96,70,62,-950,1408
2025-09-05 21:24:19.496857,398.19,-346.32,-452.01,107.835,44.265,54.405,-404.625,94.965,64,65,-935,1344
2025-09-05 21:24:19.497571,370.5,-165.555,-236.73,106.665,49.335,72.345,-178.23000000000002,91.26,68,67,-942,1408
2025-09-05 21:24:19.498286,188.565,95.55,12.09,56.55,35.295,61.620000000000005,45.825,61.425,69,71,-944,1344
2025-09-05 21:24:19.499000,-21.06,266.76,195.585,4.29,10.92,35.88,220.35,22.62,68,68,-944,1344
2025-09-05 21:24:19.499714,-250.38,408.135,327.99,-68.25,-23.4,-0.975,346.71000000000004,-23.985,68,68,-944,1344
2025-09-05 21:24:19.500429,-10.92,-210.99,-313.95,1.755,-28.08,-15.99,-316.68,0.195,68,62,-945,1408
2025-09-05 21:24:19.501143,187.59,-301.665,-411.06,60.645,14.43,12.87,-402.87,43.485,68,62,-945,1408
2025-09-05 21:24:19.501857,391.365,-369.33,-480.285,119.535,43.29,46.215,-444.21,76.05,68,64,-942,1280
2025-09-05 21:24:19.502571,366.405,-193.83,-285.09000000000003,113.295,46.605,58.5,-230.295,70.98,64,68,-941,1472
2025-09-05 21:24:19.503286,185.25,52.455,-31.59,67.275,30.81,44.265,7.605,43.095,67,70,-948,1408
2025-09-05 21:24:19.504000,-18.525,207.87,134.94,9.165,5.655,21.06,182.325,5.8500000000000005,69,69,-946,1280
2025-09-05 21:24:19.509571,-235.56,363.48,285.675,-56.16,-35.49,-8.97,321.36,-45.435,69,69,-946,1280
2025-09-05 21:24:19.515143,-12.87,214.11,112.905,-16.965,-7.215,23.205,162.24,7.41,68,71,-944,1280
2025-09-05 21:24:19.520714,-239.655,348.66,260.52,-85.8,-38.22,-8.97,299.13,-37.05,68,71,-944,1408
2025-09-05 21:24:19.526286,-478.14,454.545,362.115,-157.95000000000002,-80.145,-47.58,373.035,-80.925,67,66,-945,1408
2025-09-05 21:24:19.531857,-458.055,250.185,145.08,-152.29500000000002,-94.965,-62.79,135.525,-79.75500000000001,70,62,-937,1408
2025-09-05 21:24:19.537429,-252.525,-42.705,-152.29500000000002,-91.455,-71.175,-50.895,-145.47,-41.535,70,63,-942,1408
2025-09-05 21:24:19.543000,-19.695,-233.61,-338.13,-24.375,-40.17,-19.5,-317.65500000000003,1.95,69,65,-947,1472
2025-09-05 21:24:19.546000,180.18,-324.48,-423.15,32.955,-9.36,12.285,-397.02,41.535,69,65,-947,1408
2025-09-05 21:24:19.549000,-15.405,-239.85,-347.49,-15.99,-43.875,-26.52,-309.46500000000003,-8.58,73,70,-956,1344
2025-09-05 21:24:19.552000,184.47,-330.52500000000003,-432.51,46.8,-12.48,10.14,-388.05,39.585,70,67,-956,1408
2025-09-05 21:24:19.555000,384.735,-410.865,-510.12,108.81,27.69,41.535,-440.31,73.515,70,67,-955,1408
2025-09-05 21:24:19.558000,361.14,-234.0,-312.58500000000004,108.615,30.81,54.015,-234.975,73.32000000000001,73,68,-958,1344
2025-09-05 21:24:19.561000,185.25,11.895,-46.215,63.18,18.135,44.655,14.235,41.34,74,67,-955,1344
2025-09-05 21:24:19.564000,-18.135,175.11,117.195,2.34,-14.235,16.38,170.625,3.51,72,66,-955,1344
2025-09-05 21:24:19.566143,-240.825,313.17,256.425,-58.695,-44.46,-16.575,305.955,-42.51,70,72,-954,1408
2025-09-05 21:24:19.568286,-13.065,174.72,114.075,10.14,-10.725,15.21,163.02,13.065,70,71,-948,1344
2025-09-05 21:24:19.570429,-237.9,305.955,249.795,-54.405,-48.165,-13.455,306.93,-34.905,65,71,-950,1344
2025-09-05 21:24:19.572571,-477.555,419.445,365.04,-123.045,-84.24000000000001,-46.995000000000005,388.05,-84.63000000000001,65,71,-950,1344
2025-09-05 21:24:19.574714,-456.105,205.14,125.97,-121.485,-100.62,-63.765,144.69,-89.7,73,68,-954,1280
2025-09-05 21:24:19.576857,-249.015,-95.745,-185.445,-70.98,-76.44,-50.115,-162.04500000000002,-55.77,72,71,-950,1344
2025-09-05 21:24:19.579000,-12.675,-276.12,-376.35,-2.9250000000000003,-44.265,-27.105,-341.83500000000004,-10.53,72,70,-948,1472
2025-09-05 21:24:19.581857,181.935,-361.725,-464.49,60.45,-11.505,5.655,-421.395,26.91,70,72,-947,1280
2025-09-05 21:24:19.584714,-19.11,-285.675,-365.43,2.34,-48.555,-28.08,-334.035,-12.48,65,65,-948,1344
2025-09-05 21:24:19.587571,180.57,-369.72,-442.65,58.5,-12.675,-0.195,-399.36,30.42,67,68,-952,1280
2025-09-05 21:24:19.590429,382.395,-461.76,-534.69,120.51,24.18,32.565,-477.555,71.175,67,68,-952,1280
2025-09-05 21:24:19.593286,369.915,-279.63,-343.39500000000004,120.705,28.08,44.655,-273.195,72.93,58,69,-956,1408
2025-09-05 21:24:19.596143,200.85,-35.1,-86.775,74.295,12.675,34.71,-25.35,39.195,59,69,-952,1344
2025-09-05 21:24:19.599000,-2.145,147.42000000000002,97.11,16.38,-14.04,12.09,149.76,1.56,64,67,-952,1344
2025-09-05 21:24:19.605286,-234.39,283.14,237.9,-46.41,-45.045,-20.67,288.795,-47.190000000000005,66,65,-948,1344
2025-09-05 21:24:19.611571,-14.43,192.855,99.255,16.965,-3.12,11.895,154.245,-7.215,66,69,-946,1408
2025-09-05 21:24:19.617857,-232.245,372.645,233.61,-47.97,-33.735,-19.305,287.625,-47.385000000000005,69,68,-946,1344
2025-09-05 21:24:19.624143,-473.655,501.15,357.435,-119.925,-74.295,-57.72,378.69,-92.235,69,68,-946,1344
2025-09-05 21:24:19.630429,-457.665,289.575,142.155,-120.705,-87.555,-71.175,150.735,-94.185,70,67,-954,1408
2025-09-05 21:24:19.636714,-261.885,8.19,-154.83,-71.175,-65.52,-56.16,-143.715,-53.43,66,69,-951,1408
2025-09-05 21:24:19.643000,-29.055,-212.355,-366.795,-3.12,-33.735,-27.3,-340.47,-12.285,66,70,-948,1344
2025-09-05 21:24:19.650286,166.335,-297.18,-457.08,57.525,0.78,4.095,-420.42,31.59,69,69,-947,1408
2025-09-05 21:24:19.657571,2.34,160.875,70.785,39.39,19.5,20.475,140.01,5.265000000000001,68,62,-952,1344
2025-09-05 21:24:19.664857,-217.035,296.79,220.35,-25.935,-11.31,-11.895,281.58,-43.29,68,64,-946,1408
2025-09-05 21:24:19.672143,-459.225,424.905,336.375,-98.28,-55.575,-48.945,370.695,-92.04,68,64,-946,1408
2025-09-05 21:24:19.679429,-455.91,217.425,121.485,-105.495,-74.88,-69.61500000000001,140.595,-99.645,74,67,-947,1344
2025-09-05 21:24:19.686714,-251.355,-72.735,-182.52,-46.995000000000005,-54.6,-47.385000000000005,-152.29500000000002,-58.5,73,70,-957,1344
2025-09-05 21:24:19.694000,-20.67,-272.805,-374.4,16.77,-17.745,-19.11,-340.27500000000003,-17.355,69,66,-953,1344
2025-09-05 21:24:19.696571,179.79,-367.77,-468.39,77.61,15.795,12.675,-432.51,25.35,68,67,-950,1408
2025-09-05 21:24:19.699143,16.575,158.34,38.61,26.325,7.41,23.595,95.94,0.39,76,66,-944,1344
2025-09-05 21:24:19.701714,-200.265,289.575,184.665,-37.83,-23.985,-7.605,253.11,-32.955,75,65,-946,1344
2025-09-05 21:24:19.704286,-445.38,416.52,334.035,-106.665,-65.13,-45.045,407.94,-79.36500000000001,75,65,-946,1280
2025-09-05 21:24:19.706857,-446.745,224.835,119.145,-106.86,-79.75500000000001,-59.865,151.905,-84.045,75,66,-950,1280
2025-09-05 21:24:19.709429,-255.45,-49.725,-180.96,-55.965,-63.375,-41.145,-126.36,-45.435,78,64,-967,1408
2025-09-05 21:24:19.712000,-17.94,-254.28,-378.885,11.505,-26.325,-15.99,-329.94,-11.115,76,64,-956,1408
2025-09-05 21:24:19.713000,193.44,-348.27000000000004,-477.75,70.785,2.73,15.21,-424.905,32.565,76,65,-951,1344
2025-09-05 21:24:19.714000,45.24,102.18,-43.485,17.355,8.385,14.625,-24.96,6.24,61,64,-938,1344
2025-09-05 21:24:19.715000,-172.57500000000002,252.525,151.905,-40.755,-19.695,-10.335,179.595,-25.35,63,63,-943,1344
2025-09-05 21:24:19.716000,-414.96,376.155,260.325,-108.615,-64.935,-41.535,350.22,-82.485,66,66,-944,1344
2025-09-05 21:24:19.717000,-412.62,191.295,41.145,-116.415,-78.19500000000001,-66.3,19.5,-92.43,66,66,-944,1344
2025-09-05 21:24:19.718000,-224.64,-98.28,-258.57,-65.325,-60.06,-56.355,-283.33500000000004,-51.675,56,63,-948,1344
2025-09-05 21:24:19.719000,13.455,-302.445,-476.385,2.145,-25.935,-31.785,-487.11,-7.995,63,62,-944,1408
2025-09-05 21:24:19.723286,220.935,-401.7,-591.825,61.815000000000005,8.385,-1.56,-598.065,25.545,64,57,-943,1280
2025-09-05 21:24:19.727571,51.870000000000005,-340.47,-639.015,2.145,-31.785,-38.22,-675.6750000000001,0.39,73,63,-947,1344
2025-09-05 21:24:19.731857,268.90500000000003,-447.915,-778.0500000000001,66.69,3.315,-15.21,-850.2,35.88,71,66,-951,1344
2025-09-05 21:24:19.736143,487.305,-569.205,-880.4250000000001,133.185,34.125,19.5,-899.145,85.215,72,62,-950,1408
2025-09-05 21:24:19.740429,499.785,-398.97,-742.5600000000001,142.74,52.260000000000005,25.155,-818.22,79.56,72,62,-950,1408
2025-09-05 21:24:19.744714,338.91,-146.64,-505.635,99.255,36.075,19.5,-480.09,56.745000000000005,72,57,-958,1344
2025-09-05 21:24:19.749000,139.62,27.69,-314.73,50.505,14.625,-6.4350000000000005,-328.96500000000003,25.155,71,60,-953,1408
2025-09-05 21:24:19.751500,-80.34,169.455,-154.245,-8.385,-16.77,-41.145,-187.005,-17.94,77,63,-949,1344
2025-09-05 21:24:19.754000,-52.455,-70.005,-537.03,-35.685,-15.405,-60.645,-583.0500000000001,-19.695,77,66,-935,1408
2025-09-05 21:24:19.756500,-272.02500000000003,74.88,-429.39,-105.3,-53.04,-94.185,-525.525,-66.3,77,68,-937,1408
2025-09-05 21:24:19.759000,-523.575,194.22,-320.77500000000003,-177.06,-94.965,-130.065,-335.79,-116.22,74,66,-941,1408
2025-09-05 21:24:19.761500,-530.205,6.4350000000000005,-554.19,-186.03,-108.03,-154.44,-646.035,-133.77,74,66,-941,1408
2025-09-05 21:24:19.764000,-343.2,-283.53000000000003,-815.88,-141.18,-86.58,-135.525,-841.62,-90.285,76,65,-947,1408
2025-09-05 21:24:19.766500,-105.3,-485.355,-991.575,-70.59,-54.015,-104.52,-1084.395,-46.995000000000005,69,68,-933,1344
2025-09-05 21:24:19.769000,94.575,-596.7,-1054.95,-14.235,-20.475,-71.175,-1017.9,-0.78,70,71,-942,1344
2025-09-05 21:24:19.771500,303.42,-688.155,-1139.19,46.605,14.04,-37.83,-1150.695,41.145,68,71,-948,1344
2025-09-05 21:24:19.774000,317.65500000000003,-534.3000000000001,-1000.935,57.72,22.425,-28.665000000000003,-975.195,46.02,68,71,-948,1344
2025-09-05 21:24:19.776500,141.57,-273.195,-743.145,7.0200000000000005,4.875,-44.85,-744.51,6.63,65,69,-950,1280
2025-09-05 21:24:19.779000,-73.32000000000001,-94.965,-580.125,-54.99,-29.445,-74.685,-558.87,-50.31,69,67,-950,1408
2025-09-05 21:24:19.781500,-292.5,56.55,-421.2,-121.875,-61.620000000000005,-105.69,-457.86,-100.425,68,66,-946,1408
2025-09-05 21:24:19.784000,-535.86,195.39,-285.675,-192.465,-97.89,-142.935,-338.52000000000004,-161.07,64,64,-949,1408
2025-09-05 21:24:19.786857,-534.885,32.175000000000004,-474.435,-190.125,-113.1,-148.98000000000002,-550.095,-140.595,64,64,-949,1408
2025-09-05 21:24:19.789714,-114.075,-466.44,-934.245,-74.49000000000001,-59.67,-100.815,-984.75,-50.31,63,65,-933,1408
2025-09-05 21:24:19.792571,90.09,-566.085,-1040.715,-10.14,-23.4,-66.495,-1095.51,-9.165,68,67,-942,1344
2025-09-05 21:24:19.795429,296.01,-676.65,-1168.83,48.165,6.825,-35.685,-1179.36,36.27,64,67,-945,1280
2025-09-05 21:24:19.798286,309.855,-522.405,-989.82,52.455,22.035,-19.5,-990.21,36.66,64,67,-945,1280
2025-09-05 21:24:19.801143,151.905,-261.3,-775.32,14.235,8.97,-40.17,-891.5400000000001,3.315,69,61,-940,1408
2025-09-05 21:24:19.804000,-50.31,-86.58,-520.65,-41.535,-18.33,-48.75,-527.28,-24.765,69,63,-961,1344
2025-09-05 21:24:19.804714,-267.735,45.435,-426.465,-115.05,-59.865,-85.8,-398.775,-80.145,68,64,-955,1344
2025-09-05 21:24:19.805429,-53.04,-68.055,-541.32,-43.875,-17.355,-40.56,-545.025,-26.715,64,72,-955,1408
2025-09-05 21:24:19.806143,-270.66,87.94500000000001,-409.89,-113.1,-54.99,-77.415,-412.035,-67.275,65,71,-954,1408
2025-09-05 21:24:19.806857,-514.8000000000001,221.715,-279.63,-189.93,-94.77,-115.635,-311.61,-120.705,66,71,-953,1408
2025-09-05 21:24:19.807571,-530.4,31.395,-449.28,-202.41,-112.515,-137.28,-521.235,-128.115,66,71,-953,1344
2025-09-05 21:24:19.808286,-345.735,-272.61,-731.64,-149.565,-93.795,-114.465,-765.375,-91.26,69,75,-952,1344
2025-09-05 21:24:19.809000,-116.805,-478.92,-933.075,-82.875,-62.400000000000006,-93.21,-968.175,-45.825,74,72,-949,1408
2025-09-05 21:24:19.813857,84.435,-558.87,-1041.3,-20.28,-30.03,-53.82,-1021.605,-7.41,76,73,-949,1472
2025-09-05 21:24:19.818714,-14.04,2.535,-437.385,-24.57,3.9,-30.615,-387.27,-14.82,84,66,-922,1408
2025-09-05 21:24:19.823571,-229.71,145.08,-250.575,-85.8,-34.905,-50.115,-168.675,-47.58,78,65,-935,1408
2025-09-05 21:24:19.828429,-477.555,301.665,-102.765,-163.215,-70.785,-87.555,-51.09,-101.79,83,65,-941,1408
2025-09-05 21:24:19.833286,-499.59,120.9,-303.225,-175.695,-95.16,-109.395,-303.42,-113.295,83,62,-941,1408
2025-09-05 21:24:19.838143,-314.535,-167.895,-613.08,-128.31,-77.61,-101.4,-598.455,-76.635,83,62,-941,1408
2025-09-05 21:24:19.843000,-77.22,-382.785,-820.95,-63.765,-46.995000000000005,-73.515,-793.065,-32.565,84,65,-946,1344
2025-09-05 21:24:19.846286,122.85,-473.07,-928.005,2.145,-15.015,-42.120000000000005,-897.585,11.7,85,63,-944,1408
2025-09-05 21:24:19.849571,328.77000000000004,-564.33,-1022.775,67.47,20.67,-8.775,-973.245,56.16,83,66,-944,1344
2025-09-05 21:24:19.852857,350.415,-418.86,-859.95,81.705,35.1,8.775,-781.1700000000001,60.645,81,67,-946,1408
2025-09-05 21:24:19.856143,189.93,-178.23000000000002,-548.145,39.0,18.33,-2.145,-477.36,22.815,81,67,-946,1408
2025-09-05 21:24:19.859429,-21.45,-17.55,-421.785,-26.52,-13.845,-34.515,-358.02000000000004,-30.03,76,67,-942,1280
2025-09-05 21:24:19.862714,-238.68,135.135,-244.335,-91.065,-45.045,-58.305,-166.92000000000002,-69.22500000000001,79,69,-944,1344
2025-09-05 21:24:19.866000,-488.085,278.85,-81.9,-164.19,-90.09,-95.745,-38.805,-128.895,81,65,-944,1472
2025-09-05 21:24:19.869857,-496.86,136.695,-261.69,-166.92000000000002,-99.255,-102.18,-245.505,-112.71,81,64,-946,1344
2025-09-05 21:24:19.873714,-68.83500000000001,-357.24,-777.27,-50.505,-51.675,-60.06,-747.825,-28.08,81,69,-948,1344
2025-09-05 21:24:19.877571,132.015,-472.875,-893.88,14.235,-15.99,-33.93,-827.19,17.745,78,65,-945,1344
2025-09-05 21:24:19.881429,342.615,-559.26,-978.315,75.465,22.23,-1.56,-906.75,62.205000000000005,78,67,-946,1408
2025-09-05 21:24:19.885286,362.7,-405.6,-807.105,89.7,35.295,11.895,-718.77,66.885,76,68,-950,1344
2025-09-05 21:24:19.889143,204.36,-165.945,-537.03,47.775,31.005000000000003,5.8500000000000005,-452.595,46.02,76,68,-950,1344
2025-09-05 21:24:19.893000,3.9,15.015,-358.41,-13.26,3.9,-15.6,-266.175,11.31,73,64,-943,1408
2025-09-05 21:24:19.901429,-214.11,161.655,-231.66,-77.415,-31.005000000000003,-50.505,-171.79500000000002,-43.485,72,66,-946,1344
2025-09-05 21:24:19.909857,20.67,41.34,-307.71000000000004,-10.725,12.285,-14.82,-182.52,7.605,80,64,-941,1408
2025-09-05 21:24:19.918286,-199.095,187.59,-138.645,-72.15,-25.155,-40.17,-87.555,-31.59,74,69,-943,1408
2025-09-05 21:24:19.926714,-451.425,323.31,0.585,-147.03,-64.74000000000001,-78.0,38.805,-84.63000000000001,73,72,-943,1472
2025-09-05 21:24:19.935143,-473.46,153.85500000000002,-190.32,-166.335,-80.925,-99.84,-166.92000000000002,-95.355,73,75,-948,1344
2025-09-05 21:24:19.943571,-292.695,-137.28,-487.5,-111.735,-70.2,-84.24000000000001,-435.24,-62.010000000000005,73,75,-948,1344
2025-09-05 21:24:19.952000,-57.135000000000005,-350.415,-681.525,-46.02,-40.17,-58.11,-635.115,-19.11,69,76,-956,1408
2025-09-05 21:24:19.957714,149.175,-458.055,-779.025,21.45,-4.875,-31.785,-701.8050000000001,18.33,76,68,-954,1408
2025-09-05 21:24:19.963429,355.68,-554.385,-877.3050000000001,85.605,29.055,-7.800000000000001,-783.51,64.935,73,69,-948,1344
2025-09-05 21:24:19.969143,386.295,-394.29,-715.65,99.06,45.435,11.505,-620.6850000000001,70.2,73,70,-944,1408
2025-09-05 21:24:19.974857,232.83,-158.73000000000002,-442.65,49.725,29.64,3.9,-331.89,30.03,73,70,-944,1408
2025-09-05 21:24:19.980571,21.84,-8.385,-292.11,-12.675,-5.265000000000001,-26.91,-177.645,-19.5,74,66,-945,1344
2025-09-05 21:24:19.986286,-206.31,153.465,-142.155,-75.66,-32.565,-55.965,-68.44500000000001,-68.055,71,68,-943,1408
2025-09-05 21:24:19.992000,-453.96,303.225,0.585,-148.20000000000002,-71.76,-90.285,69.03,-122.265,73,72,-947,1344
2025-09-05 21:24:19.995429,-466.44,145.08,-172.965,-159.315,-90.48,-107.055,-132.21,-103.545,73,69,-950,1472
2025-09-05 21:24:19.998857,-48.555,-363.675,-659.1,-45.435,-45.24,-61.620000000000005,-550.6800000000001,-18.915,73,70,-933,1344
2025-09-05 21:24:20.002286,159.9,-460.395,-746.46,23.595,-5.8500000000000005,-32.565,-667.095,20.67,78,71,-942,1344
2025-09-05 21:24:20.005714,363.675,-547.95,-824.46,82.29,29.64,8.385,-743.145,61.815000000000005,77,71,-942,1408
2025-09-05 21:24:20.009143,389.805,-401.7,-668.655,94.77,44.265,23.79,-554.19,65.52,73,70,-940,1280
2025-09-05 21:24:20.012571,243.165,-141.765,-410.28,50.895,31.98,14.625,-316.29,46.995000000000005,73,70,-940,1280
2025-09-05 21:24:20.016000,45.63,35.49,-242.385,-10.725,6.63,-5.265000000000001,-147.03,18.33,75,67,-946,1344
2025-09-05 21:24:20.020429,-176.865,191.1,-84.825,-70.785,-18.33,-32.370000000000005,9.75,-31.785,69,65,-938,1344
2025-09-05 21:24:20.024857,49.92,53.43,-198.51,-10.92,13.845,-0.975,-114.075,8.19,73,71,-944,1344
2025-09-05 21:24:20.029286,-169.65,194.415,-33.54,-73.905,-15.21,-27.3,87.94500000000001,-29.25,77,67,-930,1344
2025-09-05 21:24:20.033714,-419.64,331.89,99.645,-151.32,-56.745000000000005,-70.2,187.59,-83.46000000000001,79,70,-938,1344
2025-09-05 21:24:20.038143,-446.355,174.13500000000002,-98.085,-162.24,-76.245,-93.405,-27.885,-93.6,76,69,-941,1408
2025-09-05 21:24:20.042571,-273.975,-110.565,-416.91,-111.93,-63.57,-78.58500000000001,-330.33,-60.255,76,69,-941,1408
2025-09-05 21:24:20.047000,-41.145,-323.115,-608.595,-44.07,-29.25,-50.115,-502.515,-12.09,78,66,-930,1344
2025-09-05 21:24:20.055571,164.38500000000002,-428.415,-685.4250000000001,18.525,5.265000000000001,-21.84,-576.03,22.62,75,67,-943,1280
2025-09-05 21:24:20.064143,-37.83,-290.355,-557.7,-47.58,-22.815,-48.75,-473.265,-15.795,80,71,-944,1408
2025-09-05 21:24:20.072714,171.79500000000002,-409.305,-676.455,18.33,12.48,-17.745,-578.565,28.665000000000003,78,78,-952,1344
2025-09-05 21:24:20.081286,376.74,-498.42,-746.655,76.05,45.825,22.425,-585.975,78.39,75,81,-952,1344
2025-09-05 21:24:20.089857,406.38,-360.555,-579.54,91.455,65.325,41.73,-423.735,83.46000000000001,76,77,-953,1344
2025-09-05 21:24:20.098429,255.645,-120.315,-303.03000000000003,51.285,57.330000000000005,34.71,-165.945,56.55,76,77,-953,1344
2025-09-05 21:24:20.107000,57.525,60.45,-122.07,-0.195,29.64,12.87,38.61,21.84,73,83,-958,1344
2025-09-05 21:24:20.112143,-161.85,204.945,26.130000000000003,-70.395,0.975,-17.55,167.505,-24.765,78,76,-953,1408
2025-09-05 21:24:20.117286,59.28,74.295,-78.78,-5.8500000000000005,38.22,23.4,83.655,27.3,70,74,-948,1344
2025-09-05 21:24:20.122429,-158.73000000000002,226.98,74.685,-72.345,7.605,-5.07,216.45,-15.99,73,72,-959,1344
2025-09-05 21:24:20.127571,-412.62,355.68,222.105,-143.13,-30.42,-40.95,351.195,-67.47,70,72,-954,1408
2025-09-05 21:24:20.132714,-441.87,190.515,22.62,-162.435,-55.38,-67.275,107.445,-77.025,66,72,-948,1344
2025-09-05 21:24:20.137857,-271.05,-91.65,-290.355,-116.805,-38.025,-63.765,-177.645,-39.195,66,72,-948,1408
2025-09-05 21:24:20.143000,-40.95,-312.0,-486.33,-48.945,-9.945,-28.665000000000003,-365.82,14.04,61,75,-945,1408
2025-09-05 21:24:20.145857,164.97,-428.805,-613.275,11.31,23.79,-2.73,-482.43,46.605,65,74,-949,1344
2025-09-05 21:24:20.148714,371.085,-517.14,-709.41,75.27,54.6,31.200000000000003,-551.46,96.915,63,77,-951,1344
2025-09-05 21:24:20.151571,412.425,-372.84,-561.99,90.87,70.98,48.36,-453.57,97.11,68,74,-950,1344
2025-09-05 21:24:20.154429,251.94,-137.475,-276.705,51.675,55.965,39.195,-85.41,62.400000000000006,68,74,-950,1408
2025-09-05 21:24:20.157286,41.145,27.3,-99.255,-12.675,23.595,13.455,73.905,11.505,64,75,-952,1408
2025-09-05 21:24:20.160143,-182.91,195.585,81.51,-73.905,-1.17,-11.115,268.90500000000003,-31.005000000000003,70,73,-957,1344
2025-09-05 21:24:20.163000,-433.29,341.055,258.18,-143.32500000000002,-38.415,-40.95,404.625,-84.24000000000001,68,75,-954,1408
2025-09-05 21:24:20.167429,-460.98,220.35,79.95,-154.63500000000002,-53.625,-61.035,190.71,-70.59,67,76,-952,1344
2025-09-05 21:24:20.171857,-48.555,-296.79,-456.3,-44.265,-12.87,-22.815,-346.515,8.58,67,76,-948,1344
2025-09-05 21:24:20.176286,167.70000000000002,-396.435,-546.975,18.33,24.18,13.65,-366.015,51.09,62,76,-947,1344
2025-09-05 21:24:20.180714,371.085,-495.3,-646.23,81.51,61.035,45.045,-480.48,100.23,64,76,-945,1280
2025-09-05 21:24:20.185143,408.135,-365.235,-495.495,89.895,78.78,63.18,-312.195,105.495,61,75,-949,1344
2025-09-05 21:24:20.189571,260.71500000000003,-118.17,-247.845,45.63,62.205000000000005,54.015,-76.635,80.73,63,81,-949,1408
2025-09-05 21:24:20.194000,59.28,66.885,-52.065000000000005,-4.095,35.685,33.93,122.265,52.65,63,81,-949,1408
2025-09-05 21:24:20.194429,-158.34,213.33,82.095,-72.15,4.68,1.365,272.805,-0.39,73,81,-945,1408
2025-09-05 21:24:20.194857,-408.525,368.55,212.355,-145.47,-32.955,-30.81,375.375,-57.915,75,75,-948,1344
2025-09-05 21:24:20.195286,-442.845,208.26,99.255,-162.24,-54.21,-46.02,246.48,-63.375,71,72,-950,1408
2025-09-05 21:24:20.195714,-281.77500000000003,-86.385,-193.44,-123.63,-46.995000000000005,-46.02,-72.735,-47.385000000000005,70,70,-958,1280
2025-09-05 21:24:20.196143,-52.65,-313.17,-424.125,-57.72,-21.255,-24.96,-277.485,-16.77,70,70,-958,1280
2025-09-05 21:24:20.196571,169.65,-389.61,-490.23,9.555,26.325,19.305,-338.325,51.48,58,67,-949,1344
2025-09-05 21:24:20.197000,373.425,-490.62,-609.57,67.275,56.355,41.73,-444.21,81.12,64,73,-951,1344
2025-09-05 21:24:20.210714,416.325,-351.39,-468.39,88.92,70.59,64.155,-339.885,87.94500000000001,66,75,-952,1344
2025-09-05 21:24:20.224429,83.07000000000001,105.3,88.33500000000001,8.58,52.845,31.98,285.48,27.3,72,72,-946,1344
2025-09-05 21:24:20.238143,-132.79500000000002,265.005,244.14,-55.965,22.035,0.78,434.46,-13.26,77,68,-959,1344
2025-09-05 21:24:20.251857,-386.685,401.31,379.08,-124.995,-18.72,-36.66,568.23,-64.545,66,66,-952,1344
2025-09-05 21:24:20.265571,-427.83,241.41,212.94,-149.37,-42.120000000000005,-59.67,373.62,-72.54,70,70,-950,1280
2025-09-05 21:24:20.279286,-260.13,-33.54,-99.06,-99.255,-29.64,-52.65,54.405,-45.63,71,67,-949,1344
2025-09-05 21:24:20.293000,-24.57,-247.845,-301.665,-26.325,9.36,-25.155,-121.485,1.755,71,67,-949,1344
2025-09-05 21:24:20.300143,184.08,-368.55,-428.22,32.175000000000004,41.535,7.215,-231.075,34.71,64,68,-946,1408
2025-09-05 21:24:20.307286,392.145,-463.905,-537.4200000000001,98.475,69.03,30.225,-361.92,82.875,73,73,-945,1408
2025-09-05 21:24:20.314429,436.215,-332.08500000000004,-352.755,120.51,96.72,53.82,-117.78,89.7,73,70,-945,1408
2025-09-05 21:24:20.321571,286.455,-75.66,-87.75,71.76,81.12,48.75,109.005,48.36,71,69,-948,1344
2025-09-05 21:24:20.328714,72.735,102.57,81.9,14.04,46.8,21.255,286.845,-5.07,71,69,-948,1344
2025-09-05 21:24:20.335857,-147.03,252.72,252.135,-46.605,17.745,-11.895,462.93,-49.725,74,72,-955,1408
2025-09-05 21:24:20.343000,-382.395,438.165,429.0,-109.785,-7.605,-40.56,615.225,-74.88,72,71,-951,1344
2025-09-05 21:24:20.350286,-426.27,287.235,267.345,-131.04,-32.565,-58.695,426.465,-84.825,71,72,-947,1344
2025-09-05 21:24:20.357571,-31.98,-228.735,-305.76,-23.985,5.8500000000000005,-25.155,-156.78,-15.795,71,73,-948,1408
2025-09-05 21:24:20.364857,183.105,-341.64,-370.89,42.120000000000005,44.07,7.800000000000001,-194.22,32.76,66,64,-949,1408
2025-09-05 21:24:20.372143,389.805,-449.085,-458.835,105.105,77.61,41.73,-237.9,84.435,62,63,-958,1344
2025-09-05 21:24:20.379429,431.925,-308.295,-332.28000000000003,118.56,91.65,60.645,-113.1,85.8,63,66,-953,1408
2025-09-05 21:24:20.386714,282.945,-68.64,-78.39,81.51,85.605,51.48,114.66,62.205000000000005,67,68,-953,1344
2025-09-05 21:24:20.394000,85.605,105.495,98.475,27.495,58.305,26.52,304.39500000000004,28.08,67,68,-953,1344
2025-09-05 21:24:20.394200,-136.5,254.67,218.01,-38.61,21.645,-3.315,408.915,-13.26,64,75,-942,1408
2025-09-05 21:24:20.394400,-28.08,-224.445,-192.465,-22.62,4.485,5.265000000000001,4.29,-17.355,73,68,-947,1344
2025-09-05 21:24:20.394600,189.735,-331.695,-321.555,44.85,45.045,41.145,-132.405,27.495,70,71,-945,1472
2025-09-05 21:24:20.394800,391.365,-427.05,-400.92,107.445,82.485,77.025,-207.675,62.205000000000005,72,72,-952,1408
2025-09-05 21:24:20.395000,435.045,-301.47,-266.565,124.215,100.815,92.43,-76.83,70.785,74,71,-947,1344
2025-09-05 21:24:20.396333,289.77,-61.815000000000005,-23.79,85.605,88.33500000000001,83.265,172.965,50.31,71,70,-948,1408
2025-09-05 21:24:20.397667,92.43,125.97,161.655,31.59,60.45,60.84,361.53,12.87,71,70,-948,1408
2025-09-05 21:24:20.399000,-131.235,277.095,321.945,-31.200000000000003,26.91,34.515,541.125,-35.49,74,69,-953,1408
2025-09-05 21:24:20.400333,93.99,138.45000000000002,180.18,34.71,65.715,69.81,366.405,18.915,68,62,-951,1408
2025-09-05 21:24:20.401667,-118.755,284.115,329.355,-27.495,30.03,38.415,510.315,-24.57,63,64,-951,1408
2025-09-05 21:24:20.403000,-365.43,436.8,491.4,-96.525,-9.555,7.800000000000001,648.96,-75.27,69,61,-952,1472
2025-09-05 21:24:20.404333,-425.295,297.96000000000004,331.5,-119.145,-34.515,-20.67,466.635,-93.99,69,65,-951,1408
2025-09-05 21:24:20.405667,-265.005,15.6,37.83,-77.61,-23.205,-14.235,167.70000000000002,-61.815000000000005,70,66,-947,1344
2025-09-05 21:24:20.407000,-32.76,-207.285,-175.89,-11.895,2.535,11.7,-23.205,-17.94,70,66,-947,1344
2025-09-05 21:24:20.415000,178.62,-327.21000000000004,-290.355,49.335,37.245000000000005,42.120000000000005,-140.4,27.885,71,65,-945,1344
2025-09-05 21:24:20.423000,-36.075,-166.53,-160.485,-6.825,6.24,16.965,3.51,-17.745,74,65,-955,1344
2025-09-05 21:24:20.431000,184.86,-279.24,-261.885,58.695,38.61,48.555,-86.775,22.815,74,65,-955,1344
2025-09-05 21:24:20.439000,389.61,-375.57,-357.045,120.9,68.25,80.925,-202.605,80.145,77,62,-937,1344
2025-09-05 21:24:20.447000,444.405,-249.21,-229.905,136.305,84.63000000000001,97.305,-45.24,86.385,72,64,-940,1408
2025-09-05 21:24:20.455000,298.935,-7.0200000000000005,11.505,101.01,78.58500000000001,89.7,185.055,62.205000000000005,70,61,-944,1408
2025-09-05 21:24:20.463000,99.84,171.99,216.45,41.34,55.185,71.565,402.09,28.86,73,61,-938,1344
2025-09-05 21:24:20.463857,-120.9,321.75,343.59000000000003,-23.01,18.525,38.61,502.32,-24.18,73,61,-938,1344
2025-09-05 21:24:20.464714,89.895,172.185,217.035,43.29,58.5,68.25,375.57,20.28,71,67,-944,1408
2025-09-05 21:24:20.465571,-128.70000000000002,327.015,372.45,-22.23,25.35,42.51,512.655,-16.965,71,67,-944,1408
2025-09-05 21:24:20.466429,-376.545,451.425,520.26,-94.965,-10.14,2.535,674.895,-66.495,68,69,-936,1344
2025-09-05 21:24:20.467286,-439.335,325.65000000000003,365.43,-114.66,-38.22,-21.84,525.915,-81.315,72,65,-942,1344
2025-09-05 21:24:20.468143,-284.895,57.330000000000005,91.845,-73.905,-20.475,-9.945,239.655,-48.945,69,67,-945,1408
2025-09-05 21:24:20.469000,-55.185,-167.895,-121.68,-5.07,14.04,17.16,35.685,-8.385,70,67,-947,1344
2025-09-05 21:24:20.470000,157.17000000000002,-285.675,-234.0,56.16,46.8,46.215,-74.685,29.25,70,67,-947,1344
2025-09-05 21:24:20.474833,362.31,-398.97,-351.0,111.15,78.97500000000001,71.76,-190.125,75.855,69,71,-949,1408
2025-09-05 21:24:20.479667,415.155,-287.82,-241.41,129.87,99.84,95.94,-80.925,89.11500000000001,70,71,-949,1408
2025-09-05 21:24:20.484500,273.975,-49.725,34.32,90.675,78.97500000000001,91.65,207.675,52.845,71,73,-947,1408
2025-09-05 21:24:20.489333,54.99,139.62,198.9,27.495,42.51,64.35000000000001,365.82,-4.095,69,70,-946,1408
2025-09-05 21:24:20.494167,-161.46,296.595,364.065,-36.075,10.92,35.88,511.485,-52.065000000000005,69,70,-946,1408
2025-09-05 21:24:20.499000,-406.77,450.84,525.33,-106.665,-29.055,-3.51,707.07,-102.375,74,65,-939,1408
2025-09-05 21:24:20.499100,-460.2,332.865,414.375,-119.73,-39.78,-18.135,547.365,-88.14,73,63,-939,1344
2025-09-05 21:24:20.499200,-67.86,-180.57,-107.64,-9.555,4.095,13.065,28.47,-19.305,74,68,-938,1408
2025-09-05 21:24:20.499300,145.86,-289.185,-205.92,61.035,41.73,47.58,-53.235,28.86,74,68,-938,1408
2025-09-05 21:24:20.499400,350.415,-390.975,-332.08500000000004,123.24,71.175,67.08,-154.44,74.295,67,70,-936,1408
2025-09-05 21:24:20.499500,412.23,-278.07,-208.455,138.255,91.845,88.72500000000001,-34.905,84.435,66,71,-941,1344
2025-09-05 21:24:20.499600,277.095,-25.35,61.620000000000005,107.64,84.63000000000001,79.36500000000001,215.67,63.57,69,72,-946,1344
2025-09-05 21:24:20.499700,73.71000000000001,152.49,256.62,47.58,53.82,63.57,427.635,32.76,71,70,-948,1344
2025-09-05 21:24:20.499800,-145.665,297.57,417.105,-15.015,15.6,32.175000000000004,595.53,-12.285,71,70,-948,1344
2025-09-05 21:24:20.499900,-392.535,441.675,541.905,-88.14,-21.06,-7.800000000000001,687.57,-66.495,71,66,-958,1408
2025-09-05 21:24:20.500000,-461.955,329.745,397.605,-106.275,-45.435,-34.905,519.87,-81.9,67,71,-952,1408
2025-09-05 21:24:20.523500,-309.075,35.49,87.36,-75.27,-37.05,-36.855,180.57,-71.37,69,72,-951,1408
2025-09-05 21:24:20.547000,-72.93,-184.665,-134.55,-0.975,-6.825,-3.9,-12.87,-10.725,67,70,-949,1408
2025-09-05 21:24:20.570500,145.665,-299.91,-244.92,65.325,28.47,26.325,-82.485,32.955,67,70,-949,1408
2025-09-05 21:24:20.594000,346.71000000000004,-403.845,-342.42,131.43,54.405,59.67,-177.255,74.685,70,70,-942,1344
2025-09-05 21:24:20.595714,414.57,-282.75,-198.51,148.005,80.925,79.95,-23.01,96.135,65,74,-948,1408
2025-09-05 21:24:20.597429,64.935,170.625,336.765,41.145,21.84,68.25,476.97,40.365,80,62,-945,1472
2025-09-05 21:24:20.599143,-154.05,320.385,485.355,-17.16,-8.97,41.34,628.2900000000001,-4.875,80,62,-945,1472
2025-09-05 21:24:20.600857,-397.02,469.56,609.1800000000001,-91.845,-47.385000000000005,1.17,745.095,-55.575,74,62,-936,1408
2025-09-05 21:24:20.602571,-468.585,349.83,454.545,-115.245,-74.88,-29.835,547.95,-81.705,78,64,-944,1408
2025-09-05 21:24:20.604286,-321.165,69.61500000000001,158.73000000000002,-74.10000000000001,-63.375,-23.595,256.035,-50.115,77,70,-944,1408
2025-09-05 21:24:20.606000,-92.04,-157.17000000000002,-52.260000000000005,-8.775,-35.295,4.29,43.095,-11.895,76,67,-944,1408
2025-09-05 21:24:20.607714,121.875,-289.77,-179.205,52.65,1.755,36.465,-50.31,36.075,76,67,-944,1408
2025-09-05 21:24:20.609429,-81.705,-172.38,-55.575,-3.51,-38.22,-1.17,32.370000000000005,-25.35,77,64,-944,1344
2025-09-05 21:24:20.611143,143.52,-291.33,-179.79,63.765,1.17,35.1,-56.55,20.28,77,64,-944,1344
2025-09-05 21:24:20.612857,342.225,-391.95,-266.955,123.24,37.635,61.035,-160.68,65.13,80,71,-947,1408
2025-09-05 21:24:20.614571,406.185,-296.985,-164.775,144.69,57.525,81.9,-16.575,82.875,79,68,-945,1408
2025-09-05 21:24:20.616286,273.975,-46.02,102.375,113.49,52.065000000000005,81.51,238.095,57.330000000000005,77,70,-943,1408
2025-09-05 21:24:20.618000,71.955,151.515,285.48,53.04,24.18,54.795,442.65,23.595,78,67,-941,1280
2025-09-05 21:24:20.618200,-144.885,312.0,436.41,-11.115,-6.045,25.35,569.595,-24.96,78,67,-941,1280
2025-09-05 21:24:20.618400,75.66,145.275,268.71000000000004,57.72,27.69,60.06,461.565,27.495,71,67,-943,1408
2025-09-05 21:24:20.618600,-146.445,308.1,414.765,-10.53,-0.78,31.200000000000003,514.41,-12.675,71,67,-943,1344
2025-09-05 21:24:20.618800,-393.705,454.155,658.905,-85.41,-36.27,11.115,884.13,-56.745000000000005,74,65,-940,1344
2025-09-05 21:24:20.619000,-467.025,325.845,524.745,-117.78,-70.785,-24.96,571.35,-86.97,70,74,-934,1344
2025-09-05 21:24:20.656000,-319.605,55.38,237.9,-75.27,-57.915,-15.015,331.305,-59.085,72,74,-942,1344
2025-09-05 21:24:20.693000,-85.215,-161.85,0.195,-4.68,-20.475,3.705,107.835,-12.48,71,71,-941,1408
2025-09-05 21:24:20.693167,130.845,-281.385,-113.1,62.985,9.945,38.025,-9.945,31.59,71,71,-941,1408
2025-09-05 21:24:20.693333,-88.72500000000001,-181.35,-32.955,0.78,-33.15,-5.265000000000001,48.75,-23.205,70,72,-945,1472
2025-09-05 21:24:20.693500,135.33,-306.735,-157.755,69.22500000000001,-0.195,23.79,-72.54,18.915,72,74,-944,1344
2025-09-05 21:24:20.693667,337.74,-393.12,-270.66,131.235,35.295,47.385000000000005,-173.94,59.865,72,74,-944,1344
2025-09-05 21:24:20.693833,417.495,-284.7,-153.07500000000002,149.955,54.6,67.665,-53.82,75.465,78,67,-943,1280
2025-09-05 21:24:20.694000,287.04,-35.88,76.05,124.995,49.53,65.715,210.405,49.53,72,64,-942,1408
2025-09-05 21:24:20.695500,83.265,158.145,284.115,67.47,28.08,42.315000000000005,400.335,12.87,70,68,-947,1408
2025-09-05 21:24:20.697000,-132.21,306.735,444.99,-0.585,-9.165,8.97,548.34,-31.59,70,68,-952,1408
2025-09-05 21:24:20.698500,84.24000000000001,153.27,352.95,67.86,35.1,49.725,493.545,19.11,69,63,-948,1344
2025-09-05 21:24:20.700000,-128.895,306.93,514.215,5.655,9.36,23.4,605.865,-27.495,69,67,-945,1408
2025-09-05 21:24:20.701500,-372.255,448.695,648.375,-70.785,-33.345,-17.745,731.445,-81.315,69,67,-945,1408
2025-09-05 21:24:20.703000,-453.375,342.615,493.155,-100.815,-62.79,-51.48,499.98,-107.25,74,65,-939,1344
2025-09-05 21:24:20.704500,-306.54,67.47,186.42,-61.035,-52.455,-37.635,235.365,-74.295,71,66,-947,1344
2025-09-05 21:24:20.706000,-72.54,-165.75,-38.025,5.655,-20.085,-9.75,46.41,-36.27,69,70,-948,1344
2025-09-05 21:24:20.711286,142.155,-294.06,-191.295,63.375,4.095,13.26,-162.82500000000002,-2.145,70,68,-949,1344
2025-09-05 21:24:20.716571,-74.88,-160.68,-29.25,-3.51,-24.375,-7.800000000000001,29.835,-48.945,74,65,-949,1408
2025-09-05 21:24:20.721857,140.01,-277.68,-167.31,64.35000000000001,13.26,23.01,-134.16,-5.07,72,62,-948,1472
2025-09-05 21:24:20.727143,343.005,-370.695,-227.37,126.75,49.92,58.695,-108.615,47.190000000000005,72,62,-948,1472
2025-09-05 21:24:20.732429,425.49,-293.28000000000003,-105.495,150.15,70.59,77.415,12.675,59.475,66,70,-944,1408
2025-09-05 21:24:20.737714,296.40000000000003,-54.795,97.695,114.66,59.865,69.61500000000001,202.41,38.415,67,71,-945,1344
2025-09-05 21:24:20.743000,92.235,156.78,331.5,59.475,37.44,49.53,421.59,0.975,72,71,-948,1344
2025-09-05 21:24:20.743143,-122.655,300.3,471.705,-3.12,1.95,15.015,534.885,-43.095,71,70,-946,1472
2025-09-05 21:24:20.743286,102.57,144.69,305.565,66.105,38.415,52.65,384.54,7.800000000000001,74,69,-947,1344
2025-09-05 21:24:20.743429,-115.245,296.01,454.74,4.68,11.7,22.425,547.365,-30.81,76,67,-945,1344
2025-09-05 21:24:20.743571,-350.415,449.67,576.615,-71.175,-25.74,-22.62,572.91,-89.7,76,67,-945,1344
2025-09-05 21:24:20.743714,-440.7,332.67,527.865,-100.425,-53.04,-42.120000000000005,610.9350000000001,-98.475,86,69,-938,1344
2025-09-05 21:24:20.743857,-297.96000000000004,59.67,251.55,-65.715,-43.29,-42.9,291.52500000000003,-75.855,77,72,-940,1344
2025-09-05 21:24:20.744000,-57.135000000000005,-174.525,-23.01,0.0,-20.865,-15.99,21.255,-34.515,79,67,-945,1344
2025-09-05 21:24:20.751571,155.61,-283.53000000000003,-156.39,68.055,14.04,16.38,-121.095,8.97,79,68,-948,1344
2025-09-05 21:24:20.759143,-51.675,-164.38500000000002,-35.295,4.485,-27.495,-17.16,23.985,-29.835,77,68,-943,1408
2025-09-05 21:24:20.766714,165.36,-280.8,-136.695,68.055,13.65,20.475,-73.515,15.405,78,70,-940,1408
2025-09-05 21:24:20.774286,367.575,-383.76,-273.975,128.115,43.485,43.875,-226.785,58.5,78,70,-940,1408
2025-09-05 21:24:20.781857,459.03,-300.105,-165.945,155.415,66.495,70.005,-48.36,73.125,70,73,-932,1344
2025-09-05 21:24:20.789429,333.64500000000004,-62.205000000000005,99.84,124.41,59.475,63.96,168.675,54.21,77,69,-933,1280
2025-09-05 21:24:20.797000,132.99,127.14,392.145,73.515,45.63,63.57,548.73,27.3,71,71,-935,1408
2025-09-05 21:24:20.797429,-91.26,291.72,525.33,4.875,4.095,23.595,618.345,-23.01,72,71,-940,1408
2025-09-05 21:24:20.797857,-339.105,438.36,707.07,-72.54,-30.615,-4.68,775.71,-71.955,72,71,-940,1408
2025-09-05 21:24:20.798286,-423.345,338.52000000000004,579.345,-102.18,-59.475,-36.27,619.905,-97.695,71,67,-939,1280
2025-09-05 21:24:20.798714,-288.015,59.28,250.77,-72.93,-69.22500000000001,-43.68,210.21,-89.11500000000001,67,64,-935,1344
2025-09-05 21:24:20.799143,-68.44500000000001,-176.865,-25.74,-1.17,-39.78,-19.5,-22.62,-47.58,70,67,-937,1280
2025-09-05 21:24:20.799571,166.53,-277.68,-93.405,66.105,3.51,32.370000000000005,-24.765,18.33,69,63,-939,1408
2025-09-05 21:24:20.800000,365.235,-367.185,-173.35500000000002,127.53,34.32,62.400000000000006,-95.745,59.28,69,63,-939,1408
2025-09-05 21:24:20.813286,454.155,-275.535,-87.555,151.905,56.940000000000005,78.19500000000001,4.29,78.39,61,59,-950,1344
2025-09-05 21:24:20.826571,18.33,-137.67000000000002,220.935,20.865,-15.99,2.73,253.5,-12.09,73,70,-939,1344
2025-09-05 21:24:20.839857,243.945,-279.435,106.665,83.655,24.765,40.17,152.49,36.465,74,69,-943,1344
2025-09-05 21:24:20.853143,448.305,-378.3,28.275,142.35,56.940000000000005,73.905,71.565,84.045,74,69,-943,1344
2025-09-05 21:24:20.866429,550.6800000000001,-292.305,128.31,174.13500000000002,82.875,99.45,222.3,103.155,71,71,-944,1344
2025-09-05 21:24:20.879714,439.53,-60.45,372.255,149.175,84.24000000000001,99.06,471.315,82.485,76,69,-946,1408
2025-09-05 21:24:20.893000,248.235,139.23000000000002,577.395,94.575,56.55,81.51,656.76,45.435,73,70,-948,1408
2025-09-05 21:24:20.896929,31.59,278.46000000000004,729.3000000000001,31.98,28.47,52.455,804.57,2.34,69,72,-948,1472
2025-09-05 21:24:20.900857,311.805,164.19,741.39,122.85,85.8,105.105,834.7950000000001,61.23,73,70,-944,1344
2025-09-05 21:24:20.904786,99.06,325.845,914.55,67.86,53.235,76.44,988.065,26.715,68,67,-946,1472
2025-09-05 21:24:20.908714,-146.64,487.305,1095.9,-2.145,11.115,39.39,1163.955,-27.3,67,72,-953,1280
2025-09-05 21:24:20.912643,-245.31,405.21,998.01,-30.615,-14.04,15.6,1042.08,-45.825,67,72,-953,1280
2025-09-05 21:24:20.916571,-108.81,141.57,735.9300000000001,3.9,-3.315,17.55,781.95,-17.16,62,75,-952,1408
2025-09-05 21:24:20.920500,138.255,-109.785,495.495,77.025,29.835,46.995000000000005,565.89,20.865,65,72,-949,1408
2025-09-05 21:24:20.924429,356.65500000000003,-226.2,392.535,140.01,65.13,79.75500000000001,480.09,65.13,66,77,-949,1344
2025-09-05 21:24:20.928357,131.235,-21.84,681.135,72.345,40.95,48.36,780.195,31.785,68,77,-958,1408
2025-09-05 21:24:20.932286,362.895,-140.79,573.495,140.595,72.735,82.29,681.525,76.83,70,75,-950,1408
2025-09-05 21:24:20.936214,564.72,-215.28,494.52,202.8,104.52,113.1,598.065,121.29,62,73,-952,1472
2025-09-05 21:24:20.940143,663.78,-149.37,577.005,228.15,133.77,129.48000000000002,715.65,138.45000000000002,62,73,-952,1472
2025-09-05 21:24:20.944071,545.8050000000001,83.655,834.015,201.825,133.57500000000002,136.89,982.8,119.145,67,74,-942,1408
2025-09-05 21:24:20.948000,343.59000000000003,294.84000000000003,1054.95,142.935,107.835,113.685,1186.77,80.925,67,71,-945,1344
2025-09-05 21:24:20.948143,119.145,452.01,1210.365,78.39,83.85000000000001,82.29,1326.78,31.785,69,73,-948,1344
2025-09-05 21:24:20.948286,318.825,315.90000000000003,1085.175,138.255,111.54,105.105,1209.39,72.15,68,71,-947,1280
2025-09-05 21:24:20.948429,94.965,463.32,1245.075,72.345,83.265,75.075,1366.95,36.66,70,72,-949,1408
2025-09-05 21:24:20.948571,-153.66,614.25,1401.66,-7.995,40.755,42.51,1519.245,-17.94,70,73,-948,1344
2025-09-05 21:24:20.948714,-266.76,534.885,1297.53,-41.34,6.825,4.875,1377.09,-39.39,70,73,-948,1344
2025-09-05 21:24:20.948857,-138.84,270.075,1012.05,-9.75,19.5,14.82,1091.025,-19.5,77,78,-946,1344
2025-09-05 21:24:20.949000,93.99,27.105,768.105,53.82,53.82,38.805,856.635,22.035,73,75,-947,1408
2025-09-05 21:24:20.955000,307.90500000000003,-106.275,630.24,120.12,82.485,67.86,739.83,66.69,71,77,-945,1344
2025-09-05 21:24:20.961000,43.485,6.045,745.6800000000001,39.195,34.905,28.275,827.58,13.455,68,76,-950,1408
2025-09-05 21:24:20.967000,268.32,-125.97,612.69,100.815,67.275,53.43,700.245,58.11,73,73,-946,1344
2025-09-05 21:24:20.973000,458.25,-211.38,517.9200000000001,160.095,95.355,84.435,606.84,98.865,72,73,-943,1344
2025-09-05 21:24:20.979000,560.82,-150.735,598.065,186.03,116.805,109.785,718.1850000000001,118.755,72,73,-943,1344
2025-09-05 21:24:20.985000,438.36,87.36,843.96,159.315,109.2,98.67,965.25,106.275,78,72,-938,1280
2025-09-05 21:24:20.991000,231.27,295.425,1053.0,100.815,89.7,83.46000000000001,1138.995,65.52,69,73,-942,1408
2025-09-05 21:24:20.991400,9.75,454.155,1208.61,38.22,54.405,53.04,1291.875,15.795,72,73,-943,1408
2025-09-05 21:24:20.991800,-15.99,-34.32,609.96,17.94,-6.045,-17.16,633.1650000000001,-6.63,73,72,-963,1344
2025-09-05 21:24:20.992200,216.645,-181.35,468.78,85.8,25.35,13.65,508.365,33.54,74,72,-957,1408
2025-09-05 21:24:20.992600,412.23,-260.325,379.275,144.10500000000002,52.65,39.585,401.895,80.145,71,70,-952,1344
2025-09-05 21:24:20.993000,522.015,-209.235,442.845,178.815,81.51,61.620000000000005,507.78,96.915,71,70,-952,1344
2025-09-05 21:24:20.998500,409.11,28.47,694.005,153.85500000000002,77.22,61.620000000000005,752.115,79.95,76,65,-950,1408
2025-09-05 21:24:21.004000,199.29,236.925,903.24,93.015,56.55,39.39,944.775,40.755,67,72,-946,1408
2025-09-05 21:24:21.004714,-23.595,392.925,1056.51,25.35,27.69,7.995,1087.905,-3.12,68,72,-947,1408
2025-09-05 21:24:21.005429,-74.295,-74.685,459.42,-1.56,-10.53,-29.835,455.52,-20.085,68,66,-945,1344
2025-09-05 21:24:21.006143,153.85500000000002,-210.015,335.40000000000003,67.08,24.765,1.95,339.495,25.35,63,67,-946,1344
2025-09-05 21:24:21.006857,349.44,-284.505,258.18,127.14,60.255,31.005000000000003,253.5,71.37,67,70,-949,1408
2025-09-05 21:24:21.007571,457.47,-238.875,323.89500000000004,158.34,80.925,60.645,351.78000000000003,85.995,67,70,-949,1408
2025-09-05 21:24:21.008286,346.125,4.095,572.13,131.82,73.905,57.330000000000005,597.285,77.805,63,66,-949,1344
2025-09-05 21:24:21.009000,141.765,201.63,770.64,83.46000000000001,51.870000000000005,39.195,784.485,36.075,64,67,-956,1344
2025-09-05 21:24:21.009167,-75.855,342.81,906.945,14.625,15.21,10.92,918.45,-12.87,65,68,-949,1472
2025-09-05 21:24:21.009333,135.33,189.735,727.35,75.075,40.95,26.715,726.96,36.855,71,69,-938,1344
2025-09-05 21:24:21.009500,-79.56,346.32,870.2850000000001,7.995,10.92,-7.605,868.335,-6.63,68,68,-946,1344
2025-09-05 21:24:21.009667,-318.24,495.3,1023.75,-63.96,-24.375,-39.585,1011.465,-62.205000000000005,69,68,-948,1344
2025-09-05 21:24:21.009833,-447.135,439.335,950.43,-106.86,-57.525,-72.93,898.755,-90.285,69,68,-948,1472
2025-09-05 21:24:21.010000,-326.04,174.33,673.725,-73.71000000000001,-51.09,-72.93,615.615,-65.91,70,68,-951,1472
2025-09-05 21:24:21.044000,-82.875,-84.045,403.845,-9.165,-22.23,-43.875,369.525,-27.495,67,72,-951,1344
2025-09-05 21:24:21.051286,135.135,-225.225,265.98,63.765,10.725,-10.92,236.145,21.45,71,69,-950,1408
2025-09-05 21:24:21.058571,-100.035,-82.68,371.085,-11.31,-19.695,-48.36,320.19,-32.370000000000005,68,69,-947,1344
2025-09-05 21:24:21.065857,125.385,-216.645,229.125,53.04,17.745,-17.94,196.17,18.72,68,70,-945,1344
2025-09-05 21:24:21.073143,318.63,-304.2,149.175,113.49,50.895,17.94,109.005,64.155,67,71,-949,1344
2025-09-05 21:24:21.080429,437.385,-251.745,200.265,146.25,80.34,42.315000000000005,189.15,86.19,69,71,-947,1344
2025-09-05 21:24:21.087714,323.7,-19.11,433.68,121.875,77.025,39.78,432.51,73.515,69,71,-947,1344
2025-09-05 21:24:21.095000,119.34,181.155,647.595,65.325,52.065000000000005,20.28,624.78,36.855,74,70,-938,1344
2025-09-05 21:24:21.095429,-101.4,332.08500000000004,791.505,-0.195,17.55,-10.92,761.6700000000001,-13.845,69,70,-947,1280
2025-09-05 21:24:21.095857,-175.11,-118.755,167.895,-33.54,-41.535,-51.675,33.93,-43.485,72,70,-958,1344
2025-09-05 21:24:21.096286,48.945,-264.81,29.25,37.83,0.975,-25.35,-86.97,6.045,65,71,-950,1408
2025-09-05 21:24:21.096714,245.505,-335.40000000000003,-67.665,97.89,21.45,11.31,-188.37,51.48,70,72,-949,1344
2025-09-05 21:24:21.097143,362.895,-295.815,-14.625,133.965,54.405,33.93,-105.885,71.565,70,69,-949,1344
2025-09-05 21:24:21.097571,248.04,-72.54,245.895,108.03,53.235,39.78,141.96,62.205000000000005,70,69,-949,1344
2025-09-05 21:24:21.098000,43.485,137.28,442.065,54.795,22.62,15.015,311.02500000000003,21.45,68,65,-942,1408
2025-09-05 21:24:21.106143,-181.35,282.945,562.965,-11.31,-14.43,-15.405,453.765,-19.305,65,70,-942,1344
2025-09-05 21:24:21.114286,-419.835,435.825,715.845,-82.29,-48.945,-47.385000000000005,617.565,-72.15,67,69,-947,1344
2025-09-05 21:24:21.122429,-553.02,404.625,667.2900000000001,-123.435,-83.07000000000001,-74.88,514.605,-102.96,69,69,-948,1344
2025-09-05 21:24:21.130571,-438.945,135.525,390.0,-101.01,-89.50500000000001,-78.19500000000001,206.7,-94.965,69,69,-948,1344
2025-09-05 21:24:21.138714,-218.79,-150.15,90.285,-40.755,-73.32000000000001,-65.715,-74.88,-69.03,74,68,-949,1408
2025-09-05 21:24:21.146857,1.17,-286.065,-67.47,20.67,-32.175000000000004,-34.125,-179.205,-21.645,71,71,-951,1344
2025-09-05 21:24:21.155000,190.32,-374.01,-136.305,79.75500000000001,4.29,-7.215,-272.22,17.94,70,69,-949,1408
2025-09-05 21:24:21.160429,318.63,-306.54,-63.57,120.315,38.415,25.935,-162.435,62.010000000000005,67,68,-950,1344
2025-09-05 21:24:21.165857,15.21,137.28,375.18,38.805,15.795,1.755,258.57,17.355,65,66,-941,1344
2025-09-05 21:24:21.171286,-197.925,298.545,511.485,-25.35,-20.085,-26.325,389.61,-22.035,67,64,-943,1344
2025-09-05 21:24:21.176714,-436.8,447.915,666.9,-98.865,-57.72,-64.155,550.485,-70.98,67,69,-944,1408
2025-09-05 21:24:21.182143,-579.15,408.525,596.7,-140.985,-90.09,-94.185,426.66,-102.765,67,68,-949,1472
2025-09-05 21:24:21.187571,-467.415,137.28,311.02500000000003,-112.71,-90.285,-99.645,141.18,-77.415,67,68,-949,1472
2025-09-05 21:24:21.193000,-241.995,-128.115,45.045,-51.285,-65.13,-73.71000000000001,-95.745,-33.735,69,71,-962,1408
2025-09-05 21:24:21.196571,-15.015,-277.485,-86.19,11.115,-31.395,-47.97,-226.2,10.725,67,69,-953,1408
2025-09-05 21:24:21.200143,-251.355,-140.205,35.685,-58.5,-65.715,-76.635,-124.995,-40.56,70,66,-950,1408
2025-09-05 21:24:21.203714,-24.375,-287.625,-100.815,8.97,-26.325,-43.68,-258.765,12.285,67,70,-948,1344
2025-09-05 21:24:21.207286,170.625,-383.37,-199.095,69.22500000000001,-2.34,-11.895,-357.24,54.99,68,69,-945,1408
2025-09-05 21:24:21.210857,295.23,-346.125,-151.32,106.08,27.69,18.135,-271.245,72.735,68,70,-945,1408
2025-09-05 21:24:21.214429,195.195,-110.565,96.135,81.12,24.57,17.16,-20.085,56.745000000000005,68,70,-945,1408
2025-09-05 21:24:21.218000,-5.46,102.375,319.02000000000004,19.5,3.51,-1.56,187.59,18.72,66,60,-945,1344
2025-09-05 21:24:21.218200,-219.18,246.675,456.3,-38.805,-23.985,-31.98,317.46000000000004,-26.715,65,62,-954,1344
2025-09-05 21:24:21.218400,-455.13,395.85,595.9200000000001,-116.805,-62.595,-63.96,462.735,-76.83,65,67,-949,1344
2025-09-05 21:24:21.218600,-594.945,350.02500000000003,541.905,-160.095,-93.99,-102.57,366.015,-104.715,71,68,-947,1344
2025-09-05 21:24:21.218800,-489.45,85.02,252.33,-137.865,-93.6,-107.445,66.495,-92.625,71,68,-947,1344
2025-09-05 21:24:21.219000,-267.93,-177.645,-15.015,-75.465,-73.125,-84.63000000000001,-184.86,-65.91,76,68,-948,1408
2025-09-05 21:24:21.233000,-43.485,-315.705,-146.64,-5.265000000000001,-37.05,-51.870000000000005,-300.105,-19.89,74,67,-943,1280
2025-09-05 21:24:21.247000,148.20000000000002,-408.915,-241.605,50.7,0.0,-16.38,-405.405,23.985,71,67,-949,1344
2025-09-05 21:24:21.253000,288.6,-348.27000000000004,-178.815,96.525,37.83,16.77,-300.69,73.125,69,67,-949,1280
2025-09-05 21:24:21.259000,-5.46,97.5,307.32,15.21,17.94,-2.9250000000000003,165.75,23.79,68,71,-935,1408
2025-09-05 21:24:21.265000,-220.74,251.94,461.565,-50.505,-13.845,-25.74,311.805,-18.525,74,69,-935,1344
2025-09-05 21:24:21.271000,-451.23,385.71,602.355,-122.85,-53.43,-61.035,455.13,-63.57,70,67,-943,1344
2025-09-05 21:24:21.277000,-598.455,343.785,538.59,-171.79500000000002,-86.775,-93.6,343.2,-95.745,72,66,-944,1408
2025-09-05 21:24:21.283000,-487.305,89.7,249.6,-143.52,-86.775,-88.72500000000001,55.77,-78.97500000000001,72,66,-944,1408
2025-09-05 21:24:21.289000,-253.89,-164.38500000000002,-15.795,-76.635,-61.815000000000005,-65.715,-191.295,-32.76,74,67,-954,1408
2025-09-05 21:24:21.291429,-31.98,-315.90000000000003,-170.82,-13.65,-27.3,-37.635,-331.305,7.800000000000001,70,67,-950,1344
2025-09-05 21:24:21.293857,-241.215,-167.895,-28.665000000000003,-72.735,-66.3,-62.010000000000005,-207.87,-33.735,82,61,-946,1408
2025-09-05 21:24:21.296286,-12.48,-311.02500000000003,-166.14,-7.215,-24.57,-30.225,-327.21000000000004,14.43,78,66,-940,1472
2025-09-05 21:24:21.298714,176.085,-401.505,-252.135,43.68,9.945,2.73,-430.365,51.870000000000005,79,65,-945,1472
2025-09-05 21:24:21.301143,306.93,-363.09,-209.625,83.85000000000001,41.34,30.615,-341.445,70.395,79,64,-947,1280
2025-09-05 21:24:21.303571,208.845,-146.055,27.69,63.375,38.805,31.785,-92.82,54.795,79,64,-947,1280
2025-09-05 21:24:21.306000,8.97,69.61500000000001,238.875,10.335,11.895,16.77,108.225,19.5,76,65,-938,1344
2025-09-05 21:24:21.311000,-204.36,215.475,382.785,-53.82,-17.355,-15.21,218.205,-27.3,84,64,-940,1344
2025-09-05 21:24:21.316000,-437.775,364.845,531.57,-126.165,-51.09,-48.75,369.915,-72.54,84,62,-945,1408
2025-09-05 21:24:21.321000,-579.735,332.865,483.795,-167.505,-86.97,-83.265,268.515,-101.205,79,62,-943,1344
2025-09-05 21:24:21.326000,-477.945,47.385000000000005,197.34,-150.345,-88.92,-92.235,-24.96,-92.625,79,62,-943,1344
2025-09-05 21:24:21.331000,-249.795,-216.45,-98.475,-89.895,-56.16,-71.955,-270.27,-62.400000000000006,81,62,-941,1344
2025-09-05 21:24:21.336000,-9.945,-326.82,-189.15,-14.82,-20.865,-32.76,-379.275,2.145,79,65,-953,1280
2025-09-05 21:24:21.341000,182.325,-415.74,-287.82,42.705,8.97,0.975,-471.51,46.605,78,62,-948,1280
2025-09-05 21:24:21.344143,314.14500000000004,-381.42,-232.245,83.07000000000001,33.15,28.665000000000003,-372.255,72.93,78,65,-947,1344
2025-09-05 21:24:21.347286,-226.395,-198.315,-109.785,-70.98,-69.81,-58.695,-303.03000000000003,-37.635,73,61,-936,1408
2025-09-05 21:24:21.350429,1.56,-341.445,-234.975,-1.17,-31.395,-29.055,-424.71,11.505,74,70,-939,1280
2025-09-05 21:24:21.353571,190.905,-427.245,-327.40500000000003,60.45,-2.145,-1.95,-512.07,58.305,74,70,-941,1408
2025-09-05 21:24:21.356714,322.92,-406.185,-303.42,101.595,28.86,26.130000000000003,-447.33,80.34,74,66,-941,1344
2025-09-05 21:24:21.359857,230.88,-180.57,-39.195,78.0,26.715,33.345,-198.51,65.715,74,66,-941,1344
2025-09-05 21:24:21.363000,30.42,46.215,172.965,27.69,5.07,13.065,6.045,28.08,72,65,-937,1344
2025-09-05 21:24:21.376286,-187.98,205.14,327.015,-39.195,-32.175000000000004,-16.77,163.995,-15.99,64,65,-941,1408
2025-09-05 21:24:21.389571,-199.875,-189.735,-140.79,-68.64,-63.57,-76.83,-326.04,-29.64,63,74,-954,1344
2025-09-05 21:24:21.402857,25.935,-332.865,-297.375,-0.585,-32.370000000000005,-44.85,-480.285,12.09,69,68,-949,1344
2025-09-05 21:24:21.416143,224.64,-414.96,-370.5,59.865,1.95,-16.77,-570.57,56.55,69,70,-951,1344
2025-09-05 21:24:21.429429,361.725,-396.24,-334.425,104.715,32.565,19.305,-499.2000000000001,80.535,68,69,-952,1344
2025-09-05 21:24:21.442714,271.245,-182.52,-100.23,84.24000000000001,32.175000000000004,16.575,-245.115,71.76,68,72,-956,1408
2025-09-05 21:24:21.456000,64.935,46.41,133.77,29.64,7.995,0.39,-33.735,35.88,68,72,-956,1408
2025-09-05 21:24:21.461429,-146.835,204.945,286.455,-37.44,-17.55,-33.15,109.98,-7.995,60,69,-940,1408
2025-09-05 21:24:21.466857,-376.545,358.02000000000004,420.03,-105.69,-50.7,-64.935,269.685,-50.115,64,71,-945,1408
2025-09-05 21:24:21.472286,-525.135,349.635,397.215,-148.785,-82.29,-96.72,179.205,-79.75500000000001,63,73,-946,1344
2025-09-05 21:24:21.477714,-424.71,71.76,114.27,-122.85,-83.07000000000001,-105.495,-103.155,-78.58500000000001,63,74,-947,1344
2025-09-05 21:24:21.483143,-204.555,-211.38,-175.5,-74.88,-64.35000000000001,-82.68,-360.36,-54.015,63,74,-947,1344
2025-09-05 21:24:21.488571,21.84,-343.59000000000003,-305.955,-2.73,-24.765,-51.285,-491.01,-19.11,69,75,-950,1344
2025-09-05 21:24:21.494000,213.525,-446.16,-413.01,50.7,-0.975,-25.74,-596.895,20.475,69,72,-951,1408
2025-09-05 21:24:21.508143,367.185,-406.575,-365.04,104.325,41.925,11.7,-499.785,77.61,70,70,-950,1344
2025-09-05 21:24:21.522286,81.9,56.940000000000005,121.29,22.62,12.48,-1.17,-39.195,36.465,67,69,-946,1408
2025-09-05 21:24:21.536429,-132.6,219.18,273.39,-41.535,-14.43,-29.835,107.25,-4.875,67,70,-938,1408
2025-09-05 21:24:21.550571,-362.895,347.685,418.275,-112.515,-50.31,-63.18,247.26,-59.67,69,70,-945,1344
2025-09-05 21:24:21.564714,-517.53,327.015,383.76,-160.29,-81.9,-101.01,172.965,-99.45,68,70,-944,1408
2025-09-05 21:24:21.578857,-410.475,72.93,110.565,-134.745,-81.51,-100.425,-101.985,-74.49000000000001,67,70,-948,1280
2025-09-05 21:24:21.593000,-178.62,-194.415,-156.39,-67.86,-53.04,-72.345,-354.315,-29.445,67,70,-948,1280
2025-09-05 21:24:21.594214,45.045,-337.35,-312.39,2.73,-17.55,-45.24,-473.46,12.285,66,73,-953,1344
2025-09-05 21:24:21.595429,-173.35500000000002,-178.23000000000002,-145.86,-65.52,-49.53,-67.08,-328.38,-20.475,70,70,-948,1344
2025-09-05 21:24:21.596643,53.04,-334.62,-286.455,8.58,-15.015,-36.27,-450.06,27.3,66,73,-948,1408
2025-09-05 21:24:21.597857,250.965,-418.275,-358.995,69.81,13.065,-3.51,-525.525,68.64,69,68,-945,1344
2025-09-05 21:24:21.599071,402.675,-400.92,-333.45,113.49,41.145,25.74,-457.86,89.50500000000001,67,66,-945,1408
2025-09-05 21:24:21.600286,318.435,-170.04,-85.02,96.33,43.485,31.59,-211.575,83.46000000000001,72,67,-945,1408
2025-09-05 21:24:21.601500,124.605,53.04,148.785,40.365,20.085,14.82,19.305,43.68,72,67,-945,1408
2025-09-05 21:24:21.602714,-84.24000000000001,208.65,330.33,-17.745,-12.09,-5.46,200.85,6.4350000000000005,75,67,-953,1344
2025-09-05 21:24:21.603929,-314.925,358.02000000000004,485.55,-87.555,-49.53,-40.17,359.58,-43.875,67,72,-950,1280
2025-09-05 21:24:21.605143,-467.805,349.05,481.845,-131.82,-80.73,-71.37,322.53000000000003,-69.22500000000001,69,73,-949,1408
2025-09-05 21:24:21.606357,-359.58,84.825,236.145,-112.32,-81.315,-77.61,47.190000000000005,-68.83500000000001,71,71,-949,1408
2025-09-05 21:24:21.607571,-144.69,-201.435,-47.58,-52.65,-61.425,-58.305,-195.0,-47.775,71,71,-949,1408
2025-09-05 21:24:21.608786,94.965,-314.925,-157.17000000000002,23.205,-16.38,-15.795,-298.35,26.91,68,76,-941,1344
2025-09-05 21:24:21.610000,286.845,-399.165,-240.825,87.36,23.01,9.945,-382.005,70.785,68,76,-946,1408
2025-09-05 21:24:21.614571,440.115,-385.125,-206.115,126.945,52.455,41.925,-307.71000000000004,105.495,67,73,-946,1408
2025-09-05 21:24:21.619143,164.19,75.465,280.995,58.305,29.25,25.545,172.77,55.575,68,73,-947,1344
2025-09-05 21:24:21.623714,-44.265,238.485,438.555,-3.51,-2.34,0.0,328.38,12.48,76,72,-947,1344
2025-09-05 21:24:21.628286,-273.39,380.445,599.04,-77.415,-36.465,-28.47,482.43,-41.535,72,76,-950,1408
2025-09-05 21:24:21.632857,-433.68,367.185,569.79,-125.19,-68.44500000000001,-69.22500000000001,402.48,-72.54,67,78,-947,1408
2025-09-05 21:24:21.637429,-333.64500000000004,119.145,308.49,-103.35,-65.13,-70.98,147.42000000000002,-50.505,69,75,-945,1344
2025-09-05 21:24:21.642000,-98.28,-157.17000000000002,24.18,-41.535,-36.855,-52.065000000000005,-115.83,-12.48,69,75,-945,1344
2025-09-05 21:24:21.645571,122.46,-313.95,-120.51,22.425,-3.315,-15.795,-234.195,27.495,70,74,-952,1408
2025-09-05 21:24:21.649143,-96.72,-147.81,31.98,-43.485,-29.445,-38.22,-112.515,-17.355,65,74,-949,1472
2025-09-05 21:24:21.652714,132.21,-303.42,-133.38,25.935,1.365,-8.58,-256.425,36.66,63,77,-939,1280
2025-09-05 21:24:21.656286,323.115,-386.1,-239.265,79.95,34.905,18.33,-352.56,78.78,70,77,-946,1408
2025-09-05 21:24:21.659857,479.31,-386.295,-211.77,121.875,60.645,51.285,-295.62,104.91,69,78,-949,1344
2025-09-05 21:24:21.663429,390.39,-148.785,47.58,106.86,67.275,50.7,-56.355,94.965,68,77,-947,1408
2025-09-05 21:24:21.667000,198.315,74.10000000000001,262.665,50.31,45.435,31.98,153.27,56.745000000000005,68,77,-947,1408
2025-09-05 21:24:21.670857,-19.89,231.075,429.78,-12.285,12.48,0.78,321.555,9.555,73,72,-952,1408
2025-09-05 21:24:21.674714,202.215,87.36,252.72,38.22,49.53,34.71,147.225,52.845,69,69,-946,1408
2025-09-05 21:24:21.678571,-8.19,243.75,416.715,-20.67,17.745,14.04,304.59000000000003,16.38,66,73,-941,1344
2025-09-05 21:24:21.682429,-245.31,380.055,546.975,-94.575,-18.33,-23.4,449.28,-32.565,67,74,-941,1344
2025-09-05 21:24:21.686286,-421.395,366.405,519.6750000000001,-142.74,-57.330000000000005,-52.065000000000005,369.72,-70.005,67,77,-945,1280
2025-09-05 21:24:21.690143,-323.31,119.535,264.225,-115.44,-59.865,-52.65,107.25,-53.43,65,75,-942,1408
2025-09-05 21:24:21.694000,-87.94500000000001,-152.49,-18.915,-50.7,-30.03,-27.885,-157.17000000000002,-11.31,65,75,-942,1408
2025-09-05 21:24:21.694714,133.965,-291.72,-170.82,14.43,0.195,3.705,-288.99,36.27,65,81,-945,1408
2025-09-05 21:24:21.695429,330.72,-371.67,-249.405,71.37,33.54,32.955,-374.205,74.10000000000001,72,76,-939,1344
2025-09-05 21:24:21.696143,479.31,-365.235,-231.075,119.535,70.2,63.57,-315.51,110.76,70,75,-942,1344
2025-09-05 21:24:21.696857,379.47,-155.22,-1.17,96.72,66.69,59.67,-84.435,81.315,67,73,-942,1280
2025-09-05 21:24:21.697571,172.77,47.190000000000005,204.75,34.125,30.03,38.415,104.91,23.985,67,73,-942,1280
2025-09-05 21:24:21.698286,-40.755,220.935,350.22,-26.325,1.95,9.945,259.74,-18.525,64,71,-934,1280
2025-09-05 21:24:21.699000,-280.41,355.68,512.46,-98.865,-39.78,-28.08,404.625,-66.3,62,73,-942,1344
2025-09-05 21:24:21.706714,-438.165,383.37,521.625,-141.18,-65.52,-54.6,367.185,-73.515,66,74,-947,1344
2025-09-05 21:24:21.714429,-99.45,-134.35500000000002,-14.04,-52.455,-34.905,-27.105,-159.705,-11.895,66,76,-945,1344
2025-09-05 21:24:21.722143,123.825,-285.48,-163.02,12.87,0.195,2.145,-297.375,39.975,63,74,-951,1280
2025-09-05 21:24:21.729857,317.65500000000003,-370.695,-240.825,72.345,30.42,30.225,-378.69,75.465,62,69,-952,1344
2025-09-05 21:24:21.737571,466.635,-377.715,-236.34,112.71,60.45,63.96,-319.605,104.715,63,71,-953,1344
2025-09-05 21:24:21.745286,385.125,-151.32,-7.800000000000001,95.16,62.985,70.2,-101.79,91.65,63,77,-949,1408
2025-09-05 21:24:21.753000,190.905,80.34,214.5,38.61,42.51,46.995000000000005,103.35,56.355,63,77,-949,1408
2025-09-05 21:24:21.758714,-22.815,231.465,386.1,-23.985,8.19,21.84,267.735,10.335,68,73,-940,1344
2025-09-05 21:24:21.764429,-113.49,-132.79500000000002,-69.42,-61.23,-29.25,-28.47,-214.89,-28.08,65,74,-950,1408
2025-09-05 21:24:21.770143,109.005,-280.995,-212.16,3.315,6.045,1.365,-350.805,20.28,66,73,-950,1408
2025-09-05 21:24:21.775857,292.305,-365.43,-314.34000000000003,62.400000000000006,37.83,31.005000000000003,-451.23,66.495,61,73,-947,1408
2025-09-05 21:24:21.781571,451.815,-371.865,-312.975,110.76,63.765,62.985,-411.255,97.5,63,74,-947,1408
2025-09-05 21:24:21.787286,374.01,-142.35,-57.135000000000005,92.235,68.25,68.25,-140.595,85.41,65,75,-948,1472
2025-09-05 21:24:21.793000,169.65,90.87,179.595,39.39,46.215,47.190000000000005,74.10000000000001,58.89,60,91,-948,1472
2025-09-05 21:24:21.793250,-39.975,246.285,335.595,-22.425,16.38,16.77,228.54,15.99,60,80,-947,1472
2025-09-05 21:24:21.793500,171.6,75.855,154.44,35.88,43.485,46.02,44.265,52.065000000000005,60,78,-947,1280
2025-09-05 21:24:21.793750,-41.73,228.15,315.51,-25.935,17.745,17.16,197.535,17.355,60,78,-947,1280
2025-09-05 21:24:21.794000,-271.44,363.09,453.96,-94.575,-25.545,-15.015,345.15000000000003,-37.05,58,79,-958,1344
2025-09-05 21:24:21.800667,-447.72,364.455,441.285,-151.125,-60.645,-54.405,282.555,-74.295,60,73,-954,1344
2025-09-05 21:24:21.807333,-351.58500000000004,117.0,176.085,-134.55,-57.525,-55.965,16.185000000000002,-62.010000000000005,65,72,-954,1344
2025-09-05 21:24:21.814000,-121.29,-160.68,-106.47,-71.565,-34.32,-35.1,-253.305,-21.645,65,72,-965,1408
2025-09-05 21:24:21.816571,103.35,-304.2,-260.13,-6.24,0.585,-4.485,-379.47,20.865,65,72,-965,1408
2025-09-05 21:24:21.819143,-131.82,-135.135,-105.3,-62.985,-28.08,-37.05,-256.62,-32.76,67,73,-949,1280
2025-09-05 21:24:21.821714,100.815,-285.48,-237.51,3.705,9.36,-3.315,-374.79,20.475,67,73,-949,1280
2025-09-05 21:24:21.824286,293.08500000000004,-368.745,-323.115,56.55,37.83,21.06,-466.05,59.28,74,72,-946,1472
2025-09-05 21:24:21.826857,453.765,-375.96,-326.625,106.08,67.275,45.63,-428.61,92.235,68,72,-950,1472
2025-09-05 21:24:21.829429,370.11,-162.24,-98.28,91.065,70.2,50.505,-180.96,83.265,65,73,-953,1280
2025-09-05 21:24:21.832000,179.595,69.03,133.77,37.245000000000005,46.995000000000005,28.275,29.64,42.705,65,76,-954,1408
2025-09-05 21:24:21.834143,-32.370000000000005,236.535,291.135,-27.69,17.16,3.9,171.015,-0.975,65,76,-954,1408
2025-09-05 21:24:21.836286,-263.25,371.865,408.33,-103.155,-22.425,-32.175000000000004,307.32,-51.870000000000005,64,75,-950,1408
2025-09-05 21:24:21.838429,-441.48,385.71,406.77,-161.07,-58.5,-62.205000000000005,248.625,-86.58,66,74,-953,1408
2025-09-05 21:24:21.840571,-352.95,123.825,134.55,-145.47,-66.885,-72.93,-23.4,-85.41,69,70,-954,1344
2025-09-05 21:24:21.842714,-134.745,-168.48000000000002,-149.76,-88.33500000000001,-44.07,-55.185,-292.89,-61.815000000000005,69,72,-951,1472
2025-09-05 21:24:21.844857,93.015,-309.075,-297.765,-17.94,-2.9250000000000003,-23.4,-427.245,-18.135,69,72,-951,1472
2025-09-05 21:24:21.847000,286.065,-382.2,-379.665,41.34,25.35,4.29,-507.78,23.4,74,78,-958,1408
2025-09-05 21:24:21.851143,457.08,-372.06,-341.445,100.425,62.595,45.63,-433.29,84.63000000000001,74,75,-956,1344
2025-09-05 21:24:21.855286,184.86,85.8,132.99,25.545,49.92,31.785,24.96,42.51,69,75,-951,1344
2025-09-05 21:24:21.859429,-24.765,250.185,291.52500000000003,-35.49,19.5,5.07,174.72,3.51,69,75,-951,1344
2025-09-05 21:24:21.863571,-260.325,383.76,424.905,-111.93,-16.38,-27.69,313.56,-41.925,70,78,-949,1408
2025-09-05 21:24:21.867714,-440.895,396.825,422.955,-166.53,-60.06,-62.010000000000005,267.345,-87.75,68,75,-945,1344
2025-09-05 21:24:21.871857,-353.14500000000004,147.42000000000002,161.85,-144.10500000000002,-62.010000000000005,-67.86,-10.53,-70.005,72,74,-949,1408
2025-09-05 21:24:21.876000,-126.945,-129.87,-121.875,-79.36500000000001,-26.715,-48.36,-269.88,-32.175000000000004,71,74,-945,1344
2025-09-05 21:24:21.878286,104.91,-288.795,-280.8,-14.235,5.8500000000000005,-11.895,-410.67,10.92,71,74,-945,1344
2025-09-05 21:24:21.880571,-137.475,-143.32500000000002,-129.09,-77.805,-25.545,-53.235,-315.315,-33.54,70,73,-951,1344
2025-09-05 21:24:21.882857,94.965,-298.35,-303.615,-9.555,11.505,-20.085,-445.77,19.5,70,73,-951,1344
2025-09-05 21:24:21.885143,288.99,-363.675,-387.465,43.68,41.73,13.455,-527.475,56.355,81,69,-949,1408
2025-09-05 21:24:21.887429,451.035,-394.095,-407.55,92.625,68.25,40.56,-489.06,85.995,79,70,-948,1344
2025-09-05 21:24:21.889714,374.985,-170.04,-169.65,75.465,72.15,47.190000000000005,-257.79,78.19500000000001,75,72,-955,1408
2025-09-05 21:24:21.892000,180.765,58.305,58.5,23.595,49.14,28.86,-65.52,44.07,72,74,-957,1344
2025-09-05 21:24:21.894143,-33.345,234.78,203.97,-32.955,19.695,1.17,73.71000000000001,0.975,72,74,-957,1344
2025-09-05 21:24:21.896286,-260.52,367.185,341.055,-99.06,-13.65,-29.445,234.195,-43.485,70,75,-949,1344
2025-09-05 21:24:21.898429,-445.575,386.685,354.705,-157.56,-52.065000000000005,-66.105,193.635,-85.02,76,73,-958,1280
2025-09-05 21:24:21.900571,-365.625,134.745,68.64,-141.96,-63.375,-73.515,-106.275,-84.045,74,73,-958,1408
2025-09-05 21:24:21.902714,-154.44,-154.83,-241.995,-86.58,-47.775,-61.425,-412.035,-64.935,74,72,-958,1344
2025-09-05 21:24:21.904857,73.125,-290.55,-391.95,-22.035,-10.14,-29.835,-544.83,-18.33,74,72,-958,1344
2025-09-05 21:24:21.907000,254.28,-358.41,-460.395,37.635,17.94,-2.73,-616.005,22.62,72,73,-957,1344
2025-09-05 21:24:21.911857,418.08,-349.245,-444.795,89.11500000000001,62.595,32.76,-565.695,77.22,71,73,-953,1344
2025-09-05 21:24:21.916714,141.57,87.94500000000001,-51.675,15.405,33.54,19.695,-171.21,38.025,70,72,-957,1280
2025-09-05 21:24:21.921571,-75.66,249.99,110.955,-44.265,8.385,-10.53,-6.24,6.825,70,72,-957,1280
2025-09-05 21:24:21.926429,-312.975,390.39,259.15500000000003,-117.195,-25.155,-46.41,140.205,-40.17,70,71,-948,1280
2025-09-05 21:24:21.931286,-509.73,404.235,246.48,-170.625,-69.61500000000001,-85.41,72.15,-79.95,74,76,-956,1408
2025-09-05 21:24:21.936143,-431.535,157.56,-35.685,-155.025,-73.515,-92.82,-202.605,-66.3,74,73,-957,1408
2025-09-05 21:24:21.941000,-207.675,-116.805,-307.515,-88.92,-43.485,-77.415,-465.855,-27.105,71,75,-955,1472
2025-09-05 21:24:21.941571,14.43,-276.705,-493.74,-27.885,-9.36,-51.48,-633.945,13.26,71,75,-955,1472
2025-09-05 21:24:21.942143,201.825,-359.19,-580.125,31.785,20.865,-15.015,-716.0400000000001,54.6,67,76,-967,1280
2025-09-05 21:24:21.942714,356.265,-383.955,-572.715,74.295,47.97,13.26,-689.715,84.045,69,72,-951,1344
2025-09-05 21:24:21.943286,272.805,-168.48000000000002,-364.65,56.55,46.02,11.115,-470.535,57.525,67,75,-951,1408
2025-09-05 21:24:21.943857,64.35000000000001,31.200000000000003,-150.15,-5.46,18.135,-14.82,-253.11,7.41,62,73,-952,1344
2025-09-05 21:24:21.944429,-149.37,193.44,23.205,-63.375,-9.555,-38.22,-92.625,-33.345,62,73,-952,1344
2025-09-05 21:24:21.945000,-381.81,329.355,159.51000000000002,-143.52,-50.7,-72.15,34.905,-83.265,73,71,-949,1408
2025-09-05 21:24:21.952286,-563.5500000000001,361.92,185.25,-196.95,-74.88,-97.11,13.65,-95.55,69,79,-946,1344
2025-09-05 21:24:21.959571,-254.67,-153.465,-377.325,-115.245,-50.505,-77.025,-518.3100000000001,-39.585,69,73,-946,1344
2025-09-05 21:24:21.966857,-27.3,-327.6,-539.1750000000001,-53.82,-18.72,-46.41,-667.485,10.335,69,73,-946,1344
2025-09-05 21:24:21.974143,156.585,-400.335,-614.0550000000001,9.75,12.87,-16.185000000000002,-748.02,54.015,68,75,-937,1344
2025-09-05 21:24:21.981429,318.825,-419.64,-620.6850000000001,54.6,43.29,5.8500000000000005,-731.835,85.41,75,74,-937,1408
2025-09-05 21:24:21.988714,245.115,-203.385,-400.335,45.045,47.775,13.065,-488.67,74.10000000000001,70,75,-944,1408
2025-09-05 21:24:21.996000,49.14,21.84,-171.99,-13.845,25.155,-3.705,-270.66,39.0,67,75,-949,1472
2025-09-05 21:24:21.996429,-159.315,180.96,2.145,-73.32000000000001,-3.9,-29.055,-107.055,-1.755,67,75,-949,1472
2025-09-05 21:24:21.996857,43.29,13.65,-164.38500000000002,-9.36,20.865,8.97,-260.13,41.34,65,74,-938,1344
2025-09-05 21:24:21.997286,-166.725,159.315,-13.065,-69.22500000000001,-12.09,-10.53,-105.105,3.9,65,74,-938,1344
2025-09-05 21:24:21.997714,-395.265,302.64,137.085,-137.085,-46.41,-41.925,55.575,-45.435,69,81,-946,1344
2025-09-05 21:24:21.998143,-585.39,343.98,169.26000000000002,-193.83,-81.12,-81.9,30.42,-83.46000000000001,64,77,-928,1408
2025-09-05 21:24:21.998571,-504.465,93.405,-82.875,-172.38,-75.465,-84.63000000000001,-229.71,-67.08,64,74,-932,1408
2025-09-05 21:24:21.999000,-276.90000000000003,-182.715,-367.575,-112.71,-49.14,-57.915,-499.005,-26.91,65,72,-934,1408
2025-09-05 21:24:22.006714,-53.82,-343.785,-539.565,-42.315000000000005,-8.775,-31.98,-665.34,17.745,65,72,-934,1408
2025-09-05 21:24:22.014429,137.475,-413.205,-619.905,17.16,22.035,3.705,-733.005,53.43,65,65,-935,1408
2025-09-05 21:24:22.022143,308.49,-441.675,-623.61,62.205000000000005,47.385000000000005,35.685,-699.27,86.19,65,69,-941,1408
2025-09-05 21:24:22.029857,231.66,-228.735,-387.465,35.1,38.025,39.78,-461.37,62.595,68,69,-937,1408
2025-09-05 21:24:22.037571,31.98,-11.7,-155.415,-14.82,19.305,18.525,-249.795,27.885,67,71,-938,1408
2025-09-05 21:24:22.045286,-161.655,183.495,37.05,-66.885,-6.24,3.705,-62.595,0.585,67,71,-938,1408
2025-09-05 21:24:22.053000,-387.075,314.14500000000004,163.995,-135.915,-41.73,-27.69,69.22500000000001,-49.14,71,68,-949,1344
2025-09-05 21:24:22.058857,-569.985,344.565,184.08,-194.22,-78.19500000000001,-62.595,43.095,-83.46000000000001,68,67,-937,1344
2025-09-05 21:24:22.064714,-208.65,-195.78,-351.195,-102.96,-55.185,-35.295,-460.395,-32.175000000000004,78,63,-949,1408
2025-09-05 21:24:22.070571,23.4,-353.925,-517.53,-37.83,-17.745,-5.46,-611.52,13.845,79,65,-948,1408
2025-09-05 21:24:22.076429,214.305,-439.725,-593.19,20.67,11.505,25.155,-691.47,53.82,79,65,-948,1408
2025-09-05 21:24:22.082286,379.665,-464.295,-600.99,77.025,46.995000000000005,59.28,-652.86,94.965,73,70,-947,1344
2025-09-05 21:24:22.088143,316.68,-246.48,-375.18,61.620000000000005,51.09,60.645,-416.715,84.825,77,69,-946,1344
2025-09-05 21:24:22.094000,125.385,-4.875,-137.865,13.845,32.370000000000005,46.605,-203.775,49.725,77,70,-949,1344
2025-09-05 21:24:22.097000,-76.83,141.18,33.93,-38.805,4.29,17.16,-36.075,6.4350000000000005,79,70,-949,1472
2025-09-05 21:24:22.100000,139.62,3.12,-111.735,21.06,31.785,39.585,-168.09,53.43,71,70,-946,1344
2025-09-05 21:24:22.103000,-60.255,177.84,63.18,-40.95,8.97,16.575,-7.995,9.36,73,65,-945,1344
2025-09-05 21:24:22.106000,-284.31,305.37,193.83,-104.52,-27.69,-13.065,127.725,-39.39,73,65,-945,1344
2025-09-05 21:24:22.109000,-476.58,337.935,212.355,-164.38500000000002,-73.71000000000001,-49.14,103.155,-80.34,83,64,-943,1280
2025-09-05 21:24:22.112000,-405.99,96.525,-49.335,-151.515,-77.61,-58.305,-160.68,-71.565,83,65,-944,1408
2025-09-05 21:24:22.115000,-185.835,-188.565,-326.82,-84.045,-51.285,-39.78,-426.465,-32.955,76,65,-944,1344
2025-09-05 21:24:22.116000,45.825,-356.65500000000003,-484.185,-21.06,-23.205,-8.385,-575.445,10.725,77,70,-948,1344
2025-09-05 21:24:22.116667,-187.005,-187.395,-325.65000000000003,-80.535,-54.405,-43.875,-426.465,-42.51,67,69,-947,1408
2025-09-05 21:24:22.117333,43.485,-342.03000000000003,-486.33,-8.97,-18.915,-15.6,-565.695,10.725,70,67,-946,1344
2025-09-05 21:24:22.118000,232.05,-425.295,-568.4250000000001,47.97,18.33,13.455,-652.08,48.555,70,67,-946,1344
2025-09-05 21:24:22.118667,410.28,-455.715,-592.41,104.13,45.825,45.63,-632.19,83.46000000000001,71,69,-955,1408
2025-09-05 21:24:22.119333,347.1,-247.65,-370.695,86.97,52.845,51.675,-406.185,73.32000000000001,69,69,-951,1344
2025-09-05 21:24:22.120000,150.15,-3.705,-128.31,31.200000000000003,32.76,35.49,-173.35500000000002,44.655,71,66,-951,1280
2025-09-05 21:24:22.130429,-54.015,173.16,54.6,-28.275,4.29,5.8500000000000005,-5.46,-0.78,72,65,-951,1408
2025-09-05 21:24:22.140857,173.55,29.64,-91.455,29.64,44.46,34.32,-141.18,44.265,70,66,-952,1280
2025-09-05 21:24:22.151286,-31.005000000000003,182.715,68.25,-30.03,17.55,12.285,14.625,10.14,70,66,-950,1344
2025-09-05 21:24:22.161714,-246.285,320.58,215.085,-96.33,-15.015,-21.84,173.745,-33.15,70,66,-950,1344
2025-09-05 21:24:22.172143,-450.06,357.63,253.5,-157.56,-60.255,-58.305,152.685,-76.83,67,61,-953,1344
2025-09-05 21:24:22.182571,-376.935,119.535,-5.07,-143.13,-60.45,-66.885,-122.46,-71.955,63,66,-956,1408
2025-09-05 21:24:22.193000,-156.195,-143.13,-295.815,-77.025,-34.71,-45.045,-394.485,-39.585,68,66,-956,1344
2025-09-05 21:24:22.195000,69.03,-312.195,-458.64,-9.555,1.17,-14.625,-541.125,10.14,67,64,-953,1344
2025-09-05 21:24:22.197000,199.485,12.09,-76.83,47.97,45.825,41.535,-110.955,53.235,77,69,-948,1408
2025-09-05 21:24:22.199000,-0.585,180.57,93.795,-13.26,21.84,12.87,58.11,15.6,79,71,-946,1344
2025-09-05 21:24:22.201000,-221.91,315.315,228.54,-81.705,-10.725,-20.865,189.735,-35.49,79,71,-946,1344
2025-09-05 21:24:22.203000,-422.565,368.55,265.395,-145.08,-45.24,-56.16,181.935,-75.075,75,67,-964,1344
2025-09-05 21:24:22.205000,-362.31,123.045,17.355,-129.285,-53.82,-61.23,-82.68,-75.66,68,63,-954,1280
2025-09-05 21:24:22.207000,-141.96,-144.495,-268.515,-68.44500000000001,-27.885,-39.39,-357.045,-32.76,72,66,-946,1280
2025-09-05 21:24:22.207500,88.14,-317.65500000000003,-441.87,1.95,4.29,-12.285,-505.05,6.4350000000000005,74,70,-944,1344
2025-09-05 21:24:22.208000,-136.305,-141.57,-292.5,-65.325,-30.225,-44.85,-362.7,-44.655,78,66,-939,1408
2025-09-05 21:24:22.215000,91.845,-309.66,-453.375,2.535,5.8500000000000005,-14.625,-506.805,-2.535,76,70,-938,1344
2025-09-05 21:24:22.222000,287.625,-384.93,-527.475,64.155,37.05,11.505,-577.59,47.97,76,70,-938,1344
2025-09-05 21:24:22.229000,465.27,-430.17,-575.445,117.78,72.345,48.165,-588.9,72.345,77,63,-944,1344
2025-09-05 21:24:22.236000,399.75,-217.62,-350.415,104.52,76.83,59.085,-357.63,68.055,67,67,-953,1344
2025-09-05 21:24:22.243000,214.11,24.18,-90.09,54.795,52.260000000000005,36.855,-113.295,34.515,71,68,-945,1344
2025-09-05 21:24:22.244643,-0.975,180.765,72.735,-5.8500000000000005,31.395,7.215,40.755,-9.165,75,71,-938,1408
2025-09-05 21:24:22.246286,221.13,15.015,-86.97,63.57,54.21,29.64,-95.355,33.735,69,70,-937,1408
2025-09-05 21:24:22.247929,9.555,186.81,72.54,6.4350000000000005,26.715,4.875,61.23,-6.825,70,72,-940,1344
2025-09-05 21:24:22.249571,-211.77,320.58,200.46,-63.18,-7.605,-32.175000000000004,192.075,-52.455,70,72,-940,1344
2025-09-05 21:24:22.251214,-423.15,370.305,252.135,-117.195,-47.97,-66.69,198.12,-99.255,68,73,-941,1344
2025-09-05 21:24:22.252857,-357.435,145.665,6.63,-105.885,-54.6,-70.005,-57.915,-88.53,72,65,-940,1344
2025-09-05 21:24:22.254500,-140.79,-137.475,-280.605,-44.655,-31.200000000000003,-54.015,-332.67,-46.8,72,71,-946,1344
2025-09-05 21:24:22.256143,93.405,-298.935,-443.43,25.155,0.975,-22.425,-481.845,-1.17,71,68,-946,1344
2025-09-05 21:24:22.257786,-135.525,-127.335,-277.095,-43.095,-35.88,-44.46,-320.58,-45.045,74,67,-946,1408
2025-09-05 21:24:22.259429,91.845,-286.845,-431.145,25.74,3.315,-13.26,-479.7,-3.9,68,70,-946,1408
2025-09-05 21:24:22.261071,286.26,-369.72,-522.6,87.36,34.515,17.355,-569.205,39.585,65,65,-955,1344
2025-09-05 21:24:22.262714,472.875,-413.595,-562.965,138.645,67.86,50.115,-567.0600000000001,70.2,65,65,-955,1344
2025-09-05 21:24:22.264357,419.055,-200.07,-330.52500000000003,125.97,69.81,62.595,-330.33,61.620000000000005,64,64,-952,1408
2025-09-05 21:24:22.266000,227.37,34.32,-79.95,74.295,49.92,42.120000000000005,-84.24000000000001,38.025,67,67,-949,1280
2025-09-05 21:24:22.266857,22.035,188.175,79.56,6.045,18.915,13.65,65.52,-10.725,67,66,-952,1408
2025-09-05 21:24:22.267714,244.14,36.465,-72.15,71.175,34.32,42.705,-81.51,48.75,63,71,-951,1408
2025-09-05 21:24:22.268571,37.83,215.67,103.35,15.015,6.045,16.77,88.92,1.56,65,73,-951,1408
2025-09-05 21:24:22.269429,-183.69,351.0,235.17,-53.82,-28.275,-15.21,230.685,-41.73,67,70,-949,1344
2025-09-05 21:24:22.270286,-389.22,408.135,282.945,-118.56,-67.86,-48.36,244.335,-84.435,67,70,-949,1344
2025-09-05 21:24:22.271143,-329.745,168.09,29.055,-103.545,-75.075,-56.745000000000005,-18.33,-76.44,62,72,-958,1344
2025-09-05 21:24:22.272000,-116.415,-113.295,-256.425,-44.07,-60.645,-34.515,-289.77,-29.64,62,71,-954,1408
2025-09-05 21:24:22.275571,107.25,-283.33500000000004,-436.215,23.205,-23.205,-8.58,-462.735,11.505,62,70,-952,1344
2025-09-05 21:24:22.279143,234.0,39.195,-78.39,77.805,39.78,51.870000000000005,-76.83,54.795,71,71,-952,1344
2025-09-05 21:24:22.282714,31.785,201.825,87.94500000000001,14.625,6.63,24.96,76.05,15.795,70,72,-946,1408
2025-09-05 21:24:22.286286,-189.735,343.39500000000004,224.835,-51.870000000000005,-36.075,-9.36,222.885,-37.44,70,72,-945,1408
2025-09-05 21:24:22.289857,-402.09,402.48,289.575,-114.27,-73.515,-47.97,240.24,-81.51,70,72,-945,1408
2025-09-05 21:24:22.293429,-345.345,176.865,41.34,-99.255,-79.95,-54.015,-13.65,-77.61,71,69,-947,1344
2025-09-05 21:24:22.297000,-126.945,-101.595,-254.085,-45.825,-54.795,-35.49,-321.945,-31.785,67,73,-951,1344
2025-09-05 21:24:22.304857,100.62,-282.945,-428.61,26.130000000000003,-22.62,-5.8500000000000005,-471.51,16.185000000000002,67,69,-947,1344
2025-09-05 21:24:22.312714,214.11,5.07,-77.22,63.96,27.69,60.645,-87.94500000000001,55.77,68,72,-943,1344
2025-09-05 21:24:22.320571,5.8500000000000005,179.205,96.72,4.095,2.73,35.49,88.53,11.895,68,69,-942,1280
2025-09-05 21:24:22.328429,-215.865,297.375,233.805,-64.545,-34.32,0.39,231.855,-35.1,69,71,-944,1472
2025-09-05 21:24:22.336286,-437.97,376.935,304.59000000000003,-122.655,-73.515,-36.075,248.04,-74.295,69,71,-944,1472
2025-09-05 21:24:22.344143,-383.955,146.445,58.5,-116.025,-78.97500000000001,-40.365,-10.335,-69.61500000000001,66,73,-955,1344
2025-09-05 21:24:22.352000,-164.38500000000002,-144.3,-228.15,-53.43,-55.185,-25.35,-280.41,-37.635,65,67,-950,1408
2025-09-05 21:24:22.365143,61.23,-304.2,-402.09,14.43,-21.84,0.78,-448.695,-1.365,69,70,-951,1344
2025-09-05 21:24:22.378286,-164.97,-95.745,-206.115,-42.51,-53.43,-24.765,-265.005,-43.095,67,74,-946,1344
2025-09-05 21:24:22.391429,63.96,-258.96000000000004,-370.695,22.035,-19.11,6.4350000000000005,-420.615,5.8500000000000005,68,69,-950,1408
2025-09-05 21:24:22.404571,255.06,-344.955,-448.11,79.95,15.99,36.66,-495.3,44.46,66,70,-948,1344
2025-09-05 21:24:22.417714,444.405,-407.16,-500.76,136.89,39.975,65.715,-499.98,90.285,66,70,-948,1344
2025-09-05 21:24:22.430857,398.58,-204.555,-290.16,131.04,48.75,75.075,-276.90000000000003,88.14,68,68,-955,1344
2025-09-05 21:24:22.444000,210.21,28.86,-40.95,76.44,28.275,62.595,-36.66,55.185,58,71,-957,1472
2025-09-05 21:24:22.444429,0.39,195.585,126.165,16.38,-1.365,38.22,117.975,12.87,63,72,-953,1280
2025-09-05 21:24:22.444857,217.425,17.355,-49.335,74.49000000000001,24.96,59.475,-58.89,44.46,69,79,-947,1472
2025-09-05 21:24:22.445286,7.41,195.78,132.405,13.455,-4.29,37.245000000000005,120.705,13.455,67,77,-947,1344
2025-09-05 21:24:22.445714,-213.525,327.99,277.485,-51.09,-39.195,5.46,260.325,-38.025,64,72,-947,1408
2025-09-05 21:24:22.446143,-432.315,416.715,335.205,-118.755,-78.39,-34.32,266.955,-89.31,64,72,-947,1408
2025-09-05 21:24:22.446571,-373.23,182.91,85.41,-106.275,-86.19,-44.07,10.14,-79.56,66,70,-944,1408
2025-09-05 21:24:22.447000,-157.56,-104.325,-205.335,-45.825,-58.89,-28.275,-267.345,-40.17,71,68,-940,1344
2025-09-05 21:24:22.452000,68.44500000000001,-283.53000000000003,-376.74,16.38,-23.205,0.0,-423.54,6.4350000000000005,72,72,-943,1408
2025-09-05 21:24:22.457000,257.595,-358.02000000000004,-453.765,82.29,7.41,28.08,-495.495,50.31,67,73,-946,1344
2025-09-05 21:24:22.462000,451.815,-417.885,-517.725,137.865,47.190000000000005,57.915,-520.455,85.995,64,70,-946,1408
2025-09-05 21:24:22.467000,405.015,-226.395,-299.91,129.09,47.775,65.325,-296.985,72.93,64,70,-946,1408
2025-09-05 21:24:22.472000,212.94,6.4350000000000005,-41.925,74.295,27.3,51.870000000000005,-51.48,37.245000000000005,59,75,-941,1344
2025-09-05 21:24:22.477000,16.77,190.515,140.985,17.55,9.555,29.835,118.95,12.285,62,75,-944,1280
2025-09-05 21:24:22.482000,-208.065,321.36,254.28,-50.7,-27.105,-6.24,224.64,-39.78,61,75,-943,1408
2025-09-05 21:24:22.485571,-431.73,408.72,341.055,-113.88,-62.79,-41.73,277.875,-85.215,65,82,-944,1344
2025-09-05 21:24:22.489143,253.305,31.785,-66.105,80.925,40.95,43.875,-62.79,41.73,62,75,-945,1408
2025-09-05 21:24:22.492714,49.92,206.7,106.47,23.4,13.065,22.425,100.425,3.705,62,76,-944,1408
2025-09-05 21:24:22.496286,-176.475,336.375,226.785,-44.07,-18.33,-14.625,211.38,-41.73,63,74,-945,1344
2025-09-05 21:24:22.499857,-399.75,405.015,290.745,-113.685,-58.695,-54.015,227.76,-89.895,63,72,-947,1344
2025-09-05 21:24:22.503429,-350.22,184.665,34.515,-101.01,-70.2,-64.155,-32.370000000000005,-83.265,63,72,-947,1344
2025-09-05 21:24:22.507000,-136.89,-110.175,-247.65,-43.095,-46.215,-42.120000000000005,-265.59000000000003,-43.68,66,69,-950,1344
2025-09-05 21:24:22.507167,88.53,-292.5,-418.08,20.865,-20.085,-9.75,-429.78,3.315,65,69,-949,1280
2025-09-05 21:24:22.507333,278.65500000000003,-356.85,-480.48,78.39,12.675,23.79,-519.285,45.24,61,71,-948,1344
2025-09-05 21:24:22.507500,475.02,-421.59,-560.4300000000001,137.28,45.825,50.31,-558.48,85.41,62,73,-948,1344
2025-09-05 21:24:22.507667,439.14,-235.365,-365.43,128.115,46.995000000000005,52.260000000000005,-368.355,72.93,62,73,-948,1344
2025-09-05 21:24:22.507833,245.7,-24.18,-141.375,67.08,18.72,28.08,-170.82,22.815,54,75,-954,1344
2025-09-05 21:24:22.508000,36.465,149.565,31.98,12.675,-11.31,7.605,4.875,-15.795,58,74,-953,1344
2025-09-05 21:24:22.539000,-181.74,299.91,173.35500000000002,-50.7,-42.315000000000005,-27.69,190.32,-61.620000000000005,62,76,-953,1344
2025-09-05 21:24:22.547429,-390.975,387.075,267.93,-107.64,-75.465,-58.5,218.595,-82.68,64,75,-949,1344
2025-09-05 21:24:22.555857,-124.995,-134.745,-312.195,-37.245000000000005,-70.785,-59.67,-357.435,-36.27,66,72,-946,1280
2025-09-05 21:24:22.564286,108.615,-312.39,-504.855,30.81,-32.565,-31.59,-552.4350000000001,15.6,67,72,-949,1344
2025-09-05 21:24:22.572714,302.64,-392.535,-616.98,90.09,-1.56,-4.095,-704.73,53.235,64,75,-947,1344
2025-09-05 21:24:22.581143,505.83,-450.84,-656.1750000000001,153.27,34.71,42.120000000000005,-652.08,94.965,61,71,-951,1344
2025-09-05 21:24:22.589571,475.605,-241.02,-417.105,151.905,46.02,53.625,-407.94,95.55,61,71,-951,1344
2025-09-05 21:24:22.598000,290.745,-10.92,-176.865,101.79,24.18,34.32,-207.87,60.645,58,79,-950,1344
2025-09-05 21:24:22.611429,84.63000000000001,138.84,-39.195,39.975,-0.585,3.315,-87.555,18.525,58,77,-950,1344
2025-09-05 21:24:22.624857,337.35,-69.03,-299.325,107.25,29.25,34.32,-345.345,52.455,59,77,-949,1344
2025-09-05 21:24:22.638286,133.77,99.84,-126.165,52.065000000000005,-1.95,6.825,-211.575,16.77,62,79,-950,1408
2025-09-05 21:24:22.651714,-80.535,224.835,-28.08,-17.16,-41.73,-30.225,-111.54,-31.785,63,76,-950,1408
2025-09-05 21:24:22.665143,-304.59000000000003,306.54,34.32,-87.36,-83.07000000000001,-74.685,-93.405,-81.51,62,76,-947,1344
2025-09-05 21:24:22.678571,-256.035,88.14,-174.72,-73.905,-86.19,-74.49000000000001,-274.365,-70.395,62,76,-947,1344
2025-09-05 21:24:22.692000,-37.635,-205.14,-473.46,-16.965,-66.3,-55.185,-563.94,-31.98,68,75,-937,1344
2025-09-05 21:24:22.692143,192.855,-385.515,-686.985,48.75,-39.0,-33.735,-816.27,7.215,66,78,-941,1344
2025-09-05 21:24:22.692286,339.105,-56.940000000000005,-386.1,101.01,30.81,26.52,-471.9,30.81,65,66,-940,1344
2025-09-05 21:24:22.692429,127.335,117.975,-237.51,44.265,-0.585,-1.95,-321.165,-6.63,60,69,-944,1344
2025-09-05 21:24:22.692571,-101.595,246.675,-116.025,-26.52,-34.32,-35.295,-216.06,-52.065000000000005,63,72,-947,1344
2025-09-05 21:24:22.692714,-336.96000000000004,339.69,-16.77,-93.795,-79.36500000000001,-75.075,-145.275,-97.11,63,77,-949,1408
2025-09-05 21:24:22.692857,-302.055,121.485,-243.945,-91.26,-84.24000000000001,-84.825,-392.73,-89.7,63,77,-949,1408
2025-09-05 21:24:22.693000,-90.675,-160.29,-543.855,-30.81,-62.595,-73.905,-678.21,-56.16,61,78,-940,1344
2025-09-05 21:24:22.700571,142.35,-340.08,-715.26,35.295,-31.200000000000003,-39.39,-832.845,-14.04,74,73,-937,1344
2025-09-05 21:24:22.708143,330.52500000000003,-411.06,-797.5500000000001,98.085,2.34,-12.285,-946.335,29.445,65,71,-944,1344
2025-09-05 21:24:22.715714,534.3000000000001,-473.07,-844.9350000000001,154.63500000000002,38.22,18.525,-918.255,69.61500000000001,67,70,-942,1344
2025-09-05 21:24:22.723286,490.23,-285.675,-631.02,140.01,44.265,29.835,-694.98,55.965,67,70,-942,1344
2025-09-05 21:24:22.730857,293.865,-63.765,-415.935,83.07000000000001,16.38,4.29,-499.2000000000001,2.9250000000000003,69,68,-947,1280
2025-09-05 21:24:22.738429,74.49000000000001,115.05,-214.5,21.06,-8.58,-13.845,-288.21000000000004,-31.395,64,68,-953,1344
2025-09-05 21:24:22.746000,-153.27,244.53,-36.465,-39.39,-37.635,-39.39,-121.485,-61.425,63,68,-951,1344
2025-09-05 21:24:22.752714,-368.94,375.96,46.215,-102.96,-74.685,-78.39,-79.75500000000001,-90.48,64,72,-946,1344
2025-09-05 21:24:22.759429,-136.11,-131.235,-465.465,-45.63,-58.5,-74.295,-605.28,-45.435,61,73,-944,1344
2025-09-05 21:24:22.766143,98.28,-313.17,-668.655,16.77,-29.835,-46.02,-791.895,0.585,63,76,-952,1280
2025-09-05 21:24:22.772857,288.21000000000004,-388.83,-719.94,74.10000000000001,7.605,-20.085,-858.195,43.485,61,75,-952,1344
2025-09-05 21:24:22.779571,485.55,-454.545,-771.03,135.525,41.925,17.745,-855.6600000000001,85.215,58,76,-951,1408
2025-09-05 21:24:22.786286,445.185,-254.67,-572.52,128.505,49.53,27.495,-641.745,84.24000000000001,58,76,-951,1408
2025-09-05 21:24:22.793000,259.935,-11.505,-317.65500000000003,84.24000000000001,37.635,17.55,-414.18,47.97,60,79,-951,1344
2025-09-05 21:24:22.794714,53.43,158.535,-147.81,22.23,13.26,-7.605,-231.855,7.215,60,82,-936,1408
2025-09-05 21:24:22.796429,-228.93,-101.595,-343.785,-75.66,-59.085,-67.86,-452.4,-49.53,59,62,-944,1344
2025-09-05 21:24:22.798143,8.97,-276.315,-530.01,-4.095,-24.765,-32.565,-633.36,-8.19,56,65,-959,1344
2025-09-05 21:24:22.799857,200.85,-359.97,-595.53,52.260000000000005,7.41,0.195,-674.895,27.495,56,66,-955,1344
2025-09-05 21:24:22.801571,397.605,-448.89,-647.4,116.025,40.95,34.905,-704.73,72.54,53,65,-951,1408
2025-09-05 21:24:22.803286,361.53,-250.965,-441.87,112.905,56.16,44.265,-496.275,68.44500000000001,56,68,-957,1408
2025-09-05 21:24:22.805000,188.565,-23.79,-215.475,58.11,38.805,31.98,-271.83,39.39,56,68,-957,1408
2025-09-05 21:24:22.810429,-20.67,145.275,-30.42,0.0,11.115,6.24,-103.545,-5.46,64,64,-951,1408
2025-09-05 21:24:22.815857,-246.285,278.65500000000003,96.135,-68.64,-24.57,-28.275,40.755,-46.995000000000005,60,62,-946,1344
2025-09-05 21:24:22.821286,-475.8,384.345,183.105,-139.23000000000002,-67.665,-65.52,107.25,-95.745,55,65,-941,1280
2025-09-05 21:24:22.826714,-450.84,164.19,-18.135,-143.52,-80.145,-80.535,-153.07500000000002,-98.67,56,62,-941,1344
2025-09-05 21:24:22.832143,-255.84,-139.035,-332.865,-86.385,-73.71000000000001,-71.76,-417.495,-79.36500000000001,56,62,-941,1344
2025-09-05 21:24:22.837571,-26.715,-304.005,-518.895,-17.94,-38.805,-45.825,-624.975,-38.415,51,67,-952,1344
2025-09-05 21:24:22.843000,163.995,-385.71,-595.53,36.66,-2.535,-13.65,-668.46,4.68,55,66,-937,1280
2025-09-05 21:24:22.845857,371.865,-444.6,-617.37,108.81,38.805,34.71,-665.145,66.69,54,66,-931,1408
2025-09-05 21:24:22.848714,171.405,-10.92,-126.165,52.065000000000005,38.61,34.32,-184.08,43.875,55,67,-915,1408
2025-09-05 21:24:22.851571,-35.685,157.365,25.935,-6.825,9.945,6.24,-52.065000000000005,7.0200000000000005,59,52,-921,1344
2025-09-05 21:24:22.854429,-262.27500000000003,296.40000000000003,158.73000000000002,-70.785,-21.45,-30.225,87.94500000000001,-40.17,58,54,-906,1344
2025-09-05 21:24:22.857286,-502.32,391.365,266.37,-139.425,-65.325,-63.18,158.925,-83.655,54,60,-901,1344
2025-09-05 21:24:22.860143,-474.045,184.08,53.235,-131.43,-75.66,-72.54,-68.25,-83.265,50,54,-905,1280
2025-09-05 21:24:22.863000,-267.345,-109.59,-253.305,-76.05,-57.525,-55.185,-356.265,-47.97,50,54,-905,1280
2025-09-05 21:24:22.868143,-41.925,-288.40500000000003,-439.92,-16.185000000000002,-23.595,-24.57,-558.09,-12.87,51,68,-886,1408
2025-09-05 21:24:22.873286,-283.92,-107.64,-225.615,-87.555,-59.28,-58.89,-331.5,-54.6,53,57,-938,1408
2025-09-05 21:24:22.878429,-50.31,-299.13,-422.955,-16.185000000000002,-18.33,-30.81,-510.315,-9.75,60,60,-932,1344
2025-09-05 21:24:22.883571,146.445,-392.535,-520.065,37.44,11.31,-5.265000000000001,-591.0450000000001,36.66,56,63,-933,1344
2025-09-05 21:24:22.888714,345.15000000000003,-456.495,-572.52,95.16,47.97,28.08,-652.6650000000001,65.91,56,55,-939,1280
2025-09-05 21:24:22.893857,320.77500000000003,-259.15500000000003,-374.985,92.82,60.06,43.68,-427.245,70.98,58,62,-947,1408
2025-09-05 21:24:22.899000,143.715,-22.425,-104.13,43.29,45.435,27.3,-152.49,40.17,58,62,-947,1408
2025-09-05 21:24:22.912571,-64.935,142.35,58.305,-15.795,13.065,0.78,1.95,-2.535,63,72,-938,1408
2025-09-05 21:24:22.926143,-283.14,279.825,183.3,-80.145,-16.185000000000002,-26.715,104.13,-50.115,59,58,-947,1344
2025-09-05 21:24:22.939714,-515.97,377.91,282.75,-151.515,-60.645,-63.765,181.155,-94.575,61,61,-947,1344
2025-09-05 21:24:22.953286,-489.06,167.115,73.125,-152.1,-74.49000000000001,-77.805,-52.065000000000005,-109.785,64,69,-940,1408
2025-09-05 21:24:22.966857,-286.065,-127.92,-228.345,-101.4,-56.55,-61.620000000000005,-350.805,-78.58500000000001,64,69,-940,1408
2025-09-05 21:24:22.980429,-44.265,-276.705,-405.99,-22.035,-11.505,-23.4,-516.75,-14.04,60,58,-935,1344
2025-09-05 21:24:22.994000,150.54,-360.555,-483.795,33.54,21.255,6.24,-579.15,24.57,56,59,-942,1408
2025-09-05 21:24:23.008286,347.685,-443.235,-566.865,95.94,58.305,38.61,-635.7,71.565,63,68,-947,1280
2025-09-05 21:24:23.022571,-236.925,-112.515,-221.52,-75.465,-35.685,-42.120000000000005,-335.985,-54.405,82,73,-958,1472
2025-09-05 21:24:23.036857,4.29,-292.695,-403.65,-7.800000000000001,1.56,-7.995,-487.5,-5.655,87,64,-964,1408
2025-09-05 21:24:23.051143,203.58,-390.39,-486.33,55.965,32.76,19.11,-547.365,38.025,79,78,-957,1344
2025-09-05 21:24:23.065429,405.99,-462.54,-551.85,112.71,67.275,47.385000000000005,-610.155,70.785,82,74,-947,1408
2025-09-05 21:24:23.079714,390.0,-274.755,-367.575,110.37,71.175,59.67,-400.725,70.2,82,69,-952,1472
2025-09-05 21:24:23.094000,212.355,-39.39,-113.88,68.64,53.235,45.825,-142.74,37.245000000000005,82,69,-952,1472
2025-09-05 21:24:23.095714,12.675,127.335,55.38,12.285,27.69,23.205,24.375,-0.975,83,77,-955,1408
2025-09-05 21:24:23.097429,-192.855,268.90500000000003,192.075,-49.335,-4.68,-5.655,147.42000000000002,-45.045,81,91,-952,1408
2025-09-05 21:24:23.099143,-421.98,375.18,291.915,-110.37,-48.555,-47.385000000000005,231.075,-87.75,79,80,-953,1408
2025-09-05 21:24:23.100857,-394.68,155.415,46.8,-113.295,-64.74000000000001,-63.375,-31.59,-100.035,84,71,-960,1344
2025-09-05 21:24:23.102571,-196.95,-147.615,-265.2,-59.865,-46.02,-48.555,-317.65500000000003,-68.055,84,71,-960,1344
2025-09-05 21:24:23.104286,52.65,-303.225,-401.895,19.11,-1.365,-13.065,-455.715,-3.9,99,82,-969,1408
2025-09-05 21:24:23.106000,255.84,-391.17,-492.375,71.37,26.715,11.31,-522.015,37.635,87,92,-950,1472
2025-09-05 21:24:23.111429,456.495,-463.515,-543.27,139.62,65.91,44.265,-558.6750000000001,81.12,84,77,-957,1408
2025-09-05 21:24:23.116857,359.19,105.3,119.73,120.705,79.36500000000001,75.855,169.845,53.04,100,103,-951,1408
2025-09-05 21:24:23.122286,153.66,274.95,314.535,72.15,54.21,54.21,362.115,21.645,100,107,-959,1344
2025-09-05 21:24:23.127714,-64.545,412.035,459.81,9.75,18.33,25.935,500.955,-23.205,103,101,-958,1408
2025-09-05 21:24:23.133143,-303.225,524.94,561.015,-66.3,-25.74,-13.26,574.08,-75.27,99,102,-956,1408
2025-09-05 21:24:23.138571,-289.575,335.40000000000003,366.795,-62.985,-31.59,-23.985,360.945,-77.61,97,105,-952,1344
2025-09-05 21:24:23.144000,-97.5,50.505,81.9,-14.235,-12.87,-13.65,85.41,-41.34,97,105,-952,1344
2025-09-05 21:24:23.146714,134.745,-138.45000000000002,-104.52,52.455,17.355,15.015,-84.045,4.875,95,98,-952,1408
2025-09-05 21:24:23.149429,326.235,-220.35,-186.81,114.855,49.53,53.43,-159.315,43.875,80,99,-964,1408
2025-09-05 21:24:23.152143,529.035,-304.2,-230.1,176.67000000000002,85.995,78.58500000000001,-183.105,93.405,84,103,-955,1344
2025-09-05 21:24:23.154857,511.485,-131.04,-58.11,169.455,86.775,87.555,-12.09,70.785,88,106,-951,1344
2025-09-05 21:24:23.157571,328.575,119.73,195.39,121.095,73.32000000000001,75.075,240.435,54.6,88,106,-951,1344
2025-09-05 21:24:23.160286,128.31,297.96000000000004,390.585,70.98,48.945,52.845,429.585,20.865,90,104,-943,1344
2025-09-05 21:24:23.163000,-94.965,420.03,527.28,4.29,15.21,28.08,567.45,-29.445,94,104,-954,1280
2025-09-05 21:24:23.167857,-334.425,539.37,653.835,-66.3,-23.595,-12.09,656.37,-79.17,89,103,-949,1408
2025-09-05 21:24:23.172714,253.5,161.46,286.845,109.785,55.38,75.075,354.705,50.7,65,105,-937,1472
2025-09-05 21:24:23.177571,50.505,317.85,459.615,52.845,29.64,55.185,517.9200000000001,15.795,65,105,-937,1472
2025-09-05 21:24:23.182429,-170.43,442.455,589.875,-9.75,0.78,22.23,646.4250000000001,-36.855,74,101,-944,1408
2025-09-05 21:24:23.187286,-408.135,560.82,705.315,-85.02,-39.195,-17.355,727.155,-85.41,69,101,-939,1344
2025-09-05 21:24:23.192143,-397.605,360.75,499.98,-83.655,-51.48,-29.835,503.685,-81.315,60,98,-945,1344
2025-09-05 21:24:23.197000,-202.8,81.315,205.725,-30.42,-31.785,-13.455,219.57,-45.435,59,97,-950,1280
2025-09-05 21:24:23.205000,30.225,-115.83,19.305,26.715,0.585,14.235,50.31,-3.9,59,97,-950,1280
2025-09-05 21:24:23.213000,-219.57,77.805,194.61,-35.295,-36.66,-23.01,213.525,-51.870000000000005,57,92,-945,1344
2025-09-05 21:24:23.221000,14.82,-101.79,17.745,35.49,0.195,10.335,40.17,-4.68,57,92,-945,1344
2025-09-05 21:24:23.229000,210.015,-187.59,-64.74000000000001,94.185,30.03,41.535,-37.83,31.59,57,99,-930,1344
2025-09-05 21:24:23.237000,408.72,-276.51,-177.45000000000002,152.88,57.72,65.52,-123.63,71.37,56,102,-935,1344
2025-09-05 21:24:23.245000,395.46,-101.4,41.535,156.585,78.19500000000001,83.46000000000001,93.99,81.9,52,95,-941,1344
2025-09-05 21:24:23.253000,214.695,147.42000000000002,277.875,107.445,60.84,68.64,337.935,52.065000000000005,53,95,-942,1408
2025-09-05 21:24:23.264286,13.845,315.12,463.32,51.870000000000005,37.83,43.485,511.875,9.165,53,95,-942,1408
2025-09-05 21:24:23.275571,-204.165,445.575,600.7950000000001,-17.745,1.365,16.38,647.205,-32.175000000000004,56,94,-951,1344
2025-09-05 21:24:23.286857,-444.6,557.3100000000001,702.0,-88.14,-39.975,-26.130000000000003,717.99,-80.73,58,91,-947,1344
2025-09-05 21:24:23.298143,-437.58,353.34000000000003,484.575,-87.165,-57.330000000000005,-41.73,476.19,-93.6,56,92,-946,1344
2025-09-05 21:24:23.309429,-255.255,56.355,169.845,-44.655,-46.605,-37.44,186.81,-78.58500000000001,55,91,-947,1344
2025-09-05 21:24:23.320714,-21.84,-117.39,-15.015,23.205,-15.6,-8.775,11.115,-34.71,55,91,-947,1344
2025-09-05 21:24:23.332000,174.13500000000002,-220.35,-108.81,81.12,7.605,22.62,-72.93,0.585,58,89,-945,1344
2025-09-05 21:24:23.332250,386.295,-275.925,-161.265,149.565,53.235,57.915,-110.37,69.61500000000001,54,90,-951,1344
2025-09-05 21:24:23.332500,205.725,149.955,265.785,104.91,47.97,62.010000000000005,317.65500000000003,41.34,59,88,-949,1344
2025-09-05 21:24:23.332750,0.39,312.0,446.355,44.265,24.96,36.465,491.205,11.505,59,88,-949,1344
2025-09-05 21:24:23.333000,-224.055,432.315,570.96,-23.4,-14.82,3.315,614.25,-32.76,61,95,-951,1408
2025-09-05 21:24:23.334700,-460.59,547.365,674.3100000000001,-93.795,-56.16,-34.125,702.975,-81.12,56,91,-951,1408
2025-09-05 21:24:23.336400,-443.235,349.44,462.735,-93.21,-70.59,-55.575,459.42,-73.905,54,87,-948,1344
2025-09-05 21:24:23.338100,-250.575,62.205000000000005,163.60500000000002,-42.51,-57.525,-37.245000000000005,177.06,-41.34,55,89,-948,1344
2025-09-05 21:24:23.339800,-17.55,-121.68,-11.7,25.935,-26.52,-15.6,9.75,-4.095,55,89,-948,1344
2025-09-05 21:24:23.341500,182.325,-205.92,-116.22,85.8,7.41,14.82,-70.005,38.61,55,86,-957,1344
2025-09-05 21:24:23.343200,386.685,-307.125,-205.92,142.935,37.05,39.78,-140.01,71.175,50,90,-950,1280
2025-09-05 21:24:23.344900,373.23,-144.10500000000002,-0.78,139.62,44.85,53.82,47.775,61.620000000000005,55,88,-950,1408
2025-09-05 21:24:23.346600,185.64,78.39,226.005,84.435,21.645,31.59,279.825,12.87,58,87,-951,1344
2025-09-05 21:24:23.348300,-17.355,247.065,388.245,25.935,-2.145,11.115,453.18,-20.085,58,87,-951,1344
2025-09-05 21:24:23.350000,-226.785,373.62,525.135,-29.64,-25.155,-14.235,587.145,-52.260000000000005,65,87,-951,1408
2025-09-05 21:24:23.354857,-466.05,511.485,655.98,-95.94,-60.45,-49.14,665.145,-82.485,61,88,-953,1344
2025-09-05 21:24:23.359714,-261.495,27.69,127.14,-45.24,-60.45,-50.505,135.525,-60.84,57,84,-949,1408
2025-09-05 21:24:23.364571,-28.86,-166.92000000000002,-44.85,23.79,-24.375,-20.28,-12.87,-9.36,57,84,-949,1408
2025-09-05 21:24:23.369429,170.235,-243.945,-149.565,79.95,10.53,9.555,-93.21,31.395,61,86,-952,1344
2025-09-05 21:24:23.374286,374.595,-329.355,-232.635,139.035,49.725,37.245000000000005,-187.005,69.61500000000001,61,85,-951,1344
2025-09-05 21:24:23.379143,364.26,-156.39,-39.975,141.57,54.99,49.725,24.57,76.05,61,85,-955,1408
2025-09-05 21:24:23.384000,191.1,91.845,214.11,99.645,43.485,40.56,264.615,41.535,60,82,-956,1344
2025-09-05 21:24:23.387571,-11.31,252.135,382.395,34.905,14.235,11.7,435.045,0.975,60,82,-956,1344
2025-09-05 21:24:23.391143,-270.27,23.01,116.22,-49.335,-45.24,-65.13,129.48000000000002,-43.095,68,69,-941,1344
2025-09-05 21:24:23.394714,-38.22,-163.02,-60.84,15.21,-6.825,-37.245000000000005,-41.145,1.56,68,69,-941,1344
2025-09-05 21:24:23.398286,160.485,-255.45,-164.775,75.66,25.35,-7.215,-133.38,50.115,60,75,-932,1408
2025-09-05 21:24:23.401857,362.505,-350.415,-257.985,133.185,54.405,28.86,-204.945,85.02,72,72,-933,1408
2025-09-05 21:24:23.405429,360.165,-162.24,-99.45,136.11,67.47,42.315000000000005,-15.405,90.675,69,72,-938,1408
2025-09-05 21:24:23.409000,189.93,80.535,160.095,93.795,56.355,32.565,238.29,62.985,66,74,-942,1472
2025-09-05 21:24:23.414000,-13.845,254.28,372.45,46.02,31.395,12.675,413.4,25.155,66,74,-942,1472
2025-09-05 21:24:23.419000,-230.1,385.71,519.6750000000001,-22.62,4.875,-14.43,563.5500000000001,-21.45,71,68,-947,1344
2025-09-05 21:24:23.424000,-475.41,502.905,611.91,-101.79,-47.58,-52.65,631.8000000000001,-73.71000000000001,69,70,-935,1344
2025-09-05 21:24:23.429000,-476.19,300.3,388.05,-107.445,-62.400000000000006,-74.88,378.105,-86.97,69,72,-939,1472
2025-09-05 21:24:23.434000,-285.48,7.605,88.92,-60.45,-50.115,-57.72,108.42,-56.16,66,67,-938,1472
2025-09-05 21:24:23.439000,-39.195,-141.57,-86.97,22.425,-3.9,-27.885,-51.870000000000005,7.0200000000000005,66,67,-938,1472
2025-09-05 21:24:23.444000,149.76,-248.235,-190.515,78.39,25.935,0.78,-148.785,44.655,65,69,-944,1344
2025-09-05 21:24:23.451000,359.385,-331.89,-268.125,140.595,63.765,36.075,-223.08,89.50500000000001,69,63,-942,1344
2025-09-05 21:24:23.458000,185.64,76.245,147.615,80.535,47.775,47.97,233.22,50.115,73,58,-942,1408
2025-09-05 21:24:23.465000,-12.48,236.34,323.505,18.135,17.16,26.325,395.07,13.26,73,58,-948,1408
2025-09-05 21:24:23.472000,-229.125,374.79,478.725,-43.875,-11.505,-2.34,546.585,-31.200000000000003,73,58,-948,1408
2025-09-05 21:24:23.479000,-476.58,496.665,577.785,-121.095,-54.015,-47.58,619.32,-87.165,80,59,-938,1344
2025-09-05 21:24:23.486000,-470.925,303.81,369.135,-126.555,-70.785,-58.89,402.09,-80.73,77,59,-941,1344
2025-09-05 21:24:23.493000,-281.58,22.62,77.805,-77.025,-49.92,-45.045,115.83,-53.625,75,60,-938,1344
2025-09-05 21:24:23.493125,-53.235,-168.87,-110.37,-10.335,-14.43,-20.085,-57.330000000000005,-11.31,72,62,-942,1408
2025-09-05 21:24:23.493250,150.345,-261.69,-196.755,52.845,22.035,13.455,-146.64,38.025,72,62,-942,1408
2025-09-05 21:24:23.493375,358.21500000000003,-348.075,-297.57,110.175,50.115,42.315000000000005,-238.68,76.245,68,66,-944,1472
2025-09-05 21:24:23.493500,351.195,-191.1,-121.68,109.98,63.375,51.675,-42.705,69.61500000000001,71,62,-939,1280
2025-09-05 21:24:23.493625,176.085,32.370000000000005,108.81,57.915,39.0,37.44,191.295,21.84,71,64,-939,1280
2025-09-05 21:24:23.493750,-23.4,216.645,296.205,3.51,21.06,16.77,372.84,-14.04,71,63,-940,1344
2025-09-05 21:24:23.493875,-235.365,368.55,461.175,-57.915,-11.7,-5.8500000000000005,535.47,-39.78,71,63,-940,1344
2025-09-05 21:24:23.494000,-468.585,498.225,605.475,-121.68,-48.945,-45.435,631.02,-77.805,75,59,-938,1344
2025-09-05 21:24:23.494833,-285.09000000000003,0.585,42.315000000000005,-78.58500000000001,-45.24,-56.745000000000005,85.41,-52.65,74,58,-942,1344
2025-09-05 21:24:23.495667,-58.5,-185.445,-140.4,-9.75,-9.165,-24.18,-78.0,-2.535,75,58,-940,1344
2025-09-05 21:24:23.496500,146.25,-282.75,-202.41,52.845,22.035,9.555,-171.405,36.075,75,58,-940,1344
2025-09-05 21:24:23.497333,343.59000000000003,-382.005,-327.40500000000003,108.225,54.405,30.42,-267.93,76.05,75,59,-927,1344
2025-09-05 21:24:23.498167,354.705,-221.325,-165.555,109.395,74.685,44.655,-84.825,80.145,78,56,-939,1344
2025-09-05 21:24:23.499000,189.345,24.57,91.65,64.935,53.82,33.54,157.95000000000002,55.38,74,56,-938,1280
2025-09-05 21:24:23.506857,-6.045,195.0,288.21000000000004,5.265000000000001,28.47,11.505,348.075,12.675,73,57,-947,1344
2025-09-05 21:24:23.514714,184.08,35.88,49.335,76.245,50.7,29.835,143.715,43.095,72,63,-939,1344
2025-09-05 21:24:23.522571,-13.845,198.9,242.775,18.72,18.33,8.58,298.545,0.195,69,65,-939,1408
2025-09-05 21:24:23.530429,-231.075,327.40500000000003,401.115,-48.36,-11.895,-22.23,450.255,-44.265,69,65,-939,1408
2025-09-05 21:24:23.538286,-471.315,454.74,523.1850000000001,-121.485,-58.5,-57.330000000000005,560.625,-91.065,73,70,-945,1408
2025-09-05 21:24:23.546143,-471.12,263.64,315.315,-124.995,-72.54,-73.905,335.40000000000003,-94.575,72,66,-941,1408
2025-09-05 21:24:23.554000,-276.12,-25.935,44.46,-72.15,-58.11,-57.330000000000005,58.89,-61.425,70,65,-943,1344
2025-09-05 21:24:23.584429,-52.065000000000005,-205.53,-162.24,-7.215,-19.89,-25.74,-129.285,-16.77,71,65,-941,1280
2025-09-05 21:24:23.614857,-280.995,-7.800000000000001,33.15,-76.05,-53.04,-48.75,40.755,-65.325,66,62,-950,1344
2025-09-05 21:24:23.645286,-47.385000000000005,-197.535,-164.775,-9.165,-19.89,-16.185000000000002,-140.79,-17.355,69,64,-945,1408
2025-09-05 21:24:23.675714,147.03,-295.62,-266.37,53.235,13.65,16.965,-211.77,27.3,69,64,-945,1408
2025-09-05 21:24:23.706143,361.92,-389.805,-368.94,110.955,47.97,45.045,-288.015,72.54,77,61,-941,1344
2025-09-05 21:24:23.736571,368.16,-232.83,-173.745,119.73,62.400000000000006,61.425,-110.955,76.05,77,63,-943,1344
2025-09-05 21:24:23.767000,200.46,7.215,79.75500000000001,72.735,48.36,52.455,137.865,46.605,69,64,-943,1344
2025-09-05 21:24:23.777857,-1.17,189.54,255.84,14.235,19.305,29.445,311.805,11.7,70,62,-943,1472
2025-09-05 21:24:23.788714,204.36,10.53,70.98,69.03,48.36,51.870000000000005,137.67000000000002,59.475,62,66,-947,1408
2025-09-05 21:24:23.799571,6.24,178.62,263.055,8.19,21.255,25.155,313.56,22.035,62,65,-949,1344
2025-09-05 21:24:23.810429,-218.595,318.045,400.53,-57.525,-14.625,0.975,444.99,-26.91,62,65,-949,1344
2025-09-05 21:24:23.821286,-461.175,441.87,494.13,-130.26,-57.915,-41.145,510.315,-80.145,67,67,-941,1344
2025-09-05 21:24:23.832143,-467.025,258.765,311.805,-143.91,-73.32000000000001,-61.23,312.58500000000004,-80.145,66,67,-945,1344
2025-09-05 21:24:23.843000,-280.605,-10.725,20.865,-93.405,-58.305,-47.190000000000005,41.535,-44.85,63,68,-949,1344
2025-09-05 21:24:23.853714,-54.21,-207.87,-156.585,-26.325,-23.4,-17.355,-148.20000000000002,-12.09,64,64,-950,1344
2025-09-05 21:24:23.864429,-289.38,-8.97,22.035,-95.94,-58.89,-44.265,26.325,-47.775,60,71,-941,1344
2025-09-05 21:24:23.875143,-55.38,-205.53,-183.69,-28.08,-24.375,-14.43,-154.44,1.56,63,70,-942,1344
2025-09-05 21:24:23.885857,146.25,-289.185,-274.56,36.66,14.82,15.21,-260.52,33.54,63,70,-942,1344
2025-09-05 21:24:23.896571,346.71000000000004,-388.44,-373.23,99.06,48.945,48.945,-334.23,76.635,63,76,-943,1344
2025-09-05 21:24:23.907286,362.7,-240.045,-187.59,107.25,62.79,66.3,-133.185,84.435,71,73,-935,1408
2025-09-05 21:24:23.918000,200.85,2.535,56.940000000000005,65.325,51.09,55.185,113.685,57.525,70,71,-942,1344
2025-09-05 21:24:23.938714,-0.39,172.77,237.12,4.875,24.96,36.27,294.645,9.36,69,65,-945,1280
2025-09-05 21:24:23.959429,213.135,7.41,54.405,53.82,52.65,61.425,107.055,55.77,64,69,-942,1408
2025-09-05 21:24:23.980143,14.625,180.57,224.055,-1.365,30.225,40.95,282.165,16.575,61,69,-947,1344
2025-09-05 21:24:24.000857,-210.21,322.14,367.965,-64.74000000000001,-0.585,12.285,420.42,-30.615,61,69,-947,1344
2025-09-05 21:24:24.021571,-458.055,447.915,533.52,-135.525,-44.655,-26.52,535.665,-86.19,68,71,-943,1408
2025-09-05 21:24:24.042286,-468.585,274.95,327.40500000000003,-142.935,-57.525,-39.78,314.14500000000004,-90.285,64,75,-936,1408
2025-09-05 21:24:24.063000,-281.77500000000003,-10.335,32.565,-91.65,-39.195,-30.225,24.765,-60.06,65,74,-943,1344
2025-09-05 21:24:24.073143,-49.335,-195.78,-161.07,-32.76,-8.775,1.755,-157.56,-16.77,64,71,-944,1408
2025-09-05 21:24:24.083286,258.57,16.575,11.31,68.64,53.04,49.725,68.44500000000001,39.975,66,74,-941,1408
2025-09-05 21:24:24.093429,53.235,196.17,203.775,12.285,28.08,32.175000000000004,247.26,8.19,64,75,-940,1344
2025-09-05 21:24:24.103571,-164.38500000000002,334.62,372.45,-54.405,-1.17,3.51,388.05,-34.71,66,76,-940,1344
2025-09-05 21:24:24.113714,-414.765,457.08,488.085,-140.985,-49.53,-36.075,491.01,-90.09,66,76,-940,1344
2025-09-05 21:24:24.123857,-426.27,279.825,279.825,-146.835,-64.545,-47.775,268.71000000000004,-94.38,64,81,-940,1344
2025-09-05 21:24:24.134000,-250.575,0.0,-2.34,-99.06,-46.605,-38.415,-17.16,-52.65,66,80,-946,1280
2025-09-05 21:24:24.146000,-17.55,-194.22,-193.83,-31.59,-13.455,-8.97,-196.95,-12.285,67,78,-950,1344
2025-09-05 21:24:24.158000,186.81,-285.285,-291.135,31.005000000000003,24.18,25.155,-282.945,28.665000000000003,66,77,-949,1408
2025-09-05 21:24:24.170000,404.625,-387.465,-390.39,93.21,61.620000000000005,58.305,-356.85,70.59,66,77,-949,1408
2025-09-05 21:24:24.182000,411.06,-234.585,-225.225,99.255,72.93,71.76,-180.375,59.67,68,74,-951,1408
2025-09-05 21:24:24.194000,257.205,7.995,46.41,57.330000000000005,62.400000000000006,65.13,81.9,46.995000000000005,64,75,-947,1344
2025-09-05 21:24:24.206000,62.010000000000005,188.565,208.845,2.535,40.56,40.755,234.78,16.77,64,76,-950,1408
2025-09-05 21:24:24.218000,-158.925,325.065,348.27000000000004,-61.23,6.825,10.53,379.665,-31.005000000000003,66,79,-947,1472
2025-09-05 21:24:24.219000,-406.38,464.685,492.96,-131.82,-33.735,-26.52,508.17,-83.07000000000001,66,79,-947,1472
2025-09-05 21:24:24.219167,-243.75,20.28,-32.76,-90.48,-48.36,-38.61,-62.595,-57.72,71,77,-947,1408
2025-09-05 21:24:24.219333,-8.19,-194.22,-265.59000000000003,-29.055,-17.16,-14.625,-263.055,-13.845,70,77,-946,1344
2025-09-05 21:24:24.219500,195.585,-287.235,-344.955,38.415,15.795,15.21,-346.71000000000004,27.3,67,78,-947,1344
2025-09-05 21:24:24.219667,393.705,-386.1,-443.625,97.305,49.335,48.945,-427.83,67.08,67,78,-947,1344
2025-09-05 21:24:24.219833,418.08,-247.455,-285.48,106.86,62.985,70.59,-257.985,73.905,63,75,-937,1280
2025-09-05 21:24:24.220000,265.395,-5.07,-25.155,69.03,52.455,61.425,9.555,45.63,69,77,-945,1344
2025-09-05 21:24:24.231857,64.155,171.21,161.07,12.675,28.08,39.975,184.275,5.46,68,80,-949,1408
2025-09-05 21:24:24.243714,259.545,-1.95,-20.085,57.72,56.16,73.125,-4.29,32.565,69,77,-922,1472
2025-09-05 21:24:24.255571,59.28,169.65,157.17000000000002,1.56,31.005000000000003,51.285,167.505,-0.78,67,79,-931,1408
2025-09-05 21:24:24.267429,-158.925,314.14500000000004,292.5,-66.69,1.95,23.01,289.96500000000003,-52.455,64,81,-932,1344
2025-09-05 21:24:24.279286,-406.77,455.52,442.065,-131.04,-37.635,-14.04,430.365,-108.615,64,81,-932,1344
2025-09-05 21:24:24.291143,-434.07,285.285,250.77,-148.395,-60.255,-33.15,220.74,-103.74,61,82,-938,1344
2025-09-05 21:24:24.303000,-257.985,1.755,-33.735,-96.135,-43.68,-24.375,-67.665,-85.02,65,84,-943,1344
2025-09-05 21:24:24.308857,-27.885,-203.97,-256.425,-30.42,-9.165,5.265000000000001,-266.565,-37.05,65,83,-941,1344
2025-09-05 21:24:24.314714,182.715,-301.47,-343.005,32.175000000000004,19.695,38.415,-345.345,6.4350000000000005,64,83,-936,1344
2025-09-05 21:24:24.320571,389.61,-386.1,-441.09,91.455,53.235,64.35000000000001,-428.61,51.48,64,83,-936,1344
2025-09-05 21:24:24.326429,412.035,-248.235,-312.39,98.28,62.79,80.73,-280.41,42.315000000000005,62,85,-944,1344
2025-09-05 21:24:24.332286,242.775,-18.525,-62.400000000000006,53.235,46.215,63.18,-25.35,0.195,54,81,-944,1344
2025-09-05 21:24:24.338143,42.120000000000005,164.38500000000002,149.76,-4.29,23.985,46.41,160.485,-31.785,57,79,-945,1344
2025-09-05 21:24:24.344000,-161.655,325.26,308.88,-55.965,-0.78,26.715,310.635,-47.58,60,77,-944,1408
2025-09-05 21:24:24.345000,-402.87,467.22,441.48,-133.77,-41.73,-8.775,430.17,-94.38,60,77,-944,1408
2025-09-05 21:24:24.346000,-260.71500000000003,10.725,-25.935,-103.935,-44.46,-18.915,-54.015,-82.875,68,85,-940,1408
2025-09-05 21:24:24.347000,-18.915,-193.635,-230.685,-34.71,-12.48,13.845,-248.235,-36.66,60,80,-942,1408
2025-09-05 21:24:24.348000,186.225,-288.015,-343.39500000000004,25.935,17.55,40.755,-345.93,8.385,56,78,-948,1344
2025-09-05 21:24:24.349000,391.56,-398.58,-445.77,84.24000000000001,49.92,68.055,-438.165,47.775,56,78,-948,1344
2025-09-05 21:24:24.350000,415.74,-247.845,-278.65500000000003,105.885,71.37,88.14,-236.34,58.305,58,78,-945,1344
