start,stop,label
13:11:58.824000,13:12:01.408000,garbage
13:12:01.648000,13:12:01.884000,