timestamp,CH1,CH2,CH3,CH4,CH5,CH6,CH7,CH8,X,Y,Z,TEMP
2025-09-01 23:45:16.699000,90.48,175.11,159.51000000000002,86.775,32.955,80.145,73.125,55.185,-102,288,-879,448
2025-09-01 23:45:16.715714,85.995,93.21,75.855,34.125,-7.605,-11.31,-14.43,-16.965,-103,289,-875,448
2025-09-01 23:45:16.732429,93.6,121.485,135.135,52.065000000000005,47.775,56.55,32.565,21.06,-58,320,-903,512
2025-09-01 23:45:16.749143,73.905,77.61,84.63000000000001,23.01,5.8500000000000005,4.875,-0.585,-13.065,-63,313,-903,512
2025-09-01 23:45:16.765857,42.120000000000005,15.795,22.425,-48.36,-76.635,-49.14,-58.305,-67.275,-58,318,-894,448
2025-09-01 23:45:16.782571,37.245000000000005,-34.905,-51.09,-95.55,-116.805,-123.63,-138.84,-132.6,-54,319,-891,512
2025-09-01 23:45:16.799286,-30.615,-120.9,-69.03,-131.82,-167.505,-140.01,-145.275,-128.505,-54,319,-891,512
2025-09-01 23:45:16.816000,-65.715,-56.355,-25.35,-117.39,-141.57,-98.865,-86.775,-88.33500000000001,-54,319,-894,512
2025-09-01 23:45:16.828571,50.7,51.870000000000005,87.75,9.165,-7.800000000000001,11.31,13.455,16.38,-54,318,-897,448
2025-09-01 23:45:16.841143,15.99,-21.645,23.4,-59.28,-62.79,-49.335,-48.945,-57.135000000000005,-21,350,-878,448
2025-09-01 23:45:16.853714,38.22,2.535,76.635,-14.82,-15.21,0.195,5.07,-18.33,-21,350,-878,448
2025-09-01 23:45:16.866286,79.75500000000001,58.695,124.8,53.625,42.9,59.475,38.61,25.74,-19,349,-884,448
2025-09-01 23:45:16.878857,182.325,173.55,215.67,166.92000000000002,159.12,153.07500000000002,142.35,110.37,-20,349,-884,512
2025-09-01 23:45:16.891429,241.02,191.49,248.625,201.825,183.105,173.745,155.415,112.515,-20,349,-884,512
2025-09-01 23:45:16.904000,74.10000000000001,87.94500000000001,194.025,86.19,67.665,107.445,78.39,59.865,-27,344,-879,448
2025-09-01 23:45:16.917000,37.635,45.24,95.745,-22.425,-32.955,12.48,-5.07,-21.06,-30,347,-885,384
2025-09-01 23:45:16.930000,67.08,-36.27,23.79,-38.415,-44.265,-44.07,-57.330000000000005,-73.32000000000001,-8,365,-894,448
2025-09-01 23:45:16.943000,45.825,-12.87,50.31,-22.425,-6.825,-13.65,-20.67,-51.870000000000005,-8,365,-894,448
2025-09-01 23:45:16.956000,47.58,86.97,104.52,46.215,59.28,63.765,-2.34,4.29,-6,365,-897,512
2025-09-01 23:45:16.969000,133.57500000000002,127.53,238.29,123.24,123.24,188.565,129.48000000000002,116.61,-8,363,-901,512
2025-09-01 23:45:16.982000,144.3,144.3,249.21,135.33,118.17,185.835,153.27,117.975,-8,367,-901,512
2025-09-01 23:45:16.995000,101.01,75.66,180.375,76.635,45.24,113.295,23.4,62.205000000000005,-8,367,-901,512
2025-09-01 23:45:17.003714,39.975,15.6,89.31,-17.16,-2.34,18.72,-16.575,-45.63,0,370,-906,512
2025-09-01 23:45:17.012429,56.940000000000005,91.455,170.82,54.795,35.49,89.50500000000001,51.285,34.32,-17,379,-901,384
2025-09-01 23:45:17.021143,9.165,54.21,107.055,-19.695,-17.55,20.475,-12.48,-16.38,-17,379,-901,384
2025-09-01 23:45:17.029857,-19.5,-34.125,56.745000000000005,-67.47,-52.260000000000005,-29.64,-52.65,-55.965,-20,381,-908,448
2025-09-01 23:45:17.038571,-43.68,-105.495,-11.505,-114.855,-132.79500000000002,-92.82,-131.82,-112.125,-15,383,-903,448
2025-09-01 23:45:17.047286,-57.525,-122.655,-34.515,-133.185,-135.915,-117.0,-137.085,-119.925,-18,382,-899,512
2025-09-01 23:45:17.056000,-19.89,-59.28,-1.56,-81.9,-76.245,-64.35000000000001,-108.81,-94.77,-18,382,-899,512
2025-09-01 23:45:17.056500,71.955,56.940000000000005,88.14,33.345,57.135000000000005,23.205,-15.405,-18.72,-17,387,-884,448
2025-09-01 23:45:17.057000,107.055,93.6,139.425,71.565,69.03,59.475,29.445,31.200000000000003,-30,372,-923,448
2025-09-01 23:45:17.074400,72.93,47.97,108.42,22.815,24.375,25.74,-62.595,16.185000000000002,-30,372,-923,448
2025-09-01 23:45:17.091800,44.265,9.36,46.605,-26.91,-9.165,-26.715,-68.055,-34.125,-31,367,-920,448
2025-09-01 23:45:17.109200,18.33,-69.42,-47.385000000000005,-96.525,-77.805,-117.39,-117.585,-125.775,-32,369,-923,512
2025-09-01 23:45:17.126600,-47.58,-109.785,-74.685,-148.59,-139.62,-137.28,-156.39,-128.31,-35,373,-925,512
2025-09-01 23:45:17.144000,-11.505,-59.475,-15.015,-98.085,-92.625,-73.71000000000001,-90.87,-72.15,-35,373,-925,512
2025-09-01 23:45:17.153143,62.985,55.965,70.98,7.800000000000001,24.375,17.745,-0.195,16.965,-26,370,-933,512
2025-09-01 23:45:17.162286,32.175000000000004,-101.01,-27.885,-60.06,-68.25,-70.395,-63.57,-49.14,-30,319,-912,448
2025-09-01 23:45:17.171429,61.815000000000005,-45.825,24.765,-11.31,-11.31,-19.11,-0.39,0.78,-30,319,-912,448
2025-09-01 23:45:17.180571,107.835,17.745,64.74000000000001,39.0,32.955,29.445,-39.78,38.025,-30,317,-915,448
2025-09-01 23:45:17.189714,137.865,58.305,131.625,110.76,97.5,95.745,95.55,77.415,-30,310,-907,448
2025-09-01 23:45:17.198857,181.35,95.55,167.895,157.755,142.35,130.845,150.15,104.13,-29,312,-911,448
2025-09-01 23:45:17.208000,170.82,63.96,147.615,123.045,114.855,91.26,103.155,87.75,-30,311,-908,512
2025-09-01 23:45:17.229000,92.625,-7.800000000000001,53.235,7.605,-1.755,-17.16,0.195,-3.51,-31,310,-907,448
2025-09-01 23:45:17.250000,11.115,-110.175,-23.79,-80.73,-93.6,-60.06,-46.215,-29.835,-26,290,-891,448
2025-09-01 23:45:17.271000,53.625,-63.96,37.83,-7.800000000000001,-19.305,-1.365,7.0200000000000005,16.185000000000002,-26,290,-891,448
2025-09-01 23:45:17.292000,103.545,-8.775,95.745,40.56,24.57,54.6,64.155,68.64,-24,294,-880,512
2025-09-01 23:45:17.313000,126.165,72.93,122.07,121.485,103.155,91.65,109.785,113.1,-21,293,-883,512
2025-09-01 23:45:17.334000,182.715,116.025,193.245,180.57,164.38500000000002,140.01,157.95000000000002,151.905,-27,290,-888,448
2025-09-01 23:45:17.355000,171.405,78.19500000000001,168.285,140.595,109.785,102.375,121.875,123.825,-26,287,-887,448
2025-09-01 23:45:17.372143,91.65,-30.615,52.455,21.06,8.58,-3.9,27.105,27.69,-26,281,-887,448
2025-09-01 23:45:17.389286,138.06,50.115,140.01,132.015,78.39,115.05,82.68,132.6,-51,262,-880,448
2025-09-01 23:45:17.406429,95.745,-34.71,95.355,85.605,9.165,61.815000000000005,55.38,91.455,-51,262,-880,448
2025-09-01 23:45:17.423571,52.845,-86.97,36.075,24.96,-47.58,7.605,-7.800000000000001,44.655,-51,259,-868,448
2025-09-01 23:45:17.440714,7.800000000000001,-170.625,-16.38,-46.41,-119.73,-42.9,-50.505,2.535,-49,264,-871,448
2025-09-01 23:45:17.457857,20.28,-197.145,-62.010000000000005,-69.22500000000001,-133.38,-73.71000000000001,-89.11500000000001,-22.23,-54,266,-871,512
2025-09-01 23:45:17.475000,5.46,-178.425,-13.845,-22.035,-94.185,-29.64,-38.025,22.815,-55,259,-872,512
2025-09-01 23:45:17.487857,32.955,-76.635,78.39,56.745000000000005,-30.81,73.32000000000001,51.870000000000005,108.03,-57,257,-871,512
2025-09-01 23:45:17.500714,-53.235,-135.72,-14.625,-43.29,-108.225,-9.945,-13.455,43.875,-25,266,-890,512
2025-09-01 23:45:17.513571,-30.81,-92.82,55.575,9.555,-53.82,61.815000000000005,41.925,99.84,-23,270,-888,448
2025-09-01 23:45:17.526429,10.335,-18.135,120.705,60.06,10.335,116.61,108.225,149.37,-23,270,-888,448
2025-09-01 23:45:17.539286,58.11,21.84,182.715,137.475,63.57,188.565,178.62,205.53,-15,271,-897,448
2025-09-01 23:45:17.552143,78.97500000000001,59.475,214.695,170.82,97.695,216.645,193.635,218.595,-13,275,-894,448
2025-09-01 23:45:17.565000,66.3,51.870000000000005,160.29,131.625,83.655,137.67000000000002,129.09,168.87,-16,274,-892,512
2025-09-01 23:45:17.578000,-1.56,-78.39,60.06,27.105,-43.29,47.385000000000005,31.98,85.8,-18,273,-890,448
2025-09-01 23:45:17.591000,52.845,7.800000000000001,129.87,100.815,59.475,127.335,104.325,117.39,-8,291,-917,512
2025-09-01 23:45:17.604000,23.205,-43.485,88.92,49.14,0.975,80.145,61.035,75.855,-7,293,-918,384
2025-09-01 23:45:17.617000,-32.955,-113.49,4.095,-24.18,-72.735,6.63,-61.425,16.575,-7,293,-918,384
2025-09-01 23:45:17.630000,-64.155,-152.29500000000002,-76.83,-81.9,-111.54,-87.36,-94.77,-62.595,-6,295,-927,512
2025-09-01 23:45:17.643000,-77.025,-188.955,-107.445,-109.785,-150.93,-115.635,-91.26,-95.16,-4,300,-917,448
2025-09-01 23:45:17.656000,-55.185,-150.15,-49.53,-64.74000000000001,-99.45,-46.8,-47.190000000000005,-29.055,-3,298,-919,448
2025-09-01 23:45:17.668571,0.39,-62.79,51.48,22.815,3.12,43.29,54.21,58.305,-5,294,-918,448
2025-09-01 23:45:17.681143,59.475,16.575,102.375,91.65,74.49000000000001,93.015,15.405,81.9,1,309,-903,512
2025-09-01 23:45:17.693714,18.33,-27.885,45.045,30.81,8.775,45.435,-9.555,14.43,0,316,-905,512
2025-09-01 23:45:17.706286,-15.6,-78.58500000000001,-3.705,-19.305,-43.485,-16.965,2.145,-42.51,0,316,-905,512
2025-09-01 23:45:17.718857,-61.035,-155.805,-66.69,-95.745,-118.17,-85.995,-77.61,-85.215,1,312,-902,448
2025-09-01 23:45:17.731429,-89.31,-184.08,-101.4,-130.845,-148.98000000000002,-108.615,-114.66,-101.595,-1,311,-902,448
2025-09-01 23:45:17.744000,-1.17,-104.91,-62.205000000000005,-44.265,-50.115,-60.45,-66.3,-54.6,-1,313,-905,448
2025-09-01 23:45:17.745000,-30.225,-43.485,21.06,17.355,4.875,14.625,28.275,36.66,-3,312,-907,512
2025-09-01 23:45:17.755333,-32.370000000000005,-84.045,-51.09,-46.995000000000005,-49.53,-41.34,-40.17,-32.76,-13,314,-923,448
2025-09-01 23:45:17.765667,22.62,-55.77,13.065,6.045,10.53,16.185000000000002,3.9,15.21,-9,316,-934,512
2025-09-01 23:45:17.776000,-20.28,-24.96,77.025,62.205000000000005,63.18,68.44500000000001,62.010000000000005,68.25,-11,314,-928,448
2025-09-01 23:45:17.786333,47.190000000000005,74.49000000000001,133.965,122.46,93.99,143.715,133.185,98.475,-13,311,-925,512
2025-09-01 23:45:17.796667,82.68,99.06,186.81,155.415,145.86,199.095,170.04,146.445,-13,311,-925,512
2025-09-01 23:45:17.807000,45.825,54.21,152.1,101.01,99.84,141.375,108.03,105.105,-14,311,-924,448
2025-09-01 23:45:17.807250,-21.45,-46.215,45.63,7.800000000000001,-25.155,29.835,7.800000000000001,29.835,-17,311,-926,448
2025-09-01 23:45:17.807500,61.815000000000005,54.015,92.04,121.485,87.555,87.94500000000001,93.6,64.74000000000001,-1,263,-897,512
2025-09-01 23:45:17.807750,30.615,8.58,43.095,62.010000000000005,44.07,33.54,37.05,13.455,0,267,-894,512
2025-09-01 23:45:17.808000,-21.255,-63.18,-14.82,-20.28,-29.835,-21.255,-16.77,-23.985,5,267,-896,512
2025-09-01 23:45:17.837000,-63.96,-136.11,-96.72,-76.44,-99.84,-95.94,-85.41,-123.63,6,268,-892,512
2025-09-01 23:45:17.866000,-86.385,-173.16,-143.52,-111.54,-137.28,-140.79,-141.375,-135.525,6,268,-892,512
2025-09-01 23:45:17.895000,-68.83500000000001,-131.82,-77.415,-75.855,-86.58,-83.85000000000001,-74.88,-73.32000000000001,8,263,-887,512
2025-09-01 23:45:17.903571,-13.26,-60.255,5.8500000000000005,16.77,-5.655,10.335,21.06,-3.51,9,265,-889,448
2025-09-01 23:45:17.912143,60.06,55.77,67.08,109.2,95.745,55.575,76.44,44.85,15,257,-894,448
2025-09-01 23:45:17.920714,23.595,9.945,5.8500000000000005,43.68,26.130000000000003,1.95,17.55,-15.015,24,265,-901,384
2025-09-01 23:45:17.929286,24.18,-32.565,-58.11,-1.365,-16.575,-64.545,-36.855,-54.99,24,265,-896,448
2025-09-01 23:45:17.937857,-112.71,-198.51,-104.91,-96.72,-138.06,-112.71,-136.305,-98.28,22,266,-896,448
2025-09-01 23:45:17.946429,-156.0,-219.375,-141.765,-162.04500000000002,-202.995,-138.06,-196.95,-106.86,22,266,-896,448
2025-09-01 23:45:17.955000,-100.62,-163.215,-89.7,-118.365,-144.69,-74.685,-52.455,-87.94500000000001,30,269,-897,512
2025-09-01 23:45:17.973571,-4.875,-50.505,0.195,17.355,-0.39,-5.46,37.05,-0.195,29,268,-891,512
2025-09-01 23:45:17.992143,-77.61,-151.32,-109.395,-85.215,-118.755,-90.87,-60.06,-58.11,46,279,-891,512
2025-09-01 23:45:18.010714,-43.29,-108.81,-55.77,-29.64,-62.79,-41.535,-8.58,-16.575,55,278,-891,512
2025-09-01 23:45:18.029286,5.46,-33.345,15.795,36.465,7.41,3.9,57.330000000000005,34.125,59,278,-888,512
2025-09-01 23:45:18.047857,54.21,35.685,54.99,102.96,69.03,58.695,25.74,93.795,57,277,-887,448
2025-09-01 23:45:18.066429,87.36,75.855,103.545,146.835,108.615,103.545,148.20000000000002,130.065,57,277,-887,448
2025-09-01 23:45:18.085000,50.7,31.98,60.255,85.41,53.235,60.84,114.27,26.52,63,272,-891,512
2025-09-01 23:45:18.085333,-24.18,-82.875,-33.345,-21.45,-54.6,-38.22,-14.43,-16.575,59,273,-885,448
2025-09-01 23:45:18.085667,-445.77,-231.465,-242.97,-454.155,-359.19,-228.345,-309.075,-242.97,19,277,-828,448
2025-09-01 23:45:18.086000,-459.81,-282.555,-310.245,-507.195,-397.41,-285.09000000000003,-384.345,-295.62,19,277,-828,448
2025-09-01 23:45:18.106000,-450.255,-327.795,-369.525,-431.34,-419.055,-340.665,-449.28,-344.76,16,282,-825,448
2025-09-01 23:45:18.126000,-422.565,-368.55,-452.4,-492.765,-462.93,-412.815,-548.145,-428.61,20,290,-829,512
2025-09-01 23:45:18.146000,-464.295,-411.45,-479.895,-542.2950000000001,-493.74,-444.6,-573.69,-449.865,20,290,-829,448
2025-09-01 23:45:18.166000,-468.585,-385.71,-457.47,-522.21,-469.365,-419.835,-547.365,-423.54,20,294,-844,448
2025-09-01 23:45:18.174857,-422.955,-278.07,-378.495,-439.92,-380.64,-327.6,-521.04,-335.205,18,296,-840,512
2025-09-01 23:45:18.183714,-386.49,-201.24,-229.32,-299.52,-242.97,-207.285,-303.615,-220.545,4,410,-939,512
2025-09-01 23:45:18.192571,-390.585,-219.96,-310.83,-348.075,-295.23,-283.33500000000004,-397.8,-280.605,-1,410,-939,512
2025-09-01 23:45:18.201429,-385.32,-266.955,-360.945,-394.68,-334.815,-330.135,-509.73,-320.58,1,417,-933,512
2025-09-01 23:45:18.210286,-438.75,-303.03000000000003,-397.02,-481.455,-407.355,-386.49,-456.3,-397.8,6,424,-938,448
2025-09-01 23:45:18.219143,-457.665,-354.315,-439.335,-506.61,-433.095,-423.345,-498.81,-404.04,8,427,-949,512
2025-09-01 23:45:18.228000,-455.13,-343.98,-399.75,-475.605,-401.895,-369.525,-466.44,-358.02000000000004,8,427,-949,512
2025-09-01 23:45:18.240571,-395.85,-272.22,-291.135,-366.405,-316.68,-265.59000000000003,-351.39,-261.3,7,425,-940,448
2025-09-01 23:45:18.253143,-236.73,-222.3,-225.225,-270.27,-200.07,-207.675,-249.6,-172.38,26,446,-934,512
2025-09-01 23:45:18.265714,-168.87,-183.3,-167.70000000000002,-205.53,-141.375,-152.29500000000002,-178.035,-117.78,26,446,-934,512
2025-09-01 23:45:18.278286,-219.765,-142.155,-92.04,-164.97,-104.91,-99.06,-108.225,-28.275,27,445,-930,448
2025-09-01 23:45:18.290857,-138.45000000000002,-67.47,-51.09,-89.50500000000001,-51.09,-26.91,-68.83500000000001,-13.065,27,441,-926,448
2025-09-01 23:45:18.303429,-96.915,-34.125,2.73,-40.56,-11.505,29.25,-57.330000000000005,29.25,28,439,-922,448
2025-09-01 23:45:18.316000,-123.435,-57.915,-2.34,-86.97,-47.775,1.17,-76.83,12.48,28,439,-922,448
2025-09-01 23:45:18.328571,-170.625,-140.4,-108.615,-167.70000000000002,-130.455,-105.69,-169.845,-78.39,28,434,-917,448
2025-09-01 23:45:18.341143,-102.57,-156.975,-147.42000000000002,-137.085,-105.3,-125.58,-167.505,-88.14,28,380,-873,448
2025-09-01 23:45:18.353714,-39.975,-108.81,-103.74,-73.125,-38.61,-83.655,-123.24,-46.41,28,380,-873,448
2025-09-01 23:45:18.366286,-59.67,-70.005,-21.84,-24.765,0.195,-14.43,-44.265,8.97,26,378,-869,512
2025-09-01 23:45:18.378857,-39.78,-10.14,40.365,25.35,33.15,55.965,29.055,68.25,26,377,-863,448
2025-09-01 23:45:18.391429,-4.875,48.555,82.875,77.025,88.33500000000001,102.765,61.815000000000005,97.305,29,374,-870,512
2025-09-01 23:45:18.404000,6.4350000000000005,21.45,54.21,57.72,77.22,55.575,25.74,62.400000000000006,29,374,-870,512
2025-09-01 23:45:18.416857,-55.185,-78.58500000000001,-38.22,-44.85,-32.175000000000004,-34.515,-53.82,-13.65,20,373,-860,448
2025-09-01 23:45:18.429714,117.39,77.22,124.605,174.33,185.055,122.46,142.935,154.05,28,346,-869,512
2025-09-01 23:45:18.442571,119.925,41.925,77.22,140.595,152.1,69.61500000000001,95.745,113.1,28,346,-869,512
2025-09-01 23:45:18.455429,62.205000000000005,-54.015,-2.34,83.07000000000001,89.50500000000001,7.0200000000000005,21.45,52.065000000000005,36,341,-873,384
2025-09-01 23:45:18.468286,-21.84,-81.315,-47.190000000000005,-7.0200000000000005,-5.46,-58.11,-25.155,4.875,32,340,-877,448
2025-09-01 23:45:18.481143,-39.195,-122.07,-88.92,-54.405,-51.285,-86.385,-72.735,-25.155,30,342,-880,448
2025-09-01 23:45:18.494000,-32.565,-113.49,-60.84,-33.15,-17.745,-60.255,-39.195,7.995,29,342,-880,512
2025-09-01 23:45:18.502571,48.75,-39.975,45.045,78.0,79.56,53.235,81.9,105.105,29,341,-882,384
2025-09-01 23:45:18.511143,38.22,-68.64,21.84,46.41,44.07,22.425,23.01,56.55,31,304,-871,512
2025-09-01 23:45:18.519714,67.08,-19.5,75.855,93.6,108.42,82.095,139.62,82.485,31,304,-871,512
2025-09-01 23:45:18.528286,128.31,55.38,146.835,155.025,168.675,142.54500000000002,204.945,146.445,31,303,-874,448
2025-09-01 23:45:18.536857,147.42000000000002,106.08,218.79,223.08,219.18,209.625,279.825,225.42,34,307,-871,512
2025-09-01 23:45:18.545429,181.35,158.73000000000002,246.48,263.64,261.495,244.725,301.08,234.39,29,307,-874,448
2025-09-01 23:45:18.554000,173.35500000000002,130.455,218.205,242.19,243.165,218.205,244.92,191.49,32,305,-872,512
2025-09-01 23:45:18.567143,111.345,30.615,132.21,149.37,140.985,112.32,161.655,125.385,34,305,-869,384
2025-09-01 23:45:18.580286,31.200000000000003,-73.515,24.96,26.325,18.33,13.065,66.3,60.06,64,341,-887,512
2025-09-01 23:45:18.593429,75.075,-24.375,69.42,84.435,82.485,48.36,109.98,98.865,64,341,-887,512
2025-09-01 23:45:18.606571,104.13,26.52,115.44,140.985,129.48000000000002,96.135,159.315,138.45000000000002,63,341,-890,512
2025-09-01 23:45:18.619714,141.765,82.68,181.74,200.46,187.785,170.04,221.715,197.535,63,343,-885,512
2025-09-01 23:45:18.632857,164.38500000000002,120.51,231.075,240.24,228.345,212.94,264.81,227.76,66,342,-880,512
2025-09-01 23:45:18.646000,153.27,103.35,211.185,208.845,192.66,181.935,234.195,200.265,65,347,-884,512
2025-09-01 23:45:18.654571,102.96,26.130000000000003,103.74,127.53,116.61,74.295,120.9,95.745,65,346,-889,448
2025-09-01 23:45:18.663143,20.475,-67.47,-10.335,21.06,-1.365,-30.225,26.130000000000003,17.355,55,373,-898,448
2025-09-01 23:45:18.671714,49.14,-20.865,37.245000000000005,71.76,51.48,21.84,75.855,59.28,59,372,-906,448
2025-09-01 23:45:18.680286,91.065,45.63,109.785,126.36,114.66,91.845,141.18,112.515,59,372,-906,448
2025-09-01 23:45:18.688857,120.705,100.035,168.09,192.855,166.92000000000002,154.05,196.365,160.875,59,368,-898,512
2025-09-01 23:45:18.697429,149.37,140.4,205.92,234.585,209.235,193.245,240.63,199.29,58,366,-897,512
2025-09-01 23:45:18.706000,177.84,131.82,187.785,226.785,200.46,147.03,204.36,163.8,57,367,-899,448
2025-09-01 23:45:18.718857,53.235,-10.14,68.83500000000001,93.21,58.5,48.75,99.06,51.09,56,371,-901,448
2025-09-01 23:45:18.731714,106.08,110.76,157.365,157.365,129.87,134.16,157.95000000000002,127.14,29,364,-909,448
2025-09-01 23:45:18.744571,75.465,66.69,101.595,117.195,83.07000000000001,80.925,104.715,74.295,30,364,-909,512
2025-09-01 23:45:18.757429,38.805,2.145,22.23,56.55,20.67,2.9250000000000003,40.95,21.255,30,364,-909,512
2025-09-01 23:45:18.770286,54.99,-36.855,-37.44,9.75,-8.19,-63.96,-30.42,-39.78,31,359,-899,448
2025-09-01 23:45:18.783143,-22.425,-116.025,-90.48,-48.555,-75.075,-112.71,-72.93,-69.22500000000001,33,353,-900,512
2025-09-01 23:45:18.796000,-68.055,-95.355,-68.44500000000001,-49.14,-80.145,-80.73,-42.51,-30.42,31,353,-902,512
2025-09-01 23:45:18.812857,26.715,7.0200000000000005,40.365,53.04,26.130000000000003,30.225,78.19500000000001,35.295,27,352,-903,512
2025-09-01 23:45:18.829714,-10.725,-77.805,-46.41,-29.445,-44.655,-58.89,-10.53,-42.120000000000005,20,317,-876,448
2025-09-01 23:45:18.846571,48.75,-37.83,3.705,24.57,17.55,-8.97,39.195,0.39,23,315,-877,512
2025-09-01 23:45:18.863429,17.55,10.725,68.25,73.71000000000001,64.155,55.575,97.11,55.575,23,315,-877,512
2025-09-01 23:45:18.880286,73.32000000000001,88.92,135.135,135.525,112.32,125.97,181.35,110.955,23,315,-885,512
2025-09-01 23:45:18.897143,110.76,129.09,178.815,185.64,170.625,171.405,217.62,126.555,24,312,-877,512
2025-09-01 23:45:18.914000,96.525,107.25,155.025,154.05,139.23000000000002,131.235,147.42000000000002,98.865,21,310,-869,384
2025-09-01 23:45:18.914167,46.605,28.08,65.91,70.98,57.525,49.53,85.605,31.005000000000003,24,309,-871,512
2025-09-01 23:45:18.914333,83.265,96.135,124.215,124.605,110.175,114.465,95.16,79.95,29,319,-873,448
2025-09-01 23:45:18.914500,57.135000000000005,52.845,83.07000000000001,84.24000000000001,68.44500000000001,65.52,104.13,17.55,32,320,-873,448
2025-09-01 23:45:18.914667,3.315,-20.475,20.865,-6.63,-12.285,-1.56,34.32,-20.28,29,317,-871,448
2025-09-01 23:45:18.914833,-24.765,-84.045,-43.095,-48.555,-77.805,-64.545,-39.195,-77.22,32,320,-872,384
2025-09-01 23:45:18.915000,-65.91,-139.23000000000002,-90.675,-100.23,-124.215,-112.32,-85.215,-116.22,32,320,-872,384
2025-09-01 23:45:18.976000,-46.41,-101.595,-84.24000000000001,-68.64,-74.10000000000001,-86.385,-59.865,-90.675,30,322,-874,512
2025-09-01 23:45:18.988714,12.87,-12.285,18.33,18.72,20.085,24.96,34.125,2.145,30,320,-872,448
2025-09-01 23:45:19.001429,-52.455,-85.41,-67.86,-83.655,-93.6,-75.465,-68.25,-92.04,21,349,-900,448
2025-09-01 23:45:19.014143,-20.475,-46.215,-23.985,-32.370000000000005,-50.895,-26.130000000000003,-20.865,-43.68,13,350,-893,448
2025-09-01 23:45:19.026857,23.205,6.24,54.21,38.025,13.455,39.975,54.21,19.11,17,346,-897,512
2025-09-01 23:45:19.039571,71.565,78.0,102.765,104.52,93.21,97.11,103.545,62.595,21,349,-894,448
2025-09-01 23:45:19.052286,101.205,117.585,157.56,158.73000000000002,138.255,155.805,162.24,120.9,21,349,-894,448
2025-09-01 23:45:19.065000,103.545,124.215,148.005,138.645,124.8,118.17,144.10500000000002,84.045,17,351,-901,448
2025-09-01 23:45:19.074000,43.875,23.01,43.095,56.16,34.905,21.255,43.875,-12.48,21,353,-899,512
2025-09-01 23:45:19.083000,-14.04,-107.055,-68.25,-57.330000000000005,-66.3,-82.485,-69.22500000000001,-81.9,22,362,-888,448
2025-09-01 23:45:19.092000,39.975,-71.955,-22.62,-7.0200000000000005,-19.11,-34.125,-18.915,-42.705,18,359,-885,512
2025-09-01 23:45:19.101000,-15.21,-41.535,45.24,27.3,13.065,23.205,32.955,2.73,16,362,-890,448
2025-09-01 23:45:19.110000,52.845,33.15,90.675,78.97500000000001,59.67,78.19500000000001,85.605,49.53,19,362,-895,448
2025-09-01 23:45:19.119000,104.325,91.065,146.835,146.25,133.185,139.035,145.08,103.935,19,362,-895,448
2025-09-01 23:45:19.128000,130.065,88.14,137.28,157.95000000000002,148.98000000000002,121.68,51.870000000000005,95.94,28,365,-894,512
2025-09-01 23:45:19.140571,54.99,-12.87,45.825,50.31,41.145,20.865,48.555,-21.645,28,365,-897,512
2025-09-01 23:45:19.153143,105.69,10.725,118.95,105.495,111.735,96.33,106.47,64.35000000000001,30,350,-882,448
2025-09-01 23:45:19.165714,77.22,-33.15,75.465,60.84,63.57,52.260000000000005,60.255,31.59,33,350,-897,448
2025-09-01 23:45:19.178286,33.735,-109.59,1.17,-13.65,-11.7,-18.135,-11.7,-30.03,33,352,-887,384
2025-09-01 23:45:19.190857,-44.46,-180.18,-78.19500000000001,-90.675,-112.71,-98.475,-90.09,-105.69,35,346,-891,448
2025-09-01 23:45:19.203429,-68.64,-225.615,-137.67000000000002,-151.32,-154.63500000000002,-153.85500000000002,-139.815,-145.08,35,346,-891,448
2025-09-01 23:45:19.216000,-50.31,-202.215,-117.585,-115.245,-115.635,-117.0,-99.45,-100.815,43,342,-891,448
2025-09-01 23:45:19.229429,18.33,-109.005,-15.21,-20.475,-12.675,-9.555,0.585,-20.865,39,342,-889,512
2025-09-01 23:45:19.242857,98.085,1.95,99.255,105.495,97.5,83.655,91.26,32.370000000000005,49,339,-880,512
2025-09-01 23:45:19.256286,67.86,-29.25,42.315000000000005,52.845,51.285,26.325,28.665000000000003,-17.16,51,326,-884,384
2025-09-01 23:45:19.269714,27.105,-116.61,-22.425,-11.31,-19.5,-33.735,-33.54,-60.06,52,327,-884,512
2025-09-01 23:45:19.283143,-19.11,-191.49,-74.685,-65.13,-76.44,-87.75,-83.655,-108.615,51,332,-880,448
2025-09-01 23:45:19.296571,-50.31,-228.735,-117.975,-114.855,-121.485,-135.135,-124.995,-149.565,51,332,-880,448
2025-09-01 23:45:19.310000,-40.755,-219.375,-127.14,-94.38,-100.23,-130.065,-117.585,-136.5,46,325,-877,448
2025-09-01 23:45:19.322000,13.845,-131.43,-35.685,-4.485,-7.215,-33.735,-33.15,-57.72,41,332,-889,448
2025-09-01 23:45:19.334000,95.94,-14.625,106.665,105.3,98.865,94.185,91.65,55.965,48,344,-884,384
2025-09-01 23:45:19.346000,69.42,-59.475,49.14,58.11,54.405,35.49,40.365,2.34,48,344,-884,384
2025-09-01 23:45:19.358000,20.085,-142.35,-18.525,-6.4350000000000005,-19.11,-35.1,-23.595,-48.36,46,345,-883,384
2025-09-01 23:45:19.370000,-18.915,-192.27,-93.405,-71.955,-88.33500000000001,-104.715,-94.965,-111.93,46,349,-881,448
2025-09-01 23:45:19.382000,-12.48,-221.91,-136.11,-107.25,-109.785,-148.59,-147.81,-149.955,46,349,-881,448
2025-09-01 23:45:19.394000,-62.79,-257.01,-136.5,-119.535,-113.295,-136.695,-136.89,-128.895,50,344,-898,448
2025-09-01 23:45:19.403000,-18.525,-156.0,-45.63,-27.69,-44.655,-36.27,-46.215,-54.99,46,344,-893,512
2025-09-01 23:45:19.412000,-7.41,-212.16,-96.135,-90.675,-78.97500000000001,-90.87,-104.715,-86.58,55,365,-894,512
2025-09-01 23:45:19.421000,16.185000000000002,-177.45000000000002,-53.04,-37.44,-31.59,-52.065000000000005,-59.475,-56.55,54,365,-894,512
2025-09-01 23:45:19.430000,19.11,-113.685,11.31,29.64,16.77,4.875,14.82,-3.51,58,360,-896,448
2025-09-01 23:45:19.439000,86.58,-59.67,71.37,97.89,80.925,64.35000000000001,78.0,54.405,58,361,-899,448
2025-09-01 23:45:19.448000,118.755,-10.14,118.95,147.42000000000002,128.895,114.075,125.58,91.65,56,362,-897,512
2025-09-01 23:45:19.457000,116.22,-3.9,119.145,129.09,124.605,95.355,105.69,84.045,56,362,-897,512
2025-09-01 23:45:19.469429,69.22500000000001,-84.825,19.5,43.68,36.27,-1.365,17.16,-20.085,49,359,-901,448
2025-09-01 23:45:19.481857,114.66,-24.765,118.56,118.365,107.64,99.06,102.96,72.735,41,344,-888,512
2025-09-01 23:45:19.494286,100.23,-65.325,68.44500000000001,83.46000000000001,77.805,51.285,56.355,34.32,41,344,-888,512
2025-09-01 23:45:19.506714,31.785,-147.03,-6.045,3.315,-23.01,-29.055,-22.815,-40.17,41,345,-890,384
2025-09-01 23:45:19.519143,-11.895,-185.835,-71.175,-70.785,-71.565,-82.875,-89.31,-84.63000000000001,39,343,-888,512
2025-09-01 23:45:19.531571,-32.955,-222.495,-118.17,-108.03,-113.88,-136.5,-135.135,-126.945,39,344,-886,448
2025-09-01 23:45:19.544000,-37.245000000000005,-229.125,-130.065,-108.42,-116.805,-144.885,-119.925,-111.15,39,344,-886,448
2025-09-01 23:45:19.553143,17.16,-144.3,-35.1,-16.965,-13.65,-35.49,-32.370000000000005,-47.385000000000005,49,345,-881,448
2025-09-01 23:45:19.562286,-37.83,-192.66,-102.375,-96.72,-89.50500000000001,-103.155,-85.8,-93.21,25,343,-884,512
2025-09-01 23:45:19.571429,-7.800000000000001,-153.465,-57.72,-54.015,-48.165,-56.355,-43.485,-54.015,25,343,-884,512
2025-09-01 23:45:19.580571,43.68,-76.245,22.425,29.835,24.96,18.135,33.54,11.505,22,341,-887,448
2025-09-01 23:45:19.589714,86.775,-22.815,93.21,82.875,87.555,84.435,93.795,70.59,26,340,-886,512
2025-09-01 23:45:19.598857,113.49,16.965,137.865,132.79500000000002,141.96,136.305,143.715,111.54,29,342,-888,512
2025-09-01 23:45:19.608000,131.235,28.08,143.715,145.275,142.155,137.475,125.385,98.085,29,342,-888,512
2025-09-01 23:45:19.620571,73.71000000000001,-55.185,46.41,61.23,52.65,24.765,33.735,15.405,29,340,-894,448
2025-09-01 23:45:19.633143,-48.36,-182.52,-111.54,-97.5,-102.375,-109.395,-105.495,-93.015,34,346,-893,512
2025-09-01 23:45:19.645714,-10.335,-138.645,-64.545,-49.14,-55.38,-67.08,-50.115,-50.31,34,346,-893,512
2025-09-01 23:45:19.658286,30.615,-71.955,9.555,16.965,22.62,7.0200000000000005,19.695,5.07,29,346,-882,512
2025-09-01 23:45:19.670857,74.295,-10.335,75.075,93.6,95.745,79.56,68.055,64.35000000000001,32,342,-885,512
2025-09-01 23:45:19.683429,106.47,29.25,124.8,135.33,136.89,137.085,53.43,117.78,30,344,-888,512
2025-09-01 23:45:19.696000,121.29,47.775,130.26,144.495,143.715,137.67000000000002,108.03,85.995,30,344,-888,512
2025-09-01 23:45:19.704571,59.28,-47.385000000000005,38.415,46.41,43.095,24.96,49.335,15.795,29,341,-898,576
2025-09-01 23:45:19.713143,98.865,48.555,118.95,115.44,118.17,108.03,112.71,80.34,43,342,-886,448
2025-09-01 23:45:19.721714,76.635,5.46,71.175,70.395,75.465,59.865,66.105,36.66,43,342,-886,448
2025-09-01 23:45:19.730286,17.16,-79.56,-0.975,-10.725,-15.6,-8.19,5.265000000000001,-19.11,41,349,-885,448
2025-09-01 23:45:19.738857,21.84,-139.62,-56.55,-49.335,-61.815000000000005,-59.085,-50.115,-64.74000000000001,41,349,-884,448
2025-09-01 23:45:19.747429,-45.24,-225.615,-96.915,-136.5,-143.52,-96.525,-100.62,-106.275,42,345,-889,448
2025-09-01 23:45:19.756000,-131.82,-213.33,-128.31,-152.685,-150.93,-124.995,-109.98,-113.295,45,344,-887,448
2025-09-01 23:45:19.768714,-5.46,-100.035,-47.97,-31.395,-30.615,-41.34,-32.76,-46.02,45,341,-883,448
2025-09-01 23:45:19.781429,84.24000000000001,40.365,117.39,112.905,104.715,112.515,138.255,74.10000000000001,47,339,-881,448
2025-09-01 23:45:19.794143,20.28,5.265000000000001,77.61,56.55,46.02,77.025,85.605,49.92,47,339,-881,448
2025-09-01 23:45:19.806857,9.75,-66.69,11.505,-41.73,-50.115,7.41,20.865,-8.19,48,344,-869,384
2025-09-01 23:45:19.819571,-41.145,-125.19,-52.65,-76.635,-78.97500000000001,-65.91,-58.695,-68.055,52,348,-883,448
2025-09-01 23:45:19.832286,-65.325,-153.465,-105.105,-125.385,-120.315,-117.39,-106.86,-112.125,47,348,-879,448
2025-09-01 23:45:19.845000,-66.3,-173.16,-114.66,-126.36,-127.53,-116.22,-100.62,-104.325,48,343,-884,448
2025-09-01 23:45:19.857857,-13.65,-90.48,-23.985,-35.49,-30.03,-28.08,-7.215,-19.305,47,344,-885,448
2025-09-01 23:45:19.870714,-42.51,-126.75,-100.62,-100.035,-91.26,-94.965,-90.285,-91.455,46,341,-892,448
2025-09-01 23:45:19.883571,-11.505,-86.97,-54.21,-55.965,-48.36,-51.675,-44.46,-56.355,46,341,-892,704
2025-09-01 23:45:19.896429,41.145,-17.94,29.055,25.545,32.955,35.295,38.025,21.255,47,339,-892,512
2025-09-01 23:45:19.909286,79.56,41.34,104.325,79.17,82.095,110.565,103.35,83.655,40,340,-897,448
2025-09-01 23:45:19.922143,93.795,81.51,155.22,125.97,127.14,156.78,152.1,124.215,39,335,-879,512
2025-09-01 23:45:19.935000,104.325,91.065,158.145,135.915,132.6,147.615,152.685,108.03,41,336,-881,512
2025-09-01 23:45:19.936000,59.67,21.45,65.325,44.265,47.775,45.24,49.53,17.355,42,334,-888,448
2025-09-01 23:45:19.951000,-152.88,-196.17,-134.745,-163.995,-172.57500000000002,-135.525,-125.19,-121.29,49,331,-889,512
2025-09-01 23:45:19.966000,66.105,-117.975,-109.98,-40.365,-86.775,-98.28,-111.93,-98.28,49,333,-888,448
2025-09-01 23:45:19.981000,36.855,-49.14,-58.5,-43.095,-28.665000000000003,-49.92,-110.37,-93.015,49,333,-888,448
2025-09-01 23:45:19.996000,-410.085,-83.46000000000001,-82.68,-254.865,-106.08,-70.785,-181.74,-173.55,48,329,-883,448
2025-09-01 23:45:20.011000,-158.34,-23.985,-32.370000000000005,-135.525,-7.605,-23.4,-69.03,-101.4,50,327,-879,448
2025-09-01 23:45:20.026000,175.305,48.945,-1.755,100.815,68.25,-1.95,-62.010000000000005,-57.525,49,330,-886,512
2025-09-01 23:45:20.026333,-66.885,-64.545,-63.375,-53.43,-84.045,-70.395,-123.63,-81.12,48,331,-888,512
2025-09-01 23:45:20.026667,180.375,-74.685,-213.525,-189.15,-185.64,-200.07,-326.235,-240.045,54,329,-886,512
2025-09-01 23:45:20.027000,85.02,-130.65,-280.8,-281.385,-247.065,-256.425,-390.39,-304.39500000000004,57,332,-886,448
2025-09-01 23:45:20.027333,-57.72,-239.655,-380.64,-415.155,-353.925,-354.315,-489.255,-394.29,57,332,-886,448
2025-09-01 23:45:20.027667,-72.735,-309.855,-407.355,-457.86,-415.155,-384.735,-514.02,-412.23,50,337,-890,512
2025-09-01 23:45:20.028000,-75.465,-324.87,-468.39,-460.785,-430.56,-432.705,-575.64,-444.99,47,333,-881,448
2025-09-01 23:45:20.115000,-129.09,-372.06,-483.795,-545.025,-472.68,-457.86,-581.88,-454.74,51,329,-887,512
2025-09-01 23:45:20.124143,-123.63,-298.545,-410.475,-474.435,-403.26,-374.985,-514.8000000000001,-415.545,51,328,-892,512
2025-09-01 23:45:20.133286,160.29,-228.15,-383.955,-256.62,-303.42,-342.225,-427.635,-310.83,59,332,-897,512
2025-09-01 23:45:20.142429,162.24,-200.85,-339.69,-216.645,-270.075,-296.595,-375.57,-273.78000000000003,59,333,-894,512
2025-09-01 23:45:20.151571,179.4,-138.255,-244.92,-160.68,-212.55,-218.01,-278.07,-189.15,59,333,-894,512
2025-09-01 23:45:20.160714,280.8,-57.72,-183.495,-84.825,-106.08,-158.145,-216.45,-137.28,66,336,-898,448
2025-09-01 23:45:20.169857,267.93,-58.11,-147.81,-45.825,-78.97500000000001,-114.465,-172.77,-103.545,58,331,-888,448
2025-09-01 23:45:20.179000,216.645,-23.01,-125.19,-28.86,-80.925,-101.595,-162.435,-99.06,58,330,-887,448
2025-09-01 23:45:20.191429,177.45000000000002,-85.215,-212.94,-140.205,-165.165,-189.345,-247.26,-173.55,58,328,-886,512
2025-09-01 23:45:20.203857,298.15500000000003,74.49000000000001,-39.39,141.375,44.655,-27.105,-52.455,-9.945,49,330,-898,512
2025-09-01 23:45:20.216286,231.855,27.105,-93.015,69.42,-8.385,-78.97500000000001,-113.685,-63.375,48,327,-892,448
2025-09-01 23:45:20.228714,96.72,-67.86,-205.14,-61.620000000000005,-127.92,-180.375,-235.365,-181.935,50,330,-895,448
2025-09-01 23:45:20.241143,-184.47,-178.62,-276.51,-289.185,-240.045,-261.69,-327.6,-252.135,51,330,-898,448
2025-09-01 23:45:20.253571,37.635,-165.555,-292.5,-206.505,-208.455,-278.265,-336.96000000000004,-223.275,51,330,-898,448
2025-09-01 23:45:20.266000,184.275,-169.455,-287.04,-76.635,-197.73,-262.27500000000003,-249.21,-162.63,51,330,-897,512
2025-09-01 23:45:20.275000,120.51,-117.0,-202.995,-96.525,-161.655,-171.21,-197.535,-152.685,52,327,-895,448
2025-09-01 23:45:20.284000,205.725,78.97500000000001,-29.445,81.51,38.61,-3.51,-55.38,1.365,39,343,-893,512
2025-09-01 23:45:20.293000,168.285,37.83,-69.81,28.665000000000003,-11.505,-51.48,-99.645,-34.32,46,344,-901,448
2025-09-01 23:45:20.302000,106.08,-40.17,-152.685,-42.120000000000005,-87.36,-136.305,-169.65,-99.06,36,343,-899,448
2025-09-01 23:45:20.311000,64.155,-101.01,-211.575,-116.805,-152.49,-207.87,-215.67,-146.64,40,344,-904,448
2025-09-01 23:45:20.320000,18.72,-136.5,-265.395,-168.09,-199.29,-258.375,-260.52,-200.46,40,344,-904,448
2025-09-01 23:45:20.329000,30.225,-151.71,-291.52500000000003,-140.205,-201.045,-255.255,-293.67,-198.51,45,339,-901,512
2025-09-01 23:45:20.330000,117.585,-64.935,-187.59,-44.85,-98.085,-144.69,-177.06,-101.595,44,341,-898,448
2025-09-01 23:45:20.344167,110.565,-40.17,-110.955,31.59,-40.365,-82.095,-71.565,-15.795,68,338,-895,448
2025-09-01 23:45:20.358333,133.38,-0.39,-60.255,76.635,2.535,-26.715,-18.525,29.64,72,336,-890,448
2025-09-01 23:45:20.372500,174.525,78.19500000000001,9.165,163.60500000000002,95.16,27.3,68.83500000000001,89.895,69,332,-891,512
2025-09-01 23:45:20.386667,200.85,145.275,75.465,210.015,149.175,93.405,118.56,139.23000000000002,69,330,-889,512
2025-09-01 23:45:20.400833,222.69,180.375,125.19,250.38,194.805,138.45000000000002,173.745,186.615,69,330,-889,512
2025-09-01 23:45:20.415000,240.24,211.575,171.79500000000002,279.045,220.35,178.035,209.625,207.48,73,329,-877,512
2025-09-01 23:45:20.423714,197.34,140.985,71.955,210.405,143.52,69.22500000000001,91.65,101.595,72,329,-884,384
2025-09-01 23:45:20.432429,134.94,137.085,84.825,156.0,130.845,88.14,68.44500000000001,92.43,62,305,-869,448
2025-09-01 23:45:20.441143,119.145,95.745,36.855,114.855,103.545,43.29,24.375,48.165,60,306,-874,448
2025-09-01 23:45:20.449857,25.35,18.915,-40.17,23.4,4.68,-33.15,-52.260000000000005,-11.31,64,304,-873,448
2025-09-01 23:45:20.458571,-0.39,-35.88,-105.105,-44.265,-58.89,-97.11,-107.835,-61.23,63,303,-872,448
2025-09-01 23:45:20.467286,-19.695,-67.665,-139.425,-76.83,-90.675,-137.865,-142.935,-92.04,63,303,-872,448
2025-09-01 23:45:20.476000,-71.955,-104.52,-176.475,-126.555,-124.995,-165.75,-175.11,-105.495,69,298,-876,512
2025-09-01 23:45:20.488857,30.81,-29.445,-82.485,9.555,-21.06,-56.940000000000005,-57.135000000000005,-40.95,67,303,-876,448
2025-09-01 23:45:20.501714,271.83,223.08,189.93,316.29,276.12,187.395,241.605,198.51,59,325,-895,512
2025-09-01 23:45:20.514571,178.62,174.915,155.22,263.055,212.355,156.585,204.555,180.96,64,327,-901,512
2025-09-01 23:45:20.527429,151.515,118.56,91.845,156.975,136.695,94.185,125.97,126.555,58,328,-894,512
2025-09-01 23:45:20.540286,78.19500000000001,57.330000000000005,26.130000000000003,83.85000000000001,45.825,25.155,69.61500000000001,66.3,55,324,-892,512
2025-09-01 23:45:20.553143,62.010000000000005,36.66,-17.94,71.175,30.225,-27.69,23.595,20.085,55,324,-892,512
2025-09-01 23:45:20.566000,86.775,3.315,-45.24,78.39,15.21,-49.335,16.965,13.065,63,322,-889,512
2025-09-01 23:45:20.587286,133.185,81.9,29.64,152.685,108.615,40.56,94.575,82.29,60,327,-890,448
2025-09-01 23:45:20.608571,-140.01,-18.72,10.53,183.3,46.8,17.94,22.815,86.97,51,345,-912,448
2025-09-01 23:45:20.629857,-116.22,27.885,-0.39,73.71000000000001,28.665000000000003,-0.78,25.74,38.025,51,345,-912,448
2025-09-01 23:45:20.651143,116.22,127.335,51.675,249.99,110.565,62.985,156.78,86.58,52,340,-906,448
2025-09-01 23:45:20.672429,128.70000000000002,160.875,159.315,342.42,163.60500000000002,165.165,215.865,222.3,49,337,-893,448
2025-09-01 23:45:20.693714,300.495,250.38,188.565,446.745,271.245,202.41,234.0,249.405,49,337,-893,448
2025-09-01 23:45:20.715000,474.825,301.665,231.855,499.98,332.865,225.225,312.39,280.21500000000003,48,339,-887,384
2025-09-01 23:45:20.723714,289.77,201.24,119.145,381.03,171.6,120.51,176.28,169.455,42,331,-861,512
2025-09-01 23:45:20.732429,230.295,-52.845,-127.92,323.7,-124.215,-105.105,-88.33500000000001,-22.815,34,331,-898,512
2025-09-01 23:45:20.741143,274.95,-13.455,-89.895,366.015,-88.14,-65.52,-43.485,30.42,39,331,-898,512
2025-09-01 23:45:20.749857,416.325,86.385,6.63,521.04,46.215,18.525,44.85,101.4,42,335,-898,448
2025-09-01 23:45:20.758571,358.21500000000003,107.055,78.78,535.08,65.91,97.11,116.61,159.705,44,335,-902,512
2025-09-01 23:45:20.767286,371.475,166.14,124.02,585.39,107.055,142.935,156.0,195.195,47,336,-902,448
2025-09-01 23:45:20.776000,460.59,216.45,156.195,641.745,151.71,163.8,176.28,202.605,47,336,-910,448
2025-09-01 23:45:20.788857,444.405,156.975,72.735,582.27,88.92,80.535,106.275,141.57,46,332,-897,512
2025-09-01 23:45:20.801714,462.345,237.12,204.555,674.115,221.13,164.97,241.995,182.325,47,332,-887,512
2025-09-01 23:45:20.814571,487.89,211.185,163.995,579.735,157.95000000000002,127.53,203.19,161.85,47,332,-887,512
2025-09-01 23:45:20.827429,366.405,140.79,110.175,576.225,101.4,74.49000000000001,163.995,125.385,51,334,-882,512
2025-09-01 23:45:20.840286,495.885,108.42,53.235,550.29,51.48,15.21,101.4,75.66,50,335,-887,512
2025-09-01 23:45:20.853143,460.59,74.685,25.74,507.585,36.465,-10.725,66.105,22.815,48,332,-891,448
2025-09-01 23:45:20.866000,423.54,24.765,-17.55,467.61,-5.8500000000000005,-28.665000000000003,23.985,22.425,48,332,-891,448
2025-09-01 23:45:20.878714,469.365,90.48,50.7,562.965,72.93,41.535,124.41,84.045,49,329,-896,448
2025-09-01 23:45:20.891429,-32.955,-67.08,-94.38,409.305,-151.71,-117.39,-81.12,-113.49,58,333,-896,512
2025-09-01 23:45:20.904143,-301.27500000000003,-104.715,-78.0,196.755,-231.27,-96.72,-73.515,-101.985,58,333,-896,512
2025-09-01 23:45:20.916857,-363.09,-24.765,-3.9,337.74,-172.77,-24.57,3.9,-18.33,62,327,-883,448
2025-09-01 23:45:20.929571,182.715,97.695,91.455,636.09,39.975,63.375,111.93,54.015,60,327,-889,512
2025-09-01 23:45:20.942286,369.525,193.635,134.35500000000002,793.65,153.85500000000002,115.245,163.60500000000002,138.255,57,327,-895,512
2025-09-01 23:45:20.955000,368.745,233.805,231.27,926.25,180.765,191.1,267.54,237.315,57,327,-895,512
2025-09-01 23:45:20.967714,334.815,188.175,123.24,861.12,121.875,78.0,127.725,85.8,57,325,-899,512
2025-09-01 23:45:20.980429,153.85500000000002,276.90000000000003,249.795,640.38,217.62,205.335,273.39,192.66,58,336,-901,448
2025-09-01 23:45:20.993143,118.17,230.685,207.87,596.7,173.55,161.85,226.395,160.095,58,336,-901,448
2025-09-01 23:45:21.005857,85.41,158.73000000000002,136.695,516.36,108.225,90.675,154.245,95.355,65,336,-900,512
2025-09-01 23:45:21.018571,78.0,77.61,55.575,454.935,54.99,12.675,81.705,25.545,61,336,-895,448
2025-09-01 23:45:21.031286,-53.43,29.835,14.04,392.145,-11.505,-31.98,39.975,-17.355,57,334,-891,448
2025-09-01 23:45:21.044000,-63.765,-4.485,-38.61,320.19,-75.27,-81.12,-23.985,-47.58,56,330,-895,512
2025-09-01 23:45:21.052857,-12.09,66.69,42.315000000000005,399.945,23.4,26.325,37.05,51.870000000000005,52,331,-889,448
2025-09-01 23:45:21.061714,253.695,312.78000000000003,311.22,704.34,319.605,266.955,355.485,259.545,45,311,-868,448
2025-09-01 23:45:21.070571,270.855,284.115,244.92,648.765,271.05,208.26,282.36,193.44,45,311,-868,448
2025-09-01 23:45:21.079429,76.83,163.60500000000002,131.04,535.275,135.33,115.05,137.865,90.285,48,319,-874,512
2025-09-01 23:45:21.088286,-94.575,81.705,42.315000000000005,307.71000000000004,36.855,5.655,29.25,-19.11,49,316,-875,512
2025-09-01 23:45:21.097143,-76.245,35.88,17.55,268.90500000000003,0.975,-15.405,48.36,-16.575,51,316,-877,512
2025-09-01 23:45:21.106000,104.13,41.73,-18.33,476.97,45.435,-55.965,58.5,-31.59,50,315,-874,448
2025-09-01 23:45:21.118571,2.34,79.75500000000001,64.74000000000001,366.795,60.645,26.130000000000003,135.135,35.88,49,313,-877,512
2025-09-01 23:45:21.131143,-223.86,-41.925,-108.615,283.14,-166.14,-115.44,-113.88,-143.715,49,352,-909,512
2025-09-01 23:45:21.143714,-215.28,1.56,-63.18,328.38,-117.0,-70.395,-76.44,-106.08,49,352,-909,512
2025-09-01 23:45:21.156286,-161.07,68.44500000000001,12.87,402.675,-40.95,-1.365,-19.305,-37.05,57,349,-904,512
2025-09-01 23:45:21.168857,-131.235,134.16,87.75,526.695,43.68,75.075,72.93,33.735,59,357,-909,448
2025-09-01 23:45:21.181429,-68.44500000000001,186.615,125.19,579.345,97.11,117.975,111.735,67.665,53,357,-901,448
2025-09-01 23:45:21.194000,-42.705,231.465,173.745,554.19,121.875,163.41,144.3,92.82,54,355,-905,448
2025-09-01 23:45:21.202714,-77.025,172.77,111.54,516.945,64.74000000000001,92.43,77.22,37.245000000000005,53,355,-910,448
2025-09-01 23:45:21.211429,-127.14,72.15,-11.895,224.445,-39.78,-24.96,-11.505,-46.41,44,345,-893,448
2025-09-01 23:45:21.220143,-97.11,114.66,39.0,272.415,10.725,21.06,31.59,-2.34,44,345,-893,448
2025-09-01 23:45:21.228857,-48.75,188.76,120.9,347.49,90.87,103.155,122.265,64.155,45,343,-887,448
2025-09-01 23:45:21.237571,2.145,262.27500000000003,189.345,405.6,156.78,173.745,191.1,123.24,44,346,-900,448
2025-09-01 23:45:21.246286,19.11,289.96500000000003,230.1,432.9,201.63,205.335,236.535,158.34,41,358,-904,448
2025-09-01 23:45:21.255000,69.03,339.105,269.88,488.67,249.015,242.385,263.445,175.11,42,352,-897,448
2025-09-01 23:45:21.267857,-14.235,263.25,171.405,370.89,170.04,149.955,167.505,83.655,45,351,-894,512
2025-09-01 23:45:21.280714,47.385000000000005,408.33,303.03000000000003,340.27500000000003,306.93,265.005,367.185,209.625,47,334,-885,512
2025-09-01 23:45:21.293571,-98.475,333.255,204.945,213.72,220.155,175.89,235.365,71.175,51,336,-880,448
2025-09-01 23:45:21.306429,-127.335,267.54,130.26,111.93,175.89,98.67,142.35,83.46000000000001,51,336,-880,448
2025-09-01 23:45:21.319286,158.34,227.37,127.14,332.67,165.165,71.175,205.53,29.055,44,324,-869,448
2025-09-01 23:45:21.332143,58.11,217.035,89.31,287.43,121.29,41.145,155.22,54.99,43,322,-867,512
2025-09-01 23:45:21.345000,-107.835,132.79500000000002,51.870000000000005,68.44500000000001,-17.55,28.86,119.73,64.35000000000001,47,329,-866,512
2025-09-01 23:45:21.353571,-215.865,164.38500000000002,86.385,27.69,22.62,57.915,128.70000000000002,38.22,46,322,-873,448
2025-09-01 23:45:21.362143,-204.36,258.96000000000004,125.19,65.52,68.25,110.565,115.05,39.39,57,334,-888,384
2025-09-01 23:45:21.370714,-176.28,227.565,69.61500000000001,47.97,48.165,54.6,45.435,-0.975,58,332,-886,448
2025-09-01 23:45:21.379286,-249.405,146.835,-0.195,-66.105,-26.52,-20.28,-50.895,-86.58,58,332,-886,448
2025-09-01 23:45:21.387857,-305.37,67.665,-75.075,-116.22,-104.52,-81.705,-99.84,-105.885,53,334,-876,448
2025-09-01 23:45:21.396429,-343.39500000000004,28.86,-90.48,-179.595,-153.27,-94.965,-100.62,-128.895,55,330,-881,448
2025-09-01 23:45:21.405000,-360.36,-17.94,-139.425,-227.175,-181.935,-146.64,-147.03,-164.775,53,336,-886,448
2025-09-01 23:45:21.417857,-364.065,43.095,-90.09,-164.775,-123.24,-93.99,-97.89,-116.61,56,341,-888,512
2025-09-01 23:45:21.430714,-201.435,44.07,-42.9,-266.76,-58.5,-63.96,-38.22,-65.715,36,365,-908,512
2025-09-01 23:45:21.443571,-152.49,97.695,13.26,-217.815,-5.07,-0.585,22.23,-19.5,38,364,-903,448
2025-09-01 23:45:21.456429,-94.965,171.79500000000002,100.62,-131.625,81.51,84.63000000000001,102.18,50.115,38,364,-903,448
2025-09-01 23:45:21.469286,-63.57,226.785,155.61,-71.37,127.92,142.54500000000002,154.83,97.11,34,367,-898,512
2025-09-01 23:45:21.482143,-46.41,247.65,195.975,-51.675,162.63,184.08,200.46,136.89,37,361,-894,448
2025-09-01 23:45:21.495000,37.635,296.205,248.625,-6.825,223.47,231.075,249.405,171.6,33,359,-896,448
2025-09-01 23:45:21.507714,-48.945,221.52,180.57,-7.215,146.445,148.395,176.475,96.72,33,356,-899,384
2025-09-01 23:45:21.520429,130.26,289.96500000000003,233.22,40.56,218.4,202.8,261.495,166.725,46,324,-871,384
2025-09-01 23:45:21.533143,67.665,233.22,181.935,-39.195,166.14,146.25,152.1,113.295,47,323,-874,448
2025-09-01 23:45:21.545857,18.33,141.18,73.125,-75.27,98.865,33.735,127.14,-50.505,48,328,-875,448
2025-09-01 23:45:21.558571,89.7,117.975,45.24,-158.535,59.865,33.345,11.7,31.785,49,328,-880,512
2025-09-01 23:45:21.571286,56.745000000000005,95.55,17.355,-134.35500000000002,48.555,-3.315,6.825,-24.18,49,328,-880,512
2025-09-01 23:45:21.584000,-16.575,44.655,-58.11,-199.68,-6.825,-68.64,-34.905,-61.815000000000005,47,326,-877,448
2025-09-01 23:45:21.597286,8.97,61.035,31.59,-137.28,36.465,15.015,47.385000000000005,4.875,50,321,-870,448
2025-09-01 23:45:21.610571,-116.415,-98.085,-126.36,-245.895,-153.465,-132.21,-99.45,-91.845,74,318,-874,448
2025-09-01 23:45:21.623857,-48.75,-65.52,-85.41,-228.15,-118.755,-87.555,-56.355,-52.260000000000005,71,315,-879,384
2025-09-01 23:45:21.637143,-166.53,7.41,4.485,-166.335,-40.17,-3.315,33.345,26.91,72,316,-875,512
2025-09-01 23:45:21.650429,51.285,103.155,87.36,-75.465,66.885,71.565,111.54,83.07000000000001,72,317,-873,448
2025-09-01 23:45:21.663714,91.26,131.82,119.145,3.12,120.12,106.08,146.055,114.27,72,317,-873,448
2025-09-01 23:45:21.677000,87.75,181.35,172.185,33.93,157.56,155.415,195.39,148.395,69,318,-886,512
2025-09-01 23:45:21.689286,50.505,131.04,118.365,-53.82,75.075,88.72500000000001,128.115,92.04,71,322,-884,448
2025-09-01 23:45:21.701571,-44.265,-47.58,-70.785,-266.76,-62.010000000000005,-82.875,-33.735,-42.705,72,352,-912,448
2025-09-01 23:45:21.713857,-22.62,-6.24,-39.975,-218.595,-17.55,-40.95,4.095,-1.365,63,351,-903,448
2025-09-01 23:45:21.726143,58.695,75.465,41.73,-125.97,82.095,35.295,80.73,61.23,63,352,-911,448
2025-09-01 23:45:21.738429,48.945,130.26,122.265,-72.15,125.19,121.875,165.555,124.215,63,350,-913,448
2025-09-01 23:45:21.750714,71.955,156.195,168.675,-56.355,134.35500000000002,166.53,212.55,166.725,63,350,-913,448
2025-09-01 23:45:21.763000,123.63,209.43,219.375,11.115,209.04,205.92,248.625,198.315,58,353,-906,512
2025-09-01 23:45:21.772286,98.475,156.0,138.06,-53.235,150.93,117.78,162.04500000000002,122.46,57,353,-910,512
2025-09-01 23:45:21.781571,109.2,226.005,225.615,31.395,233.025,193.05,235.17,169.65,46,338,-874,448
2025-09-01 23:45:21.790857,100.62,186.615,166.725,-12.09,197.34,148.005,228.54,90.285,52,338,-878,512
2025-09-01 23:45:21.800143,29.055,94.965,103.545,-108.81,95.745,77.805,153.66,54.99,53,336,-879,512
2025-09-01 23:45:21.809429,-36.27,47.775,91.455,-78.58500000000001,62.010000000000005,70.395,143.32500000000002,110.175,49,336,-883,512
2025-09-01 23:45:21.818714,-58.11,38.61,63.18,-196.56,28.47,41.145,113.88,73.905,49,336,-883,512
2025-09-01 23:45:21.828000,-22.62,-18.525,2.535,-272.61,-29.445,-19.11,42.51,18.135,57,331,-872,448
2025-09-01 23:45:21.841286,-94.965,0.585,36.27,-115.05,21.255,24.375,65.715,36.075,48,332,-879,448
2025-09-01 23:45:21.854571,-324.87,-212.16,-221.715,-406.38,-277.485,-218.4,-228.54,-170.625,52,325,-892,448
2025-09-01 23:45:21.867857,-319.21500000000003,-177.45000000000002,-205.335,-378.105,-236.34,-192.66,-205.335,-161.655,59,327,-881,512
2025-09-01 23:45:21.881143,-317.46000000000004,-121.68,-104.13,-328.575,-174.72,-83.85000000000001,-79.56,-54.6,59,331,-879,448
2025-09-01 23:45:21.894429,-258.765,-48.165,-23.79,-249.015,-93.795,-13.65,-5.265000000000001,10.53,52,333,-881,448
2025-09-01 23:45:21.907714,-196.365,-2.145,-0.39,-201.63,-50.31,6.825,14.625,25.545,52,333,-881,448
2025-09-01 23:45:21.921000,-185.25,54.99,46.8,-147.42000000000002,18.33,54.6,54.99,57.915,55,329,-879,512
2025-09-01 23:45:21.928857,-156.78,0.975,-19.695,-206.115,-54.015,-23.595,-26.325,-6.825,49,337,-882,384
2025-09-01 23:45:21.936714,-100.62,147.03,154.44,-206.31,126.75,139.815,162.63,138.645,56,346,-893,448
2025-09-01 23:45:21.944571,-115.635,109.59,112.515,-238.485,85.995,94.38,117.585,97.11,56,346,-893,448
2025-09-01 23:45:21.952429,-156.78,44.46,38.415,-318.63,15.21,16.185000000000002,38.415,25.155,59,345,-892,512
2025-09-01 23:45:21.960286,-169.455,-49.53,-40.95,-359.97,-55.965,-54.795,-34.32,-27.69,60,345,-894,448
2025-09-01 23:45:21.968143,-264.42,-90.48,-70.2,-379.275,-101.595,-89.895,-78.0,-64.545,60,345,-894,448
2025-09-01 23:45:21.976000,-360.75,-145.275,-127.92,-582.27,-182.325,-141.57,-117.195,-102.57,60,339,-883,448
2025-09-01 23:45:21.988714,-244.725,-83.265,-59.865,-452.205,-99.255,-73.515,-44.655,-25.155,63,345,-898,512
2025-09-01 23:45:22.001429,-209.43,-133.185,-117.39,-493.35,-131.04,-126.36,-117.975,-93.99,63,338,-881,512
2025-09-01 23:45:22.014143,-190.32,-99.255,-75.465,-454.74,-93.015,-80.73,-73.125,-50.895,63,338,-881,512
2025-09-01 23:45:22.026857,-140.595,-26.325,0.975,-379.275,-22.23,-4.68,2.535,11.895,65,338,-880,512
2025-09-01 23:45:22.039571,-85.02,42.9,69.61500000000001,-296.985,56.55,65.325,75.27,73.125,64,339,-882,512
2025-09-01 23:45:22.052286,-67.275,73.32000000000001,100.62,-260.52,85.8,93.795,105.105,95.745,64,340,-881,512
2025-09-01 23:45:22.065000,-30.81,145.665,153.27,-203.385,156.585,145.275,155.61,141.765,64,340,-881,512
2025-09-01 23:45:22.065333,-50.7,90.48,106.08,-256.425,99.84,91.065,97.695,86.58,68,343,-887,512
2025-09-01 23:45:22.065667,-232.83,-132.6,-110.955,-480.09,-131.04,-126.555,-100.62,-89.50500000000001,63,344,-892,512
2025-09-01 23:45:22.066000,-185.835,-97.11,-69.42,-450.645,-83.655,-85.02,-66.885,-43.29,63,344,-892,512
2025-09-01 23:45:22.081750,-107.25,-23.79,-5.8500000000000005,-356.65500000000003,13.065,-7.800000000000001,-0.195,-16.77,59,348,-892,448
2025-09-01 23:45:22.097500,-50.115,55.77,68.25,-265.395,90.675,59.865,42.315000000000005,57.330000000000005,63,346,-896,448
2025-09-01 23:45:22.113250,-27.495,88.53,96.33,-241.995,116.61,90.285,79.75500000000001,82.875,63,347,-890,512
2025-09-01 23:45:22.129000,15.405,149.955,155.415,-180.18,180.765,145.08,142.155,131.43,63,347,-890,512
2025-09-01 23:45:22.141429,-27.105,76.05,105.69,-229.32,110.76,85.215,90.87,76.635,55,352,-881,512
2025-09-01 23:45:22.153857,36.075,110.175,156.975,-117.78,147.225,132.99,145.665,109.395,65,355,-892,448
2025-09-01 23:45:22.166286,1.365,73.125,136.11,-180.18,97.305,103.935,132.99,90.09,65,355,-892,448
2025-09-01 23:45:22.178714,-60.06,6.825,72.54,-283.14,36.465,50.505,66.885,29.445,60,347,-883,512
2025-09-01 23:45:22.191143,-199.485,-108.42,-79.75500000000001,-358.21500000000003,-81.12,-98.475,-129.48000000000002,-141.18,57,351,-883,448
2025-09-01 23:45:22.203571,-212.55,-151.71,-103.935,-421.98,-120.9,-117.585,-160.68,-124.995,58,354,-885,512
2025-09-01 23:45:22.216000,-72.54,-153.465,-130.455,-347.685,-114.075,-168.48000000000002,-128.505,-124.215,58,354,-885,512
2025-09-01 23:45:22.229000,-97.5,-119.73,-128.895,-338.91,-80.145,-137.475,-131.235,-163.8,62,350,-877,448
2025-09-01 23:45:22.242000,-195.975,-192.27,-124.41,-475.02,-158.145,-143.91,-143.715,-139.815,64,345,-892,448
2025-09-01 23:45:22.255000,-134.16,-143.91,-90.675,-407.94,-95.355,-103.74,-101.79,-103.935,64,345,-892,448
2025-09-01 23:45:22.268000,-120.12,-94.38,-16.185000000000002,-332.475,-33.345,-24.375,-29.25,-38.22,60,340,-886,512
2025-09-01 23:45:22.281000,-95.16,-3.705,57.72,-274.95,17.16,56.55,49.335,34.125,65,344,-887,448
2025-09-01 23:45:22.294000,-57.525,24.57,100.62,-242.775,66.885,86.19,89.50500000000001,39.78,64,345,-889,448
2025-09-01 23:45:22.307000,-2.34,77.025,158.34,-175.89,145.86,148.98000000000002,141.96,94.965,63,349,-889,512
2025-09-01 23:45:22.319571,-44.07,37.05,100.425,-229.32,73.125,82.875,67.275,38.61,63,347,-887,512
2025-09-01 23:45:22.332143,119.145,142.74,192.27,-62.985,223.86,186.615,173.94,140.595,61,335,-882,512
2025-09-01 23:45:22.344714,97.305,98.67,164.58,-94.38,179.985,154.44,154.245,117.195,61,335,-882,512
2025-09-01 23:45:22.357286,48.165,19.5,92.04,-185.055,103.74,71.955,73.71000000000001,33.345,60,333,-881,512
2025-09-01 23:45:22.369857,-1.17,-43.095,10.53,-261.3,28.86,6.045,-7.995,-13.26,57,338,-883,512
2025-09-01 23:45:22.382429,-31.005000000000003,-72.54,-26.91,-288.99,0.0,-39.0,-35.685,-47.190000000000005,56,333,-869,512
2025-09-01 23:45:22.395000,-70.005,-139.425,-80.34,-354.12,-61.815000000000005,-83.265,-93.99,-94.77,58,341,-876,512
2025-09-01 23:45:22.403429,-45.435,-85.02,-31.200000000000003,-293.28000000000003,-13.26,-29.25,-30.03,-34.32,58,342,-878,448
2025-09-01 23:45:22.411857,-99.45,-7.41,52.455,-275.73,-2.34,73.32000000000001,0.975,46.8,54,356,-893,448
2025-09-01 23:45:22.420286,-100.62,-31.005000000000003,23.205,-311.02500000000003,-24.57,29.64,-27.885,11.115,54,356,-893,512
2025-09-01 23:45:22.428714,-145.86,-102.765,-47.58,-374.01,-88.53,-43.875,-100.62,-52.845,49,353,-892,512
2025-09-01 23:45:22.437143,-194.22,-177.84,-123.63,-454.74,-160.29,-114.075,-173.55,-121.485,47,346,-888,448
2025-09-01 23:45:22.445571,-209.625,-204.36,-155.025,-482.43,-183.885,-140.01,-198.705,-142.74,47,342,-887,448
2025-09-01 23:45:22.454000,-244.725,-255.84,-197.925,-539.955,-243.945,-189.93,-242.97,-184.47,50,342,-887,448
2025-09-01 23:45:22.454200,-167.115,-210.6,-143.13,-474.435,-179.79,-127.92,-172.77,-118.365,52,342,-892,512
2025-09-01 23:45:22.454400,39.195,53.235,135.525,-155.61,117.975,150.345,122.46,120.9,53,349,-891,512
2025-09-01 23:45:22.454600,26.52,23.595,112.71,-192.075,84.045,118.17,77.415,94.965,52,348,-887,448
2025-09-01 23:45:22.454800,17.355,-25.155,29.64,-257.79,30.03,37.05,7.605,20.67,52,348,-887,448
2025-09-01 23:45:22.455000,-91.845,-140.595,-62.400000000000006,-342.42,-65.91,-46.02,-74.10000000000001,-51.09,55,347,-881,512
2025-09-01 23:45:22.501000,-146.055,-153.465,-89.11500000000001,-380.64,-107.055,-81.705,-104.715,-82.29,58,356,-893,448
2025-09-01 23:45:22.547000,-112.515,-191.685,-150.345,-425.88,-160.095,-146.835,-163.215,-123.825,54,352,-893,448
2025-09-01 23:45:22.555429,-103.35,-158.535,-106.86,-365.625,-91.065,-86.58,-106.275,-69.61500000000001,56,354,-893,512
2025-09-01 23:45:22.563857,-10.725,-167.115,-151.125,-263.83500000000004,-85.995,-132.21,-148.395,-111.54,58,345,-884,512
2025-09-01 23:45:22.572286,-273.78000000000003,-141.57,-110.76,-261.105,-92.43,-88.33500000000001,-83.46000000000001,-68.44500000000001,56,347,-885,448
2025-09-01 23:45:22.580714,-63.57,-85.8,-11.7,-282.75,5.07,7.215,4.875,26.130000000000003,56,347,-885,448
2025-09-01 23:45:22.589143,32.370000000000005,16.77,70.2,-121.485,76.83,91.845,95.55,103.155,55,352,-871,448
2025-09-01 23:45:22.597571,144.885,63.765,105.105,-71.175,150.54,131.625,113.49,128.70000000000002,48,349,-877,512
2025-09-01 23:45:22.606000,241.02,133.185,176.085,52.065000000000005,240.045,193.245,175.89,187.005,49,343,-883,448
2025-09-01 23:45:22.618714,70.2,53.235,124.995,-56.55,129.675,133.77,128.31,126.75,51,343,-886,512
2025-09-01 23:45:22.631429,-53.82,-178.62,-142.935,-238.485,-119.535,-125.775,-131.04,-97.305,57,346,-893,512
2025-09-01 23:45:22.644143,-19.305,-142.155,-95.745,-163.215,-74.10000000000001,-62.595,-66.105,-72.54,53,348,-892,512
2025-09-01 23:45:22.656857,-51.09,-23.205,7.215,-116.22,18.525,29.25,37.635,44.655,53,348,-892,512
2025-09-01 23:45:22.669571,67.665,29.25,95.55,-49.92,90.285,101.985,139.035,132.99,64,344,-889,512
2025-09-01 23:45:22.682286,85.995,48.945,116.025,4.68,131.235,127.335,159.12,135.33,61,344,-895,512
2025-09-01 23:45:22.695000,153.66,128.115,177.06,67.08,205.335,191.88,204.945,200.07,59,344,-893,512
2025-09-01 23:45:22.703857,127.53,91.065,144.3,28.08,149.955,148.98000000000002,160.68,153.66,54,343,-889,448
2025-09-01 23:45:22.712714,132.405,154.83,218.985,103.74,192.075,213.525,258.375,229.125,49,351,-884,448
2025-09-01 23:45:22.721571,154.05,127.725,175.695,74.88,174.33,169.26000000000002,182.52,163.02,50,352,-885,448
2025-09-01 23:45:22.730429,84.24000000000001,53.82,94.575,-19.695,105.105,93.015,121.875,118.17,46,348,-885,512
2025-09-01 23:45:22.739286,12.675,-45.63,35.295,-79.17,6.63,24.57,62.400000000000006,82.29,50,348,-884,512
2025-09-01 23:45:22.748143,35.295,-69.42,-2.535,-79.36500000000001,-26.52,-6.825,35.88,41.925,50,348,-884,512
2025-09-01 23:45:22.757000,-127.92,-124.605,-92.82,-194.22,-91.65,-87.94500000000001,-74.88,-60.84,51,347,-886,512
2025-09-01 23:45:22.769714,17.355,-103.35,-55.77,-139.62,-54.99,-58.5,2.9250000000000003,19.305,55,348,-881,512
2025-09-01 23:45:22.782429,177.645,153.85500000000002,233.22,181.155,210.99,216.45,281.385,258.18,60,348,-888,448
2025-09-01 23:45:22.795143,172.77,120.12,219.57,141.57,164.775,196.755,288.40500000000003,248.235,61,347,-878,448
2025-09-01 23:45:22.807857,69.22500000000001,43.29,124.995,19.305,78.97500000000001,97.305,182.52,138.255,59,344,-883,512
2025-09-01 23:45:22.820571,10.14,-89.31,-5.655,-84.24000000000001,-22.425,-21.645,44.07,34.32,57,343,-883,448
2025-09-01 23:45:22.833286,-81.9,-104.13,-52.65,-84.435,-63.57,-56.355,-32.175000000000004,-10.53,57,343,-883,448
2025-09-01 23:45:22.846000,-68.83500000000001,-125.97,-108.615,-196.95,-115.83,-112.515,-83.07000000000001,-42.705,54,346,-883,448
2025-09-01 23:45:22.858857,-30.81,-103.74,-27.3,-95.94,-54.21,-35.295,32.565,39.39,55,343,-882,512
2025-09-01 23:45:22.871714,-224.055,-218.4,-187.59,-370.695,-231.075,-179.595,-200.655,-156.975,57,344,-897,448
2025-09-01 23:45:22.884571,-199.485,-210.99,-160.875,-377.91,-200.07,-149.565,-175.89,-116.805,55,348,-886,448
2025-09-01 23:45:22.897429,-148.785,-131.625,-75.465,-244.92,-109.59,-65.325,-85.41,-44.265,55,344,-889,512
2025-09-01 23:45:22.910286,-86.97,-30.42,16.965,-161.46,-22.035,24.375,9.75,39.585,58,346,-887,512
2025-09-01 23:45:22.923143,-43.875,13.455,48.36,-123.63,23.595,58.89,41.535,69.22500000000001,58,346,-887,512
2025-09-01 23:45:22.936000,-9.75,46.995000000000005,122.85,-37.83,83.85000000000001,134.35500000000002,115.83,126.165,53,347,-884,512
2025-09-01 23:45:22.948571,-31.200000000000003,12.09,91.455,-80.535,41.145,93.405,72.345,77.22,55,345,-886,448
2025-09-01 23:45:22.961143,-36.075,-143.32500000000002,-126.555,-169.26000000000002,-91.845,-117.975,-124.215,-111.54,66,345,-885,512
2025-09-01 23:45:22.973714,-10.92,-126.36,-97.11,-153.27,-68.055,-82.095,-88.92,-83.265,64,341,-873,448
2025-09-01 23:45:22.986286,23.79,-60.84,-22.425,-63.375,5.46,-8.58,-9.555,-16.965,61,343,-877,512
2025-09-01 23:45:22.998857,113.1,29.25,74.685,40.17,104.52,88.53,87.94500000000001,63.57,62,344,-879,512
2025-09-01 23:45:23.011429,128.31,63.57,109.2,85.41,152.29500000000002,127.53,121.68,96.72,62,344,-879,512
2025-09-01 23:45:23.024000,143.32500000000002,126.555,176.085,140.4,213.915,192.075,180.375,144.495,61,336,-876,448
2025-09-01 23:45:23.036714,156.39,93.99,138.06,103.935,167.31,140.985,133.57500000000002,102.375,59,338,-885,384
2025-09-01 23:45:23.049429,-223.86,-275.145,-257.205,-292.11,-278.85,-233.415,-274.17,-208.26,59,353,-885,512
2025-09-01 23:45:23.062143,-223.275,-262.08,-234.585,-288.015,-260.91,-207.87,-243.945,-189.15,59,353,-885,512
2025-09-01 23:45:23.074857,-219.96,-192.075,-171.79500000000002,-221.325,-190.32,-131.625,-180.765,-133.77,63,353,-888,448
2025-09-01 23:45:23.087571,-133.185,-107.25,-83.07000000000001,-127.335,-104.13,-44.07,-87.94500000000001,-65.715,65,355,-890,448
2025-09-01 23:45:23.100286,-121.68,-78.0,-42.120000000000005,-88.53,-65.91,-1.17,-56.940000000000005,-34.71,65,355,-890,448
2025-09-01 23:45:23.113000,-97.695,-22.035,33.15,-39.39,0.195,77.805,10.725,31.200000000000003,59,351,-892,448
2025-09-01 23:45:23.122571,-95.16,-24.18,-10.14,-69.81,-21.84,17.355,-37.44,-22.815,53,350,-888,384
2025-09-01 23:45:23.132143,-122.85,-158.73000000000002,-193.44,-227.565,-170.625,-188.955,-188.175,-166.335,70,358,-893,448
2025-09-01 23:45:23.141714,-104.52,-137.67000000000002,-167.115,-202.41,-132.21,-159.51000000000002,-147.225,-129.09,70,358,-893,448
2025-09-01 23:45:23.151286,-36.27,-62.010000000000005,-96.33,-125.775,-48.555,-87.36,-76.05,-70.98,68,357,-889,448
2025-09-01 23:45:23.160857,25.155,37.44,-11.895,-20.085,54.6,4.29,0.195,0.975,66,360,-888,448
2025-09-01 23:45:23.170429,50.7,72.93,37.05,15.6,94.185,41.34,44.46,35.49,71,360,-887,512
2025-09-01 23:45:23.180000,92.625,130.455,103.545,74.685,154.63500000000002,114.465,118.755,96.525,71,360,-887,512
2025-09-01 23:45:23.192143,99.645,124.995,62.595,59.67,145.08,68.055,62.205000000000005,47.385000000000005,65,363,-882,448
2025-09-01 23:45:23.204286,238.29,212.94,155.025,220.155,265.2,170.625,170.235,133.57500000000002,82,340,-882,448
2025-09-01 23:45:23.216429,235.755,194.805,136.11,188.565,241.02,142.74,142.35,109.59,82,340,-882,448
2025-09-01 23:45:23.228571,179.985,123.825,62.205000000000005,121.095,164.19,69.81,63.765,42.9,83,341,-889,448
2025-09-01 23:45:23.240714,126.555,31.005000000000003,-29.64,45.825,76.05,-21.255,-26.91,-33.735,80,342,-885,448
2025-09-01 23:45:23.252857,103.545,-0.39,-68.055,2.73,38.415,-58.695,-61.23,-62.400000000000006,77,341,-883,512
2025-09-01 23:45:23.265000,65.91,-55.185,-133.965,-61.815000000000005,-27.3,-123.825,-112.32,-109.005,77,341,-883,512
2025-09-01 23:45:23.274857,90.09,-37.635,-105.105,-49.14,9.36,-85.215,-69.42,-101.79,83,349,-882,448
2025-09-01 23:45:23.284714,261.69,232.83,199.875,268.515,297.18,212.94,217.23,176.475,74,351,-883,512
2025-09-01 23:45:23.294571,229.905,203.775,176.475,245.505,262.86,187.005,192.27,148.785,74,351,-883,512
2025-09-01 23:45:23.304429,180.375,132.99,113.295,139.035,164.97,111.735,133.185,89.7,81,344,-881,512
2025-09-01 23:45:23.314286,138.255,53.82,19.89,80.34,101.01,20.67,46.995000000000005,14.625,77,348,-885,448
2025-09-01 23:45:23.324143,105.3,22.425,-24.375,59.28,62.205000000000005,-11.115,13.26,-40.56,75,350,-886,512
2025-09-01 23:45:23.334000,73.905,-36.855,-79.56,-17.55,-7.995,-71.37,-68.25,-67.275,75,350,-886,448
2025-09-01 23:45:23.345571,69.42,-26.715,-55.77,4.29,16.77,-35.88,-29.055,-27.69,78,351,-888,512
2025-09-01 23:45:23.357143,-19.695,-73.32000000000001,-89.11500000000001,-56.940000000000005,-54.21,-82.485,-63.96,-59.865,75,356,-889,448
2025-09-01 23:45:23.368714,-14.04,-56.55,-71.37,-37.44,-33.345,-48.945,-36.075,-34.71,75,356,-889,448
2025-09-01 23:45:23.380286,39.0,19.11,-2.535,38.025,53.235,29.64,29.64,25.155,77,353,-888,512
2025-09-01 23:45:23.391857,90.48,101.595,95.355,121.875,131.235,113.1,123.435,101.595,78,355,-889,512
2025-09-01 23:45:23.403429,106.665,131.43,129.48000000000002,155.22,166.53,150.54,158.925,138.84,79,354,-887,448
2025-09-01 23:45:23.415000,149.955,190.125,197.145,232.635,242.19,217.425,228.93,202.995,79,356,-886,448
2025-09-01 23:45:23.424286,172.185,209.04,194.415,229.32,226.785,197.925,224.64,164.19,78,350,-890,448
2025-09-01 23:45:23.433571,-49.53,-67.275,-86.58,-61.425,-74.685,-80.73,-75.855,-59.085,77,344,-886,512
2025-09-01 23:45:23.442857,-36.075,-53.43,-70.395,-41.73,-62.400000000000006,-52.845,-44.265,-35.88,77,344,-886,512
2025-09-01 23:45:23.452143,8.19,11.115,3.9,25.155,33.345,27.885,29.445,30.42,84,346,-883,512
2025-09-01 23:45:23.461429,79.36500000000001,96.33,111.93,127.335,120.9,127.335,126.165,116.805,89,339,-875,512
2025-09-01 23:45:23.470714,89.11500000000001,133.965,152.88,169.065,162.435,165.36,163.02,150.345,86,337,-888,448
2025-09-01 23:45:23.480000,134.94,193.05,214.89,226.59,221.52,224.64,233.61,209.82,86,340,-884,448
2025-09-01 23:45:23.492286,127.335,188.175,202.215,211.38,205.335,199.68,197.145,171.79500000000002,85,343,-882,512
2025-09-01 23:45:23.504571,-149.76,-143.52,-96.72,-94.965,-138.255,-76.05,-101.595,-61.815000000000005,82,330,-878,512
2025-09-01 23:45:23.516857,-146.25,-129.675,-79.17,-73.32000000000001,-117.195,-53.625,-71.76,-41.145,81,330,-880,512
2025-09-01 23:45:23.529143,-97.305,-69.42,-2.73,-10.335,-48.75,28.665000000000003,5.8500000000000005,32.370000000000005,81,330,-880,512
2025-09-01 23:45:23.541429,-43.875,36.855,98.28,81.51,42.705,125.19,102.57,117.585,82,332,-867,512
2025-09-01 23:45:23.553714,-15.21,73.905,134.745,124.605,92.625,163.41,139.815,148.395,81,325,-864,512
2025-09-01 23:45:23.566000,80.34,131.04,202.605,177.255,176.28,226.785,202.41,204.555,85,329,-869,512
2025-09-01 23:45:23.578857,-36.27,90.675,182.13,171.6,122.07,195.39,170.04,167.31,82,329,-872,448
2025-09-01 23:45:23.591714,17.94,124.215,200.07,185.835,146.25,218.4,198.315,177.255,88,341,-889,448
2025-09-01 23:45:23.604571,-0.78,98.085,176.085,159.705,117.39,186.225,167.70000000000002,148.005,90,343,-887,512
2025-09-01 23:45:23.617429,-50.31,21.255,100.425,78.39,36.66,110.955,91.455,83.07000000000001,90,343,-887,512
2025-09-01 23:45:23.630286,-71.37,-48.165,32.955,2.9250000000000003,-24.18,39.0,26.325,32.76,92,343,-882,448
2025-09-01 23:45:23.643143,-99.06,-86.385,-2.73,-8.775,-48.165,7.800000000000001,-9.75,-0.195,95,339,-893,448
2025-09-01 23:45:23.656000,-185.64,-143.52,-72.54,-90.87,-150.93,-64.935,-84.63000000000001,-66.105,91,342,-895,448
2025-09-01 23:45:23.668571,-166.92000000000002,-145.275,-64.74000000000001,-102.375,-136.11,-46.8,-61.815000000000005,-45.825,89,344,-892,512
2025-09-01 23:45:23.681143,-194.025,-192.66,-107.64,-145.665,-176.475,-108.225,-118.17,-113.295,88,345,-896,512
2025-09-01 23:45:23.693714,-172.77,-179.985,-94.77,-143.13,-157.95000000000002,-86.775,-102.18,-90.48,90,346,-893,448
2025-09-01 23:45:23.706286,-128.70000000000002,-109.2,-33.345,-54.795,-86.19,-12.87,-31.395,-24.765,90,346,-893,448
2025-09-01 23:45:23.718857,-71.76,-16.965,67.665,42.315000000000005,14.43,84.825,69.81,63.96,92,348,-892,384
2025-09-01 23:45:23.731429,-40.56,8.97,100.815,89.11500000000001,55.575,124.215,111.54,98.475,84,345,-892,384
2025-09-01 23:45:23.744000,5.8500000000000005,66.3,169.26000000000002,152.1,113.685,190.71,169.26000000000002,140.985,86,343,-888,512
2025-09-01 23:45:23.752857,40.365,75.075,160.095,151.32,124.995,161.46,143.91,116.805,85,346,-884,384
2025-09-01 23:45:23.761714,28.275,72.345,171.79500000000002,152.88,111.735,194.025,151.125,130.065,83,348,-891,512
2025-09-01 23:45:23.770571,25.935,65.715,163.995,136.5,85.995,174.915,133.185,106.47,80,345,-881,512
2025-09-01 23:45:23.779429,-32.370000000000005,2.535,90.87,71.37,30.225,93.405,66.105,43.68,82,347,-883,512
2025-09-01 23:45:23.788286,-92.625,-97.11,-9.945,-17.94,-66.3,-4.485,-32.76,-33.54,81,348,-884,512
2025-09-01 23:45:23.797143,-113.685,-124.215,-51.09,-50.895,-104.13,-38.61,-67.86,-70.59,81,348,-884,512
2025-09-01 23:45:23.806000,-148.785,-183.495,-112.905,-119.535,-167.70000000000002,-101.595,-132.99,-122.46,80,346,-883,512
2025-09-01 23:45:23.818714,-152.29500000000002,-173.745,-108.03,-105.885,-147.03,-89.895,-108.03,-98.475,79,342,-878,448
2025-09-01 23:45:23.831429,-2.73,60.06,178.425,153.66,114.66,188.76,166.335,139.035,80,350,-882,512
2025-09-01 23:45:23.844143,2.9250000000000003,56.745000000000005,162.24,136.305,104.52,172.38,144.10500000000002,116.61,83,347,-876,448
2025-09-01 23:45:23.856857,-39.975,-1.56,85.215,78.0,35.685,92.235,71.175,51.675,79,347,-884,448
2025-09-01 23:45:23.869571,-93.795,-89.895,-10.725,-34.71,-65.91,-12.48,-33.93,-38.415,77,345,-887,512
2025-09-01 23:45:23.882286,-113.49,-126.75,-49.335,-72.735,-101.4,-46.02,-73.71000000000001,-69.61500000000001,77,345,-887,512
2025-09-01 23:45:23.895000,-166.14,-198.705,-111.345,-129.48000000000002,-169.65,-104.91,-133.185,-122.265,78,348,-887,448
2025-09-01 23:45:23.903714,-180.765,-193.05,-109.005,-149.565,-170.625,-89.50500000000001,-112.71,-101.4,79,350,-887,512
2025-09-01 23:45:23.912429,-184.86,-226.785,-161.85,-159.9,-202.41,-159.12,-177.06,-157.56,68,348,-883,448
2025-09-01 23:45:23.921143,-177.645,-217.815,-154.245,-149.955,-188.955,-139.62,-159.9,-140.4,70,339,-878,512
2025-09-01 23:45:23.929857,-128.31,-155.22,-79.95,-67.86,-110.565,-58.5,-69.61500000000001,-66.495,66,343,-879,448
2025-09-01 23:45:23.938571,-19.89,-69.61500000000001,20.085,42.9,3.9,27.495,20.475,8.58,65,341,-883,448
2025-09-01 23:45:23.947286,-63.765,-50.7,62.595,67.47,19.5,72.15,54.795,43.485,65,341,-883,448
2025-09-01 23:45:23.956000,-58.305,9.36,122.655,107.25,64.935,139.62,116.61,98.085,69,341,-872,512
2025-09-01 23:45:23.968714,-43.875,17.55,107.055,101.79,50.505,103.155,97.89,75.27,72,342,-877,448
2025-09-01 23:45:23.981429,-201.63,-231.855,-159.705,-170.04,-198.705,-160.095,-169.065,-155.415,71,340,-872,512
2025-09-01 23:45:23.994143,-205.335,-232.245,-161.85,-162.04500000000002,-186.225,-153.27,-159.9,-141.96,67,346,-863,448
2025-09-01 23:45:24.006857,-156.0,-168.675,-104.13,-83.07000000000001,-119.535,-83.655,-96.915,-89.31,69,343,-873,512
2025-09-01 23:45:24.019571,-33.735,-55.185,21.645,43.29,16.965,26.325,31.785,21.45,72,342,-878,512
2025-09-01 23:45:24.032286,-3.9,-39.195,66.885,77.805,49.14,68.25,76.635,63.57,72,342,-878,512
2025-09-01 23:45:24.045000,-49.725,32.565,129.48000000000002,130.845,99.255,125.19,139.62,104.91,69,342,-885,512
2025-09-01 23:45:24.053571,-30.03,23.79,104.91,101.79,63.57,105.495,99.255,63.375,67,343,-885,448
2025-09-01 23:45:24.062143,0.78,54.99,142.35,125.19,106.47,153.27,142.35,123.63,74,346,-878,512
2025-09-01 23:45:24.070714,3.51,54.6,140.205,136.695,104.325,142.155,125.19,102.375,72,346,-881,512
2025-09-01 23:45:24.079286,-40.755,-9.555,61.035,65.52,30.225,48.165,48.36,35.685,71,346,-883,512
2025-09-01 23:45:24.087857,-101.595,-96.33,-50.7,-37.05,-70.59,-48.555,-55.38,-52.065000000000005,73,348,-886,512
2025-09-01 23:45:24.096429,-127.92,-129.285,-91.26,-80.145,-108.03,-88.72500000000001,-101.4,-89.11500000000001,73,348,-886,512
2025-09-01 23:45:24.105000,-163.02,-183.3,-152.49,-132.79500000000002,-166.335,-156.0,-163.995,-147.03,67,347,-894,448
2025-09-01 23:45:24.118000,-156.39,-214.695,-144.495,-122.85,-147.225,-130.845,-132.6,-112.515,70,348,-891,512
2025-09-01 23:45:24.131000,8.19,61.815000000000005,119.73,144.885,104.91,124.215,112.515,85.8,71,344,-881,512
2025-09-01 23:45:24.144000,13.065,61.620000000000005,110.955,131.625,92.235,110.175,97.5,71.175,71,344,-881,512
2025-09-01 23:45:24.157000,-33.345,0.0,43.485,72.345,26.52,40.95,21.06,18.72,71,343,-879,448
2025-09-01 23:45:24.170000,-96.915,-99.84,-56.355,-29.835,-82.68,-54.99,-127.53,-57.72,63,343,-883,448
2025-09-01 23:45:24.183000,-132.99,-134.35500000000002,-98.865,-73.515,-119.925,-100.425,-99.06,-120.705,63,343,-883,448
2025-09-01 23:45:24.196000,-164.19,-195.78,-157.56,-135.72,-179.985,-157.95000000000002,-151.32,-164.19,64,351,-880,448
2025-09-01 23:45:24.208714,-162.82500000000002,-200.265,-160.68,-137.28,-172.77,-151.32,-148.59,-136.11,76,346,-882,512
2025-09-01 23:45:24.221429,-176.67000000000002,-209.235,-186.03,-156.39,-194.415,-184.665,-196.755,-164.19,67,343,-891,512
2025-09-01 23:45:24.234143,-175.89,-207.87,-183.495,-146.055,-179.01000000000002,-173.745,-186.42,-152.88,69,343,-890,512
2025-09-01 23:45:24.246857,-138.06,-148.395,-113.685,-87.36,-114.855,-97.11,-116.415,-95.355,75,344,-889,448
2025-09-01 23:45:24.259571,-81.12,-57.330000000000005,-22.425,2.34,-26.325,-10.14,-17.55,-15.99,73,349,-887,512
2025-09-01 23:45:24.272286,-61.035,-16.77,19.305,51.675,16.575,29.835,20.865,29.64,74,348,-891,512
2025-09-01 23:45:24.285000,21.645,52.065000000000005,81.12,126.75,97.695,93.795,89.31,70.2,74,348,-891,512
2025-09-01 23:45:24.298286,-8.385,17.16,74.685,107.835,75.465,83.655,63.765,52.455,76,347,-892,512
2025-09-01 23:45:24.311571,-179.595,-208.845,-198.9,-160.095,-206.505,-208.845,-218.985,-179.205,62,352,-892,448
2025-09-01 23:45:24.324857,-178.815,-216.645,-203.58,-160.29,-196.95,-202.605,-210.015,-171.015,62,352,-892,448
2025-09-01 23:45:24.338143,-122.265,-151.125,-134.55,-104.325,-130.065,-131.43,-141.57,-102.57,62,351,-886,512
2025-09-01 23:45:24.351429,-88.72500000000001,-70.395,-25.74,19.89,-26.52,-25.74,-49.53,-22.425,65,353,-886,512
2025-09-01 23:45:24.364714,-66.105,-28.47,-0.585,34.125,-4.875,2.9250000000000003,-9.555,8.58,65,357,-885,512
2025-09-01 23:45:24.378000,-15.405,29.835,57.525,110.175,68.44500000000001,58.5,52.65,58.305,65,357,-885,512
2025-09-01 23:45:24.394714,5.07,41.34,69.42,114.855,63.765,52.260000000000005,45.435,56.745000000000005,63,354,-874,512
2025-09-01 23:45:24.411429,-186.615,-207.87,-208.845,-173.55,-207.48,-214.305,-229.515,-187.2,59,346,-889,448
2025-09-01 23:45:24.428143,-189.93,-218.205,-211.575,-172.965,-201.24,-211.965,-221.91,-174.915,59,346,-889,448
2025-09-01 23:45:24.444857,-146.835,-148.005,-142.35,-92.82,-136.11,-137.085,-149.175,-111.54,57,343,-888,448
2025-09-01 23:45:24.461571,-80.535,-56.355,-47.385000000000005,8.19,-34.125,-41.34,-46.995000000000005,-30.42,61,348,-886,448
2025-09-01 23:45:24.478286,-53.235,-23.01,-2.73,53.04,12.87,2.145,-3.315,9.165,63,345,-886,448
2025-09-01 23:45:24.495000,-19.89,39.195,57.72,105.495,71.175,69.22500000000001,59.475,63.18,63,345,-886,448
2025-09-01 23:45:24.503429,-3.51,45.63,64.74000000000001,111.93,68.64,58.5,50.7,44.655,61,339,-879,512
2025-09-01 23:45:24.511857,-0.975,58.11,75.075,126.165,90.675,80.73,65.715,75.075,60,345,-883,512
2025-09-01 23:45:24.520286,9.165,60.645,78.78,125.97,90.285,75.66,61.035,67.275,60,345,-883,512
2025-09-01 23:45:24.528714,-36.465,2.34,13.845,68.64,18.525,-0.585,-5.46,7.0200000000000005,62,348,-879,512
2025-09-01 23:45:24.537143,-98.28,-93.795,-94.77,-35.295,-84.825,-103.35,-116.805,-82.29,58,345,-880,512
2025-09-01 23:45:24.545571,-126.165,-129.48000000000002,-127.92,-78.97500000000001,-129.285,-137.475,-158.73000000000002,-109.59,57,343,-882,512
2025-09-01 23:45:24.554000,-171.015,-183.885,-192.465,-147.225,-186.03,-192.075,-218.205,-163.215,62,340,-884,448
2025-09-01 23:45:24.567286,-190.905,-196.56,-209.625,-166.53,-194.805,-200.46,-210.405,-156.585,60,340,-886,512
2025-09-01 23:45:24.580571,-193.05,-199.095,-235.56,-177.45000000000002,-210.21,-243.165,-251.55,-198.51,66,344,-885,448
2025-09-01 23:45:24.593857,-199.095,-211.965,-246.675,-177.45000000000002,-213.525,-241.8,-254.085,-189.54,66,344,-885,448
2025-09-01 23:45:24.607143,-154.83,-156.195,-173.16,-98.67,-142.935,-161.85,-168.87,-113.295,66,348,-889,448
2025-09-01 23:45:24.620429,-66.885,-37.83,-44.07,19.305,-22.035,-34.125,-50.31,-9.555,70,346,-887,512
2025-09-01 23:45:24.633714,-45.825,0.0,-2.73,55.38,14.235,3.315,-13.065,21.84,71,343,-881,448
2025-09-01 23:45:24.647000,-24.96,39.195,46.215,100.23,58.5,49.725,29.25,61.425,72,346,-883,512
2025-09-01 23:45:24.655571,-15.6,46.995000000000005,57.135000000000005,102.18,63.375,51.870000000000005,34.71,56.745000000000005,69,347,-884,448
2025-09-01 23:45:24.664143,0.195,72.15,53.235,114.27,81.705,65.325,42.705,41.925,62,344,-884,512
2025-09-01 23:45:24.672714,5.8500000000000005,71.955,66.885,112.71,80.34,78.58500000000001,42.120000000000005,36.075,62,344,-884,512
2025-09-01 23:45:24.681286,-34.32,15.6,-6.4350000000000005,48.555,13.845,-6.045,-25.35,-18.33,64,345,-887,512
2025-09-01 23:45:24.689857,-93.21,-79.56,-112.515,-41.73,-87.36,-110.955,-113.49,-141.57,66,344,-875,512
2025-09-01 23:45:24.698429,-107.64,-111.15,-155.415,-75.66,-112.905,-152.49,-163.995,-159.12,69,345,-884,512
2025-09-01 23:45:24.707000,-150.93,-175.305,-203.58,-134.35500000000002,-174.33,-209.04,-230.1,-208.845,70,345,-881,512
2025-09-01 23:45:24.719857,-170.82,-186.225,-230.1,-164.19,-206.31,-214.305,-228.54,-206.31,66,345,-880,512
2025-09-01 23:45:24.732714,15.795,70.2,58.89,123.435,81.705,73.905,55.77,39.0,65,351,-879,448
2025-09-01 23:45:24.745571,24.375,81.315,68.44500000000001,124.605,84.045,70.785,57.135000000000005,34.32,65,351,-878,512
2025-09-01 23:45:24.758429,-14.04,31.005000000000003,5.265000000000001,58.89,19.5,-5.265000000000001,-16.575,-26.715,65,351,-878,512
2025-09-01 23:45:24.771286,-77.025,-71.76,-100.425,-42.315000000000005,-85.41,-105.3,-122.85,-115.44,70,352,-886,512
2025-09-01 23:45:24.784143,-101.985,-109.785,-146.055,-86.775,-121.485,-147.03,-168.87,-148.98000000000002,66,353,-897,512
2025-09-01 23:45:24.797000,-138.84,-164.19,-197.145,-136.89,-175.5,-197.145,-223.86,-200.85,64,350,-891,512
2025-09-01 23:45:24.805429,-159.12,-184.47,-226.98,-157.95000000000002,-199.29,-214.5,-231.27,-202.41,61,351,-890,512
2025-09-01 23:45:24.813857,-90.09,-179.01000000000002,-218.79,-158.73000000000002,-197.34,-213.525,-240.825,-208.845,62,348,-888,512
2025-09-01 23:45:24.822286,-94.77,-188.76,-228.54,-167.31,-208.845,-211.575,-242.58,-200.46,58,346,-888,512
2025-09-01 23:45:24.830714,-62.205000000000005,-129.285,-161.265,-114.27,-150.54,-141.57,-172.965,-135.72,58,346,-888,512
2025-09-01 23:45:24.839143,2.9250000000000003,-48.945,-52.065000000000005,-16.77,-51.09,-37.635,-54.405,-43.095,62,339,-877,512
2025-09-01 23:45:24.847571,29.445,-11.505,-9.165,18.525,-10.92,2.145,-15.405,-2.34,65,342,-887,512
2025-09-01 23:45:24.856000,74.685,48.75,45.435,73.125,48.555,54.21,39.78,44.07,61,344,-888,512
2025-09-01 23:45:24.868857,109.785,78.19500000000001,66.69,117.195,76.635,71.175,53.625,24.765,63,341,-887,448
2025-09-01 23:45:24.881714,9.36,-168.285,-191.1,-148.785,-183.495,-204.75,-220.35,-184.86,62,343,-888,512
2025-09-01 23:45:24.894571,-0.39,-186.81,-202.8,-157.755,-191.685,-204.555,-223.08,-176.475,65,339,-887,448
2025-09-01 23:45:24.907429,38.415,-124.215,-143.32500000000002,-100.23,-128.70000000000002,-132.6,-159.12,-117.39,65,339,-887,448
2025-09-01 23:45:24.920286,107.445,-33.15,-39.78,18.525,-15.795,-33.345,-57.525,-45.045,69,346,-893,448
2025-09-01 23:45:24.933143,130.455,-0.39,1.755,65.13,27.885,4.29,-13.455,-3.12,63,348,-900,512
2025-09-01 23:45:24.946000,167.70000000000002,64.35000000000001,49.335,108.81,56.355,67.665,44.655,50.115,59,345,-894,448
2025-09-01 23:45:24.958857,197.925,93.405,83.46000000000001,118.755,87.94500000000001,75.465,54.795,59.085,63,347,-893,448
2025-09-01 23:45:24.971714,134.35500000000002,-49.14,-64.545,8.58,-54.405,-56.55,-93.99,-36.465,65,345,-887,448
2025-09-01 23:45:24.984571,197.145,-21.45,-69.61500000000001,-26.325,-71.955,-69.61500000000001,-138.645,-64.935,66,349,-879,512
2025-09-01 23:45:24.997429,23.205,-105.105,-183.495,-186.225,-184.665,-172.965,-276.315,-180.375,65,344,-884,512
2025-09-01 23:45:25.010286,-67.275,-202.02,-341.83500000000004,-306.345,-286.65000000000003,-309.075,-473.07,-339.885,65,332,-883,448
2025-09-01 23:45:25.023143,-148.98000000000002,-241.605,-415.545,-395.46,-339.885,-392.73,-546.0,-435.63,61,332,-883,448
2025-09-01 23:45:25.036000,-272.22,-321.555,-468.975,-532.35,-439.53,-441.675,-620.1,-461.76,63,336,-886,512
2025-09-01 23:45:25.048571,-427.44,-417.495,-500.76,-675.6750000000001,-529.035,-461.565,-597.09,-448.5,62,335,-887,512
2025-09-01 23:45:25.061143,-137.085,-157.17000000000002,-200.07,-403.065,-253.695,-160.875,-314.14500000000004,-187.005,59,351,-889,448
2025-09-01 23:45:25.073714,4.68,-152.29500000000002,-190.71,-258.765,-209.43,-159.12,-308.685,-192.855,72,347,-886,512
2025-09-01 23:45:25.086286,86.775,-137.28,-250.575,-185.835,-205.14,-234.78,-354.705,-250.965,65,349,-886,512
2025-09-01 23:45:25.098857,-199.485,-290.355,-387.66,-507.39,-391.95,-361.725,-517.725,-395.655,61,349,-890,512
2025-09-01 23:45:25.111429,-129.87,-332.08500000000004,-463.32,-451.23,-401.115,-440.505,-620.49,-484.38,61,349,-890,512
2025-09-01 23:45:25.124000,-106.08,-334.035,-454.155,-459.03,-419.25,-439.335,-553.8000000000001,-413.205,63,353,-890,448
2025-09-01 23:45:25.136714,-127.725,-369.135,-467.805,-502.515,-453.765,-438.945,-562.575,-408.72,62,354,-892,448
2025-09-01 23:45:25.149429,-7.41,-284.7,-415.545,-425.295,-351.0,-391.56,-511.875,-397.215,59,347,-901,448
2025-09-01 23:45:25.162143,-26.130000000000003,-304.2,-428.805,-445.77,-361.725,-396.435,-512.07,-386.295,52,348,-893,512
2025-09-01 23:45:25.174857,16.575,-245.31,-357.825,-373.23,-294.645,-320.97,-454.935,-308.295,55,351,-892,448
2025-09-01 23:45:25.187571,89.31,-144.69,-250.77,-257.205,-183.105,-205.92,-333.255,-216.255,57,351,-893,512
2025-09-01 23:45:25.200286,121.29,-101.01,-203.775,-202.995,-133.38,-171.79500000000002,-284.895,-177.45000000000002,57,351,-893,512
2025-09-01 23:45:25.213000,167.115,-35.295,-147.225,-130.845,-63.18,-106.47,-231.27,-131.235,52,354,-885,512
2025-09-01 23:45:25.222286,202.215,-5.265000000000001,-107.25,-105.495,-39.78,-83.85000000000001,-203.775,-116.22,53,353,-883,448
2025-09-01 23:45:25.231571,275.145,89.895,32.370000000000005,164.775,141.57,70.005,-26.52,65.91,49,343,-900,448
2025-09-01 23:45:25.240857,282.165,102.57,50.115,160.485,139.035,76.05,-14.82,69.42,57,344,-883,448
2025-09-01 23:45:25.250143,252.525,51.09,-6.045,110.37,78.58500000000001,19.305,-73.125,11.115,57,344,-881,512
2025-09-01 23:45:25.259429,180.96,-39.78,-104.52,11.7,-10.335,-86.97,-174.13500000000002,-62.79,58,342,-875,512
2025-09-01 23:45:25.268714,156.585,-73.905,-149.175,-39.78,-52.65,-127.53,-209.625,-108.615,58,342,-875,512
2025-09-01 23:45:25.278000,119.925,-105.69,-206.895,-72.93,-101.4,-185.445,-261.105,-172.57500000000002,57,335,-873,448
2025-09-01 23:45:25.291714,97.89,-156.975,-226.98,-87.94500000000001,-120.9,-191.1,-297.96000000000004,-151.515,56,337,-880,448
2025-09-01 23:45:25.305429,131.43,-62.985,-107.64,31.395,-13.65,-110.76,-129.09,-55.965,55,341,-895,448
2025-09-01 23:45:25.319143,117.0,-81.315,-123.24,9.945,-29.25,-111.93,-135.33,-55.965,56,345,-896,448
2025-09-01 23:45:25.332857,159.51000000000002,-23.205,-53.235,88.53,44.07,-39.195,-65.13,13.26,55,342,-891,512
2025-09-01 23:45:25.346571,231.075,62.985,47.775,194.61,147.81,68.25,47.190000000000005,107.445,60,341,-890,512
2025-09-01 23:45:25.360286,245.7,102.57,95.745,253.5,195.78,109.59,88.14,139.425,60,341,-890,512
2025-09-01 23:45:25.374000,264.42,165.75,150.15,294.45,226.59,170.43,145.665,190.32,65,338,-885,448
2025-09-01 23:45:25.375000,322.92,200.46,193.44,318.63,282.36,201.24,170.43,208.455,62,343,-884,448
2025-09-01 23:45:25.384000,115.635,-40.56,-47.97,39.78,0.195,-54.795,-59.67,-11.115,62,342,-889,512
2025-09-01 23:45:25.393000,93.405,-62.985,-63.57,36.27,-3.12,-58.89,-73.32000000000001,-16.185000000000002,62,342,-889,512
2025-09-01 23:45:25.402000,146.64,-7.995,-4.095,102.765,59.475,13.455,-7.605,40.56,61,342,-891,512
2025-09-01 23:45:25.411000,220.935,97.11,99.84,224.25,171.99,110.565,105.495,129.675,62,343,-888,448
2025-09-01 23:45:25.420000,250.575,137.085,142.54500000000002,265.785,212.16,144.69,142.935,166.53,62,343,-888,448
2025-09-01 23:45:25.429000,278.07,191.685,199.29,314.73,258.18,201.045,203.97,215.28,59,348,-879,448
2025-09-01 23:45:25.441143,300.495,226.59,234.39,340.47,291.915,227.37,223.86,229.125,67,347,-882,512
2025-09-01 23:45:25.453286,231.465,198.12,237.705,299.91,274.56,235.95,230.88,248.04,52,344,-884,448
2025-09-01 23:45:25.465429,243.945,221.715,262.665,308.685,287.43,252.72,248.04,256.62,56,344,-884,448
2025-09-01 23:45:25.477571,223.275,181.74,203.19,252.33,230.295,183.495,190.515,192.075,58,344,-886,512
2025-09-01 23:45:25.489714,150.54,76.245,90.48,160.485,120.9,73.125,72.15,89.31,57,343,-886,448
2025-09-01 23:45:25.501857,119.34,35.685,42.9,112.515,77.805,26.130000000000003,33.345,57.135000000000005,59,347,-886,448
2025-09-01 23:45:25.514000,92.625,-14.82,-11.505,70.395,31.59,-23.595,-18.72,14.82,59,347,-892,448
2025-09-01 23:45:25.515000,65.13,-50.115,-45.045,6.825,-5.8500000000000005,-48.75,-46.215,-1.365,59,344,-882,512
2025-09-01 23:45:25.526833,39.78,-37.83,-21.45,15.795,-17.55,-42.51,-27.885,-12.675,59,350,-886,448
2025-09-01 23:45:25.538667,12.09,-65.13,-46.8,-12.675,-49.335,-55.965,-42.120000000000005,-19.305,59,350,-886,448
2025-09-01 23:45:25.550500,44.46,-10.725,14.04,53.82,29.64,10.92,21.84,38.61,57,348,-884,448
2025-09-01 23:45:25.562333,125.385,103.74,115.635,153.465,143.13,103.935,130.26,122.46,58,350,-886,448
2025-09-01 23:45:25.574167,161.85,151.515,157.755,203.97,183.3,142.54500000000002,168.87,155.025,59,347,-886,448
2025-09-01 23:45:25.586000,183.885,191.685,213.525,270.075,240.435,206.7,221.325,209.625,59,347,-886,448
2025-09-01 23:45:25.601571,218.01,232.05,256.815,296.595,267.93,249.015,182.325,242.385,52,346,-873,448
2025-09-01 23:45:25.617143,23.79,-25.545,-12.09,3.9,-19.5,-42.9,-25.935,-19.695,57,349,-890,448
2025-09-01 23:45:25.632714,5.07,-49.725,-46.215,-14.82,-38.415,-62.400000000000006,-38.805,-28.08,57,349,-890,448
2025-09-01 23:45:25.648286,39.78,1.56,8.97,38.22,15.405,6.24,22.62,24.375,60,351,-885,448
2025-09-01 23:45:25.663857,93.99,96.135,122.265,142.54500000000002,117.39,114.27,129.285,121.68,60,348,-887,448
2025-09-01 23:45:25.679429,120.9,132.015,168.48000000000002,178.62,149.565,155.61,173.16,155.415,59,344,-883,512
2025-09-01 23:45:25.695000,158.34,181.35,226.395,241.215,211.575,210.405,230.88,204.555,59,344,-883,512
2025-09-01 23:45:25.703857,189.345,221.325,263.64,261.69,239.85,240.63,258.765,218.985,63,354,-887,448
2025-09-01 23:45:25.712714,166.335,199.875,231.66,259.935,243.165,210.21,239.265,200.265,55,339,-882,512
2025-09-01 23:45:25.721571,187.59,217.815,259.15500000000003,278.46000000000004,256.62,226.59,256.035,208.26,55,339,-882,512
2025-09-01 23:45:25.730429,151.515,167.505,206.115,220.935,187.59,165.36,198.315,155.61,63,337,-880,448
2025-09-01 23:45:25.739286,77.025,61.035,104.52,108.225,81.705,73.71000000000001,84.63000000000001,72.345,63,335,-884,448
2025-09-01 23:45:25.748143,44.85,18.135,58.5,66.69,41.535,27.3,49.725,35.295,61,339,-885,448
2025-09-01 23:45:25.757000,9.165,-23.985,-0.975,8.775,-16.965,-30.225,-7.41,-23.595,57,343,-889,512
2025-09-01 23:45:25.769571,-24.765,-64.545,-44.655,-36.27,-54.795,-70.785,-41.73,-44.265,59,341,-889,384
2025-09-01 23:45:25.782143,142.155,161.46,221.91,229.32,202.605,209.82,229.125,198.9,58,340,-880,448
2025-09-01 23:45:25.794714,168.09,189.345,248.04,259.15500000000003,234.195,234.39,245.895,208.65,58,340,-880,448
2025-09-01 23:45:25.807286,138.255,144.495,191.88,195.975,166.92000000000002,169.26000000000002,188.175,157.56,56,347,-882,512
2025-09-01 23:45:25.819857,64.935,36.27,87.36,85.995,50.505,58.695,76.245,64.545,59,343,-884,512
2025-09-01 23:45:25.832429,37.44,-1.755,43.68,49.14,11.895,9.945,45.045,34.905,60,343,-885,448
2025-09-01 23:45:25.845000,2.9250000000000003,-46.215,-10.335,-8.58,-39.78,-48.555,-15.99,-11.505,57,343,-885,512
2025-09-01 23:45:25.845500,-29.25,-100.035,-58.305,-49.725,-74.49000000000001,-79.75500000000001,-47.190000000000005,-39.585,56,341,-883,448
2025-09-01 23:45:25.846000,-16.77,-88.33500000000001,-48.555,-40.365,-63.765,-66.885,-52.65,-51.675,62,341,-888,448
2025-09-01 23:45:25.858000,-32.76,-117.78,-75.855,-65.52,-88.14,-86.385,-68.055,-64.155,62,341,-888,448
2025-09-01 23:45:25.870000,-3.9,-65.52,-19.5,-6.4350000000000005,-38.025,-25.35,-3.705,-7.41,65,345,-896,512
2025-09-01 23:45:25.882000,66.495,32.955,85.8,91.26,74.49000000000001,87.94500000000001,97.695,80.535,64,342,-887,512
2025-09-01 23:45:25.894000,90.87,79.75500000000001,130.455,132.405,120.12,133.185,139.23000000000002,114.075,59,337,-884,448
2025-09-01 23:45:25.906000,131.04,131.04,179.985,195.195,177.255,178.23000000000002,195.195,163.8,61,341,-885,448
2025-09-01 23:45:25.906250,161.07,167.70000000000002,229.32,223.86,202.41,220.35,232.245,191.49,62,345,-885,512
2025-09-01 23:45:25.906500,127.53,171.21,212.16,210.21,194.22,213.33,215.67,176.085,59,346,-892,448
2025-09-01 23:45:25.906750,138.06,192.075,239.655,234.78,209.625,232.83,234.975,187.005,60,348,-892,448
2025-09-01 23:45:25.907000,92.235,134.35500000000002,176.865,162.82500000000002,139.62,171.015,163.215,120.315,60,348,-892,448
2025-09-01 23:45:25.936667,33.93,46.605,60.45,68.25,46.41,48.75,55.38,25.35,63,346,-885,448
2025-09-01 23:45:25.966333,8.97,-3.705,12.675,24.765,1.95,1.17,11.7,-8.19,62,345,-895,448
2025-09-01 23:45:25.996000,-34.905,-51.675,-28.665000000000003,-35.295,-55.575,-51.675,-41.535,-53.625,60,347,-890,512
2025-09-01 23:45:26.004571,-68.64,-91.65,-73.515,-82.29,-89.31,-78.78,-70.59,-75.465,60,346,-891,512
2025-09-01 23:45:26.013143,-361.725,-75.075,-55.38,-61.815000000000005,-96.33,-74.10000000000001,-62.595,-78.39,53,343,-878,448
2025-09-01 23:45:26.021714,-382.2,-101.205,-91.455,-90.285,-116.805,-97.695,-87.75,-93.015,54,344,-885,448
2025-09-01 23:45:26.030286,-350.805,-53.04,-37.635,-40.56,-58.11,-40.365,-31.59,-37.44,54,344,-885,448
2025-09-01 23:45:26.038857,-279.435,37.44,63.96,70.98,42.9,62.79,74.88,51.870000000000005,49,347,-874,448
2025-09-01 23:45:26.047429,-253.89,76.635,107.445,104.52,80.73,104.52,120.12,91.845,47,342,-880,448
2025-09-01 23:45:26.056000,-223.275,130.065,161.85,157.56,134.16,165.165,171.015,138.255,54,340,-883,512
2025-09-01 23:45:26.068714,-195.585,180.18,210.99,206.7,168.87,200.655,210.6,166.14,57,337,-883,384
2025-09-01 23:45:26.081429,-352.17,-73.32000000000001,-71.175,-85.8,-103.74,-88.14,-62.205000000000005,-87.36,58,342,-895,448
2025-09-01 23:45:26.094143,-372.84,-103.35,-102.375,-109.2,-131.625,-117.195,-99.45,-92.43,55,345,-888,448
2025-09-01 23:45:26.106857,-334.425,-58.11,-53.82,-53.235,-72.93,-64.935,-51.48,-43.485,55,345,-888,448
2025-09-01 23:45:26.119571,-269.685,40.755,54.015,39.78,21.06,52.260000000000005,62.985,53.235,52,343,-885,512
2025-09-01 23:45:26.132286,-248.82,84.63000000000001,95.55,89.31,71.175,98.67,102.18,91.455,52,344,-887,512
2025-09-01 23:45:26.145000,-218.4,132.015,154.63500000000002,139.035,125.58,148.785,156.39,137.475,55,343,-890,448
2025-09-01 23:45:26.157857,-173.94,182.52,205.14,195.585,175.11,187.59,204.36,169.845,60,342,-887,512
2025-09-01 23:45:26.170714,-137.28,160.875,169.26000000000002,173.55,155.61,158.145,184.275,157.755,56,344,-887,512
2025-09-01 23:45:26.183571,-118.17,193.83,206.7,203.97,185.445,190.32,200.07,181.155,59,342,-883,448
2025-09-01 23:45:26.196429,-142.35,159.12,158.925,159.9,140.4,134.55,150.15,134.745,58,343,-883,512
2025-09-01 23:45:26.209286,-206.895,58.305,50.505,54.99,35.295,29.25,48.165,42.9,57,348,-882,512
2025-09-01 23:45:26.222143,-242.97,15.99,5.46,6.63,-15.015,-17.16,-0.39,1.95,57,348,-882,512
2025-09-01 23:45:26.235000,-272.61,-37.83,-44.265,-45.825,-71.565,-75.27,-54.21,-44.07,55,345,-882,448
2025-09-01 23:45:26.249429,-304.785,-82.875,-109.005,-98.475,-118.365,-121.29,-100.815,-85.605,55,346,-883,448
2025-09-01 23:45:26.263857,-240.435,-62.205000000000005,-70.59,-69.61500000000001,-96.135,-100.62,-76.83,-69.61500000000001,54,347,-893,512
2025-09-01 23:45:26.278286,-270.855,-95.55,-100.815,-104.715,-124.8,-125.775,-95.745,-79.95,49,345,-881,448
2025-09-01 23:45:26.292714,-234.975,-52.845,-53.82,-61.035,-77.415,-71.565,-43.29,-31.200000000000003,55,346,-883,448
2025-09-01 23:45:26.307143,-179.4,43.095,46.8,49.335,31.785,34.71,56.745000000000005,52.455,56,347,-887,448
2025-09-01 23:45:26.321571,-140.985,86.58,96.525,95.55,75.27,77.415,105.885,93.015,56,347,-887,448
2025-09-01 23:45:26.336000,-101.205,141.765,149.565,150.93,129.87,132.015,156.78,144.69,51,349,-875,448
2025-09-01 23:45:26.347143,-55.185,195.0,214.305,211.575,185.64,184.86,211.965,186.03,56,349,-880,512
2025-09-01 23:45:26.358286,-232.83,-79.95,-71.565,-86.19,-122.07,-91.65,-89.7,-56.355,56,343,-897,448
2025-09-01 23:45:26.369429,-257.985,-115.245,-107.25,-122.07,-152.88,-117.78,-117.195,-74.88,50,348,-878,512
2025-09-01 23:45:26.380571,-228.54,-74.88,-59.865,-82.68,-106.08,-64.935,-66.495,-29.25,53,351,-877,512
2025-09-01 23:45:26.391714,-171.99,17.55,43.29,15.6,-2.9250000000000003,32.955,36.465,60.45,52,350,-880,448
2025-09-01 23:45:26.402857,-148.785,56.940000000000005,83.85000000000001,62.400000000000006,42.9,85.02,80.535,105.495,52,350,-880,448
2025-09-01 23:45:26.414000,-119.535,101.205,132.405,108.81,81.51,133.38,125.775,152.685,55,347,-872,448
2025-09-01 23:45:26.422571,-84.045,155.805,198.51,165.75,126.945,190.515,182.52,191.295,59,344,-879,512
2025-09-01 23:45:26.431143,-59.475,67.275,184.86,132.015,68.44500000000001,210.99,144.495,226.005,54,349,-889,448
2025-09-01 23:45:26.439714,-32.175000000000004,103.935,217.035,166.335,97.89,235.95,179.205,245.7,60,340,-883,448
2025-09-01 23:45:26.448286,-49.92,67.08,172.77,111.735,57.72,184.665,122.07,196.95,58,340,-883,512
2025-09-01 23:45:26.456857,-117.39,-27.495,64.155,7.41,-45.63,76.83,17.94,101.79,60,339,-885,448
2025-09-01 23:45:26.465429,-155.61,-67.08,21.84,-36.465,-89.7,27.885,-26.715,65.91,60,339,-885,448
2025-09-01 23:45:26.474000,-177.45000000000002,-112.32,-34.905,-81.51,-145.275,-18.135,-81.12,7.605,66,335,-878,448
2025-09-01 23:45:26.487143,-223.665,-170.625,-98.28,-134.35500000000002,-199.68,-76.05,-127.92,-27.885,64,340,-883,512
2025-09-01 23:45:26.500286,7.605,11.895,188.565,149.565,101.205,207.48,163.995,208.845,52,351,-893,512
2025-09-01 23:45:26.513429,32.565,42.51,221.52,182.91,131.43,244.725,197.145,236.925,50,345,-883,448
2025-09-01 23:45:26.526571,11.31,5.8500000000000005,179.01000000000002,145.47,84.825,185.055,147.03,187.395,53,345,-884,512
2025-09-01 23:45:26.539714,-51.870000000000005,-95.94,72.93,30.42,-20.085,74.88,38.61,99.84,52,348,-887,512
2025-09-01 23:45:26.552857,-91.455,-138.06,22.62,-16.965,-66.3,28.275,-4.875,62.010000000000005,52,348,-887,512
2025-09-01 23:45:26.566000,-110.76,-183.885,-33.345,-74.49000000000001,-115.44,-30.615,-60.45,3.705,49,340,-882,448
2025-09-01 23:45:26.575286,-160.68,-246.87,-93.015,-115.05,-173.94,-80.145,-105.69,-27.495,45,343,-888,448
2025-09-01 23:45:26.584571,-116.61,-175.11,-67.86,-80.145,-123.045,-60.45,-77.22,-44.85,53,347,-886,448
2025-09-01 23:45:26.593857,-137.67000000000002,-205.53,-100.425,-112.32,-151.125,-99.45,-109.395,-64.35000000000001,53,347,-886,448
2025-09-01 23:45:26.603143,-110.76,-168.09,-69.03,-61.620000000000005,-104.52,-56.745000000000005,-52.065000000000005,-17.94,50,349,-884,512
2025-09-01 23:45:26.612429,-48.165,-71.565,42.705,36.27,-9.945,59.085,51.675,76.83,48,350,-886,512
2025-09-01 23:45:26.621714,-18.525,-23.985,90.285,82.095,39.195,98.865,96.135,110.955,48,350,-886,512
2025-09-01 23:45:26.631000,21.255,22.23,136.305,131.625,100.62,151.71,146.835,156.78,49,351,-885,512
2025-09-01 23:45:26.644429,59.67,81.315,204.945,200.655,151.71,206.505,207.285,203.19,54,348,-897,448
2025-09-01 23:45:26.657857,-113.295,-141.375,-54.405,-70.59,-108.03,-60.84,-61.425,-36.27,53,347,-884,512
2025-09-01 23:45:26.671286,-140.4,-179.01000000000002,-94.77,-108.615,-139.62,-86.19,-98.865,-57.525,50,347,-884,512
2025-09-01 23:45:26.684714,-120.12,-137.085,-59.67,-58.89,-91.065,-45.045,-45.825,-16.965,48,349,-885,512
2025-09-01 23:45:26.698143,-40.17,-26.52,39.975,43.485,22.62,49.14,57.915,72.15,49,353,-884,448
2025-09-01 23:45:26.711571,-8.58,19.695,88.92,93.015,69.42,96.33,104.325,107.835,45,349,-888,448
2025-09-01 23:45:26.725000,37.83,55.77,146.445,157.95000000000002,116.805,153.465,163.41,156.39,45,349,-888,448
2025-09-01 23:45:26.733286,68.25,113.49,216.06,206.7,165.36,219.765,218.985,201.045,51,349,-887,512
2025-09-01 23:45:26.741571,33.54,107.64,139.23000000000002,162.24,137.67000000000002,157.365,150.54,132.015,50,341,-879,448
2025-09-01 23:45:26.749857,55.77,139.815,181.545,192.855,169.845,190.71,186.615,163.8,50,341,-879,448
2025-09-01 23:45:26.758143,24.375,106.47,145.86,138.84,123.435,154.05,139.425,123.045,44,343,-881,512
2025-09-01 23:45:26.766429,-25.935,15.795,34.125,48.75,24.96,34.125,23.985,17.16,47,343,-882,384
2025-09-01 23:45:26.774714,-60.84,-25.935,-13.65,-1.755,-20.475,-9.75,-18.135,-12.675,49,343,-886,512
2025-09-01 23:45:26.783000,-92.82,-73.32000000000001,-69.81,-56.16,-74.10000000000001,-62.205000000000005,-67.275,-67.08,49,343,-886,512
2025-09-01 23:45:26.796000,-136.305,-138.06,-129.87,-110.37,-131.625,-122.07,-122.655,-102.765,50,342,-880,448
2025-09-01 23:45:26.809000,-113.49,-92.43,-84.63000000000001,-92.04,-111.735,-96.915,-98.28,-99.06,50,349,-881,512
2025-09-01 23:45:26.822000,-143.32500000000002,-138.255,-126.555,-128.31,-156.39,-134.745,-126.165,-117.585,50,349,-881,512
2025-09-01 23:45:26.835000,-124.41,-94.38,-90.48,-82.875,-99.645,-90.285,-78.19500000000001,-78.78,54,348,-884,448
2025-09-01 23:45:26.848000,-45.045,8.385,17.355,21.06,16.38,23.205,32.955,16.185000000000002,52,346,-885,448
2025-09-01 23:45:26.861000,-9.75,49.725,64.35000000000001,76.44,61.23,70.59,82.68,56.745000000000005,54,348,-883,512
2025-09-01 23:45:26.874000,23.4,102.57,108.615,121.485,112.71,118.56,131.235,96.72,54,348,-883,512
2025-09-01 23:45:26.885429,75.27,170.235,170.82,200.46,184.665,176.28,150.54,145.86,58,350,-898,448
2025-09-01 23:45:26.896857,54.405,94.185,144.69,175.305,164.19,142.935,182.13,144.3,58,350,-882,448
2025-09-01 23:45:26.908286,79.17,125.385,179.4,210.99,190.515,180.18,218.205,144.10500000000002,58,350,-882,448
2025-09-01 23:45:26.919714,55.38,74.88,136.11,160.485,137.28,134.55,147.03,98.475,61,346,-872,512
2025-09-01 23:45:26.931143,-19.11,-31.200000000000003,26.91,44.07,26.130000000000003,21.06,30.03,10.92,59,347,-879,512
2025-09-01 23:45:26.942571,-50.115,-64.155,-12.675,-0.585,-9.36,-9.555,-5.46,-24.57,63,348,-881,448
2025-09-01 23:45:26.954000,-68.64,-92.625,-48.165,-33.93,-34.71,-52.455,-35.685,-46.605,64,347,-883,448
2025-09-01 23:45:26.954167,-109.395,-156.39,-117.975,-82.485,-92.43,-128.70000000000002,-90.285,-97.695,64,347,-883,512
2025-09-01 23:45:26.954333,74.685,75.27,148.005,207.48,193.44,141.57,181.155,131.43,48,356,-886,512
2025-09-01 23:45:26.954500,128.505,113.88,184.08,250.575,238.68,178.815,207.675,157.95000000000002,48,356,-886,512
2025-09-01 23:45:26.954667,31.395,53.43,153.66,182.325,167.115,135.525,164.58,118.755,55,352,-871,512
2025-09-01 23:45:26.954833,-19.5,-32.175000000000004,46.8,68.83500000000001,47.97,28.275,69.22500000000001,32.76,47,354,-880,448
2025-09-01 23:45:26.955000,-49.14,-81.315,7.605,21.45,8.385,-13.26,28.47,-7.0200000000000005,43,354,-884,448
2025-09-01 23:45:27.045000,-80.535,-125.97,-50.115,-25.935,-37.44,-63.375,-39.78,-56.16,44,355,-887,512
2025-09-01 23:45:27.053429,-117.0,-191.685,-115.44,-89.895,-95.745,-120.9,-99.84,-106.08,43,358,-886,512
2025-09-01 23:45:27.061857,-64.935,-166.725,-70.59,-44.46,-62.595,-89.895,-66.885,-77.61,48,360,-888,512
2025-09-01 23:45:27.070286,-98.085,-205.725,-115.635,-90.48,-112.32,-123.045,-112.32,-111.735,48,360,-888,512
2025-09-01 23:45:27.078714,-97.11,-175.305,-94.575,-52.65,-65.91,-100.23,-59.67,-79.36500000000001,38,363,-891,448
2025-09-01 23:45:27.087143,-30.225,-90.48,10.53,62.010000000000005,34.125,12.09,51.675,14.43,42,359,-898,512
2025-09-01 23:45:27.095571,-5.265000000000001,-47.775,65.13,94.575,69.22500000000001,66.495,93.795,67.665,45,365,-905,512
2025-09-01 23:45:27.104000,26.52,8.385,126.945,141.57,120.9,129.675,76.05,128.505,49,363,-897,448
2025-09-01 23:45:27.117143,78.97500000000001,75.855,184.86,221.52,193.44,170.04,236.535,146.64,46,358,-892,512
2025-09-01 23:45:27.130286,38.025,95.355,137.085,189.54,156.78,133.77,180.18,126.36,48,352,-882,512
2025-09-01 23:45:27.143429,70.59,140.595,179.79,226.2,194.22,169.26000000000002,213.915,158.925,32,352,-882,448
2025-09-01 23:45:27.156571,54.405,129.48000000000002,156.975,183.3,164.775,130.845,178.035,135.33,47,356,-884,448
2025-09-01 23:45:27.169714,-4.095,29.25,49.335,90.675,65.325,26.91,83.07000000000001,14.82,47,352,-888,512
2025-09-01 23:45:27.182857,-42.705,-17.55,0.39,42.120000000000005,19.695,-15.99,29.445,-4.29,56,350,-892,448
2025-09-01 23:45:27.196000,-76.05,-65.91,-53.04,-12.285,-30.03,-70.59,-38.61,-51.285,55,351,-891,512
2025-09-01 23:45:27.204429,-120.12,-124.02,-121.095,-84.045,-97.89,-128.31,-93.405,-101.985,56,349,-888,448
2025-09-01 23:45:27.212857,76.05,152.685,173.55,205.725,190.71,170.04,216.255,171.6,55,349,-879,448
2025-09-01 23:45:27.221286,102.375,196.17,220.935,260.52,235.755,212.745,246.48,202.41,57,347,-882,512
2025-09-01 23:45:27.229714,97.5,180.375,184.08,240.63,205.14,166.335,200.46,160.29,57,347,-882,512
2025-09-01 23:45:27.238143,30.225,88.14,82.875,126.945,110.565,60.645,101.4,72.345,55,348,-885,448
2025-09-01 23:45:27.246571,-4.485,31.005000000000003,42.51,83.07000000000001,57.135000000000005,13.455,57.330000000000005,32.955,58,353,-876,512
2025-09-01 23:45:27.255000,-47.97,-28.275,-11.895,26.52,0.0,-39.78,12.48,-14.43,54,350,-879,512
2025-09-01 23:45:27.268000,-124.215,-101.4,-96.135,-64.155,-112.32,-116.025,-82.68,-68.055,55,346,-878,448
2025-09-01 23:45:27.281000,-17.355,41.34,-11.115,30.81,-2.535,-30.225,21.06,-2.145,46,351,-887,512
2025-09-01 23:45:27.294000,-42.120000000000005,10.335,-50.7,-1.17,-39.195,-64.155,-19.89,-29.445,44,354,-886,512
2025-09-01 23:45:27.307000,-32.76,30.81,-22.62,13.65,-10.53,-18.135,6.825,3.51,44,354,-886,512
2025-09-01 23:45:27.320000,9.945,100.035,70.2,96.33,72.54,70.2,104.13,79.75500000000001,52,348,-900,448
2025-09-01 23:45:27.333000,51.285,154.245,102.375,152.49,125.385,101.205,152.1,114.855,55,354,-900,448
2025-09-01 23:45:27.346000,90.48,206.7,155.22,203.385,171.99,153.07500000000002,203.385,166.14,53,355,-893,512
2025-09-01 23:45:27.354429,124.41,278.65500000000003,232.05,277.68,240.045,217.23,266.955,194.415,47,353,-893,448
2025-09-01 23:45:27.362857,-41.73,43.875,-37.44,-11.115,-39.0,-43.29,-19.89,-42.120000000000005,47,355,-891,512
2025-09-01 23:45:27.371286,-67.08,1.17,-86.58,-53.625,-82.485,-91.65,-59.475,-76.44,46,356,-891,448
2025-09-01 23:45:27.379714,-56.55,25.74,-65.325,-18.135,-48.75,-54.795,-16.575,-36.855,46,356,-891,448
2025-09-01 23:45:27.388143,8.775,127.14,54.99,82.485,47.190000000000005,67.86,95.745,65.52,47,355,-878,512
2025-09-01 23:45:27.396571,48.555,166.53,105.105,129.285,101.79,109.2,140.79,103.935,43,356,-869,512
2025-09-01 23:45:27.405000,94.185,217.815,154.245,197.535,157.755,153.27,189.735,148.785,46,350,-877,448
2025-09-01 23:45:27.417857,143.715,291.33,232.245,273.0,234.39,217.425,259.35,200.265,48,349,-883,448
2025-09-01 23:45:27.430714,128.70000000000002,258.765,170.04,171.015,136.305,185.64,189.93,144.885,49,346,-879,512
2025-09-01 23:45:27.443571,166.92000000000002,308.1,209.625,227.565,192.27,219.765,228.15,171.015,54,342,-872,448
2025-09-01 23:45:27.456429,160.68,286.845,181.935,219.57,165.36,182.325,204.75,134.94,54,343,-875,512
2025-09-01 23:45:27.469286,98.085,188.955,78.58500000000001,108.42,65.13,68.055,101.79,46.215,54,342,-880,512
2025-09-01 23:45:27.482143,72.345,148.98000000000002,21.45,63.18,29.055,18.135,54.795,10.53,54,342,-880,512
2025-09-01 23:45:27.495000,34.71,99.06,-18.525,-1.755,-34.32,-33.93,-1.365,-36.465,52,347,-882,512
2025-09-01 23:45:27.508000,-17.16,28.08,-87.75,-72.93,-107.835,-103.155,-72.345,-90.09,55,349,-884,512
2025-09-01 23:45:27.521000,22.035,59.67,-45.045,-30.42,-65.715,-62.79,-35.1,-59.865,51,344,-885,448
2025-09-01 23:45:27.534000,-54.405,21.645,-88.53,-85.215,-127.725,-101.79,-71.565,-90.675,57,347,-896,448
2025-09-01 23:45:27.547000,9.165,55.575,-69.81,-54.21,-99.06,-66.105,-39.195,-58.11,57,346,-891,448
2025-09-01 23:45:27.560000,71.76,151.125,33.345,46.215,12.87,34.125,63.96,28.86,54,345,-887,512
2025-09-01 23:45:27.573000,104.52,199.095,86.775,103.35,66.3,82.095,111.54,66.885,54,345,-887,512
2025-09-01 23:45:27.586000,144.885,255.255,132.405,158.73000000000002,119.925,134.745,168.87,109.2,57,343,-901,512
2025-09-01 23:45:27.599143,198.315,324.285,207.09,220.155,189.54,214.89,223.275,163.41,54,343,-893,512
2025-09-01 23:45:27.612286,148.59,268.125,136.5,145.86,122.46,138.45000000000002,89.11500000000001,120.315,39,343,-875,448
2025-09-01 23:45:27.625429,178.815,309.27000000000004,183.105,191.685,161.85,182.91,159.705,153.465,47,338,-890,512
2025-09-01 23:45:27.638571,170.43,299.52,156.585,165.945,131.625,136.695,199.485,81.51,48,337,-886,512
2025-09-01 23:45:27.651714,108.42,201.825,53.82,52.65,31.395,31.98,77.61,13.845,51,338,-886,512
2025-09-01 23:45:27.664857,78.19500000000001,159.9,4.68,15.21,-15.21,-21.84,25.74,-30.03,51,338,-886,512
2025-09-01 23:45:27.678000,46.605,101.985,-45.435,-31.395,-62.985,-67.47,-37.44,-70.005,56,334,-890,448
2025-09-01 23:45:27.694714,-13.26,21.645,-110.76,-115.245,-143.52,-113.1,-96.525,-117.975,54,339,-889,512
2025-09-01 23:45:27.711429,142.74,254.67,139.23000000000002,138.645,116.415,128.115,152.1,95.55,44,349,-870,512
2025-09-01 23:45:27.728143,178.815,299.52,177.45000000000002,187.395,165.165,161.85,152.685,117.0,47,350,-879,512
2025-09-01 23:45:27.744857,175.695,279.63,156.0,173.35500000000002,148.785,148.20000000000002,122.07,87.75,50,345,-878,512
2025-09-01 23:45:27.761571,94.77,189.15,43.095,66.69,30.42,20.085,59.475,-20.865,52,344,-881,448
2025-09-01 23:45:27.778286,64.74000000000001,142.155,-4.485,16.77,-25.935,-33.345,5.655,-48.165,52,344,-881,448
2025-09-01 23:45:27.795000,34.71,91.26,-52.455,-52.455,-62.985,-82.875,-40.17,-86.97,56,341,-894,448
2025-09-01 23:45:27.803571,-10.14,24.375,-126.36,-111.93,-138.06,-144.69,-117.585,-148.98000000000002,51,340,-886,512
2025-09-01 23:45:27.812143,10.53,61.035,-98.475,-77.805,-116.415,-111.54,-90.09,-132.6,49,361,-873,448
2025-09-01 23:45:27.820714,-11.7,20.67,-147.225,-130.065,-156.585,-157.17000000000002,-135.72,-167.505,46,355,-870,448
2025-09-01 23:45:27.829286,2.535,34.32,-131.04,-99.645,-111.15,-128.895,-105.495,-132.79500000000002,43,353,-880,448
2025-09-01 23:45:27.837857,75.27,136.5,-31.59,11.31,-11.115,-20.67,-5.46,-49.335,46,354,-882,512
2025-09-01 23:45:27.846429,109.395,176.67000000000002,25.155,59.475,30.81,32.565,47.775,-3.705,46,354,-882,512
2025-09-01 23:45:27.855000,133.185,224.64,90.675,94.77,72.15,95.355,108.03,47.775,56,350,-895,448
2025-09-01 23:45:27.876286,177.84,284.7,161.07,171.015,148.005,163.60500000000002,177.255,106.665,46,349,-888,448
2025-09-01 23:45:27.897571,20.67,52.65,-99.45,-80.925,-94.38,-102.18,-87.75,-117.585,49,354,-883,512
2025-09-01 23:45:27.918857,-6.63,0.195,-137.865,-117.975,-140.79,-148.785,-133.77,-156.0,49,354,-883,512
2025-09-01 23:45:27.940143,-8.97,12.675,-124.995,-103.545,-119.145,-110.565,-103.155,-123.63,46,354,-883,448
2025-09-01 23:45:27.961429,58.695,99.45,-32.76,-3.12,-26.130000000000003,-21.45,-13.845,-48.555,43,354,-886,448
2025-09-01 23:45:27.982714,80.535,148.20000000000002,12.09,32.175000000000004,13.26,22.23,31.200000000000003,-9.555,43,354,-886,448
2025-09-01 23:45:28.004000,128.505,208.845,70.395,92.235,81.12,86.19,94.575,49.92,41,349,-885,512
2025-09-01 23:45:28.017143,230.1,288.21000000000004,174.13500000000002,193.245,176.865,172.38,194.415,132.99,38,357,-897,512
2025-09-01 23:45:28.030286,165.945,255.645,92.43,116.22,97.89,121.875,124.8,64.545,44,347,-879,448
2025-09-01 23:45:28.043429,196.95,292.11,142.155,146.64,130.065,168.09,172.965,103.545,44,347,-879,448
2025-09-01 23:45:28.056571,175.11,279.045,140.79,145.86,118.365,142.54500000000002,152.49,93.405,46,342,-884,512
2025-09-01 23:45:28.069714,128.31,195.195,18.135,48.945,26.130000000000003,21.645,43.095,-45.435,43,346,-885,512
2025-09-01 23:45:28.082857,92.43,143.52,-33.93,-2.73,-22.62,-27.495,-16.185000000000002,-68.25,42,346,-882,512
2025-09-01 23:45:28.096000,49.53,85.02,-77.025,-58.89,-81.315,-60.645,-75.465,-107.64,42,346,-882,512
2025-09-01 23:45:28.104286,-0.195,15.21,-162.24,-126.945,-150.735,-148.005,-217.815,-160.485,42,353,-888,448
2025-09-01 23:45:28.112571,166.335,218.595,96.915,99.45,89.50500000000001,132.99,117.195,53.235,43,348,-886,448
2025-09-01 23:45:28.120857,196.17,258.375,144.3,152.29500000000002,132.99,179.4,166.92000000000002,91.455,43,348,-886,448
2025-09-01 23:45:28.129143,182.13,257.01,119.73,141.57,121.29,136.5,141.57,58.11,47,342,-885,512
2025-09-01 23:45:28.137429,131.82,161.07,10.335,27.885,11.895,29.055,27.495,-34.515,48,346,-887,448
2025-09-01 23:45:28.145714,89.11500000000001,104.325,-43.095,-19.5,-40.17,-20.865,-21.06,-78.39,48,351,-887,448
2025-09-01 23:45:28.154000,50.115,54.6,-87.75,-68.25,-87.165,-69.22500000000001,-74.10000000000001,-115.44,48,351,-887,448
2025-09-01 23:45:28.167286,0.195,-31.005000000000003,-154.63500000000002,-144.69,-163.41,-133.185,-138.645,-173.94,42,346,-883,448
2025-09-01 23:45:28.180571,41.73,-4.875,-112.905,-87.36,-109.395,-100.035,-112.905,-142.74,40,342,-884,576
2025-09-01 23:45:28.193857,3.9,-45.24,-164.775,-141.18,-161.85,-148.98000000000002,-144.885,-173.55,40,342,-884,576
2025-09-01 23:45:28.207143,3.51,-35.1,-157.95000000000002,-130.845,-136.89,-125.385,-120.9,-157.95000000000002,37,345,-885,448
2025-09-01 23:45:28.220429,59.475,48.36,-43.875,-30.81,-40.365,-8.775,-13.845,-54.405,38,347,-884,512
2025-09-01 23:45:28.233714,98.67,96.72,14.82,16.38,7.215,51.09,35.1,-15.795,37,349,-886,512
2025-09-01 23:45:28.247000,139.62,152.49,68.64,69.81,59.67,102.375,90.09,30.03,37,349,-886,512
2025-09-01 23:45:28.255286,198.12,226.2,136.5,152.49,132.99,158.535,160.095,88.92,38,350,-891,448
2025-09-01 23:45:28.263571,187.005,130.26,80.73,84.63000000000001,76.245,108.42,97.305,60.84,39,351,-886,512
2025-09-01 23:45:28.271857,225.225,167.505,119.535,131.04,121.875,143.91,148.005,94.185,39,351,-886,512
2025-09-01 23:45:28.280143,221.52,160.875,106.08,125.58,105.105,124.02,122.46,71.37,43,347,-887,384
2025-09-01 23:45:28.288429,155.22,70.98,9.36,28.47,14.04,25.74,15.405,-27.105,44,352,-887,512
2025-09-01 23:45:28.296714,119.925,21.255,-50.115,-26.130000000000003,-41.535,-37.635,-46.8,-68.44500000000001,40,352,-885,512
2025-09-01 23:45:28.305000,86.385,-33.15,-103.74,-99.45,-104.13,-90.675,-95.16,-119.535,36,351,-886,448
2025-09-01 23:45:28.318000,26.52,-103.74,-178.425,-160.485,-178.62,-161.07,-157.365,-163.02,37,351,-885,448
2025-09-01 23:45:28.331000,81.315,-97.695,-123.63,-113.295,-126.555,-116.025,-117.195,-144.3,41,351,-889,448
2025-09-01 23:45:28.344000,54.99,-141.57,-177.45000000000002,-155.415,-165.165,-159.9,-163.215,-183.495,41,351,-889,448
2025-09-01 23:45:28.357000,47.58,-154.83,-165.36,-146.25,-156.0,-128.31,-141.765,-147.03,39,359,-891,448
2025-09-01 23:45:28.370000,108.81,-64.74000000000001,-69.81,-57.135000000000005,-65.91,-40.365,-40.755,-64.545,43,354,-888,448
2025-09-01 23:45:28.383000,154.245,-4.29,-18.915,8.385,-6.4350000000000005,8.97,7.800000000000001,-25.35,52,353,-882,512
2025-09-01 23:45:28.396000,187.395,44.655,35.685,47.190000000000005,45.24,64.545,62.79,22.425,48,350,-884,384
2025-09-01 23:45:28.404571,233.025,123.63,122.655,142.54500000000002,127.53,142.74,144.885,90.675,45,350,-887,448
2025-09-01 23:45:28.413143,68.64,-135.525,-130.65,-110.955,-120.51,-109.785,-150.15,-141.375,59,346,-882,448
2025-09-01 23:45:28.421714,39.975,-184.08,-173.94,-161.07,-169.455,-157.755,-146.445,-199.875,59,346,-882,448
2025-09-01 23:45:28.430286,38.025,-189.54,-166.335,-147.81,-161.265,-132.6,-128.505,-151.515,61,346,-889,448
2025-09-01 23:45:28.438857,95.16,-100.425,-59.475,-58.89,-64.155,-28.275,-25.155,-60.255,58,338,-883,448
2025-09-01 23:45:28.447429,129.87,-42.120000000000005,-6.63,9.165,-7.41,26.52,24.18,-18.72,59,336,-875,512
2025-09-01 23:45:28.456000,165.75,8.385,44.46,62.79,47.775,84.045,69.22500000000001,30.615,57,342,-879,448
2025-09-01 23:45:28.469000,217.035,74.49000000000001,124.02,134.35500000000002,123.24,159.51000000000002,134.745,86.58,56,343,-881,448
2025-09-01 23:45:28.482000,179.205,42.51,70.59,70.98,71.565,94.575,76.44,52.65,53,349,-888,512
2025-09-01 23:45:28.495000,210.015,90.48,114.855,120.12,121.29,132.99,127.53,83.85000000000001,54,349,-888,448
2025-09-01 23:45:28.508000,210.405,88.14,105.885,106.665,102.375,110.175,107.055,55.77,54,348,-887,448
2025-09-01 23:45:28.521000,150.93,-8.775,5.8500000000000005,11.115,10.725,9.75,5.265000000000001,-37.44,52,349,-907,512
2025-09-01 23:45:28.534000,109.2,-58.695,-51.09,-45.045,-51.285,-44.46,-52.845,-78.58500000000001,43,358,-899,448
2025-09-01 23:45:28.547000,75.27,-110.175,-101.79,-95.355,-107.835,-90.09,-98.67,-117.78,44,353,-894,448
2025-09-01 23:45:28.559714,25.74,-186.42,-173.35500000000002,-180.96,-188.565,-164.38500000000002,-171.405,-180.57,44,354,-893,448
2025-09-01 23:45:28.572429,41.925,-124.41,-132.79500000000002,-118.17,-120.12,-117.585,-119.925,-151.71,42,349,-889,512
2025-09-01 23:45:28.585143,10.725,-169.65,-170.82,-170.04,-167.31,-163.60500000000002,-158.925,-186.81,39,352,-892,512
2025-09-01 23:45:28.597857,7.800000000000001,-167.505,-166.725,-153.66,-152.88,-146.25,-146.25,-167.115,39,352,-892,512
2025-09-01 23:45:28.610571,64.155,-78.19500000000001,-71.175,-69.42,-65.91,-46.995000000000005,-47.58,-74.88,45,356,-896,448
2025-09-01 23:45:28.623286,103.545,-22.815,-16.965,-12.285,-6.825,4.095,4.485,-33.54,46,353,-906,512
2025-09-01 23:45:28.636000,143.91,32.76,38.025,43.485,52.455,57.525,62.205000000000005,2.73,42,350,-897,512
2025-09-01 23:45:28.648857,193.83,103.35,114.855,131.235,128.31,133.185,129.48000000000002,70.005,43,349,-894,448
2025-09-01 23:45:28.661714,36.66,-109.59,-135.135,-120.51,-117.585,-129.285,-124.41,-149.76,49,343,-890,448
2025-09-01 23:45:28.674571,-1.56,-164.58,-183.69,-176.085,-171.79500000000002,-177.06,-170.43,-187.395,46,344,-886,384
2025-09-01 23:45:28.687429,-4.485,-163.02,-174.915,-177.06,-164.58,-152.685,-154.245,-162.24,46,344,-886,384
2025-09-01 23:45:28.700286,22.62,-76.83,-80.145,-75.465,-68.25,-49.53,-69.22500000000001,-86.19,50,344,-891,448
2025-09-01 23:45:28.713143,53.82,-26.715,-28.665000000000003,-31.785,-12.87,-14.43,-31.200000000000003,-57.525,46,346,-897,448
2025-09-01 23:45:28.726000,96.525,22.035,1.365,22.035,45.045,23.4,10.335,-38.805,47,345,-890,448
2025-09-01 23:45:28.738857,201.24,127.53,69.81,140.205,147.225,90.09,-16.575,27.105,49,342,-885,512
2025-09-01 23:45:28.751714,-85.8,-115.44,-252.525,-346.90500000000003,-219.57,-207.87,-289.575,-251.94,49,338,-888,512
2025-09-01 23:45:28.764571,-69.42,-89.895,-188.565,-255.06,-168.87,-156.0,-243.945,-209.04,45,337,-885,512
2025-09-01 23:45:28.777429,-27.495,-61.23,-216.84,-251.355,-163.8,-191.88,-290.16,-246.09,45,337,-885,256
2025-09-01 23:45:28.790286,-225.225,-205.725,-283.92,-438.36,-308.685,-278.07,-331.5,-302.445,49,338,-881,448
2025-09-01 23:45:28.803143,-176.67000000000002,-210.015,-357.045,-405.21,-315.705,-344.565,-399.165,-389.025,53,338,-879,448
2025-09-01 23:45:28.816000,-178.425,-259.545,-439.53,-506.22,-382.59,-417.3,-465.855,-450.06,50,341,-884,512
2025-09-01 23:45:28.829000,-268.90500000000003,-334.23,-533.715,-569.79,-468.975,-521.625,-602.355,-555.945,48,343,-887,448
2025-09-01 23:45:28.842000,-88.92,-70.59,-214.695,-265.59000000000003,-156.0,-185.445,-254.67,-216.06,41,346,-888,448
2025-09-01 23:45:28.855000,-60.255,-25.935,-174.72,-208.845,-106.275,-138.255,-204.165,-171.405,47,343,-877,448
2025-09-01 23:45:28.868000,-57.915,-19.89,-163.02,-224.64,-115.245,-136.695,-195.195,-200.85,47,346,-876,448
2025-09-01 23:45:28.881000,-101.985,-92.625,-250.965,-307.71000000000004,-199.485,-234.39,-304.98,-268.515,45,344,-883,448
2025-09-01 23:45:28.894000,-140.79,-136.11,-307.90500000000003,-350.02500000000003,-243.36,-284.31,-358.02000000000004,-307.515,45,344,-883,448
2025-09-01 23:45:28.907000,-179.985,-182.715,-354.705,-395.46,-290.745,-334.23,-398.19,-353.73,45,345,-883,448
2025-09-01 23:45:28.919429,-217.23,-261.3,-428.415,-455.52,-364.26,-404.43,-467.22,-406.185,45,347,-885,512
2025-09-01 23:45:28.931857,-114.465,-113.295,-189.735,-183.105,-150.15,-164.775,-198.51,-148.785,44,351,-897,448
2025-09-01 23:45:28.944286,-139.425,-142.35,-236.925,-221.52,-207.09,-211.77,-247.065,-194.22,49,351,-895,448
2025-09-01 23:45:28.956714,-135.33,-142.35,-233.61,-223.86,-179.595,-195.0,-229.905,-164.97,54,351,-894,448
2025-09-01 23:45:28.969143,-63.18,-60.45,-127.92,-108.42,-74.685,-90.675,-127.53,-71.955,52,354,-892,448
2025-09-01 23:45:28.981571,-33.15,-1.365,-66.885,-54.405,-32.76,-33.93,-68.055,-24.57,52,354,-892,448
2025-09-01 23:45:28.994000,3.12,54.6,-12.09,-4.095,26.52,28.08,-14.43,26.325,59,347,-894,448
2025-09-01 23:45:29.002714,61.815000000000005,137.085,70.98,85.41,117.0,112.905,62.985,88.72500000000001,55,348,-892,512
2025-09-01 23:45:29.011429,228.15,122.46,108.03,144.69,154.44,140.205,138.645,151.71,52,347,-889,512
2025-09-01 23:45:29.020143,264.81,169.65,154.63500000000002,197.73,209.625,183.885,187.005,194.415,59,341,-884,512
2025-09-01 23:45:29.028857,268.125,178.23000000000002,154.63500000000002,201.825,206.7,177.45000000000002,177.84,179.985,55,349,-884,512
2025-09-01 23:45:29.037571,190.515,92.43,56.16,79.17,79.56,76.635,79.36500000000001,93.015,54,350,-883,448
2025-09-01 23:45:29.046286,162.04500000000002,54.795,-2.535,32.175000000000004,30.03,24.57,22.035,44.655,54,350,-883,448
2025-09-01 23:45:29.055000,136.305,2.34,-60.45,-23.985,-5.8500000000000005,-33.15,-28.86,-1.17,55,346,-877,448
2025-09-01 23:45:29.067857,71.76,-81.9,-131.43,-84.045,-89.31,-106.86,-100.815,-62.010000000000005,55,349,-882,512
2025-09-01 23:45:29.080714,142.155,-11.115,-48.555,-7.995,-16.77,-38.415,-25.935,-10.53,58,341,-889,448
2025-09-01 23:45:29.093571,101.985,-57.525,-91.845,-59.67,-59.865,-79.56,-67.665,-50.895,53,342,-877,512
2025-09-01 23:45:29.106429,96.525,-72.15,-96.525,-60.84,-60.45,-74.10000000000001,-58.11,-36.075,53,343,-877,512
2025-09-01 23:45:29.119286,161.46,16.575,7.215,40.95,45.63,24.57,49.725,58.305,53,346,-879,448
2025-09-01 23:45:29.132143,199.29,74.685,64.35000000000001,97.305,101.985,83.85000000000001,101.985,99.645,53,346,-879,448
2025-09-01 23:45:29.145000,242.385,134.94,116.22,154.44,157.17000000000002,132.79500000000002,152.685,142.155,44,351,-880,448
2025-09-01 23:45:29.153571,283.14,200.46,195.585,221.325,222.69,213.525,231.27,210.6,51,348,-883,448
2025-09-01 23:45:29.162143,102.57,-19.89,-32.955,-31.59,-40.17,-32.76,-16.575,-5.655,58,351,-892,384
2025-09-01 23:45:29.170714,79.36500000000001,-64.545,-86.775,-69.61500000000001,-73.515,-81.9,-112.125,-39.975,54,343,-885,512
2025-09-01 23:45:29.179286,64.155,-78.58500000000001,-90.09,-65.13,-68.64,-73.71000000000001,-91.26,-23.79,56,349,-888,448
2025-09-01 23:45:29.187857,126.75,13.065,11.115,40.755,35.49,22.23,66.69,42.120000000000005,53,347,-889,512
2025-09-01 23:45:29.196429,164.19,71.37,71.565,83.655,88.92,83.07000000000001,110.76,102.57,53,347,-889,512
2025-09-01 23:45:29.205000,215.085,134.35500000000002,124.995,134.745,153.465,134.35500000000002,160.485,147.615,47,341,-885,512
2025-09-01 23:45:29.205333,254.475,209.43,201.63,236.535,233.22,218.595,231.855,213.525,49,346,-896,512
2025-09-01 23:45:29.205667,164.97,116.025,138.84,140.4,142.54500000000002,149.175,171.21,141.96,53,348,-883,512
2025-09-01 23:45:29.206000,209.82,167.505,178.62,200.655,194.805,183.495,203.775,187.2,53,348,-883,512
2025-09-01 23:45:29.228500,227.76,183.105,196.56,207.48,195.195,190.71,209.625,193.83,53,348,-885,448
2025-09-01 23:45:29.251000,161.655,94.575,96.33,108.42,94.965,88.53,109.59,100.23,51,345,-887,448
2025-09-01 23:45:29.273500,118.17,45.045,32.565,42.120000000000005,36.66,26.130000000000003,45.045,49.335,51,345,-887,448
2025-09-01 23:45:29.296000,84.825,-9.555,-29.835,-7.215,-5.46,-24.18,-26.325,0.39,50,346,-885,448
2025-09-01 23:45:29.308857,16.38,-94.77,-95.16,-95.55,-98.085,-89.7,-86.58,-53.625,53,353,-900,448
2025-09-01 23:45:29.321714,160.29,114.66,123.24,144.495,136.305,143.32500000000002,145.665,142.74,47,353,-888,448
2025-09-01 23:45:29.334571,184.47,151.71,165.165,186.615,179.4,178.815,195.195,182.91,48,352,-888,448
2025-09-01 23:45:29.347429,190.71,167.505,180.765,185.25,182.52,185.835,191.49,175.89,45,354,-889,448
2025-09-01 23:45:29.360286,132.6,77.22,85.02,102.96,87.165,77.22,88.14,86.385,47,353,-885,448
2025-09-01 23:45:29.373143,93.405,24.765,21.45,43.875,29.64,20.865,36.66,41.73,45,355,-895,448
2025-09-01 23:45:29.386000,58.5,-12.48,-44.46,-15.99,-24.57,-42.315000000000005,-27.495,-12.285,45,355,-895,448
2025-09-01 23:45:29.398857,-4.095,-116.22,-110.37,-96.135,-117.975,-112.71,-98.28,-69.42,43,349,-888,448
2025-09-01 23:45:29.411714,31.785,-50.505,-44.07,-51.675,-54.015,-43.485,-37.245000000000005,-29.25,45,351,-890,448
2025-09-01 23:45:29.424571,5.655,-87.555,-93.015,-102.96,-103.155,-101.79,-81.315,-68.25,45,351,-890,448
2025-09-01 23:45:29.437429,-2.73,-108.42,-104.91,-96.525,-102.96,-103.74,-77.415,-58.695,45,351,-888,448
2025-09-01 23:45:29.450286,54.795,-19.11,-12.09,-3.705,-8.19,-5.07,8.19,21.06,50,349,-889,448
2025-09-01 23:45:29.463143,91.455,40.365,52.260000000000005,55.77,51.48,48.945,62.79,65.91,50,350,-888,448
2025-09-01 23:45:29.476000,136.305,87.555,106.86,115.44,110.955,103.545,124.215,115.44,50,350,-888,448
2025-09-01 23:45:29.488571,192.27,169.845,180.96,202.41,197.925,183.3,201.24,181.545,41,347,-880,512
2025-09-01 23:45:29.501143,26.715,-41.73,-48.945,-41.73,-51.285,-58.695,-40.95,-41.145,54,353,-888,512
2025-09-01 23:45:29.513714,-1.365,-85.605,-95.745,-98.085,-101.4,-103.155,-91.26,-83.655,54,353,-888,512
2025-09-01 23:45:29.526286,-20.28,-107.25,-110.955,-103.74,-112.905,-106.86,-85.605,-79.95,59,351,-895,448
2025-09-01 23:45:29.538857,31.200000000000003,-26.325,-22.815,-4.485,-15.6,-8.97,15.405,11.505,58,351,-894,512
2025-09-01 23:45:29.551429,75.465,39.39,39.585,46.605,45.825,47.190000000000005,67.47,51.675,54,354,-893,512
2025-09-01 23:45:29.564000,122.07,108.225,92.82,111.93,108.42,100.425,124.605,105.885,54,354,-893,512
2025-09-01 23:45:29.573857,166.335,169.455,167.505,195.0,182.715,171.21,196.17,166.725,56,352,-904,512
2025-09-01 23:45:29.583714,115.83,117.585,104.91,118.56,104.91,110.955,145.47,104.715,51,349,-885,448
2025-09-01 23:45:29.593571,149.175,162.24,143.32500000000002,168.285,158.925,149.565,186.615,147.615,51,349,-885,448
2025-09-01 23:45:29.603429,170.235,186.81,166.92000000000002,182.52,168.285,162.435,183.885,144.3,43,348,-894,448
2025-09-01 23:45:29.613286,107.64,105.3,70.98,90.09,79.75500000000001,65.91,86.775,58.305,44,347,-888,512
2025-09-01 23:45:29.623143,67.08,48.555,14.82,25.935,16.77,13.26,23.985,5.46,45,346,-888,512
2025-09-01 23:45:29.633000,23.01,-11.115,-34.905,-44.85,-48.36,-40.755,-31.98,-38.025,49,345,-887,448
2025-09-01 23:45:29.645143,-20.28,-79.95,-120.9,-108.615,-124.995,-127.335,-116.025,-111.735,48,346,-886,512
2025-09-01 23:45:29.657286,3.12,54.405,-68.64,-59.28,-70.005,-81.705,-63.18,-66.69,50,352,-893,512
2025-09-01 23:45:29.669429,-25.74,14.625,-116.22,-112.32,-122.46,-128.895,-108.81,-112.71,50,352,-893,512
2025-09-01 23:45:29.681571,-46.02,-1.95,-135.72,-123.435,-132.015,-133.57500000000002,-113.685,-106.665,52,358,-894,448
2025-09-01 23:45:29.693714,6.045,71.565,-40.755,-30.615,-36.27,-33.345,-21.45,-20.28,51,348,-897,512
2025-09-01 23:45:29.705857,46.215,132.015,13.455,29.64,15.015,17.94,37.44,29.64,48,350,-902,512
2025-09-01 23:45:29.718000,91.065,189.54,78.0,78.0,73.32000000000001,83.85000000000001,96.72,76.44,47,350,-896,448
2025-09-01 23:45:29.727429,140.01,274.755,160.68,163.215,158.145,158.925,165.555,140.4,50,349,-892,512
2025-09-01 23:45:29.736857,91.65,202.41,88.14,87.94500000000001,91.455,93.015,101.205,89.31,51,348,-883,512
2025-09-01 23:45:29.746286,114.075,238.095,133.185,135.33,135.72,134.94,145.275,129.285,51,348,-883,512
2025-09-01 23:45:29.755714,130.065,262.47,160.68,152.88,146.835,153.27,151.125,125.97,54,347,-888,512
2025-09-01 23:45:29.765143,67.665,176.085,68.055,51.48,49.335,49.335,63.375,44.655,56,347,-881,448
2025-09-01 23:45:29.774571,26.130000000000003,119.34,2.34,-11.7,-11.7,-17.745,-2.9250000000000003,-9.36,61,342,-885,448
2025-09-01 23:45:29.784000,-14.43,64.155,-60.06,-62.595,-68.25,-79.17,-64.545,-57.135000000000005,59,345,-884,448
2025-09-01 23:45:29.795571,-61.23,-7.215,-137.865,-158.535,-148.20000000000002,-154.83,-140.4,-122.07,58,343,-880,512
2025-09-01 23:45:29.807143,69.81,161.46,81.51,78.19500000000001,90.285,91.455,87.94500000000001,83.655,52,345,-883,512
2025-09-01 23:45:29.818714,94.965,202.215,124.8,114.27,130.26,131.82,135.135,121.095,52,341,-883,512
2025-09-01 23:45:29.830286,119.535,237.315,142.54500000000002,144.69,147.615,132.6,146.055,119.34,52,341,-883,512
2025-09-01 23:45:29.841857,56.745000000000005,143.13,54.405,61.425,51.870000000000005,41.73,51.285,38.61,55,346,-880,448
2025-09-01 23:45:29.853429,14.625,78.78,-3.705,-4.29,-13.26,-10.14,-5.655,-5.265000000000001,52,335,-876,448
2025-09-01 23:45:29.865000,-30.42,28.47,-50.895,-73.71000000000001,-68.055,-57.915,-63.96,-49.92,51,341,-880,512
2025-09-01 23:45:29.865333,-80.535,-42.9,-137.28,-148.59,-143.715,-142.35,-138.06,-117.78,54,344,-881,448
2025-09-01 23:45:29.865667,-29.25,-17.745,-87.75,-80.34,-77.025,-101.01,-79.36500000000001,-76.83,54,352,-886,448
2025-09-01 23:45:29.866000,-63.57,-56.745000000000005,-131.235,-127.53,-123.825,-141.375,-124.995,-117.39,55,352,-885,448
2025-09-01 23:45:29.881000,-85.8,-66.885,-143.13,-149.175,-143.715,-148.59,-138.84,-116.22,55,352,-885,448
2025-09-01 23:45:29.896000,-34.905,12.285,-59.085,-56.55,-46.605,-53.04,-42.9,-41.34,55,349,-889,448
2025-09-01 23:45:29.911000,14.235,66.105,3.9,7.800000000000001,14.82,7.215,20.085,13.845,50,348,-880,512
2025-09-01 23:45:29.926000,55.575,127.14,63.18,66.495,71.955,61.425,76.05,67.665,51,350,-884,448
2025-09-01 23:45:29.938714,105.3,209.04,126.165,145.47,152.88,127.92,153.27,133.57500000000002,51,354,-885,512
2025-09-01 23:45:29.951429,-34.125,-37.245000000000005,-95.55,-85.995,-79.75500000000001,-100.23,-86.58,-90.87,54,349,-882,448
2025-09-01 23:45:29.964143,-68.83500000000001,-77.025,-140.205,-123.435,-120.705,-146.25,-133.77,-133.185,52,349,-883,448
2025-09-01 23:45:29.976857,-89.7,-103.545,-157.56,-154.245,-147.03,-155.415,-141.18,-126.75,52,349,-883,448
2025-09-01 23:45:29.989571,-25.155,-26.130000000000003,-83.265,-60.45,-49.335,-63.57,-53.04,-51.285,55,353,-889,448
2025-09-01 23:45:30.002286,13.455,31.785,-14.04,3.12,8.385,-4.485,7.995,2.535,51,350,-880,448
2025-09-01 23:45:30.015000,48.555,83.07000000000001,44.46,62.79,69.61500000000001,48.945,70.2,53.04,50,352,-880,448
2025-09-01 23:45:30.027714,102.375,168.09,120.51,138.645,144.3,128.70000000000002,137.67000000000002,109.395,52,350,-883,512
2025-09-01 23:45:30.040429,-44.655,-43.68,-104.325,-87.75,-93.6,-114.075,-87.165,-97.11,55,351,-884,512
2025-09-01 23:45:30.053143,-66.3,-98.475,-144.10500000000002,-121.485,-127.725,-155.805,-138.645,-119.925,52,352,-884,512
2025-09-01 23:45:30.065857,-87.36,-126.555,-168.285,-147.42000000000002,-147.81,-168.09,-152.49,-127.725,53,357,-882,448
2025-09-01 23:45:30.078571,-36.855,-33.15,-74.49000000000001,-57.72,-52.455,-69.81,-51.285,-41.34,53,356,-885,512
2025-09-01 23:45:30.091286,4.095,23.4,-15.21,6.4350000000000005,12.285,-13.26,6.825,6.825,52,356,-885,512
2025-09-01 23:45:30.104000,47.190000000000005,82.68,40.95,62.595,68.64,43.29,60.255,52.455,51,351,-884,448
2025-09-01 23:45:30.117000,93.99,154.05,116.22,137.085,140.79,123.825,142.935,119.145,50,354,-886,448
2025-09-01 23:45:30.130000,29.25,89.31,62.985,63.765,66.69,61.815000000000005,80.925,60.645,41,358,-881,448
2025-09-01 23:45:30.143000,56.16,131.04,104.715,107.445,106.47,102.375,119.73,99.45,48,351,-881,448
2025-09-01 23:45:30.156000,84.24000000000001,153.465,140.01,140.985,134.16,130.065,145.47,116.22,47,351,-883,448
2025-09-01 23:45:30.169000,34.71,71.565,45.825,47.775,48.75,30.225,41.535,34.71,49,356,-886,512
2025-09-01 23:45:30.182000,-2.34,11.895,-20.865,-24.57,-17.745,-31.005000000000003,-23.205,-22.425,49,356,-886,512
2025-09-01 23:45:30.195000,-50.115,-33.735,-75.465,-71.565,-74.88,-89.895,-76.245,-77.025,46,353,-889,448
2025-09-01 23:45:30.195333,-88.92,-103.35,-161.655,-141.57,-149.565,-171.21,-153.85500000000002,-144.495,44,352,-889,448
2025-09-01 23:45:30.195667,43.29,84.435,55.965,76.245,69.22500000000001,52.845,90.675,71.76,44,356,-871,512
2025-09-01 23:45:30.196000,69.42,119.925,102.57,120.51,117.195,98.67,133.57500000000002,107.445,46,358,-880,448
2025-09-01 23:45:30.210750,89.50500000000001,148.20000000000002,138.45000000000002,140.4,135.525,134.745,148.785,123.24,46,354,-883,448
2025-09-01 23:45:30.225500,41.73,66.495,47.58,53.235,46.8,24.18,61.815000000000005,53.43,48,354,-883,512
2025-09-01 23:45:30.240250,7.215,13.455,-22.425,-4.68,-6.24,-46.215,1.56,-22.425,48,354,-883,512
2025-09-01 23:45:30.255000,-39.39,-40.95,-87.165,-61.23,-72.15,-97.89,-63.765,-81.705,55,351,-883,512
2025-09-01 23:45:30.268143,-92.43,-119.535,-157.56,-130.26,-137.67000000000002,-175.695,-151.71,-134.16,51,351,-880,448
2025-09-01 23:45:30.281286,-84.435,-70.785,-89.50500000000001,-80.535,-92.82,-96.915,-72.93,-74.685,51,352,-874,512
2025-09-01 23:45:30.294429,-110.76,-104.91,-130.455,-128.115,-132.79500000000002,-145.47,-116.61,-111.93,51,348,-877,512
2025-09-01 23:45:30.307571,-122.07,-146.835,-178.425,-165.36,-163.41,-177.84,-143.13,-138.84,54,345,-878,448
2025-09-01 23:45:30.320714,-48.36,-60.84,-94.965,-53.82,-53.82,-86.19,-56.745000000000005,-57.72,49,349,-878,384
2025-09-01 23:45:30.333857,3.12,3.12,-21.255,15.99,9.36,-22.815,12.675,2.535,49,349,-878,384
2025-09-01 23:45:30.347000,43.68,54.99,45.435,80.34,67.08,44.07,87.555,61.035,48,357,-891,512
2025-09-01 23:45:30.355286,93.015,122.265,117.195,157.17000000000002,142.35,116.805,168.87,122.265,51,352,-887,448
2025-09-01 23:45:30.363571,243.165,171.79500000000002,35.88,190.515,178.035,-5.46,144.885,25.935,51,353,-881,448
2025-09-01 23:45:30.371857,270.075,211.77,76.05,236.73,215.475,31.59,191.1,64.545,53,348,-884,448
2025-09-01 23:45:30.380143,296.595,248.82,112.125,269.88,253.305,58.695,202.605,72.93,50,350,-887,512
2025-09-01 23:45:30.388429,251.355,170.82,28.86,181.935,163.60500000000002,-28.665000000000003,115.635,-9.945,49,356,-886,512
2025-09-01 23:45:30.396714,202.41,109.98,-28.47,106.86,97.89,-90.48,54.015,-52.455,49,356,-886,512
2025-09-01 23:45:30.405000,164.58,55.77,-101.985,53.82,37.245000000000005,-153.07500000000002,-14.625,-113.1,41,363,-899,448
2025-09-01 23:45:30.417857,112.32,-22.035,-175.11,-25.155,-42.120000000000005,-231.855,-86.58,-180.18,52,359,-894,448
2025-09-01 23:45:30.430714,54.015,-85.995,-107.055,18.525,12.09,-146.445,-32.955,-107.835,56,354,-884,512
2025-09-01 23:45:30.443571,25.545,-128.115,-149.37,-26.325,-35.685,-189.15,-72.93,-135.72,56,354,-884,512
2025-09-01 23:45:30.456429,-13.845,-163.215,-188.37,-73.515,-67.47,-212.55,-93.6,-153.07500000000002,54,353,-884,512
2025-09-01 23:45:30.469286,42.315000000000005,-86.97,-99.255,23.79,20.67,-126.555,-9.165,-76.05,52,351,-887,448
2025-09-01 23:45:30.482143,74.295,-30.42,-33.15,87.36,83.265,-61.620000000000005,56.940000000000005,-14.235,52,351,-887,448
2025-09-01 23:45:30.495000,113.88,31.59,29.445,139.62,134.35500000000002,4.095,118.755,35.685,54,350,-882,448
2025-09-01 23:45:30.512143,157.17000000000002,99.84,109.005,231.465,212.55,82.875,194.22,100.815,62,349,-890,448
2025-09-01 23:45:30.529286,-17.355,-121.29,-99.645,-7.605,-32.955,-143.13,-38.025,-87.36,61,347,-875,448
2025-09-01 23:45:30.546429,-47.190000000000005,-159.51000000000002,-142.155,-53.235,-73.515,-177.645,-75.27,-148.98000000000002,59,347,-875,448
2025-09-01 23:45:30.563571,-82.095,-195.78,-172.965,-92.43,-108.615,-185.055,-111.54,-137.865,62,351,-877,512
2025-09-01 23:45:30.580714,-27.69,-129.675,-87.75,-2.145,-27.495,-104.52,-26.52,-60.45,61,349,-880,512
2025-09-01 23:45:30.597857,15.015,-69.81,-28.47,67.275,42.120000000000005,-39.585,41.925,-10.14,61,352,-875,512
2025-09-01 23:45:30.615000,54.6,-6.4350000000000005,31.005000000000003,119.925,101.4,14.04,100.425,36.465,61,352,-875,512
2025-09-01 23:45:30.615167,100.035,61.620000000000005,110.565,205.335,183.105,91.455,175.5,106.08,70,349,-877,448
2025-09-01 23:45:30.615333,-21.84,-31.59,56.940000000000005,110.175,79.36500000000001,53.625,110.37,71.76,42,353,-885,448
2025-09-01 23:45:30.615500,-3.12,2.535,103.35,147.03,116.22,97.89,151.32,107.64,42,353,-885,448
2025-09-01 23:45:30.615667,25.155,43.875,138.645,181.545,157.56,119.925,173.745,122.46,34,351,-885,448
2025-09-01 23:45:30.615833,-28.08,-21.45,44.655,96.525,72.735,20.085,85.215,35.88,41,351,-886,512
2025-09-01 23:45:30.616000,-79.95,-59.67,-18.915,31.200000000000003,7.41,-45.825,17.355,-20.67,48,353,-887,448
2025-09-01 23:45:30.706000,-122.46,-117.975,-76.635,-24.96,-47.97,-102.765,-46.8,-70.59,48,353,-887,448
2025-09-01 23:45:30.718714,-168.285,-201.825,-149.76,-104.325,-137.085,-177.06,-122.85,-131.82,44,355,-891,512
2025-09-01 23:45:30.731429,-187.59,-174.525,-98.085,-70.395,-99.45,-109.59,-75.075,-79.75500000000001,54,352,-886,448
2025-09-01 23:45:30.744143,-212.55,-210.405,-134.55,-106.275,-136.5,-149.175,-113.295,-119.145,54,352,-886,448
2025-09-01 23:45:30.756857,-239.265,-254.475,-168.675,-146.25,-172.57500000000002,-174.915,-143.52,-129.48000000000002,59,346,-880,512
2025-09-01 23:45:30.769571,-188.76,-177.84,-87.75,-55.965,-84.435,-90.09,-51.870000000000005,-57.525,57,349,-884,512
2025-09-01 23:45:30.782286,-145.665,-115.44,-22.425,9.75,-16.77,-24.375,9.945,-1.755,56,349,-882,512
2025-09-01 23:45:30.795000,-108.03,-59.865,40.17,64.155,36.075,39.585,76.44,52.65,56,349,-882,512
2025-09-01 23:45:30.804000,-73.515,11.31,125.97,135.33,109.98,140.79,158.73000000000002,126.945,50,342,-862,512
2025-09-01 23:45:30.813000,-186.225,-197.145,-83.265,-68.44500000000001,-94.965,-88.92,-47.97,-92.43,60,354,-880,512
2025-09-01 23:45:30.822000,-212.745,-233.415,-124.215,-105.885,-139.62,-138.645,-96.915,-122.655,60,354,-880,512
2025-09-01 23:45:30.831000,-241.215,-275.34000000000003,-159.9,-150.93,-175.695,-171.21,-137.475,-128.70000000000002,63,348,-870,512
2025-09-01 23:45:30.840000,-194.22,-195.195,-79.95,-74.10000000000001,-87.75,-89.11500000000001,-46.8,-53.04,61,354,-875,448
2025-09-01 23:45:30.849000,-149.955,-132.405,-32.565,-8.97,-20.475,-27.69,8.58,-6.4350000000000005,61,355,-872,512
2025-09-01 23:45:30.858000,-106.47,-69.81,39.39,45.24,29.64,37.83,65.715,47.190000000000005,61,355,-872,512
2025-09-01 23:45:30.870429,-71.175,5.07,117.195,137.085,116.415,124.41,138.255,119.925,62,351,-878,512
2025-09-01 23:45:30.882857,-127.725,-71.175,67.275,51.870000000000005,42.51,67.275,80.925,65.715,55,351,-885,512
2025-09-01 23:45:30.895286,-104.91,-30.42,104.325,92.04,80.925,106.08,111.345,100.23,55,351,-885,512
2025-09-01 23:45:30.907714,-67.275,17.94,143.13,137.085,121.68,136.89,75.465,130.065,44,352,-888,448
2025-09-01 23:45:30.920143,-121.095,-63.765,58.89,51.285,33.93,50.115,78.19500000000001,23.79,47,353,-883,512
2025-09-01 23:45:30.932571,-161.265,-125.97,-0.585,-19.5,-35.49,-9.165,22.035,-9.945,50,353,-884,448
2025-09-01 23:45:30.945000,-208.26,-190.125,-52.455,-79.17,-100.23,-63.18,-46.605,-44.265,50,356,-883,448
2025-09-01 23:45:30.958000,-259.545,-249.015,-138.645,-164.38500000000002,-174.915,-150.54,-131.625,-122.265,52,357,-885,512
2025-09-01 23:45:30.971000,-125.385,-76.245,63.96,52.455,40.365,67.47,69.03,77.22,54,354,-881,384
2025-09-01 23:45:30.984000,-101.01,-43.29,104.91,90.675,79.17,104.52,112.125,114.66,54,354,-881,384
2025-09-01 23:45:30.997000,-72.345,7.605,148.98000000000002,131.04,116.805,143.32500000000002,146.055,142.935,57,359,-886,448
2025-09-01 23:45:31.010000,-122.85,-59.475,70.785,38.22,29.055,62.205000000000005,64.155,68.055,59,358,-882,448
2025-09-01 23:45:31.023000,-175.305,-126.36,8.97,-24.18,-35.49,0.585,-2.9250000000000003,13.65,62,351,-881,448
2025-09-01 23:45:31.036000,-216.255,-184.275,-54.405,-78.58500000000001,-91.455,-62.205000000000005,-60.45,-33.345,61,351,-883,512
2025-09-01 23:45:31.048714,-275.73,-255.06,-133.185,-166.53,-181.74,-142.155,-137.67000000000002,-102.96,56,350,-885,448
2025-09-01 23:45:31.061429,-244.53,-197.34,-75.27,-97.695,-117.585,-89.31,-95.745,-58.305,60,352,-878,448
2025-09-01 23:45:31.074143,-270.855,-230.49,-113.1,-139.035,-157.755,-126.36,-135.72,-97.11,60,352,-878,448
2025-09-01 23:45:31.086857,-307.90500000000003,-276.705,-157.56,-185.64,-194.415,-162.04500000000002,-167.31,-116.22,58,343,-884,512
2025-09-01 23:45:31.099571,-255.255,-211.38,-75.075,-107.055,-118.56,-75.855,-77.805,-41.145,51,343,-878,512
2025-09-01 23:45:31.112286,-217.23,-146.25,-16.185000000000002,-37.245000000000005,-50.31,-12.87,-15.015,16.77,51,349,-862,448
2025-09-01 23:45:31.125000,-166.92000000000002,-89.7,53.04,27.495,6.24,52.845,45.045,71.37,54,352,-874,448
2025-09-01 23:45:31.137857,-123.435,-21.255,130.065,107.055,85.605,124.41,126.75,133.57500000000002,52,352,-878,512
2025-09-01 23:45:31.150714,-157.755,-65.52,82.095,46.02,23.595,65.91,65.325,93.99,58,360,-886,448
2025-09-01 23:45:31.163571,-137.085,-32.370000000000005,109.395,85.605,59.085,103.545,98.28,127.14,56,360,-894,512
2025-09-01 23:45:31.176429,-105.105,14.235,154.44,126.945,99.84,137.67000000000002,131.43,146.835,56,360,-894,512
2025-09-01 23:45:31.189286,-150.735,-51.48,77.22,47.775,23.595,51.09,40.755,68.25,61,359,-885,512
2025-09-01 23:45:31.202143,-191.295,-108.81,13.65,-22.62,-45.825,-9.555,-16.77,13.845,57,359,-888,512
2025-09-01 23:45:31.215000,-236.925,-172.57500000000002,-48.165,-85.41,-108.615,-72.93,-78.78,-31.59,54,359,-887,448
2025-09-01 23:45:31.223857,-283.725,-247.26,-124.215,-169.65,-202.02,-150.345,-166.335,-112.71,55,355,-883,512
2025-09-01 23:45:31.232714,-227.955,-154.245,-76.635,-105.69,-125.19,-95.745,-107.445,-48.945,50,358,-888,512
2025-09-01 23:45:31.241571,-255.45,-189.15,-110.37,-130.65,-165.945,-134.35500000000002,-147.03,-82.485,51,358,-884,448
2025-09-01 23:45:31.250429,-296.79,-244.725,-156.39,-180.96,-209.82,-171.6,-180.765,-104.715,51,358,-884,448
2025-09-01 23:45:31.259286,-254.085,-177.255,-74.10000000000001,-94.77,-122.655,-87.165,-98.085,-32.76,53,360,-882,384
2025-09-01 23:45:31.268143,-215.67,-124.41,-9.36,-38.61,-65.715,-21.45,-30.81,18.135,47,351,-879,448
2025-09-01 23:45:31.277000,-166.335,-54.015,55.38,20.67,-1.755,39.195,31.785,76.635,54,352,-884,512
2025-09-01 23:45:31.289714,-121.875,13.065,129.87,103.935,69.61500000000001,116.415,106.08,135.525,52,353,-882,512
2025-09-01 23:45:31.302429,-214.89,-163.02,-60.45,-88.53,-119.535,-88.92,-105.69,-44.655,58,347,-878,448
2025-09-01 23:45:31.315143,-243.555,-195.78,-101.01,-127.92,-155.025,-128.31,-140.595,-78.58500000000001,58,348,-884,512
2025-09-01 23:45:31.327857,-281.385,-245.31,-154.245,-179.01000000000002,-191.49,-171.21,-179.4,-104.715,58,348,-884,512
2025-09-01 23:45:31.340571,-233.22,-152.49,-75.66,-93.405,-112.32,-81.9,-99.45,-33.15,65,344,-870,448
2025-09-01 23:45:31.353286,-186.615,-87.75,-7.215,-21.06,-40.95,-22.815,-31.395,23.01,62,348,-883,512
2025-09-01 23:45:31.366000,-136.305,-38.415,54.015,46.995000000000005,20.085,43.68,32.565,76.44,58,347,-883,448
2025-09-01 23:45:31.374714,-93.21,30.42,128.115,115.635,93.21,118.56,102.57,140.79,56,349,-881,448
2025-09-01 23:45:31.383429,-113.685,-12.675,67.08,58.5,36.855,60.06,47.58,87.555,51,354,-888,448
2025-09-01 23:45:31.392143,-88.92,24.57,103.545,107.64,79.56,93.99,85.41,122.46,47,358,-887,512
2025-09-01 23:45:31.400857,-57.72,70.785,153.07500000000002,150.345,121.485,134.35500000000002,125.775,157.755,53,356,-892,448
2025-09-01 23:45:31.409571,-109.59,5.07,87.36,56.745000000000005,33.15,67.665,46.41,84.435,53,353,-889,512
2025-09-01 23:45:31.418286,-150.735,-54.015,17.94,-8.58,-35.685,0.0,-18.72,32.370000000000005,54,353,-889,512
2025-09-01 23:45:31.427000,-182.715,-112.32,-42.51,-56.55,-80.34,-70.005,-74.295,-23.985,55,351,-885,512
2025-09-01 23:45:31.444000,-236.535,-184.665,-122.07,-134.35500000000002,-159.51000000000002,-145.275,-158.34,-93.6,55,351,-886,512
2025-09-01 23:45:31.461000,-86.19,4.875,71.565,64.74000000000001,58.5,60.45,-30.615,101.01,58,351,-884,512
2025-09-01 23:45:31.478000,-64.35000000000001,37.83,109.005,99.645,88.72500000000001,98.67,74.88,124.995,64,350,-878,512
2025-09-01 23:45:31.495000,-27.3,91.065,174.13500000000002,154.44,139.425,148.20000000000002,153.27,155.61,61,355,-882,448
2025-09-01 23:45:31.512000,-68.83500000000001,36.075,101.01,78.39,58.305,77.61,54.015,95.55,60,349,-886,512
2025-09-01 23:45:31.529000,-116.415,-37.245000000000005,29.445,7.995,-8.58,-1.755,-13.065,33.93,60,349,-886,512
2025-09-01 23:45:31.546000,-151.125,-107.445,-41.73,-46.995000000000005,-69.03,-71.76,-75.465,-20.28,60,353,-887,448
2025-09-01 23:45:31.554429,-209.43,-169.845,-109.785,-138.06,-157.755,-144.3,-150.15,-86.97,60,352,-884,384
2025-09-01 23:45:31.562857,-157.56,-99.645,-68.25,-63.765,-96.915,-91.845,-102.18,-47.190000000000005,62,351,-888,320
2025-09-01 23:45:31.571286,-189.54,-134.745,-104.13,-93.6,-126.555,-125.97,-140.595,-81.51,53,353,-882,448
2025-09-01 23:45:31.579714,-225.03,-186.42,-152.49,-143.52,-179.01000000000002,-164.775,-183.885,-111.54,50,354,-881,448
2025-09-01 23:45:31.588143,-177.255,-120.9,-72.93,-67.275,-97.11,-83.265,-98.475,-39.39,55,353,-884,448
2025-09-01 23:45:31.596571,-130.065,-59.085,-7.995,-3.705,-25.155,-19.305,-35.295,23.01,55,353,-884,448
2025-09-01 23:45:31.605000,-86.19,7.800000000000001,58.305,58.695,31.395,47.97,25.935,78.0,56,349,-884,512
2025-09-01 23:45:31.622143,-42.315000000000005,82.29,128.70000000000002,133.965,103.35,123.24,97.5,140.985,53,353,-886,512
2025-09-01 23:45:31.639286,-71.76,11.31,81.705,75.465,38.025,79.95,41.73,98.085,52,355,-879,448
2025-09-01 23:45:31.656429,-52.455,46.8,119.73,99.45,66.105,124.605,78.39,131.82,63,350,-892,512
2025-09-01 23:45:31.673571,-13.455,115.05,164.38500000000002,164.58,124.605,151.515,122.85,164.19,59,355,-888,448
2025-09-01 23:45:31.690714,-43.875,43.485,85.605,90.48,51.09,62.205000000000005,49.335,82.485,60,356,-890,512
2025-09-01 23:45:31.707857,-29.445,-7.995,19.89,30.03,-18.33,-7.800000000000001,-18.72,23.79,60,356,-890,512
2025-09-01 23:45:31.725000,-51.870000000000005,-73.32000000000001,-44.46,-38.805,-71.37,-60.06,-93.99,-27.885,62,360,-893,512
2025-09-01 23:45:31.742143,-88.53,-150.735,-111.54,-111.15,-145.86,-133.77,-160.875,-87.94500000000001,62,357,-891,512
2025-09-01 23:45:31.759286,-112.32,-122.265,-67.665,-47.775,-93.21,-69.61500000000001,-100.035,-47.97,60,355,-883,448
2025-09-01 23:45:31.776429,-138.45000000000002,-157.755,-105.3,-83.265,-137.67000000000002,-109.2,-136.5,-73.125,54,353,-874,448
2025-09-01 23:45:31.793571,-176.085,-211.185,-154.05,-143.13,-193.245,-160.485,-176.475,-102.96,55,354,-877,448
2025-09-01 23:45:31.810714,-136.11,-146.835,-71.76,-75.27,-114.075,-66.69,-96.915,-31.200000000000003,58,353,-882,512
2025-09-01 23:45:31.827857,-92.43,-88.14,-5.07,-13.065,-53.235,-0.39,-31.395,30.225,58,353,-882,512
2025-09-01 23:45:31.845000,-52.260000000000005,-13.455,53.235,49.335,17.355,50.115,30.81,77.805,61,349,-876,448
2025-09-01 23:45:31.853857,-7.215,50.31,125.97,131.235,85.605,130.65,90.09,133.57500000000002,60,353,-878,448
2025-09-01 23:45:31.862714,-122.07,-113.295,-55.77,-54.99,-103.155,-63.18,-109.59,-36.855,49,349,-877,512
2025-09-01 23:45:31.871571,-144.495,-148.59,-92.82,-92.235,-135.72,-99.645,-149.955,-73.125,49,349,-877,512
2025-09-01 23:45:31.880429,-178.035,-202.215,-144.69,-140.595,-185.445,-159.705,-182.325,-111.735,55,348,-881,448
2025-09-01 23:45:31.889286,-133.57500000000002,-138.06,-79.56,-91.65,-124.605,-79.95,-113.1,-41.925,57,346,-881,512
2025-09-01 23:45:31.898143,-100.035,-72.15,-19.695,-9.945,-56.940000000000005,-12.675,-113.685,21.255,57,346,-881,512
2025-09-01 23:45:31.907000,-50.895,-1.95,49.725,61.425,17.355,57.330000000000005,9.36,60.84,62,345,-884,576
2025-09-01 23:45:31.924714,-1.95,50.115,125.775,135.135,85.215,134.16,122.07,132.6,59,349,-864,448
2025-09-01 23:45:31.942429,0.39,10.92,44.85,55.575,26.91,58.5,24.57,53.235,57,353,-890,448
2025-09-01 23:45:31.960143,17.55,43.68,75.855,96.915,65.715,93.405,61.035,88.72500000000001,57,353,-890,448
2025-09-01 23:45:31.977857,63.96,96.72,140.205,147.81,122.07,134.55,119.34,129.285,57,349,-888,512
2025-09-01 23:45:31.995571,41.925,35.49,75.465,79.56,45.63,68.83500000000001,11.31,70.395,52,352,-887,512
2025-09-01 23:45:32.013286,-16.965,-28.275,11.31,22.23,-18.915,6.825,-105.3,24.57,51,350,-885,448
2025-09-01 23:45:32.031000,-51.675,-92.04,-58.305,-39.78,-80.34,-56.55,-82.68,-61.425,51,350,-885,448
2025-09-01 23:45:32.043857,-102.57,-153.07500000000002,-118.17,-117.0,-153.66,-131.625,-142.54500000000002,-103.155,52,351,-885,448
2025-09-01 23:45:32.056714,-51.870000000000005,-93.21,-59.475,-61.23,-94.965,-65.715,-85.995,-56.355,58,358,-889,512
2025-09-01 23:45:32.069571,-81.51,-126.945,-89.50500000000001,-100.815,-138.45000000000002,-79.75500000000001,-135.33,-87.36,58,358,-889,512
2025-09-01 23:45:32.082429,-127.53,-180.96,-149.76,-161.07,-186.615,-138.255,-179.985,-133.77,57,360,-888,512
2025-09-01 23:45:32.095286,-74.295,-113.1,-89.11500000000001,-79.95,-112.905,-95.355,-98.28,-70.59,58,359,-890,512
2025-09-01 23:45:32.108143,-33.345,-60.84,-28.86,-10.14,-47.97,-25.545,-33.345,-10.53,59,356,-888,512
2025-09-01 23:45:32.121000,22.815,11.895,41.145,53.625,27.105,44.46,27.495,46.41,59,356,-888,512
2025-09-01 23:45:32.129286,79.75500000000001,79.17,120.315,128.115,104.52,124.8,108.615,116.805,53,357,-880,512
2025-09-01 23:45:32.137571,-43.485,-76.245,-58.305,-63.18,-85.215,-63.765,-80.925,-55.38,61,345,-882,448
2025-09-01 23:45:32.145857,-61.620000000000005,-109.785,-93.99,-96.33,-116.025,-99.45,-119.34,-91.845,61,345,-882,448
2025-09-01 23:45:32.154143,-95.16,-152.29500000000002,-151.71,-146.055,-168.09,-150.345,-182.715,-127.335,61,339,-877,448
2025-09-01 23:45:32.162429,-63.96,-94.77,-91.845,-75.27,-93.6,-72.345,-151.32,-49.14,61,348,-879,448
2025-09-01 23:45:32.170714,-17.55,-39.975,-35.49,-10.92,-30.225,-11.31,-26.130000000000003,-22.62,61,348,-878,448
2025-09-01 23:45:32.179000,33.54,27.105,41.145,47.58,34.515,59.67,44.07,47.190000000000005,61,348,-878,448
2025-09-01 23:45:32.196000,79.17,92.625,117.585,123.435,105.885,133.38,114.075,116.22,70,349,-879,512
2025-09-01 23:45:32.213000,73.32000000000001,53.82,64.545,62.010000000000005,48.165,86.97,50.115,63.18,57,344,-885,448
2025-09-01 23:45:32.230000,93.405,84.045,97.89,97.11,87.75,112.71,88.53,90.87,57,344,-885,448
2025-09-01 23:45:32.247000,140.985,147.42000000000002,150.93,159.315,143.32500000000002,173.94,137.085,136.89,59,353,-894,448
2025-09-01 23:45:32.264000,106.47,84.63000000000001,90.48,96.72,79.56,103.935,1.365,86.19,57,350,-889,448
2025-09-01 23:45:32.281000,72.345,33.54,17.16,38.025,14.235,26.715,-6.4350000000000005,2.145,55,347,-885,512
2025-09-01 23:45:32.298000,25.74,-33.54,-55.575,-31.200000000000003,-53.82,-50.7,-52.65,-57.915,53,352,-885,448
2025-09-01 23:45:32.306143,-8.97,-100.62,-117.585,-102.765,-131.82,-125.19,-134.16,-105.3,54,354,-886,448
2025-09-01 23:45:32.314286,133.185,62.79,74.88,65.91,47.190000000000005,83.265,59.67,72.93,57,352,-881,512
2025-09-01 23:45:32.322429,155.415,97.89,101.79,105.495,89.31,119.34,96.33,102.57,57,352,-881,512
2025-09-01 23:45:32.330571,195.975,144.69,159.315,165.945,142.54500000000002,173.16,142.155,136.89,60,353,-879,448
2025-09-01 23:45:32.338714,160.29,90.675,101.01,102.57,71.565,107.25,79.36500000000001,79.36500000000001,57,359,-877,448
2025-09-01 23:45:32.346857,120.315,24.96,31.98,36.855,5.46,32.370000000000005,10.335,15.405,57,359,-880,512
2025-09-01 23:45:32.355000,73.71000000000001,-37.05,-40.56,-37.245000000000005,-56.355,-28.275,-51.675,-34.905,59,353,-882,448
2025-09-01 23:45:32.367857,21.645,-103.155,-108.42,-101.4,-128.70000000000002,-105.69,-132.405,-99.255,60,352,-882,512
2025-09-01 23:45:32.380714,67.665,-53.235,-59.28,-57.330000000000005,-86.775,-52.260000000000005,-73.125,-52.065000000000005,59,352,-883,448
2025-09-01 23:45:32.393571,37.05,-88.92,-93.21,-101.01,-121.485,-85.995,-107.25,-77.61,59,352,-883,448
2025-09-01 23:45:32.406429,-7.41,-151.32,-142.155,-160.68,-177.645,-134.16,-146.835,-109.59,62,349,-874,576
2025-09-01 23:45:32.419286,33.54,-83.265,-91.845,-96.525,-106.275,-69.22500000000001,-76.635,-84.435,59,357,-888,448
2025-09-01 23:45:32.432143,76.245,-13.455,-34.125,-34.71,-37.83,-2.73,-31.200000000000003,-14.625,52,354,-891,448
2025-09-01 23:45:32.445000,127.92,49.335,39.78,37.83,29.25,67.86,28.08,50.895,57,356,-886,512
2025-09-01 23:45:32.446000,181.545,111.93,114.075,120.51,112.32,131.43,113.88,115.245,59,352,-884,512
2025-09-01 23:45:32.456000,138.645,99.06,58.11,65.715,56.940000000000005,88.14,64.545,66.495,59,354,-881,448
2025-09-01 23:45:32.466000,158.535,121.68,92.235,101.01,91.65,120.315,97.305,93.405,59,354,-885,448
2025-09-01 23:45:32.476000,201.825,179.01000000000002,157.56,166.53,144.10500000000002,179.595,155.61,141.57,59,354,-885,448
2025-09-01 23:45:32.486000,162.82500000000002,116.415,100.035,95.94,78.39,113.1,85.605,78.0,61,359,-894,512
2025-09-01 23:45:32.496000,125.19,56.940000000000005,32.565,33.345,10.335,48.165,19.89,19.5,54,360,-896,448
2025-09-01 23:45:32.506000,69.81,-12.87,-30.225,-41.925,-57.72,-9.555,-46.995000000000005,-30.81,56,358,-890,384
2025-09-01 23:45:32.518714,31.395,-71.955,-117.195,-110.565,-126.555,-104.325,-126.945,-108.42,61,357,-888,512
2025-09-01 23:45:32.531429,39.975,-33.15,-48.165,-65.13,-78.39,-42.315000000000005,-57.915,-49.725,49,357,-888,512
2025-09-01 23:45:32.544143,21.06,-69.42,-83.85000000000001,-97.5,-108.81,-74.685,-85.995,-75.66,50,358,-886,512
2025-09-01 23:45:32.556857,-20.085,-119.73,-148.395,-170.04,-171.99,-132.79500000000002,-153.27,-124.215,50,358,-886,512
2025-09-01 23:45:32.569571,-0.39,-52.260000000000005,-88.33500000000001,-97.305,-97.11,-75.075,-88.72500000000001,-67.86,59,356,-893,512
2025-09-01 23:45:32.582286,46.02,1.17,-29.64,-35.1,-35.685,-5.46,-55.77,-4.875,54,357,-900,448
2025-09-01 23:45:32.595000,105.495,73.71000000000001,44.85,41.535,31.200000000000003,67.665,-10.335,54.015,53,359,-889,448
2025-09-01 23:45:32.607857,151.71,148.395,113.1,102.96,110.565,134.16,137.28,90.87,53,361,-883,448
2025-09-01 23:45:32.620714,48.36,79.75500000000001,-55.575,-75.27,-75.27,-39.585,-57.330000000000005,-53.625,56,354,-887,448
2025-09-01 23:45:32.633571,19.89,49.53,-89.7,-107.835,-116.025,-75.855,-93.795,-84.045,55,352,-886,512
2025-09-01 23:45:32.646429,-18.33,1.56,-153.27,-166.14,-163.02,-138.84,-152.88,-129.09,55,352,-886,512
2025-09-01 23:45:32.659286,9.36,36.66,-92.625,-98.475,-99.255,-69.42,-83.85000000000001,-73.905,59,352,-898,512
2025-09-01 23:45:32.672143,53.82,95.94,-32.565,-34.515,-34.71,-8.385,-21.255,-15.99,64,356,-895,448
2025-09-01 23:45:32.685000,100.035,151.905,50.7,30.615,22.035,83.07000000000001,43.68,54.015,62,353,-890,448
2025-09-01 23:45:32.698286,142.74,217.23,122.46,105.105,97.5,144.495,124.605,116.22,61,354,-885,512
2025-09-01 23:45:32.711571,115.635,185.25,81.705,58.305,65.325,84.24000000000001,80.73,75.075,58,350,-880,448
2025-09-01 23:45:32.724857,137.865,206.7,105.69,94.965,97.11,119.73,118.755,81.315,56,349,-881,512
2025-09-01 23:45:32.738143,181.155,252.33,172.965,152.1,154.83,183.3,176.085,137.67000000000002,57,347,-880,512
2025-09-01 23:45:32.751429,155.22,211.77,114.465,85.02,96.72,119.73,91.26,75.465,57,348,-880,448
2025-09-01 23:45:32.764714,105.495,143.52,54.795,31.200000000000003,32.370000000000005,65.13,34.905,32.76,57,348,-880,448
2025-09-01 23:45:32.778000,52.260000000000005,67.86,-11.7,-48.75,-44.07,2.9250000000000003,-32.955,-26.52,57,351,-880,448
2025-09-01 23:45:32.790571,8.775,6.24,-94.77,-120.315,-112.515,-97.11,-107.445,-104.52,57,348,-881,512
2025-09-01 23:45:32.803143,129.09,151.125,76.83,53.04,71.76,82.095,82.29,60.06,57,343,-876,512
2025-09-01 23:45:32.815714,149.76,184.275,101.4,85.8,102.18,114.66,116.805,73.905,61,345,-874,448
2025-09-01 23:45:32.828286,189.93,247.26,165.945,155.415,164.38500000000002,177.06,149.955,139.035,60,347,-878,512
2025-09-01 23:45:32.840857,154.245,188.37,117.0,80.145,100.815,113.295,92.43,78.19500000000001,59,350,-878,448
2025-09-01 23:45:32.853429,103.935,131.235,53.04,17.16,37.245000000000005,48.36,31.395,19.695,59,350,-878,448
2025-09-01 23:45:32.866000,39.39,64.935,-30.225,-53.625,-30.615,-27.495,-61.23,-50.505,61,349,-883,448
2025-09-01 23:45:32.874857,-43.875,-9.75,-120.705,-165.75,-118.365,-118.755,-159.12,-150.54,59,350,-884,512
2025-09-01 23:45:32.883714,-249.21,-235.95,-360.165,-482.43,-393.12,-334.035,-503.685,-356.265,58,353,-886,448
2025-09-01 23:45:32.892571,-204.36,-252.135,-408.72,-462.735,-409.305,-377.13,-540.15,-403.65,63,353,-879,448
2025-09-01 23:45:32.901429,-273.58500000000004,-323.89500000000004,-445.575,-552.825,-480.285,-411.45,-551.655,-399.165,64,351,-880,448
2025-09-01 23:45:32.910286,-254.28,-272.22,-369.915,-538.98,-428.61,-335.985,-470.34,-329.745,58,353,-886,448
2025-09-01 23:45:32.919143,-214.11,-213.525,-318.045,-479.505,-360.165,-273.0,-419.25,-282.555,58,353,-886,448
2025-09-01 23:45:32.928000,-189.15,-156.585,-250.185,-402.87,-301.27500000000003,-204.36,-373.62,-235.56,60,348,-880,512
2025-09-01 23:45:32.940429,-119.34,-75.075,-202.02,-330.72,-215.085,-154.245,-332.865,-205.92,56,352,-883,448
2025-09-01 23:45:32.952857,-143.715,-205.14,-311.22,-454.74,-362.115,-273.78000000000003,-431.535,-312.78000000000003,56,356,-895,448
2025-09-01 23:45:32.965286,-152.685,-231.855,-345.345,-480.87,-386.295,-312.975,-460.785,-346.32,64,353,-885,448
2025-09-01 23:45:32.977714,-183.3,-290.745,-413.4,-522.21,-441.675,-372.255,-522.7950000000001,-393.12,60,352,-887,448
2025-09-01 23:45:32.990143,-161.85,-235.56,-353.34000000000003,-458.25,-369.33,-301.665,-443.625,-326.43,54,346,-888,512
2025-09-01 23:45:33.002571,-129.285,-182.715,-284.31,-401.115,-306.54,-230.88,-373.425,-261.495,54,346,-888,512
2025-09-01 23:45:33.015000,-79.95,-109.98,-204.555,-327.795,-236.73,-153.07500000000002,-296.985,-197.73,57,347,-885,512
2025-09-01 23:45:33.027857,-41.73,-35.685,-134.745,-224.835,-151.905,-85.8,-221.91,-131.235,55,351,-882,448
2025-09-01 23:45:33.040714,35.88,-34.125,-33.15,-53.43,-17.355,5.265000000000001,-67.275,-10.53,58,348,-883,512
2025-09-01 23:45:33.053571,53.04,-2.9250000000000003,5.655,-21.255,16.77,49.14,-29.445,27.885,51,353,-885,512
2025-09-01 23:45:33.066429,99.06,60.45,72.735,51.675,89.11500000000001,116.415,35.49,85.02,55,352,-882,448
2025-09-01 23:45:33.079286,74.10000000000001,27.105,19.305,-1.56,39.195,54.015,-30.03,21.255,55,351,-885,384
2025-09-01 23:45:33.092143,43.68,-31.200000000000003,-41.145,-53.43,-23.205,-5.655,-92.235,-32.565,55,351,-885,384
2025-09-01 23:45:33.105000,-4.29,-103.935,-119.535,-117.975,-94.38,-80.73,-158.925,-93.015,47,353,-898,448
2025-09-01 23:45:33.117857,-52.065000000000005,-163.02,-183.105,-186.81,-163.60500000000002,-141.765,-218.01,-141.57,52,349,-893,448
2025-09-01 23:45:33.130714,66.495,-40.755,-19.11,-21.255,6.4350000000000005,21.06,-11.895,19.5,49,356,-871,512
2025-09-01 23:45:33.143571,42.315000000000005,-73.515,-51.285,-42.9,-22.035,-20.475,-39.195,-7.995,51,355,-876,512
2025-09-01 23:45:33.156429,-2.9250000000000003,-131.43,-119.535,-92.625,-74.49000000000001,-84.63000000000001,-98.085,-55.575,53,350,-879,512
2025-09-01 23:45:33.169286,25.155,-90.675,-68.25,-47.97,-30.03,-21.06,-34.71,1.95,51,351,-881,512
2025-09-01 23:45:33.182143,59.475,-30.225,1.56,15.99,33.735,43.68,35.1,62.400000000000006,51,351,-881,512
2025-09-01 23:45:33.195000,117.0,41.535,79.75500000000001,91.26,111.735,122.07,108.03,123.435,47,357,-885,384
2025-09-01 23:45:33.203571,168.675,109.005,149.37,175.695,187.005,191.1,184.08,191.1,54,354,-880,448
2025-09-01 23:45:33.212143,177.06,23.79,130.845,161.265,182.13,160.485,167.31,174.33,63,351,-880,512
2025-09-01 23:45:33.220714,194.025,56.16,163.995,192.465,215.28,197.34,204.945,204.36,63,351,-880,512
2025-09-01 23:45:33.229286,229.32,107.445,233.025,261.3,277.29,262.665,271.635,263.445,65,352,-883,448
2025-09-01 23:45:33.237857,205.53,61.620000000000005,187.785,207.675,214.305,208.065,216.45,206.7,57,351,-884,512
2025-09-01 23:45:33.246429,164.58,2.9250000000000003,126.165,140.595,156.585,143.13,148.785,142.935,57,351,-884,512
2025-09-01 23:45:33.255000,107.25,-67.275,53.625,66.69,80.73,70.005,78.39,90.48,52,354,-892,512
2025-09-01 23:45:33.267857,63.96,-135.915,-19.305,-9.945,16.185000000000002,3.51,8.385,28.47,55,347,-895,448
2025-09-01 23:45:33.280714,166.335,8.19,137.085,147.225,177.255,169.26000000000002,189.735,178.815,57,357,-883,448
2025-09-01 23:45:33.293571,186.42,41.535,169.65,181.35,208.26,200.46,223.86,205.14,57,357,-883,448
2025-09-01 23:45:33.306429,227.565,101.595,234.195,243.75,266.955,264.42,283.33500000000004,259.35,58,359,-884,448
2025-09-01 23:45:33.319286,210.795,59.67,184.47,198.315,216.45,204.75,228.54,202.8,57,362,-887,448
2025-09-01 23:45:33.332143,168.09,3.315,124.41,130.455,150.54,140.595,156.975,139.815,56,360,-882,448
2025-09-01 23:45:33.345000,110.175,-58.89,49.14,51.285,78.39,72.735,77.61,80.73,56,360,-882,448
2025-09-01 23:45:33.345200,70.59,-125.775,-15.99,-21.45,11.31,1.56,12.675,20.475,50,353,-875,512
2025-09-01 23:45:33.345400,136.305,-57.915,19.11,23.595,57.525,26.91,49.92,40.56,56,360,-885,512
2025-09-01 23:45:33.345600,113.1,-90.48,-11.7,-8.19,25.155,-2.145,19.89,12.48,56,360,-885,512
2025-09-01 23:45:33.345800,73.125,-150.15,-77.025,-92.235,-43.68,-64.545,-50.505,-39.39,50,354,-889,512
2025-09-01 23:45:33.346000,88.72500000000001,-105.3,-39.39,-35.295,11.505,-8.385,4.095,16.77,52,356,-883,512
2025-09-01 23:45:33.390500,130.65,-51.48,18.135,24.375,69.81,53.43,67.08,73.515,55,359,-883,512
2025-09-01 23:45:33.435000,183.885,26.325,103.74,98.28,141.18,130.455,146.055,130.65,55,359,-883,512
2025-09-01 23:45:33.448143,233.415,79.36500000000001,173.94,178.035,211.965,202.605,216.06,194.22,45,359,-888,448
2025-09-01 23:45:33.461286,114.465,-75.66,22.425,11.7,49.92,29.64,47.775,26.91,51,346,-881,512
2025-09-01 23:45:33.474429,91.26,-108.81,-18.915,-19.305,10.335,-6.4350000000000005,13.065,-3.705,51,346,-881,512
2025-09-01 23:45:33.487571,39.195,-172.185,-82.29,-98.475,-51.675,-79.75500000000001,-54.795,-60.06,53,346,-877,512
2025-09-01 23:45:33.500714,66.105,-130.26,-45.045,-37.44,0.0,-22.425,4.29,-10.335,54,352,-881,512
2025-09-01 23:45:33.513857,109.59,-73.515,13.065,21.645,62.400000000000006,37.44,62.985,45.24,55,355,-881,384
2025-09-01 23:45:33.527000,162.63,3.315,88.92,95.745,136.305,107.835,128.505,101.205,56,354,-884,448
2025-09-01 23:45:33.539286,203.775,66.885,162.82500000000002,162.435,201.435,185.055,203.19,168.285,56,354,-882,512
2025-09-01 23:45:33.551571,85.41,-70.98,18.525,-7.995,37.05,11.31,34.515,15.795,56,352,-886,448
2025-09-01 23:45:33.563857,67.08,-103.935,-13.455,-40.17,2.9250000000000003,-21.06,5.8500000000000005,-12.09,56,352,-886,448
2025-09-01 23:45:33.576143,28.86,-166.335,-82.485,-104.325,-65.52,-91.26,-63.96,-65.52,52,350,-886,448
2025-09-01 23:45:33.588429,42.9,-116.415,-46.605,-65.715,-17.94,-34.32,-14.235,-19.305,53,352,-887,448
2025-09-01 23:45:33.600714,88.92,-66.495,16.965,-2.34,46.8,33.15,49.14,36.66,54,353,-891,448
2025-09-01 23:45:33.613000,134.55,-7.215,90.285,72.15,116.805,112.71,124.02,98.67,52,353,-890,448
2025-09-01 23:45:33.626000,184.665,67.47,155.61,147.03,194.025,163.60500000000002,186.225,147.42000000000002,56,355,-887,512
2025-09-01 23:45:33.639000,128.31,49.725,108.42,70.2,108.615,109.005,128.115,98.085,51,347,-888,448
2025-09-01 23:45:33.652000,147.615,82.095,134.55,106.08,137.865,134.35500000000002,152.685,119.73,51,347,-888,448
2025-09-01 23:45:33.665000,193.635,142.74,210.795,179.595,219.18,198.12,226.2,184.47,48,349,-876,512
2025-09-01 23:45:33.678000,174.13500000000002,109.785,183.105,140.79,174.525,157.755,175.89,138.255,57,352,-895,512
2025-09-01 23:45:33.691000,132.6,56.745000000000005,122.655,84.24000000000001,112.125,98.67,111.54,82.095,51,350,-892,512
2025-09-01 23:45:33.704000,81.12,-15.99,39.0,-4.68,27.69,10.92,40.95,24.765,50,349,-885,448
2025-09-01 23:45:33.717429,28.08,-84.825,-33.54,-79.75500000000001,-47.97,-59.28,-31.59,-37.245000000000005,52,348,-882,512
2025-09-01 23:45:33.730857,72.15,-46.995000000000005,11.31,-30.225,-2.145,-25.545,-2.9250000000000003,-14.43,52,347,-891,448
2025-09-01 23:45:33.744286,46.995000000000005,-80.925,-21.84,-71.175,-31.005000000000003,-54.015,-33.54,-42.705,58,347,-899,448
2025-09-01 23:45:33.757714,15.6,-138.06,-93.795,-130.455,-102.375,-122.07,-99.45,-101.985,58,347,-899,448
2025-09-01 23:45:33.771143,15.405,-119.535,-46.41,-98.085,-58.89,-69.81,-46.02,-50.31,50,349,-884,448
2025-09-01 23:45:33.784571,59.28,-64.155,9.555,-39.39,-1.17,-10.53,17.16,4.095,56,348,-873,512
2025-09-01 23:45:33.798000,119.34,22.62,95.16,45.825,83.07000000000001,67.08,92.235,69.22500000000001,55,348,-879,512
2025-09-01 23:45:33.806143,166.725,85.605,162.04500000000002,125.19,153.66,141.375,168.09,130.455,55,346,-880,512
2025-09-01 23:45:33.814286,54.405,-39.78,21.06,-40.17,-14.43,-9.36,8.385,-17.355,55,343,-887,448
2025-09-01 23:45:33.822429,30.03,-74.10000000000001,-16.575,-79.56,-42.9,-43.485,-26.91,-51.675,55,346,-888,384
2025-09-01 23:45:33.830571,-5.265000000000001,-131.82,-82.095,-137.67000000000002,-104.52,-112.32,-97.305,-104.325,55,346,-888,384
2025-09-01 23:45:33.838714,3.12,-97.11,-54.6,-109.005,-69.61500000000001,-72.93,-46.605,-60.84,55,350,-885,512
2025-09-01 23:45:33.846857,42.120000000000005,-39.975,4.095,-38.22,-3.9,-18.72,13.65,-7.605,50,349,-898,448
2025-09-01 23:45:33.855000,97.5,34.71,84.825,34.905,70.2,65.91,87.555,56.940000000000005,51,348,-896,512
2025-09-01 23:45:33.855333,138.255,94.965,156.39,109.395,138.645,133.185,151.515,119.34,51,348,-891,448
2025-09-01 23:45:33.855667,86.58,31.005000000000003,95.355,41.73,76.44,85.8,93.405,64.74000000000001,49,342,-874,384
2025-09-01 23:45:33.856000,110.37,67.275,124.02,82.68,115.83,107.445,124.8,91.065,51,342,-877,448
2025-09-01 23:45:33.878250,158.925,135.525,182.91,149.76,191.685,165.165,191.49,139.62,51,342,-877,448
2025-09-01 23:45:33.900500,153.465,107.835,153.07500000000002,119.34,149.76,125.19,146.055,98.28,50,345,-881,512
2025-09-01 23:45:33.922750,114.66,55.38,100.23,60.255,90.48,68.83500000000001,84.63000000000001,51.09,53,346,-876,448
2025-09-01 23:45:33.945000,55.38,-28.275,28.47,-23.79,2.9250000000000003,-2.73,16.575,-9.555,54,348,-879,448
2025-09-01 23:45:33.953857,5.07,-105.885,-44.46,-112.32,-71.175,-71.955,-51.48,-72.345,54,346,-881,448
2025-09-01 23:45:33.962714,86.58,31.395,85.605,49.53,70.2,68.83500000000001,83.07000000000001,57.72,56,350,-876,384
2025-09-01 23:45:33.971571,108.81,64.545,121.095,76.83,103.74,105.69,113.49,86.58,58,351,-879,448
2025-09-01 23:45:33.980429,144.69,113.88,188.955,125.775,164.97,176.085,183.495,142.935,58,351,-879,448
2025-09-01 23:45:33.989286,131.43,90.87,154.05,108.615,130.455,132.99,134.35500000000002,93.21,59,352,-882,512
2025-09-01 23:45:33.998143,93.795,35.88,96.135,50.895,73.125,73.515,74.685,41.535,58,352,-868,512
2025-09-01 23:45:34.007000,40.95,-36.66,23.205,-30.225,-9.945,-3.12,7.41,-19.695,54,353,-874,512
2025-09-01 23:45:34.019571,-18.525,-95.745,-55.77,-109.98,-78.97500000000001,-83.46000000000001,-75.465,-94.575,53,354,-880,512
2025-09-01 23:45:34.032143,2.535,-55.185,-14.235,-53.235,-39.78,-33.93,-30.225,-38.415,50,358,-887,512
2025-09-01 23:45:34.044714,-21.84,-87.94500000000001,-50.7,-90.285,-69.42,-68.25,-67.665,-75.465,54,360,-887,448
2025-09-01 23:45:34.057286,-60.645,-144.885,-108.81,-159.315,-135.33,-131.235,-124.41,-131.82,57,362,-886,448
2025-09-01 23:45:34.069857,-54.99,-119.73,-86.58,-124.995,-97.695,-98.67,-80.73,-84.825,57,358,-888,384
2025-09-01 23:45:34.082429,-18.33,-63.57,-29.835,-64.74000000000001,-44.46,-39.195,-24.375,-36.66,57,358,-888,384
2025-09-01 23:45:34.095000,38.025,12.48,51.675,11.31,34.905,40.365,53.82,34.71,56,356,-886,512
2025-09-01 23:45:34.112143,82.875,75.075,122.655,70.2,103.35,114.855,123.24,96.33,55,355,-888,448
2025-09-01 23:45:34.129286,45.24,36.075,65.715,28.08,57.525,52.065000000000005,63.375,36.27,61,345,-885,448
2025-09-01 23:45:34.146429,62.985,68.64,100.23,61.815000000000005,90.48,85.605,98.67,65.13,56,346,-879,512
2025-09-01 23:45:34.163571,97.89,132.6,163.41,128.115,155.61,147.225,159.9,120.9,54,347,-878,448
2025-09-01 23:45:34.180714,82.095,115.44,140.01,90.285,121.095,115.635,123.045,79.95,50,347,-882,448
2025-09-01 23:45:34.197857,46.995000000000005,55.38,81.9,40.365,62.400000000000006,55.38,64.74000000000001,29.64,50,347,-882,448
2025-09-01 23:45:34.215000,-5.265000000000001,-25.155,1.17,-40.95,-24.18,-21.84,-6.045,-33.15,50,348,-883,512
2025-09-01 23:45:34.227857,-43.29,-85.995,-63.765,-107.64,-82.29,-84.435,-76.83,-97.695,53,348,-878,448
2025-09-01 23:45:34.240714,-12.675,-39.585,-30.42,-61.620000000000005,-35.295,-54.795,-36.465,-57.330000000000005,45,353,-892,512
2025-09-01 23:45:34.253571,-40.17,-67.47,-57.525,-91.845,-66.495,-84.63000000000001,-63.96,-84.63000000000001,52,351,-882,448
2025-09-01 23:45:34.266429,-80.145,-119.73,-126.75,-162.04500000000002,-138.255,-153.27,-136.11,-143.91,47,356,-884,512
2025-09-01 23:45:34.279286,-61.815000000000005,-101.595,-96.915,-130.455,-107.445,-113.88,-93.795,-103.35,50,355,-883,512
2025-09-01 23:45:34.292143,-30.225,-55.185,-39.78,-76.05,-47.775,-50.505,-33.15,-47.97,50,355,-883,512
2025-09-01 23:45:34.305000,23.4,24.375,39.0,7.215,31.395,29.25,41.925,14.235,48,355,-870,448
2025-09-01 23:45:34.317714,67.08,85.995,110.76,64.35000000000001,99.45,97.305,116.22,73.515,48,353,-878,448
2025-09-01 23:45:34.330429,-8.19,-32.76,-34.71,-63.375,-37.83,-54.795,-37.635,-67.275,58,353,-902,512
2025-09-01 23:45:34.343143,-32.955,-64.155,-70.005,-95.94,-73.71000000000001,-87.555,-68.83500000000001,-91.65,61,351,-896,448
2025-09-01 23:45:34.355857,-79.36500000000001,-137.085,-127.335,-167.115,-145.08,-145.86,-137.865,-144.495,57,358,-892,512
2025-09-01 23:45:34.368571,-70.395,-108.225,-114.66,-132.21,-109.785,-124.605,-103.545,-112.905,59,356,-891,448
2025-09-01 23:45:34.381286,-32.76,-47.58,-59.28,-77.025,-48.555,-60.06,-50.895,-64.935,59,356,-891,448
2025-09-01 23:45:34.394000,30.81,17.94,28.86,7.0200000000000005,30.615,22.425,32.175000000000004,-2.535,59,351,-878,512
2025-09-01 23:45:34.402857,80.73,80.535,97.5,80.925,99.255,86.775,103.545,65.13,56,356,-879,512
2025-09-01 23:45:34.411714,23.595,58.11,33.345,8.97,45.045,42.51,56.745000000000005,26.130000000000003,49,348,-884,384
2025-09-01 23:45:34.420571,49.14,93.6,69.42,45.63,77.805,75.27,89.895,54.21,52,350,-875,512
2025-09-01 23:45:34.429429,85.8,148.98000000000002,134.35500000000002,116.415,141.57,143.91,152.29500000000002,114.075,52,351,-880,512
2025-09-01 23:45:34.438286,78.97500000000001,136.5,111.54,85.8,109.785,105.885,116.805,74.685,49,355,-883,512
2025-09-01 23:45:34.447143,40.365,90.48,55.77,28.665000000000003,55.185,43.485,61.425,20.28,49,355,-883,512
2025-09-01 23:45:34.456000,-14.625,12.48,-27.885,-53.82,-21.255,-37.245000000000005,-23.205,-48.555,41,364,-871,448
2025-09-01 23:45:34.456200,-57.915,-52.065000000000005,-99.645,-121.29,-95.94,-103.155,-97.89,-107.25,48,361,-878,448
2025-09-01 23:45:34.456400,-29.64,-13.455,-58.695,-61.620000000000005,-39.0,-67.665,-54.015,-71.565,51,351,-892,512
2025-09-01 23:45:34.456600,-45.24,-41.73,-101.595,-90.48,-69.61500000000001,-111.735,-101.01,-108.81,51,351,-892,512
2025-09-01 23:45:34.456800,-94.185,-108.225,-163.8,-165.945,-138.84,-164.58,-170.235,-171.015,49,353,-885,512
2025-09-01 23:45:34.457000,-94.575,-95.55,-142.54500000000002,-156.195,-122.07,-140.01,-131.82,-129.09,50,354,-884,512
2025-09-01 23:45:34.501000,-62.985,-39.195,-85.215,-87.36,-60.84,-79.36500000000001,-65.91,-70.98,50,354,-884,512
2025-09-01 23:45:34.545000,-11.115,27.495,1.755,-4.485,20.085,1.755,17.55,-4.095,51,350,-871,448
2025-09-01 23:45:34.553571,35.88,93.795,79.56,60.06,81.315,78.0,89.7,64.545,50,357,-885,448
2025-09-01 23:45:34.562143,13.65,41.145,19.695,12.87,35.685,33.93,40.755,14.625,58,357,-888,448
2025-09-01 23:45:34.570714,32.370000000000005,71.37,49.92,45.435,70.98,58.695,73.905,45.63,58,357,-888,448
2025-09-01 23:45:34.579286,72.93,137.475,111.54,110.955,135.33,112.905,128.115,96.135,57,360,-881,448
2025-09-01 23:45:34.587857,73.515,130.065,99.45,91.65,107.055,88.53,92.625,57.915,59,360,-881,512
2025-09-01 23:45:34.596429,35.295,75.27,36.855,33.93,45.24,28.275,36.075,8.58,57,356,-883,512
2025-09-01 23:45:34.605000,-24.375,-5.8500000000000005,-42.120000000000005,-55.38,-38.22,-50.895,-46.41,-59.475,57,356,-883,512
2025-09-01 23:45:34.617857,-64.74000000000001,-69.81,-112.905,-123.825,-104.715,-118.95,-108.615,-113.1,53,358,-876,512
2025-09-01 23:45:34.630714,-47.775,-42.9,-65.91,-63.57,-61.620000000000005,-69.81,-58.695,-72.93,53,354,-881,448
2025-09-01 23:45:34.643571,-71.37,-79.56,-102.375,-101.01,-93.21,-100.62,-93.795,-100.23,53,354,-881,448
2025-09-01 23:45:34.656429,-117.0,-133.185,-164.19,-173.745,-158.145,-163.02,-156.585,-163.8,59,354,-888,512
2025-09-01 23:45:34.669286,-108.42,-121.875,-154.83,-145.86,-129.675,-139.815,-126.945,-131.04,56,353,-884,448
2025-09-01 23:45:34.682143,-74.88,-75.27,-101.205,-97.5,-70.2,-85.8,-68.25,-80.34,56,349,-882,512
2025-09-01 23:45:34.695000,-20.67,8.775,-10.92,-12.675,10.53,-1.365,13.065,-14.235,56,349,-882,512
2025-09-01 23:45:34.703714,33.345,76.245,57.915,62.205000000000005,77.025,67.47,79.95,48.165,57,354,-891,512
2025-09-01 23:45:34.712429,-33.54,-35.88,-66.3,-58.11,-51.48,-64.35000000000001,-57.135000000000005,-58.695,53,358,-880,512
2025-09-01 23:45:34.721143,-58.11,-67.665,-104.715,-87.75,-81.51,-98.475,-89.31,-92.235,53,358,-880,512
2025-09-01 23:45:34.729857,-94.965,-123.63,-169.065,-162.82500000000002,-150.735,-166.53,-151.515,-149.175,58,360,-888,512
2025-09-01 23:45:34.738571,-104.52,-119.145,-149.955,-139.62,-130.845,-134.94,-127.335,-119.925,51,357,-884,512
2025-09-01 23:45:34.747286,-75.27,-66.105,-92.82,-91.65,-79.36500000000001,-72.345,-70.785,-63.375,49,356,-888,512
2025-09-01 23:45:34.756000,-22.815,15.21,-9.555,-11.115,4.095,9.75,14.82,-1.17,49,356,-888,512
2025-09-01 23:45:34.768714,28.47,83.07000000000001,52.260000000000005,62.79,80.925,68.64,80.34,55.38,52,354,-893,512
2025-09-01 23:45:34.781429,-72.93,-10.14,-12.09,-64.155,-49.92,21.06,-29.64,15.6,43,354,-879,512
2025-09-01 23:45:34.794143,-57.525,19.89,28.47,-42.9,-20.67,68.25,1.17,54.015,43,354,-879,512
2025-09-01 23:45:34.806857,-14.82,81.315,102.765,25.35,48.36,141.18,76.635,127.92,45,354,-873,448
2025-09-01 23:45:34.819571,-18.525,63.18,91.65,17.55,25.155,115.83,49.14,93.99,46,359,-876,512
2025-09-01 23:45:34.832286,-60.255,9.36,29.25,-43.875,-41.73,52.845,-9.36,39.585,48,354,-879,512
2025-09-01 23:45:34.845000,-121.29,-67.275,-54.795,-129.675,-124.605,-27.105,-92.235,-28.08,50,352,-875,512
2025-09-01 23:45:34.845250,-166.53,-145.47,-125.58,-204.555,-195.195,-92.235,-165.165,-78.78,50,349,-876,512
2025-09-01 23:45:34.845500,-22.23,-157.95000000000002,-27.69,-83.85000000000001,-98.865,-1.17,-62.79,1.365,52,351,-885,512
2025-09-01 23:45:34.845750,-40.56,-181.74,-59.865,-117.195,-125.775,-32.76,-94.38,-29.055,52,351,-885,512
2025-09-01 23:45:34.846000,-79.95,-229.71,-124.41,-175.5,-192.27,-99.45,-159.12,-87.75,51,351,-893,448
2025-09-01 23:45:34.875667,-83.655,-236.34,-109.785,-162.63,-174.13500000000002,-71.76,-131.235,-57.915,54,348,-887,384
2025-09-01 23:45:34.905333,-42.51,-179.79,-54.6,-100.23,-109.2,-17.355,-74.88,-13.845,59,345,-889,448
2025-09-01 23:45:34.935000,24.57,-103.155,28.275,-20.085,-28.86,64.935,9.36,59.67,55,349,-885,448
2025-09-01 23:45:34.948571,76.44,-31.395,107.64,51.09,42.315000000000005,138.45000000000002,81.51,116.805,54,350,-882,448
2025-09-01 23:45:34.962143,164.58,-67.665,78.19500000000001,49.53,39.78,98.085,71.76,95.94,43,357,-893,448
2025-09-01 23:45:34.975714,187.785,-35.49,111.54,86.775,73.71000000000001,137.67000000000002,105.495,125.58,43,357,-893,448
2025-09-01 23:45:34.989286,218.985,23.205,175.5,151.32,138.645,202.8,170.235,181.935,47,354,-904,512
2025-09-01 23:45:35.002857,223.47,26.130000000000003,169.65,138.255,126.555,181.35,151.71,156.195,44,354,-888,512
2025-09-01 23:45:35.016429,192.075,-23.205,116.025,82.875,76.44,121.875,93.99,99.84,51,353,-874,512
2025-09-01 23:45:35.030000,136.5,-107.055,36.465,3.51,-12.09,42.705,10.725,30.81,50,353,-883,448
2025-09-01 23:45:35.042143,100.815,-174.33,-34.905,-70.395,-85.41,-28.86,-54.21,-21.45,47,358,-886,448
2025-09-01 23:45:35.054286,185.445,-64.545,69.22500000000001,33.54,36.27,97.695,45.045,76.05,55,362,-884,512
2025-09-01 23:45:35.066429,211.965,-30.81,105.495,76.245,77.61,128.505,80.925,110.37,55,362,-884,512
2025-09-01 23:45:35.078571,256.815,28.665000000000003,177.06,147.81,135.33,200.85,154.05,171.405,51,364,-883,512
2025-09-01 23:45:35.090714,271.05,19.305,167.70000000000002,146.835,126.555,178.035,138.255,140.79,50,358,-876,512
2025-09-01 23:45:35.102857,234.39,-37.05,109.98,74.295,64.545,115.44,82.485,96.915,56,356,-876,448
2025-09-01 23:45:35.115000,170.43,-116.025,32.565,-20.28,-23.01,37.05,-6.4350000000000005,19.695,50,360,-879,448
2025-09-01 23:45:35.123429,135.915,-175.5,-42.315000000000005,-75.66,-89.11500000000001,-34.515,-70.59,-36.855,52,360,-886,512
2025-09-01 23:45:35.131857,167.70000000000002,-111.345,1.755,-22.62,-30.42,2.145,-23.01,-6.825,47,356,-884,448
2025-09-01 23:45:35.140286,143.52,-146.64,-38.025,-56.16,-61.815000000000005,-34.32,-62.595,-41.34,47,353,-883,448
2025-09-01 23:45:35.148714,107.835,-207.48,-101.01,-107.055,-123.435,-103.545,-125.58,-101.79,47,353,-883,448
2025-09-01 23:45:35.157143,100.62,-202.41,-100.815,-106.86,-113.685,-84.24000000000001,-103.74,-69.42,48,352,-882,512
2025-09-01 23:45:35.165571,129.285,-160.095,-42.9,-54.015,-61.425,-13.65,-42.9,-17.55,53,350,-875,512
2025-09-01 23:45:35.174000,191.295,-78.39,42.9,36.66,25.935,62.400000000000006,35.88,49.92,51,352,-881,448
2025-09-01 23:45:35.187143,242.58,-0.585,111.54,103.545,102.96,122.07,99.45,110.565,50,351,-880,448
2025-09-01 23:45:35.200286,163.41,-37.05,54.99,52.065000000000005,57.915,62.400000000000006,54.795,54.6,52,354,-883,448
2025-09-01 23:45:35.213429,196.17,-0.975,85.8,88.92,94.965,99.255,88.92,80.34,52,351,-883,512
2025-09-01 23:45:35.226571,241.8,54.21,143.715,157.365,162.04500000000002,159.12,145.86,136.5,52,351,-883,512
2025-09-01 23:45:35.239714,235.56,61.035,146.835,153.85500000000002,149.37,154.83,135.525,118.95,57,349,-878,448
2025-09-01 23:45:35.252857,206.31,4.095,91.065,101.595,92.625,93.99,73.71000000000001,70.005,55,352,-887,448
2025-09-01 23:45:35.266000,153.27,-78.97500000000001,-2.9250000000000003,13.065,7.215,-0.195,-9.165,-7.41,52,354,-886,512
2025-09-01 23:45:35.274571,99.645,-145.47,-69.61500000000001,-65.715,-67.47,-70.59,-75.075,-63.96,53,354,-884,512
2025-09-01 23:45:35.283143,126.555,-32.76,42.705,62.595,41.145,46.02,50.895,36.27,47,353,-890,512
2025-09-01 23:45:35.291714,151.905,3.12,79.95,90.48,78.19500000000001,86.385,85.41,63.57,46,355,-886,512
2025-09-01 23:45:35.300286,207.285,52.845,133.965,149.37,158.34,151.905,141.765,122.46,46,355,-886,256
2025-09-01 23:45:35.308857,212.745,56.55,134.35500000000002,142.155,146.835,139.62,132.015,96.72,44,360,-890,448
2025-09-01 23:45:35.317429,164.19,3.51,83.265,82.485,91.65,81.12,81.315,46.215,48,361,-877,448
2025-09-01 23:45:35.326000,101.985,-69.42,-10.725,13.65,6.045,-18.915,-10.53,-30.03,46,358,-879,512
2025-09-01 23:45:35.338857,56.355,-134.35500000000002,-80.145,-61.815000000000005,-63.765,-77.415,-74.88,-81.315,46,358,-881,512
2025-09-01 23:45:35.351714,65.13,-64.935,-46.605,-19.305,-18.72,-45.63,-31.785,-53.43,47,361,-880,448
2025-09-01 23:45:35.364571,42.315000000000005,-97.305,-85.8,-56.55,-57.915,-85.215,-65.52,-94.575,47,355,-889,512
2025-09-01 23:45:35.377429,-7.995,-151.125,-141.765,-112.515,-115.245,-141.96,-131.235,-145.665,47,358,-886,448
2025-09-01 23:45:35.390286,-18.525,-156.585,-147.81,-108.615,-108.03,-134.745,-124.02,-132.015,48,358,-883,512
2025-09-01 23:45:35.403143,16.38,-99.645,-94.965,-57.915,-49.335,-75.855,-64.935,-81.9,48,358,-883,512
2025-09-01 23:45:35.416000,74.49000000000001,-20.475,-14.43,31.785,30.225,9.945,19.5,-9.165,50,357,-880,512
2025-09-01 23:45:35.424857,119.535,38.415,68.055,91.845,92.625,89.50500000000001,99.84,59.67,50,357,-878,512
2025-09-01 23:45:35.433714,48.36,-56.16,-47.385000000000005,-18.915,-17.355,-37.635,-32.175000000000004,-57.330000000000005,48,354,-877,448
2025-09-01 23:45:35.442571,18.525,-91.455,-88.92,-57.525,-57.135000000000005,-80.34,-68.83500000000001,-87.555,49,352,-886,576
2025-09-01 23:45:35.451429,-22.62,-146.25,-152.1,-119.925,-117.39,-157.95000000000002,-134.745,-151.515,47,355,-883,448
2025-09-01 23:45:35.460286,-33.54,-147.81,-152.685,-125.58,-111.54,-137.865,-115.635,-120.315,50,356,-887,512
2025-09-01 23:45:35.469143,-0.585,-97.89,-101.985,-63.18,-60.45,-79.75500000000001,-65.13,-74.295,50,356,-887,512
2025-09-01 23:45:35.478000,64.935,-5.265000000000001,-19.305,17.16,27.885,0.195,15.405,-11.895,49,356,-884,512
2025-09-01 23:45:35.490429,113.295,67.665,46.215,84.63000000000001,91.65,83.07000000000001,69.42,49.14,49,351,-886,512
2025-09-01 23:45:35.502857,63.96,20.085,-1.17,46.215,47.97,17.745,55.965,9.165,55,354,-881,512
2025-09-01 23:45:35.515286,87.94500000000001,54.6,38.415,83.85000000000001,85.41,63.375,93.21,40.56,54,360,-890,512
2025-09-01 23:45:35.527714,133.38,117.0,95.16,151.125,152.685,114.075,149.76,99.255,54,360,-888,512
2025-09-01 23:45:35.540143,143.91,127.92,94.38,151.125,150.15,100.62,140.595,72.15,51,360,-885,448
2025-09-01 23:45:35.552571,112.125,81.9,46.02,98.67,98.085,42.120000000000005,77.805,21.84,51,360,-885,448
2025-09-01 23:45:35.565000,58.695,-0.39,-42.51,16.575,17.16,-42.705,-5.265000000000001,-51.48,53,355,-895,512
2025-09-01 23:45:35.565250,10.92,-67.665,-114.855,-50.505,-60.255,-107.64,-81.315,-108.42,51,352,-889,448
2025-09-01 23:45:35.565500,14.04,-9.36,-71.955,-22.23,-12.675,-60.06,-32.76,-63.375,48,350,-876,512
2025-09-01 23:45:35.565750,-16.185000000000002,-49.92,-108.03,-68.83500000000001,-51.285,-89.895,-61.035,-92.43,50,350,-884,448
2025-09-01 23:45:35.566000,-59.28,-104.52,-166.725,-118.56,-113.685,-151.32,-121.485,-144.495,48,348,-878,512
2025-09-01 23:45:35.595667,-64.35000000000001,-105.495,-177.255,-115.05,-107.25,-149.565,-118.56,-139.23000000000002,47,352,-875,448
2025-09-01 23:45:35.625333,-29.445,-55.77,-124.8,-67.86,-47.775,-97.305,-63.765,-96.33,47,352,-875,448
2025-09-01 23:45:35.655000,30.615,24.375,-34.71,22.035,35.295,2.34,17.355,-6.63,49,351,-872,512
2025-09-01 23:45:35.667857,82.68,87.94500000000001,37.83,90.48,96.72,74.88,80.73,51.675,45,354,-875,448
2025-09-01 23:45:35.680714,25.155,55.185,-17.16,37.635,47.385000000000005,16.965,38.025,-0.39,51,370,-890,512
2025-09-01 23:45:35.693571,47.58,89.31,19.305,74.685,83.07000000000001,52.065000000000005,73.905,34.905,55,371,-891,512
2025-09-01 23:45:35.706429,93.6,154.245,76.44,140.205,147.615,115.05,128.115,80.925,52,367,-891,512
2025-09-01 23:45:35.719286,100.62,166.725,83.46000000000001,141.375,136.89,103.155,121.095,72.345,49,364,-893,512
2025-09-01 23:45:35.732143,56.55,106.665,30.03,77.22,85.02,56.55,73.125,28.47,49,364,-893,512
2025-09-01 23:45:35.745000,5.46,28.86,-52.845,1.17,0.78,-30.225,-13.455,-50.7,61,360,-891,512
2025-09-01 23:45:35.753429,-51.870000000000005,-41.34,-123.435,-74.685,-62.205000000000005,-101.205,-83.46000000000001,-113.88,52,361,-885,448
2025-09-01 23:45:35.761857,-1.95,47.385000000000005,-24.375,32.955,34.71,15.6,29.25,-1.56,52,357,-881,448
2025-09-01 23:45:35.770286,24.96,83.655,10.335,74.88,75.27,48.555,61.035,25.35,52,357,-881,448
2025-09-01 23:45:35.778714,62.79,144.3,71.76,135.915,144.495,110.76,127.92,76.635,52,358,-884,512
2025-09-01 23:45:35.787143,85.605,169.845,76.83,135.33,136.5,102.765,119.925,62.010000000000005,57,359,-883,448
2025-09-01 23:45:35.795571,54.015,120.315,23.205,85.995,81.705,48.75,69.03,15.795,57,359,-883,448
2025-09-01 23:45:35.804000,-15.795,31.005000000000003,-56.55,2.34,0.0,-33.54,-18.525,-57.72,54,361,-887,512
2025-09-01 23:45:35.817143,-61.23,-42.120000000000005,-125.97,-75.075,-84.24000000000001,-97.89,-85.8,-111.735,52,362,-875,448
2025-09-01 23:45:35.830286,-18.72,46.8,-81.705,-23.595,-27.3,-57.915,-35.295,-67.86,49,349,-884,512
2025-09-01 23:45:35.843429,-49.14,8.775,-123.045,-61.815000000000005,-61.425,-90.09,-73.515,-100.425,49,349,-884,512
2025-09-01 23:45:35.856571,-85.8,-37.44,-176.475,-124.41,-120.51,-152.1,-131.625,-152.685,51,353,-883,512
2025-09-01 23:45:35.869714,-97.89,-55.965,-191.295,-124.8,-125.58,-151.905,-134.745,-154.245,51,354,-878,448
2025-09-01 23:45:35.882857,-62.595,-6.045,-145.08,-69.81,-71.565,-100.62,-83.07000000000001,-104.715,49,348,-880,448
2025-09-01 23:45:35.896000,-4.095,78.97500000000001,-53.625,16.38,15.21,-16.185000000000002,5.265000000000001,-30.81,49,348,-880,448
2025-09-01 23:45:35.904429,37.44,157.755,14.235,78.97500000000001,83.85000000000001,56.745000000000005,77.025,30.03,52,343,-872,512
2025-09-01 23:45:35.912857,-40.56,67.665,-97.5,-23.985,-40.755,-61.620000000000005,-46.02,-74.49000000000001,47,353,-881,512
2025-09-01 23:45:35.921286,-65.715,27.885,-137.865,-63.765,-72.735,-98.085,-82.485,-106.665,47,353,-881,512
2025-09-01 23:45:35.929714,-106.275,-23.595,-197.145,-123.63,-135.135,-163.41,-147.81,-170.235,48,356,-880,512
2025-09-01 23:45:35.938143,-116.61,-38.61,-211.38,-125.385,-139.035,-162.04500000000002,-145.08,-157.56,52,350,-882,512
2025-09-01 23:45:35.946571,-78.97500000000001,2.9250000000000003,-159.705,-71.955,-84.24000000000001,-112.125,-93.6,-111.345,49,352,-880,512
2025-09-01 23:45:35.955000,-16.77,88.14,-76.05,18.135,3.705,-24.57,-9.75,-41.73,49,352,-880,512
2025-09-01 23:45:35.968000,25.35,155.415,-0.39,78.78,70.2,50.31,60.45,16.77,57,351,-877,512
2025-09-01 23:45:35.981000,-37.05,105.105,-51.675,17.355,16.575,10.335,26.715,-7.800000000000001,47,363,-883,448
2025-09-01 23:45:35.994000,-10.335,138.255,-12.48,61.035,57.72,40.17,56.55,17.745,47,363,-883,448
2025-09-01 23:45:36.007000,28.47,185.055,39.39,123.435,111.54,101.4,113.685,69.22500000000001,44,359,-882,512
2025-09-01 23:45:36.020000,53.04,205.14,58.89,141.765,128.115,109.785,116.415,69.61500000000001,48,362,-882,448
2025-09-01 23:45:36.033000,27.495,154.83,10.92,87.75,70.005,65.91,64.74000000000001,26.91,48,365,-882,384
2025-09-01 23:45:36.046000,-39.0,67.47,-76.635,-7.800000000000001,-21.255,-32.76,-22.035,-48.165,48,365,-882,384
2025-09-01 23:45:36.054429,-90.87,-3.705,-153.465,-75.075,-84.825,-105.885,-92.82,-110.565,48,362,-875,512
2025-09-01 23:45:36.062857,-36.465,91.65,-56.55,25.74,19.5,2.73,15.405,-15.6,53,362,-876,448
2025-09-01 23:45:36.071286,-11.505,126.945,-25.155,61.425,60.06,39.39,50.115,16.38,53,362,-876,448
2025-09-01 23:45:36.079714,23.79,173.745,43.68,123.045,120.9,102.57,110.955,75.465,55,355,-889,448
2025-09-01 23:45:36.088143,36.465,194.025,65.13,135.72,131.235,111.93,115.44,66.885,50,355,-883,512
2025-09-01 23:45:36.096571,8.385,149.175,6.63,83.265,81.9,55.77,64.545,16.965,49,358,-879,448
2025-09-01 23:45:36.105000,-57.330000000000005,68.055,-73.125,-7.41,-8.58,-25.155,-23.01,-47.775,47,359,-895,512
2025-09-01 23:45:36.122571,-110.565,-0.78,-152.685,-81.12,-83.265,-104.52,-93.405,-119.145,47,359,-883,448
2025-09-01 23:45:36.140143,-81.315,30.42,-98.67,-11.7,-24.96,-50.115,-42.315000000000005,-55.965,52,366,-887,512
2025-09-01 23:45:36.157714,-106.08,0.195,-131.625,-48.165,-60.255,-83.265,-74.10000000000001,-86.385,52,366,-887,512
2025-09-01 23:45:36.175286,-148.59,-54.015,-187.785,-120.315,-120.51,-139.62,-131.82,-140.01,56,359,-892,512
2025-09-01 23:45:36.192857,-163.995,-74.295,-204.165,-133.77,-134.94,-145.275,-138.84,-136.695,46,360,-885,512
2025-09-01 23:45:36.210429,-148.785,-18.33,-158.145,-80.73,-87.555,-94.38,-82.29,-92.82,45,363,-886,512
2025-09-01 23:45:36.228000,-85.605,60.645,-73.71000000000001,1.755,4.29,-7.800000000000001,0.975,-22.035,49,363,-882,448
2025-09-01 23:45:36.240429,-21.45,132.79500000000002,-8.775,86.775,78.0,54.99,69.81,34.32,52,365,-884,512
2025-09-01 23:45:36.252857,-99.645,39.39,-94.77,-15.015,-24.765,-33.15,-26.325,-40.17,53,355,-879,448
2025-09-01 23:45:36.265286,-130.845,5.655,-127.725,-57.915,-59.28,-71.76,-60.06,-63.96,53,355,-879,448
2025-09-01 23:45:36.277714,-160.68,-43.095,-183.495,-132.015,-125.385,-131.43,-120.9,-115.44,55,349,-881,512
2025-09-01 23:45:36.290143,-189.345,-73.32000000000001,-210.21,-137.67000000000002,-137.67000000000002,-146.055,-128.31,-119.145,50,353,-887,448
2025-09-01 23:45:36.302571,-151.125,-31.98,-157.755,-84.24000000000001,-83.46000000000001,-93.405,-78.0,-77.025,51,353,-884,448
2025-09-01 23:45:36.315000,-95.94,47.58,-70.2,1.95,4.29,-6.045,8.775,-1.95,51,352,-882,448
2025-09-01 23:45:36.323857,-43.29,122.07,8.58,80.145,78.97500000000001,69.61500000000001,79.56,59.475,50,351,-884,512
2025-09-01 23:45:36.332714,-73.32000000000001,60.84,-51.09,19.11,26.52,25.35,32.370000000000005,22.815,52,356,-879,512
2025-09-01 23:45:36.341571,-47.190000000000005,95.745,-6.045,63.57,66.3,62.985,66.69,57.135000000000005,51,354,-880,512
2025-09-01 23:45:36.350429,-0.975,155.025,48.945,119.34,124.8,119.145,129.48000000000002,109.59,51,354,-880,512
2025-09-01 23:45:36.359286,11.895,182.91,67.86,150.93,139.815,131.235,141.375,110.76,45,357,-887,512
2025-09-01 23:45:36.368143,-29.055,134.35500000000002,20.475,95.355,86.775,74.10000000000001,80.34,67.47,45,354,-877,448
2025-09-01 23:45:36.377000,-77.805,41.145,-66.3,11.505,-0.975,-10.14,-5.655,-15.6,49,355,-877,512
2025-09-01 23:45:36.389571,-125.385,-26.91,-136.11,-83.07000000000001,-85.215,-86.385,-81.9,-74.49000000000001,55,355,-876,448
2025-09-01 23:45:36.402143,-82.485,58.11,-91.26,-9.36,-25.35,-37.245000000000005,-26.52,-33.93,53,361,-885,512
2025-09-01 23:45:36.414714,-107.445,21.84,-124.41,-50.31,-59.865,-79.56,-63.18,-70.98,52,366,-886,512
2025-09-01 23:45:36.427286,-145.47,-37.44,-175.695,-101.205,-118.17,-127.14,-119.535,-114.075,52,366,-886,512
2025-09-01 23:45:36.439857,-166.725,-68.64,-199.875,-126.945,-138.255,-142.155,-135.33,-120.9,60,361,-870,512
2025-09-01 23:45:36.452429,-131.82,-16.575,-155.025,-81.705,-83.46000000000001,-100.035,-78.97500000000001,-70.59,56,365,-882,448
2025-09-01 23:45:36.465000,-76.05,65.715,-73.515,9.555,5.655,-7.995,8.97,2.145,55,361,-881,512
2025-09-01 23:45:36.477857,-14.235,137.865,5.8500000000000005,90.285,82.29,63.96,79.17,69.22500000000001,53,364,-886,448
2025-09-01 23:45:36.490714,72.345,181.545,-33.345,122.46,102.18,11.7,93.99,27.495,43,357,-891,448
2025-09-01 23:45:36.503571,102.375,213.72,8.775,158.145,134.55,50.7,141.57,67.08,44,361,-889,512
2025-09-01 23:45:36.516429,130.845,262.08,69.61500000000001,215.67,192.66,108.42,210.795,120.51,43,362,-889,448
2025-09-01 23:45:36.529286,155.025,291.915,94.965,235.365,208.845,116.415,220.35,122.85,43,358,-896,448
2025-09-01 23:45:36.542143,121.485,244.92,41.34,181.74,159.12,66.69,168.48000000000002,72.93,41,358,-896,448
2025-09-01 23:45:36.555000,73.905,167.505,-49.14,101.595,78.0,-26.325,73.32000000000001,-8.385,41,356,-888,448
2025-09-01 23:45:36.567714,18.135,98.28,-121.485,28.08,0.585,-85.995,4.68,-61.035,37,351,-884,512
2025-09-01 23:45:36.580429,60.06,133.185,-84.435,71.175,39.39,-64.74000000000001,30.225,-39.39,39,352,-881,512
2025-09-01 23:45:36.593143,36.075,95.94,-122.655,37.44,7.0200000000000005,-101.595,-7.605,-70.59,41,352,-872,448
2025-09-01 23:45:36.605857,1.755,47.775,-178.23000000000002,-17.16,-47.190000000000005,-157.365,-76.44,-132.79500000000002,42,348,-875,512
2025-09-01 23:45:36.618571,-26.52,14.235,-211.77,-44.265,-69.42,-169.455,-91.455,-140.595,44,349,-877,448
2025-09-01 23:45:36.631286,0.78,59.865,-158.925,6.4350000000000005,-18.915,-123.045,-31.005000000000003,-92.625,44,349,-877,448
2025-09-01 23:45:36.644000,55.77,133.38,-75.66,85.8,62.205000000000005,-32.175000000000004,53.43,-23.595,49,352,-882,512
2025-09-01 23:45:36.652857,108.81,206.115,10.53,164.97,131.04,44.265,131.235,46.41,48,352,-882,512
2025-09-01 23:45:36.661714,26.52,113.685,-75.075,54.015,21.45,-50.31,22.815,-37.83,50,350,-879,448
2025-09-01 23:45:36.670571,1.95,81.9,-114.27,15.405,-15.21,-84.825,-11.115,-70.395,47,348,-893,512
2025-09-01 23:45:36.679429,-24.57,30.225,-171.99,-48.165,-67.47,-145.47,-75.465,-127.92,48,350,-889,448
2025-09-01 23:45:36.688286,-50.31,9.36,-202.215,-72.735,-100.23,-156.195,-91.26,-132.6,48,351,-887,512
2025-09-01 23:45:36.697143,-26.715,53.04,-149.955,-34.515,-52.065000000000005,-100.23,-38.025,-87.75,48,351,-887,512
2025-09-01 23:45:36.706000,30.42,143.91,-71.955,59.475,41.535,-26.130000000000003,37.83,-18.915,48,347,-894,512
2025-09-01 23:45:36.718571,85.8,218.4,-3.705,136.11,113.49,39.585,108.615,40.56,49,348,-891,448
2025-09-01 23:45:36.731143,-123.63,78.78,-109.005,-72.345,-48.36,-79.17,-55.38,-83.655,45,340,-868,448
2025-09-01 23:45:36.743714,-89.31,110.955,-104.91,6.4350000000000005,-1.17,-58.5,-80.535,-113.49,45,341,-881,512
2025-09-01 23:45:36.756286,-9.75,174.72,-66.105,-3.51,52.455,-12.09,-39.78,-55.965,48,341,-878,512
2025-09-01 23:45:36.768857,-296.79,128.505,6.63,-170.04,-34.125,31.59,27.885,-15.405,50,344,-883,448
2025-09-01 23:45:36.781429,-195.975,79.75500000000001,-135.33,-113.295,-55.965,-108.615,-154.63500000000002,-193.245,50,344,-883,448
2025-09-01 23:45:36.794000,-74.10000000000001,49.14,-267.54,-77.415,-88.72500000000001,-238.29,-246.87,-238.485,46,356,-881,448
2025-09-01 23:45:36.802714,-283.92,-85.215,-244.725,-319.02000000000004,-267.345,-212.94,-169.455,-187.59,46,359,-880,512
2025-09-01 23:45:36.811429,-360.165,-194.025,-423.54,-462.93,-371.475,-352.365,-491.4,-377.13,54,365,-901,512
2025-09-01 23:45:36.820143,-388.05,-227.76,-478.14,-511.875,-408.72,-406.965,-562.965,-440.895,48,364,-887,512
2025-09-01 23:45:36.828857,-431.73,-282.945,-557.7,-574.665,-462.93,-475.41,-636.48,-504.465,49,365,-886,512
2025-09-01 23:45:36.837571,-527.085,-330.135,-572.13,-692.445,-519.6750000000001,-482.235,-643.5,-491.01,50,367,-886,512
2025-09-01 23:45:36.846286,-546.39,-306.93,-492.96,-628.485,-483.99,-394.29,-529.23,-383.175,50,367,-886,512
2025-09-01 23:45:36.855000,-380.055,-212.745,-367.965,-450.06,-350.415,-291.33,-395.85,-298.935,39,372,-873,448
2025-09-01 23:45:36.855200,-228.93,-102.18,-357.24,-374.01,-259.545,-264.81,-443.82,-312.975,44,372,-882,448
2025-09-01 23:45:36.855400,-186.81,-195.39,-353.535,-371.865,-301.08,-272.22,-401.115,-281.19,41,364,-887,512
2025-09-01 23:45:36.855600,-209.625,-229.125,-395.265,-410.67,-337.74,-314.34000000000003,-436.995,-312.78000000000003,41,364,-886,512
2025-09-01 23:45:36.855800,-242.385,-281.19,-441.48,-460.785,-383.955,-354.51,-485.355,-354.315,41,366,-885,512
2025-09-01 23:45:36.856000,-271.44,-318.825,-460.59,-505.83,-413.4,-366.405,-491.595,-347.49,45,365,-887,512
2025-09-01 23:45:36.900500,-221.91,-266.565,-411.84,-439.92,-351.39,-318.435,-436.605,-308.1,45,365,-887,512
2025-09-01 23:45:36.945000,-155.22,-185.25,-329.355,-321.75,-251.355,-233.415,-354.315,-239.85,50,362,-878,512
2025-09-01 23:45:36.953571,-105.69,-119.145,-251.94,-260.71500000000003,-190.905,-151.32,-270.66,-160.68,46,364,-879,512
2025-09-01 23:45:36.962143,-31.395,-34.905,-76.245,-65.13,-49.92,30.225,-75.465,54.6,47,358,-883,512
2025-09-01 23:45:36.970714,-4.875,-2.73,-47.97,-17.94,-7.995,55.575,-38.22,76.83,47,358,-883,512
2025-09-01 23:45:36.979286,23.205,55.185,11.115,20.67,46.995000000000005,116.22,24.18,136.11,47,358,-880,512
2025-09-01 23:45:36.987857,63.18,93.21,64.545,57.72,84.24000000000001,160.875,54.99,157.56,47,355,-881,448
2025-09-01 23:45:36.996429,36.855,48.75,7.215,22.62,43.68,97.89,-0.585,112.125,48,354,-865,448
2025-09-01 23:45:37.005000,-15.6,-24.57,-85.8,-49.92,-39.585,1.56,-84.24000000000001,25.155,48,354,-874,448
2025-09-01 23:45:37.017857,-71.175,-101.985,-159.12,-129.09,-122.655,-73.125,-151.32,-30.03,47,358,-877,512
2025-09-01 23:45:37.030714,32.175000000000004,11.7,28.665000000000003,57.135000000000005,58.89,110.175,65.91,151.125,47,353,-872,448
2025-09-01 23:45:37.043571,55.38,45.435,64.545,92.625,96.135,149.565,108.03,180.765,47,353,-872,448
2025-09-01 23:45:37.056429,106.47,99.84,119.925,161.85,163.02,203.385,160.095,232.635,46,354,-869,448
2025-09-01 23:45:37.069286,128.505,142.35,165.75,196.95,183.885,240.435,192.27,254.67,47,354,-876,512
2025-09-01 23:45:37.082143,100.035,99.84,121.29,150.15,140.205,187.785,143.52,213.33,46,352,-877,448
2025-09-01 23:45:37.095000,54.99,25.935,33.345,72.15,59.865,100.62,56.16,133.185,46,352,-877,448
2025-09-01 23:45:37.108000,2.145,-50.31,-39.0,3.51,-11.115,27.69,-17.16,76.83,42,351,-872,512
2025-09-01 23:45:37.121000,57.135000000000005,69.61500000000001,114.855,151.125,135.915,153.27,161.265,196.95,39,363,-881,512
2025-09-01 23:45:37.134000,84.045,107.25,149.565,186.42,177.06,192.855,196.755,227.565,39,363,-881,512
2025-09-01 23:45:37.147000,120.705,165.36,207.285,247.65,231.855,250.575,240.24,271.44,39,365,-884,512
2025-09-01 23:45:37.160000,145.47,191.1,248.625,263.055,260.13,284.31,279.435,288.795,39,364,-881,448
2025-09-01 23:45:37.173000,120.9,153.07500000000002,203.775,221.91,212.745,233.61,226.395,247.65,38,361,-878,512
2025-09-01 23:45:37.186000,54.99,65.52,113.88,134.94,118.17,148.785,143.52,176.28,38,361,-878,512
2025-09-01 23:45:37.199000,-12.675,-13.65,33.735,54.795,43.485,65.325,62.205000000000005,110.175,41,359,-898,448
2025-09-01 23:45:37.212000,15.405,36.27,95.355,87.94500000000001,84.825,97.5,99.06,113.685,49,364,-875,512
2025-09-01 23:45:37.225000,-19.305,-5.07,57.915,57.915,43.68,57.72,64.935,82.875,49,364,-875,512
2025-09-01 23:45:37.238000,-56.16,-49.725,-0.585,-3.315,-12.09,1.56,0.0,27.885,53,363,-871,448
2025-09-01 23:45:37.251000,-70.785,-78.58500000000001,-45.045,-35.49,-34.905,-28.275,-25.74,4.68,52,362,-876,448
2025-09-01 23:45:37.264000,-54.015,-33.735,8.775,13.26,16.575,23.985,26.130000000000003,52.65,47,359,-881,512
2025-09-01 23:45:37.277000,3.12,39.195,95.745,107.835,103.35,101.205,109.98,125.19,48,359,-879,448
2025-09-01 23:45:37.289286,56.355,112.515,170.82,179.4,172.77,176.67000000000002,178.425,190.71,48,360,-881,576
2025-09-01 23:45:37.301571,21.645,53.82,103.935,102.57,100.035,101.595,104.715,110.955,48,357,-875,448
2025-09-01 23:45:37.313857,39.78,82.29,137.28,137.865,133.77,140.4,143.13,148.59,48,357,-875,448
2025-09-01 23:45:37.326143,77.22,136.89,199.29,189.93,185.445,192.075,201.63,196.365,50,355,-868,448
2025-09-01 23:45:37.338429,105.69,184.86,243.36,224.25,220.545,226.2,229.32,211.185,51,361,-877,512
2025-09-01 23:45:37.350714,77.22,134.55,194.415,174.13500000000002,166.335,175.695,178.425,167.505,46,358,-883,512
2025-09-01 23:45:37.363000,16.77,55.38,113.1,85.02,82.875,93.21,91.65,95.355,44,358,-880,512
2025-09-01 23:45:37.371857,-28.47,-12.87,24.18,17.94,14.235,5.265000000000001,16.185000000000002,32.565,46,357,-880,512
2025-09-01 23:45:37.380714,2.145,50.7,95.355,65.52,71.76,68.055,76.245,62.985,48,353,-878,448
2025-09-01 23:45:37.389571,25.74,91.26,131.82,108.615,111.93,106.665,108.615,97.305,48,353,-878,448
2025-09-01 23:45:37.398429,70.98,140.01,191.1,170.625,168.285,168.48000000000002,171.21,151.32,54,351,-882,448
2025-09-01 23:45:37.407286,102.18,171.79500000000002,240.435,188.955,194.61,210.015,201.825,179.4,54,355,-875,512
2025-09-01 23:45:37.416143,70.005,124.995,190.515,153.27,144.495,153.07500000000002,149.37,132.99,55,357,-875,512
2025-09-01 23:45:37.425000,14.04,47.775,98.085,74.49000000000001,70.2,60.06,63.96,56.55,55,356,-874,512
2025-09-01 23:45:37.438571,-39.0,-29.445,22.23,-7.995,-15.99,-13.455,-10.14,-11.505,54,353,-880,448
2025-09-01 23:45:37.452143,-2.34,41.73,64.545,28.47,37.635,19.11,28.86,18.135,51,363,-884,448
2025-09-01 23:45:37.465714,-25.935,3.705,27.885,-9.945,-1.755,-20.475,-6.24,-21.255,51,360,-885,512
2025-09-01 23:45:37.479286,-62.79,-53.04,-28.86,-62.400000000000006,-64.935,-76.83,-65.52,-68.44500000000001,51,360,-885,512
2025-09-01 23:45:37.492857,-104.325,-95.16,-72.735,-107.055,-102.375,-115.05,-105.885,-90.285,58,356,-876,512
2025-09-01 23:45:37.506429,-71.76,-49.92,-28.47,-59.085,-47.775,-62.595,-56.16,-45.045,57,359,-888,448
2025-09-01 23:45:37.520000,-19.11,24.18,53.43,24.57,30.03,24.765,39.975,25.935,55,360,-885,512
2025-09-01 23:45:37.528286,31.005000000000003,103.935,139.815,99.84,107.64,100.035,116.415,86.775,55,360,-884,512
2025-09-01 23:45:37.536571,-3.12,59.67,78.97500000000001,28.665000000000003,31.200000000000003,46.995000000000005,51.285,32.565,44,357,-877,448
2025-09-01 23:45:37.544857,21.255,97.305,116.805,69.42,67.47,81.705,88.53,70.2,43,361,-876,448
2025-09-01 23:45:37.553143,58.5,150.54,175.695,134.35500000000002,127.14,135.915,145.86,118.95,43,361,-876,448
2025-09-01 23:45:37.561429,96.135,196.755,224.835,162.04500000000002,166.335,173.745,184.08,145.275,46,360,-875,448
2025-09-01 23:45:37.569714,64.155,148.98000000000002,181.155,112.71,115.44,126.36,137.28,102.57,47,359,-870,448
2025-09-01 23:45:37.578000,8.775,77.025,89.11500000000001,37.44,35.685,36.27,47.58,30.615,44,359,-876,448
2025-09-01 23:45:37.594714,-41.535,2.535,7.41,-38.025,-38.61,-46.41,-31.98,-39.0,39,361,-877,448
2025-09-01 23:45:37.611429,-3.12,39.39,52.65,8.19,11.115,13.455,14.235,0.975,50,352,-873,512
2025-09-01 23:45:37.628143,-26.715,8.58,8.97,-29.835,-26.325,-29.835,-22.425,-34.515,49,352,-875,448
2025-09-01 23:45:37.644857,-62.79,-36.855,-44.265,-69.22500000000001,-88.72500000000001,-86.775,-85.605,-93.405,44,352,-875,448
2025-09-01 23:45:37.661571,-97.5,-94.575,-97.11,-142.54500000000002,-131.82,-130.26,-121.29,-115.83,44,357,-871,448
2025-09-01 23:45:37.678286,-68.44500000000001,-54.015,-42.51,-82.485,-78.97500000000001,-73.71000000000001,-68.44500000000001,-66.69,46,357,-871,448
2025-09-01 23:45:37.695000,-19.305,17.94,41.145,10.335,4.095,9.36,22.23,6.4350000000000005,50,354,-873,512
2025-09-01 23:45:37.704000,31.785,100.425,119.145,86.19,81.9,88.33500000000001,103.74,76.635,50,354,-873,448
2025-09-01 23:45:37.713000,-12.87,39.78,45.825,4.095,0.78,7.41,12.48,-5.655,46,363,-877,512
2025-09-01 23:45:37.722000,-28.665000000000003,-6.825,12.285,-42.705,-40.755,-29.835,-30.03,-35.88,49,360,-887,448
2025-09-01 23:45:37.731000,-78.0,-65.325,-46.8,-97.11,-98.085,-87.94500000000001,-91.455,-88.33500000000001,52,365,-882,448
2025-09-01 23:45:37.740000,-97.11,-101.01,-100.62,-125.385,-129.09,-135.72,-130.455,-119.925,48,364,-882,512
2025-09-01 23:45:37.749000,-68.44500000000001,-54.6,-58.11,-78.39,-76.83,-91.845,-71.37,-76.83,48,364,-882,512
2025-09-01 23:45:37.758000,-15.795,19.89,36.465,3.12,7.0200000000000005,5.07,14.235,-0.195,49,363,-879,448
2025-09-01 23:45:37.770429,43.095,91.455,122.07,83.07000000000001,79.75500000000001,91.845,91.26,72.93,49,366,-877,512
2025-09-01 23:45:37.782857,-17.55,24.765,38.22,11.31,1.17,-7.800000000000001,-0.975,-15.795,51,369,-881,512
2025-09-01 23:45:37.795286,-39.78,-13.845,-2.9250000000000003,-35.1,-36.27,-44.07,-41.145,-48.165,50,364,-879,448
2025-09-01 23:45:37.807714,-71.37,-67.47,-59.085,-85.605,-93.015,-106.08,-102.765,-98.085,46,365,-881,512
2025-09-01 23:45:37.820143,-107.835,-115.44,-107.25,-135.135,-136.5,-143.13,-134.94,-118.17,50,369,-883,512
2025-09-01 23:45:37.832571,-80.34,-74.88,-56.745000000000005,-91.455,-85.995,-89.50500000000001,-81.51,-74.295,50,369,-883,512
2025-09-01 23:45:37.845000,-27.885,3.705,28.08,-2.73,-2.73,-1.17,3.9,-7.605,49,359,-882,448
2025-09-01 23:45:37.858000,35.1,85.995,110.955,83.655,73.515,74.10000000000001,77.22,58.305,49,363,-884,448
2025-09-01 23:45:37.871000,-14.625,32.175000000000004,30.03,3.315,-3.51,-17.355,-4.875,-21.45,47,367,-875,448
2025-09-01 23:45:37.884000,-44.265,-2.535,-15.405,-36.27,-45.63,-58.11,-48.945,-51.870000000000005,49,361,-874,448
2025-09-01 23:45:37.897000,-80.73,-52.455,-60.84,-104.52,-104.325,-103.155,-94.38,-94.575,47,363,-875,448
2025-09-01 23:45:37.910000,-129.09,-110.955,-104.715,-134.745,-142.935,-141.96,-134.16,-123.24,50,365,-876,448
2025-09-01 23:45:37.923000,-101.79,-71.955,-67.86,-95.745,-94.38,-95.16,-88.33500000000001,-84.63000000000001,50,365,-876,448
2025-09-01 23:45:37.936000,-33.54,12.48,17.355,-5.46,-15.6,-6.045,-6.045,-10.53,51,356,-881,448
2025-09-01 23:45:37.949143,11.895,84.63000000000001,101.79,67.47,64.35000000000001,72.93,73.515,67.86,49,358,-878,512
2025-09-01 23:45:37.962286,-6.24,43.29,37.635,20.475,19.5,8.58,23.985,4.485,52,366,-882,448
2025-09-01 23:45:37.975429,23.4,81.315,76.05,65.13,60.45,48.165,55.575,33.735,42,364,-874,512
2025-09-01 23:45:37.988571,54.405,128.70000000000002,127.92,119.73,115.83,104.52,111.345,86.58,44,364,-876,512
2025-09-01 23:45:38.001714,93.405,173.35500000000002,183.495,166.335,156.0,144.69,158.535,117.78,48,361,-873,512
2025-09-01 23:45:38.014857,58.89,127.53,145.665,115.635,104.715,107.055,114.075,79.75500000000001,48,361,-873,512
2025-09-01 23:45:38.028000,-0.585,41.73,57.135000000000005,21.84,14.04,23.4,21.645,1.755,47,363,-873,512
2025-09-01 23:45:38.028333,-49.92,-24.96,-28.08,-51.285,-62.010000000000005,-76.83,-60.84,-67.08,45,364,-873,384
2025-09-01 23:45:38.028667,-11.505,19.89,25.155,17.55,-3.315,-14.625,-7.41,-22.425,48,364,-882,512
2025-09-01 23:45:38.029000,-41.925,-21.255,-16.575,-26.130000000000003,-43.68,-56.745000000000005,-48.36,-51.48,48,364,-882,512
2025-09-01 23:45:38.050000,-77.025,-62.595,-68.25,-82.29,-95.355,-109.005,-98.475,-101.595,48,362,-879,512
2025-09-01 23:45:38.071000,-118.365,-112.515,-126.555,-133.77,-149.175,-155.415,-139.815,-128.895,44,362,-878,448
2025-09-01 23:45:38.092000,-93.405,-71.175,-78.0,-85.02,-105.495,-101.4,-89.895,-85.41,44,362,-878,448
2025-09-01 23:45:38.113000,-34.71,1.95,7.995,-13.065,-19.695,-19.89,-4.29,-10.335,42,366,-879,512
2025-09-01 23:45:38.122857,18.525,77.61,85.8,77.61,68.83500000000001,65.715,76.05,56.16,43,363,-864,384
2025-09-01 23:45:38.132714,11.505,31.200000000000003,19.5,42.120000000000005,21.255,-10.725,0.585,-11.7,47,369,-877,448
2025-09-01 23:45:38.142571,51.48,80.73,53.82,76.635,62.595,23.01,32.955,16.38,47,369,-877,448
2025-09-01 23:45:38.152429,79.36500000000001,130.455,109.2,138.84,117.78,81.315,82.68,67.08,48,368,-875,448
2025-09-01 23:45:38.162286,107.445,163.41,178.62,162.63,143.52,139.23000000000002,151.905,123.24,49,365,-874,512
2025-09-01 23:45:38.172143,64.545,118.56,131.04,125.58,96.915,93.795,109.98,81.51,51,366,-874,448
2025-09-01 23:45:38.182000,17.355,48.945,43.68,50.505,18.33,-1.17,10.92,-2.9250000000000003,51,366,-874,448
2025-09-01 23:45:38.193857,-40.56,-35.49,-47.97,-45.825,-57.72,-92.82,-71.955,-74.685,46,368,-875,448
2025-09-01 23:45:38.205714,111.735,111.345,14.43,83.07000000000001,55.185,-31.200000000000003,54.405,-4.68,49,364,-884,512
2025-09-01 23:45:38.217571,142.74,150.735,53.04,120.705,98.67,7.41,91.845,23.79,49,364,-884,512
2025-09-01 23:45:38.229429,177.255,191.1,117.975,172.185,148.395,69.22500000000001,152.88,82.875,51,367,-884,448
2025-09-01 23:45:38.241286,236.145,254.28,174.72,239.07,209.04,115.44,203.58,116.61,49,366,-883,448
2025-09-01 23:45:38.253143,212.55,218.205,132.21,198.12,160.485,68.44500000000001,155.61,70.785,49,367,-881,448
2025-09-01 23:45:38.265000,162.82500000000002,141.765,37.05,119.34,84.045,-18.33,72.54,-11.505,49,367,-881,448
2025-09-01 23:45:38.273714,104.715,59.28,-42.705,22.815,1.95,-99.255,-11.7,-75.855,53,365,-873,448
2025-09-01 23:45:38.282429,151.905,149.37,10.92,70.785,51.48,-38.415,38.025,-24.18,52,361,-881,448
2025-09-01 23:45:38.291143,127.53,107.445,-26.91,25.935,4.875,-77.805,4.095,-59.865,52,361,-881,448
2025-09-01 23:45:38.299857,84.24000000000001,50.31,-81.51,-14.82,-45.045,-129.48000000000002,-56.16,-107.055,52,359,-879,512
2025-09-01 23:45:38.308571,46.8,-0.975,-134.94,-61.815000000000005,-93.405,-171.79500000000002,-99.645,-141.57,49,361,-878,448
2025-09-01 23:45:38.317286,67.665,37.245000000000005,-89.31,-20.085,-39.195,-119.925,-48.555,-93.405,52,362,-879,448
2025-09-01 23:45:38.326000,123.63,109.2,-10.14,61.815000000000005,36.855,-32.76,26.325,-26.91,52,362,-879,448
2025-09-01 23:45:38.338714,178.035,188.955,67.665,147.42000000000002,122.46,34.905,106.86,34.905,42,364,-875,448
2025-09-01 23:45:38.351429,99.45,75.66,13.26,69.61500000000001,41.535,-0.585,34.32,1.365,49,361,-879,448
2025-09-01 23:45:38.364143,125.19,115.245,55.185,103.935,82.875,31.785,78.39,36.27,49,361,-879,448
2025-09-01 23:45:38.376857,157.17000000000002,169.065,105.105,156.78,131.82,80.145,135.72,85.215,53,358,-878,448
2025-09-01 23:45:38.389571,205.335,219.375,161.655,210.6,188.175,128.31,182.91,115.05,49,359,-884,512
2025-09-01 23:45:38.402286,163.8,176.085,121.485,175.89,145.86,83.85000000000001,132.6,80.535,50,365,-884,512
2025-09-01 23:45:38.415000,116.61,99.255,37.44,92.82,64.155,-5.8500000000000005,53.43,10.53,50,365,-884,512
2025-09-01 23:45:38.423714,65.52,20.475,-46.995000000000005,15.015,-17.55,-87.94500000000001,-33.93,-65.715,50,366,-878,512
2025-09-01 23:45:38.432429,63.18,52.845,21.45,60.06,34.515,-17.16,37.245000000000005,9.945,39,372,-881,512
2025-09-01 23:45:38.441143,90.09,83.655,63.96,103.35,73.905,23.985,76.635,47.190000000000005,39,372,-881,512
2025-09-01 23:45:38.449857,128.505,133.965,116.025,157.755,126.945,88.33500000000001,132.6,98.085,39,375,-876,512
2025-09-01 23:45:38.458571,171.405,186.225,177.255,216.45,181.155,131.43,180.18,136.89,41,373,-878,512
2025-09-01 23:45:38.467286,144.3,146.25,131.04,162.82500000000002,131.625,88.33500000000001,128.70000000000002,91.65,42,371,-882,448
2025-09-01 23:45:38.476000,87.555,68.44500000000001,51.285,77.415,41.925,5.07,45.435,16.965,44,374,-884,512
2025-09-01 23:45:38.490714,24.765,-13.065,-35.88,-11.7,-39.195,-80.145,-35.88,-49.14,42,372,-886,448
2025-09-01 23:45:38.505429,49.14,18.915,23.01,28.08,5.46,-11.115,17.745,-2.535,49,365,-878,448
2025-09-01 23:45:38.520143,12.675,-18.72,-15.6,-9.555,-37.635,-54.21,-16.185000000000002,-40.755,49,365,-878,448
2025-09-01 23:45:38.534857,-18.33,-67.665,-71.76,-85.995,-89.895,-113.49,-76.245,-85.215,43,369,-883,512
2025-09-01 23:45:38.549571,-67.08,-124.8,-132.015,-114.27,-142.935,-164.38500000000002,-134.16,-127.53,55,363,-890,448
2025-09-01 23:45:38.564286,-44.46,-90.675,-93.405,-75.465,-95.745,-116.61,-85.41,-84.045,56,366,-882,448
2025-09-01 23:45:38.579000,15.015,-14.235,-8.775,11.31,-14.04,-24.57,-2.73,-5.655,56,364,-878,448
2025-09-01 23:45:38.589857,72.345,64.155,75.855,91.845,63.765,62.985,80.73,65.325,53,363,-876,512
2025-09-01 23:45:38.600714,44.655,6.24,14.235,38.415,7.995,-12.09,14.43,5.8500000000000005,47,354,-883,512
2025-09-01 23:45:38.611571,68.64,43.68,54.6,78.97500000000001,40.755,30.03,56.55,41.145,47,354,-883,512
2025-09-01 23:45:38.622429,107.25,95.745,107.835,132.015,98.475,84.825,114.27,90.675,44,358,-883,512
2025-09-01 23:45:38.633286,156.195,156.0,172.185,175.89,155.805,134.16,163.995,122.46,47,351,-879,448
2025-09-01 23:45:38.644143,128.70000000000002,112.32,129.285,138.45000000000002,106.47,85.8,116.805,80.925,55,357,-885,512
2025-09-01 23:45:38.655000,70.59,32.565,52.260000000000005,53.625,22.035,3.705,30.03,5.46,48,357,-880,448
2025-09-01 23:45:38.667714,13.065,-47.385000000000005,-43.485,-24.96,-59.865,-85.02,-53.235,-69.03,48,358,-881,448
2025-09-01 23:45:38.680429,26.325,-4.29,23.985,19.89,-6.24,-14.82,7.215,-11.505,50,361,-877,448
2025-09-01 23:45:38.693143,-5.8500000000000005,-49.335,-17.16,-20.865,-51.675,-55.77,-37.245000000000005,-41.73,49,361,-878,512
2025-09-01 23:45:38.705857,-29.055,-93.795,-69.03,-79.17,-112.32,-109.2,-95.745,-91.455,49,361,-878,512
2025-09-01 23:45:38.718571,-78.97500000000001,-142.935,-127.725,-133.185,-161.85,-157.56,-144.495,-130.065,57,358,-874,448
2025-09-01 23:45:38.731286,-47.190000000000005,-107.25,-88.92,-88.14,-108.81,-106.665,-98.28,-84.435,57,355,-880,512
2025-09-01 23:45:38.744000,5.265000000000001,-36.66,-1.365,3.12,-30.225,-29.835,-17.55,-11.115,54,363,-883,384
2025-09-01 23:45:38.744500,60.84,55.77,80.535,84.825,58.305,52.845,63.765,60.645,53,363,-880,512
2025-09-01 23:45:38.745000,6.825,-15.21,19.695,28.08,-7.0200000000000005,-1.365,6.63,4.29,46,359,-879,448
2025-09-01 23:45:38.757200,33.93,29.445,68.64,63.18,34.125,41.925,49.335,38.025,49,360,-876,512
2025-09-01 23:45:38.769400,69.03,86.385,125.58,112.515,87.555,102.18,106.47,94.185,49,360,-876,512
2025-09-01 23:45:38.781600,112.515,140.79,195.585,178.425,149.175,162.82500000000002,158.535,142.935,50,364,-883,448
2025-09-01 23:45:38.793800,85.02,102.96,155.61,136.11,100.815,109.395,108.42,94.575,46,369,-885,448
2025-09-01 23:45:38.806000,33.15,28.86,68.055,45.825,17.355,31.785,30.81,22.425,49,363,-882,512
2025-09-01 23:45:38.807000,-25.35,-57.915,-17.355,-40.365,-68.25,-52.065000000000005,-54.6,-47.190000000000005,52,359,-879,448
2025-09-01 23:45:38.821667,-10.725,-15.6,40.17,3.315,-22.23,-1.95,-8.19,3.12,49,369,-880,512
2025-09-01 23:45:38.836333,-47.58,-56.745000000000005,-5.07,-29.445,-56.745000000000005,-37.05,-42.9,-28.08,49,368,-880,448
2025-09-01 23:45:38.851000,-80.925,-109.785,-52.845,-85.605,-117.0,-85.215,-93.99,-80.925,49,368,-880,448
2025-09-01 23:45:38.865667,-125.58,-157.365,-126.165,-146.64,-166.335,-152.685,-154.63500000000002,-126.36,48,366,-877,512
2025-09-01 23:45:38.880333,-99.255,-118.56,-89.895,-104.325,-125.19,-118.95,-106.275,-84.435,50,366,-870,512
2025-09-01 23:45:38.895000,-45.435,-49.14,-1.95,-26.130000000000003,-40.755,-28.47,-24.57,-6.825,48,370,-873,512
2025-09-01 23:45:38.912286,13.26,28.47,85.02,62.595,35.685,53.82,56.55,59.865,49,367,-878,448
2025-09-01 23:45:38.929571,-30.03,-24.96,32.175000000000004,-7.215,-37.05,-7.215,-9.555,8.19,47,364,-875,448
2025-09-01 23:45:38.946857,-52.65,-59.475,-11.505,-42.51,-73.905,-46.02,-52.65,-29.055,48,362,-878,512
2025-09-01 23:45:38.964143,-91.845,-103.155,-65.715,-105.885,-133.965,-102.375,-107.64,-78.78,47,363,-882,512
2025-09-01 23:45:38.981429,-132.99,-159.12,-127.725,-165.36,-185.055,-156.975,-161.07,-120.51,47,363,-883,512
2025-09-01 23:45:38.998714,-115.83,-130.65,-87.165,-124.605,-139.035,-110.955,-111.735,-81.12,46,367,-883,512
2025-09-01 23:45:39.016000,-58.695,-57.915,-3.9,-34.32,-57.525,-26.91,-21.645,-3.51,46,366,-878,448
2025-09-01 23:45:39.024571,2.34,21.84,88.53,42.51,20.865,62.010000000000005,56.55,71.76,48,366,-880,512
2025-09-01 23:45:39.033143,-32.565,-36.66,27.495,-18.525,-24.375,4.29,-7.800000000000001,8.97,49,358,-883,512
2025-09-01 23:45:39.041714,-5.46,-2.9250000000000003,69.03,16.38,13.26,42.51,35.49,46.02,49,361,-871,512
2025-09-01 23:45:39.050286,24.18,43.875,114.66,83.655,60.84,97.305,82.095,96.33,51,361,-874,448
2025-09-01 23:45:39.058857,70.785,102.375,182.52,146.835,123.045,159.315,140.4,145.86,51,361,-874,448
2025-09-01 23:45:39.067429,50.31,68.44500000000001,138.06,104.325,85.605,117.195,96.525,107.25,51,361,-874,448
2025-09-01 23:45:39.076000,3.51,1.95,58.695,25.545,0.975,27.495,18.33,35.88,49,361,-876,512
2025-09-01 23:45:39.078000,-60.06,-80.925,-30.42,-62.595,-93.21,-55.77,-68.44500000000001,-38.025,53,358,-874,448
2025-09-01 23:45:39.093333,-42.315000000000005,-45.435,46.02,-19.695,-36.66,17.55,-5.265000000000001,6.045,49,354,-887,448
2025-09-01 23:45:39.108667,-73.32000000000001,-84.63000000000001,4.095,-59.28,-79.56,-16.185000000000002,-43.29,-18.915,48,365,-870,448
2025-09-01 23:45:39.124000,-104.91,-127.53,-54.99,-113.1,-130.26,-72.54,-109.98,-75.66,46,369,-873,512
2025-09-01 23:45:39.139333,-157.755,-181.935,-120.315,-176.085,-191.49,-132.405,-166.92000000000002,-124.215,46,365,-878,512
2025-09-01 23:45:39.154667,-134.94,-147.225,-85.995,-141.18,-150.345,-84.63000000000001,-122.265,-79.95,46,365,-878,512
2025-09-01 23:45:39.170000,-67.86,-68.83500000000001,0.195,-51.870000000000005,-57.915,-3.9,-36.27,-7.605,51,370,-896,512
2025-09-01 23:45:39.170250,-16.77,4.485,90.87,41.925,26.52,82.875,52.65,62.985,51,368,-886,448
2025-09-01 23:45:39.170500,-60.645,-64.155,22.23,-22.425,-26.130000000000003,19.5,-18.525,9.555,52,371,-889,512
2025-09-01 23:45:39.170750,-28.47,-26.52,65.91,20.67,13.845,62.010000000000005,24.375,52.065000000000005,52,366,-891,448
2025-09-01 23:45:39.171000,10.725,26.52,113.1,77.025,68.64,112.905,75.855,92.82,52,367,-887,512
2025-09-01 23:45:39.189333,48.36,84.825,183.885,129.48000000000002,122.655,174.915,128.115,142.35,49,368,-882,512
2025-09-01 23:45:39.207667,26.715,57.72,149.175,82.485,82.29,125.58,86.19,101.595,49,368,-882,512
2025-09-01 23:45:39.226000,-25.155,-17.94,62.595,6.24,-1.56,50.115,3.9,26.715,45,367,-870,448
2025-09-01 23:45:39.243000,-88.14,-107.055,-20.67,-76.05,-92.04,-39.975,-71.955,-47.190000000000005,44,365,-874,512
2025-09-01 23:45:39.260000,-51.870000000000005,-53.235,31.785,-15.21,-25.935,18.135,-19.89,-0.195,45,366,-879,512
2025-09-01 23:45:39.277000,-85.995,-91.455,-9.36,-61.815000000000005,-68.25,-26.130000000000003,-63.57,-38.025,47,367,-880,512
2025-09-01 23:45:39.294000,-118.17,-140.4,-59.28,-117.585,-115.635,-82.875,-114.27,-86.97,45,364,-878,512
2025-09-01 23:45:39.311000,-175.11,-210.795,-123.825,-173.745,-176.865,-142.74,-173.94,-130.845,47,362,-877,512
2025-09-01 23:45:39.328000,-150.93,-180.18,-89.895,-130.65,-136.89,-94.77,-128.895,-94.77,47,362,-877,512
2025-09-01 23:45:39.345000,-96.915,-98.865,-6.63,-51.09,-52.065000000000005,-15.6,-44.46,-24.765,52,360,-882,448
2025-09-01 23:45:39.353714,-28.86,-17.355,80.73,33.345,32.175000000000004,73.71000000000001,34.515,52.065000000000005,50,356,-879,512
2025-09-01 23:45:39.362429,-52.260000000000005,-46.41,33.735,-16.38,-22.815,18.72,-19.305,4.095,48,362,-882,512
2025-09-01 23:45:39.371143,-85.41,-87.165,-11.115,-61.425,-68.25,-18.135,-62.985,-37.44,48,362,-882,512
2025-09-01 23:45:39.379857,-129.09,-139.23000000000002,-60.06,-120.9,-122.265,-70.395,-112.71,-82.095,48,361,-884,448
2025-09-01 23:45:39.388571,-172.185,-200.07,-129.48000000000002,-189.735,-191.685,-135.525,-170.235,-125.58,48,358,-880,448
2025-09-01 23:45:39.397286,-147.03,-163.995,-96.135,-139.23000000000002,-145.08,-95.355,-127.53,-88.33500000000001,48,358,-880,448
2025-09-01 23:45:39.406000,-96.72,-76.83,-12.48,-60.84,-52.845,-16.965,-49.53,-19.89,49,359,-884,512
2025-09-01 23:45:39.422857,-25.74,3.51,75.66,39.0,33.735,67.86,35.49,51.675,50,362,-871,448
2025-09-01 23:45:39.439714,-66.3,-64.74000000000001,24.765,-23.595,-25.155,16.185000000000002,-17.16,11.895,47,359,-886,448
2025-09-01 23:45:39.456571,-39.195,-22.425,65.91,16.575,16.185000000000002,55.965,26.52,49.53,47,359,-886,448
2025-09-01 23:45:39.473429,-0.585,33.735,117.975,72.735,73.125,109.005,76.05,93.015,52,360,-884,512
2025-09-01 23:45:39.490286,41.925,97.695,192.855,132.015,136.5,181.155,141.96,142.155,53,359,-882,512
2025-09-01 23:45:39.507143,30.03,65.13,151.905,103.74,103.35,129.48000000000002,94.77,103.155,55,355,-881,448
2025-09-01 23:45:39.524000,-21.45,-7.995,64.935,20.475,21.645,48.75,11.115,29.055,55,355,-881,448
2025-09-01 23:45:39.537000,-83.85000000000001,-91.65,-19.11,-65.52,-75.075,-39.195,-73.905,-45.63,55,358,-892,448
2025-09-01 23:45:39.550000,-40.17,-2.145,36.66,4.68,-4.095,12.09,-15.99,-1.95,49,361,-875,448
2025-09-01 23:45:39.563000,-66.105,-38.61,-8.97,-38.61,-39.585,-33.54,-56.55,-37.05,49,361,-875,448
2025-09-01 23:45:39.576000,-112.125,-89.31,-63.57,-88.33500000000001,-95.55,-78.19500000000001,-109.785,-85.215,54,361,-889,448
2025-09-01 23:45:39.589000,-162.04500000000002,-162.435,-128.31,-165.36,-165.555,-146.445,-171.99,-132.21,52,364,-885,448
2025-09-01 23:45:39.602000,-143.32500000000002,-134.745,-87.94500000000001,-122.85,-126.165,-98.67,-125.19,-89.895,47,362,-876,512
2025-09-01 23:45:39.615000,-82.68,-63.57,-7.215,-44.07,-43.875,-17.355,-44.07,-18.525,47,362,-876,512
2025-09-01 23:45:39.623714,-23.985,27.69,86.385,42.51,43.485,72.345,47.775,55.38,52,363,-877,512
2025-09-01 23:45:39.632429,-66.885,-39.0,13.845,-13.455,-17.94,8.58,-9.555,11.115,58,367,-884,448
2025-09-01 23:45:39.641143,-37.44,3.12,62.400000000000006,25.155,26.91,53.82,31.395,45.825,58,367,-884,448
2025-09-01 23:45:39.649857,3.12,59.28,110.565,80.73,80.925,107.445,85.41,91.455,46,367,-886,512
2025-09-01 23:45:39.658571,49.335,121.485,188.955,146.055,143.715,165.165,152.49,153.66,49,369,-887,512
2025-09-01 23:45:39.667286,38.415,87.555,157.95000000000002,117.585,109.005,132.405,105.69,115.635,54,369,-885,448
2025-09-01 23:45:39.676000,-17.355,10.335,70.59,38.415,26.325,45.045,16.38,33.93,54,369,-885,512
2025-09-01 23:45:39.693000,-82.485,-80.73,-21.645,-56.745000000000005,-57.135000000000005,-40.95,-66.495,-34.32,53,367,-871,448
2025-09-01 23:45:39.710000,-63.96,-66.495,-3.51,-23.985,-22.815,-5.46,-13.65,3.51,51,360,-880,448
2025-09-01 23:45:39.727000,-28.275,-24.96,40.365,22.425,19.695,36.855,30.03,38.025,51,360,-880,448
2025-09-01 23:45:39.744000,8.58,31.59,99.45,77.22,77.415,93.99,81.705,79.75500000000001,51,358,-898,512
2025-09-01 23:45:39.761000,56.745000000000005,99.255,161.85,149.955,142.74,156.585,140.985,131.43,53,359,-888,512
2025-09-01 23:45:39.778000,40.365,62.010000000000005,131.235,111.345,102.375,119.34,99.06,100.425,56,354,-882,448
2025-09-01 23:45:39.795000,-20.475,-13.65,60.255,26.715,24.18,45.63,23.205,29.25,53,358,-880,512
2025-09-01 23:45:39.803714,-80.535,-96.915,-34.515,-62.205000000000005,-70.395,-45.825,-65.91,-41.73,51,361,-880,448
2025-09-01 23:45:39.812429,-56.55,-63.18,-9.165,-20.28,-17.94,-3.315,-16.965,2.9250000000000003,47,359,-876,512
2025-09-01 23:45:39.821143,-28.86,-21.645,35.1,29.445,30.42,41.535,31.98,37.245000000000005,47,359,-876,512
2025-09-01 23:45:39.829857,7.215,18.135,90.48,76.245,77.22,91.65,85.605,89.895,39,361,-877,512
2025-09-01 23:45:39.838571,55.965,94.38,162.435,142.54500000000002,145.275,148.59,149.37,135.33,47,356,-883,448
2025-09-01 23:45:39.847286,36.075,67.665,126.75,106.47,101.01,113.1,100.62,98.28,50,361,-888,512
2025-09-01 23:45:39.856000,-14.43,-1.95,45.24,25.155,23.985,32.370000000000005,19.5,29.835,53,363,-885,448
2025-09-01 23:45:39.868857,-78.39,-96.72,-40.365,-59.865,-62.595,-53.04,-57.72,-43.29,54,363,-880,448
2025-09-01 23:45:39.881714,-22.23,-44.07,14.625,2.34,8.19,5.8500000000000005,-0.78,8.97,52,366,-887,384
2025-09-01 23:45:39.894571,-51.675,-87.555,-24.375,-38.025,-29.835,-34.32,-38.025,-29.835,36,366,-887,512
2025-09-01 23:45:39.907429,-86.19,-141.765,-78.97500000000001,-87.36,-92.235,-84.825,-87.36,-67.47,46,367,-889,512
2025-09-01 23:45:39.920286,-135.72,-208.845,-157.95000000000002,-161.655,-157.755,-158.535,-159.12,-125.775,49,364,-898,448
2025-09-01 23:45:39.933143,-118.95,-179.4,-128.895,-122.265,-120.705,-117.585,-121.485,-85.995,52,371,-896,512
2025-09-01 23:45:39.946000,-72.735,-108.225,-47.190000000000005,-36.27,-35.295,-30.225,-31.395,-13.65,51,365,-888,512
2025-09-01 23:45:39.954571,-3.9,-22.815,50.115,50.7,52.065000000000005,56.55,59.085,64.155,52,367,-886,512
2025-09-01 23:45:39.963143,-18.72,-55.38,12.48,4.875,4.68,9.945,8.385,13.845,52,362,-878,448
2025-09-01 23:45:39.971714,-43.68,-95.94,-29.445,-32.565,-33.735,-32.175000000000004,-29.055,-22.035,50,363,-876,512
2025-09-01 23:45:39.980286,-80.925,-144.495,-78.97500000000001,-84.825,-92.04,-78.19500000000001,-91.65,-64.155,50,363,-876,512
2025-09-01 23:45:39.988857,-127.53,-214.11,-157.56,-156.78,-160.485,-155.415,-158.925,-120.705,48,369,-888,512
2025-09-01 23:45:39.997429,-108.615,-176.865,-128.505,-117.195,-123.825,-121.095,-119.925,-84.435,47,372,-888,512
2025-09-01 23:45:40.006000,-57.525,-107.25,-36.66,-46.41,-45.24,-33.345,-24.96,-2.73,47,362,-885,448
2025-09-01 23:45:40.027571,11.505,-27.885,49.92,46.41,40.95,57.72,62.010000000000005,65.91,48,362,-881,512
2025-09-01 23:45:40.049143,-38.415,-79.75500000000001,-8.58,-3.705,-4.485,1.17,-2.73,7.800000000000001,48,357,-877,448
2025-09-01 23:45:40.070714,-3.51,-31.59,27.69,40.95,40.365,43.095,36.66,37.05,49,360,-876,512
2025-09-01 23:45:40.092286,36.465,24.18,84.435,95.355,96.525,96.915,90.87,84.63000000000001,49,360,-876,512
2025-09-01 23:45:40.113857,84.435,87.36,158.73000000000002,167.505,165.945,163.8,160.485,143.52,48,360,-862,512
2025-09-01 23:45:40.135429,71.175,58.695,129.675,128.895,125.58,127.53,119.535,107.25,49,357,-868,512
2025-09-01 23:45:40.157000,16.575,-19.11,45.825,56.55,46.605,39.39,31.785,30.42,54,360,-874,512
2025-09-01 23:45:40.169571,-46.995000000000005,-101.205,-54.795,-40.755,-47.775,-54.6,-61.425,-47.190000000000005,51,360,-876,448
2025-09-01 23:45:40.182143,-27.495,-88.72500000000001,-7.800000000000001,-7.800000000000001,-4.68,5.07,-4.875,11.505,50,359,-881,448
2025-09-01 23:45:40.194714,4.485,-44.655,39.195,39.585,31.59,45.63,42.120000000000005,49.725,53,359,-877,448
2025-09-01 23:45:40.207286,39.0,4.68,91.455,91.065,87.36,102.765,96.915,97.89,53,359,-877,448
2025-09-01 23:45:40.219857,92.04,82.095,166.335,163.8,158.925,166.92000000000002,158.925,154.83,57,356,-882,512
2025-09-01 23:45:40.232429,69.81,55.965,138.84,124.8,120.315,124.995,124.605,113.88,49,356,-880,512
2025-09-01 23:45:40.245000,25.155,-17.94,58.305,53.43,36.075,50.895,48.555,48.165,52,357,-880,512
2025-09-01 23:45:40.258000,-39.585,-108.03,-33.93,-38.025,-47.58,-38.805,-45.24,-27.3,49,357,-882,512
2025-09-01 23:45:40.271000,-22.425,-35.49,43.485,15.21,8.19,29.445,27.69,42.9,52,363,-872,384
2025-09-01 23:45:40.284000,-56.745000000000005,-80.145,-2.9250000000000003,-23.205,-39.0,-11.31,-14.82,4.485,51,361,-867,512
2025-09-01 23:45:40.297000,-87.555,-135.525,-62.400000000000006,-81.315,-85.995,-69.22500000000001,-69.42,-47.190000000000005,51,362,-873,448
2025-09-01 23:45:40.310000,-128.505,-198.9,-139.425,-142.155,-150.93,-137.085,-142.54500000000002,-110.955,53,359,-877,448
2025-09-01 23:45:40.323000,-117.78,-171.6,-109.59,-110.76,-115.44,-99.45,-106.275,-77.22,53,359,-877,448
2025-09-01 23:45:40.336000,-64.74000000000001,-100.23,-24.765,-39.975,-41.145,-20.28,-25.74,-2.9250000000000003,51,361,-876,448
2025-09-01 23:45:40.337000,-5.07,-13.065,72.735,54.6,49.53,66.3,67.08,75.855,52,364,-878,512
2025-09-01 23:45:40.352500,-31.005000000000003,-55.575,2.535,0.0,0.975,11.505,8.775,20.865,56,364,-880,448
2025-09-01 23:45:40.368000,-2.9250000000000003,-11.895,46.605,40.17,45.825,51.675,47.190000000000005,56.355,48,362,-874,512
2025-09-01 23:45:40.383500,33.15,40.755,100.62,93.21,98.67,106.47,106.08,101.985,46,365,-879,512
2025-09-01 23:45:40.399000,87.555,112.32,179.4,157.95000000000002,170.04,180.57,178.035,162.63,47,366,-878,448
2025-09-01 23:45:40.414500,70.785,74.685,151.32,134.35500000000002,133.185,143.32500000000002,143.13,122.07,47,366,-878,448
2025-09-01 23:45:40.430000,11.115,-3.315,75.855,51.675,51.48,68.64,60.84,54.6,45,366,-881,448
2025-09-01 23:45:40.442000,-50.895,-87.165,-20.865,-40.95,-40.56,-23.4,-37.05,-28.08,47,366,-883,512
2025-09-01 23:45:40.454000,-12.285,-18.72,31.59,20.475,25.74,23.01,26.130000000000003,17.94,42,366,-885,448
2025-09-01 23:45:40.466000,-44.46,-61.620000000000005,-9.75,-25.935,-22.23,-21.06,-17.16,-22.815,49,372,-886,512
2025-09-01 23:45:40.478000,-83.07000000000001,-121.485,-64.545,-76.635,-79.75500000000001,-64.74000000000001,-71.175,-63.18,42,372,-881,512
2025-09-01 23:45:40.490000,-134.55,-200.46,-139.425,-155.025,-147.81,-150.54,-144.69,-123.825,43,367,-883,512
2025-09-01 23:45:40.502000,-123.045,-169.845,-112.71,-124.215,-114.075,-110.955,-99.84,-93.405,43,367,-883,512
2025-09-01 23:45:40.514000,-68.25,-101.01,-27.3,-42.120000000000005,-29.055,-26.52,-20.085,-18.525,45,368,-885,512
2025-09-01 23:45:40.526857,-1.365,-6.63,69.03,52.260000000000005,56.940000000000005,63.18,66.885,64.35000000000001,46,369,-883,448
2025-09-01 23:45:40.539714,-37.635,-31.59,9.36,-5.46,18.72,-8.97,-38.805,-47.58,46,357,-881,448
2025-09-01 23:45:40.552571,-99.255,-87.36,-56.745000000000005,-47.97,-31.200000000000003,-68.25,-92.43,-97.89,45,362,-874,448
2025-09-01 23:45:40.565429,-154.245,-134.55,-90.09,-113.49,-85.8,-109.98,-100.425,-113.295,44,361,-879,448
2025-09-01 23:45:40.578286,-359.97,-226.785,-197.535,-312.975,-199.485,-208.26,-242.775,-248.43,48,359,-878,512
2025-09-01 23:45:40.591143,-266.955,-197.34,-151.71,-205.92,-135.135,-162.24,-153.27,-162.82500000000002,48,359,-878,512
2025-09-01 23:45:40.604000,-168.48000000000002,-125.775,-46.41,-116.415,-79.36500000000001,-54.405,-36.075,-42.705,50,365,-891,512
2025-09-01 23:45:40.617000,-139.62,-57.525,50.31,-49.725,0.975,40.56,58.5,27.69,47,366,-884,512
2025-09-01 23:45:40.630000,-406.575,-320.77500000000003,-314.14500000000004,-494.325,-352.17,-284.31,-418.86,-301.665,48,365,-887,512
2025-09-01 23:45:40.643000,-399.555,-281.19,-262.665,-439.92,-314.14500000000004,-229.71,-385.71,-259.74,47,360,-889,448
2025-09-01 23:45:40.656000,-456.105,-262.86,-206.31,-439.335,-281.58,-179.4,-317.65500000000003,-223.86,46,364,-886,384
2025-09-01 23:45:40.669000,-198.9,-128.115,-205.53,-279.435,-162.04500000000002,-193.05,-359.58,-291.915,45,366,-884,576
2025-09-01 23:45:40.682000,-236.34,-151.32,-252.525,-281.97,-181.545,-245.115,-401.505,-307.71000000000004,45,366,-884,576
2025-09-01 23:45:40.695000,-243.36,-229.905,-274.95,-345.93,-258.57,-263.055,-407.94,-298.74,40,359,-883,448
2025-09-01 23:45:40.708000,-316.095,-321.555,-328.77000000000004,-455.52,-352.365,-313.365,-427.44,-315.90000000000003,37,367,-893,448
2025-09-01 23:45:40.721000,-161.265,-222.69,-273.195,-301.47,-248.04,-248.625,-351.195,-264.81,52,368,-886,448
2025-09-01 23:45:40.734000,-240.825,-296.205,-278.46000000000004,-399.945,-311.61,-256.23,-334.035,-246.48,52,368,-886,448
2025-09-01 23:45:40.747000,-127.14,-308.49,-347.1,-366.405,-317.265,-327.99,-437.19,-327.795,50,370,-888,448
2025-09-01 23:45:40.760000,-279.825,-398.775,-426.465,-513.63,-421.785,-393.12,-498.81,-382.785,51,367,-884,512
2025-09-01 23:45:40.773000,-232.635,-368.94,-390.39,-438.945,-375.96,-352.95,-436.995,-336.18,51,367,-884,512
2025-09-01 23:45:40.786000,-244.335,-310.83,-314.535,-436.215,-320.19,-275.73,-375.18,-275.73,51,360,-882,448
2025-09-01 23:45:40.799000,-119.145,-203.58,-243.165,-246.675,-195.195,-206.7,-344.955,-253.11,48,364,-876,512
2025-09-01 23:45:40.812000,-53.04,-157.17000000000002,-198.51,-212.745,-154.83,-177.84,-269.295,-198.12,51,366,-880,512
2025-09-01 23:45:40.825000,-87.165,-199.875,-244.92,-261.885,-197.34,-223.665,-311.805,-234.975,49,366,-880,512
2025-09-01 23:45:40.838000,-117.195,-245.7,-299.13,-306.54,-247.455,-275.73,-361.92,-276.51,48,365,-879,448
2025-09-01 23:45:40.851000,-158.145,-311.61,-363.48,-362.115,-300.885,-341.055,-424.32,-321.555,48,367,-880,448
2025-09-01 23:45:40.864000,-144.885,-288.015,-326.04,-331.695,-268.32,-296.985,-371.085,-278.07,48,366,-883,512
2025-09-01 23:45:40.877000,-89.11500000000001,-215.67,-242.19,-253.11,-190.905,-207.09,-284.31,-211.77,48,366,-883,512
2025-09-01 23:45:40.889286,-14.235,-110.565,-142.35,-147.615,-88.72500000000001,-111.735,-187.59,-119.925,46,360,-878,448
2025-09-01 23:45:40.901571,89.11500000000001,-32.175000000000004,-73.515,45.045,35.49,-48.945,-67.47,-31.200000000000003,46,363,-880,448
2025-09-01 23:45:40.913857,123.24,7.995,-32.175000000000004,97.11,78.97500000000001,-11.31,-26.91,3.51,46,363,-880,448
2025-09-01 23:45:40.926143,171.99,66.105,20.67,156.0,135.525,39.39,24.18,46.215,48,363,-893,448
2025-09-01 23:45:40.938429,219.57,144.885,97.695,231.855,211.77,113.685,87.555,106.665,53,362,-885,512
2025-09-01 23:45:40.950714,210.99,119.925,72.345,209.04,185.64,75.855,52.065000000000005,64.935,51,363,-880,512
2025-09-01 23:45:40.963000,165.945,53.82,-12.675,131.04,109.98,-8.19,-32.175000000000004,-6.24,51,363,-880,512
2025-09-01 23:45:40.972286,104.52,-37.635,-102.18,49.14,21.255,-91.65,-113.1,-80.73,44,366,-879,512
2025-09-01 23:45:40.981571,142.935,35.685,-8.385,171.6,131.04,14.235,29.25,37.245000000000005,47,362,-874,448
2025-09-01 23:45:40.990857,178.035,83.07000000000001,47.775,218.595,173.16,66.105,76.635,78.19500000000001,47,362,-874,448
2025-09-01 23:45:41.000143,218.205,136.11,110.175,276.90000000000003,230.88,124.02,128.70000000000002,130.845,43,361,-867,448
2025-09-01 23:45:41.009429,271.635,216.06,180.57,363.675,312.0,192.66,207.09,186.81,45,364,-871,512
2025-09-01 23:45:41.018714,257.79,196.95,155.61,330.915,283.92,155.61,176.085,160.875,48,365,-875,448
2025-09-01 23:45:41.028000,213.525,131.04,72.345,254.085,216.255,78.58500000000001,95.94,87.94500000000001,48,365,-875,448
2025-09-01 23:45:41.028333,149.955,45.63,-10.725,168.285,122.265,-7.800000000000001,9.945,16.185000000000002,44,363,-861,512
2025-09-01 23:45:41.028667,193.05,153.27,134.35500000000002,283.14,229.905,117.195,165.36,140.4,44,367,-882,448
2025-09-01 23:45:41.029000,156.0,98.865,90.48,237.51,180.765,72.54,125.19,109.59,44,367,-882,448
2025-09-01 23:45:41.050750,111.93,43.29,43.095,183.105,118.95,20.67,75.27,66.69,42,372,-887,448
2025-09-01 23:45:41.072500,61.035,-30.81,-34.71,92.235,41.145,-50.895,10.725,7.605,42,369,-886,448
2025-09-01 23:45:41.094250,69.81,-15.21,-15.21,113.88,70.2,-16.185000000000002,40.755,39.0,42,369,-880,448
2025-09-01 23:45:41.116000,113.295,62.985,53.82,206.7,150.735,61.035,121.68,101.79,45,368,-889,512
2025-09-01 23:45:41.124571,185.64,159.315,162.04500000000002,294.84000000000003,248.235,157.755,216.84,189.345,47,368,-880,512
2025-09-01 23:45:41.133143,102.18,95.355,113.49,196.95,165.555,101.595,164.19,137.865,47,373,-883,448
2025-09-01 23:45:41.141714,124.215,134.94,161.46,235.95,208.065,148.98000000000002,204.75,171.79500000000002,47,373,-883,448
2025-09-01 23:45:41.150286,164.38500000000002,178.62,213.915,288.40500000000003,259.545,196.755,259.74,217.62,48,364,-882,448
2025-09-01 23:45:41.158857,219.96,253.11,288.40500000000003,359.97,338.71500000000003,267.15000000000003,331.305,277.29,41,366,-888,512
2025-09-01 23:45:41.167429,201.825,235.95,270.855,339.105,314.34000000000003,236.145,299.91,240.825,37,369,-881,512
2025-09-01 23:45:41.176000,149.175,164.775,191.1,252.915,229.515,157.95000000000002,208.065,167.115,42,366,-876,512
2025-09-01 23:45:41.188714,87.75,75.855,100.035,162.82500000000002,141.96,62.595,126.945,94.185,46,371,-872,512
2025-09-01 23:45:41.201429,100.62,134.16,167.505,169.455,156.0,114.27,173.16,134.745,47,363,-881,448
2025-09-01 23:45:41.214143,70.98,88.72500000000001,119.535,123.825,106.47,70.98,130.65,102.57,47,363,-881,512
2025-09-01 23:45:41.226857,28.665000000000003,31.005000000000003,63.57,66.105,53.04,24.765,73.32000000000001,48.555,48,363,-866,512
2025-09-01 23:45:41.239571,-22.23,-35.685,-13.065,-1.56,-17.55,-54.99,-1.365,-15.6,52,370,-874,512
2025-09-01 23:45:41.252286,-17.94,-19.11,8.97,18.72,7.41,-24.96,31.98,12.48,43,370,-883,448
2025-09-01 23:45:41.265000,26.91,63.57,87.94500000000001,92.04,89.50500000000001,51.285,110.565,83.85000000000001,46,368,-882,512
2025-09-01 23:45:41.265250,97.305,154.63500000000002,186.81,185.835,183.69,149.76,201.045,165.165,47,364,-881,448
2025-09-01 23:45:41.265500,52.065000000000005,110.565,170.43,132.015,123.24,120.705,120.9,143.715,43,364,-878,512
2025-09-01 23:45:41.265750,18.525,73.32000000000001,119.73,81.9,75.27,78.78,47.385000000000005,107.835,46,362,-879,448
2025-09-01 23:45:41.266000,-21.255,17.94,70.785,39.78,21.45,29.835,77.415,33.735,46,362,-879,448
2025-09-01 23:45:41.286333,-77.61,-54.015,-4.095,-45.045,-58.11,-52.65,1.56,-4.875,43,363,-867,512
2025-09-01 23:45:41.306667,-68.83500000000001,-31.98,22.035,-25.935,-26.130000000000003,-16.575,31.785,21.255,53,357,-870,448
2025-09-01 23:45:41.327000,-13.26,31.395,95.355,55.965,51.675,56.355,107.055,87.75,48,360,-873,512
2025-09-01 23:45:41.339714,53.43,107.835,187.2,156.195,142.155,151.905,200.46,165.75,48,359,-874,448
2025-09-01 23:45:41.352429,-14.04,42.705,118.365,59.67,53.625,80.145,139.23000000000002,110.175,48,367,-876,512
2025-09-01 23:45:41.365143,17.94,88.33500000000001,170.235,108.03,99.84,127.92,177.84,144.69,46,366,-879,448
2025-09-01 23:45:41.377857,52.65,139.815,228.15,148.20000000000002,150.93,185.055,232.44,205.335,46,366,-879,448
2025-09-01 23:45:41.390571,103.74,216.06,302.64,229.32,221.91,257.205,314.14500000000004,234.585,47,365,-866,512
2025-09-01 23:45:41.403286,91.065,195.39,279.825,210.21,195.975,225.615,273.0,210.6,52,360,-875,448
2025-09-01 23:45:41.416000,42.9,130.845,199.485,128.505,126.945,147.225,175.695,146.25,49,360,-875,448
2025-09-01 23:45:41.433143,-18.33,31.785,102.765,18.72,21.84,50.895,88.14,67.86,50,363,-876,448
2025-09-01 23:45:41.450286,-32.76,44.265,108.615,37.44,39.975,67.275,107.25,80.73,54,366,-888,448
2025-09-01 23:45:41.467429,-3.51,89.11500000000001,153.85500000000002,69.61500000000001,78.19500000000001,115.44,152.49,122.07,51,365,-885,448
2025-09-01 23:45:41.484571,49.53,139.23000000000002,211.965,146.25,133.57500000000002,169.065,206.31,172.965,51,365,-885,448
2025-09-01 23:45:41.501714,91.845,212.16,287.235,220.935,211.77,246.09,280.8,228.93,54,367,-884,512
2025-09-01 23:45:41.518857,85.02,194.805,269.49,194.025,187.395,215.865,251.355,203.385,49,365,-881,512
2025-09-01 23:45:41.536000,36.075,125.775,190.71,117.0,103.935,129.48000000000002,168.09,131.43,48,366,-879,512
2025-09-01 23:45:41.548714,-33.735,33.345,88.33500000000001,15.99,7.0200000000000005,38.61,70.59,50.31,47,365,-878,512
2025-09-01 23:45:41.561429,13.65,95.55,134.35500000000002,56.55,56.940000000000005,73.125,106.86,75.66,38,364,-869,448
2025-09-01 23:45:41.574143,-23.01,38.805,84.63000000000001,-2.73,6.63,33.345,66.885,42.120000000000005,43,362,-876,512
2025-09-01 23:45:41.586857,-60.45,-17.55,34.32,-44.265,-54.21,-23.79,11.31,-2.535,41,358,-877,448
2025-09-01 23:45:41.599571,-120.705,-88.33500000000001,-42.9,-128.70000000000002,-125.385,-87.94500000000001,-68.055,-74.295,42,359,-881,512
2025-09-01 23:45:41.612286,-105.885,-71.37,-19.11,-113.1,-100.425,-54.405,-32.955,-40.17,42,359,-881,512
2025-09-01 23:45:41.625000,-63.375,-15.015,56.940000000000005,-34.71,-27.3,18.915,46.8,31.98,48,357,-880,512
2025-09-01 23:45:41.637714,-6.63,78.97500000000001,159.315,57.525,70.2,118.755,147.42000000000002,122.46,43,363,-878,512
2025-09-01 23:45:41.650429,-6.63,98.475,141.57,26.91,29.64,79.36500000000001,107.25,87.94500000000001,47,357,-880,448
2025-09-01 23:45:41.663143,-43.29,54.015,89.31,-11.115,-15.015,34.32,62.205000000000005,50.505,43,357,-884,512
2025-09-01 23:45:41.675857,-83.85000000000001,6.24,31.785,-57.330000000000005,-64.935,-23.595,9.165,-2.535,47,360,-882,448
2025-09-01 23:45:41.688571,-133.57500000000002,-68.64,-50.505,-132.015,-136.305,-92.04,-70.005,-61.425,46,359,-878,384
2025-09-01 23:45:41.701286,-125.775,-51.285,-32.565,-109.785,-117.585,-66.3,-40.56,-35.685,46,359,-878,384
2025-09-01 23:45:41.714000,-78.39,25.155,45.24,-38.025,-32.955,7.995,38.415,31.005000000000003,41,357,-877,512
2025-09-01 23:45:41.723143,-15.795,112.515,134.745,55.38,54.795,104.91,128.895,108.81,47,356,-874,512
2025-09-01 23:45:41.732286,-45.24,59.085,59.28,-14.04,-12.675,22.62,45.045,35.295,49,358,-880,448
2025-09-01 23:45:41.741429,-13.26,105.495,101.79,29.64,29.25,69.61500000000001,87.75,75.27,42,356,-869,448
2025-09-01 23:45:41.750571,28.86,153.85500000000002,161.655,75.66,82.095,127.53,148.395,127.335,47,358,-874,448
2025-09-01 23:45:41.759714,81.9,227.955,240.435,163.60500000000002,156.585,198.315,219.375,185.445,50,360,-880,512
2025-09-01 23:45:41.768857,65.52,215.085,218.595,142.35,137.28,168.48000000000002,190.71,153.85500000000002,50,360,-880,512
2025-09-01 23:45:41.778000,20.67,144.885,146.445,66.3,59.67,97.89,117.39,94.965,50,362,-879,448
2025-09-01 23:45:41.778333,-51.09,56.16,41.34,-40.95,-41.145,1.365,22.62,8.385,47,362,-879,384
2025-09-01 23:45:41.778667,0.39,102.96,91.65,33.735,30.225,49.53,75.465,46.41,54,357,-880,448
2025-09-01 23:45:41.779000,-31.59,53.235,39.78,-12.87,-17.745,3.12,23.595,8.97,47,362,-877,448
2025-09-01 23:45:41.779333,-68.055,2.535,-17.16,-67.47,-67.86,-51.48,-32.955,-47.775,46,361,-879,448
2025-09-01 23:45:41.779667,-119.145,-75.465,-92.82,-160.095,-152.1,-130.455,-107.055,-110.565,47,363,-879,512
2025-09-01 23:45:41.780000,-118.755,-59.28,-72.345,-132.015,-129.09,-100.815,-75.075,-74.295,47,363,-879,512
2025-09-01 23:45:41.865000,-73.125,6.4350000000000005,2.73,-58.305,-53.235,-15.405,5.655,-7.995,45,369,-870,448
2025-09-01 23:45:41.874143,7.215,106.86,100.815,46.995000000000005,43.485,75.075,98.475,71.175,45,363,-876,448
2025-09-01 23:45:41.883286,-27.3,52.65,23.01,-18.915,-15.405,7.0200000000000005,32.565,15.015,46,370,-880,384
2025-09-01 23:45:41.892429,12.285,100.815,74.685,29.64,31.200000000000003,56.355,76.245,51.870000000000005,46,370,-880,384
2025-09-01 23:45:41.901571,50.7,152.49,137.475,91.65,92.82,108.03,134.55,106.275,45,369,-880,512
2025-09-01 23:45:41.910714,109.98,224.64,221.325,161.07,168.285,192.66,210.015,172.57500000000002,43,369,-880,448
2025-09-01 23:45:41.919857,100.035,210.99,199.095,149.175,142.935,165.36,184.275,142.155,43,369,-880,448
2025-09-01 23:45:41.929000,54.99,136.5,130.455,78.58500000000001,70.2,96.135,108.225,79.36500000000001,53,362,-882,448
2025-09-01 23:45:41.941286,-15.405,50.505,24.57,-22.035,-29.64,-13.065,13.065,6.045,46,367,-887,512
2025-09-01 23:45:41.953571,26.130000000000003,89.895,73.905,34.71,23.4,46.41,62.010000000000005,33.345,44,368,-866,512
2025-09-01 23:45:41.965857,-13.65,39.78,24.57,-18.915,-20.67,-6.045,17.745,-8.97,45,368,-878,512
2025-09-01 23:45:41.978143,-49.92,-14.625,-36.66,-72.93,-77.025,-58.89,-45.24,-56.355,44,368,-878,448
2025-09-01 23:45:41.990429,-90.285,-86.775,-115.245,-151.71,-151.71,-133.38,-118.17,-120.12,45,368,-883,448
2025-09-01 23:45:42.002714,-94.38,-73.905,-102.375,-123.825,-130.455,-108.615,-96.33,-93.99,46,371,-881,448
2025-09-01 23:45:42.015000,-48.36,-3.51,-29.055,-52.065000000000005,-54.015,-33.54,-17.94,-27.105,46,371,-881,448
2025-09-01 23:45:42.015200,22.425,79.36500000000001,77.025,35.49,41.925,66.885,75.66,55.185,51,371,-878,512
2025-09-01 23:45:42.015400,-0.585,-2.34,19.89,-3.12,-8.58,8.97,31.200000000000003,11.505,49,365,-879,448
2025-09-01 23:45:42.015600,33.735,46.995000000000005,67.665,40.95,35.1,56.745000000000005,77.025,52.260000000000005,49,365,-879,448
2025-09-01 23:45:42.015800,72.345,101.205,127.725,102.18,94.185,116.22,128.70000000000002,104.13,48,360,-880,448
2025-09-01 23:45:42.016000,126.165,176.865,203.58,186.03,174.525,194.805,202.995,164.38500000000002,48,360,-882,512
2025-09-01 23:45:42.062000,118.365,167.31,186.42,158.535,146.835,166.725,176.085,135.915,51,359,-883,512
2025-09-01 23:45:42.108000,68.64,96.915,103.545,84.825,68.64,90.48,100.815,60.84,51,359,-883,512
2025-09-01 23:45:42.120429,0.39,-3.9,11.31,-15.21,-28.47,-2.73,0.78,-15.405,60,360,-871,448
2025-09-01 23:45:42.132857,51.675,62.205000000000005,69.61500000000001,49.725,38.61,62.010000000000005,55.965,34.905,47,363,-867,448
2025-09-01 23:45:42.145286,19.695,14.625,13.65,1.755,-10.335,13.455,14.04,-4.485,47,363,-867,448
2025-09-01 23:45:42.157714,-18.915,-34.905,-40.365,-63.765,-70.59,-37.245000000000005,-39.585,-48.36,48,366,-857,448
2025-09-01 23:45:42.170143,-67.08,-104.13,-124.02,-132.405,-143.91,-130.65,-116.805,-118.95,48,365,-865,512
2025-09-01 23:45:42.182571,-63.765,-93.015,-111.345,-113.295,-120.9,-103.155,-91.26,-96.915,48,366,-868,448
2025-09-01 23:45:42.195000,-18.915,-27.105,-28.275,-42.315000000000005,-51.09,-23.4,-13.845,-24.96,48,366,-868,448
2025-09-01 23:45:42.203571,42.9,69.42,60.255,46.215,44.265,72.54,78.0,54.015,49,364,-865,448
2025-09-01 23:45:42.212143,59.475,70.2,47.775,53.235,41.34,49.335,47.190000000000005,-8.19,51,370,-886,512
2025-09-01 23:45:42.220714,15.015,19.695,-4.29,-6.4350000000000005,-14.82,-1.56,-0.195,-50.7,51,370,-886,512
2025-09-01 23:45:42.229286,-36.66,-40.17,-55.575,-72.93,-79.36500000000001,-53.82,-55.575,-101.01,50,373,-894,448
2025-09-01 23:45:42.237857,-85.02,-119.925,-130.065,-153.66,-155.61,-127.92,-124.605,-165.165,49,372,-888,512
2025-09-01 23:45:42.246429,-72.15,-108.03,-116.415,-126.945,-128.31,-106.47,-98.865,-146.055,49,372,-885,448
2025-09-01 23:45:42.255000,-15.21,-29.445,-46.605,-46.215,-45.435,-27.69,-23.985,-91.65,51,374,-889,512
2025-09-01 23:45:42.268000,42.315000000000005,59.865,46.215,44.265,46.8,60.06,66.495,-24.18,51,375,-887,384
2025-09-01 23:45:42.281000,0.39,-9.75,-14.625,-19.11,-21.06,4.29,2.73,-76.245,52,371,-884,448
2025-09-01 23:45:42.294000,32.565,40.755,36.27,34.905,28.86,47.190000000000005,51.675,-38.61,52,371,-884,448
2025-09-01 23:45:42.307000,77.61,99.645,85.605,93.015,87.555,99.255,109.785,8.97,45,371,-883,448
2025-09-01 23:45:42.320000,127.53,164.38500000000002,162.82500000000002,168.675,162.82500000000002,174.525,185.445,72.345,46,365,-885,512
2025-09-01 23:45:42.333000,127.335,153.66,150.735,149.37,138.45000000000002,152.49,162.82500000000002,49.725,50,365,-878,512
2025-09-01 23:45:42.346000,80.535,92.43,78.39,69.81,75.465,75.075,84.435,-13.65,52,367,-881,448
2025-09-01 23:45:42.358714,8.97,5.265000000000001,-15.015,-20.28,-20.475,-15.795,-7.215,-91.26,54,367,-879,512
2025-09-01 23:45:42.371429,29.835,32.955,14.82,20.28,19.305,35.295,38.61,-20.865,42,361,-870,512
2025-09-01 23:45:42.384143,58.89,85.605,67.86,67.08,68.25,79.75500000000001,82.68,24.375,42,361,-870,512
2025-09-01 23:45:42.396857,108.615,145.47,120.9,125.97,127.335,132.015,142.35,62.985,46,362,-875,512
2025-09-01 23:45:42.409571,168.675,217.035,198.315,213.33,213.72,207.87,216.645,131.235,42,364,-882,512
2025-09-01 23:45:42.422286,165.555,211.38,183.495,200.265,194.805,185.64,189.93,107.055,39,368,-870,448
2025-09-01 23:45:42.435000,113.1,136.305,119.34,115.05,111.93,124.605,121.095,49.92,43,364,-876,512
2025-09-01 23:45:42.435167,41.34,44.07,20.475,19.89,9.945,22.425,24.765,-38.61,42,360,-877,448
2025-09-01 23:45:42.435333,180.18,114.27,89.895,102.375,85.41,95.55,89.50500000000001,36.855,46,362,-882,512
2025-09-01 23:45:42.435500,147.81,67.275,40.56,49.14,37.635,42.9,41.73,-1.365,47,364,-880,448
2025-09-01 23:45:42.435667,105.885,11.505,-21.06,-10.14,-18.915,-14.82,-9.75,-45.045,47,364,-880,448
2025-09-01 23:45:42.435833,54.6,-60.255,-94.185,-88.92,-96.72,-88.72500000000001,-85.605,-117.585,44,368,-885,512
2025-09-01 23:45:42.436000,54.795,-51.870000000000005,-78.78,-72.345,-78.0,-73.515,-62.010000000000005,-90.48,46,362,-874,512
2025-09-01 23:45:42.560000,103.935,21.255,-13.065,5.46,1.17,6.045,10.14,-25.74,46,362,-877,448
2025-09-01 23:45:42.572000,169.065,116.61,89.895,103.74,98.67,109.005,108.225,56.355,47,364,-875,448
2025-09-01 23:45:42.584000,172.38,112.905,94.185,92.625,74.685,85.215,89.895,36.855,49,364,-880,512
2025-09-01 23:45:42.596000,133.77,60.06,44.07,44.265,30.615,38.61,40.17,4.485,50,361,-881,384
2025-09-01 23:45:42.608000,93.6,-3.12,-9.165,-15.21,-33.345,-8.775,-9.75,-45.435,50,361,-881,384
2025-09-01 23:45:42.620000,38.805,-79.17,-90.87,-96.915,-105.495,-87.36,-90.285,-108.03,49,360,-891,448
2025-09-01 23:45:42.632000,43.29,-75.075,-78.19500000000001,-76.83,-89.11500000000001,-73.905,-62.400000000000006,-86.58,55,360,-893,448
2025-09-01 23:45:42.644000,95.745,0.975,-10.14,-9.945,-13.65,2.145,10.335,-24.18,53,362,-884,448
2025-09-01 23:45:42.644333,157.56,87.94500000000001,91.455,103.74,79.56,101.79,112.125,57.915,53,363,-879,448
2025-09-01 23:45:42.644667,82.485,-1.17,17.355,17.745,-6.825,14.235,25.74,3.12,49,362,-879,512
2025-09-01 23:45:42.645000,112.32,34.71,66.3,65.715,42.315000000000005,60.45,68.25,44.655,52,363,-876,448
2025-09-01 23:45:42.659750,149.37,91.845,124.605,125.97,100.62,126.945,126.36,97.695,52,363,-876,448
2025-09-01 23:45:42.674500,200.655,162.24,206.115,203.58,174.525,201.63,211.575,161.07,54,362,-889,448
2025-09-01 23:45:42.689250,195.195,158.34,194.22,186.81,157.755,183.3,191.1,144.10500000000002,53,370,-873,448
2025-09-01 23:45:42.704000,156.585,90.48,114.855,114.075,82.095,101.79,115.635,72.735,51,368,-873,512
2025-09-01 23:45:42.705000,83.655,-2.145,15.015,14.04,-19.5,1.95,12.87,-11.505,53,367,-872,448
2025-09-01 23:45:42.720000,79.17,21.06,52.65,51.870000000000005,31.395,39.585,50.895,17.16,47,370,-884,512
2025-09-01 23:45:42.735000,36.855,-33.15,9.165,1.17,-22.23,-0.39,1.56,-18.33,42,368,-889,512
2025-09-01 23:45:42.750000,-4.485,-85.41,-47.190000000000005,-59.67,-80.925,-58.305,-54.015,-68.25,42,367,-889,512
2025-09-01 23:45:42.765000,-60.645,-166.725,-129.87,-135.72,-158.145,-134.16,-128.505,-136.695,40,375,-883,512
2025-09-01 23:45:42.780000,-59.475,-157.365,-124.41,-121.875,-145.86,-117.78,-110.76,-114.855,40,375,-883,512
2025-09-01 23:45:42.795000,-10.92,-85.8,-43.29,-50.895,-67.08,-37.635,-37.44,-49.725,38,371,-882,448
2025-09-01 23:45:42.803571,58.5,15.795,53.625,46.995000000000005,29.445,44.85,62.010000000000005,31.395,43,371,-882,448
2025-09-01 23:45:42.812143,-71.37,-110.37,-44.265,-71.175,-88.14,-25.155,-49.53,-35.685,56,356,-881,512
2025-09-01 23:45:42.820714,-38.805,-63.375,8.58,-34.515,-44.265,30.81,-3.705,5.46,51,357,-873,384
2025-09-01 23:45:42.829286,-15.21,-12.675,69.22500000000001,10.335,4.68,89.50500000000001,51.09,47.775,50,358,-875,512
2025-09-01 23:45:42.837857,41.34,60.45,131.43,91.26,89.11500000000001,144.10500000000002,121.875,106.08,47,360,-874,512
2025-09-01 23:45:42.846429,30.225,48.945,122.655,84.63000000000001,65.91,127.335,100.425,81.51,47,360,-874,512
2025-09-01 23:45:42.855000,-32.175000000000004,-26.325,42.51,-9.165,-20.28,43.68,16.77,8.97,44,359,-868,512
2025-09-01 23:45:42.868143,-108.42,-126.165,-56.55,-116.025,-123.63,-47.775,-87.75,-64.155,46,359,-868,448
2025-09-01 23:45:42.881286,-189.345,-189.93,-51.09,-158.34,-166.53,-10.335,-107.64,-23.01,41,358,-880,448
2025-09-01 23:45:42.894429,-164.19,-146.25,5.655,-102.96,-116.415,40.56,-54.795,16.185000000000002,37,364,-871,512
2025-09-01 23:45:42.907571,-119.73,-82.68,59.085,-32.76,-46.41,98.28,-4.29,62.985,40,364,-874,448
2025-09-01 23:45:42.920714,-75.27,-9.555,146.055,43.095,31.785,181.35,79.95,143.52,43,365,-875,448
2025-09-01 23:45:42.933857,-66.885,-4.29,134.94,44.655,24.375,161.46,56.355,117.195,43,365,-875,448
2025-09-01 23:45:42.947000,-112.125,-81.12,73.32000000000001,-31.98,-53.43,99.06,-5.655,61.815000000000005,36,369,-863,512
2025-09-01 23:45:42.964000,-177.645,-166.725,-25.35,-131.04,-148.395,0.975,-101.205,-18.33,39,369,-869,512
2025-09-01 23:45:42.981000,-34.515,-28.08,105.495,34.515,4.29,112.515,49.14,94.965,46,381,-867,448
2025-09-01 23:45:42.998000,-72.735,-82.29,51.09,-20.28,-53.43,62.595,5.46,51.09,49,378,-883,512
2025-09-01 23:45:43.015000,-116.415,-134.745,-5.265000000000001,-81.12,-107.055,7.995,-50.505,-1.17,49,376,-879,512
2025-09-01 23:45:43.032000,-158.34,-214.305,-89.11500000000001,-154.245,-182.715,-80.925,-135.525,-66.3,50,376,-879,512
2025-09-01 23:45:43.049000,-162.82500000000002,-209.625,-85.02,-141.57,-168.285,-62.400000000000006,-110.76,-41.925,50,376,-879,512
2025-09-01 23:45:43.066000,-109.395,-133.38,-6.63,-68.44500000000001,-86.19,15.99,-38.025,14.04,44,375,-880,512
2025-09-01 23:45:43.078571,-39.78,-39.585,95.16,37.635,10.53,119.145,62.985,106.47,46,376,-880,448
2025-09-01 23:45:43.091143,-56.55,-68.64,36.27,-28.47,-42.51,43.875,13.065,55.575,49,364,-879,448
2025-09-01 23:45:43.103714,-22.62,-16.575,86.58,23.595,13.65,96.33,63.18,93.6,42,370,-883,448
2025-09-01 23:45:43.116286,33.735,51.09,139.23000000000002,95.745,80.73,143.715,106.86,135.135,42,369,-880,512
2025-09-01 23:45:43.128857,94.38,133.57500000000002,220.155,171.79500000000002,159.51000000000002,222.495,192.075,205.92,42,369,-881,512
2025-09-01 23:45:43.141429,86.97,129.09,212.745,165.165,147.03,205.725,178.035,185.64,42,369,-881,512
2025-09-01 23:45:43.154000,36.27,58.89,145.08,88.33500000000001,67.47,133.38,104.13,124.8,30,368,-881,448
2025-09-01 23:45:43.167000,-19.305,-33.345,36.27,3.705,-27.3,26.130000000000003,-2.145,31.98,39,366,-882,448
2025-09-01 23:45:43.180000,-24.765,-36.075,23.595,-7.605,-31.200000000000003,19.5,-2.34,43.29,48,365,-874,512
2025-09-01 23:45:43.193000,9.36,10.335,76.635,42.51,10.335,69.42,52.065000000000005,81.9,48,365,-874,512
2025-09-01 23:45:43.206000,31.395,54.99,131.82,79.95,55.965,125.385,109.59,133.965,46,366,-877,512
2025-09-01 23:45:43.219000,96.525,146.25,204.165,170.82,148.395,198.315,180.18,195.975,44,367,-872,448
2025-09-01 23:45:43.232000,107.835,136.11,196.365,151.32,134.55,182.325,163.215,172.965,44,367,-872,704
2025-09-01 23:45:43.245000,54.015,64.74000000000001,131.43,77.61,55.575,114.27,94.77,115.83,46,362,-881,512
2025-09-01 23:45:43.245167,-25.545,-29.055,25.935,-19.5,-43.095,13.26,-13.65,27.69,47,365,-875,448
2025-09-01 23:45:43.245333,66.105,25.35,56.355,41.535,23.01,45.825,57.525,18.33,40,369,-878,448
2025-09-01 23:45:43.245500,32.565,-27.105,9.36,-10.14,-23.79,-4.68,10.725,-9.36,40,369,-878,448
2025-09-01 23:45:43.245667,-0.975,-77.025,-49.53,-64.545,-71.76,-63.18,-55.77,-46.215,40,369,-878,512
2025-09-01 23:45:43.245833,-52.065000000000005,-101.4,-127.14,-157.365,-163.215,-138.06,-137.085,-115.635,42,369,-881,448
2025-09-01 23:45:43.246000,-63.96,-67.08,-122.265,-159.315,-153.85500000000002,-128.895,-127.53,-95.745,47,372,-879,512
2025-09-01 23:45:43.306000,-22.815,-1.56,-46.02,-97.305,-79.36500000000001,-44.655,-45.825,-25.155,47,372,-879,512
2025-09-01 23:45:43.306250,56.940000000000005,100.035,60.06,15.6,22.23,61.815000000000005,62.985,64.935,38,369,-879,512
2025-09-01 23:45:43.306500,52.065000000000005,81.9,51.285,29.25,35.88,42.315000000000005,48.555,46.215,47,373,-878,448
2025-09-01 23:45:43.306750,24.57,31.785,-3.12,-15.405,-17.745,-14.04,-1.56,-3.315,47,373,-878,448
2025-09-01 23:45:43.307000,-15.21,-29.445,-65.325,-70.98,-80.34,-77.415,-72.345,-62.595,50,373,-882,448
2025-09-01 23:45:43.346667,-64.935,-92.43,-147.42000000000002,-159.51000000000002,-157.365,-153.66,-157.365,-125.58,49,372,-880,512
2025-09-01 23:45:43.386333,-76.05,-95.355,-144.69,-151.515,-150.93,-128.115,-140.01,-102.375,45,370,-880,448
2025-09-01 23:45:43.426000,-40.56,-37.635,-65.52,-88.53,-78.58500000000001,-53.43,-53.82,-32.370000000000005,45,370,-880,448
2025-09-01 23:45:43.426200,34.32,52.845,26.91,30.42,26.715,33.54,-25.545,46.8,46,365,-877,512
2025-09-01 23:45:43.426400,30.42,39.585,16.77,36.465,29.835,12.48,31.395,20.865,54,372,-876,448
2025-09-01 23:45:43.426600,-12.675,-7.41,-37.44,-14.235,-15.795,-38.415,-26.91,-26.52,54,372,-876,448
2025-09-01 23:45:43.426800,-45.63,-63.375,-96.525,-75.465,-75.855,-94.77,-92.235,-78.58500000000001,56,371,-891,448
2025-09-01 23:45:43.427000,-107.64,-148.20000000000002,-177.255,-171.79500000000002,-162.04500000000002,-185.64,-164.97,-151.125,51,373,-883,512
2025-09-01 23:45:43.472500,-109.98,-140.4,-178.62,-160.29,-149.37,-174.13500000000002,-157.365,-135.72,52,369,-876,512
2025-09-01 23:45:43.518000,-45.045,-57.915,-101.4,-68.44500000000001,-62.205000000000005,-87.36,-82.29,-70.785,52,370,-876,512
2025-09-01 23:45:43.526286,23.79,26.91,-2.34,43.095,41.925,2.34,19.695,7.41,52,373,-879,512
2025-09-01 23:45:43.534571,-38.415,-70.59,-80.145,-66.885,-49.335,-90.48,-37.635,-54.405,41,381,-882,512
2025-09-01 23:45:43.542857,-12.285,-15.6,-23.4,-9.75,0.975,-33.345,11.31,-7.215,41,381,-882,512
2025-09-01 23:45:43.551143,23.985,39.975,41.925,50.895,67.275,18.33,70.98,50.115,41,383,-883,512
2025-09-01 23:45:43.559429,81.705,106.86,114.27,126.555,138.255,108.42,157.755,91.26,42,382,-882,512
2025-09-01 23:45:43.567714,84.24000000000001,102.57,111.735,116.22,126.36,90.87,121.68,77.61,42,380,-890,448
2025-09-01 23:45:43.576000,31.005000000000003,41.73,34.905,45.045,46.41,15.405,46.8,10.53,38,378,-887,512
2025-09-01 23:45:43.588714,-28.665000000000003,-56.55,-65.91,-72.735,-57.915,-88.53,-68.83500000000001,-65.715,35,375,-882,448
2025-09-01 23:45:43.601429,-10.14,10.725,3.12,10.92,15.015,-3.315,29.835,12.48,51,376,-878,512
2025-09-01 23:45:43.614143,-44.655,-45.825,-48.165,-37.245000000000005,-35.685,-50.895,-21.45,-30.81,51,376,-878,512
2025-09-01 23:45:43.626857,-87.36,-108.615,-105.3,-101.985,-101.4,-105.3,-75.075,-75.66,48,373,-868,512
2025-09-01 23:45:43.639571,-129.285,-163.41,-197.34,-168.09,-169.455,-197.925,-158.34,-151.515,56,376,-883,512
2025-09-01 23:45:43.652286,-131.04,-163.215,-195.975,-164.58,-149.76,-186.615,-143.32500000000002,-136.11,49,377,-880,512
2025-09-01 23:45:43.665000,-86.775,-101.79,-112.32,-98.475,-77.805,-108.81,-67.275,-66.495,47,376,-884,448
2025-09-01 23:45:43.665200,-31.200000000000003,-5.46,-8.97,-14.235,9.75,-5.07,34.515,15.6,48,374,-880,448
2025-09-01 23:45:43.665400,-16.77,19.695,-3.12,9.555,23.01,-11.115,39.39,12.675,56,374,-871,448
2025-09-01 23:45:43.665600,-60.45,-39.39,-54.21,-31.785,-31.005000000000003,-63.18,-16.38,-29.055,54,370,-871,512
2025-09-01 23:45:43.665800,-112.71,-101.79,-106.47,-97.695,-96.915,-110.175,-62.595,-72.15,54,370,-877,512
2025-09-01 23:45:43.666000,-154.63500000000002,-161.655,-192.855,-167.505,-159.12,-194.415,-141.96,-142.35,50,373,-864,448
2025-09-01 23:45:43.697000,-155.805,-164.58,-189.54,-160.875,-149.565,-184.08,-133.965,-130.65,51,371,-869,512
2025-09-01 23:45:43.728000,-107.445,-95.745,-119.73,-83.85000000000001,-79.17,-115.05,-63.57,-71.565,52,368,-873,448
2025-09-01 23:45:43.741286,-33.735,5.265000000000001,-18.915,11.7,22.035,-9.75,33.345,18.525,52,368,-876,448
2025-09-01 23:45:43.754571,-74.10000000000001,-61.23,-70.785,-57.135000000000005,-48.75,-74.49000000000001,-28.275,-29.64,44,368,-876,448
2025-09-01 23:45:43.767857,-37.635,-3.51,-15.99,-4.68,0.39,-23.595,26.325,9.555,46,368,-878,448
2025-09-01 23:45:43.781143,3.12,47.775,43.875,30.03,56.55,38.22,78.58500000000001,57.525,46,368,-878,448
2025-09-01 23:45:43.794429,54.015,127.335,118.56,141.375,143.91,118.365,157.17000000000002,126.36,46,375,-871,448
2025-09-01 23:45:43.807714,58.11,131.43,122.265,132.6,141.375,106.08,139.23000000000002,113.685,49,364,-872,512
2025-09-01 23:45:43.821000,13.065,57.525,59.865,55.77,56.940000000000005,45.24,68.64,54.21,44,365,-876,448
2025-09-01 23:45:43.821667,-61.620000000000005,-40.56,-45.63,-49.335,-42.9,-61.815000000000005,-31.785,-34.32,46,363,-877,448
2025-09-01 23:45:43.822333,-1.95,46.02,35.685,12.87,24.96,6.825,39.78,9.75,42,364,-874,448
2025-09-01 23:45:43.823000,-41.34,-3.705,-23.4,-29.64,-25.155,-53.235,-15.795,-35.1,42,366,-873,512
2025-09-01 23:45:43.823667,-93.21,-64.545,-78.19500000000001,-79.56,-81.9,-104.325,-71.955,-86.58,42,366,-873,512
2025-09-01 23:45:43.824333,-145.47,-136.5,-161.265,-158.535,-151.32,-190.32,-156.195,-157.17000000000002,42,365,-872,448
2025-09-01 23:45:43.825000,-147.81,-135.525,-156.0,-162.63,-144.10500000000002,-177.45000000000002,-144.3,-139.62,41,360,-866,512
2025-09-01 23:45:43.904000,-91.26,-67.665,-91.65,-86.775,-69.61500000000001,-103.74,-73.515,-76.245,41,363,-873,512
2025-09-01 23:45:43.916857,-36.075,21.255,22.23,11.115,20.67,0.78,38.22,12.285,43,365,-873,448
2025-09-01 23:45:43.929714,15.015,48.75,34.32,39.0,38.415,-9.75,28.47,-18.135,48,363,-882,448
2025-09-01 23:45:43.942571,-23.79,-12.285,-22.62,-22.425,-19.5,-60.06,-15.795,-64.74000000000001,45,364,-876,512
2025-09-01 23:45:43.955429,-77.22,-64.935,-76.635,-83.655,-82.095,-110.955,-86.97,-90.87,45,365,-881,512
2025-09-01 23:45:43.968286,-131.43,-143.32500000000002,-152.29500000000002,-167.115,-168.87,-190.71,-162.435,-163.02,45,364,-881,512
2025-09-01 23:45:43.981143,-140.79,-152.685,-147.225,-163.41,-166.92000000000002,-180.96,-137.085,-146.25,46,364,-881,512
2025-09-01 23:45:43.994000,-89.11500000000001,-88.72500000000001,-72.54,-81.9,-81.12,-100.035,-64.35000000000001,-78.39,49,367,-881,512
2025-09-01 23:45:44.002571,-22.62,11.505,27.3,14.82,15.99,3.9,26.52,11.895,50,368,-878,512
2025-09-01 23:45:44.011143,-59.67,-40.365,-38.025,-47.58,-49.725,-80.145,-35.295,-59.865,45,370,-882,448
2025-09-01 23:45:44.019714,-20.28,16.965,19.305,6.24,6.045,-27.3,9.36,-21.45,40,372,-863,512
2025-09-01 23:45:44.028286,24.57,76.05,76.245,68.64,69.81,34.71,63.96,24.96,39,372,-872,512
2025-09-01 23:45:44.036857,79.17,148.395,152.49,148.59,142.74,116.415,139.035,96.525,42,371,-875,384
2025-09-01 23:45:44.045429,84.24000000000001,146.445,152.29500000000002,140.985,137.67000000000002,104.13,129.285,88.53,42,371,-875,384
2025-09-01 23:45:44.054000,40.755,84.24000000000001,82.68,75.075,74.49000000000001,18.33,61.425,12.09,40,374,-876,448
2025-09-01 23:45:44.067143,-25.74,-12.09,-15.405,-21.255,-25.935,-70.785,-43.29,-68.25,44,370,-879,448
2025-09-01 23:45:44.080286,-51.675,-25.545,-31.785,-50.895,-42.705,-81.315,-39.78,-59.475,41,373,-868,448
2025-09-01 23:45:44.093429,-19.11,25.545,20.28,-2.535,7.215,-33.345,11.505,-15.795,53,370,-875,512
2025-09-01 23:45:44.106571,23.595,84.045,79.75500000000001,57.525,56.745000000000005,27.69,60.255,28.275,49,371,-873,448
2025-09-01 23:45:44.119714,72.345,154.05,160.68,132.405,137.085,109.2,138.84,96.135,46,376,-874,448
2025-09-01 23:45:44.132857,76.44,158.34,163.41,132.6,130.455,102.765,128.31,80.535,46,376,-874,448
2025-09-01 23:45:44.146000,31.785,87.94500000000001,96.72,60.06,56.940000000000005,27.105,58.89,19.695,54,377,-880,512
2025-09-01 23:45:44.154429,-37.635,-6.825,-17.94,-36.66,-41.535,-82.875,-53.43,-67.08,49,374,-881,448
2025-09-01 23:45:44.162857,8.385,66.495,49.92,27.495,20.085,-15.99,21.06,-16.575,37,380,-880,512
2025-09-01 23:45:44.171286,-23.595,18.33,-3.12,-24.375,-29.835,-63.375,-26.325,-57.135000000000005,36,379,-873,448
2025-09-01 23:45:44.179714,-67.665,-41.925,-56.16,-75.66,-90.285,-119.73,-87.165,-103.155,38,376,-872,512
2025-09-01 23:45:44.188143,-111.54,-114.465,-135.135,-167.70000000000002,-168.285,-194.61,-163.60500000000002,-175.5,40,375,-874,512
2025-09-01 23:45:44.196571,-120.315,-117.975,-140.985,-155.805,-165.945,-182.715,-154.63500000000002,-161.46,40,375,-874,512
2025-09-01 23:45:44.205000,-82.875,-55.185,-77.415,-86.58,-92.43,-118.95,-81.51,-101.595,40,371,-878,448
2025-09-01 23:45:44.217857,-6.24,42.705,18.525,27.495,14.04,-26.130000000000003,-2.145,-24.18,39,373,-879,448
2025-09-01 23:45:44.230714,-65.325,-15.015,-66.105,-50.505,-61.23,-92.04,-62.595,-76.05,54,377,-886,448
2025-09-01 23:45:44.243571,-23.01,31.200000000000003,-6.045,7.0200000000000005,-11.505,-41.145,-8.97,-33.93,54,377,-881,512
2025-09-01 23:45:44.256429,12.09,89.7,50.115,54.405,44.265,20.085,48.165,17.16,51,373,-881,512
2025-09-01 23:45:44.269286,53.04,163.8,144.3,131.43,123.24,107.835,136.5,97.305,49,375,-879,512
2025-09-01 23:45:44.282143,59.865,170.04,150.735,128.31,115.635,98.475,125.97,85.215,49,375,-879,512
2025-09-01 23:45:44.295000,17.745,103.935,79.36500000000001,58.5,44.265,26.52,50.7,18.33,43,371,-873,448
2025-09-01 23:45:44.303714,-44.07,10.335,-23.79,-41.145,-54.795,-69.81,-49.14,-70.59,49,371,-887,576
2025-09-01 23:45:44.312429,-0.78,85.8,38.415,20.28,9.165,2.145,11.7,-10.14,45,367,-874,448
2025-09-01 23:45:44.321143,-30.03,30.81,-23.595,-32.565,-43.875,-51.675,-43.485,-59.28,45,367,-874,448
2025-09-01 23:45:44.329857,-69.81,-23.01,-73.71000000000001,-84.63000000000001,-97.695,-105.495,-102.375,-108.225,45,371,-873,448
2025-09-01 23:45:44.338571,-120.315,-96.72,-155.61,-173.16,-180.375,-188.565,-259.935,-164.19,47,370,-874,512
2025-09-01 23:45:44.347286,-129.675,-100.62,-155.805,-164.97,-177.45000000000002,-176.475,-196.56,-155.025,47,370,-874,512
2025-09-01 23:45:44.356000,-83.46000000000001,-37.635,-85.215,-101.205,-100.035,-104.325,-66.69,-112.125,44,370,-862,512
2025-09-01 23:45:44.368714,-21.84,55.575,22.62,-1.56,-0.585,-6.825,16.575,-5.8500000000000005,45,365,-871,448
2025-09-01 23:45:44.381429,9.945,79.36500000000001,39.585,16.185000000000002,7.800000000000001,7.0200000000000005,15.795,-7.800000000000001,43,367,-877,512
2025-09-01 23:45:44.394143,-28.47,22.62,-15.405,-34.32,-35.88,-41.535,-37.245000000000005,-52.845,45,367,-877,512
2025-09-01 23:45:44.406857,-71.955,-38.22,-74.88,-96.72,-102.57,-99.255,-100.425,-102.96,43,367,-875,448
2025-09-01 23:45:44.419571,-119.34,-113.49,-151.905,-170.82,-178.425,-180.375,-179.01000000000002,-171.79500000000002,47,371,-872,448
2025-09-01 23:45:44.432286,-118.365,-112.125,-157.56,-164.38500000000002,-171.6,-173.745,-158.535,-156.0,44,371,-878,320
2025-09-01 23:45:44.445000,-81.51,-48.36,-90.87,-95.745,-99.45,-104.13,-86.97,-99.255,44,371,-878,320
2025-09-01 23:45:44.457857,-15.6,46.605,8.775,0.975,-9.165,2.34,7.605,-6.63,47,375,-891,448
2025-09-01 23:45:44.470714,37.44,-10.725,-64.155,-74.49000000000001,-71.175,-62.010000000000005,-50.895,-56.745000000000005,46,379,-878,512
2025-09-01 23:45:44.483571,77.22,49.725,-8.775,-18.135,-13.065,-12.285,0.39,-14.82,46,379,-878,512
2025-09-01 23:45:44.496429,132.21,105.69,50.505,56.16,49.335,46.02,60.84,30.81,44,378,-884,512
2025-09-01 23:45:44.509286,183.69,172.965,128.115,126.75,117.39,123.825,138.06,97.305,40,378,-884,512
2025-09-01 23:45:44.522143,185.64,175.89,127.335,126.555,112.905,113.49,123.63,87.165,41,374,-879,448
2025-09-01 23:45:44.535000,150.93,121.485,52.455,63.96,50.7,38.025,31.98,18.915,41,374,-879,448
2025-09-01 23:45:44.548000,91.26,27.69,-50.31,-27.3,-42.705,-61.815000000000005,-86.58,-65.325,52,375,-883,512
2025-09-01 23:45:44.561000,60.84,1.365,-75.66,-42.51,-44.07,-83.85000000000001,-45.63,-76.05,41,371,-884,448
2025-09-01 23:45:44.574000,93.015,46.995000000000005,-16.38,8.58,1.56,-23.4,3.315,-32.175000000000004,41,371,-884,448
2025-09-01 23:45:44.587000,128.31,110.175,47.97,59.475,55.965,38.415,64.935,24.96,39,376,-877,512
2025-09-01 23:45:44.600000,189.345,184.47,122.85,140.595,143.91,113.685,139.815,90.675,37,374,-882,448
2025-09-01 23:45:44.613000,191.685,182.91,117.195,149.565,136.5,96.915,124.215,71.565,41,375,-881,448
2025-09-01 23:45:44.626000,141.96,117.585,47.775,71.955,63.57,26.130000000000003,54.795,8.97,41,375,-881,448
2025-09-01 23:45:44.638429,79.17,15.6,-45.825,-20.085,-36.075,-73.515,-42.9,-76.635,41,373,-880,512
2025-09-01 23:45:44.650857,95.355,74.49000000000001,12.09,33.54,34.125,-8.385,15.405,-31.005000000000003,39,366,-875,448
2025-09-01 23:45:44.663286,57.915,24.375,-37.83,-19.305,-18.915,-54.99,-40.17,-68.25,39,366,-875,448
2025-09-01 23:45:44.675714,15.6,-43.095,-90.675,-91.845,-86.19,-95.16,-96.525,-114.075,35,369,-885,512
2025-09-01 23:45:44.688143,-38.025,-104.52,-176.28,-160.68,-167.70000000000002,-201.045,-167.70000000000002,-187.2,34,367,-879,448
2025-09-01 23:45:44.700571,-45.24,-112.515,-181.545,-166.14,-159.705,-191.88,-166.335,-183.105,35,369,-877,448
2025-09-01 23:45:44.713000,-4.29,-59.865,-107.64,-86.58,-97.89,-115.245,-90.675,-107.64,37,372,-880,448
2025-09-01 23:45:44.722857,69.42,57.135000000000005,2.34,15.405,7.215,-6.045,11.31,-22.035,37,366,-878,448
2025-09-01 23:45:44.732714,67.08,48.555,23.205,20.475,18.135,4.095,6.63,-15.99,40,365,-877,384
2025-09-01 23:45:44.742571,22.23,-6.045,-31.005000000000003,-35.49,-33.54,-40.365,-46.41,-62.205000000000005,40,365,-877,384
2025-09-01 23:45:44.752429,-12.675,-56.940000000000005,-91.845,-91.845,-91.065,-105.3,-96.33,-105.885,41,361,-876,512
2025-09-01 23:45:44.762286,-73.515,-136.305,-176.28,-161.85,-172.57500000000002,-187.395,-171.405,-172.185,39,366,-881,512
2025-09-01 23:45:44.772143,-78.19500000000001,-147.615,-176.475,-166.725,-170.04,-177.84,-168.48000000000002,-165.945,36,369,-870,512
2025-09-01 23:45:44.782000,-26.325,-73.125,-111.15,-96.72,-93.21,-104.715,-88.14,-98.67,37,373,-873,448
2025-09-01 23:45:44.793857,43.29,23.985,-14.235,1.755,7.215,-14.04,-12.48,-30.81,38,373,-873,512
2025-09-01 23:45:44.805714,-115.83,-49.14,-148.98000000000002,-198.51,-124.215,-163.8,-193.44,-255.645,43,376,-877,512
2025-09-01 23:45:44.817571,-154.44,-107.835,-186.81,-243.165,-167.31,-196.755,-228.93,-210.795,43,376,-877,512
2025-09-01 23:45:44.829429,-122.46,-173.55,-238.485,-216.84,-218.01,-249.015,-304.98,-279.435,45,371,-870,448
2025-09-01 23:45:44.841286,-422.955,-295.23,-389.805,-530.79,-397.41,-398.58,-488.475,-435.825,44,375,-888,512
2025-09-01 23:45:44.853143,-532.5450000000001,-354.90000000000003,-394.485,-602.355,-443.82,-378.885,-463.71,-392.73,36,376,-888,448
2025-09-01 23:45:44.865000,-280.8,-266.76,-300.105,-410.67,-324.48,-293.08500000000004,-348.66,-324.285,39,375,-880,448
2025-09-01 23:45:44.874714,-177.06,-142.935,-273.975,-278.07,-209.43,-254.67,-335.985,-297.57,45,376,-877,448
2025-09-01 23:45:44.884429,-245.31,-265.785,-386.295,-453.96,-335.205,-367.38,-465.27,-387.27,44,380,-882,384
2025-09-01 23:45:44.894143,-207.09,-218.985,-328.96500000000003,-391.365,-278.265,-307.515,-408.525,-328.185,47,382,-881,512
2025-09-01 23:45:44.903857,-168.09,-157.17000000000002,-269.49,-341.055,-223.665,-238.485,-340.27500000000003,-302.055,47,382,-881,512
2025-09-01 23:45:44.913571,-121.485,-80.34,-181.155,-266.955,-139.62,-157.17000000000002,-286.26,-214.305,46,379,-862,448
2025-09-01 23:45:44.923286,-97.89,-68.83500000000001,-186.03,-260.91,-141.375,-179.01000000000002,-290.745,-237.9,53,373,-865,448
2025-09-01 23:45:44.933000,-142.935,-130.065,-256.23,-325.845,-212.355,-260.325,-353.925,-297.18,49,375,-869,448
2025-09-01 23:45:44.944714,-198.12,-215.28,-349.05,-412.425,-296.205,-348.855,-448.89,-381.42,48,377,-874,448
2025-09-01 23:45:44.956429,-51.09,-61.620000000000005,-80.925,-129.48000000000002,-71.175,-72.345,-159.705,-97.5,43,374,-875,512
2025-09-01 23:45:44.968143,-92.43,-109.395,-140.79,-175.305,-113.88,-129.48000000000002,-208.455,-141.96,47,373,-876,448
2025-09-01 23:45:44.979857,-124.605,-162.435,-195.39,-224.25,-169.455,-190.515,-268.71000000000004,-188.565,47,373,-876,448
2025-09-01 23:45:44.991571,-175.89,-243.555,-270.855,-305.565,-246.48,-258.57,-341.055,-246.285,46,373,-879,448
2025-09-01 23:45:45.003286,-173.94,-242.775,-264.03000000000003,-298.74,-244.92,-243.75,-321.36,-224.64,41,370,-882,448
2025-09-01 23:45:45.015000,-131.04,-172.77,-183.3,-227.955,-163.60500000000002,-161.85,-233.025,-156.0,43,370,-880,448
2025-09-01 23:45:45.027571,-49.92,-68.83500000000001,-87.165,-98.085,-45.63,-58.11,-215.085,-55.965,44,369,-877,448
2025-09-01 23:45:45.040143,-14.625,-50.505,10.14,4.095,16.575,25.74,4.095,45.63,42,368,-873,448
2025-09-01 23:45:45.052714,21.06,-3.51,70.98,50.31,65.91,89.7,54.99,93.99,45,372,-874,512
2025-09-01 23:45:45.065286,64.155,66.495,129.285,113.685,129.87,140.4,115.44,141.57,45,372,-874,512
2025-09-01 23:45:45.077857,122.85,135.135,204.165,201.24,210.015,213.915,203.58,212.55,43,369,-862,448
2025-09-01 23:45:45.090429,127.92,138.84,212.355,203.58,207.09,204.555,191.685,198.12,43,371,-870,448
2025-09-01 23:45:45.103000,88.33500000000001,79.56,143.32500000000002,137.67000000000002,143.91,139.23000000000002,121.875,137.28,41,373,-871,448
2025-09-01 23:45:45.116286,21.645,-9.165,48.555,41.145,46.8,45.825,31.98,64.35000000000001,45,370,-875,448
2025-09-01 23:45:45.129571,93.405,87.165,165.165,131.43,125.775,154.63500000000002,142.155,136.5,49,368,-873,512
2025-09-01 23:45:45.142857,54.795,44.46,103.155,77.61,74.88,89.7,89.7,84.63000000000001,41,379,-875,448
2025-09-01 23:45:45.156143,9.36,-6.63,40.755,33.93,24.375,20.865,27.69,33.15,43,378,-875,512
2025-09-01 23:45:45.169429,-46.41,-87.165,-36.66,-45.825,-55.575,-63.96,-49.725,-31.98,41,375,-874,512
2025-09-01 23:45:45.182714,-45.435,-86.58,-36.465,-36.27,-45.24,-53.04,-39.195,-24.57,41,375,-874,512
2025-09-01 23:45:45.196000,1.365,-27.3,38.415,30.225,21.84,22.23,39.585,51.285,41,373,-870,448
2025-09-01 23:45:45.204714,74.685,63.96,138.84,132.21,124.41,131.04,59.085,146.055,41,374,-873,512
2025-09-01 23:45:45.213429,136.11,8.58,72.54,56.745000000000005,47.190000000000005,48.165,47.58,55.965,40,372,-876,512
2025-09-01 23:45:45.222143,170.43,54.015,120.315,106.275,93.015,99.45,106.665,100.815,52,372,-880,512
2025-09-01 23:45:45.230857,215.475,115.44,178.425,163.41,161.07,153.27,163.215,148.785,48,376,-878,448
2025-09-01 23:45:45.239571,272.22,193.635,264.225,245.115,235.755,230.49,245.31,220.74,46,376,-873,512
2025-09-01 23:45:45.248286,281.19,196.95,264.42,240.63,237.9,225.03,236.73,207.09,46,376,-873,512
2025-09-01 23:45:45.257000,236.925,136.89,196.365,173.745,165.945,149.76,167.505,151.71,50,373,-868,448
2025-09-01 23:45:45.269714,162.63,45.825,95.355,61.23,61.620000000000005,49.335,63.57,67.08,45,377,-874,512
2025-09-01 23:45:45.282429,163.02,103.935,162.04500000000002,131.625,122.655,103.35,128.505,113.49,41,373,-862,512
2025-09-01 23:45:45.295143,119.145,56.16,108.615,75.27,68.25,52.260000000000005,73.32000000000001,69.81,38,372,-874,448
2025-09-01 23:45:45.307857,74.49000000000001,-11.895,54.405,13.455,10.14,6.24,16.77,22.23,42,372,-873,512
2025-09-01 23:45:45.320571,12.675,-83.46000000000001,-26.91,-58.695,-71.955,-87.165,-61.620000000000005,-53.82,44,372,-873,512
2025-09-01 23:45:45.333286,15.795,-82.095,-41.73,-56.355,-56.16,-88.14,-67.275,-49.53,44,372,-873,512
2025-09-01 23:45:45.346000,62.985,-16.185000000000002,25.74,9.36,5.8500000000000005,-11.505,7.605,13.845,55,371,-868,512
2025-09-01 23:45:45.347000,120.705,78.39,129.48000000000002,110.175,105.495,94.185,105.3,110.565,49,376,-867,448
2025-09-01 23:45:45.356833,124.02,98.67,154.83,118.17,101.01,91.065,110.175,93.405,45,372,-866,512
2025-09-01 23:45:45.366667,79.95,39.78,94.965,57.915,43.29,39.585,58.695,50.115,42,373,-872,512
2025-09-01 23:45:45.376500,46.41,-10.335,42.315000000000005,2.535,-7.215,-16.38,0.0,3.12,44,373,-879,512
2025-09-01 23:45:45.386333,1.755,-81.315,-43.095,-69.61500000000001,-81.12,-101.01,-82.095,-72.345,45,371,-879,448
2025-09-01 23:45:45.396167,-9.945,-87.36,-48.36,-66.69,-73.32000000000001,-93.405,-67.86,-56.55,45,371,-879,448
2025-09-01 23:45:45.406000,31.395,-23.595,25.545,0.195,1.365,-15.405,8.775,7.995,51,380,-883,448
2025-09-01 23:45:45.419286,99.45,76.44,125.19,104.91,101.205,84.435,103.155,99.84,49,379,-881,448
2025-09-01 23:45:45.432571,94.575,84.045,147.225,97.89,86.58,87.94500000000001,102.765,83.265,46,366,-870,512
2025-09-01 23:45:45.445857,58.305,30.81,86.775,42.51,40.56,30.225,48.555,36.855,46,366,-870,512
2025-09-01 23:45:45.459143,18.525,-25.35,24.375,-23.01,-14.04,-34.125,-12.87,-18.135,43,366,-871,448
2025-09-01 23:45:45.472429,-37.635,-87.165,-53.43,-84.24000000000001,-92.235,-108.615,-91.845,-80.535,45,368,-873,384
2025-09-01 23:45:45.485714,-48.36,-100.035,-56.940000000000005,-82.875,-89.50500000000001,-96.33,-79.17,-70.2,45,368,-873,384
2025-09-01 23:45:45.499000,7.41,-36.855,12.285,-7.995,-13.26,-24.375,-16.185000000000002,-7.41,43,367,-889,448
2025-09-01 23:45:45.511286,74.88,67.665,118.17,91.065,85.02,72.54,96.135,81.51,41,363,-883,448
2025-09-01 23:45:45.523571,70.59,105.885,137.28,89.31,96.135,78.0,89.895,71.37,44,371,-865,512
2025-09-01 23:45:45.535857,43.095,53.235,75.465,43.485,45.63,15.405,41.73,23.4,44,371,-865,512
2025-09-01 23:45:45.548143,2.73,-0.585,15.21,-9.165,-16.965,-46.995000000000005,-23.205,-29.835,45,374,-870,448
2025-09-01 23:45:45.560429,-50.115,-85.995,-62.010000000000005,-87.75,-95.355,-112.32,-111.735,-90.48,46,374,-870,448
2025-09-01 23:45:45.572714,-55.77,-89.31,-62.010000000000005,-82.68,-102.375,-97.11,-164.38500000000002,-66.105,46,374,-870,512
2025-09-01 23:45:45.585000,-21.645,-26.715,0.78,-29.445,-35.88,-33.93,-19.695,-28.08,49,373,-876,512
2025-09-01 23:45:45.598000,55.77,82.875,103.155,79.75500000000001,76.44,62.205000000000005,96.72,71.37,46,370,-871,512
2025-09-01 23:45:45.611000,-8.97,-5.655,14.04,0.78,-0.975,-25.74,21.645,-18.525,46,370,-879,512
2025-09-01 23:45:45.624000,34.515,44.655,54.405,60.255,55.965,19.11,68.055,24.18,46,370,-879,512
2025-09-01 23:45:45.637000,84.63000000000001,109.2,109.59,105.885,108.42,80.925,89.7,82.095,46,373,-876,448
2025-09-01 23:45:45.650000,117.585,172.185,200.85,187.2,178.62,169.845,111.93,170.82,45,374,-877,512
2025-09-01 23:45:45.663000,124.8,174.915,207.675,183.885,181.155,167.31,182.715,139.23000000000002,43,371,-879,448
2025-09-01 23:45:45.676000,84.825,112.905,137.865,107.835,109.98,82.875,135.72,75.075,43,371,-879,448
2025-09-01 23:45:45.688571,14.82,26.52,32.175000000000004,22.23,12.285,-23.595,10.53,-6.045,52,376,-882,512
2025-09-01 23:45:45.701143,68.44500000000001,98.28,96.33,88.92,85.02,47.385000000000005,86.775,44.85,45,371,-871,512
2025-09-01 23:45:45.713714,29.055,44.46,45.24,27.495,26.130000000000003,-2.34,29.25,6.045,45,371,-871,512
2025-09-01 23:45:45.726286,-30.225,-26.715,-17.55,-27.3,-29.445,-58.305,-33.54,-40.95,42,368,-863,384
2025-09-01 23:45:45.738857,-74.10000000000001,-101.205,-89.7,-106.47,-121.875,-135.915,-114.27,-107.835,42,367,-867,512
2025-09-01 23:45:45.751429,-84.825,-110.76,-97.305,-116.415,-125.775,-137.085,-102.375,-97.89,40,369,-871,448
2025-09-01 23:45:45.764000,-27.495,-31.59,-39.39,-47.385000000000005,-40.95,-76.635,-34.515,-66.3,40,369,-871,448
2025-09-01 23:45:45.764200,28.665000000000003,61.035,72.735,63.57,58.695,31.98,52.260000000000005,42.705,43,371,-861,448
2025-09-01 23:45:45.764400,-37.245000000000005,-31.98,-3.315,-32.955,-30.42,-27.495,-9.555,-7.41,49,379,-877,512
2025-09-01 23:45:45.764600,2.145,15.015,53.82,24.375,25.155,29.445,44.655,35.88,49,379,-877,512
2025-09-01 23:45:45.764800,50.895,78.78,104.325,90.285,91.65,86.775,104.91,84.825,56,377,-889,512
2025-09-01 23:45:45.765000,111.735,163.02,171.99,167.115,176.67000000000002,153.66,92.235,159.315,51,377,-881,448
2025-09-01 23:45:45.794500,117.78,163.60500000000002,174.33,167.115,163.215,156.0,135.72,139.815,51,378,-879,512
2025-09-01 23:45:45.824000,60.645,101.595,117.78,103.935,98.67,86.385,123.24,70.2,51,377,-880,448
2025-09-01 23:45:45.838286,3.9,-0.195,17.16,7.215,1.755,-22.62,13.65,4.095,51,382,-876,448
2025-09-01 23:45:45.852571,52.260000000000005,121.68,69.81,68.25,70.59,31.785,70.785,38.22,44,373,-879,448
2025-09-01 23:45:45.866857,14.82,65.325,9.555,18.135,15.405,-18.915,12.285,-10.92,44,373,-879,448
2025-09-01 23:45:45.881143,-27.885,4.485,-47.58,-41.34,-46.605,-78.0,-47.97,-56.745000000000005,36,376,-875,448
2025-09-01 23:45:45.895429,-78.78,-62.595,-131.625,-118.755,-119.925,-159.315,-130.65,-126.945,37,376,-881,512
2025-09-01 23:45:45.909714,-83.07000000000001,-67.86,-134.55,-111.15,-113.49,-155.61,-121.095,-115.245,45,376,-886,448
2025-09-01 23:45:45.924000,-34.71,0.975,-70.785,-41.34,-45.63,-76.635,-49.725,-53.235,45,375,-877,512
2025-09-01 23:45:45.931714,34.905,94.77,43.485,71.175,55.38,20.28,49.53,39.78,44,375,-878,512
2025-09-01 23:45:45.939429,28.08,116.805,59.475,71.565,74.685,34.71,27.495,38.61,45,372,-875,512
2025-09-01 23:45:45.947143,-6.63,60.255,3.12,14.43,18.33,-8.19,-15.21,-2.73,45,372,-875,512
2025-09-01 23:45:45.954857,-53.235,8.58,-50.505,-46.995000000000005,-43.485,-73.125,-66.495,-59.67,43,369,-872,512
2025-09-01 23:45:45.962571,-95.745,-63.57,-131.625,-120.12,-118.17,-154.44,-149.175,-125.19,34,375,-872,512
2025-09-01 23:45:45.970286,-100.815,-73.905,-135.72,-121.095,-122.07,-149.175,-137.085,-110.76,37,366,-864,384
2025-09-01 23:45:45.978000,-59.67,-12.87,-71.175,-57.72,-47.97,-89.895,-68.83500000000001,-53.04,43,371,-865,448
2025-09-01 23:45:45.991286,9.75,91.455,31.785,37.83,46.995000000000005,17.745,38.025,41.73,43,370,-868,448
2025-09-01 23:45:46.004571,-51.870000000000005,19.5,-54.405,-26.52,-12.87,-49.53,-43.875,-31.200000000000003,46,377,-875,512
2025-09-01 23:45:46.017857,-7.995,69.42,0.39,31.395,41.925,-4.29,11.505,19.5,44,379,-874,512
2025-09-01 23:45:46.031143,31.395,112.71,74.88,87.555,94.965,69.42,83.655,84.63000000000001,44,379,-874,512
2025-09-01 23:45:46.044429,75.66,185.64,156.195,158.34,172.77,148.98000000000002,159.51000000000002,155.415,51,371,-866,512
2025-09-01 23:45:46.057714,88.14,194.805,157.365,166.92000000000002,172.38,137.67000000000002,148.98000000000002,143.13,52,376,-880,448
2025-09-01 23:45:46.071000,39.0,130.65,86.97,101.595,102.765,66.69,85.605,86.19,49,377,-880,448
2025-09-01 23:45:46.087286,-23.79,35.295,-15.21,-9.36,0.585,-37.245000000000005,-16.185000000000002,-30.81,49,376,-875,448
2025-09-01 23:45:46.103571,64.155,113.88,51.09,83.46000000000001,82.485,31.785,57.915,38.415,47,377,-885,448
2025-09-01 23:45:46.119857,34.71,64.74000000000001,-4.485,37.44,34.32,-23.985,6.63,-10.14,44,377,-882,384
2025-09-01 23:45:46.136143,-7.41,11.7,-63.375,-21.255,-24.18,-78.97500000000001,-54.015,-63.375,44,377,-882,384
2025-09-01 23:45:46.152429,-63.765,-68.83500000000001,-140.79,-106.08,-111.735,-158.73000000000002,-127.14,-123.045,47,380,-889,512
2025-09-01 23:45:46.168714,-81.9,-74.295,-150.345,-115.245,-111.54,-157.17000000000002,-121.875,-116.22,47,377,-883,448
2025-09-01 23:45:46.185000,-36.465,-15.405,-88.33500000000001,-52.65,-37.44,-86.19,-54.21,-59.28,46,378,-877,512
2025-09-01 23:45:46.186000,43.095,91.65,14.625,64.935,70.005,14.625,35.685,19.89,44,378,-877,448
2025-09-01 23:45:46.201333,24.57,36.465,-72.15,13.26,5.265000000000001,-78.39,-23.595,-54.405,48,375,-877,448
2025-09-01 23:45:46.216667,62.010000000000005,86.19,-15.795,62.400000000000006,57.330000000000005,-28.665000000000003,24.57,-5.655,46,377,-877,384
2025-09-01 23:45:46.232000,102.57,140.205,41.73,116.61,109.98,24.765,90.87,48.165,45,374,-875,512
2025-09-01 23:45:46.247333,151.125,219.375,107.055,190.125,189.93,104.91,163.995,88.92,45,378,-885,512
2025-09-01 23:45:46.262667,158.73000000000002,227.76,112.905,191.295,189.735,103.74,133.965,87.94500000000001,45,378,-885,512
2025-09-01 23:45:46.278000,114.66,160.875,45.045,123.435,120.315,27.105,61.815000000000005,33.735,45,380,-879,384
2025-09-01 23:45:46.290143,40.95,56.16,-49.335,16.575,8.385,-63.375,-31.785,-54.015,47,376,-878,448
2025-09-01 23:45:46.302286,-30.225,-9.75,-77.025,-46.215,-45.045,-53.235,-43.095,-48.945,48,382,-879,512
2025-09-01 23:45:46.314429,10.725,46.215,-28.08,18.72,11.895,-22.815,-3.12,-2.145,38,380,-871,512
2025-09-01 23:45:46.326571,60.45,102.375,29.055,69.81,70.785,27.3,60.45,45.63,43,380,-875,512
2025-09-01 23:45:46.338714,109.2,189.345,105.885,154.44,156.195,111.15,140.985,117.585,40,379,-875,512
2025-09-01 23:45:46.350857,115.245,196.755,110.175,156.78,154.245,105.885,132.6,102.96,40,379,-875,512
2025-09-01 23:45:46.363000,75.66,121.68,45.63,92.625,75.075,33.735,59.085,39.195,40,383,-890,384
2025-09-01 23:45:46.372429,7.215,14.235,-53.625,-8.97,-22.815,-62.205000000000005,-40.755,-47.385000000000005,42,383,-882,448
2025-09-01 23:45:46.381857,-39.975,-6.045,-97.11,-46.8,-45.045,-67.275,-138.45000000000002,-37.245000000000005,48,379,-868,448
2025-09-01 23:45:46.391286,-3.315,38.805,-43.68,4.29,5.655,-14.43,-53.43,0.585,54,381,-884,512
2025-09-01 23:45:46.400714,41.535,94.185,25.935,62.010000000000005,59.67,33.93,87.36,34.32,48,380,-879,512
2025-09-01 23:45:46.410143,92.235,175.11,112.32,140.205,146.835,122.46,148.20000000000002,116.61,46,372,-873,512
2025-09-01 23:45:46.419571,105.3,180.765,120.315,144.495,152.1,113.88,134.35500000000002,103.935,46,372,-873,512
2025-09-01 23:45:46.429000,60.255,108.225,49.335,73.71000000000001,77.61,41.535,57.72,41.34,55,375,-881,448
2025-09-01 23:45:46.429333,-11.115,12.675,-58.89,-26.130000000000003,-35.49,-64.545,-42.315000000000005,-50.31,52,374,-875,512
2025-09-01 23:45:46.429667,10.92,65.91,21.84,36.855,41.34,23.985,25.35,20.28,44,370,-889,448
2025-09-01 23:45:46.430000,-23.985,10.14,-35.49,-17.94,-14.82,-30.03,-27.105,-27.69,48,368,-875,512
2025-09-01 23:45:46.430333,-62.595,-39.195,-101.595,-69.42,-73.125,-98.865,-96.135,-79.95,48,370,-874,448
2025-09-01 23:45:46.430667,-121.095,-115.44,-179.595,-154.63500000000002,-155.22,-169.845,-175.89,-148.785,49,369,-875,448
2025-09-01 23:45:46.431000,-129.285,-127.92,-182.13,-152.29500000000002,-153.27,-153.27,-161.07,-131.625,49,369,-875,448
2025-09-01 23:45:46.514000,-87.555,-67.08,-113.49,-84.825,-82.68,-76.83,-89.7,-62.400000000000006,51,366,-868,512
2025-09-01 23:45:46.514333,-7.41,41.925,-12.48,21.06,23.985,3.9,12.285,19.695,49,368,-871,512
2025-09-01 23:45:46.514667,-68.64,-48.945,-75.855,-58.11,-54.405,-50.505,-47.190000000000005,-31.005000000000003,45,374,-895,512
2025-09-01 23:45:46.515000,-31.200000000000003,2.73,-15.795,-2.73,-8.58,1.755,5.07,12.675,48,370,-880,512
2025-09-01 23:45:46.531250,7.605,60.645,43.485,49.53,52.845,61.620000000000005,67.47,67.275,47,373,-879,512
2025-09-01 23:45:46.547500,59.67,146.055,118.755,131.82,133.38,137.475,148.005,139.035,43,376,-880,448
2025-09-01 23:45:46.563750,75.075,155.22,122.265,134.16,133.57500000000002,129.48000000000002,137.67000000000002,93.795,43,376,-880,448
2025-09-01 23:45:46.580000,34.515,96.72,43.29,67.47,64.155,54.795,51.09,48.945,40,376,-877,512
2025-09-01 23:45:46.592286,-38.805,-3.705,-53.43,-37.83,-33.345,-45.435,-52.260000000000005,-43.68,48,378,-880,448
2025-09-01 23:45:46.604571,-26.52,-28.47,-71.565,-40.95,-35.49,-62.400000000000006,-38.22,-38.805,40,373,-880,448
2025-09-01 23:45:46.616857,5.07,22.035,-20.865,12.285,14.235,-13.65,14.04,-5.8500000000000005,40,373,-876,448
2025-09-01 23:45:46.629143,53.04,84.825,32.175000000000004,75.66,82.875,51.285,73.905,56.16,38,374,-870,384
2025-09-01 23:45:46.641429,105.69,154.63500000000002,130.65,156.78,153.465,136.695,164.775,141.57,35,373,-877,512
2025-09-01 23:45:46.653714,113.295,164.58,128.505,150.345,151.125,128.115,167.115,107.055,35,373,-877,512
2025-09-01 23:45:46.666000,69.03,99.45,55.965,83.46000000000001,80.73,61.23,82.485,43.485,42,365,-872,448
2025-09-01 23:45:46.674429,1.755,5.07,-52.065000000000005,-17.355,-21.645,-50.7,-35.49,-39.39,35,367,-873,384
2025-09-01 23:45:46.682857,43.875,70.785,32.955,66.3,56.55,28.275,38.61,34.125,45,366,-869,448
2025-09-01 23:45:46.691286,0.195,14.04,-19.305,11.115,2.34,-18.135,-11.895,-7.215,45,366,-869,448
2025-09-01 23:45:46.699714,-41.535,-32.370000000000005,-82.29,-60.255,-58.11,-76.05,-79.17,-61.23,46,364,-873,512
2025-09-01 23:45:46.708143,-88.33500000000001,-106.08,-173.16,-130.65,-133.77,-165.555,-158.34,-131.82,46,362,-873,512
2025-09-01 23:45:46.716571,-92.82,-117.39,-172.38,-132.405,-130.455,-156.585,-145.665,-122.07,46,365,-873,448
2025-09-01 23:45:46.725000,-45.825,-45.435,-103.35,-62.595,-54.6,-88.14,-148.20000000000002,-55.575,46,365,-877,448
2025-09-01 23:45:46.726000,23.985,54.405,1.17,40.755,44.655,14.04,32.955,9.75,41,367,-870,512
2025-09-01 23:45:46.740833,67.47,79.56,48.945,70.2,60.45,38.805,54.405,37.83,53,370,-875,448
2025-09-01 23:45:46.755667,18.525,26.91,-12.48,11.7,6.4350000000000005,-15.795,3.315,-6.63,53,370,-875,448
2025-09-01 23:45:46.770500,-21.45,-26.325,-79.36500000000001,-42.315000000000005,-44.265,-74.88,-58.305,-62.985,48,369,-875,448
2025-09-01 23:45:46.785333,-69.42,-94.38,-159.315,-133.185,-128.31,-165.555,-148.20000000000002,-132.79500000000002,46,373,-876,448
2025-09-01 23:45:46.800167,-83.46000000000001,-90.09,-170.04,-143.13,-133.57500000000002,-160.095,-146.25,-125.97,44,373,-872,512
2025-09-01 23:45:46.815000,-39.78,-47.58,-95.355,-72.93,-64.935,-76.245,-70.005,-62.400000000000006,44,373,-872,512
2025-09-01 23:45:46.827714,31.98,49.725,12.87,30.225,40.95,21.06,35.685,31.005000000000003,55,373,-877,448
2025-09-01 23:45:46.840429,-16.38,-28.86,-61.620000000000005,-58.5,-38.805,-31.200000000000003,-18.33,-18.135,41,377,-874,448
2025-09-01 23:45:46.853143,16.77,15.795,1.95,9.75,14.04,16.575,34.905,28.275,41,377,-874,448
2025-09-01 23:45:46.865857,58.89,85.605,56.940000000000005,89.11500000000001,87.94500000000001,76.635,85.02,76.635,42,376,-881,448
2025-09-01 23:45:46.878571,121.29,164.38500000000002,135.72,175.305,175.11,154.05,163.02,138.84,44,371,-878,384
2025-09-01 23:45:46.891286,128.70000000000002,166.335,136.89,171.99,167.505,149.37,159.705,127.14,41,372,-875,512
2025-09-01 23:45:46.904000,82.29,107.835,68.055,103.545,94.38,76.635,84.435,64.35000000000001,41,372,-875,512
2025-09-01 23:45:46.917000,10.335,9.75,-42.705,-6.63,-8.775,-30.615,-19.305,-26.52,39,378,-875,448
2025-09-01 23:45:46.930000,34.32,76.44,30.615,46.41,39.78,38.415,35.88,31.98,47,376,-879,512
2025-09-01 23:45:46.943000,0.0,23.985,-28.275,-5.265000000000001,-15.795,-17.355,-24.18,-14.82,47,376,-879,512
2025-09-01 23:45:46.956000,-42.705,-37.245000000000005,-79.75500000000001,-58.5,-71.175,-71.955,-76.635,-51.48,49,375,-886,512
2025-09-01 23:45:46.969000,-92.43,-112.32,-163.215,-135.135,-150.735,-151.71,-158.925,-124.41,47,378,-876,512
2025-09-01 23:45:46.982000,-107.835,-120.9,-157.56,-145.08,-151.515,-141.375,-141.765,-101.4,49,383,-877,448
2025-09-01 23:45:46.995000,-67.08,-58.11,-78.97500000000001,-72.93,-78.19500000000001,-66.495,-55.185,-24.18,49,383,-881,512
2025-09-01 23:45:47.003571,7.800000000000001,43.095,12.09,22.035,24.57,43.485,45.825,31.005000000000003,49,379,-878,448
2025-09-01 23:45:47.012143,-57.330000000000005,-47.775,-69.81,-45.435,-58.305,-31.785,-94.185,-14.625,44,380,-879,512
2025-09-01 23:45:47.020714,-26.91,5.46,-21.06,-3.315,-4.875,20.085,-68.64,41.535,44,380,-879,512
2025-09-01 23:45:47.029286,28.47,67.86,42.9,65.715,54.405,75.465,81.12,54.21,42,382,-887,448
2025-09-01 23:45:47.037857,85.41,142.35,125.19,150.15,136.89,154.44,158.73000000000002,147.81,46,379,-883,512
2025-09-01 23:45:47.046429,89.11500000000001,144.10500000000002,131.04,146.445,134.94,149.565,147.03,136.89,51,376,-886,448
2025-09-01 23:45:47.055000,41.73,85.215,62.205000000000005,74.295,65.91,81.9,76.245,76.245,46,374,-878,448
2025-09-01 23:45:47.067857,-29.445,-14.625,-41.925,-30.03,-39.39,-19.11,-38.805,-15.21,44,371,-876,448
2025-09-01 23:45:47.080714,17.745,41.73,30.615,41.925,24.96,47.97,29.835,32.955,47,372,-882,448
2025-09-01 23:45:47.093571,-24.57,-11.505,-23.01,-14.43,-29.64,0.0,-23.595,-3.315,47,372,-882,448
2025-09-01 23:45:47.106429,-73.125,-68.64,-82.875,-79.56,-90.09,-57.330000000000005,-81.12,-56.745000000000005,56,373,-879,512
2025-09-01 23:45:47.119286,-123.63,-141.765,-162.04500000000002,-157.17000000000002,-161.655,-138.255,-161.265,-125.19,48,374,-867,512
2025-09-01 23:45:47.132143,-125.58,-148.785,-164.97,-151.515,-157.17000000000002,-132.015,-151.71,-109.59,48,369,-864,512
2025-09-01 23:45:47.145000,-72.735,-76.245,-101.985,-77.805,-85.8,-62.79,-85.41,-50.895,43,371,-868,448
2025-09-01 23:45:47.153571,-8.385,5.07,10.53,24.765,13.26,47.58,18.33,40.755,45,370,-870,448
2025-09-01 23:45:47.162143,-106.47,-93.795,-64.74000000000001,-71.175,-76.635,-17.745,-52.845,-10.725,40,373,-875,448
2025-09-01 23:45:47.170714,-73.905,-43.875,-8.97,-23.595,-30.42,35.685,1.755,38.025,42,376,-878,448
2025-09-01 23:45:47.179286,-34.125,12.675,44.46,33.735,26.130000000000003,92.43,49.725,93.21,42,376,-878,448
2025-09-01 23:45:47.187857,22.23,88.33500000000001,119.145,116.61,108.81,179.205,128.895,160.875,35,377,-878,448
2025-09-01 23:45:47.196429,37.635,92.235,124.215,116.22,100.425,166.92000000000002,118.56,157.755,43,372,-867,512
2025-09-01 23:45:47.205000,-16.77,21.645,62.205000000000005,44.85,33.735,98.28,55.38,69.81,45,379,-871,512
2025-09-01 23:45:47.218286,-91.26,-70.005,-51.48,-57.525,-67.47,-0.975,-62.79,-13.26,44,376,-875,448
2025-09-01 23:45:47.231571,-43.29,112.125,29.64,15.015,10.335,65.52,19.305,43.29,42,375,-873,512
2025-09-01 23:45:47.244857,-78.19500000000001,54.015,-23.4,-37.05,-45.045,12.48,-30.225,2.535,43,373,-875,448
2025-09-01 23:45:47.258143,-126.75,-2.34,-82.29,-88.14,-102.18,-40.95,-78.0,-47.385000000000005,43,373,-875,448
2025-09-01 23:45:47.271429,-171.6,-83.07000000000001,-165.36,-166.725,-181.35,-123.045,-213.915,-99.255,51,370,-872,448
2025-09-01 23:45:47.284714,-178.23000000000002,-85.215,-165.36,-170.04,-180.57,-115.05,-217.035,-87.555,49,372,-884,448
2025-09-01 23:45:47.298000,-129.48000000000002,-13.65,-99.06,-99.45,-105.69,-42.315000000000005,-54.21,-48.945,48,374,-883,448
2025-09-01 23:45:47.310571,-58.5,99.06,13.455,1.17,-3.705,57.915,35.685,63.375,45,375,-878,448
2025-09-01 23:45:47.323143,-22.62,85.605,34.905,23.205,21.06,71.76,36.075,39.78,43,369,-872,448
2025-09-01 23:45:47.335714,-66.885,30.615,-13.455,-32.76,-38.025,16.38,0.195,1.755,40,370,-873,448
2025-09-01 23:45:47.348286,-105.3,-31.98,-73.125,-92.82,-95.355,-37.245000000000005,-61.035,-31.005000000000003,40,370,-873,448
2025-09-01 23:45:47.360857,-155.025,-110.565,-148.395,-170.82,-179.205,-110.565,-149.76,-108.03,39,371,-877,512
2025-09-01 23:45:47.373429,-161.07,-113.1,-156.0,-162.04500000000002,-169.455,-110.37,-146.055,-100.62,36,373,-874,512
2025-09-01 23:45:47.386000,-108.42,-53.235,-86.775,-92.82,-91.065,-39.195,-72.54,-30.42,39,376,-869,448
2025-09-01 23:45:47.398857,-41.925,46.995000000000005,22.035,13.26,0.585,66.885,29.25,56.16,39,372,-868,448
2025-09-01 23:45:47.411714,-89.895,-74.295,-55.575,-59.475,-65.13,-11.895,-41.535,-2.73,37,375,-878,512
2025-09-01 23:45:47.424571,-57.330000000000005,-27.885,1.17,-6.4350000000000005,-12.675,41.145,9.555,38.415,44,373,-870,448
2025-09-01 23:45:47.437429,-18.72,31.785,63.375,53.04,47.58,104.325,66.885,92.235,43,372,-872,512
2025-09-01 23:45:47.450286,40.95,111.15,140.205,140.205,133.185,179.01000000000002,153.07500000000002,171.015,39,373,-872,512
2025-09-01 23:45:47.463143,54.6,120.315,137.475,140.01,127.14,168.675,145.47,146.25,39,373,-872,512
2025-09-01 23:45:47.476000,10.725,45.63,67.275,71.175,51.675,106.665,68.25,70.2,40,376,-870,448
2025-09-01 23:45:47.488571,-69.81,-45.435,-37.44,-39.585,-46.8,-3.705,-45.045,-1.755,41,375,-873,512
2025-09-01 23:45:47.501143,-103.935,-92.82,-59.085,-50.505,-56.355,-18.72,-42.315000000000005,3.705,47,373,-874,448
2025-09-01 23:45:47.513714,-63.57,-42.705,-0.195,7.995,2.9250000000000003,34.125,17.745,50.505,44,371,-871,448
2025-09-01 23:45:47.526286,-18.135,18.72,53.235,66.3,55.77,92.625,72.54,67.86,40,374,-874,512
2025-09-01 23:45:47.538857,26.52,87.36,137.28,136.5,127.53,190.71,133.965,158.535,44,372,-875,448
2025-09-01 23:45:47.551429,34.71,85.02,142.74,134.35500000000002,123.045,179.79,129.48000000000002,141.57,44,372,-875,448
2025-09-01 23:45:47.564000,-10.92,28.275,64.935,66.105,52.260000000000005,92.235,59.085,69.81,36,368,-868,512
2025-09-01 23:45:47.573000,-78.78,-77.415,-42.705,-37.635,-46.8,-14.43,-45.825,-15.795,36,374,-878,448
2025-09-01 23:45:47.582000,-9.165,-33.15,32.76,39.78,28.86,52.65,39.975,35.1,40,371,-872,448
2025-09-01 23:45:47.591000,-49.725,-87.555,-23.01,-18.135,-24.57,9.36,-19.695,-9.555,42,369,-882,512
2025-09-01 23:45:47.600000,-88.33500000000001,-150.93,-75.075,-75.27,-83.655,-45.24,-69.61500000000001,-52.65,42,373,-876,384
2025-09-01 23:45:47.609000,-136.5,-210.405,-169.26000000000002,-150.735,-156.0,-148.005,-158.145,-138.255,38,371,-876,448
2025-09-01 23:45:47.618000,-138.45000000000002,-218.01,-177.84,-147.615,-149.76,-144.10500000000002,-160.875,-122.655,38,371,-876,448
2025-09-01 23:45:47.627000,-93.99,-154.63500000000002,-108.615,-74.295,-78.39,-68.055,-89.50500000000001,-59.67,41,369,-880,384
2025-09-01 23:45:47.639714,-23.79,-60.84,4.875,23.595,17.16,44.655,23.595,34.905,43,368,-880,384
2025-09-01 23:45:47.652429,-85.215,-134.35500000000002,-77.025,-48.555,-52.845,-34.905,-57.135000000000005,-36.075,48,364,-881,512
2025-09-01 23:45:47.665143,-41.34,-83.46000000000001,-18.135,2.9250000000000003,-2.73,20.475,-0.195,7.41,40,368,-866,384
2025-09-01 23:45:47.677857,3.51,-24.96,40.56,62.205000000000005,56.55,88.92,59.67,61.620000000000005,40,369,-870,512
2025-09-01 23:45:47.690571,48.165,52.260000000000005,119.925,136.305,130.845,158.535,142.74,133.77,42,370,-873,448
2025-09-01 23:45:47.703286,62.79,58.305,125.19,135.915,130.65,155.415,133.77,118.755,42,370,-873,448
2025-09-01 23:45:47.716000,18.135,-3.12,55.77,65.52,62.400000000000006,83.46000000000001,55.38,53.04,39,372,-863,448
2025-09-01 23:45:47.717000,-54.6,-108.81,-52.455,-33.93,-48.36,-20.67,-45.435,-27.69,42,371,-871,448
2025-09-01 23:45:47.731833,-12.675,-38.61,10.14,28.47,26.91,40.755,29.835,31.785,44,370,-887,448
2025-09-01 23:45:47.746667,-58.89,-99.84,-47.775,-43.095,-37.05,-12.675,-18.72,-34.71,44,370,-887,448
2025-09-01 23:45:47.761500,-101.01,-153.85500000000002,-102.96,-91.65,-88.53,-60.84,-75.075,-75.075,42,371,-880,448
2025-09-01 23:45:47.776333,-148.395,-231.27,-174.525,-166.335,-167.31,-140.79,-177.84,-137.67000000000002,43,367,-876,512
2025-09-01 23:45:47.791167,-154.245,-236.34,-180.96,-173.16,-157.56,-138.45000000000002,-162.04500000000002,-129.87,43,367,-876,512
2025-09-01 23:45:47.806000,-115.245,-169.26000000000002,-114.66,-96.915,-85.215,-61.815000000000005,-86.775,-63.375,49,367,-871,448
2025-09-01 23:45:47.818714,-44.85,-78.58500000000001,-10.92,7.215,7.800000000000001,37.05,19.5,33.15,44,373,-878,384
2025-09-01 23:45:47.831429,-10.53,-21.645,7.41,23.595,27.495,46.215,14.43,15.015,44,373,-875,512
2025-09-01 23:45:47.844143,-51.675,-75.27,-47.775,-31.395,-31.395,-7.800000000000001,-36.465,-25.74,44,373,-875,512
2025-09-01 23:45:47.856857,-99.06,-138.255,-99.255,-97.305,-91.65,-62.595,-86.775,-72.345,43,375,-874,512
2025-09-01 23:45:47.869571,-148.98000000000002,-207.87,-180.96,-178.425,-171.21,-145.665,-167.115,-142.35,44,375,-875,448
2025-09-01 23:45:47.882286,-152.29500000000002,-218.79,-187.98,-179.985,-169.26000000000002,-137.475,-158.925,-129.09,44,372,-875,384
2025-09-01 23:45:47.895000,-107.445,-157.56,-121.875,-108.03,-100.815,-69.61500000000001,-88.14,-67.275,44,372,-879,384
2025-09-01 23:45:47.903571,-31.785,-48.555,-15.795,4.095,15.99,32.565,12.48,22.425,35,374,-868,448
2025-09-01 23:45:47.912143,-12.675,-20.085,3.315,19.5,25.35,32.370000000000005,21.45,16.965,47,374,-880,448
2025-09-01 23:45:47.920714,-49.92,-75.855,-46.995000000000005,-37.05,-31.59,-19.11,-28.275,-24.57,47,374,-880,448
2025-09-01 23:45:47.929286,-91.65,-135.72,-109.59,-101.79,-85.995,-77.415,-95.745,-75.855,41,376,-882,512
2025-09-01 23:45:47.937857,-146.445,-214.11,-184.275,-170.04,-170.625,-148.98000000000002,-171.21,-145.08,43,377,-880,512
2025-09-01 23:45:47.946429,-153.85500000000002,-217.62,-196.365,-172.57500000000002,-165.165,-150.735,-166.335,-134.35500000000002,44,375,-883,512
2025-09-01 23:45:47.955000,-106.86,-151.32,-126.36,-102.375,-90.87,-73.71000000000001,-90.09,-69.61500000000001,44,375,-883,512
2025-09-01 23:45:47.967857,-34.71,-56.55,-14.43,1.56,6.4350000000000005,28.47,12.48,13.845,42,375,-873,448
2025-09-01 23:45:47.980714,-8.775,-26.91,0.78,18.33,27.105,23.01,18.33,19.695,46,367,-883,448
2025-09-01 23:45:47.993571,-55.38,-81.51,-53.82,-42.51,-39.975,-20.865,-27.105,-25.155,46,367,-883,448
2025-09-01 23:45:48.006429,-93.015,-139.815,-110.955,-97.695,-91.65,-82.29,-86.97,-75.465,40,363,-880,512
2025-09-01 23:45:48.019286,-142.74,-213.135,-187.59,-166.725,-163.60500000000002,-156.585,-171.21,-140.01,44,365,-877,512
2025-09-01 23:45:48.032143,-147.42000000000002,-221.13,-193.05,-174.13500000000002,-167.31,-153.66,-160.095,-128.70000000000002,46,368,-876,448
2025-09-01 23:45:48.045000,-107.835,-154.44,-120.315,-107.445,-83.655,-82.485,-83.265,-57.915,46,368,-876,448
2025-09-01 23:45:48.058143,-41.145,-49.725,-17.16,0.195,15.6,20.865,22.62,23.595,51,368,-879,512
2025-09-01 23:45:48.071286,-10.14,17.745,-0.585,15.99,30.42,19.11,16.38,13.65,45,363,-876,384
2025-09-01 23:45:48.084429,-46.995000000000005,-35.685,-58.89,-42.705,-29.25,-36.075,-36.855,-33.15,45,363,-876,384
2025-09-01 23:45:48.097571,-85.41,-91.455,-121.68,-96.525,-87.165,-94.38,-98.475,-90.285,47,367,-885,448
2025-09-01 23:45:48.110714,-141.375,-180.18,-196.56,-187.005,-176.67000000000002,-170.625,-179.01000000000002,-149.565,46,365,-877,512
2025-09-01 23:45:48.123857,-156.78,-189.54,-196.95,-193.44,-171.6,-159.705,-166.53,-136.11,42,365,-873,512
2025-09-01 23:45:48.137000,-110.76,-120.12,-120.51,-114.27,-95.55,-83.655,-87.36,-72.93,40,368,-875,448
2025-09-01 23:45:48.149714,-28.08,-13.065,-17.55,-5.07,18.33,15.99,12.675,17.355,42,370,-874,448
2025-09-01 23:45:48.162429,-77.22,-86.97,-67.275,-58.5,-48.165,-38.61,-40.56,-19.11,34,374,-880,448
2025-09-01 23:45:48.175143,-43.68,-38.22,-17.355,-5.07,2.535,17.16,15.015,23.01,34,374,-880,448
2025-09-01 23:45:48.187857,-2.9250000000000003,18.72,40.365,56.940000000000005,66.69,69.42,67.08,71.565,34,379,-883,512
2025-09-01 23:45:48.200571,52.065000000000005,100.035,125.58,143.32500000000002,143.715,156.585,149.175,148.59,43,375,-878,448
2025-09-01 23:45:48.213286,59.865,102.375,128.31,142.54500000000002,144.69,152.1,145.665,136.695,48,366,-884,512
2025-09-01 23:45:48.226000,14.235,41.34,62.595,67.08,70.785,88.14,75.66,75.465,47,373,-881,448
2025-09-01 23:45:48.238714,-63.96,-56.55,-46.8,-43.875,-30.615,-25.155,-30.42,-18.525,45,376,-882,512
2025-09-01 23:45:48.251429,-79.95,-82.095,-83.265,-61.23,-52.065000000000005,-49.725,-43.875,-26.325,44,372,-875,512
2025-09-01 23:45:48.264143,-42.315000000000005,-41.925,-21.645,-9.36,-1.17,7.800000000000001,14.04,19.695,44,372,-875,448
2025-09-01 23:45:48.276857,-4.875,22.815,41.535,49.92,64.74000000000001,74.10000000000001,70.395,74.295,39,370,-876,448
2025-09-01 23:45:48.289571,54.6,102.375,121.485,130.26,144.885,152.685,149.175,145.665,41,361,-874,448
2025-09-01 23:45:48.302286,66.3,110.565,124.02,132.015,141.96,144.10500000000002,141.96,131.82,45,363,-866,448
2025-09-01 23:45:48.315000,24.765,45.045,56.940000000000005,62.985,63.765,68.64,66.885,67.275,43,372,-875,448
2025-09-01 23:45:48.324286,-47.775,-48.555,-45.435,-34.125,-35.685,-31.200000000000003,-35.49,-18.525,42,373,-871,512
2025-09-01 23:45:48.333571,4.875,1.365,26.130000000000003,32.955,39.975,44.46,45.435,39.0,34,378,-879,448
2025-09-01 23:45:48.342857,-32.565,-52.65,-29.055,-23.985,-16.575,-5.655,-7.800000000000001,-1.95,35,376,-880,512
2025-09-01 23:45:48.352143,-68.25,-107.835,-87.75,-77.22,-72.54,-60.84,-69.03,-47.775,35,376,-880,512
2025-09-01 23:45:48.361429,-120.51,-174.72,-170.82,-159.12,-144.10500000000002,-152.685,-156.0,-129.48000000000002,37,367,-880,448
2025-09-01 23:45:48.370714,-125.775,-184.08,-176.28,-161.07,-138.645,-145.08,-145.08,-115.44,48,372,-887,512
2025-09-01 23:45:48.380000,-77.61,-123.24,-105.69,-88.92,-71.565,-68.83500000000001,-71.565,-51.675,45,371,-880,512
2025-09-01 23:45:48.380500,-12.09,-17.16,-1.365,15.21,32.370000000000005,32.175000000000004,25.545,29.445,42,370,-882,512
2025-09-01 23:45:48.381000,-36.66,-76.05,-70.785,-63.375,-27.495,-39.975,-29.055,-22.815,45,373,-868,512
2025-09-01 23:45:48.381500,-7.800000000000001,-20.28,-16.38,-6.63,25.935,12.09,17.55,19.305,46,373,-871,448
2025-09-01 23:45:48.382000,29.64,21.45,43.875,59.67,77.025,69.61500000000001,74.10000000000001,68.64,46,373,-871,448
2025-09-01 23:45:48.409667,85.8,96.33,121.29,134.35500000000002,158.145,156.585,152.88,137.865,43,376,-865,512
2025-09-01 23:45:48.437333,91.065,101.79,125.58,137.085,160.875,156.195,146.64,128.895,43,365,-866,512
2025-09-01 23:45:48.465000,60.45,45.045,46.995000000000005,73.71000000000001,95.745,66.3,66.69,54.99,43,367,-868,512
2025-09-01 23:45:48.474143,-16.965,-54.015,-61.620000000000005,-40.17,-15.015,-36.075,-35.685,-35.49,44,370,-868,448
2025-09-01 23:45:48.483286,-19.11,-87.165,-77.025,-52.065000000000005,-25.155,-46.215,-46.02,-36.855,40,374,-876,448
2025-09-01 23:45:48.492429,23.595,-30.81,-23.01,2.535,25.35,7.0200000000000005,6.045,6.63,41,374,-876,448
2025-09-01 23:45:48.501571,59.67,19.89,39.585,56.745000000000005,82.485,67.47,71.955,66.105,41,374,-874,512
2025-09-01 23:45:48.510714,115.635,108.03,114.465,144.885,169.65,141.96,143.13,131.625,39,370,-877,448
2025-09-01 23:45:48.519857,121.095,107.64,124.995,141.96,164.775,139.62,136.89,118.755,39,370,-877,448
2025-09-01 23:45:48.529000,75.855,37.245000000000005,53.82,74.295,98.085,70.2,65.715,47.775,40,370,-875,448
2025-09-01 23:45:48.541286,-0.78,-60.45,-49.335,-39.195,-11.115,-35.88,-40.17,-34.905,35,371,-875,448
2025-09-01 23:45:48.553571,-65.13,-61.620000000000005,-124.41,-96.525,-62.400000000000006,-104.52,-175.89,-128.115,44,380,-885,512
2025-09-01 23:45:48.565857,-117.39,-116.415,-158.73000000000002,-174.33,-114.465,-134.55,-209.43,-111.735,47,376,-879,448
2025-09-01 23:45:48.578143,-216.45,-195.78,-195.78,-235.17,-205.335,-180.96,-227.955,-163.02,42,376,-879,448
2025-09-01 23:45:48.590429,-261.885,-287.43,-363.675,-351.195,-300.69,-347.49,-436.995,-342.81,42,382,-877,512
2025-09-01 23:45:48.602714,-259.15500000000003,-297.375,-409.305,-347.49,-304.005,-367.77,-484.575,-373.23,42,382,-877,512
2025-09-01 23:45:48.615000,-360.75,-270.66,-399.555,-391.755,-296.205,-339.3,-538.2,-410.085,39,379,-871,512
2025-09-01 23:45:48.616000,-360.75,-195.585,-226.395,-377.52,-215.085,-178.425,-280.8,-187.785,39,375,-872,448
2025-09-01 23:45:48.626500,-268.90500000000003,-219.765,-272.61,-376.35,-264.42,-237.12,-377.91,-262.665,39,373,-867,448
2025-09-01 23:45:48.637000,-316.485,-281.97,-324.09000000000003,-441.87,-324.675,-286.455,-411.645,-311.02500000000003,46,373,-878,512
2025-09-01 23:45:48.647500,-355.875,-341.64,-385.905,-499.395,-388.05,-348.27000000000004,-497.445,-357.435,41,376,-879,448
2025-09-01 23:45:48.658000,-409.5,-419.25,-473.46,-573.3000000000001,-466.83,-427.44,-585.78,-433.875,42,378,-881,448
2025-09-01 23:45:48.668500,-423.93,-416.91,-487.89,-586.1700000000001,-466.635,-431.925,-587.535,-430.17,42,378,-881,448
2025-09-01 23:45:48.679000,-382.395,-356.46000000000004,-423.93,-498.42,-385.515,-360.75,-504.27,-358.21500000000003,42,377,-875,384
2025-09-01 23:45:48.696143,-282.36,-245.115,-311.415,-383.37,-272.415,-254.865,-411.45,-279.63,40,376,-878,448
2025-09-01 23:45:48.713286,-97.695,-183.3,-265.005,-267.54,-179.985,-206.7,-388.44,-175.5,38,373,-883,512
2025-09-01 23:45:48.730429,-53.625,-129.285,-206.895,-202.41,-124.605,-150.345,-260.52,-154.44,37,366,-876,512
2025-09-01 23:45:48.747571,-10.725,-68.64,-149.37,-137.67000000000002,-61.425,-89.50500000000001,-181.74,-97.89,41,366,-872,512
2025-09-01 23:45:48.764714,46.02,6.24,-62.595,-51.675,22.425,-2.9250000000000003,-105.495,-13.455,43,364,-873,448
2025-09-01 23:45:48.781857,50.7,15.015,-63.96,-48.555,19.5,-9.36,-116.025,-19.89,43,364,-873,448
2025-09-01 23:45:48.799000,6.4350000000000005,-43.095,-122.265,-117.0,-44.46,-79.95,-190.125,-80.925,42,364,-868,448
2025-09-01 23:45:48.811000,-63.18,-150.54,-216.255,-218.01,-156.39,-170.82,-286.455,-167.70000000000002,43,370,-870,448
2025-09-01 23:45:48.823000,-46.8,-134.35500000000002,-180.57,-140.205,-89.31,-119.535,-205.53,-90.675,39,388,-865,512
2025-09-01 23:45:48.835000,-1.56,-81.315,-123.825,-80.925,-34.125,-63.96,-144.69,-43.875,42,380,-868,512
2025-09-01 23:45:48.847000,26.91,-23.4,-62.79,-27.69,20.67,8.97,-86.19,12.87,45,376,-872,512
2025-09-01 23:45:48.859000,88.53,50.115,21.255,60.45,111.735,87.94500000000001,-4.875,85.41,43,375,-874,512
2025-09-01 23:45:48.871000,109.005,67.275,25.155,73.905,120.12,75.075,-3.9,71.565,43,375,-874,512
2025-09-01 23:45:48.883000,63.375,3.315,-44.07,7.41,46.41,4.095,-78.78,11.895,47,375,-873,512
2025-09-01 23:45:48.900286,-9.165,-97.695,-141.96,-97.695,-57.330000000000005,-95.745,-170.625,-70.59,39,376,-873,512
2025-09-01 23:45:48.917571,58.5,1.17,-5.8500000000000005,68.83500000000001,75.465,43.68,57.915,100.62,40,377,-867,512
2025-09-01 23:45:48.934857,98.475,53.04,55.38,124.41,134.16,101.01,116.22,150.345,40,377,-867,512
2025-09-01 23:45:48.952143,141.96,113.295,117.195,183.105,194.805,164.19,170.625,196.56,37,375,-868,448
2025-09-01 23:45:48.969429,190.32,187.005,202.215,267.345,274.95,251.355,255.255,275.535,39,375,-870,512
2025-09-01 23:45:48.986714,200.46,197.34,207.87,273.0,274.95,246.675,258.765,263.83500000000004,39,375,-870,512
2025-09-01 23:45:49.004000,151.905,125.58,147.42000000000002,197.535,197.34,170.04,192.855,197.535,42,379,-888,448
2025-09-01 23:45:49.016857,90.87,31.98,34.515,106.665,110.565,63.57,87.555,108.615,43,375,-872,448
2025-09-01 23:45:49.029714,128.70000000000002,121.68,140.79,195.39,183.3,155.415,193.245,182.13,46,376,-873,448
2025-09-01 23:45:49.042571,92.43,71.565,78.58500000000001,139.62,124.605,101.4,135.72,135.915,46,376,-873,448
2025-09-01 23:45:49.055429,52.065000000000005,13.65,22.23,80.73,67.08,39.975,82.485,85.8,46,374,-872,448
2025-09-01 23:45:49.068286,-17.55,-62.010000000000005,-58.89,-21.255,-22.425,-43.485,3.51,15.795,46,373,-874,448
2025-09-01 23:45:49.081143,-26.325,-68.25,-64.935,-9.165,-16.575,-33.15,2.73,25.74,46,374,-877,448
2025-09-01 23:45:49.094000,24.375,-2.9250000000000003,4.095,68.055,62.010000000000005,36.27,77.805,87.94500000000001,46,374,-877,448
2025-09-01 23:45:49.102714,101.01,95.16,104.325,171.99,166.725,137.475,171.99,168.87,49,372,-886,512
2025-09-01 23:45:49.111429,107.835,127.335,138.06,188.565,173.16,150.93,192.075,168.87,39,376,-878,512
2025-09-01 23:45:49.120143,68.44500000000001,79.56,79.75500000000001,132.405,119.145,100.035,139.035,126.36,39,376,-878,512
2025-09-01 23:45:49.128857,28.08,30.225,28.47,72.93,66.885,44.46,83.46000000000001,74.88,41,375,-880,448
2025-09-01 23:45:49.137571,-25.155,-45.435,-53.82,-10.92,-18.525,-32.175000000000004,-1.365,11.31,40,374,-878,512
2025-09-01 23:45:49.146286,-30.615,-57.525,-62.400000000000006,-7.605,-18.525,-33.735,3.315,19.695,40,374,-876,512
2025-09-01 23:45:49.155000,12.09,-3.705,6.045,59.085,47.97,29.25,81.9,85.215,40,374,-876,512
2025-09-01 23:45:49.168286,81.705,99.06,109.59,162.63,149.955,141.375,175.89,170.04,48,376,-880,448
2025-09-01 23:45:49.181571,33.15,93.405,27.69,68.44500000000001,61.815000000000005,53.04,90.285,85.215,39,371,-879,512
2025-09-01 23:45:49.194857,68.25,142.54500000000002,80.925,126.36,110.76,104.91,145.86,125.97,39,371,-879,512
2025-09-01 23:45:49.208143,110.955,198.705,145.86,180.765,165.75,171.21,202.215,177.84,43,367,-880,512
2025-09-01 23:45:49.221429,158.34,269.295,226.2,254.865,249.405,239.265,285.675,246.675,44,369,-878,512
2025-09-01 23:45:49.234714,167.895,291.72,229.515,261.105,252.135,239.07,276.12,231.66,43,372,-878,448
2025-09-01 23:45:49.248000,131.235,220.35,166.14,191.295,179.79,169.26000000000002,203.385,175.695,43,372,-878,448
2025-09-01 23:45:49.256143,56.16,110.37,68.83500000000001,87.75,70.59,63.375,104.13,88.53,50,367,-879,448
2025-09-01 23:45:49.264286,91.26,156.78,121.485,146.055,132.21,119.73,161.655,119.34,41,369,-874,448
2025-09-01 23:45:49.272429,53.82,96.33,62.79,89.11500000000001,73.71000000000001,62.595,107.25,74.49000000000001,41,369,-874,448
2025-09-01 23:45:49.280571,20.085,48.165,-1.95,32.76,11.115,2.34,52.065000000000005,28.47,44,366,-872,512
2025-09-01 23:45:49.288714,-33.54,-31.005000000000003,-83.07000000000001,-61.035,-69.22500000000001,-74.49000000000001,-39.0,-53.82,45,371,-875,512
2025-09-01 23:45:49.296857,-47.385000000000005,-45.045,-86.97,-56.745000000000005,-71.565,-71.175,-41.145,-46.605,47,370,-873,448
2025-09-01 23:45:49.305000,-7.605,25.155,-17.94,12.48,3.705,-1.755,37.245000000000005,20.67,46,373,-877,448
2025-09-01 23:45:49.306000,63.96,116.61,90.675,120.51,104.91,104.52,142.935,117.78,45,373,-877,448
2025-09-01 23:45:49.320833,0.0,19.695,7.800000000000001,26.325,18.33,26.91,49.335,29.25,45,370,-878,512
2025-09-01 23:45:49.335667,41.535,65.13,65.91,84.63000000000001,71.76,84.435,108.42,71.76,45,370,-878,512
2025-09-01 23:45:49.350500,82.29,130.26,120.12,143.52,124.8,131.235,175.11,122.265,40,366,-867,448
2025-09-01 23:45:49.365333,135.135,206.7,192.66,220.155,201.24,200.46,253.305,183.69,44,366,-885,512
2025-09-01 23:45:49.380167,137.28,214.89,202.41,218.595,198.51,201.24,210.405,185.445,43,369,-885,448
2025-09-01 23:45:49.395000,86.775,154.05,142.155,138.255,133.77,136.5,117.0,134.16,45,374,-881,512
2025-09-01 23:45:49.412571,28.665000000000003,38.61,38.22,49.53,30.03,33.54,95.16,15.21,40,371,-881,512
2025-09-01 23:45:49.430143,-13.455,5.07,1.755,19.5,-0.975,20.475,55.575,27.3,45,362,-876,512
2025-09-01 23:45:49.447714,20.865,54.99,57.135000000000005,68.055,46.605,78.97500000000001,105.69,73.125,45,362,-876,512
2025-09-01 23:45:49.465286,64.545,112.71,113.49,129.09,116.22,125.775,155.415,118.17,46,364,-888,448
2025-09-01 23:45:49.482857,126.165,198.51,185.835,212.355,195.975,193.05,231.075,184.47,35,360,-883,384
2025-09-01 23:45:49.500429,134.94,202.8,196.755,218.595,192.855,190.905,224.835,176.28,40,360,-880,448
2025-09-01 23:45:49.518000,98.28,144.885,129.285,144.885,125.58,121.875,159.12,112.125,45,362,-880,448
2025-09-01 23:45:49.530286,26.325,35.1,28.47,44.07,20.085,19.5,61.815000000000005,32.955,42,365,-877,384
2025-09-01 23:45:49.542571,49.725,103.155,112.905,99.84,79.17,93.405,133.77,95.55,44,366,-873,512
2025-09-01 23:45:49.554857,13.065,46.8,47.97,50.31,22.23,36.855,76.44,44.655,43,365,-875,448
2025-09-01 23:45:49.567143,-25.935,-2.145,-23.985,-0.39,-28.86,-35.88,-3.9,-27.105,43,365,-875,448
2025-09-01 23:45:49.579429,-70.98,-77.415,-115.44,-82.29,-115.05,-123.435,-94.77,-101.4,45,369,-880,512
2025-09-01 23:45:49.591714,-89.7,-97.5,-117.585,-100.815,-123.825,-114.855,-85.605,-91.455,38,367,-881,448
2025-09-01 23:45:49.604000,-38.415,-24.57,-50.505,-14.82,-39.195,-37.635,-10.725,-20.28,41,369,-876,448
2025-09-01 23:45:49.617000,26.130000000000003,73.125,68.44500000000001,79.75500000000001,55.575,80.73,91.065,70.98,46,365,-877,448
2025-09-01 23:45:49.630000,55.575,94.185,104.13,100.62,72.15,91.065,123.24,85.995,43,365,-877,512
2025-09-01 23:45:49.643000,17.94,43.485,41.145,47.97,15.405,34.125,60.645,37.83,43,364,-878,512
2025-09-01 23:45:49.656000,-25.155,-14.625,-15.795,-27.105,-41.34,-27.69,7.215,-16.38,43,364,-878,512
2025-09-01 23:45:49.669000,-75.27,-86.385,-94.185,-97.305,-121.68,-99.06,-74.10000000000001,-80.73,49,360,-867,448
2025-09-01 23:45:49.682000,-88.14,-99.255,-102.375,-103.935,-126.945,-105.495,-77.61,-81.705,46,365,-870,512
2025-09-01 23:45:49.695000,-43.68,-36.66,-34.71,-35.88,-51.870000000000005,-40.365,2.34,-11.505,49,368,-873,448
2025-09-01 23:45:49.711857,30.615,59.865,72.345,70.59,49.53,65.715,108.225,76.635,48,366,-876,384
2025-09-01 23:45:49.728714,-38.025,-12.285,-20.28,-15.6,-40.755,-17.355,8.97,9.555,39,375,-875,448
2025-09-01 23:45:49.745571,5.07,39.195,29.055,43.485,18.33,35.49,56.355,56.355,40,375,-877,448
2025-09-01 23:45:49.762429,43.095,90.285,92.04,98.475,77.025,92.43,121.29,103.935,40,375,-877,448
2025-09-01 23:45:49.779286,98.67,159.12,177.45000000000002,184.665,151.905,179.01000000000002,203.97,175.5,41,373,-864,448
2025-09-01 23:45:49.796143,104.52,165.165,181.35,186.615,147.81,178.815,203.97,168.87,46,375,-861,448
2025-09-01 23:45:49.813000,59.475,109.59,117.585,109.005,78.58500000000001,115.05,126.945,105.3,42,372,-870,448
2025-09-01 23:45:49.813333,-14.235,15.6,4.875,12.675,-16.575,-3.705,16.185000000000002,8.385,43,372,-875,512
2025-09-01 23:45:49.813667,-37.83,-35.1,-32.370000000000005,-28.47,-35.685,-19.5,6.045,-0.585,39,368,-872,512
2025-09-01 23:45:49.814000,-5.07,23.595,21.45,33.735,18.135,30.81,53.625,41.925,50,368,-874,448
2025-09-01 23:45:49.829500,31.98,75.66,78.39,95.94,80.73,95.355,117.975,94.77,47,369,-873,384
2025-09-01 23:45:49.845000,86.775,145.86,161.85,182.52,160.875,172.57500000000002,192.075,159.9,47,370,-871,512
2025-09-01 23:45:49.860500,102.765,156.585,169.65,190.515,163.995,167.115,190.125,152.49,47,370,-871,512
2025-09-01 23:45:49.876000,58.5,95.94,94.575,117.195,90.675,90.87,118.365,84.825,43,368,-872,512
2025-09-01 23:45:49.889143,-8.385,-3.9,-5.8500000000000005,10.725,-13.455,-9.165,15.21,3.9,43,369,-872,448
2025-09-01 23:45:49.902286,35.295,51.48,60.84,68.25,44.46,56.940000000000005,81.12,60.45,41,374,-877,448
2025-09-01 23:45:49.915429,-3.9,-5.07,-0.78,13.65,-8.58,3.12,24.57,9.555,38,379,-881,448
2025-09-01 23:45:49.928571,-50.505,-60.645,-58.11,-43.875,-70.59,-57.135000000000005,-39.39,-40.365,37,377,-879,448
2025-09-01 23:45:49.941714,-95.745,-134.94,-138.645,-131.82,-148.20000000000002,-142.35,-119.145,-115.245,37,379,-876,512
2025-09-01 23:45:49.954857,-107.835,-146.835,-150.345,-130.455,-149.76,-139.23000000000002,-115.635,-110.76,37,379,-876,512
2025-09-01 23:45:49.968000,-62.205000000000005,-88.33500000000001,-79.56,-58.89,-82.29,-63.96,-43.29,-37.635,38,380,-875,512
2025-09-01 23:45:49.976571,11.31,10.335,29.64,43.68,20.67,44.265,64.74000000000001,49.14,39,379,-874,512
2025-09-01 23:45:49.985143,-37.635,-74.685,-65.13,-37.83,-58.5,-43.29,-26.91,-24.18,44,372,-875,512
2025-09-01 23:45:49.993714,5.07,-23.79,-6.63,5.07,-6.63,18.915,33.735,25.545,44,378,-868,512
2025-09-01 23:45:50.002286,37.245000000000005,36.855,55.965,79.95,58.695,77.22,91.65,72.54,43,376,-871,512
2025-09-01 23:45:50.010857,92.235,108.42,132.405,166.335,140.985,154.05,172.38,143.91,41,377,-872,512
2025-09-01 23:45:50.019429,106.275,118.56,141.57,174.33,137.28,148.98000000000002,170.235,132.21,41,377,-872,512
2025-09-01 23:45:50.028000,63.96,62.010000000000005,66.885,105.3,66.885,80.535,96.135,66.885,42,382,-880,448
2025-09-01 23:45:50.040429,-8.97,-37.83,-30.03,-5.46,-36.855,-12.285,-10.335,-11.895,41,377,-877,448
2025-09-01 23:45:50.052857,33.15,2.9250000000000003,30.81,61.815000000000005,33.345,34.71,54.405,30.03,34,379,-870,448
2025-09-01 23:45:50.065286,-11.115,-46.995000000000005,-22.23,-0.78,-28.08,-18.525,-4.875,-17.94,34,380,-874,384
2025-09-01 23:45:50.077714,-60.45,-105.69,-85.8,-66.3,-82.095,-78.19500000000001,-63.57,-69.81,34,379,-875,512
2025-09-01 23:45:50.090143,-116.025,-173.55,-172.57500000000002,-144.10500000000002,-166.335,-160.875,-146.835,-145.08,37,376,-871,448
2025-09-01 23:45:50.102571,-123.045,-190.125,-180.765,-159.705,-171.405,-157.95000000000002,-145.86,-138.645,37,376,-871,448
2025-09-01 23:45:50.115000,-85.02,-136.305,-109.005,-85.41,-107.445,-77.61,-60.84,-63.375,41,377,-892,512
2025-09-01 23:45:50.116000,-11.895,-29.445,-7.0200000000000005,26.91,5.655,15.015,34.125,15.795,36,379,-881,448
2025-09-01 23:45:50.126000,20.865,4.68,25.155,33.54,18.525,34.71,47.97,13.065,38,380,-884,448
2025-09-01 23:45:50.136000,-17.355,-53.04,-31.200000000000003,-22.62,-35.1,-20.475,-10.53,-33.54,38,380,-883,448
2025-09-01 23:45:50.146000,-57.915,-103.74,-92.43,-70.005,-95.16,-84.045,-67.665,-85.605,33,378,-884,448
2025-09-01 23:45:50.156000,-112.32,-178.425,-170.82,-144.885,-171.21,-159.705,-143.32500000000002,-154.245,38,379,-881,448
2025-09-01 23:45:50.166000,-124.995,-189.735,-180.375,-156.39,-176.475,-160.68,-139.035,-148.20000000000002,38,379,-881,448
2025-09-01 23:45:50.176000,-89.7,-127.92,-112.905,-88.92,-104.715,-80.145,-70.98,-82.875,43,380,-890,448
2025-09-01 23:45:50.188857,-16.185000000000002,-27.69,-7.0200000000000005,11.115,4.29,22.62,33.735,2.145,38,382,-875,384
2025-09-01 23:45:50.201714,-83.265,-119.925,-94.575,-68.64,-73.905,-63.18,-50.895,-75.855,33,375,-877,512
2025-09-01 23:45:50.214571,-42.120000000000005,-62.985,-35.88,-11.31,-12.285,-9.36,6.825,-29.25,33,375,-877,512
2025-09-01 23:45:50.227429,-0.78,-2.535,24.375,47.97,38.22,57.330000000000005,61.815000000000005,23.595,34,373,-878,512
2025-09-01 23:45:50.240286,53.235,68.055,103.545,135.525,120.9,130.26,144.495,95.94,35,373,-877,448
2025-09-01 23:45:50.253143,65.52,78.78,112.71,140.4,125.58,126.945,143.91,89.31,38,374,-877,448
2025-09-01 23:45:50.266000,21.45,20.28,46.995000000000005,68.25,62.595,61.815000000000005,73.71000000000001,27.69,38,374,-883,448
2025-09-01 23:45:50.278571,-46.215,-80.73,-55.77,-52.455,-46.605,-42.315000000000005,-26.715,-59.28,29,372,-862,512
2025-09-01 23:45:50.291143,-9.945,0.39,13.26,30.81,28.47,32.955,31.785,-12.48,42,361,-877,448
2025-09-01 23:45:50.303714,-42.315000000000005,-59.865,-42.315000000000005,-15.015,-23.205,-24.765,-25.545,-60.45,42,361,-877,448
2025-09-01 23:45:50.316286,-79.95,-121.875,-113.49,-73.905,-85.605,-93.99,-80.73,-112.125,45,364,-873,384
2025-09-01 23:45:50.328857,-130.65,-197.34,-193.245,-149.565,-157.755,-176.085,-167.70000000000002,-185.64,43,365,-876,512
2025-09-01 23:45:50.341429,-146.835,-212.745,-199.095,-163.02,-165.555,-174.525,-160.095,-172.965,42,364,-875,512
2025-09-01 23:45:50.354000,-103.35,-149.37,-132.79500000000002,-97.89,-102.765,-102.57,-87.555,-111.15,42,364,-875,512
2025-09-01 23:45:50.367000,-32.76,-47.385000000000005,-22.035,9.165,8.19,3.705,17.94,-22.62,49,363,-867,512
2025-09-01 23:45:50.380000,-13.455,-21.45,21.255,29.835,27.3,42.705,35.49,-1.95,41,364,-872,448
2025-09-01 23:45:50.393000,-56.55,-75.855,-34.125,-25.545,-28.47,-16.77,-17.745,-48.945,41,364,-872,448
2025-09-01 23:45:50.406000,-93.795,-130.455,-102.765,-81.315,-84.63000000000001,-86.58,-75.855,-102.18,44,363,-873,448
2025-09-01 23:45:50.419000,-149.37,-206.31,-180.765,-169.455,-171.405,-163.215,-156.195,-165.36,41,364,-874,448
2025-09-01 23:45:50.432000,-167.115,-218.01,-193.44,-172.38,-171.015,-165.945,-157.17000000000002,-162.04500000000002,41,366,-876,448
2025-09-01 23:45:50.445000,-122.265,-154.63500000000002,-126.555,-106.665,-99.645,-97.305,-84.63000000000001,-108.03,41,366,-876,448
2025-09-01 23:45:50.453429,-40.17,-59.865,-24.18,-8.58,0.195,10.14,18.72,-20.28,37,373,-872,448
2025-09-01 23:45:50.461857,-95.745,-134.16,-92.625,-79.56,-70.2,-65.52,-53.625,-66.69,34,369,-873,448
2025-09-01 23:45:50.470286,-59.28,-81.12,-32.565,-22.425,-8.19,-1.755,12.675,-20.865,34,369,-873,448
2025-09-01 23:45:50.478714,-15.21,-23.205,30.03,49.14,52.065000000000005,59.67,71.175,30.81,36,370,-870,512
2025-09-01 23:45:50.487143,36.27,51.870000000000005,112.905,128.895,137.67000000000002,137.475,147.225,102.18,36,366,-875,448
2025-09-01 23:45:50.495571,55.575,64.35000000000001,120.51,139.035,138.45000000000002,145.08,143.52,95.355,35,366,-875,448
2025-09-01 23:45:50.504000,-0.195,-0.39,61.035,58.89,63.375,76.05,74.295,36.465,38,365,-870,512
2025-09-01 23:45:50.517143,-84.825,-106.665,-46.8,-66.495,-50.31,-23.985,-27.885,-45.63,38,368,-873,448
2025-09-01 23:45:50.530286,-227.175,-215.67,-102.375,-158.34,-135.33,-49.53,-107.055,-56.940000000000005,39,369,-879,512
2025-09-01 23:45:50.543429,-191.295,-159.705,-44.07,-102.57,-84.63000000000001,2.34,-54.21,-14.625,39,369,-879,512
2025-09-01 23:45:50.556571,-148.395,-100.23,18.72,-31.59,-24.18,63.375,8.385,43.095,36,373,-881,512
2025-09-01 23:45:50.569714,-104.52,-31.005000000000003,95.16,54.015,51.285,153.07500000000002,93.015,117.195,33,372,-877,448
2025-09-01 23:45:50.582857,-92.04,-22.425,104.13,57.330000000000005,56.745000000000005,149.565,84.825,109.785,35,376,-875,448
2025-09-01 23:45:50.596000,-143.52,-86.19,40.56,-25.935,-5.655,78.39,7.800000000000001,51.675,37,375,-878,448
2025-09-01 23:45:50.604429,-217.035,-183.495,-59.085,-118.17,-109.59,-23.595,-98.085,-35.685,34,373,-879,448
2025-09-01 23:45:50.612857,-169.065,-110.565,70.98,3.12,-15.015,104.325,49.335,109.395,38,371,-874,512
2025-09-01 23:45:50.621286,-209.625,-157.95000000000002,12.87,-58.89,-70.98,48.165,-8.97,62.205000000000005,38,371,-874,512
2025-09-01 23:45:50.629714,-253.89,-218.595,-48.36,-120.315,-132.405,-15.405,-71.76,9.555,34,367,-863,448
2025-09-01 23:45:50.638143,-299.13,-288.015,-130.26,-194.025,-208.26,-99.45,-156.78,-66.885,35,371,-879,448
2025-09-01 23:45:50.646571,-312.0,-304.39500000000004,-143.13,-205.14,-215.085,-100.035,-156.975,-56.745000000000005,34,375,-874,448
2025-09-01 23:45:50.655000,-279.435,-250.38,-75.66,-137.085,-150.345,-24.375,-78.78,6.24,36,376,-876,512
2025-09-01 23:45:50.655500,-198.51,-134.35500000000002,33.15,-27.105,-37.05,75.855,24.375,98.67,39,376,-877,512
2025-09-01 23:45:50.656000,-197.73,-174.33,-48.75,-70.005,-83.46000000000001,-3.51,-32.370000000000005,27.3,37,372,-880,448
2025-09-01 23:45:50.674000,-158.535,-125.97,10.92,-15.99,-30.42,54.6,22.23,66.885,41,369,-886,448
2025-09-01 23:45:50.692000,-115.245,-62.595,68.83500000000001,43.485,31.785,106.08,82.485,125.385,41,369,-886,448
2025-09-01 23:45:50.710000,-58.89,10.92,150.15,141.765,123.63,191.295,165.36,200.07,43,366,-888,512
2025-09-01 23:45:50.728000,-44.265,21.45,168.09,152.1,128.115,195.0,172.57500000000002,194.415,42,373,-893,512
2025-09-01 23:45:50.746000,-79.75500000000001,-39.78,97.5,83.655,55.38,128.895,94.77,127.14,41,372,-883,448
2025-09-01 23:45:50.754429,-158.73000000000002,-130.845,-7.215,-31.59,-50.7,17.55,1.365,45.045,42,375,-879,448
2025-09-01 23:45:50.762857,-55.38,-30.81,70.59,66.69,48.945,68.055,72.93,90.48,38,378,-875,448
2025-09-01 23:45:50.771286,-91.455,-85.02,11.505,3.315,-4.29,12.675,11.895,44.85,37,377,-872,384
2025-09-01 23:45:50.779714,-131.04,-148.005,-46.02,-51.675,-78.39,-38.22,-47.775,1.365,37,377,-872,384
2025-09-01 23:45:50.788143,-194.61,-221.715,-126.75,-133.77,-159.315,-119.73,-129.09,-74.10000000000001,43,379,-881,512
2025-09-01 23:45:50.796571,-206.505,-239.46,-149.76,-145.86,-166.53,-133.185,-134.16,-80.145,39,377,-878,512
2025-09-01 23:45:50.805000,-156.78,-175.89,-87.555,-78.39,-94.185,-73.125,-64.545,-17.55,39,378,-875,448
2025-09-01 23:45:50.818286,-81.705,-76.05,27.885,32.955,16.185000000000002,36.075,40.365,69.03,41,379,-874,512
2025-09-01 23:45:50.831571,-27.885,-10.725,70.785,63.765,46.02,57.135000000000005,69.22500000000001,79.36500000000001,42,377,-878,448
2025-09-01 23:45:50.844857,-67.275,-63.18,15.99,15.99,-5.07,5.655,10.14,32.565,41,378,-877,512
2025-09-01 23:45:50.858143,-112.71,-125.58,-42.51,-54.795,-70.395,-58.11,-43.485,-14.04,41,378,-877,512
2025-09-01 23:45:50.871429,-153.07500000000002,-194.805,-121.875,-139.035,-145.08,-138.45000000000002,-120.12,-89.50500000000001,49,379,-874,448
2025-09-01 23:45:50.884714,-178.23000000000002,-215.28,-136.695,-145.86,-151.905,-140.01,-120.51,-88.14,46,381,-893,448
2025-09-01 23:45:50.898000,-126.945,-155.415,-79.56,-70.59,-81.705,-77.22,-64.935,-31.785,44,385,-886,448
2025-09-01 23:45:50.910286,-55.965,-59.67,36.66,32.370000000000005,26.130000000000003,35.88,45.24,60.84,45,384,-883,448
2025-09-01 23:45:50.922571,-66.69,-121.875,-48.75,-46.41,-54.795,-53.04,-41.535,-7.0200000000000005,38,377,-882,512
2025-09-01 23:45:50.934857,-23.985,-65.325,11.115,16.185000000000002,5.265000000000001,4.485,17.94,36.465,39,381,-883,512
2025-09-01 23:45:50.947143,12.87,-2.535,84.045,70.005,61.620000000000005,69.03,86.385,95.55,39,379,-879,448
2025-09-01 23:45:50.959429,78.19500000000001,74.88,159.315,157.17000000000002,146.445,151.905,152.88,159.705,38,378,-877,448
2025-09-01 23:45:50.971714,88.53,92.43,174.915,150.735,149.565,158.925,160.485,158.73000000000002,38,378,-877,448
2025-09-01 23:45:50.984000,46.02,34.32,105.69,88.33500000000001,83.46000000000001,78.78,92.82,95.16,37,378,-878,512
2025-09-01 23:45:50.997143,-13.455,-62.010000000000005,-6.045,-13.845,-15.405,-32.955,-23.01,-3.51,39,377,-874,384
2025-09-01 23:45:51.010286,55.38,40.17,80.34,61.620000000000005,51.870000000000005,35.685,56.745000000000005,55.965,35,367,-866,384
2025-09-01 23:45:51.023429,18.915,-16.38,25.935,6.4350000000000005,-7.215,-24.57,-0.585,9.36,33,379,-873,512
2025-09-01 23:45:51.036571,-20.67,-74.88,-36.465,-50.505,-68.055,-79.95,-57.330000000000005,-39.78,34,371,-870,384
2025-09-01 23:45:51.049714,-73.515,-139.815,-119.145,-132.79500000000002,-142.155,-162.04500000000002,-144.3,-113.1,37,372,-872,448
2025-09-01 23:45:51.062857,-96.915,-156.78,-138.645,-147.81,-153.07500000000002,-170.04,-155.025,-115.05,37,372,-872,448
2025-09-01 23:45:51.076000,-46.215,-108.81,-62.79,-76.635,-87.165,-88.33500000000001,-75.075,-47.775,36,374,-870,448
2025-09-01 23:45:51.077000,26.325,1.365,39.39,27.69,14.625,-0.975,32.565,37.83,37,376,-868,512
2025-09-01 23:45:51.078000,-9.945,-55.38,-24.57,-50.895,-54.015,-70.2,-38.22,-37.44,40,378,-873,512
2025-09-01 23:45:51.095800,30.03,-4.875,25.35,6.63,0.195,-20.865,17.355,3.12,42,375,-868,448
2025-09-01 23:45:51.113600,70.98,59.67,86.58,76.635,66.69,41.535,74.295,55.77,42,375,-875,512
2025-09-01 23:45:51.131400,131.82,135.915,169.26000000000002,153.465,145.665,123.045,151.71,127.14,39,375,-878,448
2025-09-01 23:45:51.149200,148.785,158.925,183.69,171.405,158.535,127.53,156.585,123.045,39,375,-878,448
2025-09-01 23:45:51.167000,106.86,94.965,120.315,103.155,91.065,59.67,91.26,68.44500000000001,41,373,-863,512
2025-09-01 23:45:51.179857,39.195,-5.8500000000000005,8.97,1.17,-16.575,-55.965,-20.67,-30.615,40,377,-870,512
2025-09-01 23:45:51.192714,-2.535,-43.875,-22.62,-44.46,-47.97,-78.0,-54.795,-55.77,35,378,-863,448
2025-09-01 23:45:51.205571,39.195,8.58,42.120000000000005,6.045,11.895,-19.5,5.07,-6.045,30,377,-872,512
2025-09-01 23:45:51.218429,85.215,68.83500000000001,110.565,63.765,65.13,41.925,71.175,55.38,33,379,-874,512
2025-09-01 23:45:51.231286,125.775,144.10500000000002,190.515,155.415,148.005,124.02,149.37,124.215,38,379,-875,448
2025-09-01 23:45:51.244143,141.375,163.8,204.555,163.02,158.145,130.845,157.755,124.995,38,379,-875,448
2025-09-01 23:45:51.257000,108.615,106.665,137.475,102.375,91.65,55.38,82.485,61.425,41,377,-883,448
2025-09-01 23:45:51.269429,41.925,6.045,26.130000000000003,2.34,-14.43,-53.82,-30.81,-36.27,42,375,-877,448
2025-09-01 23:45:51.281857,111.93,114.66,141.18,87.94500000000001,71.37,24.96,56.55,26.91,41,374,-877,512
2025-09-01 23:45:51.294286,82.095,57.330000000000005,78.58500000000001,31.005000000000003,15.99,-29.64,-1.365,-16.965,41,374,-877,512
2025-09-01 23:45:51.306714,44.655,9.165,16.185000000000002,-37.635,-46.605,-95.94,-64.545,-76.245,38,376,-874,448
2025-09-01 23:45:51.319143,-5.46,-69.81,-55.185,-110.175,-117.975,-164.19,-148.59,-150.735,39,376,-875,384
2025-09-01 23:45:51.331571,-23.595,-93.99,-79.75500000000001,-135.525,-134.55,-180.375,-160.875,-148.59,39,376,-875,384
2025-09-01 23:45:51.344000,20.475,-34.125,-11.7,-69.42,-67.665,-113.49,-77.415,-80.535,45,373,-877,448
2025-09-01 23:45:51.352714,86.385,62.79,104.91,35.295,31.98,-0.195,35.1,10.92,45,367,-867,448
2025-09-01 23:45:51.361429,81.315,17.355,46.8,-38.025,-41.73,-83.265,-45.435,-64.35000000000001,42,375,-877,448
2025-09-01 23:45:51.370143,112.71,67.86,107.64,9.75,11.895,-20.67,9.555,-22.035,36,375,-877,448
2025-09-01 23:45:51.378857,157.95000000000002,122.265,175.11,76.83,72.93,50.115,60.84,27.69,37,374,-877,448
2025-09-01 23:45:51.387571,215.28,200.46,245.7,159.9,154.44,110.37,139.62,95.745,36,371,-878,512
2025-09-01 23:45:51.396286,230.295,219.375,265.59000000000003,170.04,167.31,119.34,154.05,97.695,38,374,-879,512
2025-09-01 23:45:51.405000,187.395,160.29,201.24,101.79,98.67,51.285,91.065,36.27,38,374,-879,512
2025-09-01 23:45:51.417857,134.55,64.74000000000001,92.235,10.725,-3.51,-55.38,-18.915,-54.405,29,370,-873,448
2025-09-01 23:45:51.430714,104.13,37.44,58.695,-48.165,-46.02,-88.14,-49.53,-72.54,37,369,-884,448
2025-09-01 23:45:51.443571,137.475,84.435,122.07,10.53,10.335,-24.18,18.72,-17.94,37,369,-884,448
2025-09-01 23:45:51.456429,195.39,146.445,187.2,75.855,73.71000000000001,37.245000000000005,85.8,34.125,34,373,-882,512
2025-09-01 23:45:51.469286,248.235,219.96,275.34000000000003,158.34,152.1,121.29,166.725,104.52,34,370,-878,384
2025-09-01 23:45:51.482143,258.18,239.46,289.38,183.3,169.26000000000002,129.48000000000002,176.085,103.74,35,369,-876,512
2025-09-01 23:45:51.495000,223.08,181.935,223.86,121.68,107.445,60.645,101.01,38.61,35,369,-876,512
2025-09-01 23:45:51.512429,160.485,86.385,117.39,12.285,1.56,-45.825,-10.14,-49.335,37,375,-883,448
2025-09-01 23:45:51.529857,194.805,141.18,197.145,60.84,62.595,25.935,52.845,5.8500000000000005,39,371,-873,448
2025-09-01 23:45:51.547286,153.66,83.85000000000001,138.84,-5.07,-1.95,-35.1,-3.705,-37.44,39,371,-873,448
2025-09-01 23:45:51.564714,109.2,28.665000000000003,77.025,-50.31,-56.940000000000005,-94.38,-57.330000000000005,-85.605,31,376,-873,384
2025-09-01 23:45:51.582143,60.06,-34.32,-1.17,-125.97,-125.775,-176.67000000000002,-139.815,-162.24,35,372,-870,512
2025-09-01 23:45:51.599571,41.73,-57.915,-22.035,-142.155,-140.985,-186.81,-148.005,-165.75,37,371,-870,512
2025-09-01 23:45:51.617000,81.315,-6.63,36.27,-79.17,-75.075,-116.22,-84.045,-107.64,37,371,-870,512
2025-09-01 23:45:51.625714,143.32500000000002,87.75,151.905,21.45,21.255,-9.36,28.275,-13.455,38,373,-876,512
2025-09-01 23:45:51.634429,83.265,22.035,82.095,-50.895,-46.41,-74.88,-50.115,-80.535,34,378,-871,448
2025-09-01 23:45:51.643143,117.195,74.10000000000001,150.735,-1.17,6.63,-13.65,15.405,-19.5,34,378,-871,448
2025-09-01 23:45:51.651857,169.065,140.985,210.6,67.665,69.81,46.8,75.66,26.91,29,378,-868,448
2025-09-01 23:45:51.660571,231.465,208.845,289.185,160.095,160.095,128.115,149.565,98.28,32,380,-870,512
2025-09-01 23:45:51.669286,249.99,239.265,306.345,170.04,169.455,139.425,165.945,100.425,33,380,-877,448
2025-09-01 23:45:51.678000,215.865,174.525,246.675,105.105,105.885,74.295,97.695,39.195,37,375,-881,448
2025-09-01 23:45:51.691714,141.375,87.165,135.915,-14.43,-7.41,-37.83,-14.235,-56.55,36,380,-877,512
2025-09-01 23:45:51.705429,215.28,148.005,218.4,77.61,83.46000000000001,42.9,68.44500000000001,25.155,39,381,-878,448
2025-09-01 23:45:51.719143,163.215,93.795,164.58,22.425,20.475,-7.800000000000001,15.6,-19.305,39,381,-878,448
2025-09-01 23:45:51.732857,116.22,33.345,101.985,-46.215,-40.56,-64.935,-51.285,-72.93,36,385,-880,448
2025-09-01 23:45:51.746571,59.67,-39.78,25.935,-131.82,-127.14,-152.29500000000002,-131.235,-144.885,40,382,-882,448
2025-09-01 23:45:51.760286,44.265,-65.715,-7.215,-150.345,-144.10500000000002,-167.895,-148.395,-155.61,45,383,-878,384
2025-09-01 23:45:51.774000,80.73,-8.19,54.99,-73.71000000000001,-78.97500000000001,-100.815,-78.58500000000001,-98.67,41,378,-879,448
2025-09-01 23:45:51.781571,156.195,89.11500000000001,164.58,35.1,28.275,8.58,26.91,-4.29,41,381,-880,448
2025-09-01 23:45:51.789143,75.075,7.995,81.12,-56.940000000000005,-60.45,-65.325,-26.325,-68.44500000000001,35,370,-873,512
2025-09-01 23:45:51.796714,107.835,67.665,145.86,10.14,5.655,-2.34,20.865,-7.605,35,370,-873,512
2025-09-01 23:45:51.804286,154.83,118.365,207.675,75.075,66.3,67.665,73.515,48.75,36,373,-879,448
2025-09-01 23:45:51.811857,217.035,198.51,286.455,153.27,149.955,133.77,155.415,110.76,40,373,-879,448
2025-09-01 23:45:51.819429,232.83,219.375,311.02500000000003,168.87,171.79500000000002,149.37,170.04,123.63,40,373,-877,512
2025-09-01 23:45:51.827000,178.62,169.065,252.525,104.91,104.325,81.705,98.67,57.135000000000005,41,376,-875,448
2025-09-01 23:45:51.840286,109.98,69.22500000000001,146.445,-4.875,-3.705,-22.035,-1.95,-27.3,36,376,-872,448
2025-09-01 23:45:51.853571,115.635,124.8,210.405,70.395,67.275,51.870000000000005,57.330000000000005,31.59,45,376,-874,384
2025-09-01 23:45:51.866857,77.805,67.86,157.365,17.745,9.165,-5.655,4.68,-19.695,41,372,-874,448
2025-09-01 23:45:51.880143,33.93,10.725,88.14,-54.6,-50.115,-72.15,-54.21,-72.735,41,372,-874,448
2025-09-01 23:45:51.893429,-9.36,-64.935,13.845,-109.59,-124.02,-150.93,-135.915,-142.74,41,371,-873,448
2025-09-01 23:45:51.906714,-38.415,-95.745,-8.97,-131.82,-143.32500000000002,-163.8,-145.08,-146.835,40,369,-870,384
2025-09-01 23:45:51.920000,2.145,-34.32,55.77,-77.415,-80.925,-94.38,-81.705,-86.19,37,371,-869,512
2025-09-01 23:45:51.928286,71.37,63.375,162.04500000000002,32.955,28.665000000000003,16.185000000000002,23.4,11.31,38,374,-871,512
2025-09-01 23:45:51.936571,40.56,17.355,60.45,-6.4350000000000005,-26.325,-75.075,-40.365,-59.865,37,373,-881,512
2025-09-01 23:45:51.944857,72.735,63.96,117.585,51.09,27.495,-9.165,17.16,-13.845,39,375,-878,448
2025-09-01 23:45:51.953143,115.05,122.265,185.835,106.08,87.165,52.065000000000005,80.925,42.120000000000005,39,375,-878,448
2025-09-01 23:45:51.961429,161.265,188.76,263.055,184.08,164.58,135.135,166.14,117.195,44,373,-886,448
2025-09-01 23:45:51.969714,186.42,215.67,294.84000000000003,207.09,187.785,153.07500000000002,184.47,127.92,42,379,-885,384
2025-09-01 23:45:51.978000,153.85500000000002,164.775,234.195,136.305,118.755,84.435,111.93,66.69,41,375,-882,448
2025-09-01 23:45:51.990571,64.35000000000001,67.86,120.12,32.175000000000004,7.800000000000001,-17.94,-0.195,-30.42,40,375,-879,448
2025-09-01 23:45:52.003143,-1.755,4.095,43.875,-24.765,-37.05,-70.59,-44.46,-64.155,35,374,-871,512
2025-09-01 23:45:52.015714,25.155,54.795,103.74,27.885,20.67,-14.235,18.525,-14.04,39,371,-871,512
2025-09-01 23:45:52.028286,63.765,114.855,171.79500000000002,85.8,78.97500000000001,44.46,73.71000000000001,38.025,39,371,-871,512
2025-09-01 23:45:52.040857,120.12,189.735,257.40000000000003,166.53,163.215,153.85500000000002,153.465,117.78,45,376,-882,448
2025-09-01 23:45:52.053429,145.08,217.62,285.48,186.42,181.35,168.285,168.48000000000002,127.725,37,374,-885,448
2025-09-01 23:45:52.066000,114.855,171.79500000000002,218.79,132.99,121.095,82.875,109.98,62.205000000000005,41,370,-881,448
2025-09-01 23:45:52.078571,38.61,71.175,108.225,22.62,14.04,-28.665000000000003,2.145,-34.71,38,374,-878,512
2025-09-01 23:45:52.091143,78.39,142.935,156.0,98.475,87.165,43.875,62.010000000000005,21.45,42,375,-873,512
2025-09-01 23:45:52.103714,34.32,84.435,94.77,36.855,27.885,-11.505,6.4350000000000005,-24.375,47,377,-875,512
2025-09-01 23:45:52.116286,-3.705,11.31,38.61,-25.74,-40.56,-64.35000000000001,-55.965,-78.97500000000001,45,375,-876,448
2025-09-01 23:45:52.128857,-63.765,-64.74000000000001,-31.395,-113.295,-129.48000000000002,-138.84,-130.845,-139.62,41,374,-875,448
2025-09-01 23:45:52.141429,-80.73,-93.015,-62.79,-137.67000000000002,-146.445,-157.755,-148.59,-143.91,41,374,-875,448
2025-09-01 23:45:52.154000,-50.505,-44.265,-1.755,-76.245,-81.315,-85.605,-82.875,-84.435,42,374,-875,448
2025-09-01 23:45:52.166857,15.795,59.085,101.79,33.345,29.055,31.200000000000003,17.745,6.045,40,376,-874,448
2025-09-01 23:45:52.179714,70.785,116.61,144.885,79.75500000000001,78.39,56.16,62.400000000000006,31.59,32,372,-880,512
2025-09-01 23:45:52.192571,31.785,52.65,90.285,23.205,14.625,0.195,8.385,-12.87,38,377,-888,448
2025-09-01 23:45:52.205429,-11.7,-5.46,26.130000000000003,-49.14,-49.725,-51.870000000000005,-57.525,-71.76,36,374,-884,512
2025-09-01 23:45:52.218286,-56.16,-72.735,-50.7,-124.8,-126.36,-145.86,-135.72,-138.645,34,371,-879,448
2025-09-01 23:45:52.231143,-82.68,-100.815,-87.75,-143.13,-143.91,-163.995,-161.265,-154.44,34,371,-879,448
2025-09-01 23:45:52.244000,-51.285,-45.435,-29.25,-78.97500000000001,-75.27,-94.965,-95.16,-95.94,34,376,-875,384
2025-09-01 23:45:52.252571,22.23,50.31,89.50500000000001,26.715,23.985,16.575,17.355,-2.145,35,373,-872,448
2025-09-01 23:45:52.261143,-46.41,-44.07,-12.285,-60.255,-61.815000000000005,-63.18,-64.155,-75.27,37,369,-874,448
2025-09-01 23:45:52.269714,-3.315,13.26,37.635,0.0,3.9,-13.65,-9.75,-28.665000000000003,43,374,-889,448
2025-09-01 23:45:52.278286,46.605,83.655,108.225,61.23,62.595,55.77,49.335,22.23,39,371,-881,512
2025-09-01 23:45:52.286857,90.48,149.175,185.055,137.67000000000002,138.06,142.74,125.58,99.84,37,369,-878,512
2025-09-01 23:45:52.295429,110.37,182.13,215.28,149.565,164.19,167.895,150.345,114.66,37,369,-878,512
2025-09-01 23:45:52.304000,74.88,135.915,153.27,103.74,105.495,91.65,85.41,55.77,40,376,-879,448
2025-09-01 23:45:52.317143,0.39,33.345,38.22,-1.365,0.0,-22.425,-22.62,-48.165,40,375,-875,512
2025-09-01 23:45:52.330286,-44.85,65.325,83.265,19.5,52.455,45.435,18.72,-1.17,31,382,-874,448
2025-09-01 23:45:52.343429,-9.945,24.375,48.555,29.25,16.38,-2.145,-18.525,-25.155,37,387,-884,512
2025-09-01 23:45:52.356571,-92.235,-54.6,-50.115,-111.54,-73.515,-100.23,-129.675,-149.955,35,385,-881,384
2025-09-01 23:45:52.369714,-171.015,-129.675,-117.39,-156.975,-152.685,-163.60500000000002,-160.68,-176.475,33,385,-882,512
2025-09-01 23:45:52.382857,-144.495,-147.81,-132.6,-150.15,-151.125,-167.115,-159.9,-166.92000000000002,33,385,-882,512
2025-09-01 23:45:52.396000,-239.265,-129.87,-46.215,-230.49,-148.005,-81.9,-43.68,-65.13,35,383,-878,448
2025-09-01 23:45:52.404429,-164.19,-63.18,7.800000000000001,-131.04,-63.765,-26.130000000000003,-37.245000000000005,-71.76,32,382,-880,384
2025-09-01 23:45:52.412857,-358.995,-307.71000000000004,-435.825,-532.155,-408.33,-411.255,-523.38,-460.98,30,379,-877,384
2025-09-01 23:45:52.421286,-389.22,-271.83,-381.615,-517.9200000000001,-373.815,-361.335,-475.215,-424.32,35,372,-873,512
2025-09-01 23:45:52.429714,-406.38,-233.805,-308.1,-527.085,-333.255,-290.55,-409.695,-359.58,39,373,-873,448
2025-09-01 23:45:52.438143,-174.72,-123.63,-236.34,-337.74,-203.775,-218.205,-315.51,-285.48,37,376,-874,448
2025-09-01 23:45:52.446571,-120.51,-85.605,-194.61,-254.085,-167.115,-183.495,-288.40500000000003,-254.67,37,376,-874,448
2025-09-01 23:45:52.455000,-167.70000000000002,-123.435,-261.105,-320.19,-218.4,-258.96000000000004,-390.39,-319.8,38,372,-883,512
2025-09-01 23:45:52.468000,-216.45,-229.71,-358.605,-397.605,-318.63,-360.945,-447.915,-408.72,34,378,-880,448
2025-09-01 23:45:52.481000,-211.965,-256.815,-393.705,-451.035,-337.15500000000003,-371.67,-445.575,-413.79,33,371,-881,512
2025-09-01 23:45:52.494000,-214.695,-213.525,-341.83500000000004,-418.275,-292.89,-315.90000000000003,-405.405,-372.84,33,371,-881,512
2025-09-01 23:45:52.507000,-153.465,-146.64,-274.56,-340.27500000000003,-219.765,-248.43,-336.96000000000004,-312.78000000000003,33,372,-874,512
2025-09-01 23:45:52.520000,-100.23,-66.105,-215.67,-271.245,-148.395,-180.765,-271.83,-260.325,34,373,-879,448
2025-09-01 23:45:52.533000,-64.35000000000001,-28.665000000000003,-182.325,-215.28,-105.69,-152.49,-262.665,-245.505,34,373,-879,448
2025-09-01 23:45:52.546000,-85.8,-77.61,-233.805,-260.52,-156.39,-214.11,-313.56,-293.865,31,370,-865,512
2025-09-01 23:45:52.554571,-155.415,-176.865,-333.06,-371.67,-260.71500000000003,-313.56,-409.695,-386.1,28,371,-877,448
2025-09-01 23:45:52.563143,115.05,46.02,-83.655,-23.01,16.575,-56.16,-120.9,-115.83,38,373,-877,384
2025-09-01 23:45:52.571714,88.72500000000001,-4.095,-153.07500000000002,-62.985,-33.15,-119.34,-168.675,-170.04,38,373,-877,384
2025-09-01 23:45:52.580286,45.045,-72.54,-212.355,-123.045,-99.84,-173.94,-219.18,-212.745,40,373,-874,448
2025-09-01 23:45:52.588857,-23.01,-143.715,-281.385,-222.69,-186.03,-244.92,-285.675,-270.075,38,371,-869,384
2025-09-01 23:45:52.597429,-48.555,-175.11,-314.535,-255.84,-207.09,-271.05,-316.29,-285.48,35,374,-871,512
2025-09-01 23:45:52.606000,-14.82,-123.435,-250.965,-191.685,-139.815,-195.0,-296.985,-218.01,35,374,-871,512
2025-09-01 23:45:52.618857,64.545,-20.085,-144.69,-69.42,-35.88,-89.11500000000001,-155.805,-136.695,37,378,-884,384
2025-09-01 23:45:52.631714,145.665,99.645,41.925,129.48000000000002,127.725,82.485,61.620000000000005,49.53,37,377,-877,448
2025-09-01 23:45:52.644571,118.56,48.945,-9.555,74.88,69.42,28.47,6.63,4.29,37,377,-877,448
2025-09-01 23:45:52.657429,88.92,-17.94,-66.885,8.385,0.195,-23.985,-46.995000000000005,-49.14,34,378,-874,384
2025-09-01 23:45:52.670286,34.71,-87.75,-136.695,-70.2,-72.15,-94.77,-128.115,-113.1,33,376,-875,448
2025-09-01 23:45:52.683143,6.63,-118.755,-165.945,-92.43,-102.57,-118.755,-141.765,-125.19,35,378,-878,448
2025-09-01 23:45:52.696000,43.29,-62.985,-105.885,-26.52,-39.78,-49.725,-77.61,-63.96,35,378,-878,448
2025-09-01 23:45:52.708571,124.02,46.41,0.975,86.58,78.58500000000001,62.595,39.39,32.370000000000005,38,374,-867,512
2025-09-01 23:45:52.721143,46.41,18.72,12.48,113.685,76.245,63.18,96.915,72.93,40,381,-879,448
2025-09-01 23:45:52.733714,83.265,81.315,68.25,168.87,135.33,115.635,154.44,125.58,40,381,-879,448
2025-09-01 23:45:52.746286,128.31,145.86,133.77,242.97,203.19,179.79,213.72,177.255,42,387,-884,512
2025-09-01 23:45:52.758857,175.305,205.53,211.38,318.24,280.41,261.69,291.915,249.795,40,387,-882,448
2025-09-01 23:45:52.771429,199.875,240.435,254.085,350.805,308.49,295.815,322.33500000000004,274.365,34,383,-878,448
2025-09-01 23:45:52.784000,174.13500000000002,198.51,201.825,297.96000000000004,251.16,241.215,263.25,218.01,34,383,-878,448
2025-09-01 23:45:52.797429,101.205,97.89,97.305,190.32,142.935,131.43,161.265,130.065,35,378,-894,384
2025-09-01 23:45:52.810857,79.36500000000001,170.625,173.35500000000002,252.33,205.53,208.26,234.78,189.54,35,380,-880,512
2025-09-01 23:45:52.824286,43.875,107.445,113.685,185.25,146.835,151.32,173.94,137.67000000000002,35,380,-880,512
2025-09-01 23:45:52.837714,-1.17,43.875,48.75,123.825,78.78,89.50500000000001,109.98,82.095,38,370,-875,448
2025-09-01 23:45:52.851143,-57.135000000000005,-29.64,-28.86,43.29,8.58,4.485,30.81,12.48,37,371,-874,448
2025-09-01 23:45:52.864571,-78.58500000000001,-62.400000000000006,-64.545,17.16,-21.45,-23.01,4.485,-9.36,38,374,-875,512
2025-09-01 23:45:52.878000,-50.7,-15.795,-9.75,67.275,34.905,50.7,70.98,50.7,38,373,-874,448
2025-09-01 23:45:52.890429,20.67,84.63000000000001,98.67,177.06,144.69,151.905,176.67000000000002,141.18,35,380,-876,448
2025-09-01 23:45:52.902857,-63.765,9.555,7.995,62.400000000000006,36.27,49.53,85.02,59.28,39,373,-871,512
2025-09-01 23:45:52.915286,-23.595,72.15,60.645,110.175,99.255,103.545,136.11,104.715,39,373,-871,512
2025-09-01 23:45:52.927714,19.305,128.505,132.21,198.12,169.26000000000002,174.525,206.505,159.705,45,373,-877,448
2025-09-01 23:45:52.940143,69.42,200.07,209.82,274.755,245.7,252.33,284.505,227.76,46,372,-876,448
2025-09-01 23:45:52.952571,98.67,238.485,243.555,309.46500000000003,278.07,285.09000000000003,306.93,247.65,40,369,-869,512
2025-09-01 23:45:52.965000,62.400000000000006,187.98,193.44,253.305,216.06,226.785,245.895,201.24,38,371,-873,448
2025-09-01 23:45:52.974000,-14.04,81.705,91.455,139.62,109.2,119.73,149.955,103.545,37,369,-878,448
2025-09-01 23:45:52.983000,-95.16,0.0,-13.455,53.04,18.135,34.71,64.545,47.97,35,370,-879,448
2025-09-01 23:45:52.992000,-56.55,57.330000000000005,50.505,102.765,77.415,101.4,122.265,102.765,35,370,-879,448
2025-09-01 23:45:53.001000,2.145,143.52,115.635,171.79500000000002,149.565,158.535,186.81,149.175,30,371,-867,384
2025-09-01 23:45:53.010000,52.65,212.16,185.445,246.09,221.325,235.56,263.445,213.525,34,375,-878,448
2025-09-01 23:45:53.019000,75.465,244.53,223.08,278.65500000000003,249.99,269.88,290.745,233.22,30,376,-884,448
2025-09-01 23:45:53.028000,44.265,208.845,173.35500000000002,226.005,199.095,207.285,234.39,181.545,31,373,-882,512
2025-09-01 23:45:53.030000,-17.16,117.0,60.645,124.02,99.255,95.16,116.22,88.53,33,374,-881,448
2025-09-01 23:45:53.049000,24.18,186.42,125.775,180.57,157.17000000000002,168.87,178.425,144.10500000000002,37,373,-877,512
2025-09-01 23:45:53.068000,-10.53,124.605,68.055,120.9,96.525,110.76,119.925,87.75,36,369,-877,448
2025-09-01 23:45:53.087000,-54.015,57.915,0.195,54.6,31.785,37.245000000000005,56.940000000000005,30.42,36,369,-877,448
2025-09-01 23:45:53.106000,-107.64,-13.455,-75.465,-22.035,-45.63,-41.145,-19.5,-42.51,39,367,-876,448
2025-09-01 23:45:53.125000,-136.89,-54.21,-107.835,-62.985,-85.215,-75.075,-51.09,-58.89,40,374,-880,448
2025-09-01 23:45:53.144000,-111.735,-9.75,-66.105,-11.895,-29.835,-16.77,2.73,-6.825,39,372,-879,448
2025-09-01 23:45:53.153000,-37.245000000000005,89.895,39.975,104.52,86.385,88.92,107.835,87.555,38,373,-876,512
2025-09-01 23:45:53.162000,-84.825,26.52,-67.08,-7.41,-20.28,-12.48,3.9,-10.335,33,370,-880,512
2025-09-01 23:45:53.171000,-44.655,75.27,-8.775,38.22,35.1,51.675,68.64,45.045,37,372,-879,512
2025-09-01 23:45:53.180000,-3.51,149.955,66.885,114.075,101.01,116.61,132.99,101.01,37,372,-879,512
2025-09-01 23:45:53.189000,56.16,208.845,137.28,197.145,181.35,192.855,200.07,174.13500000000002,34,370,-876,448
2025-09-01 23:45:53.198000,81.12,249.015,181.74,228.54,214.5,227.76,167.115,208.65,28,368,-871,384
2025-09-01 23:45:53.207000,50.7,211.185,130.455,178.62,163.995,173.16,174.33,137.28,33,368,-875,448
2025-09-01 23:45:53.219571,-19.5,106.08,23.205,66.3,55.575,54.795,98.475,33.93,37,369,-876,512
2025-09-01 23:45:53.232143,-85.215,11.7,-81.315,-40.755,-34.125,-24.96,-11.115,-25.35,41,364,-876,448
2025-09-01 23:45:53.244714,-47.190000000000005,60.84,-22.035,25.74,19.5,39.78,54.405,29.835,38,367,-878,448
2025-09-01 23:45:53.257286,-3.315,118.95,44.265,98.28,84.045,104.325,114.075,83.655,38,367,-878,448
2025-09-01 23:45:53.269857,55.575,195.195,116.805,175.305,163.8,179.205,193.83,153.66,39,361,-881,512
2025-09-01 23:45:53.282429,85.215,235.755,161.46,213.135,208.65,216.06,223.275,181.155,35,361,-878,448
2025-09-01 23:45:53.295000,64.155,191.1,106.08,171.405,150.735,154.83,159.12,122.655,33,366,-874,512
2025-09-01 23:45:53.303571,-4.68,97.695,-10.725,62.400000000000006,46.605,46.215,44.85,19.89,34,365,-875,384
2025-09-01 23:45:53.312143,149.37,207.87,52.845,160.29,153.85500000000002,69.03,139.23000000000002,44.07,35,370,-875,448
2025-09-01 23:45:53.320714,104.13,150.345,-8.19,110.955,95.16,18.135,78.78,-14.82,39,366,-877,512
2025-09-01 23:45:53.329286,58.695,82.875,-90.675,40.17,31.395,-57.525,-13.65,-58.5,34,365,-877,512
2025-09-01 23:45:53.337857,12.09,13.65,-153.85500000000002,-31.98,-42.51,-134.94,-78.19500000000001,-127.335,29,371,-875,512
2025-09-01 23:45:53.346429,-12.675,-24.96,-199.68,-68.64,-83.85000000000001,-171.015,-105.3,-155.415,29,371,-875,512
2025-09-01 23:45:53.355000,18.72,20.475,-147.03,-11.115,-31.98,-111.345,-49.725,-100.035,31,369,-876,512
2025-09-01 23:45:53.358000,87.165,113.88,-43.485,94.185,70.395,-5.07,53.625,-4.875,33,369,-878,448
2025-09-01 23:45:53.372500,27.3,3.315,-129.285,-27.3,-38.22,-90.48,-42.315000000000005,-71.175,33,370,-883,512
2025-09-01 23:45:53.387000,57.330000000000005,53.235,-74.10000000000001,21.645,15.795,-27.885,18.72,-18.135,28,375,-887,512
2025-09-01 23:45:53.401500,99.255,118.17,6.24,101.4,87.555,47.97,82.68,48.36,32,374,-885,512
2025-09-01 23:45:53.416000,160.485,192.465,69.22500000000001,174.915,161.07,114.27,155.415,106.08,35,372,-883,448
2025-09-01 23:45:53.430500,185.445,234.39,112.125,218.79,210.6,146.64,186.615,132.405,35,372,-883,448
2025-09-01 23:45:53.445000,161.07,190.515,70.395,170.43,157.365,95.745,135.915,83.85000000000001,33,369,-881,448
2025-09-01 23:45:53.457571,88.53,85.8,-35.88,62.205000000000005,52.065000000000005,-4.29,26.325,-9.945,37,372,-882,448
2025-09-01 23:45:53.470143,129.87,162.82500000000002,43.29,126.555,113.685,75.66,104.715,65.13,33,369,-871,448
2025-09-01 23:45:53.482714,89.31,104.52,-14.04,63.375,55.38,15.405,43.485,11.7,42,366,-872,512
2025-09-01 23:45:53.495286,36.27,30.42,-82.095,-10.14,-16.965,-49.14,-24.57,-39.195,38,366,-874,448
2025-09-01 23:45:53.507857,-9.36,-29.835,-154.245,-84.63000000000001,-80.145,-117.78,-94.77,-105.495,36,368,-872,448
2025-09-01 23:45:53.520429,-40.17,-76.05,-200.265,-133.185,-128.31,-162.82500000000002,-127.335,-132.6,36,368,-872,448
2025-09-01 23:45:53.533000,-22.035,-43.29,-158.145,-77.805,-79.56,-115.635,-82.485,-92.82,41,368,-880,512
2025-09-01 23:45:53.547286,45.63,66.885,-56.355,27.69,28.08,-10.335,18.33,2.145,37,367,-870,512
2025-09-01 23:45:53.561571,-181.155,-167.31,-130.065,-165.36,-154.44,-36.27,-125.58,-32.955,33,380,-879,448
2025-09-01 23:45:53.575857,-145.47,-113.88,-78.78,-104.91,-97.89,13.26,-61.620000000000005,11.31,37,376,-877,448
2025-09-01 23:45:53.590143,-97.305,-45.63,-5.655,-37.245000000000005,-25.935,80.34,4.875,68.055,36,377,-876,512
2025-09-01 23:45:53.604429,-42.9,31.395,69.22500000000001,45.045,54.405,159.315,82.095,142.35,34,379,-877,384
2025-09-01 23:45:53.618714,-12.48,74.88,113.88,86.58,95.355,205.725,128.70000000000002,173.55,34,379,-877,384
2025-09-01 23:45:53.633000,-28.86,43.68,80.145,49.14,50.7,155.61,74.10000000000001,121.68,31,379,-884,448
2025-09-01 23:45:53.649000,-97.89,-46.8,-31.200000000000003,-62.595,-59.865,42.9,-32.565,25.35,25,379,-879,448
2025-09-01 23:45:53.665000,-9.75,30.225,67.86,42.705,55.77,126.945,70.395,106.665,34,375,-874,448
2025-09-01 23:45:53.681000,-43.29,-19.695,9.36,-16.38,0.78,61.035,11.115,54.405,34,375,-874,448
2025-09-01 23:45:53.697000,-93.795,-83.85000000000001,-58.5,-79.56,-68.83500000000001,-3.51,-50.31,0.585,36,381,-876,512
2025-09-01 23:45:53.713000,-146.64,-151.125,-136.5,-154.44,-138.06,-77.22,-132.99,-69.42,37,384,-877,512
2025-09-01 23:45:53.729000,-169.26000000000002,-192.27,-182.715,-202.41,-187.59,-107.055,-171.21,-93.21,37,384,-877,512
2025-09-01 23:45:53.745000,-146.055,-164.19,-143.91,-163.02,-146.445,-61.23,-122.07,-47.385000000000005,35,380,-880,448
2025-09-01 23:45:53.757857,-76.83,-56.745000000000005,-42.705,-51.870000000000005,-43.29,36.27,-10.335,40.365,38,375,-872,448
2025-09-01 23:45:53.770714,5.46,45.24,62.010000000000005,63.96,66.69,126.945,80.145,112.71,33,376,-863,448
2025-09-01 23:45:53.783571,-24.18,-11.895,11.505,0.39,9.75,70.395,23.985,67.275,33,376,-863,448
2025-09-01 23:45:53.796429,-75.27,-83.07000000000001,-55.185,-71.565,-68.25,-5.655,-37.44,6.24,35,378,-867,512
2025-09-01 23:45:53.809286,-125.775,-148.395,-135.135,-138.255,-135.72,-75.465,-124.605,-60.645,35,377,-869,448
2025-09-01 23:45:53.822143,-153.66,-192.855,-178.815,-186.03,-177.255,-115.83,-158.145,-90.09,33,374,-869,448
2025-09-01 23:45:53.835000,-127.92,-165.75,-141.18,-152.88,-129.48000000000002,-72.15,-104.91,-45.63,33,374,-867,448
2025-09-01 23:45:53.849143,-66.495,-65.325,-37.245000000000005,-37.05,-25.545,35.1,-4.875,42.705,32,377,-863,384
2025-09-01 23:45:53.863286,-97.11,-141.96,-129.48000000000002,-110.76,-103.155,-58.695,-85.8,-40.755,35,386,-884,512
2025-09-01 23:45:53.877429,-57.525,-93.795,-77.025,-54.015,-41.34,-11.505,-27.3,1.56,35,386,-884,512
2025-09-01 23:45:53.891571,-7.0200000000000005,-25.35,-5.46,15.015,28.86,60.255,37.83,63.765,30,388,-885,512
2025-09-01 23:45:53.905714,45.63,53.625,72.54,91.065,106.08,136.305,108.42,124.02,38,389,-882,448
2025-09-01 23:45:53.919857,79.95,100.425,115.05,138.645,147.03,183.105,151.32,163.8,39,389,-886,512
2025-09-01 23:45:53.934000,66.69,59.865,85.8,101.595,104.715,140.4,120.315,125.58,39,389,-886,512
2025-09-01 23:45:53.945571,-10.53,-41.535,-11.505,-15.795,-3.9,40.365,16.38,38.415,39,387,-882,512
2025-09-01 23:45:53.957143,89.11500000000001,61.425,61.23,80.73,85.02,105.69,86.775,87.165,30,377,-875,320
2025-09-01 23:45:53.968714,49.53,9.36,4.095,22.425,27.3,47.190000000000005,30.81,39.195,30,377,-875,320
2025-09-01 23:45:53.980286,-2.145,-62.205000000000005,-68.44500000000001,-53.625,-44.265,-21.06,-43.29,-15.99,32,376,-881,448
2025-09-01 23:45:53.991857,-50.7,-126.555,-135.33,-128.505,-116.025,-93.795,-108.81,-80.34,32,377,-881,448
2025-09-01 23:45:54.003429,-84.435,-171.015,-186.615,-172.38,-162.63,-142.74,-156.195,-116.22,35,377,-879,448
2025-09-01 23:45:54.015000,-63.765,-142.74,-156.585,-131.625,-124.605,-98.085,-111.735,-75.66,35,377,-879,448
2025-09-01 23:45:54.024857,5.655,-49.14,-45.63,-27.885,-17.55,2.145,-3.315,13.65,42,379,-878,448
2025-09-01 23:45:54.034714,102.18,73.71000000000001,66.105,74.10000000000001,81.315,108.03,97.11,105.105,35,370,-873,448
2025-09-01 23:45:54.044571,63.375,14.625,12.09,19.11,28.275,50.505,37.635,47.97,35,370,-873,448
2025-09-01 23:45:54.054429,24.57,-46.02,-68.64,-46.41,-41.925,-18.72,-31.59,-12.09,31,371,-889,512
2025-09-01 23:45:54.064286,-20.475,-109.785,-135.135,-118.56,-108.81,-99.45,-105.69,-81.9,33,370,-882,384
2025-09-01 23:45:54.074143,-47.58,-161.46,-192.465,-156.39,-151.905,-150.345,-155.61,-120.51,37,367,-875,384
2025-09-01 23:45:54.084000,-33.735,-135.135,-157.365,-118.17,-113.88,-107.64,-101.79,-76.245,35,366,-875,384
2025-09-01 23:45:54.095571,41.535,-36.66,-51.870000000000005,-26.715,-4.29,1.755,-1.365,19.5,35,369,-879,448
2025-09-01 23:45:54.107143,-18.72,-124.41,-139.62,-97.305,-89.7,-83.265,-86.385,-65.325,33,370,-873,448
2025-09-01 23:45:54.118714,13.65,-76.05,-76.83,-46.605,-39.78,-16.77,-30.03,-15.21,33,370,-873,448
2025-09-01 23:45:54.130286,62.595,-7.605,6.045,22.62,39.195,50.115,46.41,48.945,36,370,-873,384
2025-09-01 23:45:54.141857,118.365,73.71000000000001,70.2,82.68,103.545,116.025,112.71,111.15,32,369,-874,512
2025-09-01 23:45:54.153429,143.13,115.05,117.975,140.595,154.245,163.41,160.485,152.49,35,369,-873,448
2025-09-01 23:45:54.165000,127.92,87.555,93.99,110.76,122.265,127.92,121.095,113.49,31,369,-873,512
2025-09-01 23:45:54.178000,68.055,-8.19,-5.8500000000000005,4.875,9.555,24.57,21.84,23.4,29,373,-878,512
2025-09-01 23:45:54.191000,22.23,-96.72,-144.3,-84.825,-81.315,-115.05,-74.49000000000001,-83.07000000000001,27,369,-884,512
2025-09-01 23:45:54.204000,61.035,-43.29,-95.355,-32.76,-23.595,-52.65,-23.79,-32.370000000000005,27,369,-884,512
2025-09-01 23:45:54.217000,117.39,35.88,-19.5,48.75,54.015,13.065,50.505,23.4,35,369,-894,448
2025-09-01 23:45:54.230000,179.205,110.565,44.265,132.405,133.57500000000002,84.24000000000001,125.775,83.655,35,368,-885,448
2025-09-01 23:45:54.243000,208.845,156.195,95.745,186.81,184.86,125.19,172.185,126.555,38,365,-874,512
2025-09-01 23:45:54.256000,195.975,136.5,74.685,149.565,147.615,88.53,137.865,91.845,34,365,-875,448
2025-09-01 23:45:54.268714,129.87,42.120000000000005,-33.15,41.925,40.95,-21.645,26.130000000000003,-7.0200000000000005,33,369,-877,384
2025-09-01 23:45:54.281429,257.01,151.71,41.73,169.845,161.46,42.120000000000005,111.15,45.435,37,371,-876,448
2025-09-01 23:45:54.294143,221.325,105.69,-22.23,114.855,108.81,-24.57,55.965,-9.945,37,371,-876,448
2025-09-01 23:45:54.306857,174.33,35.88,-108.42,39.78,32.370000000000005,-110.955,-14.625,-80.145,33,371,-875,448
2025-09-01 23:45:54.319571,123.825,-34.32,-169.455,-31.200000000000003,-39.585,-174.915,-82.485,-138.06,35,375,-876,448
2025-09-01 23:45:54.332286,89.50500000000001,-82.095,-217.035,-85.215,-95.745,-217.425,-123.63,-172.185,33,375,-866,512
2025-09-01 23:45:54.345000,100.815,-63.18,-194.415,-58.89,-57.915,-182.715,-89.31,-132.21,32,373,-871,448
2025-09-01 23:45:54.353571,173.16,36.855,-93.99,49.335,53.625,-72.93,8.19,-42.705,34,371,-874,448
2025-09-01 23:45:54.362143,56.55,-54.405,-170.625,-65.715,-60.06,-145.08,-82.095,-113.1,29,372,-879,448
2025-09-01 23:45:54.370714,95.355,-9.75,-116.415,-13.065,-2.9250000000000003,-89.895,-30.225,-66.495,31,373,-879,384
2025-09-01 23:45:54.379286,145.08,61.620000000000005,-40.755,58.305,66.105,-14.625,43.485,2.145,31,373,-879,384
2025-09-01 23:45:54.387857,190.905,134.94,36.075,127.725,140.595,55.77,109.395,64.74000000000001,41,368,-888,448
2025-09-01 23:45:54.396429,221.52,173.94,84.045,178.425,185.055,109.98,163.41,110.37,38,370,-893,448
2025-09-01 23:45:54.405000,215.67,156.0,61.815000000000005,149.955,156.78,78.19500000000001,126.555,72.735,34,375,-886,448
2025-09-01 23:45:54.423571,153.465,64.935,-40.755,49.53,49.92,-31.98,21.645,-22.23,32,376,-882,448
2025-09-01 23:45:54.442143,14.04,-66.69,-165.945,-96.135,-88.92,-129.87,-103.155,-101.595,36,367,-876,384
2025-09-01 23:45:54.460714,51.09,-21.45,-112.32,-42.705,-35.88,-76.83,-46.02,-55.185,38,366,-872,512
2025-09-01 23:45:54.479286,105.885,51.48,-34.905,36.075,39.975,-3.705,28.08,7.605,38,366,-872,512
2025-09-01 23:45:54.497857,148.98000000000002,113.88,37.245000000000005,111.54,110.955,73.515,96.915,76.05,39,368,-888,448
2025-09-01 23:45:54.516429,187.98,168.675,86.58,171.21,163.02,123.045,146.25,113.295,36,370,-885,512
2025-09-01 23:45:54.535000,187.59,157.365,62.985,137.865,139.815,85.02,109.785,79.36500000000001,35,366,-878,512
2025-09-01 23:45:54.546571,116.22,68.25,-43.485,31.395,39.585,-19.89,3.9,-19.89,37,365,-878,384
2025-09-01 23:45:54.558143,55.185,-38.61,-171.21,-82.875,-69.81,-149.565,-96.72,-117.78,44,370,-876,512
2025-09-01 23:45:54.569714,97.695,13.065,-126.36,-23.01,-7.41,-99.45,-42.51,-72.345,39,373,-878,448
2025-09-01 23:45:54.581286,155.61,92.625,-39.78,56.355,65.52,-17.745,36.855,-3.51,39,373,-878,448
2025-09-01 23:45:54.592857,197.145,150.93,22.815,111.345,129.87,48.555,103.155,63.18,39,374,-879,448
2025-09-01 23:45:54.604429,234.975,198.51,75.66,156.0,183.105,94.185,153.27,94.575,39,374,-879,448
2025-09-01 23:45:54.616000,234.78,188.955,63.96,155.805,168.87,73.125,128.70000000000002,73.71000000000001,39,370,-876,448
2025-09-01 23:45:54.625000,181.155,100.62,-40.95,58.89,74.10000000000001,-34.32,20.085,-26.130000000000003,38,371,-875,512
2025-09-01 23:45:54.634000,0.585,-56.16,-157.755,-106.47,-88.14,-121.68,-94.965,-103.545,32,376,-877,512
2025-09-01 23:45:54.643000,34.515,-8.19,-105.885,-57.915,-43.095,-73.125,-38.415,-51.09,37,377,-881,448
2025-09-01 23:45:54.652000,96.525,61.425,-30.03,34.905,44.07,6.825,33.735,17.745,39,375,-879,448
2025-09-01 23:45:54.661000,142.155,128.895,40.95,102.18,118.755,72.15,102.375,76.245,37,379,-879,384
2025-09-01 23:45:54.670000,175.11,178.62,96.915,152.49,168.285,127.53,155.61,121.485,37,379,-879,384
2025-09-01 23:45:54.679000,179.205,178.425,87.36,135.525,145.08,104.13,131.04,95.55,41,378,-876,448
2025-09-01 23:45:54.691286,114.075,81.51,-17.94,34.515,44.46,-2.9250000000000003,26.715,5.265000000000001,38,378,-878,512
2025-09-01 23:45:54.703571,55.575,78.19500000000001,-15.015,17.745,47.58,22.62,-24.375,-21.84,28,379,-880,512
2025-09-01 23:45:54.715857,44.85,33.345,-65.91,4.29,0.585,-36.66,-65.325,-63.57,31,378,-880,448
2025-09-01 23:45:54.728143,-11.31,-32.76,-143.13,-109.98,-71.955,-105.3,-116.22,-102.57,29,378,-880,448
2025-09-01 23:45:54.740429,-107.445,-119.73,-232.83,-216.84,-173.16,-197.535,-227.76,-216.645,33,382,-876,512
2025-09-01 23:45:54.752714,-190.905,-185.055,-285.285,-303.42,-242.19,-237.705,-281.97,-235.17,33,382,-876,512
2025-09-01 23:45:54.765000,-179.01000000000002,-190.71,-253.695,-309.075,-247.065,-204.75,-224.25,-180.375,26,377,-875,512
2025-09-01 23:45:54.765500,-100.035,-74.295,-167.895,-186.225,-117.39,-118.95,-154.44,-118.755,29,380,-874,448
2025-09-01 23:45:54.766000,-95.745,-40.365,-98.475,-135.915,-84.24000000000001,-31.785,-152.685,-67.86,40,387,-876,448
2025-09-01 23:45:54.779800,-128.115,-85.8,-143.13,-184.275,-137.475,-74.49000000000001,-201.24,-109.395,42,380,-890,512
2025-09-01 23:45:54.793600,-177.84,-161.655,-226.59,-257.985,-213.72,-153.85500000000002,-277.68,-178.23000000000002,41,379,-884,512
2025-09-01 23:45:54.807400,-221.325,-223.665,-300.69,-335.595,-284.115,-227.565,-341.64,-238.68,39,384,-879,512
2025-09-01 23:45:54.821200,-263.445,-286.65000000000003,-341.445,-395.07,-338.52000000000004,-272.02500000000003,-387.66,-272.805,39,384,-879,512
2025-09-01 23:45:54.835000,-270.075,-289.185,-336.96000000000004,-386.685,-331.305,-246.48,-366.405,-244.53,40,381,-873,448
2025-09-01 23:45:54.846571,-196.17,-189.345,-227.565,-264.81,-217.62,-141.18,-250.38,-152.685,40,381,-874,448
2025-09-01 23:45:54.858143,-146.055,-188.37,-189.93,-218.79,-184.47,-118.17,-180.96,-90.675,47,372,-870,512
2025-09-01 23:45:54.869714,-112.71,-140.79,-139.62,-155.22,-125.58,-67.08,-130.845,-49.14,40,363,-865,512
2025-09-01 23:45:54.881286,-55.575,-62.205000000000005,-50.895,-84.045,-45.63,16.38,-43.095,24.765,43,366,-870,448
2025-09-01 23:45:54.892857,2.535,6.045,20.865,-0.39,27.3,91.455,26.325,91.065,42,370,-875,512
2025-09-01 23:45:54.904429,32.955,58.5,70.59,46.215,77.22,147.03,81.9,138.84,42,370,-875,512
2025-09-01 23:45:54.916000,44.265,68.44500000000001,77.805,48.165,80.73,142.54500000000002,70.395,124.605,39,374,-868,512
2025-09-01 23:45:54.928571,-25.74,-25.155,-17.55,-53.82,-19.11,43.68,-31.59,38.025,37,373,-873,512
2025-09-01 23:45:54.941143,-104.52,-162.24,-142.155,-144.495,-129.87,-67.86,-120.51,-39.0,43,377,-879,448
2025-09-01 23:45:54.953714,-65.325,-111.93,-91.26,-93.99,-74.295,-17.745,-67.08,9.945,43,375,-877,448
2025-09-01 23:45:54.966286,1.755,-25.935,-13.065,-14.43,14.04,58.5,15.795,73.515,42,376,-875,448
2025-09-01 23:45:54.978857,46.215,41.73,66.885,61.035,75.66,131.04,85.995,133.965,41,377,-876,448
2025-09-01 23:45:54.991429,73.515,93.6,117.0,102.375,125.385,182.715,139.23000000000002,182.52,41,377,-876,448
2025-09-01 23:45:55.004000,84.24000000000001,107.25,124.02,113.1,129.285,176.865,131.04,173.55,39,378,-861,448
2025-09-01 23:45:55.016857,25.74,12.48,29.835,21.84,37.245000000000005,78.0,31.98,85.8,43,380,-870,448
2025-09-01 23:45:55.029714,84.045,105.69,123.825,111.93,128.31,151.905,134.16,156.0,36,379,-877,448
2025-09-01 23:45:55.042571,57.72,69.22500000000001,73.905,68.25,81.9,101.205,89.895,111.93,36,379,-877,448
2025-09-01 23:45:55.055429,-0.585,-11.115,-11.895,-13.845,4.29,21.06,11.31,38.415,36,376,-875,512
2025-09-01 23:45:55.068286,-43.485,-82.29,-84.24000000000001,-66.885,-66.105,-53.625,-57.135000000000005,-23.985,39,376,-875,512
2025-09-01 23:45:55.081143,-85.995,-126.36,-132.405,-122.655,-121.29,-99.645,-109.98,-60.255,39,376,-875,448
2025-09-01 23:45:55.094000,-97.695,-139.425,-133.57500000000002,-131.04,-120.12,-94.38,-102.96,-48.555,34,372,-863,448
2025-09-01 23:45:55.094250,-22.425,-38.415,-43.875,-23.985,-12.48,5.265000000000001,-4.68,30.225,39,376,-872,448
2025-09-01 23:45:55.094500,107.445,111.15,137.67000000000002,153.27,154.44,163.995,161.265,158.925,36,375,-872,512
2025-09-01 23:45:55.094750,74.49000000000001,62.985,89.11500000000001,106.47,100.035,114.66,107.445,111.93,36,375,-872,512
2025-09-01 23:45:55.095000,20.67,-12.87,9.36,28.08,20.28,36.27,27.495,36.855,35,375,-874,512
2025-09-01 23:45:55.115000,-30.615,-81.51,-69.22500000000001,-52.260000000000005,-48.555,-49.725,-46.215,-28.665000000000003,35,375,-878,384
2025-09-01 23:45:55.135000,-67.47,-128.31,-117.78,-101.4,-102.57,-94.575,-99.06,-70.005,35,372,-879,448
2025-09-01 23:45:55.155000,-79.95,-157.56,-127.53,-114.27,-116.61,-92.43,-93.795,-59.865,35,372,-879,448
2025-09-01 23:45:55.168000,-5.07,-60.45,-27.495,-1.755,-7.215,14.04,15.015,24.57,38,367,-864,384
2025-09-01 23:45:55.181000,-70.785,-126.555,-103.155,-85.215,-84.435,-76.05,-75.075,-47.190000000000005,36,374,-874,384
2025-09-01 23:45:55.194000,-41.73,-82.485,-53.82,-34.32,-41.145,-25.935,-22.035,-3.12,36,374,-874,384
2025-09-01 23:45:55.207000,23.01,1.56,31.785,52.455,44.46,57.525,62.79,64.155,45,378,-884,448
2025-09-01 23:45:55.220000,73.515,76.83,105.3,112.125,116.22,135.915,129.48000000000002,124.605,44,374,-882,448
2025-09-01 23:45:55.233000,115.44,125.58,155.61,182.715,171.79500000000002,187.785,182.91,171.015,41,376,-881,512
2025-09-01 23:45:55.246000,118.755,150.15,172.185,197.925,184.08,189.93,186.225,173.745,41,376,-881,512
2025-09-01 23:45:55.254429,57.525,52.260000000000005,73.32000000000001,91.26,73.515,96.33,90.48,86.19,45,377,-884,512
2025-09-01 23:45:55.262857,105.495,137.085,150.15,152.1,153.66,178.815,159.51000000000002,146.055,42,374,-884,512
2025-09-01 23:45:55.271286,69.81,91.065,100.23,113.88,106.47,128.505,108.03,102.18,42,374,-884,512
2025-09-01 23:45:55.279714,10.725,4.68,8.19,33.93,24.375,28.47,27.3,33.345,44,378,-892,448
2025-09-01 23:45:55.288143,-41.145,-64.35000000000001,-63.57,-38.61,-50.7,-47.385000000000005,-49.725,-35.49,47,379,-886,448
2025-09-01 23:45:55.296571,-70.785,-108.615,-112.125,-85.8,-104.91,-102.765,-93.99,-80.145,44,376,-878,384
2025-09-01 23:45:55.305000,-92.235,-124.995,-132.99,-112.32,-117.975,-107.64,-102.765,-76.44,40,373,-881,512
2025-09-01 23:45:55.317857,-25.545,-41.73,-37.44,-15.6,-24.375,-9.75,-6.4350000000000005,12.285,38,371,-880,512
2025-09-01 23:45:55.330714,133.185,152.49,141.765,154.83,141.375,160.68,158.34,147.225,34,374,-875,512
2025-09-01 23:45:55.343571,104.715,110.37,92.625,108.225,100.62,108.615,112.905,102.57,34,374,-875,512
2025-09-01 23:45:55.356429,45.825,27.885,0.975,23.205,8.385,15.015,29.055,24.18,37,377,-878,448
2025-09-01 23:45:55.369286,-3.315,-40.17,-75.465,-51.675,-61.815000000000005,-60.84,-55.38,-44.46,42,371,-870,448
2025-09-01 23:45:55.382143,-44.655,-80.34,-126.75,-93.015,-108.03,-112.125,-102.18,-81.9,44,370,-879,448
2025-09-01 23:45:55.395000,-61.815000000000005,-117.195,-150.345,-110.955,-130.065,-124.995,-123.63,-96.915,35,372,-875,448
2025-09-01 23:45:55.395333,-13.845,-28.86,-57.915,-35.49,-40.56,-27.105,-33.735,-13.065,35,368,-876,448
2025-09-01 23:45:55.395667,124.8,132.405,147.42000000000002,156.78,136.305,158.925,163.02,145.665,38,369,-867,448
2025-09-01 23:45:55.396000,92.43,82.485,99.255,109.395,86.58,111.54,116.61,104.325,38,369,-867,448
2025-09-01 23:45:55.411000,27.885,4.68,12.87,16.575,-1.17,28.665000000000003,23.985,28.08,35,372,-866,448
2025-09-01 23:45:55.426000,-24.765,-61.425,-63.18,-56.16,-78.19500000000001,-43.485,-50.31,-36.27,39,366,-860,448
2025-09-01 23:45:55.441000,-52.455,-108.225,-110.37,-100.62,-120.51,-90.87,-103.74,-82.875,49,366,-867,512
2025-09-01 23:45:55.456000,-83.655,-140.205,-132.6,-134.745,-147.615,-106.08,-111.54,-85.215,47,368,-871,448
2025-09-01 23:45:55.468857,-25.74,-60.255,-49.53,-46.215,-54.405,-24.375,-19.5,-4.095,44,368,-871,512
2025-09-01 23:45:55.481714,-84.63000000000001,-147.03,-122.85,-115.44,-131.625,-103.935,-102.96,-71.175,34,368,-874,448
2025-09-01 23:45:55.494571,-53.235,-97.89,-74.88,-71.76,-83.265,-52.065000000000005,-58.11,-36.855,38,368,-872,448
2025-09-01 23:45:55.507429,10.14,-22.815,11.505,20.085,4.875,35.295,36.66,38.805,38,368,-872,448
2025-09-01 23:45:55.520286,58.695,55.38,86.385,95.94,82.875,107.64,105.69,101.79,40,368,-885,512
2025-09-01 23:45:55.533143,89.31,89.7,135.525,145.47,127.53,156.39,156.0,145.275,35,372,-880,448
2025-09-01 23:45:55.546000,120.51,122.85,171.99,172.38,156.39,180.765,178.425,159.315,36,366,-879,448
2025-09-01 23:45:55.563143,53.625,36.66,85.41,75.27,56.940000000000005,86.775,87.165,72.735,39,365,-874,448
2025-09-01 23:45:55.580286,-85.995,-163.02,-134.745,-109.2,-137.67000000000002,-115.05,-105.495,-95.94,35,375,-871,448
2025-09-01 23:45:55.597429,-61.425,-119.34,-83.07000000000001,-65.91,-86.775,-65.715,-59.865,-46.02,38,373,-867,448
2025-09-01 23:45:55.614571,2.535,-25.545,11.7,20.475,3.51,31.005000000000003,35.295,34.71,38,373,-867,448
2025-09-01 23:45:55.631714,52.065000000000005,53.235,89.31,97.89,84.63000000000001,101.595,104.715,97.695,35,376,-868,448
2025-09-01 23:45:55.648857,77.415,91.455,137.67000000000002,138.645,128.31,146.25,152.29500000000002,138.06,40,371,-860,448
2025-09-01 23:45:55.666000,112.515,136.305,171.015,175.11,162.04500000000002,174.13500000000002,172.185,151.515,38,372,-869,512
2025-09-01 23:45:55.678571,46.8,46.605,83.07000000000001,81.705,67.47,79.95,82.095,62.985,39,375,-871,512
2025-09-01 23:45:55.691143,76.05,82.095,150.93,153.07500000000002,136.89,157.365,158.535,138.84,37,380,-874,512
2025-09-01 23:45:55.703714,43.875,43.485,101.79,100.035,88.33500000000001,113.295,109.785,94.77,34,379,-873,512
2025-09-01 23:45:55.716286,-10.14,-37.635,16.185000000000002,9.36,-1.17,26.715,21.255,24.765,18,379,-873,512
2025-09-01 23:45:55.728857,-67.08,-118.755,-61.23,-63.57,-84.24000000000001,-45.045,-53.235,-40.56,33,381,-869,448
2025-09-01 23:45:55.741429,-97.89,-162.435,-103.935,-105.69,-122.85,-97.11,-100.035,-90.285,33,381,-869,448
2025-09-01 23:45:55.754000,-126.36,-201.825,-152.88,-141.57,-157.95000000000002,-138.645,-133.38,-110.37,36,381,-873,448
2025-09-01 23:45:55.766857,-69.42,-117.78,-71.37,-55.185,-70.59,-46.02,-41.145,-23.79,35,381,-876,512
2025-09-01 23:45:55.779714,-126.945,-186.81,-128.505,-125.97,-136.695,-119.34,-115.83,-93.99,40,379,-880,448
2025-09-01 23:45:55.792571,-95.355,-146.055,-85.995,-81.51,-95.355,-74.88,-65.715,-51.870000000000005,43,379,-883,448
2025-09-01 23:45:55.805429,-37.635,-63.765,1.56,2.73,-2.73,15.6,19.89,23.205,44,376,-879,576
2025-09-01 23:45:55.818286,15.21,23.79,78.78,83.07000000000001,75.075,86.385,93.795,87.94500000000001,45,375,-877,448
2025-09-01 23:45:55.831143,42.120000000000005,67.275,121.29,128.895,116.415,132.6,141.57,126.945,45,375,-877,448
2025-09-01 23:45:55.844000,74.49000000000001,95.355,171.015,168.87,151.71,175.5,174.72,155.415,49,378,-877,512
2025-09-01 23:45:55.852857,19.305,29.835,94.965,83.265,68.055,89.895,88.53,74.88,47,374,-876,512
2025-09-01 23:45:55.861714,66.3,98.475,157.17000000000002,149.37,140.985,160.875,155.61,142.935,31,373,-878,448
2025-09-01 23:45:55.870571,31.98,53.235,115.83,98.085,94.965,115.83,116.415,109.785,39,368,-882,512
2025-09-01 23:45:55.879429,-22.23,-28.665000000000003,19.5,9.75,9.165,27.885,23.01,30.42,35,367,-877,448
2025-09-01 23:45:55.888286,-72.15,-110.37,-60.06,-56.745000000000005,-64.935,-54.6,-57.525,-41.73,35,372,-877,512
2025-09-01 23:45:55.897143,-110.37,-146.25,-101.205,-100.425,-112.71,-102.57,-99.645,-84.435,35,372,-877,512
2025-09-01 23:45:55.906000,-145.47,-188.175,-150.93,-152.49,-157.755,-139.035,-142.35,-109.98,34,363,-872,512
2025-09-01 23:45:55.918571,-96.135,-122.265,-75.075,-76.245,-81.315,-43.485,-58.305,-27.885,37,369,-869,448
2025-09-01 23:45:55.931143,55.575,115.635,158.73000000000002,150.15,142.155,170.625,164.58,157.755,37,379,-877,512
2025-09-01 23:45:55.943714,40.365,79.75500000000001,105.3,117.585,104.13,114.075,107.835,108.03,35,377,-889,512
2025-09-01 23:45:55.956286,-12.48,-7.41,16.965,34.515,15.99,25.545,22.815,33.345,37,382,-883,512
2025-09-01 23:45:55.968857,-72.345,-85.995,-63.375,-52.845,-72.345,-60.645,-64.74000000000001,-26.325,35,379,-881,512
2025-09-01 23:45:55.981429,-107.835,-129.48000000000002,-110.565,-114.66,-120.12,-101.4,-109.98,-71.955,35,379,-881,512
2025-09-01 23:45:55.994000,-158.73000000000002,-179.985,-154.83,-157.755,-170.82,-134.55,-142.54500000000002,-95.94,32,372,-862,512
2025-09-01 23:45:56.003143,-114.27,-109.005,-81.51,-76.635,-85.995,-54.015,-58.11,-23.4,36,372,-871,448
2025-09-01 23:45:56.012286,-167.70000000000002,-176.865,-138.45000000000002,-145.08,-152.29500000000002,-107.835,-115.83,-88.53,43,372,-869,512
2025-09-01 23:45:56.021429,-134.55,-131.82,-92.625,-94.965,-106.665,-72.735,-71.37,-48.165,37,371,-868,512
2025-09-01 23:45:56.030571,-73.515,-47.58,-9.945,-6.825,-15.99,12.87,18.72,37.83,36,376,-871,512
2025-09-01 23:45:56.039714,-22.425,29.835,81.315,78.58500000000001,64.74000000000001,102.765,102.18,105.105,38,374,-871,512
2025-09-01 23:45:56.048857,2.73,68.055,118.755,115.245,104.52,145.275,142.74,141.57,38,374,-871,512
2025-09-01 23:45:56.058000,44.265,125.775,168.87,171.21,155.415,186.615,188.175,173.94,34,378,-873,512
2025-09-01 23:45:56.070429,-0.78,58.5,94.77,94.77,83.265,105.3,100.23,97.305,35,374,-872,448
2025-09-01 23:45:56.082857,-161.265,-167.31,-139.23000000000002,-141.18,-152.88,-120.9,-121.485,-84.24000000000001,44,367,-879,448
2025-09-01 23:45:56.095286,-131.43,-130.065,-96.135,-95.16,-109.59,-73.125,-74.295,-49.725,44,366,-867,448
2025-09-01 23:45:56.107714,-73.905,-49.725,-6.045,-9.555,-23.985,12.87,9.36,24.765,40,370,-872,448
2025-09-01 23:45:56.120143,-22.035,38.61,68.83500000000001,70.98,55.185,87.94500000000001,82.68,94.965,38,371,-872,448
2025-09-01 23:45:56.132571,5.8500000000000005,71.37,107.055,113.295,98.67,135.135,129.48000000000002,127.335,38,371,-872,448
2025-09-01 23:45:56.145000,48.555,124.02,172.185,158.34,148.98000000000002,193.05,177.45000000000002,170.43,33,372,-861,512
2025-09-01 23:45:56.153571,1.755,70.98,107.835,94.77,79.75500000000001,109.59,105.105,100.23,38,376,-865,448
2025-09-01 23:45:56.162143,62.205000000000005,132.79500000000002,161.85,160.29,154.83,171.6,167.895,150.345,39,370,-871,448
2025-09-01 23:45:56.170714,29.25,83.46000000000001,122.265,116.415,100.815,125.385,120.9,111.54,39,370,-871,448
2025-09-01 23:45:56.179286,-34.125,-1.365,35.88,32.565,15.21,39.0,39.585,35.49,40,374,-871,512
2025-09-01 23:45:56.187857,-89.50500000000001,-79.17,-48.36,-59.085,-71.565,-41.73,-48.36,-38.025,42,375,-876,512
2025-09-01 23:45:56.196429,-114.075,-113.88,-91.455,-96.525,-106.665,-88.72500000000001,-89.895,-78.0,42,375,-876,448
2025-09-01 23:45:56.205000,-154.63500000000002,-173.55,-151.71,-151.905,-165.75,-148.59,-141.765,-117.195,40,376,-875,448
2025-09-01 23:45:56.217857,-114.075,-109.005,-77.61,-82.485,-89.895,-61.425,-58.305,-43.485,48,371,-871,448
2025-09-01 23:45:56.230714,68.64,132.99,164.19,159.9,149.175,169.455,162.04500000000002,142.35,41,374,-881,512
2025-09-01 23:45:56.243571,40.17,88.53,128.505,117.975,103.35,132.6,118.17,104.52,41,374,-881,512
2025-09-01 23:45:56.256429,-19.89,11.7,51.675,19.5,17.55,42.51,40.95,34.515,39,377,-881,448
2025-09-01 23:45:56.269286,-75.465,-68.055,-48.555,-55.185,-69.03,-43.29,-49.53,-37.83,36,379,-881,448
2025-09-01 23:45:56.282143,-104.13,-105.3,-82.095,-92.04,-101.01,-80.535,-91.065,-74.685,38,377,-878,512
2025-09-01 23:45:56.295000,-139.815,-157.17000000000002,-144.69,-150.93,-163.02,-150.15,-144.495,-118.17,38,377,-878,512
2025-09-01 23:45:56.307857,-103.74,-101.01,-83.655,-87.555,-93.21,-79.36500000000001,-73.515,-56.16,42,380,-895,512
2025-09-01 23:45:56.320714,-129.48000000000002,-153.27,-165.165,-152.685,-156.975,-169.065,-167.70000000000002,-138.255,38,377,-874,448
2025-09-01 23:45:56.333571,-102.96,-114.66,-124.995,-107.445,-115.635,-127.335,-121.095,-99.45,38,377,-874,448
2025-09-01 23:45:56.346429,-46.215,-36.075,-42.51,-25.35,-28.665000000000003,-42.9,-31.200000000000003,-27.885,39,379,-878,448
2025-09-01 23:45:56.359286,23.985,39.39,53.235,69.81,56.16,46.215,62.010000000000005,47.775,39,372,-875,448
2025-09-01 23:45:56.372143,49.92,78.78,89.11500000000001,112.905,93.405,88.92,102.96,86.97,38,373,-871,448
2025-09-01 23:45:56.385000,86.19,138.06,149.76,169.65,163.02,147.81,154.83,128.70000000000002,38,373,-871,448
2025-09-01 23:45:56.385333,59.67,95.355,77.805,106.275,98.67,65.325,82.095,57.72,38,381,-876,512
2025-09-01 23:45:56.385667,-238.485,74.10000000000001,77.415,-160.875,48.945,71.565,86.775,-17.16,38,375,-870,512
2025-09-01 23:45:56.386000,-170.82,57.915,69.42,-54.795,57.72,71.565,58.5,-4.485,38,375,-870,512
2025-09-01 23:45:56.408000,-193.245,-13.455,-20.085,19.305,-23.985,-57.525,-123.435,-136.89,37,382,-881,448
2025-09-01 23:45:56.430000,-125.97,-91.455,-125.385,-134.55,-85.41,-136.89,-110.955,-127.14,38,381,-878,448
2025-09-01 23:45:56.452000,-106.86,-107.445,-114.66,-153.27,-131.04,-161.85,-113.1,-143.52,38,380,-880,512
2025-09-01 23:45:56.474000,-15.21,-142.35,-171.99,-32.955,-130.65,-201.045,-134.745,-140.79,38,380,-880,512
2025-09-01 23:45:56.486714,-148.395,-140.4,-126.945,-148.98000000000002,-133.57500000000002,-141.96,-116.22,-110.76,37,380,-889,256
2025-09-01 23:45:56.499429,-452.01,-450.645,-511.095,-513.63,-492.375,-477.165,-596.895,-455.715,42,387,-882,448
2025-09-01 23:45:56.512143,-405.21,-426.465,-463.125,-499.98,-466.635,-415.935,-547.5600000000001,-383.76,42,387,-882,448
2025-09-01 23:45:56.524857,-382.395,-349.05,-332.67,-447.72,-379.275,-279.435,-397.02,-261.495,42,397,-888,448
2025-09-01 23:45:56.537571,-365.43,-291.72,-271.44,-363.09,-311.02500000000003,-231.27,-382.005,-253.89,39,394,-887,448
2025-09-01 23:45:56.550286,-290.745,-247.845,-253.5,-293.67,-261.3,-206.31,-347.295,-234.78,37,387,-885,512
2025-09-01 23:45:56.563000,-187.395,-166.53,-141.57,-234.585,-176.865,-98.475,-201.825,-109.785,42,391,-882,512
2025-09-01 23:45:56.572857,-187.785,-196.755,-201.045,-174.915,-201.63,-170.43,-310.05,-193.44,41,393,-881,512
2025-09-01 23:45:56.582714,-377.91,-415.935,-423.54,-483.6,-442.65,-380.25,-502.905,-370.305,37,384,-875,448
2025-09-01 23:45:56.592571,-346.71000000000004,-377.715,-381.81,-429.975,-395.07,-336.96000000000004,-460.395,-329.55,37,384,-875,448
2025-09-01 23:45:56.602429,-279.825,-299.91,-298.545,-349.635,-307.125,-242.775,-366.21,-252.915,40,382,-877,448
2025-09-01 23:45:56.612286,-220.74,-215.67,-193.635,-259.935,-216.06,-142.935,-265.59000000000003,-163.215,41,380,-870,448
2025-09-01 23:45:56.622143,-193.635,-189.15,-144.3,-223.47,-184.08,-97.11,-219.57,-127.335,42,375,-882,448
2025-09-01 23:45:56.632000,-139.23000000000002,-117.585,-84.63000000000001,-144.3,-103.935,-37.05,-171.015,-77.61,42,378,-870,448
2025-09-01 23:45:56.644286,-145.47,-136.11,-118.17,-165.555,-141.18,-85.215,-202.41,-107.64,38,376,-870,512
2025-09-01 23:45:56.656571,83.265,45.24,51.09,71.565,78.58500000000001,75.465,27.3,69.81,38,382,-874,512
2025-09-01 23:45:56.668857,63.96,17.355,16.575,38.025,45.24,37.83,-23.79,29.445,38,382,-874,448
2025-09-01 23:45:56.681143,17.745,-51.09,-63.765,-37.245000000000005,-36.66,-42.9,-105.885,-35.88,38,378,-856,448
2025-09-01 23:45:56.693429,-31.785,-139.62,-161.07,-127.92,-126.36,-142.935,-200.85,-117.39,41,387,-870,448
2025-09-01 23:45:56.705714,-72.93,-174.915,-195.195,-162.24,-166.92000000000002,-171.79500000000002,-234.39,-148.395,38,392,-877,448
2025-09-01 23:45:56.718000,-117.39,-240.825,-263.445,-222.885,-223.665,-237.705,-302.64,-199.875,38,386,-877,384
2025-09-01 23:45:56.726857,-91.845,-196.755,-217.23,-164.38500000000002,-160.875,-182.715,-239.655,-148.20000000000002,39,385,-877,384
2025-09-01 23:45:56.735714,-46.41,-132.79500000000002,-131.04,-74.685,-91.65,-113.295,-115.44,-60.84,37,376,-876,448
2025-09-01 23:45:56.744571,-28.47,-106.275,-102.18,-36.075,-48.165,-82.095,-75.855,-30.615,32,378,-877,448
2025-09-01 23:45:56.753429,36.075,-32.76,-13.845,52.845,36.66,2.34,15.795,50.7,32,378,-877,448
2025-09-01 23:45:56.762286,112.515,66.885,86.385,154.05,138.45000000000002,105.3,116.22,132.6,34,384,-885,448
2025-09-01 23:45:56.771143,135.915,109.59,129.87,192.855,181.545,143.52,156.39,171.6,28,382,-871,448
2025-09-01 23:45:56.780000,180.57,170.235,199.095,267.15000000000003,248.43,215.28,230.685,230.1,33,380,-871,512
2025-09-01 23:45:56.793714,163.02,136.695,163.60500000000002,224.64,197.535,160.29,180.57,180.765,38,380,-874,448
2025-09-01 23:45:56.807429,192.27,248.82,263.83500000000004,330.52500000000003,303.225,267.54,311.805,268.32,37,377,-877,448
2025-09-01 23:45:56.821143,182.13,231.66,240.63,302.055,272.415,230.88,279.63,237.705,38,371,-876,448
2025-09-01 23:45:56.834857,127.725,157.95000000000002,160.485,214.89,196.365,153.465,193.44,163.995,38,371,-876,448
2025-09-01 23:45:56.848571,56.16,60.45,69.61500000000001,123.825,88.72500000000001,60.645,104.325,91.845,40,374,-885,512
2025-09-01 23:45:56.862286,27.69,25.155,26.325,83.655,48.36,17.94,62.595,53.04,43,372,-895,512
2025-09-01 23:45:56.876000,-8.97,-31.785,-42.9,9.36,-9.945,-51.870000000000005,-7.215,-12.48,44,373,-883,512
2025-09-01 23:45:56.883143,6.24,5.07,-11.895,50.895,29.25,-5.07,37.05,39.585,41,371,-875,384
2025-09-01 23:45:56.890286,-53.04,-37.245000000000005,-44.07,-15.99,-31.98,-55.77,-8.58,-12.09,37,376,-878,448
2025-09-01 23:45:56.897429,-39.39,-17.355,-26.91,9.36,-2.73,-26.325,21.45,19.89,41,373,-877,512
2025-09-01 23:45:56.904571,16.77,57.72,45.63,92.235,79.36500000000001,50.505,100.23,92.04,40,373,-877,384
2025-09-01 23:45:56.911714,83.85000000000001,163.41,150.735,188.175,180.57,146.64,195.975,174.33,40,381,-877,512
2025-09-01 23:45:56.918857,107.835,193.83,188.565,233.415,215.475,187.98,232.83,204.75,38,381,-872,512
2025-09-01 23:45:56.926000,149.37,259.74,255.45,287.235,277.095,259.935,306.54,273.78000000000003,36,379,-874,448
2025-09-01 23:45:56.938714,145.47,243.165,229.32,257.205,246.285,212.355,260.91,223.275,40,378,-872,512
2025-09-01 23:45:56.951429,-68.64,-64.935,-53.82,-46.995000000000005,-52.845,-66.885,-25.35,-33.345,36,377,-871,384
2025-09-01 23:45:56.964143,-58.11,-47.385000000000005,-36.075,-14.04,-23.205,-33.15,1.56,1.755,35,375,-878,448
2025-09-01 23:45:56.976857,-3.51,30.03,42.120000000000005,67.86,65.52,46.605,85.605,73.125,36,376,-874,448
2025-09-01 23:45:56.989571,68.83500000000001,126.75,138.45000000000002,168.285,162.04500000000002,136.305,174.72,151.905,34,375,-875,448
2025-09-01 23:45:57.002286,85.995,169.845,176.28,207.09,202.02,166.14,221.91,178.425,34,375,-875,448
2025-09-01 23:45:57.015000,132.015,224.64,245.115,273.0,269.295,239.46,290.355,246.48,34,372,-875,512
2025-09-01 23:45:57.027857,125.58,207.48,220.74,249.795,231.66,207.09,252.915,210.21,35,378,-874,448
2025-09-01 23:45:57.040714,99.645,197.34,219.18,238.095,222.69,203.97,241.41,199.095,43,377,-873,448
2025-09-01 23:45:57.053571,90.48,182.715,205.14,212.55,196.95,188.955,212.16,177.45000000000002,40,375,-871,384
2025-09-01 23:45:57.066429,37.245000000000005,110.175,139.815,123.63,115.05,119.145,139.815,111.15,41,375,-871,448
2025-09-01 23:45:57.079286,-32.370000000000005,7.0200000000000005,33.93,32.370000000000005,15.99,0.585,50.895,26.130000000000003,40,374,-871,512
2025-09-01 23:45:57.092143,-66.3,-36.465,-10.725,-8.385,-21.84,-30.42,11.505,-4.68,40,374,-871,512
2025-09-01 23:45:57.105000,-105.105,-94.575,-74.295,-75.27,-86.385,-96.135,-61.23,-72.54,42,379,-874,448
2025-09-01 23:45:57.117714,-103.35,-77.61,-56.16,-56.355,-58.89,-63.18,-29.055,-36.66,43,377,-872,512
2025-09-01 23:45:57.130429,73.32000000000001,172.965,210.405,205.335,193.245,206.7,234.0,186.225,39,380,-867,512
2025-09-01 23:45:57.143143,72.735,173.16,204.945,185.25,180.375,185.25,218.985,162.435,34,381,-878,512
2025-09-01 23:45:57.155857,25.935,98.67,136.11,113.295,101.01,108.225,145.47,103.155,33,378,-878,512
2025-09-01 23:45:57.168571,-51.285,-8.385,31.005000000000003,5.655,-3.12,5.07,42.120000000000005,18.525,33,374,-876,384
2025-09-01 23:45:57.181286,-82.29,-50.115,-14.04,-38.22,-46.41,-29.835,1.365,-12.675,33,374,-876,384
2025-09-01 23:45:57.194000,-122.655,-113.49,-73.32000000000001,-98.085,-115.245,-91.455,-67.47,-75.075,29,376,-878,448
2025-09-01 23:45:57.202857,-117.39,-101.595,-73.71000000000001,-83.07000000000001,-92.625,-68.83500000000001,-46.41,-52.260000000000005,34,371,-873,512
2025-09-01 23:45:57.211714,67.47,157.755,206.7,184.08,183.69,199.485,225.42,163.41,38,378,-876,384
2025-09-01 23:45:57.220571,67.275,157.17000000000002,194.22,168.675,168.48000000000002,180.57,202.8,141.375,40,370,-860,384
2025-09-01 23:45:57.229429,19.11,91.26,123.825,92.43,90.285,108.81,130.65,77.025,37,369,-869,512
2025-09-01 23:45:57.238286,-48.36,-10.335,19.695,-4.095,-4.29,4.095,29.25,-6.63,39,368,-868,512
2025-09-01 23:45:57.247143,-73.905,-52.065000000000005,-24.96,-39.975,-42.120000000000005,-36.465,-12.285,-49.92,39,368,-868,512
2025-09-01 23:45:57.256000,-115.635,-114.27,-83.655,-112.515,-115.83,-95.16,-81.9,-104.91,33,362,-859,448
2025-09-01 23:45:57.268857,-117.39,-114.075,-93.99,-109.2,-102.57,-90.87,-65.52,-89.50500000000001,33,365,-869,448
2025-09-01 23:45:57.281714,-129.87,-135.33,-111.345,-137.28,-141.18,-127.92,-109.98,-113.88,35,372,-869,448
2025-09-01 23:45:57.294571,-125.58,-130.26,-117.585,-131.235,-133.77,-120.9,-96.33,-102.765,35,372,-879,448
2025-09-01 23:45:57.307429,-82.875,-70.005,-47.58,-69.81,-60.645,-54.015,-28.08,-39.0,35,370,-875,448
2025-09-01 23:45:57.320286,-14.82,37.83,57.525,36.465,45.045,49.92,81.12,54.795,38,372,-876,512
2025-09-01 23:45:57.333143,13.845,84.63000000000001,102.96,78.97500000000001,80.535,95.745,120.315,87.165,38,372,-876,512
2025-09-01 23:45:57.346000,54.015,145.08,165.36,142.35,145.275,158.73000000000002,181.935,141.96,42,366,-868,512
2025-09-01 23:45:57.354429,69.42,149.37,162.435,148.395,136.305,141.765,167.31,118.17,41,370,-872,448
2025-09-01 23:45:57.362857,-130.845,-120.315,-122.46,-153.66,-144.10500000000002,-149.565,-119.145,-129.285,45,383,-877,448
2025-09-01 23:45:57.371286,-139.815,-129.675,-123.24,-150.93,-144.885,-139.23000000000002,-114.855,-119.925,45,383,-877,448
2025-09-01 23:45:57.379714,-93.795,-65.715,-56.745000000000005,-85.605,-68.83500000000001,-64.545,-39.975,-56.55,45,379,-879,448
2025-09-01 23:45:57.388143,-19.695,32.565,45.825,24.57,29.055,40.755,62.79,33.54,45,380,-877,512
2025-09-01 23:45:57.396571,5.265000000000001,75.27,86.775,61.23,72.735,79.75500000000001,101.79,67.08,45,380,-877,512
2025-09-01 23:45:57.405000,43.68,120.51,151.71,123.63,134.745,147.81,171.99,132.99,45,380,-880,512
2025-09-01 23:45:57.417857,63.765,139.23000000000002,168.09,141.765,141.96,143.91,166.92000000000002,125.775,36,379,-879,448
2025-09-01 23:45:57.430714,99.45,156.78,174.72,164.775,168.48000000000002,167.505,187.785,145.08,37,372,-872,448
2025-09-01 23:45:57.443571,109.98,168.09,178.62,166.14,165.36,164.38500000000002,181.545,141.57,37,372,-872,448
2025-09-01 23:45:57.456429,63.96,106.08,111.54,93.6,93.99,97.305,105.69,70.2,37,376,-872,448
2025-09-01 23:45:57.469286,-15.405,1.365,0.195,-14.235,-24.765,-12.09,4.29,-13.455,37,372,-874,448
2025-09-01 23:45:57.482143,-42.9,-43.095,-40.755,-57.330000000000005,-60.84,-58.5,-38.22,-58.5,34,370,-876,448
2025-09-01 23:45:57.495000,-76.245,-94.185,-112.125,-123.045,-122.655,-132.015,-100.23,-116.61,34,370,-876,448
2025-09-01 23:45:57.503571,-97.5,-106.47,-126.165,-122.85,-124.8,-130.455,-103.155,-109.59,42,364,-878,448
2025-09-01 23:45:57.512143,-98.67,-115.83,-129.675,-147.03,-147.225,-141.18,-127.92,-125.775,35,366,-872,512
2025-09-01 23:45:57.520714,-110.175,-128.31,-140.79,-152.685,-153.66,-142.935,-135.33,-123.045,35,366,-872,512
2025-09-01 23:45:57.529286,-71.37,-65.715,-76.05,-87.75,-86.58,-79.75500000000001,-60.255,-62.205000000000005,32,366,-869,448
2025-09-01 23:45:57.537857,3.9,32.175000000000004,22.425,10.725,19.11,26.130000000000003,42.9,20.67,32,366,-870,448
2025-09-01 23:45:57.546429,34.905,75.27,64.35000000000001,45.24,58.11,65.52,83.655,60.06,33,373,-869,448
2025-09-01 23:45:57.555000,72.54,132.015,123.825,116.22,120.9,121.095,139.62,107.25,33,373,-869,448
2025-09-01 23:45:57.567857,91.845,145.08,149.37,137.085,140.79,141.18,152.88,111.15,33,369,-866,512
2025-09-01 23:45:57.580714,90.285,141.18,152.1,131.235,143.13,144.885,159.705,128.115,41,373,-877,384
2025-09-01 23:45:57.593571,111.15,160.875,163.41,148.59,151.125,155.22,159.51000000000002,125.97,41,373,-877,384
2025-09-01 23:45:57.606429,45.045,95.94,101.985,81.705,83.46000000000001,87.94500000000001,92.43,70.785,39,379,-876,448
2025-09-01 23:45:57.619286,-15.21,5.8500000000000005,-13.845,-14.43,-15.99,-30.81,-9.555,-21.84,39,377,-875,384
2025-09-01 23:45:57.632143,-49.53,-36.075,-55.38,-65.715,-64.155,-68.055,-47.97,-59.085,38,375,-877,448
2025-09-01 23:45:57.645000,-89.895,-93.015,-110.37,-121.095,-120.12,-132.015,-113.49,-114.855,38,375,-877,512
2025-09-01 23:45:57.645250,-111.93,-130.26,-140.205,-153.85500000000002,-146.055,-145.665,-131.82,-123.435,35,377,-875,512
2025-09-01 23:45:57.645500,79.36500000000001,127.725,146.055,140.595,133.965,145.08,159.315,122.85,35,377,-879,448
2025-09-01 23:45:57.645750,88.72500000000001,145.47,171.79500000000002,134.35500000000002,142.35,160.29,165.36,132.6,35,377,-879,448
2025-09-01 23:45:57.646000,54.21,89.31,107.055,79.17,87.165,97.5,96.135,67.665,33,381,-878,512
2025-09-01 23:45:57.675667,-18.72,-12.675,-6.825,-20.865,-22.62,-15.795,-12.675,-26.91,36,380,-877,512
2025-09-01 23:45:57.705333,-54.795,-59.865,-50.895,-65.715,-65.325,-64.155,-62.205000000000005,-66.69,35,379,-876,512
2025-09-01 23:45:57.735000,-86.19,-103.545,-109.98,-120.9,-118.755,-128.115,-115.05,-116.415,36,378,-877,512
2025-09-01 23:45:57.747714,-114.075,-148.005,-148.005,-153.465,-147.225,-152.49,-137.865,-133.185,37,377,-879,448
2025-09-01 23:45:57.760429,-89.31,-122.85,-132.405,-139.035,-147.81,-157.755,-141.18,-141.57,35,375,-872,384
2025-09-01 23:45:57.773143,-107.64,-148.59,-160.095,-161.655,-165.36,-177.255,-153.85500000000002,-146.835,35,375,-872,384
2025-09-01 23:45:57.785857,-66.105,-97.305,-100.23,-96.525,-101.985,-112.32,-88.14,-84.825,38,375,-864,448
2025-09-01 23:45:57.798571,-12.48,-8.775,20.475,-8.97,-11.31,8.97,24.96,15.795,32,381,-870,448
2025-09-01 23:45:57.811286,17.355,37.635,65.325,18.135,31.005000000000003,53.04,68.64,51.09,34,379,-866,448
2025-09-01 23:45:57.824000,49.53,89.895,122.85,76.245,88.92,110.37,122.85,107.055,34,380,-869,448
2025-09-01 23:45:57.837000,89.11500000000001,148.59,163.995,137.475,142.35,136.695,146.25,116.805,31,377,-873,448
2025-09-01 23:45:57.850000,-169.455,-170.04,-134.16,-179.205,-189.93,-147.03,-172.965,-140.985,40,378,-879,512
2025-09-01 23:45:57.863000,-193.83,-201.825,-165.165,-215.865,-219.765,-161.07,-184.47,-150.15,40,378,-879,512
2025-09-01 23:45:57.876000,-173.94,-155.025,-102.765,-175.5,-169.455,-96.72,-120.9,-81.12,38,385,-884,512
2025-09-01 23:45:57.889000,-98.67,-54.99,13.65,-64.155,-55.965,21.45,-20.67,26.325,43,379,-884,512
2025-09-01 23:45:57.902000,-65.91,-14.43,60.84,-13.65,-12.48,62.595,28.86,55.575,48,383,-886,512
2025-09-01 23:45:57.915000,-24.765,32.565,107.64,46.995000000000005,45.825,121.29,91.26,100.815,46,381,-883,448
2025-09-01 23:45:57.924000,4.29,85.02,156.39,77.22,85.605,160.485,124.8,129.87,45,381,-882,448
2025-09-01 23:45:57.933000,-9.36,71.37,144.69,82.29,81.9,159.315,127.335,133.38,42,372,-872,448
2025-09-01 23:45:57.942000,24.765,103.155,171.405,109.59,115.44,179.595,148.395,142.74,39,376,-874,512
2025-09-01 23:45:57.951000,-8.58,52.065000000000005,119.925,51.09,54.015,122.07,91.65,91.26,39,376,-874,512
2025-09-01 23:45:57.960000,-83.46000000000001,-63.375,15.99,-59.28,-54.99,14.82,-20.085,-3.9,47,374,-876,448
2025-09-01 23:45:57.969000,-110.175,-100.62,-32.175000000000004,-100.035,-97.89,-30.81,-68.64,-41.535,47,374,-878,512
2025-09-01 23:45:57.978000,-147.42000000000002,-145.665,-79.17,-150.93,-152.88,-83.46000000000001,-119.535,-90.87,42,374,-877,512
2025-09-01 23:45:57.990429,-199.29,-203.58,-133.965,-208.26,-207.48,-121.875,-161.46,-116.61,39,371,-876,448
2025-09-01 23:45:58.002857,24.375,71.175,140.4,93.99,97.11,144.10500000000002,124.215,117.39,37,375,-873,448
2025-09-01 23:45:58.015286,52.065000000000005,98.67,177.255,125.58,121.68,166.92000000000002,151.905,138.645,38,372,-876,512
2025-09-01 23:45:58.027714,19.89,59.67,130.455,69.42,68.055,114.27,92.43,91.845,38,372,-876,512
2025-09-01 23:45:58.040143,-52.065000000000005,-42.315000000000005,19.695,-40.56,-42.315000000000005,4.875,-15.015,-7.41,42,366,-874,448
2025-09-01 23:45:58.052571,-77.415,-87.94500000000001,-27.105,-90.48,-88.53,-37.635,-59.865,-43.29,43,370,-876,448
2025-09-01 23:45:58.065000,-116.22,-136.89,-77.025,-148.395,-145.08,-95.16,-118.95,-93.21,41,374,-878,384
2025-09-01 23:45:58.074571,-158.145,-196.56,-137.67000000000002,-192.075,-190.32,-143.715,-163.41,-133.57500000000002,40,375,-876,448
2025-09-01 23:45:58.084143,-119.73,-156.78,-104.52,-146.445,-154.05,-119.145,-133.185,-116.805,37,380,-880,512
2025-09-01 23:45:58.093714,-146.445,-189.345,-143.715,-176.475,-192.27,-155.61,-162.04500000000002,-143.32500000000002,37,378,-879,448
2025-09-01 23:45:58.103286,-124.41,-150.735,-98.28,-129.48000000000002,-139.425,-94.965,-108.81,-88.53,37,378,-879,448
2025-09-01 23:45:58.112857,-42.9,-46.605,11.31,-20.67,-23.4,8.385,0.39,4.29,36,376,-879,448
2025-09-01 23:45:58.122429,-7.995,-0.78,56.55,25.74,28.08,50.31,46.995000000000005,41.925,35,381,-875,448
2025-09-01 23:45:58.132000,28.86,55.965,112.71,68.83500000000001,71.76,109.395,95.745,84.24000000000001,37,382,-876,512
2025-09-01 23:45:58.143857,66.105,112.515,170.235,145.47,133.965,161.46,152.88,128.895,36,379,-875,512
2025-09-01 23:45:58.155714,59.67,75.855,136.305,116.805,108.03,136.305,122.07,109.59,39,382,-863,384
2025-09-01 23:45:58.167571,83.46000000000001,109.98,182.325,155.415,145.86,172.57500000000002,156.975,133.38,42,377,-859,448
2025-09-01 23:45:58.179429,59.475,83.07000000000001,134.55,113.295,95.745,114.66,111.735,79.36500000000001,40,376,-867,448
2025-09-01 23:45:58.191286,-13.65,-18.72,23.985,-12.09,-13.065,4.095,-6.045,-14.625,38,378,-874,512
2025-09-01 23:45:58.203143,-44.85,-63.375,-23.595,-47.58,-56.355,-43.29,-54.015,-54.015,38,378,-874,512
2025-09-01 23:45:58.215000,-85.215,-110.37,-81.9,-94.575,-102.18,-101.79,-109.2,-104.13,40,377,-875,512
2025-09-01 23:45:58.224000,-131.82,-173.745,-146.055,-163.02,-170.625,-155.61,-158.925,-139.23000000000002,38,378,-875,448
2025-09-01 23:45:58.233000,-96.72,-139.425,-95.745,-128.70000000000002,-131.625,-130.65,-124.995,-118.95,36,377,-876,448
2025-09-01 23:45:58.242000,-126.945,-176.475,-142.74,-160.29,-168.87,-164.775,-165.945,-155.415,34,381,-876,448
2025-09-01 23:45:58.251000,-104.91,-145.08,-110.955,-113.1,-130.65,-125.97,-117.195,-109.005,33,378,-876,448
2025-09-01 23:45:58.260000,-27.885,-44.655,2.34,-1.56,-18.525,-13.455,-8.97,-10.14,36,379,-874,512
2025-09-01 23:45:58.269000,6.63,3.12,53.82,43.68,31.005000000000003,32.370000000000005,41.145,34.515,36,379,-874,512
2025-09-01 23:45:58.278000,42.9,53.04,112.515,96.72,84.045,86.97,100.035,80.73,32,379,-870,448
2025-09-01 23:45:58.280000,96.33,127.335,170.82,166.14,150.15,152.29500000000002,151.71,126.165,34,378,-870,512
2025-09-01 23:45:58.294167,-76.83,-118.95,-91.065,-106.665,-124.41,-122.46,-117.585,-109.59,33,375,-864,512
2025-09-01 23:45:58.308333,-107.835,-160.095,-137.28,-157.17000000000002,-163.995,-163.995,-160.095,-141.96,33,380,-853,512
2025-09-01 23:45:58.322500,-81.705,-135.915,-109.2,-110.175,-117.585,-125.58,-115.83,-107.055,33,377,-861,448
2025-09-01 23:45:58.336667,-15.99,-43.485,1.365,-10.92,-23.4,-16.575,-11.7,-15.99,32,379,-866,384
2025-09-01 23:45:58.350833,15.405,7.41,52.65,26.715,23.205,34.71,31.98,28.665000000000003,32,379,-866,384
2025-09-01 23:45:58.365000,60.45,61.425,103.74,87.75,81.705,87.165,90.285,77.025,36,379,-856,448
2025-09-01 23:45:58.377714,109.59,137.28,169.455,166.92000000000002,160.095,148.98000000000002,150.54,123.24,34,380,-868,448
2025-09-01 23:45:58.390429,64.35000000000001,80.145,111.93,108.42,112.32,88.33500000000001,91.26,78.78,33,373,-873,512
2025-09-01 23:45:58.403143,81.705,121.29,152.29500000000002,138.255,147.42000000000002,130.455,137.865,110.955,33,383,-864,448
2025-09-01 23:45:58.415857,79.95,98.67,140.4,111.93,119.145,102.96,116.415,93.795,32,380,-869,448
2025-09-01 23:45:58.428571,25.35,-0.975,37.245000000000005,19.695,13.455,-6.4350000000000005,10.14,-1.95,31,380,-874,384
2025-09-01 23:45:58.441286,-1.755,-51.48,-12.675,-26.715,-36.66,-53.04,-32.565,-41.535,31,380,-874,384
2025-09-01 23:45:58.454000,-41.535,-100.23,-69.22500000000001,-79.56,-90.87,-107.055,-85.02,-90.87,31,385,-866,448
2025-09-01 23:45:58.454200,-92.43,-164.97,-145.275,-162.82500000000002,-160.875,-174.72,-167.115,-151.32,31,383,-871,448
2025-09-01 23:45:58.454400,-130.65,-170.625,-81.9,-140.205,-147.03,-98.28,-140.79,-83.07000000000001,43,385,-874,512
2025-09-01 23:45:58.454600,-164.775,-212.355,-126.555,-188.955,-188.565,-145.275,-189.735,-120.51,38,380,-860,512
2025-09-01 23:45:58.454800,-164.58,-198.705,-107.25,-171.99,-163.02,-107.835,-155.025,-88.33500000000001,36,377,-862,448
2025-09-01 23:45:58.455000,-92.82,-95.94,2.73,-59.67,-60.06,3.51,-35.1,12.675,35,378,-867,512
2025-09-01 23:45:58.499500,-63.18,-52.065000000000005,56.16,-4.095,-8.19,60.06,10.335,53.625,35,378,-867,512
2025-09-01 23:45:58.544000,-18.33,9.555,108.225,58.305,59.475,107.25,62.79,98.865,33,381,-858,512
2025-09-01 23:45:58.552857,43.095,78.78,188.37,134.16,133.185,180.96,147.03,165.75,38,381,-871,384
2025-09-01 23:45:58.561714,-108.42,-141.375,-61.815000000000005,-94.77,-108.615,-66.105,-105.3,-60.84,44,377,-870,448
2025-09-01 23:45:58.570571,-145.665,-188.37,-108.81,-146.64,-155.805,-121.29,-148.20000000000002,-96.72,44,377,-870,448
2025-09-01 23:45:58.579429,-136.89,-180.18,-101.595,-119.535,-127.14,-96.525,-116.61,-65.715,42,377,-872,448
2025-09-01 23:45:58.588286,-63.96,-80.73,8.58,-19.11,-23.595,12.48,-6.4350000000000005,29.835,41,376,-872,448
2025-09-01 23:45:58.597143,-25.35,-22.23,63.375,38.61,29.25,68.64,44.07,71.565,41,376,-872,448
2025-09-01 23:45:58.606000,15.99,28.275,125.97,91.065,84.045,128.31,98.085,122.265,41,374,-867,448
2025-09-01 23:45:58.618714,73.71000000000001,104.715,202.605,171.79500000000002,158.34,199.29,168.285,178.815,38,380,-875,448
2025-09-01 23:45:58.631429,-35.295,-99.84,-46.02,-60.84,-73.905,-89.895,-81.315,-67.665,30,382,-873,448
2025-09-01 23:45:58.644143,-63.18,-137.865,-89.31,-104.13,-116.61,-135.33,-121.68,-109.98,30,382,-873,448
2025-09-01 23:45:58.656857,-64.35000000000001,-139.425,-82.29,-92.625,-101.79,-116.025,-96.525,-85.215,24,381,-873,448
2025-09-01 23:45:58.669571,2.34,-41.535,18.33,6.4350000000000005,2.535,-3.12,0.585,3.705,29,379,-872,448
2025-09-01 23:45:58.682286,48.165,12.87,69.61500000000001,64.935,57.330000000000005,52.260000000000005,51.870000000000005,50.895,34,381,-873,448
2025-09-01 23:45:58.695000,91.845,68.055,130.845,121.875,110.76,107.835,112.515,104.13,34,381,-873,448
2025-09-01 23:45:58.703714,139.815,136.305,215.085,196.95,183.69,185.055,191.49,168.48000000000002,30,381,-873,448
2025-09-01 23:45:58.712429,-27.885,-88.72500000000001,-47.58,-67.08,-80.925,-81.51,-88.14,-65.715,34,382,-870,448
2025-09-01 23:45:58.721143,-65.715,-131.43,-97.89,-106.08,-124.215,-133.57500000000002,-144.10500000000002,-101.205,34,382,-870,448
2025-09-01 23:45:58.729857,-73.125,-139.035,-90.09,-110.175,-114.855,-105.3,-123.24,-84.24000000000001,30,378,-867,448
2025-09-01 23:45:58.738571,-4.29,-51.09,12.09,-2.535,-15.6,-6.045,-14.625,6.4350000000000005,33,379,-873,448
2025-09-01 23:45:58.747286,43.485,9.945,62.985,60.45,46.8,36.855,39.585,47.190000000000005,37,380,-875,384
2025-09-01 23:45:58.756000,83.265,63.375,118.56,102.96,96.525,88.53,96.72,102.18,37,380,-875,384
2025-09-01 23:45:58.768857,128.895,145.47,209.235,183.105,179.985,176.28,179.595,167.70000000000002,28,380,-877,448
2025-09-01 23:45:58.781714,103.155,100.035,136.305,119.535,118.365,102.375,111.54,101.985,36,382,-869,448
2025-09-01 23:45:58.794571,128.115,136.305,175.5,181.935,165.165,143.715,152.1,145.275,36,382,-869,448
2025-09-01 23:45:58.807429,137.28,147.615,186.81,182.13,160.875,139.62,144.69,126.75,30,379,-864,448
2025-09-01 23:45:58.820286,74.49000000000001,55.575,94.965,77.805,56.940000000000005,36.465,47.190000000000005,40.56,33,379,-867,512
2025-09-01 23:45:58.833143,38.415,-1.95,27.69,23.595,5.07,-24.765,-16.575,-11.895,34,380,-868,384
2025-09-01 23:45:58.846000,-3.51,-59.475,-34.71,-34.125,-51.09,-84.045,-76.05,-61.035,18,380,-868,384
2025-09-01 23:45:58.863429,-60.255,-133.77,-113.295,-114.465,-138.255,-156.195,-150.54,-128.115,34,380,-875,448
2025-09-01 23:45:58.880857,-3.705,-61.425,-53.04,-64.935,-73.125,-117.195,-94.965,-89.31,36,388,-873,448
2025-09-01 23:45:58.898286,-24.57,-102.57,-96.72,-100.815,-115.44,-165.36,-146.055,-136.305,36,388,-873,448
2025-09-01 23:45:58.915714,-42.315000000000005,-117.975,-104.715,-103.545,-118.17,-166.14,-135.33,-123.825,33,392,-880,448
2025-09-01 23:45:58.933143,24.18,-29.445,-10.92,-2.535,-15.015,-69.81,-35.295,-35.1,34,388,-877,448
2025-09-01 23:45:58.950571,64.74000000000001,25.545,49.725,53.82,39.78,-4.095,18.72,17.16,37,383,-879,448
2025-09-01 23:45:58.968000,99.84,84.435,106.275,106.86,92.82,54.21,83.46000000000001,70.2,33,385,-875,512
2025-09-01 23:45:58.976286,150.15,165.165,192.855,190.71,178.035,134.35500000000002,160.875,137.67000000000002,32,387,-878,512
2025-09-01 23:45:58.984571,100.815,97.5,121.29,117.585,110.175,65.52,100.425,71.565,35,379,-871,448
2025-09-01 23:45:58.992857,126.945,139.035,166.335,153.66,151.515,109.59,148.005,114.66,35,379,-871,448
2025-09-01 23:45:59.001143,153.27,160.29,188.37,167.895,160.485,117.78,147.81,111.93,36,375,-859,448
2025-09-01 23:45:59.009429,80.535,78.0,96.33,83.655,69.03,18.135,52.455,26.91,30,380,-877,512
2025-09-01 23:45:59.017714,35.88,16.38,33.735,18.33,7.995,-40.56,-0.195,-20.475,28,383,-867,448
2025-09-01 23:45:59.026000,-5.46,-45.24,-28.86,-49.14,-54.405,-99.645,-55.38,-70.59,30,382,-870,448
2025-09-01 23:45:59.039143,-53.625,-115.44,-110.175,-118.56,-128.70000000000002,-181.74,-143.715,-147.42000000000002,33,382,-871,512
2025-09-01 23:45:59.052286,103.545,93.99,124.8,117.39,108.81,53.625,91.455,73.515,38,380,-874,448
2025-09-01 23:45:59.065429,128.895,130.455,161.655,155.61,147.225,99.645,141.57,109.005,38,380,-874,448
2025-09-01 23:45:59.078571,151.125,156.0,199.485,161.265,156.975,122.46,159.705,120.9,37,384,-872,448
2025-09-01 23:45:59.091714,88.33500000000001,76.83,101.595,74.49000000000001,77.805,23.4,64.74000000000001,29.445,37,376,-859,512
2025-09-01 23:45:59.104857,40.56,15.21,41.925,7.800000000000001,6.63,-38.22,0.78,-22.23,45,372,-862,448
2025-09-01 23:45:59.118000,9.555,-46.8,-25.74,-44.655,-46.41,-100.815,-63.18,-78.78,40,377,-865,512
2025-09-01 23:45:59.130286,-49.725,-117.39,-107.835,-124.215,-126.36,-182.325,-144.3,-146.445,38,379,-868,448
2025-09-01 23:45:59.142571,77.22,91.455,113.1,89.31,100.23,53.235,91.845,54.795,36,393,-874,512
2025-09-01 23:45:59.154857,106.86,134.745,155.22,136.11,145.86,96.525,129.675,93.21,32,391,-878,448
2025-09-01 23:45:59.167143,142.54500000000002,166.725,186.42,153.465,171.21,121.29,149.76,105.495,32,391,-878,448
2025-09-01 23:45:59.179429,64.545,86.97,100.425,60.645,78.97500000000001,22.23,58.305,30.42,33,393,-886,512
2025-09-01 23:45:59.191714,26.715,25.155,39.585,-0.78,10.14,-37.05,-2.9250000000000003,-26.715,28,394,-878,448
2025-09-01 23:45:59.204000,-13.065,-32.76,-23.595,-64.74000000000001,-50.31,-96.525,-66.105,-82.875,34,392,-880,448
2025-09-01 23:45:59.216714,-66.885,-112.515,-107.64,-139.035,-131.43,-180.96,-143.32500000000002,-157.755,32,389,-882,448
2025-09-01 23:45:59.229429,79.17,84.24000000000001,110.955,91.065,96.915,44.46,86.385,51.675,35,379,-868,448
2025-09-01 23:45:59.242143,103.155,119.535,148.005,133.38,139.815,85.41,132.015,88.72500000000001,39,379,-868,384
2025-09-01 23:45:59.254857,136.5,159.705,194.61,164.38500000000002,170.43,126.36,155.025,112.71,39,379,-868,512
2025-09-01 23:45:59.267571,84.825,84.045,109.98,72.15,80.145,37.635,62.400000000000006,32.565,35,376,-861,512
2025-09-01 23:45:59.280286,47.190000000000005,28.47,35.1,15.795,26.325,-39.78,-5.07,-23.01,35,377,-865,512
2025-09-01 23:45:59.293000,-3.51,-31.200000000000003,-19.5,-52.455,-51.285,-100.815,-58.695,-80.535,37,380,-868,448
2025-09-01 23:45:59.301714,-59.085,-113.685,-106.08,-137.67000000000002,-134.745,-180.765,-147.225,-155.415,38,381,-869,512
2025-09-01 23:45:59.310429,52.065000000000005,73.905,115.05,77.22,85.605,40.56,80.925,49.725,33,381,-870,448
2025-09-01 23:45:59.319143,78.97500000000001,111.93,152.88,117.78,122.85,81.51,121.875,84.045,41,378,-873,448
2025-09-01 23:45:59.327857,111.93,155.805,195.195,159.12,170.04,114.075,148.98000000000002,113.49,38,382,-867,512
2025-09-01 23:45:59.336571,71.76,88.53,111.735,79.75500000000001,81.51,27.69,65.13,33.15,38,385,-867,512
2025-09-01 23:45:59.345286,19.5,22.815,46.215,4.875,13.65,-40.365,4.875,-23.205,38,385,-867,512
2025-09-01 23:45:59.354000,-23.595,-35.49,-17.16,-56.940000000000005,-41.145,-98.28,-58.695,-73.71000000000001,34,386,-875,448
2025-09-01 23:45:59.354333,-72.54,-111.345,-93.21,-132.405,-126.165,-177.645,-136.695,-146.055,33,387,-875,448
2025-09-01 23:45:59.354667,-43.095,-64.935,-31.785,-85.02,-68.64,-117.0,-72.15,-90.87,29,385,-872,512
2025-09-01 23:45:59.355000,-65.715,-101.205,-74.10000000000001,-112.905,-109.59,-156.78,-111.93,-130.455,34,387,-876,512
2025-09-01 23:45:59.377500,-108.615,-149.175,-126.165,-155.22,-153.07500000000002,-197.145,-153.85500000000002,-153.465,29,389,-874,448
2025-09-01 23:45:59.400000,-72.15,-85.02,-46.995000000000005,-96.525,-66.105,-108.615,-72.54,-81.9,31,387,-872,384
2025-09-01 23:45:59.422500,-15.21,-17.16,18.915,-25.545,-2.9250000000000003,-45.045,-8.19,-21.255,31,387,-872,384
2025-09-01 23:45:59.445000,24.375,48.36,87.555,54.795,68.25,27.69,60.255,32.175000000000004,41,388,-876,512
2025-09-01 23:45:59.462143,85.215,121.68,155.025,134.16,144.10500000000002,101.205,140.595,100.62,36,384,-871,448
2025-09-01 23:45:59.479286,45.045,58.695,97.305,55.575,82.095,28.86,72.93,38.025,37,380,-865,512
2025-09-01 23:45:59.496429,68.055,91.065,136.11,99.255,120.705,78.19500000000001,115.635,74.88,32,373,-855,448
2025-09-01 23:45:59.513571,118.755,149.76,196.56,179.79,182.715,124.605,159.12,107.25,33,378,-863,384
2025-09-01 23:45:59.530714,71.175,85.41,121.485,98.865,99.255,40.17,86.19,36.465,34,376,-870,448
2025-09-01 23:45:59.547857,19.5,17.745,57.330000000000005,22.035,29.25,-28.275,16.185000000000002,-20.67,34,376,-870,448
2025-09-01 23:45:59.565000,-19.5,-34.905,-25.545,-28.665000000000003,-26.130000000000003,-106.08,-69.03,-92.43,35,377,-855,448
2025-09-01 23:45:59.577714,-77.415,-110.175,-98.865,-110.565,-109.395,-175.89,-140.985,-149.955,35,378,-864,448
2025-09-01 23:45:59.590429,79.95,75.27,103.545,99.84,112.905,32.955,92.82,38.415,31,383,-854,448
2025-09-01 23:45:59.603143,101.595,111.735,136.695,138.45000000000002,144.495,74.685,126.75,71.955,25,388,-870,384
2025-09-01 23:45:59.615857,147.03,171.79500000000002,196.17,191.295,195.975,126.165,177.06,113.295,31,381,-870,448
2025-09-01 23:45:59.628571,98.28,104.715,119.73,110.565,115.635,36.075,93.405,39.195,35,381,-871,448
2025-09-01 23:45:59.641286,48.36,38.805,56.940000000000005,45.435,47.58,-31.200000000000003,29.25,-15.99,35,381,-871,448
2025-09-01 23:45:59.654000,8.19,-27.3,-16.38,-21.06,-14.235,-95.355,-39.195,-76.245,34,382,-878,448
2025-09-01 23:45:59.666857,-40.755,-97.695,-91.26,-96.525,-96.72,-174.33,-109.98,-143.91,35,382,-876,448
2025-09-01 23:45:59.679714,47.97,-5.46,-31.98,-13.65,-15.21,-132.21,-41.73,-96.135,31,380,-878,448
2025-09-01 23:45:59.692571,22.815,-42.9,-62.985,-55.575,-52.455,-161.655,-74.49000000000001,-121.485,31,377,-879,448
2025-09-01 23:45:59.705429,-17.55,-100.23,-118.95,-117.975,-109.005,-206.505,-124.8,-162.24,33,379,-877,512
2025-09-01 23:45:59.718286,26.52,-34.905,-60.645,-39.0,-34.32,-137.67000000000002,-49.92,-100.815,37,384,-876,448
2025-09-01 23:45:59.731143,67.86,21.84,6.63,23.595,25.935,-68.83500000000001,24.765,-37.83,37,384,-876,448
2025-09-01 23:45:59.744000,115.83,85.02,76.83,86.385,95.16,-6.045,87.555,16.965,30,384,-877,448
2025-09-01 23:45:59.752857,167.115,157.755,155.805,167.115,169.845,72.54,159.705,83.265,36,383,-884,448
2025-09-01 23:45:59.761714,109.59,91.455,85.995,88.72500000000001,92.43,11.7,80.925,24.765,32,380,-868,512
2025-09-01 23:45:59.770571,134.94,122.85,116.22,125.58,129.675,43.485,116.61,56.16,32,380,-868,512
2025-09-01 23:45:59.779429,176.67000000000002,183.495,182.325,189.345,187.005,102.18,182.91,106.47,35,378,-873,448
2025-09-01 23:45:59.788286,135.135,126.555,117.585,122.265,119.535,32.175000000000004,107.055,40.17,39,375,-870,448
2025-09-01 23:45:59.797143,87.165,63.375,52.845,48.945,53.04,-29.445,42.51,-19.11,39,375,-870,512
2025-09-01 23:45:59.806000,40.56,-5.07,-15.21,-17.55,-18.33,-99.06,-27.885,-78.78,38,376,-871,512
2025-09-01 23:45:59.818571,-11.895,-76.05,-91.845,-92.82,-95.94,-174.13500000000002,-102.18,-142.74,41,375,-864,384
2025-09-01 23:45:59.831143,-46.41,-61.23,-62.985,-83.85000000000001,-79.75500000000001,-128.115,-94.575,-103.74,32,380,-873,448
2025-09-01 23:45:59.843714,-73.71000000000001,-92.43,-93.99,-126.165,-117.585,-166.53,-133.965,-140.205,32,380,-873,448
2025-09-01 23:45:59.856286,-125.385,-157.17000000000002,-156.195,-215.475,-186.03,-213.915,-206.31,-182.715,35,380,-872,448
2025-09-01 23:45:59.868857,-103.155,-116.805,-93.99,-142.35,-130.65,-143.91,-142.155,-118.56,35,381,-871,448
2025-09-01 23:45:59.881429,-60.06,-55.38,-28.08,-82.875,-63.765,-79.95,-72.93,-56.55,36,379,-873,448
2025-09-01 23:45:59.894000,-18.525,15.21,43.68,-9.945,2.9250000000000003,-14.625,-14.235,-2.34,36,379,-873,448
2025-09-01 23:45:59.903000,29.055,81.9,123.24,49.335,78.0,65.91,71.565,69.03,33,382,-876,512
2025-09-01 23:45:59.912000,-26.325,32.76,91.845,27.885,33.735,34.515,35.685,54.795,32,377,-877,512
2025-09-01 23:45:59.921000,2.535,67.275,125.385,56.355,63.57,66.495,73.32000000000001,80.145,32,377,-877,512
2025-09-01 23:45:59.930000,53.43,141.18,181.935,130.26,136.695,120.51,129.675,127.53,32,375,-876,448
2025-09-01 23:45:59.939000,21.45,89.7,131.82,68.25,76.83,60.645,58.5,69.81,29,379,-876,448
2025-09-01 23:45:59.948000,-21.45,31.395,72.15,5.07,11.115,-5.8500000000000005,-0.195,16.77,33,376,-877,512
2025-09-01 23:45:59.957000,-75.855,-40.755,-4.485,-80.145,-56.745000000000005,-76.44,-71.955,-44.655,33,376,-877,512
2025-09-01 23:45:59.969571,-120.705,-108.615,-74.49000000000001,-136.5,-134.35500000000002,-149.955,-138.84,-107.64,37,377,-867,512
2025-09-01 23:45:59.982143,-60.255,-36.855,-14.04,-60.45,-63.57,-84.24000000000001,-75.075,-58.89,42,385,-874,448
2025-09-01 23:45:59.994714,-84.24000000000001,-62.985,-48.75,-90.285,-97.695,-118.56,-105.3,-87.75,42,385,-874,448
2025-09-01 23:46:00.007286,-130.26,-129.09,-105.69,-163.60500000000002,-168.285,-179.595,-171.79500000000002,-133.185,41,384,-885,448
2025-09-01 23:46:00.019857,-107.055,-83.265,-65.52,-109.395,-114.465,-127.14,-118.95,-84.63000000000001,40,383,-878,512
2025-09-01 23:46:00.032429,-69.81,-32.565,4.095,-48.75,-55.185,-61.035,-49.725,-24.96,39,381,-874,448
2025-09-01 23:46:00.045000,-17.355,41.925,78.97500000000001,19.695,19.89,18.72,28.47,44.46,40,377,-874,512
2025-09-01 23:46:00.053571,44.46,110.565,148.785,107.055,94.77,83.265,93.795,103.545,40,379,-877,512
2025-09-01 23:46:00.062143,26.130000000000003,68.44500000000001,78.39,50.31,47.385000000000005,28.275,44.07,49.725,32,375,-876,512
2025-09-01 23:46:00.070714,45.435,101.985,111.15,84.435,76.635,62.010000000000005,70.59,77.025,32,375,-876,512
2025-09-01 23:46:00.079286,83.655,158.34,184.665,145.08,141.765,135.525,144.3,142.54500000000002,33,372,-885,448
2025-09-01 23:46:00.087857,63.96,129.09,143.52,104.715,96.915,79.17,91.065,91.065,22,372,-877,448
2025-09-01 23:46:00.096429,31.395,74.685,80.535,46.8,33.15,15.405,29.25,31.785,23,375,-876,512
2025-09-01 23:46:00.105000,-29.835,-1.755,3.12,-35.49,-42.315000000000005,-61.425,-43.485,-38.22,27,375,-874,448
2025-09-01 23:46:00.118000,-71.955,-66.885,-65.325,-99.45,-113.685,-132.405,-114.27,-94.77,25,376,-877,512
2025-09-01 23:46:00.131000,-3.705,53.625,54.99,15.795,28.275,13.065,14.625,21.255,22,377,-876,448
2025-09-01 23:46:00.144000,30.81,87.75,90.675,51.870000000000005,70.785,56.940000000000005,43.485,57.72,22,377,-876,448
2025-09-01 23:46:00.157000,93.6,157.56,177.255,138.255,147.81,134.94,136.89,130.065,16,381,-868,448
2025-09-01 23:46:00.170000,58.695,124.995,93.015,48.165,90.675,35.685,-0.78,-1.95,22,377,-875,448
2025-09-01 23:46:00.183000,-72.15,55.965,21.84,-17.16,14.235,-33.54,-36.66,-54.99,22,376,-872,512
2025-09-01 23:46:00.196000,-78.78,-26.91,-10.725,-67.275,-54.015,-70.98,-47.385000000000005,-42.9,25,376,-871,448
2025-09-01 23:46:00.208714,-207.48,-102.765,-128.31,-220.935,-153.66,-193.44,-218.205,-195.39,25,378,-874,448
2025-09-01 23:46:00.221429,-390.0,-267.345,-391.17,-532.35,-394.29,-420.42,-510.51,-463.125,33,364,-867,448
2025-09-01 23:46:00.234143,-437.19,-309.46500000000003,-431.535,-596.3100000000001,-433.875,-447.135,-522.015,-467.22,33,364,-867,448
2025-09-01 23:46:00.246857,-398.385,-371.28,-471.12,-655.59,-501.15,-483.405,-563.94,-481.26,34,370,-865,448
2025-09-01 23:46:00.259571,-481.26,-365.235,-499.98,-617.37,-472.875,-505.44,-579.735,-521.4300000000001,31,368,-865,448
2025-09-01 23:46:00.272286,-254.085,-267.54,-388.245,-405.015,-336.765,-388.05,-441.285,-360.945,37,368,-871,384
2025-09-01 23:46:00.285000,-130.065,-164.38500000000002,-311.22,-280.605,-255.84,-322.53000000000003,-367.965,-343.785,36,371,-867,512
2025-09-01 23:46:00.298000,-218.985,-141.18,-240.24,-388.05,-232.44,-238.095,-336.765,-270.66,33,372,-870,448
2025-09-01 23:46:00.311000,-76.635,-113.1,-258.18,-288.21000000000004,-188.565,-272.805,-300.105,-275.925,37,381,-878,512
2025-09-01 23:46:00.324000,-57.525,-87.555,-220.155,-259.35,-160.095,-232.44,-267.345,-242.385,36,382,-883,512
2025-09-01 23:46:00.337000,-10.335,-15.015,-160.095,-195.975,-91.845,-161.46,-203.97,-179.205,36,382,-883,512
2025-09-01 23:46:00.350000,2.34,-22.035,-173.745,-203.385,-99.84,-188.175,-229.32,-216.84,29,386,-874,512
2025-09-01 23:46:00.363000,-26.715,-67.665,-224.64,-248.235,-153.85500000000002,-241.02,-279.045,-261.69,28,382,-870,512
2025-09-01 23:46:00.376000,-71.76,-138.06,-302.64,-322.33500000000004,-227.955,-319.02000000000004,-353.34000000000003,-330.72,31,379,-873,448
2025-09-01 23:46:00.388571,-120.705,-211.77,-373.815,-395.265,-298.935,-384.345,-415.935,-385.32,34,382,-874,512
2025-09-01 23:46:00.401143,110.37,-32.76,-149.565,-88.53,-65.325,-170.82,-162.435,-141.57,35,379,-877,512
2025-09-01 23:46:00.413714,84.045,-63.18,-179.205,-124.8,-96.72,-201.24,-186.615,-164.58,35,381,-875,448
2025-09-01 23:46:00.426286,47.58,-115.83,-230.88,-178.815,-154.05,-258.57,-248.82,-215.865,35,381,-875,448
2025-09-01 23:46:00.438857,60.06,-102.375,-215.085,-148.785,-123.825,-228.735,-213.915,-186.03,34,387,-877,448
2025-09-01 23:46:00.451429,101.01,-50.895,-158.145,-80.73,-61.425,-165.36,-156.0,-126.555,30,387,-873,448
2025-09-01 23:46:00.464000,159.705,29.445,-68.83500000000001,2.34,16.38,-75.465,-65.325,-56.940000000000005,32,383,-873,512
2025-09-01 23:46:00.473143,209.235,98.67,8.775,67.47,81.9,-2.535,3.9,10.335,33,383,-868,512
2025-09-01 23:46:00.482286,183.69,70.395,7.0200000000000005,86.775,67.275,-32.955,11.31,10.53,38,369,-864,448
2025-09-01 23:46:00.491429,160.095,36.465,-31.395,54.015,31.59,-64.74000000000001,-15.795,-19.5,37,371,-870,512
2025-09-01 23:46:00.500571,116.61,-21.84,-93.6,-6.825,-35.49,-136.5,-86.97,-78.58500000000001,37,371,-870,512
2025-09-01 23:46:00.509714,116.415,-17.745,-84.045,8.58,-12.675,-107.25,-56.16,-48.36,36,367,-861,448
2025-09-01 23:46:00.518857,155.805,32.565,-21.84,65.13,41.34,-48.945,6.4350000000000005,4.875,36,367,-868,448
2025-09-01 23:46:00.528000,211.965,117.0,64.155,150.345,125.19,36.66,91.065,76.245,36,372,-873,512
2025-09-01 23:46:00.540571,251.94,182.52,143.13,220.74,195.0,110.565,170.43,145.08,38,369,-874,512
2025-09-01 23:46:00.553143,213.915,167.505,163.8,227.175,182.91,130.26,211.965,172.57500000000002,34,376,-874,448
2025-09-01 23:46:00.565714,240.63,202.605,201.435,261.69,223.275,165.165,246.285,199.68,29,377,-865,448
2025-09-01 23:46:00.578286,284.115,255.45,263.83500000000004,335.40000000000003,293.865,228.15,305.175,259.15500000000003,33,376,-866,512
2025-09-01 23:46:00.590857,288.6,261.495,264.42,317.46000000000004,274.17,214.305,293.67,239.655,35,372,-871,512
2025-09-01 23:46:00.603429,249.21,210.015,209.43,264.615,217.62,158.73000000000002,237.12,191.295,35,372,-871,512
2025-09-01 23:46:00.616000,187.98,123.825,118.365,177.45000000000002,130.455,74.10000000000001,151.71,115.83,35,374,-870,448
2025-09-01 23:46:00.628571,141.765,63.96,45.825,101.79,66.3,-0.78,78.39,48.945,37,375,-873,512
2025-09-01 23:46:00.641143,181.545,163.41,168.48000000000002,204.555,164.97,134.35500000000002,198.12,161.655,28,372,-878,448
2025-09-01 23:46:00.653714,209.235,199.875,203.19,245.7,207.48,171.21,234.78,195.78,33,379,-878,448
2025-09-01 23:46:00.666286,253.11,257.205,265.98,307.515,269.1,234.195,298.15500000000003,256.23,34,378,-879,512
2025-09-01 23:46:00.678857,258.18,262.27500000000003,265.98,313.95,267.93,219.375,282.36,234.975,35,378,-874,448
2025-09-01 23:46:00.691429,223.08,215.085,210.795,254.67,209.43,167.115,222.69,187.59,35,378,-874,448
2025-09-01 23:46:00.704000,162.435,132.015,132.405,166.335,117.975,86.58,144.3,111.735,42,373,-874,448
2025-09-01 23:46:00.716857,107.055,53.04,53.43,79.75500000000001,51.870000000000005,9.555,71.565,47.58,38,374,-877,448
2025-09-01 23:46:00.729714,108.42,114.465,107.835,123.045,86.97,61.815000000000005,120.315,86.19,25,373,-878,512
2025-09-01 23:46:00.742571,81.9,75.66,70.005,80.73,37.635,26.325,81.9,57.915,31,378,-881,448
2025-09-01 23:46:00.755429,42.9,17.355,11.895,22.035,-16.965,-39.975,9.945,-6.045,33,377,-875,512
2025-09-01 23:46:00.768286,28.665000000000003,4.875,-4.875,17.55,-19.305,-38.415,19.11,7.215,37,375,-871,448
2025-09-01 23:46:00.781143,60.84,50.895,49.92,66.3,30.42,17.355,71.955,58.695,37,375,-871,448
2025-09-01 23:46:00.794000,125.97,133.38,138.45000000000002,156.585,120.315,105.495,163.995,136.695,39,369,-874,448
2025-09-01 23:46:00.802571,171.79500000000002,201.825,217.62,231.465,192.27,184.08,231.075,197.535,39,375,-877,512
2025-09-01 23:46:00.811143,85.8,105.885,106.08,115.635,68.25,63.57,111.345,83.265,42,381,-871,512
2025-09-01 23:46:00.819714,58.5,65.13,63.375,77.805,31.200000000000003,28.665000000000003,74.88,51.09,41,380,-866,384
2025-09-01 23:46:00.828286,20.28,5.655,3.9,12.09,-24.765,-30.03,12.09,-7.995,40,381,-872,448
2025-09-01 23:46:00.836857,1.56,-10.92,-12.675,1.755,-35.88,-40.95,6.24,0.78,36,381,-871,512
2025-09-01 23:46:00.845429,36.66,38.61,31.395,51.285,21.255,10.92,63.96,41.535,36,381,-871,512
2025-09-01 23:46:00.854000,97.305,124.215,122.46,142.74,109.2,99.45,152.29500000000002,117.78,34,382,-854,448
2025-09-01 23:46:00.867143,150.54,182.715,197.535,218.79,180.765,173.55,222.69,179.79,37,384,-867,448
2025-09-01 23:46:00.880286,100.425,141.765,125.385,146.445,115.44,110.565,144.69,120.9,37,377,-860,448
2025-09-01 23:46:00.893429,131.43,181.935,163.215,180.18,151.32,147.81,179.595,148.59,39,380,-859,448
2025-09-01 23:46:00.906571,168.48000000000002,234.0,222.885,240.435,216.45,212.16,245.115,211.77,37,378,-863,448
2025-09-01 23:46:00.919714,189.345,264.03000000000003,248.625,259.74,228.345,225.225,258.375,205.14,34,376,-863,448
2025-09-01 23:46:00.932857,155.025,215.475,196.17,204.945,176.085,176.67000000000002,201.63,161.07,34,376,-863,448
2025-09-01 23:46:00.946000,93.6,132.405,110.175,109.395,85.02,90.285,115.44,86.385,30,377,-877,512
2025-09-01 23:46:00.954429,33.735,55.77,30.03,32.955,3.51,11.115,44.85,22.035,40,373,-874,448
2025-09-01 23:46:00.962857,8.775,68.83500000000001,72.54,53.235,24.57,59.28,60.645,52.845,30,381,-874,448
2025-09-01 23:46:00.971286,-16.185000000000002,29.25,37.44,11.505,-21.255,28.275,23.01,22.425,30,381,-874,448
2025-09-01 23:46:00.979714,-58.89,-26.52,-21.255,-53.43,-83.85000000000001,-36.66,-33.15,-25.155,31,382,-878,448
2025-09-01 23:46:00.988143,-79.17,-51.09,-58.695,-77.61,-95.745,-55.185,-55.38,-48.165,33,378,-877,448
2025-09-01 23:46:00.996571,-44.655,0.39,-7.800000000000001,-21.45,-45.435,-3.12,-1.17,1.755,31,378,-877,448
2025-09-01 23:46:01.005000,9.165,75.465,81.315,64.545,42.315000000000005,84.24000000000001,86.19,79.36500000000001,31,380,-875,448
2025-09-01 23:46:01.023143,57.525,148.005,166.92000000000002,130.845,109.785,166.14,166.53,154.245,31,383,-882,448
2025-09-01 23:46:01.041286,17.355,84.825,101.985,84.045,59.085,114.855,100.23,95.55,37,380,-878,448
2025-09-01 23:46:01.059429,43.485,120.315,140.4,122.85,99.255,145.08,135.525,123.825,37,380,-878,448
2025-09-01 23:46:01.077571,83.265,174.33,192.075,181.35,156.0,198.705,191.88,172.57500000000002,31,381,-877,448
2025-09-01 23:46:01.095714,117.585,211.77,227.175,215.28,185.055,222.495,216.45,190.905,32,384,-876,512
2025-09-01 23:46:01.113857,79.56,161.07,178.815,161.655,133.77,172.185,167.505,153.27,35,381,-877,448
2025-09-01 23:46:01.132000,26.325,86.19,91.065,73.905,43.095,86.385,79.75500000000001,76.44,35,381,-877,448
2025-09-01 23:46:01.145857,-28.665000000000003,11.115,7.800000000000001,6.63,-28.665000000000003,4.485,5.8500000000000005,5.07,32,384,-866,448
2025-09-01 23:46:01.159714,64.935,75.27,70.005,63.96,46.215,82.68,81.315,81.12,29,379,-872,448
2025-09-01 23:46:01.173571,93.405,113.295,106.47,111.93,85.995,117.39,120.705,111.15,29,379,-872,448
2025-09-01 23:46:01.187429,136.5,165.945,154.245,176.28,146.64,168.09,175.89,164.97,30,381,-879,448
2025-09-01 23:46:01.201286,171.405,209.43,206.7,208.455,172.38,204.36,216.06,191.49,31,378,-873,448
2025-09-01 23:46:01.215143,135.33,166.725,164.58,158.145,125.58,157.365,163.995,151.71,33,379,-873,448
2025-09-01 23:46:01.229000,77.805,85.605,78.19500000000001,66.885,40.95,70.2,78.78,71.565,33,379,-873,448
2025-09-01 23:46:01.239857,23.985,8.97,-6.4350000000000005,-8.19,-39.0,-7.800000000000001,-0.585,-2.73,32,377,-881,512
2025-09-01 23:46:01.250714,86.58,65.715,60.45,54.6,32.565,75.465,77.415,81.9,26,374,-866,448
2025-09-01 23:46:01.261571,105.69,99.06,100.425,102.57,69.61500000000001,112.905,117.78,115.44,26,374,-866,448
2025-09-01 23:46:01.272429,148.98000000000002,153.27,155.805,158.145,131.625,167.70000000000002,169.845,165.555,22,372,-859,448
2025-09-01 23:46:01.283286,193.05,210.21,204.945,206.895,174.13500000000002,206.895,210.21,189.735,24,377,-864,512
2025-09-01 23:46:01.294143,163.02,169.26000000000002,152.1,158.34,130.845,154.245,159.51000000000002,144.885,27,377,-875,512
2025-09-01 23:46:01.305000,105.495,89.31,67.08,71.955,43.485,69.03,68.25,66.885,32,377,-873,512
2025-09-01 23:46:01.323143,46.02,2.9250000000000003,-15.21,-23.985,-43.875,-18.525,-15.405,-2.9250000000000003,30,377,-874,512
2025-09-01 23:46:01.341286,91.455,49.53,36.855,37.44,11.115,33.345,37.245000000000005,42.705,33,380,-876,448
2025-09-01 23:46:01.359429,60.255,11.115,-5.655,-6.825,-30.42,-2.73,-5.8500000000000005,7.800000000000001,33,380,-876,448
2025-09-01 23:46:01.377571,14.625,-41.145,-54.405,-59.085,-86.97,-62.985,-56.940000000000005,-47.385000000000005,28,384,-875,448
2025-09-01 23:46:01.395714,-22.62,-92.43,-113.49,-111.54,-133.57500000000002,-103.935,-105.495,-77.61,38,383,-885,512
2025-09-01 23:46:01.413857,0.78,-54.405,-65.13,-65.52,-88.14,-52.845,-55.38,-31.005000000000003,40,385,-876,448
2025-09-01 23:46:01.432000,46.41,17.16,18.72,6.045,-7.41,36.855,39.39,53.625,37,385,-876,512
2025-09-01 23:46:01.444000,100.035,94.575,107.25,84.63000000000001,67.47,124.02,112.71,125.775,35,385,-874,448
2025-09-01 23:46:01.456000,-36.66,-6.045,22.035,-31.98,-52.065000000000005,41.535,-14.04,37.83,31,382,-870,448
2025-09-01 23:46:01.468000,-61.425,-48.75,-27.3,-70.395,-88.92,0.195,-58.5,-3.705,31,382,-870,448
2025-09-01 23:46:01.480000,-93.015,-101.79,-82.29,-119.925,-141.375,-50.115,-114.855,-45.63,24,380,-871,512
2025-09-01 23:46:01.492000,-132.79500000000002,-157.56,-141.18,-184.665,-199.875,-104.91,-158.34,-81.12,33,386,-881,448
2025-09-01 23:46:01.504000,-108.615,-116.805,-94.77,-131.04,-146.25,-54.6,-110.37,-39.195,33,387,-894,512
2025-09-01 23:46:01.516000,-57.135000000000005,-42.705,-1.365,-51.675,-59.67,32.370000000000005,-19.5,42.120000000000005,33,385,-885,512
2025-09-01 23:46:01.524857,-1.56,44.07,82.29,42.51,22.62,120.12,68.055,111.15,33,383,-879,448
2025-09-01 23:46:01.533714,-31.98,0.195,5.655,8.19,-15.795,60.45,5.07,50.31,31,382,-872,448
2025-09-01 23:46:01.542571,-5.46,35.88,49.53,48.36,20.67,100.23,43.485,82.485,30,386,-870,448
2025-09-01 23:46:01.551429,26.91,85.41,103.74,101.01,73.125,154.44,101.985,130.845,30,386,-870,448
2025-09-01 23:46:01.560286,74.88,146.055,165.75,158.535,130.26,209.82,158.73000000000002,174.33,37,383,-870,448
2025-09-01 23:46:01.569143,55.965,106.08,127.335,115.83,89.31,166.53,113.685,134.745,35,384,-881,448
2025-09-01 23:46:01.578000,-2.535,30.03,40.17,25.935,7.995,82.29,30.03,59.085,30,382,-879,448
2025-09-01 23:46:01.579000,-64.74000000000001,-51.870000000000005,-39.78,-53.04,-82.485,-0.975,-63.375,-13.26,29,382,-872,448
2025-09-01 23:46:01.593333,-19.89,-13.26,-6.63,-1.17,-20.67,53.04,-0.78,29.64,31,381,-872,384
2025-09-01 23:46:01.607667,11.895,24.18,37.05,39.78,18.525,99.645,42.705,70.2,31,382,-871,448
2025-09-01 23:46:01.622000,51.870000000000005,77.61,89.50500000000001,93.21,72.735,152.88,103.74,118.755,31,382,-871,448
2025-09-01 23:46:01.636333,104.715,146.64,155.805,156.39,142.74,207.285,157.17000000000002,159.705,34,379,-880,448
2025-09-01 23:46:01.650667,82.68,113.49,116.025,117.39,96.72,164.38500000000002,108.81,118.17,35,383,-894,448
2025-09-01 23:46:01.665000,20.865,34.125,30.03,36.27,10.14,82.68,29.835,48.945,33,385,-878,512
2025-09-01 23:46:01.665500,-30.81,-48.75,-59.865,-49.92,-69.81,-13.455,-68.055,-31.98,37,383,-874,448
2025-09-01 23:46:01.666000,22.815,0.585,-8.385,12.285,-8.19,44.85,-2.9250000000000003,11.115,35,377,-874,384
2025-09-01 23:46:01.683800,-11.31,-45.63,-51.285,-37.44,-55.965,2.145,-42.51,-21.84,34,379,-878,448
2025-09-01 23:46:01.701600,-44.265,-97.5,-101.4,-86.385,-107.64,-52.455,-93.015,-74.49000000000001,34,379,-878,448
2025-09-01 23:46:01.719400,-85.995,-160.485,-177.45000000000002,-152.29500000000002,-169.65,-117.975,-164.775,-123.825,37,380,-875,448
2025-09-01 23:46:01.737200,-66.3,-125.19,-137.085,-118.365,-132.79500000000002,-68.83500000000001,-119.145,-85.215,39,381,-891,512
2025-09-01 23:46:01.755000,-14.235,-54.21,-48.945,-43.095,-54.795,19.5,-28.86,-7.215,37,381,-883,448
2025-09-01 23:46:01.767714,50.31,40.95,32.370000000000005,61.035,33.735,104.715,58.305,62.400000000000006,37,383,-873,512
2025-09-01 23:46:01.780429,-17.16,7.995,-31.005000000000003,-1.755,-28.275,35.1,5.07,8.97,29,381,-865,512
2025-09-01 23:46:01.793143,18.525,43.29,14.235,42.315000000000005,18.33,71.955,43.29,43.095,35,379,-867,448
2025-09-01 23:46:01.805857,54.015,99.06,70.59,91.65,74.88,125.385,93.6,90.09,33,379,-867,512
2025-09-01 23:46:01.818571,103.545,164.38500000000002,145.47,163.02,135.525,198.51,163.02,153.27,33,381,-869,512
2025-09-01 23:46:01.831286,85.605,140.79,107.835,128.505,97.11,156.975,123.24,111.15,32,381,-869,512
2025-09-01 23:46:01.844000,40.56,72.93,23.985,41.73,18.72,65.325,35.685,39.0,33,380,-869,448
2025-09-01 23:46:01.861286,-29.055,-20.085,-70.59,-47.97,-74.685,-25.545,-57.330000000000005,-41.925,32,379,-868,448
2025-09-01 23:46:01.878571,4.875,28.08,-6.63,20.28,0.195,34.515,-1.365,-7.605,28,387,-873,512
2025-09-01 23:46:01.895857,-30.615,-13.845,-57.525,-34.32,-48.555,-10.725,-49.14,-39.0,24,383,-875,512
2025-09-01 23:46:01.913143,-79.75500000000001,-62.400000000000006,-106.08,-78.0,-103.74,-57.915,-94.185,-83.265,26,387,-877,448
2025-09-01 23:46:01.930429,-125.58,-136.89,-185.445,-153.07500000000002,-172.57500000000002,-134.35500000000002,-163.215,-142.35,27,386,-876,448
2025-09-01 23:46:01.947714,-109.2,-105.885,-159.12,-119.34,-137.67000000000002,-99.45,-125.58,-111.15,27,386,-876,448
2025-09-01 23:46:01.965000,-51.285,-30.81,-78.58500000000001,-34.125,-52.065000000000005,-17.355,-43.875,-34.125,24,386,-880,512
2025-09-01 23:46:01.974000,5.07,55.575,15.015,55.965,35.685,75.66,53.625,46.215,29,386,-876,512
2025-09-01 23:46:01.983000,-9.555,31.005000000000003,-13.455,18.33,2.145,27.885,2.9250000000000003,1.56,34,388,-862,512
2025-09-01 23:46:01.992000,-37.635,-10.14,-65.715,-23.01,-40.365,-16.965,-44.07,-38.61,35,381,-864,448
2025-09-01 23:46:02.001000,-71.565,-68.64,-119.73,-89.895,-100.62,-65.13,-100.815,-86.97,38,379,-870,448
2025-09-01 23:46:02.010000,-131.625,-150.735,-191.49,-154.63500000000002,-176.865,-135.33,-166.92000000000002,-141.375,35,383,-873,384
2025-09-01 23:46:02.019000,-114.27,-123.045,-172.965,-128.70000000000002,-146.055,-106.665,-132.99,-110.565,35,383,-873,384
2025-09-01 23:46:02.028000,-68.83500000000001,-44.85,-92.235,-52.065000000000005,-62.400000000000006,-24.765,-56.940000000000005,-39.39,40,378,-874,448
2025-09-01 23:46:02.040429,3.12,38.805,9.165,45.825,29.055,68.64,43.29,44.46,38,380,-872,448
2025-09-01 23:46:02.052857,-40.755,-27.495,-60.84,-16.965,-32.370000000000005,5.07,-18.33,-27.495,24,377,-872,512
2025-09-01 23:46:02.065286,-9.555,14.04,-14.82,30.615,17.355,44.655,19.305,8.97,33,377,-890,448
2025-09-01 23:46:02.077714,36.855,74.10000000000001,41.145,82.095,72.735,98.475,70.005,53.43,34,379,-879,512
2025-09-01 23:46:02.090143,80.925,140.79,116.805,167.895,153.465,170.82,140.595,109.005,31,385,-879,512
2025-09-01 23:46:02.102571,72.54,124.215,87.75,140.205,119.535,139.62,112.32,77.415,31,385,-879,512
2025-09-01 23:46:02.115000,20.28,54.795,13.065,66.105,41.925,51.870000000000005,40.365,9.555,26,387,-896,448
2025-09-01 23:46:02.125000,-47.385000000000005,-37.83,-88.33500000000001,-34.71,-53.235,-39.0,-63.765,-69.61500000000001,28,386,-884,448
2025-09-01 23:46:02.135000,-11.505,22.035,-20.865,6.4350000000000005,-1.56,30.225,12.09,-13.455,29,392,-869,448
2025-09-01 23:46:02.145000,-52.455,-23.985,-70.005,-45.24,-53.625,-22.62,-40.56,-48.75,37,388,-879,448
2025-09-01 23:46:02.155000,-72.93,-62.400000000000006,-133.185,-90.87,-94.575,-81.9,-102.765,-101.205,36,387,-881,448
2025-09-01 23:46:02.165000,-107.64,-135.525,-213.33,-139.23000000000002,-160.485,-152.49,-165.165,-171.6,35,385,-875,448
2025-09-01 23:46:02.175000,-95.94,-122.07,-194.415,-116.025,-136.305,-126.555,-129.675,-139.425,35,385,-875,448
2025-09-01 23:46:02.185000,-45.825,-50.505,-112.515,-46.215,-69.03,-48.165,-46.215,-63.375,38,380,-878,448
2025-09-01 23:46:02.196429,25.935,44.655,-28.08,35.295,27.69,40.56,33.735,8.58,28,382,-879,512
2025-09-01 23:46:02.207857,156.585,112.71,-41.535,119.145,81.705,-18.72,50.7,-44.85,33,383,-863,448
2025-09-01 23:46:02.219286,121.095,58.89,-91.26,56.355,25.935,-68.44500000000001,5.655,-83.46000000000001,34,385,-865,448
2025-09-01 23:46:02.230714,83.655,6.4350000000000005,-148.98000000000002,-9.165,-33.15,-128.31,-52.455,-134.16,37,386,-868,448
2025-09-01 23:46:02.242143,34.905,-56.940000000000005,-236.535,-69.61500000000001,-106.275,-209.43,-142.935,-208.845,37,384,-870,384
2025-09-01 23:46:02.253571,45.63,-47.97,-226.785,-52.065000000000005,-78.58500000000001,-188.175,-121.485,-186.81,37,384,-870,384
2025-09-01 23:46:02.265000,105.885,28.47,-149.76,29.445,7.41,-104.91,-41.925,-122.265,36,380,-876,512
2025-09-01 23:46:02.274143,171.21,125.385,-42.705,128.895,102.57,-13.065,66.105,-37.635,33,379,-866,448
2025-09-01 23:46:02.283286,153.85500000000002,67.275,-113.1,57.135000000000005,44.85,-66.885,11.31,-89.31,31,385,-868,448
2025-09-01 23:46:02.292429,185.445,119.925,-61.035,110.955,96.525,-18.135,62.400000000000006,-43.875,31,385,-868,448
2025-09-01 23:46:02.301571,229.32,180.765,-13.26,169.065,155.805,33.15,111.345,-6.045,32,383,-869,448
2025-09-01 23:46:02.310714,285.675,255.45,66.69,235.755,227.955,112.71,186.03,64.35000000000001,35,384,-871,512
2025-09-01 23:46:02.319857,286.26,246.48,54.795,223.275,210.015,98.475,168.675,45.63,35,384,-871,448
2025-09-01 23:46:02.329000,220.545,173.35500000000002,-11.895,159.705,133.77,26.52,91.845,-20.865,31,387,-864,448
2025-09-01 23:46:02.341286,153.07500000000002,79.36500000000001,-117.975,50.115,33.735,-81.9,-7.995,-109.2,30,398,-868,448
2025-09-01 23:46:02.353571,110.955,46.995000000000005,-115.44,19.89,11.7,-59.28,0.0,-71.37,30,387,-871,448
2025-09-01 23:46:02.365857,150.345,97.305,-62.205000000000005,74.10000000000001,58.305,-4.875,45.63,-26.91,30,387,-871,448
2025-09-01 23:46:02.378143,187.2,150.345,-2.9250000000000003,132.21,121.29,53.625,103.545,17.16,29,387,-871,512
2025-09-01 23:46:02.390429,241.605,227.76,71.955,219.375,201.435,131.235,183.69,87.94500000000001,29,387,-868,512
2025-09-01 23:46:02.402714,234.195,216.06,68.83500000000001,202.02,177.06,115.635,164.97,68.055,28,387,-872,512
2025-09-01 23:46:02.415000,183.105,144.885,-9.36,124.02,103.35,42.51,90.09,5.655,28,387,-872,512
2025-09-01 23:46:02.427714,106.86,52.065000000000005,-106.47,17.55,5.265000000000001,-57.915,-17.745,-85.8,32,385,-860,448
2025-09-01 23:46:02.440429,205.335,140.205,-26.715,101.595,97.11,13.65,75.27,-15.015,37,382,-869,448
2025-09-01 23:46:02.453143,160.29,83.85000000000001,-79.17,43.29,40.755,-38.415,16.185000000000002,-58.89,37,382,-869,448
2025-09-01 23:46:02.465857,115.245,30.03,-139.035,-18.72,-19.305,-99.06,-41.535,-114.27,36,376,-866,448
2025-09-01 23:46:02.478571,73.515,-39.39,-226.005,-105.495,-95.16,-182.13,-124.8,-181.545,36,377,-870,448
2025-09-01 23:46:02.491286,69.81,-44.46,-223.86,-89.895,-90.09,-171.6,-111.345,-163.215,39,380,-870,448
2025-09-01 23:46:02.504000,104.52,16.965,-140.205,-17.94,-16.965,-90.87,-27.495,-88.92,39,380,-870,448
2025-09-01 23:46:02.517000,178.425,116.415,-36.465,78.0,82.875,8.385,72.15,-1.365,38,377,-853,448
2025-09-01 23:46:02.530000,83.655,16.77,-119.535,-26.325,-16.38,-48.945,-21.255,-58.11,34,381,-872,448
2025-09-01 23:46:02.543000,121.095,65.52,-60.645,23.595,31.98,6.045,34.905,-14.43,34,381,-872,448
2025-09-01 23:46:02.556000,169.26000000000002,124.605,-7.215,91.455,94.575,61.815000000000005,92.43,34.71,40,385,-876,512
2025-09-01 23:46:02.569000,215.28,198.51,83.265,163.02,167.31,152.49,169.65,108.615,37,385,-874,512
2025-09-01 23:46:02.582000,221.13,208.065,84.63000000000001,162.63,169.455,147.225,162.82500000000002,99.45,34,387,-874,448
2025-09-01 23:46:02.595000,179.01000000000002,146.64,6.4350000000000005,100.62,96.525,65.13,87.165,28.665000000000003,34,387,-874,448
2025-09-01 23:46:02.603571,102.765,51.09,-96.33,-9.36,-6.63,-41.535,-15.99,-63.96,31,385,-872,448
2025-09-01 23:46:02.612143,122.85,103.35,-9.75,84.24000000000001,56.355,62.205000000000005,51.675,21.255,39,391,-879,448
2025-09-01 23:46:02.620714,79.56,43.68,-67.08,10.53,-3.315,9.555,-7.605,-28.08,39,391,-879,448
2025-09-01 23:46:02.629286,4.29,-31.005000000000003,-122.07,-66.3,-87.94500000000001,-35.1,-65.52,-65.325,35,395,-879,448
2025-09-01 23:46:02.637857,-50.31,-106.08,-189.735,-145.665,-164.775,-115.05,-135.525,-131.235,36,392,-878,448
2025-09-01 23:46:02.646429,-60.84,-116.025,-198.9,-145.86,-164.38500000000002,-116.805,-132.015,-122.655,34,392,-874,448
2025-09-01 23:46:02.655000,-21.645,-56.355,-126.165,-79.36500000000001,-99.645,-39.78,-52.455,-57.135000000000005,35,389,-877,448
2025-09-01 23:46:02.667857,52.65,47.58,-21.45,28.08,7.800000000000001,65.52,46.995000000000005,38.22,32,389,-877,448
2025-09-01 23:46:02.680714,69.42,75.855,24.57,46.02,35.1,94.185,67.665,54.795,34,378,-870,512
2025-09-01 23:46:02.693571,31.785,15.795,-41.925,-18.915,-26.325,32.370000000000005,10.14,1.755,34,378,-870,512
2025-09-01 23:46:02.706429,-26.715,-37.635,-99.645,-65.91,-85.8,-31.005000000000003,-56.940000000000005,-49.725,28,377,-855,448
2025-09-01 23:46:02.719286,-58.89,-111.15,-182.715,-151.32,-163.8,-118.95,-135.72,-120.705,34,384,-860,512
2025-09-01 23:46:02.732143,-83.85000000000001,-117.78,-195.39,-153.465,-173.35500000000002,-115.245,-137.865,-115.635,31,384,-866,512
2025-09-01 23:46:02.745000,-49.14,-62.205000000000005,-123.63,-94.77,-105.105,-38.415,-61.620000000000005,-49.14,31,379,-868,448
2025-09-01 23:46:02.757571,33.93,32.565,-18.525,17.745,3.315,67.08,44.85,34.515,35,382,-870,384
2025-09-01 23:46:02.770143,-62.595,-61.620000000000005,-96.135,-79.75500000000001,-91.065,-15.21,-53.82,-41.73,34,377,-869,448
2025-09-01 23:46:02.782714,-20.67,-5.46,-40.95,-14.43,-32.370000000000005,37.05,0.975,3.315,34,377,-869,448
2025-09-01 23:46:02.795286,25.35,56.55,17.55,47.385000000000005,31.98,94.965,57.72,49.92,33,378,-856,448
2025-09-01 23:46:02.807857,75.075,121.29,88.92,122.46,108.615,168.09,138.255,121.095,31,381,-866,448
2025-09-01 23:46:02.820429,88.33500000000001,143.91,108.42,135.72,126.555,178.035,142.35,120.51,29,381,-874,448
2025-09-01 23:46:02.833000,58.5,86.58,42.705,72.735,56.16,105.885,74.10000000000001,57.915,29,381,-873,512
2025-09-01 23:46:02.846571,-27.3,-10.92,-61.425,-42.705,-52.260000000000005,2.535,-34.71,-23.79,31,383,-872,448
2025-09-01 23:46:02.860143,-76.245,-76.635,-98.865,-87.165,-95.94,-13.65,-65.715,-33.93,37,379,-871,448
2025-09-01 23:46:02.873714,-36.855,-29.445,-39.585,-37.44,-45.825,45.825,-10.14,20.475,38,381,-868,448
2025-09-01 23:46:02.887286,9.165,40.365,18.915,27.885,17.94,105.495,48.36,68.055,38,381,-868,448
2025-09-01 23:46:02.900857,63.18,116.22,100.23,99.45,103.155,181.74,133.185,136.11,35,378,-852,384
2025-09-01 23:46:02.914429,73.515,136.89,116.415,124.995,116.025,194.415,142.155,142.35,39,380,-856,512
2025-09-01 23:46:02.928000,23.205,81.51,56.940000000000005,58.11,42.51,125.775,70.98,80.73,35,383,-864,384
2025-09-01 23:46:02.928333,-40.17,-25.545,-51.870000000000005,-48.555,-60.06,25.74,-33.93,-9.165,36,386,-865,512
2025-09-01 23:46:02.928667,4.29,33.735,26.130000000000003,25.74,18.72,93.795,42.51,54.795,35,382,-871,384
2025-09-01 23:46:02.929000,-33.54,-20.085,-36.27,-35.49,-39.975,35.88,-11.505,6.63,35,383,-870,448
2025-09-01 23:46:02.929333,-76.83,-88.33500000000001,-98.085,-92.235,-103.545,-26.715,-75.27,-48.36,35,383,-870,448
2025-09-01 23:46:02.929667,-129.675,-150.93,-173.55,-170.82,-184.47,-109.005,-160.485,-117.975,36,380,-865,448
2025-09-01 23:46:02.930000,-148.20000000000002,-177.645,-202.41,-189.15,-204.555,-121.485,-174.915,-126.945,36,381,-867,448
2025-09-01 23:46:03.014000,-115.44,-122.85,-146.835,-132.99,-141.57,-53.04,-100.62,-67.08,35,385,-872,448
2025-09-01 23:46:03.022714,-36.27,-28.08,-36.075,-16.965,-23.4,54.405,-1.755,26.325,34,385,-873,448
2025-09-01 23:46:03.031429,1.17,3.9,24.57,35.295,24.375,103.935,41.145,62.010000000000005,34,389,-876,448
2025-09-01 23:46:03.040143,-36.075,-54.795,-40.17,-22.425,-28.665000000000003,41.73,-28.08,12.285,34,387,-872,448
2025-09-01 23:46:03.048857,-80.34,-116.61,-104.715,-83.265,-93.405,-11.505,-88.14,-44.46,34,387,-872,448
2025-09-01 23:46:03.057571,-136.305,-196.17,-175.5,-175.305,-177.645,-100.23,-164.775,-121.095,36,387,-880,384
2025-09-01 23:46:03.066286,-160.095,-225.615,-205.92,-187.785,-202.02,-118.95,-179.985,-125.775,28,387,-878,384
2025-09-01 23:46:03.075000,-121.095,-169.455,-145.08,-122.85,-132.99,-53.04,-111.93,-62.205000000000005,30,385,-874,448
2025-09-01 23:46:03.088143,-47.97,-72.54,-39.585,-10.335,-26.52,57.525,-4.095,23.205,31,385,-871,512
2025-09-01 23:46:03.101286,-117.585,-152.1,-133.77,-117.585,-111.15,-26.91,-85.215,-47.775,26,383,-871,384
2025-09-01 23:46:03.114429,-82.68,-99.84,-68.055,-56.55,-54.6,35.49,-28.86,4.29,31,388,-873,448
2025-09-01 23:46:03.127571,-37.635,-31.395,5.07,28.47,19.89,105.3,33.93,59.67,33,387,-875,448
2025-09-01 23:46:03.140714,24.57,33.15,73.71000000000001,103.935,93.99,176.085,113.295,121.875,35,384,-874,448
2025-09-01 23:46:03.153857,46.215,68.83500000000001,103.155,132.79500000000002,125.385,192.075,136.11,134.35500000000002,35,384,-874,448
2025-09-01 23:46:03.167000,19.89,24.18,42.120000000000005,75.075,63.57,126.945,68.25,77.22,36,383,-874,448
2025-09-01 23:46:03.175857,-46.215,-74.295,-65.91,-34.905,-43.68,22.62,-37.44,-18.33,35,383,-875,448
2025-09-01 23:46:03.184714,-1.17,-3.9,31.395,57.135000000000005,38.415,112.125,51.675,75.465,31,380,-867,448
2025-09-01 23:46:03.193571,-39.195,-62.79,-26.52,-5.8500000000000005,-22.035,51.285,-5.46,17.745,35,383,-864,448
2025-09-01 23:46:03.202429,-86.385,-132.79500000000002,-93.6,-75.27,-87.555,-11.505,-70.395,-38.22,36,380,-866,512
2025-09-01 23:46:03.211286,-141.18,-204.36,-173.55,-150.93,-167.895,-86.97,-153.465,-107.055,34,379,-869,512
2025-09-01 23:46:03.220143,-169.65,-241.995,-211.185,-191.1,-206.31,-121.095,-183.69,-125.58,34,379,-869,512
2025-09-01 23:46:03.229000,-136.695,-191.295,-159.51000000000002,-132.405,-139.815,-57.330000000000005,-115.245,-73.125,35,383,-873,448
2025-09-01 23:46:03.241429,-55.965,-87.75,-47.385000000000005,-21.06,-33.345,53.625,-2.535,19.89,36,382,-869,448
2025-09-01 23:46:03.253857,-118.95,-156.0,-126.36,-104.52,-106.86,-39.39,-95.16,-49.14,28,382,-856,512
2025-09-01 23:46:03.266286,-77.415,-103.155,-69.61500000000001,-49.335,-43.875,23.205,-33.345,2.34,37,375,-853,448
2025-09-01 23:46:03.278714,-23.4,-30.225,8.19,18.525,25.35,93.405,34.32,63.18,34,376,-858,512
2025-09-01 23:46:03.291143,23.01,34.71,83.85000000000001,95.355,94.38,174.72,115.05,138.06,29,375,-864,384
2025-09-01 23:46:03.303571,48.555,72.54,120.315,132.6,134.16,203.58,140.79,159.315,29,375,-864,384
2025-09-01 23:46:03.316000,23.4,34.515,67.665,81.51,74.685,137.28,80.535,101.4,32,374,-852,512
2025-09-01 23:46:03.326000,-50.115,-71.955,-45.63,-29.835,-30.42,25.545,-31.395,3.9,31,377,-858,512
2025-09-01 23:46:03.336000,-110.76,-150.54,-129.675,-106.275,-96.135,-49.14,-101.79,-57.72,32,387,-864,512
2025-09-01 23:46:03.346000,-73.515,-95.355,-70.005,-51.870000000000005,-39.0,14.04,-46.8,0.195,32,390,-874,448
2025-09-01 23:46:03.356000,-23.01,-25.35,6.63,12.285,20.865,86.58,13.845,54.21,33,388,-878,448
2025-09-01 23:46:03.366000,27.495,44.85,76.44,93.405,101.985,153.66,100.035,124.605,29,385,-879,384
2025-09-01 23:46:03.376000,57.525,85.02,119.535,131.235,133.57500000000002,188.175,141.96,150.54,29,385,-879,384
2025-09-01 23:46:03.386000,22.425,42.120000000000005,73.515,76.245,82.68,128.31,79.36500000000001,94.185,33,389,-881,448
2025-09-01 23:46:03.397286,-51.285,-61.620000000000005,-28.665000000000003,-32.565,-29.835,31.59,-22.23,6.4350000000000005,34,387,-878,448
2025-09-01 23:46:03.408571,17.745,36.66,53.43,50.895,62.010000000000005,105.885,50.505,79.75500000000001,30,382,-879,448
2025-09-01 23:46:03.419857,-19.89,-18.525,-11.7,-8.775,-2.145,48.555,-7.605,27.885,30,378,-871,448
2025-09-01 23:46:03.431143,-69.81,-84.24000000000001,-80.34,-74.49000000000001,-64.545,-16.965,-71.175,-24.96,34,377,-873,448
2025-09-01 23:46:03.442429,-126.165,-155.025,-149.175,-152.29500000000002,-143.715,-96.72,-148.59,-97.89,32,379,-874,448
2025-09-01 23:46:03.453714,-160.095,-194.61,-200.265,-194.025,-180.375,-134.55,-187.005,-128.895,32,379,-874,448
2025-09-01 23:46:03.465000,-135.135,-159.9,-150.93,-153.27,-133.185,-80.145,-137.865,-76.83,36,375,-876,512
2025-09-01 23:46:03.465200,-53.235,-58.305,-39.39,-49.53,-26.91,30.03,-20.475,19.695,30,380,-878,448
2025-09-01 23:46:03.465400,-111.93,-139.62,-136.5,-113.1,-103.545,-71.175,-118.56,-72.15,32,371,-867,448
2025-09-01 23:46:03.465600,-70.395,-84.045,-76.245,-64.155,-46.41,-8.97,-53.82,-19.5,32,371,-867,448
2025-09-01 23:46:03.465800,-18.525,-15.795,-7.215,-2.535,25.35,65.325,12.09,46.41,33,378,-871,512
2025-09-01 23:46:03.466000,21.84,63.375,70.005,94.38,103.35,140.4,89.50500000000001,117.0,33,378,-870,448
2025-09-01 23:46:03.510000,51.09,108.42,116.025,138.255,146.25,181.155,128.895,146.64,17,378,-870,512
2025-09-01 23:46:03.554000,35.49,68.64,82.095,93.405,96.72,137.28,83.07000000000001,99.255,26,377,-873,512
2025-09-01 23:46:03.567000,-36.27,-32.175000000000004,-28.275,-14.625,-13.065,25.935,-22.62,1.755,31,373,-882,448
2025-09-01 23:46:03.580000,-106.665,-132.79500000000002,-113.1,-120.315,-111.93,-63.57,-104.91,-60.84,30,376,-872,384
2025-09-01 23:46:03.593000,-75.075,-77.415,-52.65,-65.13,-51.48,-1.56,-44.265,-9.165,30,376,-872,384
2025-09-01 23:46:03.606000,-19.305,-6.045,14.235,9.555,14.235,75.27,21.45,50.115,31,375,-876,448
2025-09-01 23:46:03.619000,24.96,61.035,92.235,90.09,91.26,157.17000000000002,93.21,121.875,32,378,-877,448
2025-09-01 23:46:03.632000,57.72,114.66,136.11,140.4,145.08,191.295,134.745,151.515,35,376,-875,512
2025-09-01 23:46:03.645000,42.51,91.26,95.355,96.72,104.13,138.84,90.675,103.74,35,376,-875,512
2025-09-01 23:46:03.653429,-34.71,-11.7,-9.36,-22.425,-5.8500000000000005,33.54,-15.6,12.675,31,372,-871,448
2025-09-01 23:46:03.661857,4.095,38.22,81.12,57.135000000000005,52.455,129.48000000000002,65.91,99.255,35,375,-876,512
2025-09-01 23:46:03.670286,-34.71,-14.43,25.155,-2.145,-7.605,65.91,7.215,49.725,35,375,-876,512
2025-09-01 23:46:03.678714,-92.235,-89.50500000000001,-54.405,-77.415,-76.83,-6.045,-63.57,-16.575,41,373,-882,512
2025-09-01 23:46:03.687143,-138.84,-155.61,-126.945,-150.93,-153.27,-80.73,-142.54500000000002,-79.17,40,375,-880,448
2025-09-01 23:46:03.695571,-167.70000000000002,-202.215,-174.13500000000002,-195.585,-194.61,-129.87,-182.325,-116.61,39,378,-880,448
2025-09-01 23:46:03.704000,-151.515,-172.38,-142.74,-163.995,-156.585,-85.605,-144.3,-75.855,39,378,-880,448
2025-09-01 23:46:03.717143,-85.605,-68.44500000000001,-32.565,-50.31,-43.095,23.595,-28.47,25.155,41,383,-872,512
2025-09-01 23:46:03.730286,17.55,33.735,85.41,64.35000000000001,67.275,137.67000000000002,69.03,91.845,38,372,-874,384
2025-09-01 23:46:03.743429,-21.645,-19.89,26.325,5.655,0.39,84.24000000000001,10.335,38.415,38,372,-874,384
2025-09-01 23:46:03.756571,-75.075,-92.04,-53.43,-78.19500000000001,-74.10000000000001,5.46,-59.085,-27.885,40,371,-873,512
2025-09-01 23:46:03.769714,-111.93,-152.88,-126.165,-144.10500000000002,-147.81,-84.435,-136.5,-98.475,39,375,-874,448
2025-09-01 23:46:03.782857,-158.145,-200.85,-185.835,-191.685,-194.61,-129.87,-185.835,-144.3,38,373,-875,384
2025-09-01 23:46:03.796000,-142.155,-177.645,-157.365,-156.585,-151.515,-87.555,-142.74,-95.355,38,373,-875,512
2025-09-01 23:46:03.804571,-61.23,-76.245,-49.53,-47.97,-47.190000000000005,17.55,-36.27,1.17,33,375,-879,512
2025-09-01 23:46:03.813143,-113.295,-134.745,-126.36,-137.67000000000002,-129.48000000000002,-48.36,-109.395,-68.055,27,374,-872,448
2025-09-01 23:46:03.821714,-73.32000000000001,-86.58,-70.98,-82.68,-72.735,7.0200000000000005,-46.995000000000005,-19.305,27,374,-872,448
2025-09-01 23:46:03.830286,-16.185000000000002,-6.24,8.775,1.365,8.97,76.83,30.42,43.875,30,372,-881,448
2025-09-01 23:46:03.838857,33.54,59.865,75.465,75.075,84.63000000000001,144.10500000000002,101.01,106.47,32,376,-884,512
2025-09-01 23:46:03.847429,62.79,108.03,126.36,122.655,126.945,195.0,148.59,147.42000000000002,34,377,-879,512
2025-09-01 23:46:03.856000,60.84,92.625,103.35,89.50500000000001,100.23,163.41,110.565,109.785,31,378,-875,384
2025-09-01 23:46:03.868857,-17.355,-9.75,-4.485,-10.92,-5.46,48.555,2.535,13.065,33,377,-876,448
2025-09-01 23:46:03.881714,54.405,67.275,87.36,74.685,84.435,139.815,94.38,90.285,37,369,-876,512
2025-09-01 23:46:03.894571,16.77,16.965,27.885,14.82,26.715,83.655,36.465,42.120000000000005,37,369,-876,512
2025-09-01 23:46:03.907429,-31.395,-65.52,-52.065000000000005,-70.785,-53.43,1.95,-41.145,-29.64,35,375,-871,512
2025-09-01 23:46:03.920286,-93.99,-129.09,-123.435,-129.675,-120.315,-75.27,-109.98,-94.965,42,372,-868,448
2025-09-01 23:46:03.933143,-127.725,-174.915,-175.5,-184.86,-176.67000000000002,-128.505,-162.82500000000002,-135.135,42,375,-881,384
2025-09-01 23:46:03.946000,-115.83,-166.335,-160.095,-168.09,-156.39,-94.575,-131.04,-101.985,39,373,-878,512
2025-09-01 23:46:03.954429,-53.235,-65.91,-48.945,-64.35000000000001,-52.260000000000005,23.205,-24.18,-6.63,38,375,-879,448
2025-09-01 23:46:03.962857,-110.565,-138.84,-129.48000000000002,-140.79,-126.945,-74.88,-102.375,-80.34,27,372,-874,384
2025-09-01 23:46:03.971286,-78.78,-87.555,-75.27,-87.165,-72.735,-22.425,-43.875,-33.735,28,367,-866,384
2025-09-01 23:46:03.979714,-19.89,-10.725,6.24,-7.995,2.9250000000000003,56.55,29.445,28.665000000000003,28,367,-866,384
2025-09-01 23:46:03.988143,33.15,53.235,70.98,60.45,74.685,128.31,93.015,85.8,26,371,-871,448
2025-09-01 23:46:03.996571,74.295,106.47,124.41,115.05,130.26,183.105,138.45000000000002,119.73,26,368,-857,512
2025-09-01 23:46:04.005000,76.83,101.79,111.735,104.91,120.705,150.15,116.025,90.675,28,371,-867,448
2025-09-01 23:46:04.018143,17.94,3.51,9.165,-6.24,2.73,39.78,14.625,1.56,29,372,-870,512
2025-09-01 23:46:04.031286,-81.705,-122.07,-134.35500000000002,-129.48000000000002,-115.635,-92.43,-113.1,-101.4,28,373,-879,448
2025-09-01 23:46:04.044429,-47.385000000000005,-73.515,-85.8,-75.66,-57.915,-41.34,-57.330000000000005,-54.99,29,374,-878,448
2025-09-01 23:46:04.057571,5.8500000000000005,3.9,-5.07,12.87,20.28,42.9,22.425,10.92,29,374,-878,448
2025-09-01 23:46:04.070714,56.55,75.075,74.49000000000001,82.68,92.625,123.24,90.675,78.78,34,371,-876,384
2025-09-01 23:46:04.083857,92.04,123.24,124.995,133.38,143.32500000000002,172.57500000000002,144.885,123.24,43,373,-874,448
2025-09-01 23:46:04.097000,93.6,123.435,115.245,125.775,129.48000000000002,146.835,116.025,91.455,36,376,-874,448
2025-09-01 23:46:04.109571,26.130000000000003,23.595,9.165,9.945,24.375,50.31,10.92,0.0,33,379,-879,448
2025-09-01 23:46:04.122143,72.54,98.475,98.28,82.68,100.23,125.775,92.235,73.905,22,376,-877,448
2025-09-01 23:46:04.134714,43.485,54.6,40.17,21.645,50.31,69.03,32.565,20.67,24,380,-873,448
2025-09-01 23:46:04.147286,-9.75,-23.4,-47.190000000000005,-50.31,-36.27,-14.82,-45.63,-49.92,24,380,-873,448
2025-09-01 23:46:04.159857,-63.765,-94.77,-118.56,-120.705,-100.62,-86.19,-111.54,-110.37,22,380,-866,384
2025-09-01 23:46:04.172429,-102.375,-145.665,-165.36,-178.62,-153.07500000000002,-136.11,-161.07,-150.93,25,375,-870,512
2025-09-01 23:46:04.185000,-110.76,-142.74,-165.36,-165.75,-145.86,-118.755,-143.13,-127.92,28,375,-871,384
2025-09-01 23:46:04.197714,-42.51,-51.285,-64.935,-60.45,-41.34,-20.085,-48.36,-46.605,27,375,-872,448
2025-09-01 23:46:04.210429,78.39,104.325,97.89,81.705,110.175,133.965,105.105,92.43,27,371,-865,384
2025-09-01 23:46:04.223143,44.85,55.38,47.385000000000005,34.515,58.5,74.49000000000001,53.625,43.485,27,374,-863,448
2025-09-01 23:46:04.235857,-7.215,-19.695,-42.120000000000005,-42.51,-24.18,-11.7,-31.200000000000003,-36.465,29,374,-863,512
2025-09-01 23:46:04.248571,-59.085,-86.97,-110.37,-117.0,-98.475,-81.705,-103.74,-91.845,29,373,-872,448
2025-09-01 23:46:04.261286,-93.21,-141.57,-162.04500000000002,-170.43,-149.76,-134.55,-151.32,-137.865,32,373,-872,448
2025-09-01 23:46:04.274000,-105.495,-150.345,-157.365,-175.89,-149.565,-127.53,-141.765,-125.19,29,374,-872,384
2025-09-01 23:46:04.287429,-41.145,-48.555,-59.085,-75.075,-40.17,-15.795,-40.755,-30.42,26,371,-873,512
2025-09-01 23:46:04.300857,-449.67,-332.28000000000003,-413.4,-543.27,-382.395,-358.02000000000004,-523.38,-439.92,26,378,-877,512
2025-09-01 23:46:04.314286,-324.675,-291.52500000000003,-377.325,-401.505,-317.65500000000003,-304.59000000000003,-478.725,-362.7,35,375,-875,448
2025-09-01 23:46:04.327714,-196.755,-193.83,-243.36,-248.82,-211.575,-178.62,-323.31,-222.69,34,377,-874,512
2025-09-01 23:46:04.341143,-292.5,-156.0,-180.96,-312.975,-185.835,-116.415,-262.86,-187.59,30,379,-868,448
2025-09-01 23:46:04.354571,-174.33,-107.835,-173.35500000000002,-217.23,-132.6,-104.13,-271.635,-182.91,30,379,-868,448
2025-09-01 23:46:04.368000,-156.195,-101.4,-163.02,-190.125,-135.135,-104.715,-258.765,-167.895,34,373,-868,448
2025-09-01 23:46:04.376857,-289.185,-206.31,-285.48,-378.69,-271.635,-215.475,-411.06,-298.15500000000003,36,374,-869,448
2025-09-01 23:46:04.385714,-453.96,-408.915,-494.52,-596.505,-473.655,-382.59,-581.2950000000001,-433.68,35,379,-881,448
2025-09-01 23:46:04.394571,-418.275,-361.335,-442.065,-547.755,-421.2,-321.36,-527.085,-383.175,34,386,-899,384
2025-09-01 23:46:04.403429,-363.675,-276.51,-347.295,-470.145,-338.13,-225.615,-433.29,-308.295,33,385,-892,448
2025-09-01 23:46:04.412286,-312.39,-198.705,-269.295,-392.145,-251.55,-161.07,-364.065,-246.675,35,388,-890,448
2025-09-01 23:46:04.421143,-267.15000000000003,-139.23000000000002,-223.275,-329.355,-195.195,-108.225,-309.27000000000004,-193.245,35,388,-890,448
2025-09-01 23:46:04.430000,-245.115,-121.485,-201.825,-315.51,-185.835,-95.94,-311.805,-202.995,35,382,-895,448
2025-09-01 23:46:04.442143,-296.40000000000003,-208.455,-307.515,-405.015,-281.97,-202.02,-408.525,-290.94,40,384,-892,448
2025-09-01 23:46:04.454286,41.925,58.305,-85.995,-61.425,19.5,25.155,-110.76,-49.14,41,379,-874,384
2025-09-01 23:46:04.466429,10.725,12.285,-137.67000000000002,-111.735,-28.275,-27.3,-161.07,-94.38,36,379,-874,448
2025-09-01 23:46:04.478571,-44.655,-71.955,-219.18,-191.685,-111.735,-103.155,-240.435,-157.365,35,383,-877,384
2025-09-01 23:46:04.490714,-84.24000000000001,-134.35500000000002,-282.36,-254.085,-178.035,-173.55,-304.98,-213.135,37,382,-876,512
2025-09-01 23:46:04.502857,-112.905,-180.18,-330.52500000000003,-295.23,-226.59,-223.665,-356.07,-256.815,37,382,-876,512
2025-09-01 23:46:04.515000,-120.9,-196.365,-351.39,-300.885,-226.005,-230.88,-354.12,-253.5,35,386,-869,384
2025-09-01 23:46:04.523857,-58.89,-95.355,-245.895,-194.22,-120.9,-123.825,-244.92,-163.995,36,384,-874,512
2025-09-01 23:46:04.532714,179.985,171.6,86.58,181.545,207.09,234.585,162.435,166.725,22,370,-872,384
2025-09-01 23:46:04.541571,147.225,127.725,43.29,135.135,159.9,186.42,119.535,125.97,27,376,-884,448
2025-09-01 23:46:04.550429,99.255,45.825,-42.315000000000005,47.385000000000005,78.39,114.27,32.76,52.65,28,372,-883,448
2025-09-01 23:46:04.559286,35.88,-21.84,-119.925,-24.96,3.315,35.1,-44.46,-14.82,25,369,-877,448
2025-09-01 23:46:04.568143,10.725,-64.35000000000001,-168.285,-69.03,-43.485,-22.23,-93.405,-61.620000000000005,25,369,-877,448
2025-09-01 23:46:04.577000,-2.34,-97.89,-195.78,-89.7,-57.135000000000005,-39.78,-101.4,-62.205000000000005,30,373,-889,384
2025-09-01 23:46:04.589714,54.405,-13.65,-97.695,7.995,39.0,67.275,2.535,28.275,23,374,-878,448
2025-09-01 23:46:04.602429,-9.75,-60.45,-146.64,-43.485,-16.575,16.185000000000002,-43.68,-13.455,42,368,-873,448
2025-09-01 23:46:04.615143,22.815,-14.04,-97.89,12.675,31.98,67.08,9.36,28.47,42,368,-873,448
2025-09-01 23:46:04.627857,85.995,73.71000000000001,-9.36,99.84,120.12,154.05,97.5,110.565,43,369,-873,512
2025-09-01 23:46:04.640571,133.185,146.835,68.44500000000001,168.48000000000002,194.415,235.365,174.33,171.405,46,375,-875,448
2025-09-01 23:46:04.653286,161.07,192.465,115.83,209.43,241.02,283.92,229.125,220.935,46,375,-875,448
2025-09-01 23:46:04.666000,189.15,227.175,148.005,235.56,267.15000000000003,306.93,249.405,223.665,48,380,-888,512
2025-09-01 23:46:04.674857,130.845,146.64,55.38,152.49,176.865,211.77,148.98000000000002,142.155,48,376,-881,448
2025-09-01 23:46:04.683714,154.44,199.485,145.275,226.98,232.44,289.575,241.41,207.285,29,397,-885,448
2025-09-01 23:46:04.692571,120.315,157.755,97.11,176.67000000000002,185.055,236.145,195.585,163.215,24,397,-885,448
2025-09-01 23:46:04.701429,62.985,78.0,3.705,83.655,93.99,147.42000000000002,105.495,85.02,24,398,-887,512
2025-09-01 23:46:04.710286,11.115,2.73,-70.2,15.99,23.4,67.665,21.645,19.11,20,396,-885,320
2025-09-01 23:46:04.719143,-22.035,-40.755,-119.73,-31.005000000000003,-24.18,21.45,-25.155,-23.4,21,398,-891,448
2025-09-01 23:46:04.728000,-51.285,-77.61,-160.875,-71.955,-55.965,-10.725,-50.505,-40.56,21,398,-891,448
2025-09-01 23:46:04.741143,1.17,-2.9250000000000003,-68.44500000000001,27.3,32.955,85.605,53.82,42.315000000000005,14,390,-882,448
2025-09-01 23:46:04.754286,152.1,196.56,171.79500000000002,220.74,230.49,286.845,255.84,216.645,7,391,-888,384
2025-09-01 23:46:04.767429,111.735,154.05,126.945,168.87,182.715,240.045,205.92,178.035,7,391,-888,384
2025-09-01 23:46:04.780571,51.285,74.10000000000001,34.515,90.09,103.35,139.815,111.93,97.11,10,392,-888,448
2025-09-01 23:46:04.793714,4.485,-3.51,-47.58,15.99,27.3,62.985,36.855,33.735,10,393,-888,448
2025-09-01 23:46:04.806857,-23.4,-38.415,-91.65,-38.22,-20.67,8.385,-19.695,-19.695,10,392,-887,448
2025-09-01 23:46:04.820000,-58.5,-79.95,-135.525,-69.22500000000001,-49.335,-19.11,-50.505,-42.705,10,392,-887,448
2025-09-01 23:46:04.832000,-7.995,0.195,-46.605,21.255,32.76,76.83,42.9,44.07,10,385,-904,448
2025-09-01 23:46:04.844000,-126.165,-117.975,-86.19,-83.265,-78.78,-32.76,-44.85,-17.16,10,364,-870,512
2025-09-01 23:46:04.856000,-92.625,-71.76,-34.905,-35.49,-25.74,17.94,3.12,26.52,10,364,-870,512
2025-09-01 23:46:04.868000,-27.885,12.285,61.23,50.31,61.620000000000005,114.27,102.765,108.615,13,367,-876,512
2025-09-01 23:46:04.880000,22.035,83.07000000000001,148.98000000000002,133.185,135.72,204.36,180.96,189.345,14,365,-873,448
2025-09-01 23:46:04.892000,59.475,129.48000000000002,178.62,179.01000000000002,187.005,225.42,230.1,216.255,13,360,-871,320
2025-09-01 23:46:04.904000,97.695,176.67000000000002,227.565,224.055,229.32,253.89,261.69,240.045,13,360,-871,320
2025-09-01 23:46:04.916857,42.315000000000005,99.84,150.93,122.655,133.185,171.79500000000002,174.13500000000002,168.48000000000002,12,358,-884,512
2025-09-01 23:46:04.929714,-121.68,-124.605,-32.955,-88.33500000000001,-82.485,-63.765,-108.42,-14.625,19,352,-851,512
2025-09-01 23:46:04.942571,-90.285,-84.825,7.41,-56.745000000000005,-38.61,-16.185000000000002,-23.79,22.62,19,352,-851,512
2025-09-01 23:46:04.955429,-32.955,3.9,97.305,39.0,55.77,65.715,128.31,81.705,22,348,-838,384
2025-09-01 23:46:04.968286,16.965,78.19500000000001,176.67000000000002,123.63,133.38,149.76,184.47,163.8,20,348,-846,448
2025-09-01 23:46:04.981143,44.265,115.245,220.155,165.555,179.205,193.05,232.05,206.7,19,350,-854,448
2025-09-01 23:46:04.994000,93.795,173.55,263.055,214.89,221.91,232.245,264.81,226.005,20,366,-854,512
2025-09-01 23:46:05.002714,53.235,102.18,180.765,139.815,135.72,134.55,170.43,143.91,20,354,-859,448
2025-09-01 23:46:05.011429,-105.885,-141.18,-71.565,-95.745,-91.065,-84.63000000000001,-41.925,-54.99,23,386,-889,448
2025-09-01 23:46:05.020143,-79.56,-106.47,-28.665000000000003,-54.21,-52.845,-28.665000000000003,1.755,-13.65,23,386,-889,448
2025-09-01 23:46:05.028857,-19.695,-18.915,53.43,33.15,39.585,53.82,92.82,61.425,22,388,-894,448
2025-09-01 23:46:05.037571,38.415,61.815000000000005,136.11,104.91,116.415,140.4,164.38500000000002,125.58,26,383,-893,448
2025-09-01 23:46:05.046286,68.64,100.425,176.28,149.76,160.095,175.5,206.115,163.215,33,391,-893,448
2025-09-01 23:46:05.055000,111.345,154.83,222.495,204.165,205.14,215.475,252.33,194.805,29,388,-888,448
2025-09-01 23:46:05.068000,54.21,80.73,157.365,115.44,122.85,145.08,163.60500000000002,129.285,27,390,-891,512
2025-09-01 23:46:05.081000,-167.895,-158.925,-85.41,-157.95000000000002,-142.35,-73.905,-92.43,-49.92,52,360,-873,448
2025-09-01 23:46:05.094000,-148.98000000000002,-124.605,-36.075,-120.315,-107.25,-23.01,-45.435,-11.115,36,360,-873,448
2025-09-01 23:46:05.107000,-99.06,-52.260000000000005,45.825,-31.98,-22.815,61.23,40.365,65.91,45,362,-871,448
2025-09-01 23:46:05.120000,-52.455,22.035,119.145,24.375,39.78,129.48000000000002,104.325,122.265,49,360,-883,384
2025-09-01 23:46:05.133000,-31.005000000000003,67.47,162.04500000000002,67.47,85.02,176.085,148.005,161.46,54,359,-880,512
2025-09-01 23:46:05.146000,24.96,131.625,216.645,146.25,149.175,231.855,200.85,202.605,54,356,-879,448
2025-09-01 23:46:05.154429,-25.35,66.69,151.515,67.665,63.18,156.0,131.625,136.695,53,350,-887,384
2025-09-01 23:46:05.162857,-226.005,-172.965,-71.565,-177.45000000000002,-163.60500000000002,-57.915,-81.705,-38.025,48,353,-870,448
2025-09-01 23:46:05.171286,-198.315,-137.085,-31.200000000000003,-128.31,-119.535,-18.33,-43.68,0.195,46,354,-872,448
2025-09-01 23:46:05.179714,-144.885,-59.085,72.15,-46.41,-34.32,81.12,52.455,93.405,46,354,-872,448
2025-09-01 23:46:05.188143,-92.235,17.16,150.345,36.66,37.05,159.315,136.695,133.185,48,356,-875,384
2025-09-01 23:46:05.196571,-67.275,56.55,188.76,77.22,82.68,208.455,172.38,173.94,48,360,-881,384
2025-09-01 23:46:05.205000,-29.445,114.855,254.28,137.475,134.16,258.18,154.44,238.485,47,358,-881,448
2025-09-01 23:46:05.217857,-66.885,46.605,176.085,65.715,61.23,182.13,144.10500000000002,144.885,45,360,-883,448
2025-09-01 23:46:05.230714,11.115,106.665,225.225,142.935,153.07500000000002,245.7,204.555,191.49,37,364,-883,448
2025-09-01 23:46:05.243571,-15.015,71.565,189.735,99.06,107.64,204.165,195.0,143.91,40,365,-884,448
2025-09-01 23:46:05.256429,-61.815000000000005,3.12,102.96,12.48,24.375,119.34,92.625,85.41,40,365,-884,448
2025-09-01 23:46:05.269286,-133.185,-85.605,24.18,-67.275,-61.23,36.465,7.995,14.04,39,362,-877,320
2025-09-01 23:46:05.282143,-165.36,-115.83,-11.31,-105.69,-97.695,-1.95,-30.42,-21.255,40,363,-890,448
2025-09-01 23:46:05.295000,-201.045,-172.965,-71.955,-165.555,-156.975,-48.945,-82.485,-65.715,37,367,-887,512
2025-09-01 23:46:05.303714,-163.41,-105.885,-19.89,-92.04,-78.19500000000001,-1.56,-23.4,-11.7,37,368,-888,320
2025-09-01 23:46:05.312429,25.35,153.66,237.12,149.37,167.895,237.315,209.43,194.22,38,353,-875,448
2025-09-01 23:46:05.321143,7.800000000000001,115.44,198.51,104.52,123.63,195.0,166.725,155.415,34,354,-876,512
2025-09-01 23:46:05.329857,-39.0,40.17,117.78,32.565,44.265,102.765,78.78,89.31,34,354,-876,512
2025-09-01 23:46:05.338571,-105.105,-55.185,21.645,-53.43,-41.925,14.82,3.9,-8.775,31,364,-883,384
2025-09-01 23:46:05.347286,-131.43,-89.50500000000001,-13.455,-92.43,-82.485,-15.405,-42.120000000000005,-18.72,31,362,-866,384
2025-09-01 23:46:05.356000,-169.455,-148.20000000000002,-64.35000000000001,-160.68,-142.74,-59.085,-97.695,-60.255,31,360,-872,448
2025-09-01 23:46:05.368714,-133.57500000000002,-85.215,-13.26,-86.19,-67.47,-8.385,-24.18,-8.385,28,359,-876,448
2025-09-01 23:46:05.381429,-101.79,-96.525,-81.9,-114.075,-90.675,-127.14,-74.685,-121.875,13,364,-893,384
2025-09-01 23:46:05.394143,-72.735,-65.91,-44.265,-74.295,-53.235,-91.65,-30.225,-72.15,13,363,-885,448
2025-09-01 23:46:05.406857,-18.135,13.65,42.51,-1.17,34.32,-5.655,53.625,-11.7,15,364,-884,512
2025-09-01 23:46:05.419571,48.945,100.035,137.085,99.45,120.9,82.29,122.46,83.265,19,365,-881,512
2025-09-01 23:46:05.432286,68.83500000000001,129.48000000000002,171.99,132.405,152.88,121.095,162.82500000000002,115.44,19,365,-881,512
2025-09-01 23:46:05.445000,117.39,186.42,233.025,198.705,218.985,178.62,216.45,161.265,20,365,-883,448
2025-09-01 23:46:05.445250,75.075,132.6,185.64,126.555,148.785,122.655,158.535,106.08,21,362,-878,448
2025-09-01 23:46:05.445500,-87.75,-106.08,-83.265,-117.39,-88.33500000000001,-145.86,-113.88,-130.65,58,368,-871,448
2025-09-01 23:46:05.445750,-69.42,-72.54,-49.53,-72.93,-42.705,-111.15,-77.415,-93.795,57,360,-861,384
2025-09-01 23:46:05.446000,-14.82,1.755,39.195,18.72,38.22,-19.89,10.92,-22.425,58,358,-873,448
2025-09-01 23:46:05.475333,40.56,77.415,133.57500000000002,98.67,119.925,60.84,101.01,58.5,60,360,-882,448
2025-09-01 23:46:05.504667,64.545,107.445,167.31,124.8,151.905,101.595,144.495,93.795,60,360,-882,448
2025-09-01 23:46:05.534000,106.08,172.77,238.29,189.93,215.28,167.70000000000002,205.335,150.15,59,369,-889,512
2025-09-01 23:46:05.547571,71.175,138.45000000000002,181.74,128.70000000000002,154.63500000000002,104.52,138.06,83.46000000000001,61,371,-894,448
2025-09-01 23:46:05.561143,123.24,169.455,284.115,190.32,211.575,99.84,180.375,143.32500000000002,48,343,-874,384
2025-09-01 23:46:05.574714,106.08,137.67000000000002,257.985,157.56,173.94,60.645,146.835,108.42,53,348,-886,448
2025-09-01 23:46:05.588286,61.425,67.275,175.89,78.78,99.45,-29.25,62.79,25.935,52,347,-882,448
2025-09-01 23:46:05.601857,-7.995,-26.52,92.04,-12.48,-1.17,-115.83,-16.965,-35.88,47,350,-878,448
2025-09-01 23:46:05.615429,-32.955,-64.935,58.5,-55.38,-48.555,-147.42000000000002,-109.59,-60.06,47,350,-878,448
2025-09-01 23:46:05.629000,-89.11500000000001,-142.155,-6.63,-136.305,-128.505,-214.305,-131.82,-121.095,52,343,-884,512
2025-09-01 23:46:05.640857,-46.605,-87.165,37.83,-82.095,-60.06,-163.995,-40.365,-77.22,47,345,-876,384
2025-09-01 23:46:05.652714,-93.405,-141.57,18.915,-130.26,-125.385,-266.955,-119.73,-147.615,18,358,-894,448
2025-09-01 23:46:05.664571,-75.075,-114.855,47.97,-99.255,-90.675,-228.345,-80.925,-114.27,28,355,-896,512
2025-09-01 23:46:05.676429,-34.32,-51.675,129.09,-30.225,-27.69,-149.955,0.78,-42.120000000000005,26,355,-891,384
2025-09-01 23:46:05.688286,33.345,27.69,201.63,61.815000000000005,54.795,-57.915,64.35000000000001,23.595,29,358,-887,384
2025-09-01 23:46:05.700143,63.57,64.935,240.24,102.96,104.715,-12.87,101.985,59.28,29,358,-887,384
2025-09-01 23:46:05.712000,115.83,135.525,313.17,177.645,177.255,39.195,183.885,115.44,27,346,-882,384
2025-09-01 23:46:05.725143,88.14,97.11,266.955,123.045,128.895,-18.33,124.605,52.260000000000005,29,350,-889,448
2025-09-01 23:46:05.738286,139.23000000000002,137.085,280.605,183.885,172.77,4.29,167.31,133.57500000000002,45,348,-883,512
2025-09-01 23:46:05.751429,130.65,120.12,249.99,162.63,149.565,-32.370000000000005,127.53,97.5,42,339,-873,512
2025-09-01 23:46:05.764571,87.165,47.97,176.865,85.605,69.61500000000001,-104.52,52.455,33.15,36,341,-878,448
2025-09-01 23:46:05.777714,-1.17,-54.405,95.16,-36.465,-43.485,-191.685,-19.5,-38.415,37,343,-885,448
2025-09-01 23:46:05.790857,-17.745,-83.07000000000001,39.975,-52.65,-70.785,-232.44,-73.515,-77.025,37,343,-885,448
2025-09-01 23:46:05.804000,-54.015,-139.23000000000002,-43.095,-111.93,-122.07,-310.83,-152.88,-151.32,37,344,-883,448
2025-09-01 23:46:05.817286,-28.08,-98.475,1.365,-65.91,-68.25,-262.08,-96.33,-95.94,42,353,-897,448
2025-09-01 23:46:05.830571,134.94,116.805,246.09,180.96,155.415,16.575,179.79,142.35,41,350,-891,384
2025-09-01 23:46:05.843857,119.73,99.255,225.615,155.22,127.53,-14.625,139.62,120.9,41,350,-891,384
2025-09-01 23:46:05.857143,84.435,36.465,132.99,85.02,52.845,-99.84,43.485,34.32,43,346,-887,384
2025-09-01 23:46:05.870429,11.31,-62.010000000000005,54.405,-13.455,-36.66,-183.105,-41.145,-34.125,44,345,-886,384
2025-09-01 23:46:05.883714,-16.575,-102.375,14.43,-54.405,-79.17,-211.575,-70.395,-60.06,44,345,-886,384
2025-09-01 23:46:05.897000,-52.260000000000005,-163.215,-54.21,-105.105,-138.06,-282.75,-144.10500000000002,-123.825,50,343,-897,448
2025-09-01 23:46:05.905143,-37.635,-143.91,-22.425,-77.025,-105.105,-233.415,-94.575,-72.15,43,341,-888,448
2025-09-01 23:46:05.913286,-85.8,-163.02,-114.465,-140.4,-168.09,-257.79,-155.61,-108.42,39,343,-886,448
2025-09-01 23:46:05.921429,-75.66,-150.15,-97.305,-113.295,-144.495,-232.245,-130.845,-85.41,39,343,-886,448
2025-09-01 23:46:05.929571,-40.365,-80.73,-17.355,-44.265,-67.665,-140.79,-46.605,-10.335,35,342,-885,512
2025-09-01 23:46:05.937714,27.885,12.285,79.56,47.97,20.085,-46.605,37.44,62.400000000000006,35,340,-883,448
2025-09-01 23:46:05.945857,53.04,53.43,115.83,84.825,59.67,-7.995,76.635,99.255,36,340,-882,448
2025-09-01 23:46:05.954000,101.205,120.51,174.72,155.805,135.72,52.455,143.715,154.05,36,340,-882,448
2025-09-01 23:46:05.967429,98.475,99.45,144.495,130.65,98.085,13.455,93.6,113.88,35,347,-898,448
2025-09-01 23:46:05.980857,95.16,117.78,143.91,152.1,132.99,116.415,150.345,162.04500000000002,37,344,-886,448
2025-09-01 23:46:05.994286,93.99,103.35,131.625,142.54500000000002,114.465,97.89,122.265,136.305,37,344,-886,448
2025-09-01 23:46:06.007714,39.78,36.075,52.65,77.22,45.24,16.185000000000002,37.05,61.815000000000005,40,337,-889,448
2025-09-01 23:46:06.021143,-25.935,-49.335,-50.895,-26.52,-56.940000000000005,-74.685,-55.575,-18.72,37,345,-893,512
2025-09-01 23:46:06.034571,-53.43,-85.215,-91.845,-66.3,-91.065,-107.25,-98.865,-54.21,37,346,-891,448
2025-09-01 23:46:06.048000,-93.6,-152.49,-150.93,-139.425,-162.63,-176.085,-155.415,-106.665,37,346,-891,448
2025-09-01 23:46:06.056143,-90.675,-141.18,-128.70000000000002,-108.225,-129.285,-142.54500000000002,-112.32,-64.155,41,342,-888,448
2025-09-01 23:46:06.064286,91.845,141.765,134.35500000000002,167.70000000000002,148.395,145.47,159.705,173.55,40,349,-894,512
2025-09-01 23:46:06.072429,86.97,128.895,121.485,153.27,129.285,119.73,128.115,146.055,40,349,-894,512
2025-09-01 23:46:06.080571,41.34,58.305,44.07,76.245,53.43,52.455,53.04,78.19500000000001,42,355,-909,448
2025-09-01 23:46:06.088714,-25.155,-40.17,-58.5,-17.55,-45.24,-50.31,-46.995000000000005,-3.705,40,353,-899,448
2025-09-01 23:46:06.096857,-54.6,-80.73,-100.815,-59.475,-81.9,-90.87,-146.055,-30.615,39,354,-891,512
2025-09-01 23:46:06.105000,-87.165,-142.54500000000002,-165.36,-126.555,-143.715,-156.195,-162.04500000000002,-94.575,39,354,-891,512
2025-09-01 23:46:06.117857,-83.265,-120.51,-160.875,-97.11,-124.605,-137.67000000000002,-110.565,-78.39,39,352,-893,512
2025-09-01 23:46:06.130714,-98.475,-151.32,-215.28,-147.615,-162.82500000000002,-153.66,-170.82,-123.63,35,348,-887,384
2025-09-01 23:46:06.143571,-92.43,-143.91,-204.945,-134.55,-143.13,-130.65,-147.81,-105.885,35,348,-887,384
2025-09-01 23:46:06.156429,-51.675,-75.27,-134.745,-59.085,-71.175,-52.65,-72.15,-41.535,27,344,-888,448
2025-09-01 23:46:06.169286,16.575,11.7,-28.86,35.88,24.765,46.605,25.155,46.41,28,346,-890,448
2025-09-01 23:46:06.182143,45.045,54.6,9.75,70.59,60.84,89.11500000000001,68.055,80.535,34,347,-893,512
2025-09-01 23:46:06.195000,85.41,111.54,73.32000000000001,145.86,130.65,151.32,131.43,140.985,30,351,-891,448
2025-09-01 23:46:06.203571,92.625,121.485,57.72,127.92,122.07,124.8,105.3,111.735,32,356,-889,448
2025-09-01 23:46:06.212143,70.395,103.935,84.045,138.255,122.85,199.29,170.625,171.79500000000002,22,355,-876,512
2025-09-01 23:46:06.220714,69.03,105.885,77.025,131.235,117.39,182.715,144.495,143.91,22,355,-876,512
2025-09-01 23:46:06.229286,56.16,57.135000000000005,-4.29,94.185,66.3,95.55,49.335,61.620000000000005,20,353,-870,384
2025-09-01 23:46:06.237857,-16.77,-40.56,-107.055,-18.72,-39.975,1.17,-44.85,-12.48,29,348,-882,512
2025-09-01 23:46:06.246429,-48.75,-77.025,-160.68,-62.79,-83.655,-41.925,-89.11500000000001,-53.43,32,355,-882,448
2025-09-01 23:46:06.255000,-101.205,-140.79,-211.185,-135.135,-150.93,-99.45,-152.88,-108.81,29,353,-879,512
2025-09-01 23:46:06.267857,-115.44,-149.76,-217.23,-130.065,-151.515,-87.94500000000001,-142.935,-93.795,28,352,-880,448
2025-09-01 23:46:06.280714,-255.255,-239.265,-238.68,-201.045,-229.32,-56.16,-194.415,-74.295,23,360,-885,512
2025-09-01 23:46:06.293571,-263.25,-250.185,-236.535,-202.215,-224.835,-47.775,-190.905,-60.45,23,360,-885,512
2025-09-01 23:46:06.306429,-224.64,-181.155,-173.94,-132.21,-156.39,27.885,-124.995,-1.755,27,358,-884,448
2025-09-01 23:46:06.319286,-157.56,-84.825,-54.405,-30.225,-50.31,141.57,-5.46,97.5,23,364,-869,384
2025-09-01 23:46:06.332143,-123.825,-39.585,-18.33,19.5,-0.39,175.695,43.68,136.695,30,359,-868,448
2025-09-01 23:46:06.345000,-81.12,23.205,47.190000000000005,89.7,62.205000000000005,237.51,110.175,190.515,24,364,-870,448
2025-09-01 23:46:06.358143,-73.71000000000001,23.01,59.475,78.78,51.09,247.845,103.35,178.815,20,363,-869,384
2025-09-01 23:46:06.371286,-223.47,-215.085,-249.015,-173.745,-204.36,-28.665000000000003,-170.43,-86.97,17,371,-888,448
2025-09-01 23:46:06.384429,-225.03,-219.96,-254.67,-167.505,-199.68,-18.525,-160.68,-71.76,19,379,-891,512
2025-09-01 23:46:06.397571,-175.305,-146.055,-193.635,-95.745,-131.235,54.405,-91.065,-15.015,19,379,-891,512
2025-09-01 23:46:06.410714,-109.59,-53.43,-85.215,-2.535,-29.25,161.07,11.115,78.0,26,376,-888,448
2025-09-01 23:46:06.423857,-77.025,-12.09,-33.93,38.025,11.895,210.795,50.895,115.635,23,373,-893,448
2025-09-01 23:46:06.437000,-32.370000000000005,48.945,21.06,107.835,83.07000000000001,272.415,121.875,168.48000000000002,20,377,-891,448
2025-09-01 23:46:06.449286,-10.335,64.35000000000001,28.47,119.73,81.51,265.785,116.61,161.655,18,378,-891,448
2025-09-01 23:46:06.461571,18.525,97.89,34.515,157.56,134.745,274.755,143.32500000000002,168.09,22,376,-878,448
2025-09-01 23:46:06.473857,29.055,102.96,47.97,161.265,133.77,274.755,146.445,163.02,22,375,-877,512
2025-09-01 23:46:06.486143,-3.315,47.58,-23.01,99.645,71.955,198.705,73.125,100.035,22,375,-877,512
2025-09-01 23:46:06.498429,-82.095,-60.84,-124.8,-15.015,-37.245000000000005,103.935,-29.835,8.58,33,376,-874,448
2025-09-01 23:46:06.510714,-112.71,-98.865,-171.79500000000002,-50.7,-76.83,57.915,-76.245,-31.005000000000003,29,377,-884,448
2025-09-01 23:46:06.523000,-151.125,-159.315,-219.375,-117.39,-140.595,4.29,-129.285,-79.75500000000001,26,376,-883,512
2025-09-01 23:46:06.536857,-161.07,-177.645,-244.14,-129.48000000000002,-151.905,-13.065,-129.09,-83.07000000000001,27,371,-884,448
2025-09-01 23:46:06.550714,31.395,101.985,27.105,150.15,128.31,257.595,127.14,146.445,28,370,-876,448
2025-09-01 23:46:06.564571,40.17,113.1,39.78,149.37,131.235,260.13,126.945,140.985,27,372,-880,512
2025-09-01 23:46:06.578429,-10.53,50.115,-28.275,77.805,60.45,191.685,60.06,82.29,27,372,-880,512
2025-09-01 23:46:06.592286,-71.565,-46.41,-128.31,-7.605,-39.0,85.02,-34.905,-10.14,26,379,-881,448
2025-09-01 23:46:06.606143,-93.99,-88.72500000000001,-172.77,-54.21,-83.655,45.045,-73.905,-45.825,32,371,-877,448
2025-09-01 23:46:06.620000,-142.35,-146.25,-230.1,-115.635,-143.32500000000002,-15.015,-133.185,-97.5,32,376,-877,448
2025-09-01 23:46:06.628286,-163.8,-171.6,-250.965,-138.255,-151.71,-29.445,-153.66,-103.545,30,373,-879,448
2025-09-01 23:46:06.636571,67.665,109.785,23.01,148.98000000000002,142.54500000000002,219.57,133.185,107.835,25,368,-874,448
2025-09-01 23:46:06.644857,86.97,132.405,43.485,170.04,157.56,229.125,141.57,107.055,26,361,-869,448
2025-09-01 23:46:06.653143,42.9,64.545,-15.015,104.13,85.41,166.725,79.17,50.505,27,361,-873,448
2025-09-01 23:46:06.661429,-11.505,-35.1,-124.605,-18.72,-19.5,56.745000000000005,-27.105,-42.120000000000005,29,362,-878,512
2025-09-01 23:46:06.669714,-42.120000000000005,-69.81,-164.97,-55.965,-62.595,14.625,-70.395,-83.07000000000001,29,362,-878,512
2025-09-01 23:46:06.678000,-92.43,-123.63,-223.275,-103.545,-118.755,-46.995000000000005,-130.455,-136.11,32,362,-875,448
2025-09-01 23:46:06.690429,-114.66,-156.585,-259.545,-135.135,-141.765,-62.79,-153.07500000000002,-139.815,34,360,-883,448
2025-09-01 23:46:06.702857,-77.61,-151.125,-231.075,-122.07,-144.10500000000002,-103.35,-149.175,-161.85,30,363,-878,512
2025-09-01 23:46:06.715286,-107.055,-183.105,-247.845,-144.495,-164.38500000000002,-105.885,-155.415,-158.535,31,371,-879,384
2025-09-01 23:46:06.727714,-73.125,-126.165,-184.47,-87.94500000000001,-106.08,-32.76,-95.55,-105.3,35,367,-880,512
2025-09-01 23:46:06.740143,11.115,-19.89,-84.435,23.4,12.285,49.725,7.995,-23.595,30,365,-879,512
2025-09-01 23:46:06.752571,39.0,19.11,-42.51,61.035,51.09,97.5,49.335,12.675,30,365,-879,512
2025-09-01 23:46:06.765000,66.3,71.76,13.26,116.61,108.42,152.29500000000002,107.64,73.515,35,367,-884,448
2025-09-01 23:46:06.773857,106.08,112.32,57.330000000000005,158.925,145.86,185.445,136.305,87.36,33,363,-884,512
2025-09-01 23:46:06.782714,100.23,106.08,64.155,147.225,148.005,150.345,136.11,88.72500000000001,17,363,-883,512
2025-09-01 23:46:06.791571,122.85,137.28,91.845,171.99,168.09,168.285,150.345,91.845,27,365,-889,448
2025-09-01 23:46:06.800429,85.02,78.39,40.17,108.81,98.475,109.785,93.795,37.83,26,362,-884,448
2025-09-01 23:46:06.809286,18.525,-18.915,-78.39,8.775,-3.705,-0.585,-105.495,-51.09,24,364,-886,384
2025-09-01 23:46:06.818143,-9.75,-61.620000000000005,-124.02,-31.98,-46.41,-40.755,-80.925,-105.495,24,364,-886,384
2025-09-01 23:46:06.827000,-36.66,-102.57,-178.035,-83.655,-100.23,-107.25,-99.84,-165.75,29,364,-892,384
2025-09-01 23:46:06.839714,-84.435,-151.515,-221.13,-129.09,-144.3,-149.76,-149.565,-177.645,24,362,-885,512
2025-09-01 23:46:06.852429,101.79,93.6,83.265,153.85500000000002,138.06,108.225,122.655,57.135000000000005,26,355,-875,448
2025-09-01 23:46:06.865143,123.63,122.07,124.02,182.13,159.51000000000002,137.475,153.465,77.805,21,355,-863,448
2025-09-01 23:46:06.877857,89.11500000000001,75.27,77.805,127.725,102.57,83.265,96.135,23.595,21,353,-865,448
2025-09-01 23:46:06.890571,20.67,-23.595,-26.130000000000003,19.5,-1.755,-24.375,-10.14,-72.735,22,355,-871,448
2025-09-01 23:46:06.903286,-10.14,-73.32000000000001,-82.095,-22.23,-46.995000000000005,-74.49000000000001,-59.865,-116.025,22,355,-871,448
2025-09-01 23:46:06.916000,-39.195,-124.02,-137.28,-86.97,-106.47,-129.09,-115.05,-161.655,15,358,-875,384
2025-09-01 23:46:06.928571,-86.58,-184.08,-184.47,-133.38,-150.345,-174.33,-152.1,-183.3,17,357,-877,448
2025-09-01 23:46:06.941143,-65.91,-129.48000000000002,-130.065,-112.125,-121.485,-156.195,-129.09,-175.11,24,363,-889,448
2025-09-01 23:46:06.953714,-90.48,-162.24,-168.48000000000002,-138.45000000000002,-148.785,-191.295,-158.925,-199.875,24,363,-889,448
2025-09-01 23:46:06.966286,-52.845,-109.59,-123.24,-76.05,-90.285,-134.35500000000002,-104.325,-149.565,26,364,-885,448
2025-09-01 23:46:06.978857,13.845,-16.38,-11.895,11.7,12.87,-15.6,3.705,-53.43,27,362,-887,512
2025-09-01 23:46:06.991429,46.605,33.735,32.76,60.645,57.915,17.94,46.215,-19.695,27,362,-887,512
2025-09-01 23:46:07.004000,85.41,85.41,77.415,127.335,111.54,61.425,95.355,22.62,21,362,-876,448
2025-09-01 23:46:07.016857,131.235,145.665,135.525,175.89,164.97,109.005,142.74,57.330000000000005,26,365,-882,448
2025-09-01 23:46:07.029714,98.67,116.805,118.17,146.25,130.065,89.895,126.555,42.705,35,368,-884,448
2025-09-01 23:46:07.042571,129.87,152.1,161.85,184.275,166.725,118.95,157.56,68.64,35,368,-884,448
2025-09-01 23:46:07.055429,105.69,117.78,117.78,137.865,120.315,68.055,112.125,21.645,39,368,-878,448
2025-09-01 23:46:07.068286,29.835,16.575,14.43,28.665000000000003,7.215,-34.71,1.365,-71.955,33,370,-875,512
2025-09-01 23:46:07.081143,-12.87,-36.075,-39.585,-21.45,-40.17,-80.925,-106.275,-108.225,30,366,-875,448
2025-09-01 23:46:07.094000,-45.045,-74.685,-93.21,-71.37,-92.43,-135.72,-134.16,-159.705,30,366,-875,448
2025-09-01 23:46:07.111000,-87.94500000000001,-148.395,-149.37,-135.915,-151.125,-180.765,-132.21,-198.12,28,372,-859,448
2025-09-01 23:46:07.128000,-34.905,-104.91,-116.61,-94.575,-114.465,-169.845,-107.25,-207.48,21,372,-880,384
2025-09-01 23:46:07.145000,-70.005,-148.395,-157.56,-132.79500000000002,-154.44,-212.355,-149.565,-222.69,21,372,-880,384
2025-09-01 23:46:07.162000,-43.875,-116.025,-116.025,-92.04,-106.275,-158.73000000000002,-106.86,-171.015,25,369,-883,448
2025-09-01 23:46:07.179000,17.745,-15.015,-3.12,10.335,-6.24,-39.78,2.535,-70.005,25,373,-881,384
2025-09-01 23:46:07.196000,56.16,36.075,40.17,60.06,51.48,3.51,43.095,-35.88,23,373,-880,448
2025-09-01 23:46:07.213000,101.01,95.355,86.775,122.46,110.37,50.7,89.895,11.7,23,373,-880,448
2025-09-01 23:46:07.222143,133.38,155.22,159.9,176.865,162.04500000000002,115.635,146.055,59.085,29,373,-884,512
2025-09-01 23:46:07.231286,-44.655,-109.98,-108.42,-98.085,-109.2,-165.36,-127.14,-183.3,18,376,-883,448
2025-09-01 23:46:07.240429,-72.15,-146.25,-151.32,-144.3,-151.905,-201.045,-164.58,-209.625,18,376,-883,448
2025-09-01 23:46:07.249571,-54.015,-117.975,-113.295,-95.16,-110.955,-157.95000000000002,-116.415,-157.365,12,379,-879,448
2025-09-01 23:46:07.258714,6.63,-16.77,-6.63,7.215,-0.195,-51.09,-9.165,-65.13,13,382,-882,512
2025-09-01 23:46:07.267857,46.8,29.445,43.485,66.3,53.235,-6.4350000000000005,34.125,-31.200000000000003,15,378,-882,512
2025-09-01 23:46:07.277000,78.19500000000001,78.97500000000001,97.5,110.37,102.96,53.625,80.535,27.3,15,378,-882,512
2025-09-01 23:46:07.289714,120.51,146.835,166.335,175.695,165.75,118.56,89.7,85.41,16,381,-885,448
2025-09-01 23:46:07.302429,88.14,102.765,121.29,126.75,117.975,77.61,121.095,40.365,42,365,-875,448
2025-09-01 23:46:07.315143,116.415,140.595,175.5,169.065,162.82500000000002,116.415,168.675,78.58500000000001,42,365,-875,448
2025-09-01 23:46:07.327857,99.255,113.88,144.3,132.405,121.29,80.34,83.07000000000001,46.215,49,362,-880,448
2025-09-01 23:46:07.340571,37.635,23.205,20.475,32.565,25.935,-24.96,-31.98,-67.275,46,363,-880,512
2025-09-01 23:46:07.353286,1.56,-22.815,-23.4,-18.135,-26.52,-76.44,-25.35,-126.555,47,362,-881,384
2025-09-01 23:46:07.366000,-45.24,-75.855,-78.97500000000001,-81.705,-79.75500000000001,-145.08,-83.07000000000001,-145.275,46,359,-880,512
2025-09-01 23:46:07.374571,-103.35,-137.085,-149.37,-140.01,-140.985,-208.65,-159.315,-206.7,43,364,-880,448
2025-09-01 23:46:07.383143,68.64,95.16,124.02,123.63,111.735,59.67,109.785,51.675,24,362,-878,448
2025-09-01 23:46:07.391714,101.01,139.23000000000002,169.455,166.335,152.49,108.42,149.175,80.73,24,362,-878,448
2025-09-01 23:46:07.400286,87.94500000000001,123.825,155.61,135.33,121.29,82.485,121.68,51.675,21,365,-876,512
2025-09-01 23:46:07.408857,17.355,38.22,38.22,40.56,23.595,-34.32,-53.235,-40.17,31,362,-877,448
2025-09-01 23:46:07.417429,-20.28,-13.845,-9.165,-15.99,-23.01,-77.61,-91.455,-78.78,30,368,-892,448
2025-09-01 23:46:07.426000,-69.61500000000001,-70.59,-60.84,-71.175,-85.215,-133.57500000000002,-65.715,-151.515,23,366,-884,512
2025-09-01 23:46:07.430000,-111.54,-146.445,-136.5,-148.20000000000002,-159.51000000000002,-221.13,-147.42000000000002,-186.225,21,365,-886,448
2025-09-01 23:46:07.444333,77.415,101.985,126.165,110.565,114.465,56.355,108.81,54.6,25,370,-880,448
2025-09-01 23:46:07.458667,109.785,149.955,170.43,162.63,158.925,98.865,153.85500000000002,92.43,25,370,-880,448
2025-09-01 23:46:07.473000,97.5,134.16,150.54,134.16,133.185,69.81,121.68,58.305,23,367,-869,448
2025-09-01 23:46:07.487333,28.665000000000003,40.365,52.065000000000005,24.765,20.28,-31.59,1.17,-29.445,22,375,-881,448
2025-09-01 23:46:07.501667,-3.315,-11.895,-3.9,-27.69,-24.96,-85.8,-116.22,-63.375,14,374,-875,384
2025-09-01 23:46:07.516000,-36.66,-53.235,-65.13,-85.8,-74.49000000000001,-132.6,-82.875,-134.16,18,371,-879,448
2025-09-01 23:46:07.524714,-99.255,-136.5,-132.015,-147.81,-154.63500000000002,-197.925,-153.465,-179.79,19,368,-881,448
2025-09-01 23:46:07.533429,-71.175,-87.75,-66.3,-95.16,-101.79,-162.82500000000002,-98.865,-132.21,24,363,-885,384
2025-09-01 23:46:07.542143,-103.155,-128.31,-109.98,-144.885,-148.59,-201.435,-144.495,-170.04,25,362,-884,448
2025-09-01 23:46:07.550857,-98.28,-119.535,-95.745,-126.75,-129.48000000000002,-171.6,-118.365,-143.13,25,362,-884,448
2025-09-01 23:46:07.559571,-20.67,-17.94,-4.875,-20.085,-16.575,-79.75500000000001,-27.495,-62.595,22,365,-881,512
2025-09-01 23:46:07.568286,22.035,31.59,49.92,34.71,29.055,-23.595,27.495,-13.65,16,365,-869,448
2025-09-01 23:46:07.577000,54.795,81.51,115.44,60.06,74.295,34.515,97.5,39.195,20,365,-875,512
2025-09-01 23:46:07.589714,107.445,161.46,188.76,159.315,157.95000000000002,109.785,164.775,102.18,20,364,-880,384
2025-09-01 23:46:07.602429,-51.675,-69.22500000000001,-68.055,-101.01,-98.865,-157.17000000000002,-97.695,-131.82,26,354,-887,448
2025-09-01 23:46:07.615143,-89.7,-113.295,-119.535,-133.77,-135.915,-204.555,-153.85500000000002,-172.185,24,357,-889,384
2025-09-01 23:46:07.627857,-90.48,-109.98,-109.395,-115.44,-123.045,-179.01000000000002,-125.58,-145.47,24,357,-889,384
2025-09-01 23:46:07.640571,-21.255,-12.285,-11.115,-21.45,-26.91,-84.435,-28.47,-54.795,16,360,-871,448
2025-09-01 23:46:07.653286,8.97,39.0,46.995000000000005,37.05,33.54,-27.885,30.42,-11.7,23,351,-874,448
2025-09-01 23:46:07.666000,60.255,102.96,89.50500000000001,96.33,90.285,23.4,75.855,33.15,23,352,-880,448
2025-09-01 23:46:07.678857,119.34,169.845,178.23000000000002,178.62,163.60500000000002,106.47,156.0,98.28,23,358,-886,512
2025-09-01 23:46:07.691714,53.82,191.1,119.145,101.4,103.935,53.43,100.035,62.595,25,354,-882,512
2025-09-01 23:46:07.704571,82.68,234.39,169.65,147.225,153.465,98.28,142.74,104.715,26,356,-884,448
2025-09-01 23:46:07.717429,96.915,242.385,173.55,143.91,142.155,91.065,136.89,91.845,26,356,-884,384
2025-09-01 23:46:07.730286,28.47,156.975,62.985,44.655,39.78,-23.595,26.52,-6.825,23,352,-887,384
2025-09-01 23:46:07.743143,-8.19,105.3,-1.95,-8.97,-10.335,-77.61,-31.59,-62.985,23,352,-896,384
2025-09-01 23:46:07.756000,-46.8,51.285,-53.82,-70.98,-74.49000000000001,-124.41,-104.325,-99.06,22,352,-893,512
2025-09-01 23:46:07.772857,-102.57,-34.905,-131.235,-155.61,-155.025,-204.36,-199.485,-156.78,23,351,-889,512
2025-09-01 23:46:07.789714,-70.98,6.825,-65.91,-80.535,-82.875,-142.54500000000002,-90.48,-103.545,29,346,-881,448
2025-09-01 23:46:07.806571,-102.57,-41.145,-114.465,-126.555,-127.14,-193.245,-139.425,-148.59,28,341,-880,448
2025-09-01 23:46:07.823429,-105.495,-53.04,-115.83,-125.58,-122.655,-177.45000000000002,-131.625,-129.48000000000002,28,342,-879,384
2025-09-01 23:46:07.840286,-46.02,40.365,-15.405,-33.15,-24.375,-75.27,-27.3,-38.805,26,342,-877,448
2025-09-01 23:46:07.857143,0.0,98.475,36.855,36.66,35.88,-22.035,22.425,3.12,26,342,-877,448
2025-09-01 23:46:07.874000,41.34,141.765,94.38,91.65,89.31,39.39,82.29,53.82,24,343,-877,384
2025-09-01 23:46:07.886714,80.925,215.67,177.84,156.585,162.82500000000002,114.465,167.31,130.65,22,345,-876,384
2025-09-01 23:46:07.899429,82.29,78.58500000000001,-53.235,49.14,28.08,-86.775,-76.635,-109.785,27,354,-889,384
2025-09-01 23:46:07.912143,76.245,109.005,-15.795,42.51,56.745000000000005,-54.795,-29.055,-70.005,31,354,-880,384
2025-09-01 23:46:07.924857,26.52,105.105,-15.795,9.165,38.22,-55.38,-59.865,-92.04,27,351,-881,448
2025-09-01 23:46:07.937571,-101.79,8.775,-119.73,-133.38,-75.27,-180.18,-162.63,-201.825,26,354,-879,448
2025-09-01 23:46:07.950286,-196.365,-59.67,-174.915,-254.085,-158.73000000000002,-234.39,-203.58,-230.295,26,354,-879,448
2025-09-01 23:46:07.963000,-273.0,-159.705,-246.675,-362.31,-253.305,-301.665,-296.01,-300.495,24,358,-870,384
2025-09-01 23:46:07.972143,-325.26,-245.505,-367.38,-417.105,-345.735,-404.04,-441.285,-416.13,24,358,-878,448
2025-09-01 23:46:07.981286,-218.595,-96.525,-277.875,-353.925,-217.23,-292.89,-332.865,-307.32,20,355,-894,448
2025-09-01 23:46:07.990429,-192.855,-54.6,-242.19,-313.95,-170.625,-242.775,-293.865,-263.64,26,353,-886,448
2025-09-01 23:46:07.999571,-169.455,-30.615,-226.395,-299.71500000000003,-164.97,-247.845,-304.59000000000003,-279.24,21,357,-888,448
2025-09-01 23:46:08.008714,-216.06,-115.44,-326.04,-396.825,-256.815,-345.345,-407.55,-370.89,22,361,-889,512
2025-09-01 23:46:08.017857,-258.375,-169.845,-391.56,-456.69,-312.195,-413.4,-465.27,-424.71,22,361,-889,512
2025-09-01 23:46:08.027000,-299.71500000000003,-229.32,-454.935,-508.365,-374.4,-468.585,-536.835,-480.675,30,359,-885,512
2025-09-01 23:46:08.027667,-364.65,-303.81,-535.47,-593.385,-449.475,-562.1850000000001,-614.0550000000001,-552.0450000000001,29,366,-886,448
2025-09-01 23:46:08.028333,-149.175,-135.33,-366.21,-406.575,-272.02500000000003,-382.005,-483.6,-353.34000000000003,12,359,-887,384
2025-09-01 23:46:08.029000,-162.04500000000002,-181.155,-409.695,-427.44,-315.12,-429.585,-493.155,-397.02,19,366,-892,512
2025-09-01 23:46:08.029667,-146.835,-196.56,-432.51,-420.615,-310.05,-439.335,-424.125,-420.615,19,363,-889,512
2025-09-01 23:46:08.030333,-86.58,-102.765,-326.82,-316.095,-203.385,-340.08,-331.5,-309.66,20,365,-882,384
2025-09-01 23:46:08.031000,-36.075,-39.78,-269.295,-244.335,-135.72,-279.045,-275.925,-262.47,20,365,-882,384
2025-09-01 23:46:08.115000,10.92,13.65,-209.625,-183.885,-81.705,-218.985,-224.64,-207.675,20,370,-887,448
2025-09-01 23:46:08.123714,59.67,93.21,-124.995,-103.935,1.95,-126.75,-126.555,-117.975,24,363,-885,512
2025-09-01 23:46:08.132429,227.955,141.18,-35.49,93.99,129.87,-29.445,21.84,-28.665000000000003,21,361,-880,448
2025-09-01 23:46:08.141143,259.935,183.885,13.065,142.74,176.475,18.33,59.67,31.98,21,361,-884,448
2025-09-01 23:46:08.149857,287.43,222.495,49.14,163.8,199.095,44.85,83.655,46.41,22,364,-883,448
2025-09-01 23:46:08.158571,231.465,135.135,-30.615,83.655,115.635,-48.555,-9.75,-35.1,22,362,-882,512
2025-09-01 23:46:08.167286,188.76,73.32000000000001,-98.475,23.01,52.845,-105.3,-71.955,-84.825,22,362,-882,512
2025-09-01 23:46:08.176000,150.93,17.16,-148.98000000000002,-29.445,-5.46,-154.05,-125.97,-132.405,29,354,-873,384
2025-09-01 23:46:08.188714,101.595,-49.53,-223.47,-100.425,-80.535,-236.145,-195.39,-196.755,27,362,-879,512
2025-09-01 23:46:08.201429,149.175,55.77,-43.095,78.78,69.81,-62.010000000000005,31.200000000000003,-13.065,29,364,-886,448
2025-09-01 23:46:08.214143,122.07,17.16,-85.41,42.120000000000005,27.69,-106.86,-18.525,-59.085,29,364,-886,448
2025-09-01 23:46:08.226857,89.31,-20.085,-116.025,4.68,-5.8500000000000005,-116.61,-39.78,-67.08,27,362,-888,448
2025-09-01 23:46:08.239571,139.815,52.845,-14.04,94.575,78.39,-5.8500000000000005,59.865,24.18,29,362,-888,448
2025-09-01 23:46:08.252286,196.95,117.585,41.925,167.31,148.98000000000002,38.025,124.41,73.515,32,362,-888,448
2025-09-01 23:46:08.265000,238.095,174.13500000000002,100.62,223.47,205.53,90.87,189.54,127.53,32,365,-882,448
2025-09-01 23:46:08.274286,283.53000000000003,242.19,188.175,309.27000000000004,291.33,180.96,280.21500000000003,205.92,27,373,-878,448
2025-09-01 23:46:08.283571,126.75,48.945,7.215,104.715,69.61500000000001,-7.41,70.785,27.3,26,360,-876,448
2025-09-01 23:46:08.292857,100.23,7.215,-34.905,59.28,27.105,-57.915,30.03,-14.04,26,360,-876,448
2025-09-01 23:46:08.302143,66.105,-35.49,-70.005,24.57,-8.775,-83.655,-1.56,-32.76,25,361,-878,448
2025-09-01 23:46:08.311429,112.125,39.585,16.77,103.155,77.025,12.285,98.085,55.965,26,359,-879,448
2025-09-01 23:46:08.320714,152.685,105.69,78.39,171.6,143.91,69.42,157.365,101.205,26,362,-878,448
2025-09-01 23:46:08.330000,200.265,163.41,138.645,232.635,205.53,128.505,218.205,154.44,26,362,-878,448
2025-09-01 23:46:08.346286,249.6,232.83,221.715,311.415,285.09000000000003,231.075,293.08500000000004,228.54,17,360,-883,448
2025-09-01 23:46:08.362571,156.0,171.21,180.375,225.615,215.475,164.19,234.195,173.35500000000002,22,351,-880,448
2025-09-01 23:46:08.378857,184.665,206.115,219.18,268.125,257.205,205.92,269.88,210.405,22,351,-880,448
2025-09-01 23:46:08.395143,215.475,249.405,264.03000000000003,324.87,299.325,243.75,319.41,238.095,28,355,-888,512
2025-09-01 23:46:08.411429,158.145,176.28,169.65,234.78,202.215,155.025,218.01,154.05,22,357,-886,512
2025-09-01 23:46:08.427714,104.325,101.205,100.815,155.61,126.945,97.5,140.595,101.595,23,356,-885,448
2025-09-01 23:46:08.444000,39.585,23.595,50.505,71.37,53.43,40.17,84.045,54.015,23,356,-885,448
2025-09-01 23:46:08.452714,-18.525,-52.845,-27.495,-0.78,-19.5,-39.975,6.4350000000000005,-12.48,15,359,-888,448
2025-09-01 23:46:08.461429,-117.585,-61.620000000000005,78.19500000000001,23.79,-0.585,87.165,73.71000000000001,89.31,29,359,-886,448
2025-09-01 23:46:08.470143,-141.18,-102.375,41.34,-14.43,-41.925,48.36,35.49,54.21,29,359,-886,448
2025-09-01 23:46:08.478857,-174.525,-148.98000000000002,-8.58,-64.35000000000001,-87.94500000000001,10.335,3.9,33.345,25,360,-880,448
2025-09-01 23:46:08.487571,-133.38,-77.805,72.345,17.94,-9.36,101.205,97.5,106.08,27,359,-887,448
2025-09-01 23:46:08.496286,-93.795,-15.21,140.79,86.97,58.89,168.675,155.805,158.34,26,356,-888,448
2025-09-01 23:46:08.505000,-49.92,42.315000000000005,196.755,147.03,120.12,224.25,202.215,209.04,26,356,-888,384
2025-09-01 23:46:08.518000,-5.655,118.755,277.29,211.185,195.39,296.79,298.74,288.21000000000004,28,355,-882,512
2025-09-01 23:46:08.531000,-120.315,-62.010000000000005,69.42,16.185000000000002,-1.365,93.795,87.555,81.12,29,359,-885,384
2025-09-01 23:46:08.544000,-144.495,-91.26,20.865,-24.57,-36.27,34.125,45.24,41.535,29,359,-885,384
2025-09-01 23:46:08.557000,-190.125,-142.74,-27.69,-62.79,-88.92,-5.46,7.605,11.31,25,363,-893,448
2025-09-01 23:46:08.570000,-139.425,-74.88,53.43,6.4350000000000005,-5.46,88.72500000000001,89.7,93.015,30,360,-888,512
2025-09-01 23:46:08.583000,-85.8,-5.07,126.165,85.8,64.35000000000001,152.685,156.195,148.395,29,358,-885,448
2025-09-01 23:46:08.596000,-42.315000000000005,60.255,184.665,148.785,130.26,212.94,196.755,205.14,32,356,-883,384
2025-09-01 23:46:08.604571,7.0200000000000005,125.385,256.62,223.08,201.045,296.595,255.645,281.19,29,357,-884,512
2025-09-01 23:46:08.613143,-44.46,78.0,168.285,134.35500000000002,133.38,209.625,132.6,207.285,20,349,-875,448
2025-09-01 23:46:08.621714,-15.99,96.33,204.945,176.67000000000002,172.77,246.48,192.66,247.845,20,349,-875,448
2025-09-01 23:46:08.630286,25.935,149.37,267.735,233.22,228.54,285.87,323.7,255.255,13,348,-879,512
2025-09-01 23:46:08.638857,-23.595,87.165,198.705,154.44,148.785,212.16,225.03,212.55,21,343,-887,448
2025-09-01 23:46:08.647429,-69.22500000000001,20.475,142.155,90.48,84.435,153.465,154.63500000000002,157.17000000000002,29,344,-887,448
2025-09-01 23:46:08.656000,-121.485,-43.875,73.32000000000001,30.615,16.77,87.94500000000001,87.36,97.11,23,347,-885,512
2025-09-01 23:46:08.668714,-170.82,-112.905,-10.335,-53.625,-61.425,0.195,7.215,20.28,19,350,-878,384
2025-09-01 23:46:08.681429,-39.0,41.34,162.435,125.385,119.535,178.035,192.465,194.415,18,356,-882,384
2025-09-01 23:46:08.694143,-18.72,72.735,191.88,156.78,152.49,213.915,226.59,225.225,18,356,-882,384
2025-09-01 23:46:08.706857,22.425,138.255,248.04,216.45,207.09,263.055,274.95,257.985,17,351,-878,320
2025-09-01 23:46:08.719571,-18.135,68.44500000000001,179.4,140.985,132.015,188.37,191.1,189.93,17,353,-890,448
2025-09-01 23:46:08.732286,-65.325,12.87,115.245,75.66,72.15,120.9,126.165,136.11,13,361,-890,512
2025-09-01 23:46:08.745000,-110.955,-41.925,49.335,10.14,5.07,47.775,66.3,77.22,16,358,-889,448
2025-09-01 23:46:08.757571,-159.705,-113.1,-30.615,-79.95,-76.83,-34.125,-10.14,7.995,17,355,-880,448
2025-09-01 23:46:08.770143,-105.69,-85.215,16.77,-0.78,-24.57,-4.68,18.915,49.53,34,359,-889,384
2025-09-01 23:46:08.782714,-131.235,-116.61,-12.87,-40.755,-62.985,-32.76,-7.800000000000001,20.085,38,358,-886,448
2025-09-01 23:46:08.795286,-177.84,-175.5,-83.265,-107.835,-122.655,-93.99,-62.985,-31.785,38,358,-886,448
2025-09-01 23:46:08.807857,-143.13,-115.245,-19.5,-37.83,-51.285,-21.645,-67.275,47.775,27,362,-901,512
2025-09-01 23:46:08.820429,-98.865,-61.035,49.92,25.35,20.475,45.63,81.12,88.72500000000001,29,363,-891,448
2025-09-01 23:46:08.833000,-50.895,-0.78,125.775,89.31,75.66,107.445,161.655,156.0,35,361,-890,384
2025-09-01 23:46:08.846143,-1.755,70.785,198.315,159.315,152.49,189.93,222.885,232.83,36,363,-890,512
2025-09-01 23:46:08.859286,-17.355,14.235,133.57500000000002,96.915,92.04,103.935,137.28,160.68,38,357,-884,512
2025-09-01 23:46:08.872429,7.995,41.73,160.875,130.065,122.07,141.18,172.38,190.71,37,357,-884,512
2025-09-01 23:46:08.885571,47.190000000000005,102.765,222.495,199.485,185.25,193.635,232.83,235.56,37,357,-884,512
2025-09-01 23:46:08.898714,4.29,52.65,162.63,121.095,116.415,117.195,164.58,173.55,32,359,-892,384
2025-09-01 23:46:08.911857,-31.005000000000003,-6.63,98.085,65.52,53.625,49.14,90.48,114.075,32,360,-880,448
2025-09-01 23:46:08.925000,-80.925,-77.805,33.735,-8.19,-22.425,12.285,-60.84,73.905,38,356,-882,448
2025-09-01 23:46:08.937857,-122.265,-141.57,-41.925,-71.565,-90.09,-91.65,-21.45,-30.81,37,354,-884,448
2025-09-01 23:46:08.950714,-40.95,-91.065,4.29,-24.375,-38.22,-37.05,-85.41,33.93,14,353,-882,384
2025-09-01 23:46:08.963571,-59.67,-120.9,-33.15,-54.21,-73.125,-74.10000000000001,-70.2,-3.12,13,356,-885,512
2025-09-01 23:46:08.976429,-103.155,-183.105,-103.935,-116.415,-138.255,-141.765,-78.78,-72.345,13,356,-885,448
2025-09-01 23:46:08.989286,-74.10000000000001,-134.55,-39.195,-64.74000000000001,-76.05,-72.54,-30.81,6.4350000000000005,12,350,-887,384
2025-09-01 23:46:09.002143,-25.74,-77.805,25.74,2.73,-15.795,-8.97,31.395,63.18,12,350,-886,384
2025-09-01 23:46:09.015000,25.35,-19.695,96.135,72.735,48.945,62.985,98.28,125.19,14,349,-886,448
2025-09-01 23:46:09.023857,68.64,49.725,167.70000000000002,137.865,121.68,145.86,161.46,185.055,12,349,-884,448
2025-09-01 23:46:09.032714,-17.55,-92.625,6.045,-26.52,-49.14,-54.99,-3.705,47.58,15,349,-886,448
2025-09-01 23:46:09.041571,-44.265,-132.99,-29.64,-72.345,-82.68,-83.07000000000001,-31.395,-4.875,22,349,-884,384
2025-09-01 23:46:09.050429,-88.92,-189.93,-94.575,-127.14,-145.86,-141.18,-101.985,-62.985,19,347,-884,448
2025-09-01 23:46:09.059286,-53.43,-139.035,-48.36,-71.76,-88.53,-90.09,-54.405,2.535,17,349,-881,384
2025-09-01 23:46:09.068143,-12.285,-80.145,18.72,-8.385,-26.52,-20.67,17.355,57.915,17,349,-881,384
2025-09-01 23:46:09.077000,37.245000000000005,-12.48,93.405,53.04,39.975,51.675,80.73,116.61,16,347,-879,384
2025-09-01 23:46:09.089714,83.07000000000001,57.525,164.97,140.205,119.73,123.24,165.75,184.47,16,347,-877,384
2025-09-01 23:46:09.102429,75.075,3.315,100.815,78.97500000000001,72.54,55.77,87.165,104.91,34,356,-878,384
2025-09-01 23:46:09.115143,100.815,32.955,129.285,115.245,100.62,87.75,123.435,133.77,27,358,-876,448
2025-09-01 23:46:09.127857,140.01,98.085,200.46,175.11,156.585,148.98000000000002,189.345,183.69,27,359,-882,448
2025-09-01 23:46:09.140571,115.83,58.305,156.0,119.535,105.885,94.77,136.5,137.475,29,355,-879,448
2025-09-01 23:46:09.153286,70.005,-3.705,93.795,50.7,38.025,34.125,72.93,78.78,29,355,-879,448
2025-09-01 23:46:09.166000,21.06,-72.345,19.5,-11.7,-29.055,-31.98,-84.63000000000001,29.445,28,351,-869,384
2025-09-01 23:46:09.174571,-28.47,-136.305,-49.725,-82.29,-102.57,-110.37,-51.285,-70.98,28,352,-873,384
2025-09-01 23:46:09.183143,88.33500000000001,-10.92,99.06,71.37,56.55,53.82,84.63000000000001,94.575,20,366,-877,512
2025-09-01 23:46:09.191714,101.01,17.55,131.43,95.55,85.215,78.0,117.0,126.75,29,360,-892,448
2025-09-01 23:46:09.200286,150.345,87.165,191.49,168.285,153.07500000000002,140.01,182.325,176.28,28,361,-895,448
2025-09-01 23:46:09.208857,126.75,53.43,147.81,119.73,100.62,83.46000000000001,125.775,124.02,24,361,-893,384
2025-09-01 23:46:09.217429,88.92,-7.800000000000001,93.99,54.795,39.195,30.03,65.715,70.785,24,361,-893,384
2025-09-01 23:46:09.226000,36.66,-76.245,22.815,-13.845,-33.54,-49.92,-6.4350000000000005,5.8500000000000005,29,356,-897,384
2025-09-01 23:46:09.226167,-8.58,-137.28,-46.995000000000005,-102.18,-104.91,-113.49,-80.535,-53.235,26,358,-894,448
2025-09-01 23:46:09.226333,3.51,-83.07000000000001,-13.26,-32.565,-47.190000000000005,-79.17,-31.395,-21.84,29,357,-890,448
2025-09-01 23:46:09.226500,-20.475,-109.395,-43.68,-68.83500000000001,-79.17,-115.05,-61.815000000000005,-50.505,29,356,-881,448
2025-09-01 23:46:09.226667,-53.625,-170.235,-113.49,-130.845,-144.69,-183.495,-135.525,-106.86,27,355,-880,320
2025-09-01 23:46:09.226833,-33.15,-146.835,-71.37,-90.285,-103.545,-109.395,-86.775,-54.6,22,355,-878,512
2025-09-01 23:46:09.227000,3.51,-90.48,-15.795,-33.15,-45.24,-65.52,-26.130000000000003,-2.145,22,355,-878,512
2025-09-01 23:46:09.317000,56.16,-15.21,59.085,38.805,31.59,4.875,56.355,57.915,18,350,-873,448
2025-09-01 23:46:09.329286,106.47,51.09,128.31,110.955,101.205,74.295,124.215,128.31,19,352,-876,384
2025-09-01 23:46:09.341571,0.0,-76.635,-12.09,-40.95,-54.405,-64.935,-122.46,-6.4350000000000005,30,362,-880,384
2025-09-01 23:46:09.353857,-24.765,-107.25,-49.335,-78.97500000000001,-86.97,-97.5,-83.265,-61.035,31,359,-877,448
2025-09-01 23:46:09.366143,-60.255,-163.41,-117.195,-138.84,-149.955,-186.225,-114.075,-132.21,31,362,-876,512
2025-09-01 23:46:09.378429,-41.73,-150.54,-76.83,-107.055,-117.78,-128.505,-87.36,-67.47,32,360,-876,448
2025-09-01 23:46:09.390714,-3.9,-95.16,-14.82,-59.28,-58.89,-72.15,-26.325,-12.285,32,360,-876,448
2025-09-01 23:46:09.403000,59.085,-24.96,63.18,23.205,19.305,8.97,49.725,57.330000000000005,30,354,-877,384
2025-09-01 23:46:09.416286,91.065,43.095,132.79500000000002,109.005,84.63000000000001,77.415,123.24,114.465,21,357,-889,448
2025-09-01 23:46:09.429571,83.265,12.87,77.61,41.34,35.1,21.84,64.545,61.620000000000005,25,359,-881,448
2025-09-01 23:46:09.442857,107.055,52.260000000000005,108.225,80.34,69.61500000000001,56.940000000000005,90.09,94.38,25,359,-881,448
2025-09-01 23:46:09.456143,146.25,121.29,183.3,152.88,138.45000000000002,142.74,158.925,158.73000000000002,25,359,-881,384
2025-09-01 23:46:09.469429,141.96,100.815,151.71,122.265,101.01,84.24000000000001,121.68,112.32,24,356,-881,448
2025-09-01 23:46:09.482714,110.955,47.58,89.7,59.67,44.07,14.04,59.475,64.935,24,356,-881,448
2025-09-01 23:46:09.496000,59.475,-28.275,9.555,-15.405,-30.81,-60.84,-7.800000000000001,-0.39,25,352,-881,384
2025-09-01 23:46:09.504286,10.725,-86.58,-65.325,-81.12,-99.255,-132.21,-82.875,-87.555,23,352,-884,448
2025-09-01 23:46:09.512571,44.85,-33.735,-3.705,-35.295,-48.945,-74.685,-31.98,-20.475,25,357,-881,384
2025-09-01 23:46:09.520857,22.815,-65.52,-48.555,-61.23,-80.925,-108.42,-68.83500000000001,-52.65,25,357,-881,384
2025-09-01 23:46:09.529143,-17.55,-126.36,-112.32,-125.19,-145.86,-174.72,-214.11,-101.4,26,357,-883,448
2025-09-01 23:46:09.537429,-10.14,-114.855,-93.015,-107.64,-122.85,-142.155,-81.9,-98.475,25,356,-883,448
2025-09-01 23:46:09.545714,26.130000000000003,-60.84,-33.93,-53.43,-72.15,-82.29,-20.28,-31.200000000000003,23,357,-879,448
2025-09-01 23:46:09.554000,82.875,22.23,45.63,30.03,11.7,-9.36,46.215,35.88,23,357,-879,448
2025-09-01 23:46:09.554333,132.21,86.19,105.69,92.235,76.635,63.375,90.09,93.99,28,359,-885,384
2025-09-01 23:46:09.554667,108.42,44.265,69.03,48.945,31.98,9.555,41.73,41.535,26,359,-884,384
2025-09-01 23:46:09.555000,128.70000000000002,76.05,105.495,86.97,65.52,46.995000000000005,77.415,73.71000000000001,26,359,-884,384
2025-09-01 23:46:09.578000,164.19,131.82,172.57500000000002,143.13,127.725,117.975,152.29500000000002,139.62,28,360,-885,448
2025-09-01 23:46:09.601000,169.845,126.36,162.04500000000002,128.505,110.955,88.92,137.865,118.95,28,359,-884,512
2025-09-01 23:46:09.624000,127.53,81.705,96.135,66.105,54.405,26.715,73.71000000000001,35.1,26,359,-885,448
2025-09-01 23:46:09.647000,71.955,2.73,8.775,-13.65,-26.91,-47.190000000000005,-29.445,-24.57,26,359,-885,448
2025-09-01 23:46:09.655286,22.62,-75.465,-47.775,-79.75500000000001,-97.89,-116.025,-98.085,-76.83,28,354,-887,448
2025-09-01 23:46:09.663571,91.065,32.175000000000004,60.84,39.39,22.815,11.505,40.365,49.92,27,360,-886,448
2025-09-01 23:46:09.671857,111.93,63.18,98.67,71.175,54.6,54.015,72.345,85.02,27,360,-886,448
2025-09-01 23:46:09.680143,158.34,131.625,163.8,138.84,129.285,105.3,139.815,139.425,28,357,-879,384
2025-09-01 23:46:09.688429,169.065,132.015,150.345,132.79500000000002,111.93,81.9,112.515,99.06,27,360,-884,448
2025-09-01 23:46:09.696714,127.53,83.85000000000001,94.77,69.81,53.625,29.055,57.135000000000005,49.92,27,358,-886,448
2025-09-01 23:46:09.705000,65.325,2.73,15.21,-11.505,-31.785,-47.775,-21.84,-15.405,27,358,-886,448
2025-09-01 23:46:09.717857,13.65,-72.735,-54.99,-87.555,-108.42,-120.12,-86.19,-68.25,34,358,-884,384
2025-09-01 23:46:09.730714,82.875,-24.18,5.07,-19.11,-45.24,-61.425,-39.39,-24.765,28,363,-879,384
2025-09-01 23:46:09.743571,57.72,-57.330000000000005,-32.76,-54.795,-80.73,-98.67,-65.91,-64.935,28,363,-879,384
2025-09-01 23:46:09.756429,4.875,-116.415,-103.155,-127.14,-149.955,-159.315,-134.35500000000002,-144.3,24,363,-874,448
2025-09-01 23:46:09.769286,-12.87,-124.995,-105.885,-122.265,-143.91,-151.71,-149.37,-120.9,28,361,-880,448
2025-09-01 23:46:09.782143,18.915,-74.685,-49.14,-72.345,-85.41,-90.675,-88.33500000000001,-65.13,32,362,-883,384
2025-09-01 23:46:09.795000,83.655,7.995,39.975,10.92,-11.115,-2.9250000000000003,12.285,12.285,30,359,-881,448
2025-09-01 23:46:09.803714,133.38,69.22500000000001,117.195,78.58500000000001,62.79,68.83500000000001,84.045,78.39,32,360,-881,448
2025-09-01 23:46:09.812429,176.085,86.19,12.09,68.44500000000001,52.065000000000005,-61.23,34.515,-34.125,29,358,-885,448
2025-09-01 23:46:09.821143,203.385,121.29,41.925,105.3,90.09,-30.03,70.005,-1.365,29,358,-885,448
2025-09-01 23:46:09.829857,252.72,185.835,109.59,164.58,159.12,41.535,138.255,60.45,30,360,-885,448
2025-09-01 23:46:09.838571,262.47,193.83,121.875,180.375,157.365,41.73,133.965,37.635,27,359,-887,448
2025-09-01 23:46:09.847286,224.445,145.275,73.905,119.925,103.74,-13.65,77.61,-7.800000000000001,31,353,-887,448
2025-09-01 23:46:09.856000,168.87,70.2,-12.09,30.42,18.33,-104.13,-4.29,-66.105,30,357,-889,448
2025-09-01 23:46:09.868857,116.805,-1.95,-92.235,-38.22,-56.745000000000005,-174.72,-75.855,-162.63,25,357,-888,384
2025-09-01 23:46:09.881714,213.525,113.88,20.085,70.395,74.49000000000001,-59.475,54.015,-33.15,20,361,-887,448
2025-09-01 23:46:09.894571,239.07,147.615,57.915,109.395,111.93,-21.645,87.555,-1.95,20,361,-887,448
2025-09-01 23:46:09.907429,279.435,201.63,121.095,179.4,181.35,47.97,147.615,57.135000000000005,15,359,-886,448
2025-09-01 23:46:09.920286,288.99,214.89,141.96,187.59,179.985,48.945,152.685,64.74000000000001,18,358,-886,384
2025-09-01 23:46:09.933143,256.425,169.845,96.525,127.92,123.825,-2.145,105.69,16.965,17,357,-892,448
2025-09-01 23:46:09.946000,201.825,96.72,6.63,48.36,45.435,-92.625,18.72,-54.405,14,357,-886,384
2025-09-01 23:46:09.958857,146.25,15.405,-77.61,-28.47,-31.785,-162.04500000000002,-58.5,-151.71,15,359,-885,448
2025-09-01 23:46:09.971714,181.935,85.995,-18.72,26.130000000000003,23.79,-95.55,-0.585,-76.635,24,351,-881,448
2025-09-01 23:46:09.984571,160.485,57.72,-53.235,-12.48,-8.775,-132.99,-48.36,-117.585,25,355,-888,512
2025-09-01 23:46:09.997429,125.385,9.75,-110.175,-62.79,-67.665,-195.975,-102.57,-166.92000000000002,25,355,-888,512
2025-09-01 23:46:10.010286,108.42,-7.800000000000001,-125.385,-76.245,-75.27,-208.065,-92.625,-164.58,29,353,-877,448
2025-09-01 23:46:10.023143,148.59,44.265,-75.855,-21.84,-17.94,-155.415,-38.415,-124.995,28,351,-885,448
2025-09-01 23:46:10.036000,207.285,120.9,4.875,55.575,59.085,-62.400000000000006,-14.04,-35.88,27,355,-886,448
2025-09-01 23:46:10.049286,234.195,184.08,82.485,111.93,111.93,22.815,100.425,17.355,26,358,-885,448
2025-09-01 23:46:10.062571,166.92000000000002,110.37,1.365,45.435,33.735,-82.29,13.455,-54.015,25,358,-888,448
2025-09-01 23:46:10.075857,132.21,73.905,-38.61,5.265000000000001,-7.800000000000001,-113.685,-62.79,-80.34,25,359,-891,448
2025-09-01 23:46:10.089143,88.33500000000001,17.94,-97.695,-54.795,-70.2,-175.5,-138.45000000000002,-138.84,25,359,-891,448
2025-09-01 23:46:10.102429,63.18,-12.48,-128.895,-73.32000000000001,-85.8,-186.42,-75.66,-162.24,31,361,-892,448
2025-09-01 23:46:10.115714,95.355,29.835,-66.495,-27.3,-35.295,-129.09,-27.69,-95.55,34,364,-906,384
2025-09-01 23:46:10.129000,150.15,112.905,20.28,56.940000000000005,52.65,-41.34,55.38,-23.4,30,360,-896,448
2025-09-01 23:46:10.141286,210.795,181.935,95.94,140.01,120.51,28.86,130.26,41.925,31,359,-895,448
2025-09-01 23:46:10.153571,108.42,108.81,49.725,67.08,51.09,-6.825,61.620000000000005,23.595,27,354,-877,448
2025-09-01 23:46:10.165857,137.865,144.10500000000002,84.63000000000001,107.835,91.65,31.785,94.38,48.555,28,354,-877,448
2025-09-01 23:46:10.178143,179.595,199.875,131.625,164.58,148.005,91.455,152.685,74.88,28,354,-877,448
2025-09-01 23:46:10.190429,205.92,239.46,173.94,195.585,175.89,118.365,156.0,112.125,30,355,-879,384
2025-09-01 23:46:10.202714,165.165,187.98,123.435,128.505,109.395,63.375,113.685,67.275,29,352,-887,448
2025-09-01 23:46:10.215000,105.3,107.64,32.76,40.17,26.325,-17.55,26.52,-10.725,31,354,-880,384
2025-09-01 23:46:10.224286,56.16,28.47,-44.07,-29.055,-48.945,-93.015,-113.685,-58.89,29,358,-878,448
2025-09-01 23:46:10.233571,81.9,69.61500000000001,22.425,30.225,5.46,-31.98,5.655,-25.74,9,359,-881,384
2025-09-01 23:46:10.242857,54.405,34.32,-14.625,-19.89,-32.76,-69.22500000000001,-29.64,-51.675,6,351,-880,512
2025-09-01 23:46:10.252143,16.575,-8.385,-69.61500000000001,-79.95,-91.455,-120.51,-91.65,-104.715,6,351,-880,448
2025-09-01 23:46:10.261429,-17.745,-60.255,-109.005,-97.5,-117.975,-156.39,-102.765,-115.245,8,361,-880,448
2025-09-01 23:46:10.270714,16.575,-11.7,-65.13,-50.895,-74.685,-109.005,-62.400000000000006,-77.805,8,361,-880,448
2025-09-01 23:46:10.280000,78.58500000000001,66.3,24.375,34.515,13.845,-13.26,23.985,3.315,7,359,-879,320
2025-09-01 23:46:10.292000,134.35500000000002,138.06,108.81,112.125,91.26,61.815000000000005,100.815,71.955,13,359,-879,448
2025-09-01 23:46:10.304000,80.535,77.025,44.655,28.47,10.725,1.17,32.370000000000005,31.98,32,361,-884,448
2025-09-01 23:46:10.316000,105.495,112.515,82.68,68.25,48.555,38.415,72.735,44.265,38,359,-877,448
2025-09-01 23:46:10.328000,142.935,163.215,131.625,127.53,108.03,99.645,119.73,84.045,38,361,-883,384
2025-09-01 23:46:10.340000,177.645,209.625,182.13,157.95000000000002,141.765,136.305,138.45000000000002,121.485,37,361,-888,512
2025-09-01 23:46:10.352000,138.84,161.85,133.38,117.39,90.09,88.33500000000001,97.695,76.635,37,361,-888,512
2025-09-01 23:46:10.364000,70.005,80.145,44.265,21.45,1.56,-2.73,10.92,-1.17,32,364,-886,384
2025-09-01 23:46:10.373286,25.35,6.24,-34.515,-59.085,-75.855,-81.12,-71.175,-71.955,30,360,-884,512
2025-09-01 23:46:10.382571,63.57,69.42,36.27,31.785,-0.975,14.625,4.875,18.72,28,368,-880,384
2025-09-01 23:46:10.391857,90.09,108.81,78.0,67.86,35.49,51.285,43.29,50.505,31,362,-895,448
2025-09-01 23:46:10.401143,122.85,161.265,141.96,121.29,95.94,113.295,107.445,101.985,31,362,-894,448
2025-09-01 23:46:10.410429,168.09,206.895,187.98,170.625,142.74,147.615,148.98000000000002,130.65,28,363,-889,384
2025-09-01 23:46:10.419714,130.65,158.73000000000002,138.645,111.735,85.215,103.35,94.185,86.19,28,363,-889,384
2025-09-01 23:46:10.429000,70.785,82.485,63.375,23.985,5.655,13.26,13.845,11.505,32,365,-885,512
2025-09-01 23:46:10.430000,22.23,-4.485,-27.495,-46.41,-71.955,-65.325,-67.275,-60.645,31,365,-887,448
2025-09-01 23:46:10.444333,18.915,27.69,16.77,-17.16,-33.345,-15.795,-24.765,-25.545,16,355,-875,448
2025-09-01 23:46:10.458667,-16.38,-8.385,-14.625,-46.215,-70.98,-53.625,-62.205000000000005,-57.72,22,357,-889,512
2025-09-01 23:46:10.473000,-62.79,-64.155,-63.765,-116.61,-125.58,-101.595,-125.385,-111.735,22,355,-887,448
2025-09-01 23:46:10.487333,-89.11500000000001,-115.44,-126.555,-159.315,-174.72,-157.17000000000002,-166.335,-144.495,23,355,-885,448
2025-09-01 23:46:10.501667,-59.67,-76.44,-84.63000000000001,-110.565,-120.12,-107.25,-115.44,-99.645,23,355,-885,448
2025-09-01 23:46:10.516000,-2.9250000000000003,4.68,8.775,-19.11,-31.200000000000003,-14.82,-25.935,-14.235,23,353,-900,448
2025-09-01 23:46:10.525286,46.02,78.97500000000001,96.525,58.11,39.0,64.155,63.375,66.105,25,356,-892,512
2025-09-01 23:46:10.534571,-3.51,25.935,33.93,-11.7,-33.735,-6.4350000000000005,-12.285,3.705,20,353,-877,448
2025-09-01 23:46:10.543857,-31.98,-17.55,-5.655,-53.82,-74.685,-49.92,-48.945,-37.245000000000005,18,357,-877,448
2025-09-01 23:46:10.553143,-64.74000000000001,-67.47,-63.18,-103.545,-128.70000000000002,-93.405,-111.345,-111.15,27,358,-880,448
2025-09-01 23:46:10.562429,-101.01,-117.975,-123.825,-156.585,-180.765,-141.57,-178.815,-135.915,25,358,-880,448
2025-09-01 23:46:10.571714,-76.44,-79.17,-81.315,-110.565,-131.04,-102.375,-125.385,-94.185,25,358,-880,448
2025-09-01 23:46:10.581000,-23.595,0.0,-1.17,-27.885,-51.285,-15.6,-38.61,-23.205,23,358,-893,448
2025-09-01 23:46:10.593143,23.205,69.61500000000001,81.12,48.75,22.035,64.155,43.875,50.31,22,357,-889,512
2025-09-01 23:46:10.605286,-15.015,9.555,31.59,-13.065,-29.055,21.45,-1.95,7.605,33,355,-875,448
2025-09-01 23:46:10.617429,11.505,55.575,74.10000000000001,22.23,4.68,62.985,40.95,50.505,29,355,-880,448
2025-09-01 23:46:10.629571,42.120000000000005,102.375,126.36,63.765,56.16,115.245,90.675,95.55,31,359,-881,448
2025-09-01 23:46:10.641714,86.775,159.51000000000002,183.69,142.935,119.925,168.48000000000002,135.135,126.945,31,359,-886,448
2025-09-01 23:46:10.653857,61.815000000000005,118.17,141.375,99.255,76.245,121.68,86.97,85.995,31,359,-886,448
2025-09-01 23:46:10.666000,12.09,41.925,59.865,10.14,-11.7,45.63,2.34,14.04,38,357,-891,448
2025-09-01 23:46:10.668000,-58.695,-39.0,-24.96,-77.22,-98.67,-42.315000000000005,-78.97500000000001,-55.185,32,353,-885,512
2025-09-01 23:46:10.668500,-2.34,-1.17,15.6,-13.65,-28.86,16.77,-24.57,-3.9,33,348,-882,512
2025-09-01 23:46:10.669000,22.23,37.44,57.72,29.64,15.99,48.945,21.255,27.3,33,348,-882,512
2025-09-01 23:46:10.690500,58.695,87.94500000000001,108.225,84.825,64.74000000000001,105.69,73.32000000000001,77.22,35,352,-885,448
2025-09-01 23:46:10.712000,105.105,152.49,184.275,149.565,123.045,169.26000000000002,125.97,123.825,37,351,-885,448
2025-09-01 23:46:10.733500,85.8,124.605,143.91,104.52,82.095,123.24,83.85000000000001,85.41,37,351,-885,448
2025-09-01 23:46:10.755000,24.375,52.065000000000005,58.305,19.89,6.24,38.22,-0.78,7.41,42,353,-882,448
2025-09-01 23:46:10.767857,-37.635,-47.190000000000005,-28.86,-63.96,-86.775,-40.755,-83.85000000000001,-58.305,31,351,-868,448
2025-09-01 23:46:10.780714,-49.92,1.56,35.88,-44.85,-49.335,34.32,-23.01,3.9,21,360,-881,448
2025-09-01 23:46:10.793571,-75.855,-31.59,-15.99,-80.145,-81.51,-16.575,-70.98,-39.39,21,360,-881,448
2025-09-01 23:46:10.806429,-77.415,-69.22500000000001,-86.97,-99.645,-116.22,-100.815,-143.13,-110.955,20,356,-883,512
2025-09-01 23:46:10.819286,-137.475,-150.15,-146.055,-174.13500000000002,-188.76,-152.29500000000002,-184.47,-145.08,21,357,-879,448
2025-09-01 23:46:10.832143,-127.335,-119.34,-107.25,-140.985,-152.88,-102.375,-148.20000000000002,-97.5,20,358,-882,448
2025-09-01 23:46:10.845000,-76.05,-44.655,-33.15,-65.715,-70.005,-17.55,-80.73,-26.91,20,358,-882,448
2025-09-01 23:46:10.853714,-30.81,23.985,62.985,12.675,4.875,70.005,9.75,45.63,19,357,-866,448
2025-09-01 23:46:10.862429,-129.285,-50.115,-17.745,-81.705,-73.125,0.0,-61.035,-6.24,26,356,-889,448
2025-09-01 23:46:10.871143,-92.235,-0.975,24.375,-34.71,-30.42,34.71,-12.675,23.205,26,356,-889,448
2025-09-01 23:46:10.879857,-48.945,46.995000000000005,70.395,31.005000000000003,38.22,88.33500000000001,33.735,52.260000000000005,24,360,-882,448
2025-09-01 23:46:10.888571,-0.39,112.125,146.25,93.405,95.16,162.04500000000002,5.655,137.28,22,360,-882,384
2025-09-01 23:46:10.897286,-22.815,83.46000000000001,113.685,55.38,62.400000000000006,118.95,51.675,73.32000000000001,24,356,-885,320
2025-09-01 23:46:10.906000,-72.15,5.655,31.395,-20.085,-21.45,34.125,-10.14,-6.63,24,356,-885,320
2025-09-01 23:46:10.918714,-134.35500000000002,-88.14,-48.945,-113.88,-109.005,-44.655,-112.905,-62.400000000000006,29,350,-894,448
2025-09-01 23:46:10.931429,-103.35,-30.03,23.79,-40.56,-45.825,8.775,-43.095,-20.475,20,353,-885,384
2025-09-01 23:46:10.944143,-127.14,-69.03,-29.64,-78.97500000000001,-82.875,-34.515,-87.94500000000001,-62.010000000000005,20,353,-885,384
2025-09-01 23:46:10.956857,-161.07,-120.315,-80.73,-138.255,-138.06,-72.93,-141.96,-107.055,31,351,-882,384
2025-09-01 23:46:10.969571,-223.275,-192.075,-152.685,-206.895,-211.185,-150.93,-199.68,-157.755,26,354,-884,320
2025-09-01 23:46:10.982286,-204.165,-163.215,-131.235,-169.26000000000002,-170.43,-130.26,-160.875,-127.53,23,354,-887,448
2025-09-01 23:46:10.995000,-147.615,-92.235,-46.41,-95.55,-94.185,-46.605,-89.31,-57.135000000000005,23,354,-887,512
2025-09-01 23:46:11.003571,-82.095,-3.705,51.870000000000005,-7.605,-4.68,53.43,7.0200000000000005,25.74,24,357,-881,384
2025-09-01 23:46:11.012143,-88.92,21.84,28.86,-23.205,-20.67,17.16,-30.225,-15.6,18,357,-884,384
2025-09-01 23:46:11.020714,-120.315,-20.28,-19.11,-65.325,-70.395,-28.275,-72.735,-51.48,18,357,-884,384
2025-09-01 23:46:11.029286,-156.195,-73.905,-70.005,-124.995,-120.12,-85.02,-121.68,-93.6,15,354,-881,448
2025-09-01 23:46:11.037857,-204.555,-145.86,-142.35,-195.0,-189.93,-147.225,-192.855,-150.15,18,355,-878,384
2025-09-01 23:46:11.046429,-186.03,-114.27,-119.535,-164.97,-160.485,-119.73,-155.22,-120.9,17,357,-876,448
2025-09-01 23:46:11.055000,-139.815,-44.85,-41.145,-85.995,-80.145,-28.08,-79.36500000000001,-47.190000000000005,20,358,-881,384
2025-09-01 23:46:11.072286,-79.95,39.0,64.35000000000001,-0.39,6.825,73.905,15.405,37.83,20,356,-882,448
2025-09-01 23:46:11.089571,-124.02,-24.57,-3.315,-64.935,-48.555,-6.24,-39.0,-10.335,22,357,-888,448
2025-09-01 23:46:11.106857,-90.285,16.77,46.41,-15.21,-0.78,46.215,10.14,26.130000000000003,22,357,-888,448
2025-09-01 23:46:11.124143,-49.92,70.785,99.45,41.73,52.260000000000005,102.18,59.085,71.955,18,355,-885,448
2025-09-01 23:46:11.141429,9.75,151.32,177.645,122.265,135.525,166.335,131.82,131.625,17,352,-896,384
2025-09-01 23:46:11.158714,-0.78,125.775,149.955,103.545,110.37,132.405,94.38,93.6,15,355,-897,384
2025-09-01 23:46:11.176000,-50.7,54.99,73.515,15.99,22.815,52.065000000000005,19.11,27.69,20,356,-892,384
2025-09-01 23:46:11.188857,-122.265,-36.27,-23.79,-83.07000000000001,-69.81,-34.125,-81.9,-54.6,22,358,-890,448
2025-09-01 23:46:11.201714,-61.815000000000005,31.59,42.51,-6.825,1.755,19.695,-1.365,3.12,26,348,-883,448
2025-09-01 23:46:11.214571,-98.28,-22.815,-7.995,-48.36,-41.145,-30.42,-47.58,-34.125,26,348,-883,448
2025-09-01 23:46:11.227429,-130.455,-84.825,-64.155,-93.6,-87.94500000000001,-82.485,-104.91,-77.61,27,349,-877,448
2025-09-01 23:46:11.240286,-183.105,-156.39,-135.135,-179.205,-168.09,-149.175,-174.72,-138.645,23,359,-885,448
2025-09-01 23:46:11.253143,-171.015,-147.81,-113.295,-151.905,-147.615,-118.17,-141.375,-108.81,25,365,-886,384
2025-09-01 23:46:11.266000,-120.12,-77.61,-36.27,-79.95,-68.055,-41.535,-64.545,-29.445,25,360,-882,448
2025-09-01 23:46:11.274429,-49.53,14.82,58.695,15.015,29.055,57.72,21.06,41.535,24,357,-883,448
2025-09-01 23:46:11.282857,-97.695,-46.8,-8.97,-51.675,-37.05,-18.135,-27.3,-10.53,22,357,-886,512
2025-09-01 23:46:11.291286,-63.375,2.73,37.05,0.39,7.800000000000001,25.74,9.945,33.15,24,354,-888,448
2025-09-01 23:46:11.299714,-31.395,58.695,99.255,44.85,63.765,85.605,63.96,82.29,24,354,-888,448
2025-09-01 23:46:11.308143,26.52,134.94,184.08,133.77,148.005,169.065,148.785,146.835,26,349,-891,448
2025-09-01 23:46:11.316571,26.325,122.46,170.82,116.22,127.92,149.76,119.925,119.34,29,352,-888,448
2025-09-01 23:46:11.325000,-25.545,50.31,98.085,40.95,45.24,71.37,50.895,51.870000000000005,27,354,-885,448
2025-09-01 23:46:11.327000,-85.605,-45.825,-4.485,-63.375,-48.36,-30.615,-50.31,-34.905,26,356,-882,384
2025-09-01 23:46:11.341833,-28.275,24.18,58.695,15.405,28.86,39.39,14.625,11.895,26,350,-888,512
2025-09-01 23:46:11.356667,-63.765,-21.06,5.265000000000001,-36.075,-19.89,-10.14,-32.76,-24.765,23,349,-889,512
2025-09-01 23:46:11.371500,-92.04,-78.19500000000001,-49.92,-100.815,-74.10000000000001,-63.18,-88.14,-77.61,23,349,-889,512
2025-09-01 23:46:11.386333,-153.85500000000002,-149.175,-132.015,-169.845,-160.485,-144.885,-166.725,-142.35,22,356,-872,448
2025-09-01 23:46:11.401167,-159.12,-148.98000000000002,-120.9,-161.46,-147.81,-123.045,-141.375,-117.39,18,352,-875,448
2025-09-01 23:46:11.416000,-114.27,-75.855,-40.56,-84.24000000000001,-70.59,-46.02,-70.785,-45.63,19,349,-879,448
2025-09-01 23:46:11.424714,-41.925,6.045,61.23,3.315,20.865,65.13,28.47,41.925,20,351,-883,448
2025-09-01 23:46:11.433429,-19.11,28.86,56.745000000000005,23.205,31.98,41.34,10.725,25.545,27,352,-881,448
2025-09-01 23:46:11.442143,-56.940000000000005,-22.23,5.07,-38.415,-20.67,-7.0200000000000005,-33.15,-22.62,26,354,-885,512
2025-09-01 23:46:11.450857,-95.55,-70.785,-53.82,-93.21,-77.22,-65.715,-87.36,-70.98,26,354,-885,512
2025-09-01 23:46:11.459571,-154.44,-148.005,-139.035,-171.015,-155.025,-147.81,-171.99,-145.47,33,351,-883,384
2025-09-01 23:46:11.468286,-151.515,-147.615,-130.065,-162.82500000000002,-145.275,-125.775,-157.95000000000002,-115.44,32,355,-889,448
2025-09-01 23:46:11.477000,-109.785,-87.165,-51.285,-83.655,-73.32000000000001,-48.165,-71.76,-42.315000000000005,29,358,-888,512
2025-09-01 23:46:11.489571,-38.415,4.68,45.63,14.82,27.69,57.525,23.595,38.61,28,354,-884,384
2025-09-01 23:46:11.502143,-134.745,-93.405,-7.995,-55.38,-64.935,22.62,-29.64,17.94,27,352,-879,384
2025-09-01 23:46:11.514714,-105.495,-51.675,48.555,-14.43,-17.745,74.10000000000001,24.375,64.35000000000001,34,355,-889,448
2025-09-01 23:46:11.527286,-60.255,11.505,105.885,53.04,37.635,130.26,84.045,115.245,29,357,-882,384
2025-09-01 23:46:11.539857,-4.485,89.11500000000001,186.81,129.675,119.34,211.185,155.61,186.615,25,360,-880,384
2025-09-01 23:46:11.552429,-3.705,89.895,187.59,125.19,110.175,201.24,146.64,171.99,25,360,-880,384
2025-09-01 23:46:11.565000,-45.825,25.935,119.535,50.895,40.56,125.385,69.42,104.715,25,358,-883,512
2025-09-01 23:46:11.577714,-119.34,-72.15,9.75,-65.91,-56.745000000000005,21.255,-32.565,11.7,25,355,-882,384
2025-09-01 23:46:11.590429,-81.12,-54.015,-20.28,-65.52,-62.79,11.895,-40.365,11.115,28,357,-885,384
2025-09-01 23:46:11.603143,-43.095,-3.12,32.175000000000004,-10.14,-7.605,56.940000000000005,11.7,48.555,26,356,-878,448
2025-09-01 23:46:11.615857,-0.585,56.16,85.995,41.73,48.75,108.42,62.010000000000005,96.915,27,355,-881,384
2025-09-01 23:46:11.628571,55.185,123.63,178.035,124.215,122.265,202.8,155.805,177.84,25,354,-881,320
2025-09-01 23:46:11.641286,55.185,124.605,178.23000000000002,120.315,113.88,192.075,150.15,159.315,25,354,-881,320
2025-09-01 23:46:11.654000,10.14,58.305,109.98,45.24,42.705,122.07,66.105,98.28,30,357,-883,448
2025-09-01 23:46:11.666714,-68.25,-37.05,10.53,-60.06,-62.595,22.035,-25.935,13.65,31,354,-883,448
2025-09-01 23:46:11.679429,0.195,42.705,74.88,23.4,26.91,78.78,71.175,55.575,24,344,-881,448
2025-09-01 23:46:11.692143,-36.075,-3.51,25.74,-39.78,-26.52,25.935,8.775,24.96,24,347,-878,384
2025-09-01 23:46:11.704857,-78.19500000000001,-56.16,-33.735,-90.09,-80.145,-28.08,-51.48,-28.86,23,351,-876,384
2025-09-01 23:46:11.717571,-134.16,-128.31,-122.655,-168.48000000000002,-160.29,-109.395,-141.18,-100.815,24,348,-878,448
2025-09-01 23:46:11.730286,-146.445,-140.595,-125.97,-164.775,-163.215,-107.055,-133.77,-90.87,24,348,-878,448
2025-09-01 23:46:11.743000,-98.67,-82.095,-57.330000000000005,-100.035,-91.455,-34.32,-61.815000000000005,-27.885,24,354,-879,448
2025-09-01 23:46:11.751857,-31.59,25.935,39.0,-1.755,10.335,62.400000000000006,26.130000000000003,49.53,25,352,-882,384
2025-09-01 23:46:11.760714,-74.685,-44.46,-31.59,-73.905,-63.765,-21.255,-35.1,-19.89,23,357,-886,384
2025-09-01 23:46:11.769571,-37.245000000000005,11.505,24.57,-18.135,-3.315,34.125,-26.52,26.130000000000003,21,360,-879,448
2025-09-01 23:46:11.778429,7.605,70.59,75.27,43.875,52.845,90.48,12.675,82.29,25,361,-881,448
2025-09-01 23:46:11.787286,70.98,148.98000000000002,165.555,126.945,140.79,172.965,171.405,132.015,29,361,-885,384
2025-09-01 23:46:11.796143,73.125,154.63500000000002,184.08,135.33,139.815,178.815,157.95000000000002,144.885,29,361,-885,384
2025-09-01 23:46:11.805000,19.89,91.845,115.635,47.190000000000005,64.545,116.415,85.41,82.29,30,366,-889,448
2025-09-01 23:46:11.818000,-45.825,-4.29,-1.365,-50.31,-36.075,-1.17,-19.11,-15.015,27,366,-885,448
2025-09-01 23:46:11.831000,9.75,81.9,81.12,41.145,46.41,71.955,45.435,49.53,22,366,-890,384
2025-09-01 23:46:11.844000,-30.81,28.86,21.06,-22.815,-9.75,20.28,-13.455,3.315,30,362,-894,448
2025-09-01 23:46:11.857000,-78.39,-34.71,-40.755,-87.165,-71.175,-44.85,-145.47,-35.49,30,363,-891,448
2025-09-01 23:46:11.870000,-127.335,-105.495,-123.045,-154.63500000000002,-145.86,-136.695,-139.035,-125.385,27,364,-890,512
2025-09-01 23:46:11.883000,-135.525,-134.16,-140.985,-165.36,-162.04500000000002,-135.33,-134.55,-128.115,27,364,-890,512
2025-09-01 23:46:11.896000,-99.06,-70.59,-61.23,-106.08,-92.43,-65.52,-71.76,-46.605,24,357,-885,384
2025-09-01 23:46:11.904429,-14.82,34.32,36.075,-0.78,16.185000000000002,33.345,24.18,34.515,20,357,-894,448
2025-09-01 23:46:11.912857,32.370000000000005,81.705,83.85000000000001,54.405,59.475,63.18,40.365,47.97,26,359,-884,448
2025-09-01 23:46:11.921286,-7.215,24.375,25.155,-4.29,-0.195,12.675,-4.29,3.9,26,359,-884,448
2025-09-01 23:46:11.929714,-47.97,-36.27,-33.735,-81.51,-63.57,-46.215,-68.64,-46.215,26,355,-884,448
2025-09-01 23:46:11.938143,-96.135,-106.86,-112.125,-145.47,-138.84,-127.14,-147.42000000000002,-115.44,25,358,-885,448
2025-09-01 23:46:11.946571,-120.12,-131.625,-136.5,-163.995,-149.565,-133.38,-154.05,-120.51,25,358,-885,448
2025-09-01 23:46:11.955000,-81.51,-72.54,-69.22500000000001,-101.985,-87.36,-69.22500000000001,-88.53,-59.865,27,356,-889,512
2025-09-01 23:46:11.967857,-16.575,26.715,31.200000000000003,-2.34,14.04,26.325,13.065,27.885,30,352,-885,512
2025-09-01 23:46:11.980714,-88.92,-56.940000000000005,-69.22500000000001,-82.095,-76.83,-86.97,-54.6,-46.8,31,351,-879,448
2025-09-01 23:46:11.993571,-49.14,-19.5,-4.875,-57.525,-32.955,-20.67,17.745,21.45,31,351,-879,448
2025-09-01 23:46:12.006429,-88.92,34.515,6.045,-90.87,-1.755,-3.51,-51.675,-68.44500000000001,27,349,-879,448
2025-09-01 23:46:12.019286,-76.05,84.63000000000001,126.75,92.82,87.165,122.265,145.275,133.965,28,348,-876,384
2025-09-01 23:46:12.032143,86.97,127.725,170.235,136.89,117.195,138.84,164.19,134.94,27,349,-878,448
2025-09-01 23:46:12.045000,-50.7,53.04,57.72,-17.55,27.495,37.05,-13.65,-21.255,27,349,-878,448
2025-09-01 23:46:12.045167,-172.185,-46.215,-79.75500000000001,-144.69,-93.21,-102.765,-112.515,-103.35,34,346,-879,512
2025-09-01 23:46:12.045333,-296.985,-180.765,-270.46500000000003,-413.01,-281.58,-234.585,-417.885,-300.69,30,367,-890,512
2025-09-01 23:46:12.045500,-341.83500000000004,-241.41,-319.605,-479.115,-344.76,-288.21000000000004,-467.415,-344.76,30,367,-890,512
2025-09-01 23:46:12.045667,-382.2,-299.71500000000003,-384.93,-530.595,-400.92,-358.8,-560.04,-391.755,32,363,-890,512
2025-09-01 23:46:12.045833,-421.59,-366.99,-464.1,-597.285,-475.02,-433.485,-634.335,-465.465,31,365,-894,384
2025-09-01 23:46:12.046000,-445.575,-392.925,-488.865,-625.755,-499.005,-448.89,-598.26,-493.545,29,364,-892,448
2025-09-01 23:46:12.108000,-397.8,-332.67,-423.345,-561.6,-425.88,-382.785,-535.86,-411.06,29,364,-892,448
2025-09-01 23:46:12.120571,-326.235,-232.44,-322.14,-467.415,-330.135,-267.735,-445.38,-325.26,31,360,-893,384
2025-09-01 23:46:12.133143,-114.66,-94.77,-117.195,-213.135,-133.965,-78.0,-222.3,-114.855,23,364,-884,448
2025-09-01 23:46:12.145714,-150.93,-147.81,-169.26000000000002,-270.46500000000003,-185.835,-137.67000000000002,-284.505,-164.97,23,364,-884,448
2025-09-01 23:46:12.158286,-173.35500000000002,-200.85,-237.315,-316.875,-237.315,-199.29,-344.175,-222.885,24,355,-882,384
2025-09-01 23:46:12.170857,-216.645,-265.005,-311.02500000000003,-391.95,-309.27000000000004,-276.12,-412.035,-287.82,25,358,-886,448
2025-09-01 23:46:12.183429,-241.41,-301.86,-338.91,-410.475,-333.84000000000003,-292.5,-418.47,-287.82,28,361,-882,448
2025-09-01 23:46:12.196000,-214.11,-249.21,-270.66,-351.78000000000003,-270.46500000000003,-217.23,-349.44,-220.74,28,361,-882,448
2025-09-01 23:46:12.208857,-140.595,-143.52,-158.535,-241.215,-154.245,-102.765,-238.875,-128.31,29,357,-872,448
2025-09-01 23:46:12.221714,-67.08,-40.95,-74.685,-81.9,-60.255,-38.415,-92.235,-28.47,26,360,-887,512
2025-09-01 23:46:12.234571,-26.52,4.68,-9.75,-32.955,-1.56,36.465,-28.275,30.615,26,360,-887,512
2025-09-01 23:46:12.247429,26.325,72.345,64.935,25.74,60.255,99.84,43.875,89.11500000000001,22,364,-899,512
2025-09-01 23:46:12.260286,68.83500000000001,136.695,141.96,119.34,141.375,177.84,133.185,165.36,23,362,-894,448
2025-09-01 23:46:12.273143,101.985,177.645,183.495,163.41,173.35500000000002,214.89,160.095,181.74,24,361,-888,448
2025-09-01 23:46:12.286000,64.545,129.87,118.365,101.595,126.945,146.64,100.035,126.75,25,361,-887,448
2025-09-01 23:46:12.298429,1.17,36.465,16.185000000000002,2.9250000000000003,26.715,35.295,0.585,31.785,22,363,-885,448
2025-09-01 23:46:12.310857,113.295,173.16,183.495,180.18,183.69,180.765,182.13,177.645,23,357,-883,384
2025-09-01 23:46:12.323286,69.22500000000001,118.17,128.31,124.41,125.385,125.385,122.265,126.945,23,357,-883,384
2025-09-01 23:46:12.335714,25.935,52.260000000000005,59.475,46.02,55.575,58.11,67.08,71.37,30,356,-886,448
2025-09-01 23:46:12.348143,-13.845,-15.015,-9.36,-13.065,-17.55,-16.965,-3.12,2.145,27,353,-885,448
2025-09-01 23:46:12.360571,-49.725,-53.43,-51.675,-48.165,-48.36,-45.045,-41.535,-22.23,30,349,-884,512
2025-09-01 23:46:12.373000,-24.765,-9.165,-1.56,1.17,4.68,10.92,19.11,37.44,26,353,-887,448
2025-09-01 23:46:12.385857,56.355,91.65,102.96,119.34,108.42,114.27,122.655,121.29,25,353,-886,448
2025-09-01 23:46:12.398714,26.130000000000003,43.485,9.555,48.165,54.99,17.94,53.625,25.935,24,360,-883,448
2025-09-01 23:46:12.411571,63.57,101.4,62.985,101.985,107.25,69.03,115.05,75.075,24,360,-883,448
2025-09-01 23:46:12.424429,110.175,161.85,125.97,158.34,167.115,133.965,177.06,130.065,13,360,-873,448
2025-09-01 23:46:12.437286,158.34,227.37,204.165,226.98,241.8,202.215,251.55,198.12,20,358,-878,448
2025-09-01 23:46:12.450143,195.585,279.24,246.675,271.83,283.14,241.8,286.455,228.93,23,360,-890,448
2025-09-01 23:46:12.463000,177.45000000000002,236.535,199.095,210.21,225.03,185.835,228.15,172.57500000000002,24,357,-887,448
2025-09-01 23:46:12.476286,102.375,142.54500000000002,85.995,120.9,128.31,67.275,119.34,72.345,21,359,-882,512
2025-09-01 23:46:12.489571,33.345,53.82,-4.095,36.66,51.675,-11.505,28.47,3.705,23,362,-881,384
2025-09-01 23:46:12.502857,61.23,112.125,56.940000000000005,98.67,108.42,45.435,123.63,43.29,23,362,-881,448
2025-09-01 23:46:12.516143,119.535,175.89,128.70000000000002,162.435,175.305,115.44,176.28,117.0,18,356,-884,448
2025-09-01 23:46:12.529429,168.09,229.71,203.385,234.78,241.995,188.175,245.505,185.25,21,359,-901,448
2025-09-01 23:46:12.542714,206.505,277.095,250.77,281.77500000000003,286.26,225.615,285.675,215.28,27,359,-893,384
2025-09-01 23:46:12.556000,180.96,237.9,201.24,233.805,235.17,174.33,226.59,164.19,26,359,-886,448
2025-09-01 23:46:12.572857,110.37,138.645,96.915,126.75,132.21,69.03,127.725,69.61500000000001,26,361,-888,512
2025-09-01 23:46:12.589714,156.0,197.34,156.78,201.63,195.39,145.665,181.935,120.51,23,361,-889,384
2025-09-01 23:46:12.606571,112.125,141.765,93.015,134.35500000000002,138.645,85.41,129.285,67.08,25,360,-886,448
2025-09-01 23:46:12.623429,61.035,69.22500000000001,19.11,59.085,66.885,15.21,57.525,5.07,25,360,-886,448
2025-09-01 23:46:12.640286,9.945,-5.655,-49.725,-15.405,-7.800000000000001,-55.575,-23.79,-52.65,23,360,-880,448
2025-09-01 23:46:12.657143,-30.42,-55.38,-85.215,-57.330000000000005,-50.7,-82.875,-59.085,-77.61,19,355,-873,384
2025-09-01 23:46:12.674000,-3.705,-18.915,-48.75,-11.7,-12.285,-43.485,-3.51,-30.615,20,357,-876,384
2025-09-01 23:46:12.687857,76.44,78.78,53.235,93.6,101.01,56.745000000000005,98.865,59.865,21,356,-879,512
2025-09-01 23:46:12.701714,141.57,142.35,125.775,179.4,179.985,132.79500000000002,162.82500000000002,107.835,23,352,-889,384
2025-09-01 23:46:12.715571,105.3,87.555,69.42,117.195,120.705,78.39,103.35,51.48,25,350,-884,448
2025-09-01 23:46:12.729429,51.870000000000005,18.72,-1.95,41.535,43.29,-1.17,28.86,-7.995,25,350,-884,448
2025-09-01 23:46:12.743286,-1.95,-51.48,-80.535,-29.835,-19.89,-80.73,-42.120000000000005,-71.37,25,354,-894,512
2025-09-01 23:46:12.757143,-35.295,-100.815,-131.43,-77.61,-73.125,-122.07,-89.7,-113.685,28,348,-880,448
2025-09-01 23:46:12.771000,-22.035,-65.715,-98.67,-40.755,-40.17,-81.9,-50.505,-65.91,27,350,-882,384
2025-09-01 23:46:12.778857,46.605,30.225,-2.73,62.010000000000005,71.76,15.015,40.95,9.945,28,351,-884,384
2025-09-01 23:46:12.786714,132.79500000000002,132.015,100.035,152.29500000000002,160.29,109.005,149.76,89.50500000000001,24,351,-875,384
2025-09-01 23:46:12.794571,93.99,68.25,48.945,89.11500000000001,101.595,53.04,87.36,41.73,21,350,-881,448
2025-09-01 23:46:12.802429,46.215,-0.585,-26.715,13.845,31.200000000000003,-23.985,18.72,-17.16,21,350,-881,448
2025-09-01 23:46:12.810286,-3.12,-69.22500000000001,-97.5,-58.89,-45.825,-87.75,-66.69,-86.19,21,350,-880,384
2025-09-01 23:46:12.818143,-42.315000000000005,-112.32,-143.32500000000002,-99.255,-85.995,-135.135,-106.08,-123.045,23,350,-880,384
2025-09-01 23:46:12.826000,-24.765,-90.48,-107.835,-69.03,-51.48,-93.99,-61.23,-76.44,24,349,-883,448
2025-09-01 23:46:12.838714,49.335,5.265000000000001,-15.99,33.93,39.975,8.97,44.655,14.235,28,352,-882,384
2025-09-01 23:46:12.851429,-8.97,-80.925,-106.275,-49.53,-35.88,-74.685,-131.04,-58.305,23,351,-884,512
2025-09-01 23:46:12.864143,26.52,-33.15,-56.55,0.78,17.745,-19.695,-19.695,-20.67,18,349,-880,448
2025-09-01 23:46:12.876857,79.36500000000001,39.0,24.57,75.465,93.21,47.97,97.11,32.565,20,349,-881,448
2025-09-01 23:46:12.889571,129.48000000000002,108.42,100.815,135.915,156.78,125.97,155.415,109.2,25,348,-880,448
2025-09-01 23:46:12.902286,162.82500000000002,156.39,151.125,187.2,209.235,174.72,202.605,153.465,25,348,-880,448
2025-09-01 23:46:12.915000,145.47,136.5,125.19,166.14,178.23000000000002,140.79,166.335,110.76,25,351,-881,448
2025-09-01 23:46:12.915250,78.97500000000001,36.465,20.085,54.795,67.08,26.130000000000003,52.845,18.525,28,351,-883,448
2025-09-01 23:46:12.915500,-34.515,-103.155,-109.2,-57.330000000000005,-56.940000000000005,-88.14,-46.215,-84.825,30,351,-884,384
2025-09-01 23:46:12.915750,7.215,-49.14,-56.55,-1.95,-1.17,-28.08,1.365,-25.74,24,356,-881,448
2025-09-01 23:46:12.916000,65.715,30.42,24.96,73.32000000000001,78.97500000000001,55.38,66.885,33.735,26,356,-882,512
2025-09-01 23:46:12.945333,109.98,96.525,89.31,141.57,144.885,116.22,140.595,100.035,24,353,-881,448
2025-09-01 23:46:12.974667,140.595,149.37,146.445,192.075,197.73,168.285,189.735,145.47,24,353,-881,448
2025-09-01 23:46:13.004000,130.455,137.67000000000002,134.55,163.41,168.48000000000002,150.15,153.465,117.78,27,355,-878,512
2025-09-01 23:46:13.017000,62.010000000000005,31.200000000000003,21.06,63.57,68.44500000000001,27.3,51.09,19.11,29,353,-880,384
2025-09-01 23:46:13.030000,122.655,109.59,92.82,131.235,140.985,113.1,123.24,87.36,19,350,-885,512
2025-09-01 23:46:13.043000,92.82,59.67,41.34,76.83,86.58,64.155,71.955,39.78,27,352,-884,448
2025-09-01 23:46:13.056000,31.005000000000003,-16.965,-25.545,11.115,11.115,1.755,0.585,-19.11,26,351,-882,448
2025-09-01 23:46:13.069000,-7.605,-81.51,-99.255,-54.405,-56.745000000000005,-85.41,-70.59,-88.33500000000001,22,351,-885,448
2025-09-01 23:46:13.082000,-49.92,-134.16,-150.15,-108.225,-115.05,-134.35500000000002,-125.97,-130.845,22,351,-885,448
2025-09-01 23:46:13.095000,-54.015,-125.97,-139.035,-93.405,-96.72,-104.52,-94.38,-97.11,25,357,-888,512
2025-09-01 23:46:13.112143,18.915,-34.125,-35.685,7.0200000000000005,8.97,7.800000000000001,13.26,-5.8500000000000005,26,355,-886,448
2025-09-01 23:46:13.129286,-38.22,-107.055,-115.83,-76.635,-78.58500000000001,-79.17,-165.945,-68.64,22,350,-883,512
2025-09-01 23:46:13.146429,-2.145,-55.965,-70.59,-28.08,-23.4,-34.905,-60.645,-29.835,18,353,-890,448
2025-09-01 23:46:13.163571,61.620000000000005,17.94,12.285,49.92,58.89,48.75,77.61,19.11,21,353,-890,448
2025-09-01 23:46:13.180714,95.55,74.88,94.965,114.855,119.145,131.235,134.745,104.13,21,353,-885,448
2025-09-01 23:46:13.197857,133.965,129.87,135.135,176.475,175.89,165.945,177.84,142.54500000000002,21,353,-885,448
2025-09-01 23:46:13.215000,142.935,132.21,116.61,164.19,162.24,144.885,150.15,109.785,22,360,-888,512
2025-09-01 23:46:13.224429,76.05,29.835,26.52,56.55,55.77,54.795,47.385000000000005,23.595,23,358,-885,512
2025-09-01 23:46:13.233857,129.48000000000002,135.915,99.645,133.77,129.285,120.9,119.535,92.235,22,363,-887,448
2025-09-01 23:46:13.243286,89.50500000000001,88.92,46.02,81.315,72.93,67.86,63.57,38.22,22,363,-891,448
2025-09-01 23:46:13.252714,29.64,16.965,-28.86,2.145,-6.4350000000000005,-11.895,-11.7,-26.130000000000003,25,362,-890,448
2025-09-01 23:46:13.262143,-18.33,-44.85,-103.935,-70.785,-71.175,-88.53,-78.58500000000001,-85.215,23,363,-888,384
2025-09-01 23:46:13.271571,-57.135000000000005,-94.38,-154.245,-120.51,-125.775,-138.645,-130.455,-130.26,23,363,-888,384
2025-09-01 23:46:13.281000,-54.99,-102.375,-148.20000000000002,-111.345,-117.78,-110.37,-114.66,-106.665,27,362,-899,448
2025-09-01 23:46:13.281400,5.655,-1.755,-50.505,-9.945,-15.6,-11.895,-10.335,-9.945,20,364,-881,512
2025-09-01 23:46:13.281800,120.51,134.55,103.35,133.965,122.07,127.335,116.22,101.4,34,358,-885,448
2025-09-01 23:46:13.282200,85.215,96.33,46.8,79.75500000000001,78.58500000000001,69.81,57.525,54.015,34,358,-885,448
2025-09-01 23:46:13.282600,30.03,7.0200000000000005,-34.125,1.365,2.73,-7.0200000000000005,-20.67,-11.31,32,361,-883,512
2025-09-01 23:46:13.283000,-13.65,-58.5,-102.18,-61.815000000000005,-70.395,-77.61,-92.82,-76.83,31,360,-884,448
2025-09-01 23:46:13.324500,-53.625,-112.125,-152.685,-120.51,-127.725,-127.53,-140.01,-119.73,31,360,-884,448
2025-09-01 23:46:13.366000,-64.935,-116.22,-153.07500000000002,-119.34,-123.63,-118.95,-120.705,-106.665,28,358,-889,448
2025-09-01 23:46:13.378714,4.485,-17.16,-64.35000000000001,-18.135,-18.72,-11.7,-72.93,-10.14,29,355,-885,512
2025-09-01 23:46:13.391429,117.195,129.285,111.735,128.70000000000002,122.265,117.39,121.29,93.6,23,351,-881,448
2025-09-01 23:46:13.404143,78.39,79.56,66.105,80.145,70.98,71.37,71.955,49.92,23,351,-881,448
2025-09-01 23:46:13.416857,16.77,1.755,-11.7,5.07,-4.875,-3.705,3.51,-14.625,20,352,-877,512
2025-09-01 23:46:13.429571,-21.45,-63.96,-80.145,-83.46000000000001,-86.385,-70.59,-71.955,-71.37,23,352,-878,448
2025-09-01 23:46:13.442286,-60.45,-107.64,-136.11,-124.215,-135.72,-126.555,-129.285,-124.605,21,351,-883,448
2025-09-01 23:46:13.455000,-67.86,-108.03,-150.345,-122.85,-128.70000000000002,-128.895,-129.48000000000002,-113.685,21,351,-883,448
2025-09-01 23:46:13.467714,-5.265000000000001,-35.1,-54.795,-14.04,-26.91,-33.345,-28.47,-30.615,21,344,-867,448
2025-09-01 23:46:13.480429,-66.495,-110.175,-132.015,-107.445,-122.265,-119.535,-87.36,-117.39,29,360,-886,384
2025-09-01 23:46:13.493143,-33.345,-66.885,-81.705,-66.69,-68.25,-65.52,-49.53,-56.940000000000005,29,360,-886,384
2025-09-01 23:46:13.505857,29.835,18.72,2.34,26.325,13.65,18.135,32.955,17.16,26,363,-882,512
2025-09-01 23:46:13.518571,75.075,75.27,73.515,100.425,88.92,83.07000000000001,100.035,79.56,29,363,-886,448
2025-09-01 23:46:13.531286,114.075,119.535,123.825,158.73000000000002,145.665,138.645,155.805,125.385,29,361,-889,448
2025-09-01 23:46:13.544000,136.5,149.955,139.23000000000002,168.48000000000002,151.32,141.57,151.905,117.39,29,361,-889,448
2025-09-01 23:46:13.552857,69.61500000000001,62.010000000000005,39.78,61.815000000000005,54.21,46.215,48.75,35.1,21,360,-878,448
2025-09-01 23:46:13.561714,-68.44500000000001,-112.125,-128.895,-102.96,-117.195,-114.27,-88.14,-124.605,27,357,-886,448
2025-09-01 23:46:13.570571,-38.415,-68.055,-78.0,-60.06,-68.64,-68.25,-43.29,-64.35000000000001,27,357,-886,448
2025-09-01 23:46:13.579429,18.135,20.085,11.505,23.79,20.475,18.33,27.69,18.33,18,357,-890,384
2025-09-01 23:46:13.588286,73.905,81.705,78.39,93.405,88.33500000000001,95.94,98.28,79.75500000000001,20,352,-885,512
2025-09-01 23:46:13.597143,112.32,125.19,130.65,149.175,141.96,142.54500000000002,149.37,120.12,24,354,-886,448
2025-09-01 23:46:13.606000,128.70000000000002,156.585,141.18,159.315,148.005,141.18,144.3,112.125,24,354,-886,448
2025-09-01 23:46:13.618571,63.18,67.47,47.58,61.23,48.36,48.36,46.02,26.130000000000003,20,352,-889,384
2025-09-01 23:46:13.631143,102.375,129.87,122.85,133.57500000000002,128.70000000000002,126.165,128.31,98.865,21,356,-884,384
2025-09-01 23:46:13.643714,75.66,82.68,75.075,86.58,77.805,80.73,75.27,54.795,21,356,-884,384
2025-09-01 23:46:13.656286,13.455,8.775,-9.555,8.385,0.585,-15.6,-11.31,-16.575,16,353,-890,512
2025-09-01 23:46:13.668857,-33.15,-60.255,-80.34,-69.61500000000001,-78.39,-74.685,-80.145,-79.36500000000001,17,355,-885,448
2025-09-01 23:46:13.681429,-69.61500000000001,-107.64,-133.185,-118.17,-129.48000000000002,-129.675,-126.75,-126.165,20,353,-886,384
2025-09-01 23:46:13.694000,-86.97,-138.45000000000002,-153.66,-137.085,-146.835,-141.18,-138.84,-131.43,18,357,-882,448
2025-09-01 23:46:13.703000,-26.52,-49.92,-64.935,-48.165,-46.41,-46.02,-50.31,-44.46,18,359,-880,448
2025-09-01 23:46:13.712000,100.815,111.93,116.415,131.43,119.73,126.75,73.32000000000001,106.275,25,359,-878,448
2025-09-01 23:46:13.721000,66.3,72.54,68.25,81.315,69.22500000000001,76.83,88.33500000000001,36.465,25,359,-878,448
2025-09-01 23:46:13.730000,6.825,-2.145,-15.99,0.39,-12.09,-7.605,12.675,-16.575,20,354,-883,512
2025-09-01 23:46:13.739000,-47.190000000000005,-73.515,-80.925,-71.37,-84.825,-73.71000000000001,-70.98,-76.44,19,362,-889,448
2025-09-01 23:46:13.748000,-73.515,-110.76,-133.185,-113.685,-133.57500000000002,-129.87,-124.215,-127.725,23,365,-889,512
2025-09-01 23:46:13.757000,-86.58,-136.5,-159.12,-139.23000000000002,-146.25,-145.275,-138.645,-131.235,22,364,-886,448
2025-09-01 23:46:13.769571,-31.785,-52.65,-65.52,-51.675,-55.38,-48.945,-50.7,-47.385000000000005,27,362,-886,448
2025-09-01 23:46:13.782143,-74.49000000000001,-129.285,-143.715,-136.89,-135.135,-133.185,-113.49,-124.8,25,356,-888,448
2025-09-01 23:46:13.794714,-33.735,-81.9,-85.8,-87.75,-86.97,-79.75500000000001,-65.13,-69.42,25,356,-888,448
2025-09-01 23:46:13.807286,33.735,-7.0200000000000005,-5.265000000000001,-1.365,-5.655,1.755,16.185000000000002,-3.51,28,357,-883,384
2025-09-01 23:46:13.819857,78.97500000000001,63.18,67.86,69.42,63.765,78.78,88.33500000000001,61.815000000000005,29,363,-887,384
2025-09-01 23:46:13.832429,114.27,99.06,112.125,112.905,112.71,120.315,132.79500000000002,103.545,27,362,-889,448
2025-09-01 23:46:13.845000,140.01,136.5,148.785,144.10500000000002,140.595,146.055,154.44,119.34,27,363,-887,384
2025-09-01 23:46:13.853571,82.29,57.135000000000005,57.915,55.575,51.675,51.09,54.405,31.98,25,364,-888,448
2025-09-01 23:46:13.862143,120.315,118.95,127.335,128.115,120.315,121.095,123.825,94.185,24,351,-880,448
2025-09-01 23:46:13.870714,94.575,75.465,77.025,85.02,70.59,73.71000000000001,71.37,49.725,21,351,-883,448
2025-09-01 23:46:13.879286,28.86,-7.995,-4.68,-7.995,-16.965,-9.165,-14.82,-21.84,21,351,-883,448
2025-09-01 23:46:13.887857,-19.305,-75.075,-82.095,-79.95,-86.385,-81.9,-82.68,-83.85000000000001,19,349,-893,448
2025-09-01 23:46:13.896429,-49.335,-118.755,-124.8,-126.75,-139.425,-132.015,-129.675,-127.53,21,352,-893,448
2025-09-01 23:46:13.905000,-70.59,-153.85500000000002,-161.265,-155.22,-158.535,-156.78,-162.24,-145.665,21,354,-886,384
2025-09-01 23:46:13.917857,-11.7,-74.685,-77.805,-70.59,-73.905,-67.08,-69.22500000000001,-66.69,22,348,-883,448
2025-09-01 23:46:13.930714,-211.965,-232.05,-134.745,-198.9,-212.55,-93.015,-177.84,-92.43,25,349,-882,448
2025-09-01 23:46:13.943571,-188.37,-195.585,-83.265,-159.51000000000002,-166.725,-41.925,-132.99,-49.725,26,350,-882,448
2025-09-01 23:46:13.956429,-123.435,-111.54,0.78,-61.035,-74.295,36.855,-43.095,23.4,26,350,-882,448
2025-09-01 23:46:13.969286,-83.655,-43.29,80.34,-4.29,-13.845,120.315,34.125,96.72,32,350,-893,512
2025-09-01 23:46:13.982143,-58.5,-1.95,115.83,34.905,21.06,162.63,73.905,133.965,32,356,-887,512
2025-09-01 23:46:13.995000,-36.465,38.415,172.185,73.32000000000001,61.035,202.995,116.61,170.235,29,355,-887,448
2025-09-01 23:46:14.007857,-90.48,-39.585,87.555,-7.41,-24.96,115.245,27.105,89.31,28,356,-888,448
2025-09-01 23:46:14.020714,-220.74,-217.425,-113.685,-191.685,-201.825,-76.83,-153.07500000000002,-56.940000000000005,23,360,-878,448
2025-09-01 23:46:14.033571,-192.27,-172.965,-67.08,-142.935,-157.17000000000002,-21.84,-106.86,-15.21,27,355,-880,384
2025-09-01 23:46:14.046429,-141.96,-107.835,20.865,-63.18,-72.735,63.18,-17.745,56.355,27,355,-880,384
2025-09-01 23:46:14.059286,-81.51,-26.91,101.4,15.795,-0.78,144.885,-20.67,138.645,28,359,-877,448
2025-09-01 23:46:14.072143,-56.16,9.165,140.985,55.77,46.215,188.37,60.06,173.94,28,362,-866,448
2025-09-01 23:46:14.085000,-25.74,61.035,192.27,101.4,93.21,229.125,170.235,176.475,29,359,-878,320
2025-09-01 23:46:14.097714,-68.25,-15.405,114.075,27.105,4.68,133.185,66.3,116.61,28,363,-882,448
2025-09-01 23:46:14.110429,8.385,79.36500000000001,194.61,116.22,101.985,210.795,153.465,171.6,27,355,-884,448
2025-09-01 23:46:14.123143,-19.695,34.515,148.20000000000002,63.96,55.38,157.95000000000002,103.155,131.43,25,361,-890,448
2025-09-01 23:46:14.135857,-65.715,-36.075,52.260000000000005,4.485,-20.085,60.645,15.015,45.825,22,356,-887,512
2025-09-01 23:46:14.148571,-117.975,-113.295,-29.055,-70.785,-100.425,-18.915,-60.06,-15.015,22,354,-885,384
2025-09-01 23:46:14.161286,-141.765,-154.05,-69.22500000000001,-117.195,-142.35,-68.83500000000001,-107.445,-57.915,22,354,-885,384
2025-09-01 23:46:14.174000,-182.91,-203.58,-109.005,-168.87,-182.715,-98.28,-140.595,-79.36500000000001,22,357,-882,448
2025-09-01 23:46:14.187000,-122.655,-133.77,-25.74,-86.385,-100.425,-5.265000000000001,-48.945,0.0,21,352,-885,448
2025-09-01 23:46:14.200000,-152.49,-159.9,-115.05,-133.185,-145.08,-107.055,-132.6,-93.795,26,356,-883,384
2025-09-01 23:46:14.213000,-121.29,-117.975,-70.785,-87.75,-95.94,-60.255,-77.61,-50.7,33,361,-886,384
2025-09-01 23:46:14.226000,-71.37,-49.335,26.130000000000003,2.145,-14.625,34.515,15.21,39.78,28,359,-884,448
2025-09-01 23:46:14.239000,-9.945,25.74,98.085,77.805,65.325,107.055,84.24000000000001,93.795,26,361,-885,384
2025-09-01 23:46:14.252000,12.87,65.325,135.135,121.68,104.715,143.52,120.12,134.16,26,361,-885,384
2025-09-01 23:46:14.265000,49.335,117.975,190.32,170.625,153.85500000000002,195.195,168.87,172.38,31,363,-889,448
2025-09-01 23:46:14.274000,12.09,53.82,118.95,94.185,77.22,117.78,93.405,96.135,27,359,-887,512
2025-09-01 23:46:14.283000,50.7,119.73,181.545,149.955,144.69,180.96,144.10500000000002,145.08,33,360,-879,448
2025-09-01 23:46:14.292000,19.11,73.32000000000001,139.62,107.25,97.11,133.57500000000002,100.425,104.13,27,365,-876,512
2025-09-01 23:46:14.301000,-34.905,-7.215,49.53,16.77,10.53,39.78,20.475,29.055,25,362,-881,384
2025-09-01 23:46:14.310000,-86.19,-78.78,-31.98,-52.065000000000005,-59.475,-34.905,-94.965,-37.245000000000005,26,359,-880,448
2025-09-01 23:46:14.319000,-120.9,-122.655,-72.345,-102.765,-103.155,-72.54,-174.915,-62.205000000000005,26,359,-880,448
2025-09-01 23:46:14.328000,-165.555,-170.43,-128.31,-151.71,-152.685,-124.605,-127.92,-129.675,26,366,-878,512
2025-09-01 23:46:14.341143,-117.39,-103.155,-52.260000000000005,-67.86,-74.88,-49.335,-52.065000000000005,-36.855,23,367,-882,384
2025-09-01 23:46:14.354286,44.655,121.485,176.865,151.71,144.10500000000002,177.06,155.025,139.425,28,367,-876,448
2025-09-01 23:46:14.367429,16.965,80.535,134.94,107.64,99.45,122.46,105.69,99.45,32,359,-866,448
2025-09-01 23:46:14.380571,-33.54,7.0200000000000005,42.51,31.785,22.035,25.935,15.405,12.09,29,360,-875,448
2025-09-01 23:46:14.393714,-95.16,-78.39,-36.855,-59.865,-60.645,-48.945,-54.99,-51.285,33,359,-878,384
2025-09-01 23:46:14.406857,-112.905,-114.465,-79.56,-93.99,-92.625,-90.675,-100.23,-87.94500000000001,33,359,-878,384
2025-09-01 23:46:14.420000,-156.0,-168.48000000000002,-140.205,-140.79,-143.32500000000002,-149.76,-149.37,-132.015,31,358,-872,512
2025-09-01 23:46:14.420167,-111.54,-109.395,-67.86,-71.175,-69.61500000000001,-64.935,-67.86,-59.67,32,358,-878,448
2025-09-01 23:46:14.420333,-164.97,-162.63,-139.035,-128.895,-132.79500000000002,-143.32500000000002,-139.425,-128.70000000000002,27,364,-869,448
2025-09-01 23:46:14.420500,-135.72,-124.8,-98.475,-91.65,-85.41,-105.69,-94.77,-84.825,28,366,-871,448
2025-09-01 23:46:14.420667,-82.485,-43.875,-18.135,-6.63,-7.215,-15.795,-9.165,-15.6,29,368,-875,448
2025-09-01 23:46:14.420833,-27.69,34.905,68.44500000000001,71.955,76.83,58.89,67.86,53.43,30,367,-878,448
2025-09-01 23:46:14.421000,-1.17,68.64,104.91,108.03,111.15,106.47,105.69,101.4,30,367,-878,448
2025-09-01 23:46:14.478000,40.365,127.92,167.115,170.43,163.41,162.63,166.725,135.525,25,367,-894,448
2025-09-01 23:46:14.478250,0.585,72.345,102.57,99.06,96.33,87.94500000000001,94.38,70.59,32,361,-893,384
2025-09-01 23:46:14.478500,55.965,126.555,154.63500000000002,176.28,170.04,150.15,130.65,118.17,22,361,-884,448
2025-09-01 23:46:14.478750,24.57,86.19,118.95,132.99,120.51,114.66,137.28,68.055,22,361,-884,448
2025-09-01 23:46:14.479000,-41.73,-5.07,49.335,39.195,34.32,36.075,48.555,13.845,23,364,-882,448
2025-09-01 23:46:14.508000,-93.795,-74.685,-51.48,-31.200000000000003,-47.97,-70.59,-52.260000000000005,-59.475,24,361,-884,448
2025-09-01 23:46:14.537000,-118.365,-113.88,-87.165,-81.12,-88.33500000000001,-106.47,-95.355,-98.28,24,361,-884,448
2025-09-01 23:46:14.566000,-167.115,-175.11,-145.665,-137.865,-146.055,-168.48000000000002,-151.71,-147.81,21,362,-886,448
2025-09-01 23:46:14.574714,-135.135,-121.875,-86.775,-85.41,-83.85000000000001,-94.38,-72.93,-80.73,24,362,-895,512
2025-09-01 23:46:14.583429,29.25,103.35,164.97,170.625,165.165,157.365,159.9,128.505,27,361,-882,512
2025-09-01 23:46:14.592143,3.705,72.345,124.605,130.455,124.215,110.955,115.44,87.555,27,361,-882,512
2025-09-01 23:46:14.600857,-50.31,2.145,39.39,52.065000000000005,44.265,12.675,31.98,5.8500000000000005,26,361,-880,448
2025-09-01 23:46:14.609571,-112.71,-85.215,-53.04,-42.9,-40.17,-63.375,-55.965,-68.25,29,359,-878,384
2025-09-01 23:46:14.618286,-135.72,-117.78,-88.92,-70.785,-75.855,-102.765,-90.285,-93.99,28,359,-878,448
2025-09-01 23:46:14.627000,-179.79,-176.475,-153.07500000000002,-138.255,-134.94,-166.335,-169.26000000000002,-141.765,28,359,-878,448
2025-09-01 23:46:14.639714,-138.06,-137.28,-96.72,-75.66,-74.10000000000001,-102.96,-117.0,-73.32000000000001,19,358,-880,448
2025-09-01 23:46:14.652429,-192.66,-194.22,-162.435,-140.205,-137.865,-173.55,-146.25,-130.65,25,358,-878,512
2025-09-01 23:46:14.665143,-172.965,-166.725,-120.51,-101.985,-100.035,-123.63,-94.575,-89.31,25,358,-878,512
2025-09-01 23:46:14.677857,-116.61,-84.045,-38.61,-15.99,-15.6,-39.78,-19.89,-21.45,30,351,-874,448
2025-09-01 23:46:14.690571,-49.725,4.68,35.49,83.46000000000001,75.27,32.565,59.865,38.22,30,354,-878,384
2025-09-01 23:46:14.703286,-31.98,40.755,73.905,111.345,106.665,69.42,97.89,76.245,26,358,-879,448
2025-09-01 23:46:14.716000,20.085,109.395,143.715,179.79,180.96,134.94,159.12,125.385,26,358,-879,448
2025-09-01 23:46:14.728571,-9.75,57.330000000000005,96.72,118.95,111.345,72.345,96.525,66.105,29,356,-879,448
2025-09-01 23:46:14.741143,-200.46,-192.27,-155.415,-141.765,-145.275,-165.945,-152.29500000000002,-145.08,29,365,-886,512
2025-09-01 23:46:14.753714,-180.57,-157.365,-124.41,-100.035,-107.055,-140.985,-105.495,-111.54,29,365,-886,512
2025-09-01 23:46:14.766286,-118.95,-77.61,-44.46,-21.255,-22.035,-63.375,-19.5,-36.465,38,371,-896,448
2025-09-01 23:46:14.778857,-46.995000000000005,9.945,36.075,75.855,75.27,16.38,60.06,32.76,28,370,-891,448
2025-09-01 23:46:14.791429,-29.25,35.88,77.025,103.35,103.74,63.57,92.04,65.91,28,368,-888,448
2025-09-01 23:46:14.804000,11.505,97.695,148.005,169.845,165.555,134.55,153.465,122.265,28,368,-888,448
2025-09-01 23:46:14.817000,-13.455,59.865,101.985,117.39,109.59,73.515,99.45,71.76,32,366,-889,512
2025-09-01 23:46:14.830000,19.695,97.11,143.52,167.895,157.17000000000002,132.405,157.755,121.485,21,361,-881,384
2025-09-01 23:46:14.843000,-3.12,64.545,113.685,119.73,116.025,93.015,129.09,91.065,21,361,-881,384
2025-09-01 23:46:14.856000,-52.845,-1.95,28.86,61.23,44.46,4.68,34.32,2.34,25,354,-880,448
2025-09-01 23:46:14.869000,-121.875,-86.775,-63.96,-31.59,-43.29,-82.29,-53.04,-68.64,26,360,-884,448
2025-09-01 23:46:14.882000,-151.32,-119.925,-101.985,-78.39,-85.02,-116.805,-143.32500000000002,-94.965,27,362,-886,512
2025-09-01 23:46:14.895000,-197.73,-189.54,-173.55,-142.155,-151.515,-181.545,-185.055,-152.685,25,362,-885,448
2025-09-01 23:46:14.903429,-172.38,-154.63500000000002,-115.635,-98.475,-104.91,-115.635,-72.93,-104.52,26,364,-885,384
2025-09-01 23:46:14.911857,-195.585,-193.44,-169.455,-161.655,-159.51000000000002,-195.975,-163.02,-168.48000000000002,29,361,-882,448
2025-09-01 23:46:14.920286,-186.225,-163.215,-142.74,-133.185,-125.19,-156.78,-130.65,-133.185,29,361,-882,448
2025-09-01 23:46:14.928714,-139.425,-97.305,-54.6,-50.7,-47.97,-61.425,-41.925,-57.135000000000005,23,362,-879,384
2025-09-01 23:46:14.937143,-80.535,-16.575,32.175000000000004,38.805,39.975,10.725,43.29,7.41,25,368,-885,512
2025-09-01 23:46:14.945571,-49.14,24.375,60.645,75.075,78.39,47.385000000000005,73.32000000000001,42.120000000000005,28,367,-882,448
2025-09-01 23:46:14.954000,-0.78,87.165,126.36,144.3,145.275,104.52,143.13,101.985,27,363,-883,448
2025-09-01 23:46:14.971714,-11.895,66.885,88.53,111.735,109.005,54.21,86.775,49.53,31,357,-880,320
2025-09-01 23:46:14.989429,26.325,117.975,141.57,137.865,140.79,121.095,149.37,109.005,27,357,-881,448
2025-09-01 23:46:15.007143,12.285,93.99,114.66,104.715,111.15,83.46000000000001,116.22,84.24000000000001,27,357,-881,448
2025-09-01 23:46:15.024857,-42.51,26.52,28.47,41.73,45.24,-0.195,29.25,7.0200000000000005,24,358,-885,448
2025-09-01 23:46:15.042571,-107.055,-67.47,-60.255,-46.995000000000005,-50.115,-87.555,-51.48,-64.935,17,362,-880,448
2025-09-01 23:46:15.060286,-143.91,-109.98,-94.575,-86.385,-93.405,-124.8,-106.47,-86.58,19,361,-878,448
2025-09-01 23:46:15.078000,-178.425,-171.21,-169.65,-158.73000000000002,-159.315,-181.935,-220.935,-142.935,21,366,-883,448
2025-09-01 23:46:15.090286,-154.63500000000002,-138.255,-140.4,-109.395,-105.69,-149.565,-89.11500000000001,-125.385,24,366,-883,384
2025-09-01 23:46:15.102571,29.055,103.155,130.65,150.735,155.22,114.66,148.98000000000002,108.615,25,361,-886,512
2025-09-01 23:46:15.114857,20.475,83.07000000000001,107.445,130.65,127.14,77.025,119.145,77.805,24,361,-895,384
2025-09-01 23:46:15.127143,-38.415,10.92,39.0,46.215,50.505,5.07,45.045,15.21,24,361,-895,384
2025-09-01 23:46:15.139429,-102.96,-85.8,-58.89,-44.46,-49.92,-80.145,-54.015,-59.67,22,356,-882,512
2025-09-01 23:46:15.151714,-127.725,-120.51,-94.77,-92.04,-84.825,-113.49,-93.21,-92.04,24,351,-875,448
2025-09-01 23:46:15.164000,-173.55,-182.91,-163.215,-154.44,-153.85500000000002,-186.03,-160.68,-155.22,24,353,-876,512
2025-09-01 23:46:15.177000,-159.9,-161.46,-134.16,-121.485,-112.515,-138.45000000000002,-112.905,-109.785,23,357,-878,384
2025-09-01 23:46:15.190000,-128.505,-177.645,-186.225,-160.485,-161.46,-193.44,-169.26000000000002,-163.41,28,366,-879,448
2025-09-01 23:46:15.203000,-109.59,-158.535,-165.75,-135.72,-138.45000000000002,-157.365,-144.10500000000002,-137.085,25,366,-878,448
2025-09-01 23:46:15.216000,-61.23,-89.7,-83.655,-56.745000000000005,-54.405,-71.37,-55.38,-57.915,25,366,-878,448
2025-09-01 23:46:15.229000,6.24,-3.51,6.63,36.66,36.66,5.655,37.83,13.065,19,364,-868,448
2025-09-01 23:46:15.242000,33.15,35.295,42.315000000000005,82.29,84.045,48.165,54.99,44.46,25,362,-858,512
2025-09-01 23:46:15.255000,70.395,98.67,112.515,143.91,141.57,120.315,68.055,123.24,25,362,-871,448
2025-09-01 23:46:15.268143,73.905,82.875,89.31,122.46,108.615,81.9,131.04,50.505,25,368,-874,384
2025-09-01 23:46:15.281286,-58.89,-182.52,-178.62,-163.215,-163.215,-182.52,-159.315,-151.71,33,370,-884,384
2025-09-01 23:46:15.294429,-48.75,-170.82,-161.07,-137.865,-137.475,-159.705,-139.035,-124.995,28,367,-883,384
2025-09-01 23:46:15.307571,5.07,-107.445,-82.68,-61.815000000000005,-60.84,-81.12,-62.205000000000005,-59.67,28,367,-883,384
2025-09-01 23:46:15.320714,69.03,-12.285,11.115,35.88,33.345,10.335,38.025,19.305,31,370,-889,512
2025-09-01 23:46:15.333857,105.3,28.86,47.190000000000005,69.22500000000001,76.635,49.92,82.875,56.745000000000005,34,371,-888,448
2025-09-01 23:46:15.347000,156.78,93.21,118.56,143.91,149.76,120.9,149.76,117.0,29,372,-886,384
2025-09-01 23:46:15.355286,138.645,75.855,94.38,117.585,114.27,81.705,104.91,80.535,29,369,-883,384
2025-09-01 23:46:15.363571,199.485,100.815,136.305,171.21,156.585,130.845,159.705,119.535,24,364,-876,512
2025-09-01 23:46:15.371857,196.755,88.33500000000001,119.925,149.955,135.33,108.03,131.235,94.38,27,359,-886,512
2025-09-01 23:46:15.380143,149.76,17.55,48.36,74.49000000000001,60.45,36.27,57.330000000000005,27.495,26,358,-885,448
2025-09-01 23:46:15.388429,86.385,-71.76,-53.82,-29.25,-34.71,-66.885,-41.925,-57.915,26,359,-882,384
2025-09-01 23:46:15.396714,58.695,-110.955,-97.11,-62.595,-73.32000000000001,-103.74,-81.705,-92.625,21,359,-882,384
2025-09-01 23:46:15.405000,18.915,-165.75,-157.56,-122.85,-138.255,-170.625,-148.785,-152.88,24,357,-883,448
2025-09-01 23:46:15.405333,19.89,-162.24,-146.64,-112.125,-121.68,-144.10500000000002,-113.1,-115.05,26,361,-883,448
2025-09-01 23:46:15.405667,17.745,-181.155,-167.505,-148.20000000000002,-150.54,-181.35,-157.56,-146.055,24,363,-877,512
2025-09-01 23:46:15.406000,26.715,-170.82,-162.63,-126.75,-135.915,-164.19,-136.5,-133.38,19,366,-869,448
2025-09-01 23:46:15.428500,80.535,-105.495,-86.385,-54.21,-66.3,-82.095,-60.645,-58.11,26,366,-871,448
2025-09-01 23:46:15.451000,151.32,-12.48,20.67,37.44,30.81,19.89,33.93,24.765,23,362,-874,448
2025-09-01 23:46:15.473500,174.33,27.885,54.99,75.855,70.785,54.405,69.42,55.185,23,362,-874,448
2025-09-01 23:46:15.496000,223.275,88.33500000000001,113.295,138.06,140.79,110.175,134.35500000000002,118.17,26,365,-878,448
2025-09-01 23:46:15.513000,225.03,95.94,106.665,130.26,123.825,93.405,112.71,92.235,24,361,-881,384
2025-09-01 23:46:15.530000,293.08500000000004,110.175,143.91,162.04500000000002,151.71,144.10500000000002,154.245,133.38,27,368,-883,448
2025-09-01 23:46:15.547000,290.355,107.055,124.605,149.565,138.645,114.66,134.55,111.735,27,366,-873,512
2025-09-01 23:46:15.564000,242.97,35.88,48.555,65.13,55.77,42.51,57.135000000000005,46.605,24,371,-879,448
2025-09-01 23:46:15.581000,170.43,-51.09,-51.870000000000005,-14.04,-34.32,-62.595,-37.83,-40.755,24,372,-879,448
2025-09-01 23:46:15.598000,139.62,-98.28,-91.065,-55.77,-75.27,-102.18,-73.515,-69.81,24,372,-879,448
2025-09-01 23:46:15.615000,107.835,-154.44,-147.42000000000002,-118.56,-138.645,-162.435,-140.205,-131.235,21,369,-867,512
2025-09-01 23:46:15.628286,101.01,-148.59,-146.25,-111.345,-124.605,-148.395,-123.435,-106.08,23,371,-874,448
2025-09-01 23:46:15.641571,260.52,128.895,133.185,161.265,159.51000000000002,128.895,152.1,134.55,16,368,-873,384
2025-09-01 23:46:15.654857,259.935,125.775,128.70000000000002,154.44,150.15,114.855,134.55,115.635,17,369,-886,512
2025-09-01 23:46:15.668143,206.505,61.23,65.13,79.17,69.03,48.75,62.400000000000006,58.305,20,367,-883,448
2025-09-01 23:46:15.681429,132.015,-40.56,-35.49,-28.08,-31.005000000000003,-48.165,-26.91,-29.055,23,366,-882,384
2025-09-01 23:46:15.694714,107.835,-76.05,-80.34,-66.69,-68.44500000000001,-95.355,-65.52,-67.47,23,366,-882,384
2025-09-01 23:46:15.708000,76.05,-123.435,-146.055,-121.875,-127.14,-160.095,-135.525,-128.31,22,365,-888,448
2025-09-01 23:46:15.720286,62.79,-135.525,-144.10500000000002,-122.07,-124.41,-147.42000000000002,-123.435,-106.08,26,363,-883,448
2025-09-01 23:46:15.732571,35.49,-135.33,-154.63500000000002,-144.10500000000002,-148.005,-171.21,-137.865,-129.285,25,357,-870,512
2025-09-01 23:46:15.744857,31.005000000000003,-139.62,-158.925,-138.84,-143.32500000000002,-164.97,-130.065,-108.81,27,361,-872,448
2025-09-01 23:46:15.757143,81.12,-76.635,-84.435,-63.765,-68.25,-93.015,-55.575,-45.63,27,361,-877,448
2025-09-01 23:46:15.769429,174.33,30.225,2.9250000000000003,56.55,43.875,0.78,31.98,29.25,22,361,-877,448
2025-09-01 23:46:15.781714,198.705,67.665,51.09,77.025,74.10000000000001,46.605,77.025,70.59,22,361,-877,448
2025-09-01 23:46:15.794000,235.17,136.695,113.49,127.53,127.725,106.665,142.54500000000002,127.335,18,369,-878,384
2025-09-01 23:46:15.802857,242.385,141.375,132.6,139.815,131.43,107.25,145.47,128.70000000000002,22,368,-875,448
2025-09-01 23:46:15.811714,300.3,161.265,141.96,176.475,174.915,131.04,158.73000000000002,136.11,28,366,-887,448
2025-09-01 23:46:15.820571,338.71500000000003,177.255,148.395,180.18,172.185,127.335,153.07500000000002,132.21,28,366,-887,448
2025-09-01 23:46:15.829429,310.05,114.855,84.24000000000001,104.13,101.595,60.645,87.75,71.565,24,367,-887,448
2025-09-01 23:46:15.838286,241.215,14.235,-16.77,4.29,-1.365,-38.22,-10.53,-14.82,24,365,-883,448
2025-09-01 23:46:15.847143,213.72,-22.23,-65.715,-28.47,-42.705,-83.655,-58.89,-54.99,24,365,-883,448
2025-09-01 23:46:15.856000,177.645,-72.93,-120.12,-96.33,-104.715,-148.785,-118.95,-108.03,20,360,-877,512
2025-09-01 23:46:15.857000,157.95000000000002,-97.695,-134.94,-114.27,-120.12,-136.305,-106.08,-98.67,23,360,-885,448
2025-09-01 23:46:15.858000,315.705,187.395,149.175,163.41,156.975,139.62,162.04500000000002,141.96,23,362,-885,384
2025-09-01 23:46:15.859000,327.6,194.22,150.93,164.775,156.585,131.625,153.85500000000002,128.505,24,362,-885,384
2025-09-01 23:46:15.860000,288.99,137.28,83.265,102.57,90.675,59.085,82.485,66.3,25,361,-887,512
2025-09-01 23:46:15.861000,195.585,36.27,-22.815,0.585,-21.06,-37.44,-15.99,-18.525,21,362,-887,384
2025-09-01 23:46:15.862000,175.305,-6.825,-60.255,-52.65,-62.985,-79.17,-54.99,-59.085,20,363,-879,512
