timestamp,CH1,CH2,CH3,CH4,CH5,CH6,CH7,CH8,X,Y,Z,TEMP
2025-09-01 23:43:43.762000,23.985,30.42,16.77,35.685,57.72,39.975,25.74,26.91,54,238,-921,448
2025-09-01 23:43:43.772750,69.61500000000001,90.48,91.65,108.615,129.675,117.975,110.565,99.45,58,237,-918,448
2025-09-01 23:43:43.783500,43.095,57.915,54.405,64.74000000000001,82.29,71.955,50.7,53.235,52,243,-927,448
2025-09-01 23:43:43.794250,62.595,87.555,88.53,98.67,118.365,109.59,88.14,89.7,53,241,-926,512
2025-09-01 23:43:43.805000,98.085,137.085,139.23000000000002,145.86,153.66,152.88,135.72,115.05,53,241,-926,448
2025-09-01 23:43:43.815750,52.260000000000005,65.52,67.86,67.665,71.565,72.54,55.185,47.775,50,242,-921,448
2025-09-01 23:43:43.826500,17.55,13.455,9.945,11.7,17.16,14.43,3.12,1.755,47,243,-924,448
2025-09-01 23:43:43.848000,-13.065,-34.905,-50.505,-41.34,-31.785,-40.17,-48.75,-47.190000000000005,48,243,-920,512
2025-09-01 23:43:43.855500,-62.595,-103.35,-123.825,-112.905,-112.125,-116.025,-134.16,-116.805,51,240,-919,512
2025-09-01 23:43:43.863000,-14.04,-26.325,-65.715,-56.355,-57.330000000000005,-54.015,-63.765,-52.065000000000005,59,237,-916,448
2025-09-01 23:43:43.870500,-39.39,-62.010000000000005,-91.845,-98.28,-98.085,-92.235,-102.765,-85.02,57,236,-925,320
2025-09-01 23:43:43.878000,-82.68,-111.735,-147.81,-148.20000000000002,-138.645,-137.085,-147.42000000000002,-116.415,56,240,-916,448
2025-09-01 23:43:43.885500,-26.325,-37.05,-70.59,-59.475,-50.895,-57.135000000000005,-65.91,-46.605,55,238,-917,448
2025-09-01 23:43:43.893000,10.92,14.625,-11.115,-2.535,12.09,5.265000000000001,-6.24,5.07,55,238,-917,448
2025-09-01 23:43:43.908000,50.895,64.35000000000001,48.75,50.505,60.84,57.135000000000005,49.53,46.41,54,237,-914,448
2025-09-01 23:43:43.919000,92.43,123.24,118.17,123.63,128.895,131.625,124.215,111.54,53,238,-912,448
2025-09-01 23:43:43.930000,70.59,87.165,65.715,78.58500000000001,79.36500000000001,70.98,61.425,60.06,57,244,-914,448
2025-09-01 23:43:43.941000,89.11500000000001,118.56,98.475,118.56,113.88,109.2,102.18,96.135,57,241,-917,448
2025-09-01 23:43:43.952000,120.12,164.19,153.66,158.34,154.44,158.535,154.05,136.305,54,240,-918,512
2025-09-01 23:43:43.963000,78.58500000000001,98.475,84.045,84.24000000000001,76.83,83.85000000000001,78.78,69.42,53,238,-919,448
2025-09-01 23:43:43.974000,38.61,48.165,26.91,22.425,16.575,20.865,18.135,20.28,53,238,-919,448
2025-09-01 23:43:43.996000,0.0,-7.0200000000000005,-29.25,-30.615,-39.78,-29.25,-44.85,-27.3,54,238,-914,512
2025-09-01 23:43:44.007250,-34.125,-65.13,-107.055,-99.45,-108.42,-113.295,-119.34,-93.405,51,240,-916,448
2025-09-01 23:43:44.018500,-10.92,-13.65,-43.875,-44.85,-46.605,-39.975,-47.58,-26.715,54,240,-927,448
2025-09-01 23:43:44.029750,-36.27,-51.285,-67.08,-82.095,-88.14,-66.3,-74.88,-51.09,49,241,-922,448
2025-09-01 23:43:44.041000,-79.17,-110.955,-124.8,-129.09,-137.67000000000002,-118.17,-123.045,-90.285,49,242,-917,384
2025-09-01 23:43:44.052250,-28.86,-50.7,-58.11,-55.185,-60.06,-44.265,-57.72,-25.155,53,240,-920,448
2025-09-01 23:43:44.063500,7.0200000000000005,5.46,9.75,2.34,-4.485,21.645,8.19,31.395,53,240,-920,448
2025-09-01 23:43:44.086000,39.78,59.475,75.27,55.77,53.625,81.705,74.10000000000001,83.265,53,247,-920,448
2025-09-01 23:43:44.097375,89.31,119.925,146.835,138.255,118.95,157.365,150.54,149.175,53,243,-919,448
2025-09-01 23:43:44.108750,-77.025,-82.29,34.125,-50.115,-82.68,42.315000000000005,5.46,55.77,51,232,-916,448
2025-09-01 23:43:44.120125,-96.135,-106.665,-2.73,-87.165,-116.61,2.535,-47.190000000000005,16.185000000000002,48,239,-912,512
2025-09-01 23:43:44.131500,-139.23000000000002,-166.92000000000002,-61.23,-148.005,-175.89,-37.05,-78.0,1.95,53,236,-913,448
2025-09-01 23:43:44.142875,-99.45,-108.81,19.5,-72.93,-96.525,40.95,7.605,69.22500000000001,53,235,-915,448
2025-09-01 23:43:44.154250,-62.010000000000005,-52.455,76.245,-10.335,-42.705,101.985,64.935,120.705,53,235,-915,448
2025-09-01 23:43:44.177000,-27.495,-9.165,133.965,43.68,10.53,154.245,119.34,165.36,52,241,-915,320
2025-09-01 23:43:44.188500,20.67,61.425,200.07,114.66,89.11500000000001,230.49,189.735,222.885,53,239,-916,448
2025-09-01 23:43:44.200000,-81.9,-78.19500000000001,9.75,-57.135000000000005,-68.44500000000001,22.425,-9.945,12.48,58,241,-929,384
2025-09-01 23:43:44.211500,-103.35,-108.81,-29.835,-93.99,-105.885,-17.94,-48.945,-18.72,58,241,-916,384
2025-09-01 23:43:44.223000,-140.79,-158.535,-87.36,-150.15,-151.515,-70.98,-100.425,-52.65,52,240,-918,384
2025-09-01 23:43:44.234500,-98.085,-95.745,-12.285,-74.685,-80.34,6.4350000000000005,-17.355,13.455,51,241,-918,448
2025-09-01 23:43:44.246000,-61.425,-42.51,51.675,-12.09,-17.94,66.495,45.045,61.035,51,241,-918,448
2025-09-01 23:43:44.269000,-21.255,9.75,104.13,44.07,40.56,119.73,101.01,108.81,59,233,-918,448
2025-09-01 23:43:44.276250,21.84,72.15,181.545,112.71,104.715,200.07,177.06,171.405,59,238,-920,448
2025-09-01 23:43:44.283500,-6.63,25.155,107.25,58.5,58.5,110.955,90.675,84.825,57,239,-912,512
2025-09-01 23:43:44.290750,14.82,52.455,139.815,96.72,92.43,145.47,127.92,112.125,57,239,-912,512
2025-09-01 23:43:44.298000,58.11,108.81,204.36,149.565,147.225,201.825,177.645,148.20000000000002,62,239,-919,448
2025-09-01 23:43:44.305250,15.015,46.215,131.04,78.19500000000001,69.61500000000001,126.36,107.64,86.775,59,238,-917,448
2025-09-01 23:43:44.312500,-23.4,-10.335,68.64,20.28,11.31,65.52,45.435,28.08,55,238,-917,448
2025-09-01 23:43:44.327000,-61.815000000000005,-63.375,15.99,-42.315000000000005,-52.455,7.605,-10.335,-12.285,55,238,-910,448
2025-09-01 23:43:44.338750,-107.25,-123.435,-63.765,-112.905,-117.195,-70.785,-87.36,-77.415,50,240,-925,448
2025-09-01 23:43:44.350500,-4.485,40.365,99.45,52.455,65.715,94.575,90.87,72.54,48,237,-921,448
2025-09-01 23:43:44.362250,20.475,70.2,133.185,92.235,102.57,139.035,128.115,103.35,48,237,-921,448
2025-09-01 23:43:44.374000,69.42,127.725,187.98,154.63500000000002,154.83,188.565,179.985,137.475,51,241,-920,384
2025-09-01 23:43:44.385750,16.965,60.645,120.12,74.10000000000001,82.095,114.855,107.25,74.10000000000001,50,242,-920,448
2025-09-01 23:43:44.397500,-12.285,12.675,60.645,18.135,23.205,53.04,45.63,20.67,52,241,-915,512
2025-09-01 23:43:44.421000,-50.505,-43.485,0.78,-40.17,-34.515,-9.555,-11.31,-19.695,52,241,-915,512
2025-09-01 23:43:44.429125,-92.235,-108.42,-68.44500000000001,-110.565,-106.86,-85.995,-86.19,-88.33500000000001,46,240,-912,448
2025-09-01 23:43:44.437250,-56.940000000000005,-52.455,-35.295,-56.940000000000005,-53.04,-44.07,-39.0,-63.18,57,240,-910,512
2025-09-01 23:43:44.445375,-82.68,-90.48,-68.64,-97.11,-84.045,-81.51,-78.78,-91.26,57,240,-910,512
2025-09-01 23:43:44.453500,-119.925,-141.57,-128.895,-154.63500000000002,-141.18,-130.26,-134.94,-132.99,64,239,-907,448
2025-09-01 23:43:44.461625,-84.045,-82.485,-59.865,-80.925,-70.59,-56.55,-56.745000000000005,-70.98,58,240,-910,384
2025-09-01 23:43:44.469750,-41.925,-29.25,1.56,-25.545,-16.965,4.68,-4.485,-18.72,56,238,-916,448
2025-09-01 23:43:44.486000,-2.535,20.085,59.28,25.545,41.925,56.745000000000005,60.06,29.055,56,238,-916,448
2025-09-01 23:43:44.496375,42.9,88.53,128.895,108.03,118.17,127.53,124.995,87.555,58,239,-912,512
2025-09-01 23:43:44.506750,10.14,33.735,64.545,59.865,64.935,64.35000000000001,73.125,36.66,59,242,-912,448
2025-09-01 23:43:44.517125,29.25,61.425,100.035,89.7,100.035,98.865,110.955,72.735,59,242,-912,448
2025-09-01 23:43:44.527500,69.22500000000001,122.46,163.02,150.54,152.49,154.44,162.82500000000002,105.495,61,237,-919,512
2025-09-01 23:43:44.537875,37.05,65.91,97.5,86.19,87.94500000000001,78.39,85.605,40.17,57,238,-915,448
2025-09-01 23:43:44.548250,-7.995,8.385,37.44,19.305,18.72,16.965,28.665000000000003,-4.485,55,240,-919,448
2025-09-01 23:43:44.569000,-44.07,-42.315000000000005,-21.06,-40.365,-31.005000000000003,-41.925,-33.345,-61.620000000000005,55,240,-919,448
2025-09-01 23:43:44.579750,-88.53,-102.18,-93.405,-107.445,-105.69,-108.03,-106.47,-124.8,54,241,-920,448
2025-09-01 23:43:44.590500,-128.505,-82.095,-53.82,-141.375,-87.94500000000001,-69.61500000000001,-59.67,-80.34,52,241,-914,448
2025-09-01 23:43:44.601250,-281.58,-133.185,-97.5,-256.62,-156.585,-111.345,-126.75,-138.255,52,241,-914,448
2025-09-01 23:43:44.612000,-270.27,-194.415,-183.69,-290.94,-198.705,-194.61,-236.73,-249.795,55,239,-912,448
2025-09-01 23:43:44.622750,-239.655,-163.995,-133.38,-207.87,-147.225,-141.765,-138.84,-157.56,56,238,-914,448
2025-09-01 23:43:44.633500,-154.83,-117.39,-50.115,-80.34,-75.465,-59.475,-51.285,-84.24000000000001,51,241,-914,448
2025-09-01 23:43:44.655000,-1.17,-4.875,3.315,41.34,33.735,-20.085,28.665000000000003,-32.955,54,248,-913,384
2025-09-01 23:43:44.666250,81.51,60.84,81.705,75.465,96.525,87.165,121.29,76.44,56,242,-916,320
2025-09-01 23:43:44.677500,-331.305,-240.045,-366.6,-432.51,-274.365,-350.805,-453.375,-409.305,54,246,-919,448
2025-09-01 23:43:44.688750,-384.345,-276.90000000000003,-401.7,-502.515,-322.92,-385.125,-496.275,-452.01,54,246,-919,448
2025-09-01 23:43:44.700000,-420.225,-345.735,-463.905,-561.6,-377.52,-441.48,-539.955,-474.825,55,239,-914,448
2025-09-01 23:43:44.711250,-399.165,-295.23,-410.865,-487.89,-317.46000000000004,-380.64,-491.01,-442.845,51,246,-929,448
2025-09-01 23:43:44.722500,-334.23,-232.83,-358.41,-416.715,-248.235,-319.41,-436.02,-375.96,49,248,-922,448
2025-09-01 23:43:44.745000,-300.885,-173.35500000000002,-280.995,-365.43,-189.93,-250.77,-342.615,-318.045,53,245,-920,448
2025-09-01 23:43:44.752375,-290.55,-123.825,-205.335,-331.695,-133.38,-170.235,-265.785,-241.995,52,245,-917,384
2025-09-01 23:43:44.759750,-80.34,-31.005000000000003,-177.645,-156.585,32.955,-161.46,-210.99,-180.57,58,248,-918,448
2025-09-01 23:43:44.767125,-61.425,-2.9250000000000003,-150.345,-122.265,65.325,-125.385,-174.915,-146.25,58,248,-918,448
2025-09-01 23:43:44.774500,-20.085,56.355,-75.075,-64.545,127.14,-60.06,-118.95,-93.99,59,247,-914,448
2025-09-01 23:43:44.781875,-45.045,9.36,-137.475,-121.68,64.155,-129.09,-185.445,-160.485,57,248,-928,448
2025-09-01 23:43:44.789250,-72.54,-35.88,-194.22,-173.55,15.015,-180.18,-241.02,-201.24,62,251,-928,320
2025-09-01 23:43:44.804000,-103.545,-85.02,-239.655,-225.42,-39.78,-235.365,-284.115,-236.925,60,249,-925,512
2025-09-01 23:43:44.815375,-136.305,-137.085,-302.83500000000004,-278.65500000000003,-105.105,-302.25,-349.05,-290.355,61,249,-923,448
2025-09-01 23:43:44.826750,79.36500000000001,75.075,-62.79,27.69,150.345,-54.21,-73.515,-44.655,56,242,-919,448
2025-09-01 23:43:44.838125,99.84,102.96,-28.86,61.035,177.645,-19.695,-35.685,-11.895,55,243,-918,448
2025-09-01 23:43:44.849500,142.35,170.04,34.32,129.87,244.14,37.245000000000005,27.495,32.370000000000005,55,243,-918,448
2025-09-01 23:43:44.860875,107.25,121.095,-20.28,77.025,181.35,-22.23,-34.32,-21.06,49,240,-916,512
2025-09-01 23:43:44.872250,69.22500000000001,63.18,-79.17,16.965,121.095,-78.0,-86.97,-66.495,54,244,-896,448
2025-09-01 23:43:44.895000,30.615,6.63,-133.38,-45.825,64.545,-139.035,-147.03,-109.98,54,242,-905,448
2025-09-01 23:43:44.902625,-3.315,-49.725,-190.71,-107.055,-4.485,-198.12,-205.53,-164.19,57,240,-908,448
2025-09-01 23:43:44.910250,98.475,30.42,-62.400000000000006,46.995000000000005,71.565,-64.155,-40.95,-20.475,47,240,-910,448
2025-09-01 23:43:44.917875,72.345,-0.78,-91.65,13.65,35.88,-96.135,-70.2,-48.945,50,240,-907,512
2025-09-01 23:43:44.925500,24.375,-60.84,-152.1,-53.04,-33.93,-148.395,-117.0,-88.53,50,240,-907,512
2025-09-01 23:43:44.933125,62.400000000000006,-7.605,-101.595,13.26,39.0,-86.58,-65.91,-36.075,46,237,-903,448
2025-09-01 23:43:44.940750,99.84,47.775,-49.53,77.805,100.62,-32.955,-5.07,10.14,55,238,-922,448
2025-09-01 23:43:44.956000,153.07500000000002,108.42,16.77,136.695,157.56,26.130000000000003,51.870000000000005,60.84,54,241,-920,448
2025-09-01 23:43:44.967125,187.005,164.775,88.72500000000001,206.505,213.915,103.545,128.895,128.115,53,241,-917,448
2025-09-01 23:43:44.978250,86.19,25.545,-33.93,64.74000000000001,45.435,-37.83,-3.705,3.12,57,246,-917,384
2025-09-01 23:43:44.989375,69.03,-1.755,-62.205000000000005,36.465,15.795,-68.44500000000001,-33.54,-23.4,53,246,-920,448
2025-09-01 23:43:45.000500,20.475,-61.815000000000005,-125.385,-26.91,-52.65,-130.26,-97.89,-71.175,53,246,-920,448
2025-09-01 23:43:45.011625,54.6,-13.845,-69.42,30.225,12.48,-63.57,-30.225,-7.215,52,241,-921,384
2025-09-01 23:43:45.022750,93.6,35.88,-7.41,90.285,65.13,-8.97,28.86,39.39,52,243,-925,448
2025-09-01 23:43:45.045000,139.815,97.695,53.82,150.15,122.85,59.085,94.185,91.65,52,245,-923,448
2025-09-01 23:43:45.052500,178.23000000000002,153.27,123.045,211.77,188.175,128.115,164.19,153.66,50,246,-920,384
2025-09-01 23:43:45.060000,125.58,109.785,79.95,149.76,99.84,85.605,113.1,107.25,50,245,-906,448
2025-09-01 23:43:45.067500,143.52,134.55,108.225,181.935,136.11,115.635,145.86,133.38,54,248,-909,448
2025-09-01 23:43:45.075000,187.785,203.97,177.45000000000002,250.965,195.585,181.935,209.82,184.08,51,249,-906,448
2025-09-01 23:43:45.082500,157.17000000000002,150.735,115.44,195.195,136.89,121.485,138.45000000000002,124.995,51,249,-913,384
2025-09-01 23:43:45.090000,113.685,99.255,60.45,136.11,73.32000000000001,53.43,76.44,74.88,51,246,-913,384
2025-09-01 23:43:45.105000,70.98,36.66,2.34,68.25,12.675,-3.9,20.085,24.18,55,245,-909,512
2025-09-01 23:43:45.116375,24.57,-24.765,-63.375,4.68,-55.185,-75.465,-43.095,-37.44,52,247,-912,448
2025-09-01 23:43:45.127750,40.56,19.695,-17.16,42.9,-27.69,-20.475,-3.12,15.6,51,243,-919,448
2025-09-01 23:43:45.139125,20.28,-9.36,-45.045,15.99,-56.355,-53.43,-29.835,-12.09,48,245,-909,512
2025-09-01 23:43:45.150500,-15.405,-70.785,-118.365,-51.870000000000005,-115.83,-121.68,-95.355,-67.47,52,246,-915,448
2025-09-01 23:43:45.161875,12.87,-33.345,-70.395,-0.78,-68.64,-54.6,-32.955,-7.41,53,246,-916,448
2025-09-01 23:43:45.173250,48.555,20.865,-15.015,60.06,-6.045,3.51,28.08,42.120000000000005,53,246,-916,448
2025-09-01 23:43:45.196000,91.65,79.95,58.11,120.705,58.5,67.86,96.135,93.6,54,245,-915,512
2025-09-01 23:43:45.207250,136.305,138.06,130.845,186.03,116.61,132.99,161.85,145.86,52,246,-917,384
2025-09-01 23:43:45.218500,85.215,70.2,96.72,137.085,46.995000000000005,92.43,110.37,106.08,46,253,-915,448
2025-09-01 23:43:45.229750,98.865,93.99,126.165,163.41,75.075,120.12,147.225,135.525,54,249,-912,448
2025-09-01 23:43:45.241000,141.57,157.95000000000002,195.195,231.855,136.695,190.515,207.48,194.61,54,249,-915,512
2025-09-01 23:43:45.252250,111.345,113.88,146.25,170.625,83.655,132.6,159.51000000000002,135.915,50,246,-914,448
2025-09-01 23:43:45.263500,79.95,63.57,89.50500000000001,121.485,27.495,74.49000000000001,95.55,87.75,50,246,-914,448
2025-09-01 23:43:45.286000,36.075,-0.39,23.79,57.72,-34.905,18.33,33.93,36.27,49,245,-914,448
2025-09-01 23:43:45.297500,2.145,-58.5,-33.15,-10.725,-102.57,-52.065000000000005,-32.175000000000004,-24.96,50,244,-914,448
2025-09-01 23:43:45.309000,57.72,55.965,93.6,117.39,35.49,91.65,117.585,106.08,65,246,-914,448
2025-09-01 23:43:45.320500,77.415,85.8,126.75,145.08,66.495,123.435,150.15,133.965,56,246,-912,448
2025-09-01 23:43:45.332000,123.825,148.395,189.93,215.475,129.87,183.69,217.62,182.715,53,245,-912,448
2025-09-01 23:43:45.343500,96.525,105.3,143.715,161.655,75.66,129.285,157.17000000000002,137.085,56,242,-915,448
2025-09-01 23:43:45.355000,52.065000000000005,53.43,92.625,101.205,17.55,72.93,100.815,90.285,56,242,-915,448
2025-09-01 23:43:45.378000,7.41,-10.14,31.785,37.83,-43.875,12.285,41.34,36.075,52,244,-903,448
2025-09-01 23:43:45.388750,-27.3,-69.22500000000001,-39.585,-23.01,-106.86,-54.795,-35.295,-27.105,55,247,-913,448
2025-09-01 23:43:45.399500,-18.33,-31.98,-0.975,4.68,-60.84,-11.7,14.82,2.9250000000000003,56,244,-904,512
2025-09-01 23:43:45.410250,-44.07,-61.23,-30.03,-33.93,-91.065,-37.635,-15.405,-20.67,51,250,-915,448
2025-09-01 23:43:45.421000,-84.24000000000001,-125.775,-102.57,-95.355,-155.61,-114.66,-82.095,-81.315,57,250,-914,448
2025-09-01 23:43:45.431750,-54.99,-85.8,-59.865,-40.17,-103.74,-53.04,-23.205,-24.18,54,248,-916,448
2025-09-01 23:43:45.442500,-22.815,-28.47,4.29,14.43,-43.095,3.51,39.78,29.055,54,248,-916,448
2025-09-01 23:43:45.464000,17.55,31.200000000000003,77.025,78.58500000000001,23.205,68.83500000000001,104.52,84.435,49,251,-923,448
2025-09-01 23:43:45.471875,62.985,87.555,134.745,139.62,85.995,137.085,167.70000000000002,134.16,54,249,-919,384
2025-09-01 23:43:45.479750,24.96,50.7,81.9,75.075,30.03,80.535,109.59,76.05,57,252,-915,384
2025-09-01 23:43:45.487625,40.95,78.39,109.005,106.08,57.915,109.98,139.035,101.595,57,252,-915,384
2025-09-01 23:43:45.495500,78.39,141.96,179.01000000000002,176.085,126.945,179.01000000000002,212.55,161.46,56,248,-915,448
2025-09-01 23:43:45.503375,57.135000000000005,104.52,132.405,125.97,74.88,115.245,149.565,105.105,53,248,-915,448
2025-09-01 23:43:45.511250,25.74,51.285,75.66,72.54,15.99,59.085,85.605,55.185,53,248,-915,448
2025-09-01 23:43:45.527000,-13.26,-3.51,9.555,-4.875,-46.605,-5.07,24.375,3.9,61,245,-912,512
2025-09-01 23:43:45.537875,-59.475,-66.69,-56.355,-54.99,-104.13,-77.61,-44.265,-60.255,56,251,-921,448
2025-09-01 23:43:45.548750,2.9250000000000003,29.25,86.58,40.95,14.04,81.705,105.885,84.24000000000001,51,249,-914,384
2025-09-01 23:43:45.559625,16.185000000000002,62.205000000000005,120.9,69.42,47.385000000000005,115.83,135.525,106.08,49,249,-914,384
2025-09-01 23:43:45.570500,76.44,128.70000000000002,179.01000000000002,150.735,128.505,174.33,190.125,140.205,51,247,-912,384
2025-09-01 23:43:45.581375,65.52,99.45,128.505,109.59,71.175,111.345,132.99,95.355,50,247,-911,448
2025-09-01 23:43:45.592250,28.86,43.29,78.39,50.31,13.65,59.28,84.435,53.04,52,247,-917,448
2025-09-01 23:43:45.614000,-25.155,-20.865,7.605,-0.585,-47.190000000000005,-7.215,22.23,-3.705,52,247,-917,448
2025-09-01 23:43:45.621875,-61.035,-75.465,-57.915,-65.715,-112.125,-78.58500000000001,-57.525,-63.96,50,248,-922,448
2025-09-01 23:43:45.629750,-57.525,-47.385000000000005,-14.235,-46.995000000000005,-68.83500000000001,-19.695,-15.21,-23.595,53,249,-914,448
2025-09-01 23:43:45.637625,-72.15,-76.245,-42.705,-75.855,-100.23,-48.945,-41.535,-43.29,53,249,-914,448
2025-09-01 23:43:45.645500,-114.66,-140.01,-110.565,-141.18,-169.065,-115.44,-112.32,-98.475,58,246,-915,448
2025-09-01 23:43:45.653375,-100.035,-109.785,-65.91,-101.595,-124.995,-64.35000000000001,-55.965,-46.995000000000005,55,248,-914,384
2025-09-01 23:43:45.661250,-58.695,-54.405,-19.5,-40.17,-62.205000000000005,-15.21,-0.975,-2.535,55,247,-919,448
2025-09-01 23:43:45.677000,-14.43,7.995,52.260000000000005,24.96,8.775,53.04,63.57,51.285,55,247,-919,448
2025-09-01 23:43:45.687875,31.005000000000003,69.81,115.245,87.165,74.49000000000001,116.415,130.26,107.835,64,250,-909,448
2025-09-01 23:43:45.698750,8.775,19.695,70.59,40.56,41.535,62.400000000000006,79.17,58.695,64,250,-914,512
2025-09-01 23:43:45.709625,30.615,49.53,98.67,74.685,65.715,97.695,111.15,80.34,64,250,-914,512
2025-09-01 23:43:45.720500,64.155,113.685,167.115,149.565,136.695,160.875,174.13500000000002,136.305,59,246,-898,384
2025-09-01 23:43:45.731375,39.195,74.49000000000001,128.31,99.45,90.285,114.66,125.775,89.895,63,244,-907,384
2025-09-01 23:43:45.742250,1.56,15.99,65.52,37.635,29.64,57.915,62.010000000000005,37.05,63,249,-909,384
2025-09-01 23:43:45.764000,-43.095,-37.635,0.195,-23.4,-34.125,-13.26,-3.12,-10.92,63,249,-909,384
2025-09-01 23:43:45.772000,-73.515,-94.185,-63.96,-75.27,-86.775,-72.735,-59.28,-66.885,65,248,-905,512
2025-09-01 23:43:45.780000,-42.705,-34.125,-4.095,-45.63,-42.315000000000005,-9.165,-15.99,-15.015,54,248,-914,384
2025-09-01 23:43:45.788000,-67.86,-65.13,-36.465,-82.875,-73.71000000000001,-45.045,-40.95,-45.63,54,248,-914,384
2025-09-01 23:43:45.796000,-103.155,-125.97,-103.74,-151.905,-135.72,-115.05,-102.375,-101.985,53,249,-905,448
2025-09-01 23:43:45.804000,-96.525,-101.4,-61.620000000000005,-111.345,-103.155,-69.22500000000001,-61.620000000000005,-57.915,52,250,-908,448
2025-09-01 23:43:45.812000,-64.935,-50.31,-12.09,-57.135000000000005,-44.85,-13.065,-6.045,-9.36,51,247,-908,448
2025-09-01 23:43:45.828000,-14.43,11.115,57.135000000000005,8.19,23.205,57.915,59.28,43.485,51,251,-908,448
2025-09-01 23:43:45.839625,17.16,73.71000000000001,122.07,70.005,80.535,123.825,121.29,95.94,54,246,-909,448
2025-09-01 23:43:45.851250,-47.190000000000005,-36.66,-7.800000000000001,-48.945,-43.68,-15.21,-25.74,-27.69,57,244,-907,512
2025-09-01 23:43:45.862875,-72.15,-63.18,-43.485,-80.925,-78.0,-48.165,-51.675,-56.745000000000005,57,244,-907,512
2025-09-01 23:43:45.874500,-103.74,-109.785,-108.42,-137.475,-133.185,-117.585,-128.70000000000002,-114.855,64,244,-907,512
2025-09-01 23:43:45.886125,-74.685,-75.075,-76.05,-93.99,-80.73,-75.075,-86.19,-70.785,53,249,-907,448
2025-09-01 23:43:45.897750,-31.395,-16.965,-26.715,-28.08,-20.28,-23.79,-31.98,-29.055,56,246,-907,448
2025-09-01 23:43:45.921000,15.99,42.9,43.68,34.515,42.120000000000005,45.63,37.635,21.84,56,245,-910,448
2025-09-01 23:43:45.931750,46.02,91.845,103.545,86.97,95.94,109.98,104.13,78.0,55,246,-909,384
2025-09-01 23:43:45.942500,39.78,65.13,64.35000000000001,56.745000000000005,71.565,74.685,60.645,32.175000000000004,50,259,-910,512
2025-09-01 23:43:45.953250,67.47,105.495,77.415,100.23,115.245,82.875,73.32000000000001,39.0,50,259,-910,512
2025-09-01 23:43:45.964000,107.835,169.26000000000002,132.405,159.315,175.89,138.84,134.94,90.09,39,254,-907,448
2025-09-01 23:43:45.974750,70.98,123.435,126.945,105.69,108.615,109.395,115.83,64.155,43,258,-923,448
2025-09-01 23:43:45.985500,26.52,64.155,76.83,46.605,58.89,59.28,65.715,22.035,37,259,-939,448
2025-09-01 23:43:46.007000,-2.145,9.165,16.38,-6.63,1.56,-0.195,7.0200000000000005,-18.135,45,259,-931,448
2025-09-01 23:43:46.018000,-42.120000000000005,-51.675,-53.82,-74.10000000000001,-64.74000000000001,-79.17,-65.52,-87.36,49,255,-927,448
2025-09-01 23:43:46.029000,44.85,54.015,62.400000000000006,58.89,77.22,41.925,70.98,32.565,61,234,-858,448
2025-09-01 23:43:46.040000,56.940000000000005,78.58500000000001,94.575,87.165,101.205,72.93,101.205,60.45,61,234,-858,448
2025-09-01 23:43:46.051000,96.915,140.985,176.28,157.755,175.11,155.805,173.94,128.70000000000002,57,238,-879,448
2025-09-01 23:43:46.062000,84.63000000000001,121.29,150.15,122.85,134.94,117.195,136.11,93.405,62,237,-906,448
2025-09-01 23:43:46.073000,42.9,71.37,102.96,61.035,75.465,65.91,88.14,49.725,68,244,-922,448
2025-09-01 23:43:46.095000,3.705,8.97,28.86,3.315,21.06,-6.045,21.06,-6.4350000000000005,65,247,-926,512
2025-09-01 23:43:46.102625,-22.23,-44.07,-31.395,-51.285,-48.75,-70.59,-37.635,-58.695,66,249,-924,512
2025-09-01 23:43:46.110250,-12.09,-23.985,-20.475,-27.495,-36.075,-48.555,-14.04,-40.17,54,245,-913,384
2025-09-01 23:43:46.117875,-37.635,-55.77,-48.36,-59.475,-62.400000000000006,-64.935,-37.05,-57.525,52,245,-910,512
2025-09-01 23:43:46.125500,-77.22,-128.505,-108.42,-125.19,-132.99,-130.845,-98.865,-107.25,52,245,-910,512
2025-09-01 23:43:46.133125,-74.49000000000001,-105.885,-74.295,-102.18,-100.23,-91.26,-55.38,-68.64,46,246,-927,448
2025-09-01 23:43:46.140750,-44.46,-54.6,-24.57,-57.330000000000005,-54.405,-39.0,-6.4350000000000005,-20.865,44,250,-920,448
2025-09-01 23:43:46.156000,7.41,8.385,40.365,21.45,21.45,23.205,58.89,20.865,48,250,-917,448
2025-09-01 23:43:46.171375,52.260000000000005,59.28,99.255,85.41,81.51,77.415,124.995,79.17,52,245,-910,384
2025-09-01 23:43:46.186750,-27.69,-37.44,-18.525,-30.615,-50.115,-40.365,-10.725,-39.0,57,245,-915,512
2025-09-01 23:43:46.202125,-50.115,-59.475,-41.145,-69.22500000000001,-81.705,-64.35000000000001,-35.685,-57.525,61,245,-913,448
2025-09-01 23:43:46.217500,-94.575,-128.115,-103.35,-144.885,-156.585,-129.675,-99.645,-109.59,61,245,-913,448
2025-09-01 23:43:46.232875,-83.07000000000001,-107.055,-84.045,-102.375,-116.61,-100.815,-68.25,-77.61,60,241,-915,448
2025-09-01 23:43:46.248250,-48.945,-58.89,-31.395,-58.5,-62.205000000000005,-50.505,-16.575,-32.175000000000004,56,236,-919,448
2025-09-01 23:43:46.279000,-3.705,3.9,43.485,11.505,-4.29,24.57,65.715,30.225,58,241,-909,448
2025-09-01 23:43:46.289750,44.07,71.37,95.55,81.51,70.785,82.485,111.345,79.95,53,244,-916,512
2025-09-01 23:43:46.300500,7.800000000000001,22.425,44.07,30.225,14.82,36.66,54.99,24.375,55,245,-907,448
2025-09-01 23:43:46.311250,22.425,45.045,77.22,48.555,39.0,69.42,89.11500000000001,52.65,58,248,-914,448
2025-09-01 23:43:46.322000,61.815000000000005,108.225,151.32,120.315,108.81,141.96,167.895,114.855,57,248,-914,512
2025-09-01 23:43:46.332750,55.77,83.655,119.145,94.965,73.125,100.425,118.95,72.345,57,249,-915,384
2025-09-01 23:43:46.343500,16.965,37.05,62.400000000000006,34.32,26.91,40.56,64.74000000000001,19.695,55,249,-915,384
2025-09-01 23:43:46.365000,-35.1,-21.84,-11.31,-43.875,-49.335,-23.4,-8.775,-32.76,53,247,-916,512
2025-09-01 23:43:46.372500,-76.635,-80.34,-67.47,-93.405,-105.495,-81.9,-66.69,-77.415,53,247,-917,384
2025-09-01 23:43:46.380000,-42.120000000000005,-40.17,-28.08,-48.555,-53.235,-36.075,-19.5,-27.69,58,249,-915,448
2025-09-01 23:43:46.387500,-62.79,-66.105,-56.745000000000005,-78.39,-77.805,-69.81,-54.795,-53.235,55,253,-928,512
2025-09-01 23:43:46.395000,-88.92,-114.66,-128.70000000000002,-130.65,-134.745,-138.45000000000002,-128.895,-121.29,53,249,-923,448
2025-09-01 23:43:46.402500,-81.705,-102.18,-106.86,-115.83,-120.9,-109.785,-90.675,-80.34,53,251,-917,448
2025-09-01 23:43:46.410000,-46.605,-48.945,-64.935,-57.915,-56.745000000000005,-62.985,-46.8,-47.385000000000005,53,251,-917,448
2025-09-01 23:43:46.425000,6.63,18.915,2.34,18.135,22.035,10.725,24.375,11.115,55,253,-916,512
2025-09-01 23:43:46.436375,41.34,67.47,85.605,77.61,75.66,87.165,95.55,77.805,56,252,-913,512
2025-09-01 23:43:46.447750,-34.32,-14.625,-39.585,-34.515,-40.17,-36.855,-29.445,-20.28,53,256,-916,384
2025-09-01 23:43:46.459125,-45.24,-31.395,-70.785,-54.015,-62.400000000000006,-72.735,-58.11,-44.655,60,254,-913,448
2025-09-01 23:43:46.470500,-89.31,-101.205,-127.92,-127.53,-134.35500000000002,-131.04,-125.775,-106.47,59,253,-911,448
2025-09-01 23:43:46.481875,-82.485,-87.36,-123.63,-100.23,-103.155,-107.64,-107.25,-80.73,59,256,-911,512
2025-09-01 23:43:46.493250,-45.825,-38.22,-64.545,-51.870000000000005,-50.895,-50.895,-54.015,-27.69,59,256,-911,512
2025-09-01 23:43:46.516000,-7.605,22.035,14.04,8.58,12.285,24.57,32.565,31.785,62,254,-902,384
2025-09-01 23:43:46.524125,42.51,84.825,72.345,73.515,77.61,82.68,85.41,82.29,60,256,-909,512
2025-09-01 23:43:46.532250,-11.895,-11.505,-35.295,-38.025,-39.39,-29.835,-27.495,-19.5,57,255,-920,448
2025-09-01 23:43:46.540375,-24.765,-30.42,-63.57,-56.355,-65.325,-65.91,-58.11,-43.875,65,258,-925,512
2025-09-01 23:43:46.548500,-64.74000000000001,-93.405,-129.48000000000002,-120.51,-133.38,-127.14,-125.97,-102.96,65,258,-920,512
2025-09-01 23:43:46.556625,-68.44500000000001,-89.11500000000001,-128.31,-109.395,-109.005,-105.885,-105.3,-78.39,61,254,-917,512
2025-09-01 23:43:46.564750,-32.565,-34.125,-78.78,-54.795,-50.31,-63.18,-57.525,-40.365,61,254,-917,512
2025-09-01 23:43:46.581000,19.89,34.125,-9.945,22.425,21.06,9.555,14.43,21.645,69,249,-913,448
2025-09-01 23:43:46.591500,54.99,83.85000000000001,64.545,76.44,74.295,75.66,80.73,75.465,62,257,-913,512
2025-09-01 23:43:46.602000,-13.26,-10.14,-27.69,-34.905,-40.755,-22.23,-31.200000000000003,-22.815,52,259,-922,448
2025-09-01 23:43:46.612500,-34.905,-43.29,-64.35000000000001,-67.47,-75.075,-59.28,-68.64,-53.82,52,259,-922,448
2025-09-01 23:43:46.623000,-63.18,-91.455,-134.745,-125.19,-134.16,-131.625,-138.45000000000002,-120.705,57,257,-923,448
2025-09-01 23:43:46.633500,-60.06,-81.315,-122.655,-109.98,-117.39,-109.005,-113.1,-94.185,55,256,-921,384
2025-09-01 23:43:46.644000,-33.15,-34.71,-72.345,-63.375,-70.395,-57.915,-57.525,-50.31,55,256,-921,384
2025-09-01 23:43:46.665000,15.015,28.665000000000003,3.12,4.29,-1.755,19.695,14.04,18.135,56,261,-920,384
2025-09-01 23:43:46.676125,62.205000000000005,89.7,71.37,75.27,74.685,82.68,79.56,63.96,57,252,-910,512
2025-09-01 23:43:46.687250,-10.14,4.29,44.655,27.885,2.34,67.665,42.120000000000005,63.96,49,249,-919,448
2025-09-01 23:43:46.698375,-3.51,26.715,70.395,55.38,27.105,94.38,71.565,86.97,49,249,-919,448
2025-09-01 23:43:46.709500,29.445,76.635,140.01,111.93,89.11500000000001,172.57500000000002,148.005,154.245,51,247,-920,384
2025-09-01 23:43:46.720625,24.375,70.2,137.67000000000002,94.38,66.105,155.415,124.02,133.77,54,244,-917,384
2025-09-01 23:43:46.731750,-16.185000000000002,20.28,82.875,34.905,9.555,106.665,66.885,83.46000000000001,55,244,-917,448
2025-09-01 23:43:46.754000,-56.745000000000005,-41.34,10.53,-26.130000000000003,-54.795,30.615,2.535,28.665000000000003,55,248,-917,448
2025-09-01 23:43:46.765250,-99.255,-98.475,-51.675,-86.19,-116.805,-25.74,-62.010000000000005,-27.495,52,250,-926,448
2025-09-01 23:43:46.776500,-75.27,-57.135000000000005,-14.625,-45.63,-50.7,19.89,-9.945,13.65,56,238,-905,448
2025-09-01 23:43:46.787750,-97.305,-88.72500000000001,-46.995000000000005,-78.97500000000001,-84.24000000000001,-5.07,-39.975,-11.895,56,238,-905,448
2025-09-01 23:43:46.799000,-140.01,-143.52,-95.94,-142.35,-148.785,-65.52,-94.38,-62.010000000000005,57,231,-896,448
2025-09-01 23:43:46.810250,-139.425,-139.23000000000002,-108.225,-132.405,-134.16,-60.255,-89.895,-47.190000000000005,57,234,-904,512
2025-09-01 23:43:46.821500,-102.57,-92.82,-60.06,-78.58500000000001,-79.95,-17.355,-36.075,-8.97,54,234,-906,384
2025-09-01 23:43:46.844000,-60.06,-22.425,17.55,-9.36,-5.46,60.645,37.245000000000005,50.505,54,234,-906,384
2025-09-01 23:43:46.851500,-21.06,33.735,81.705,53.82,55.185,119.925,98.67,103.35,56,234,-907,448
2025-09-01 23:43:46.859000,-64.74000000000001,-42.51,-19.305,-34.32,-36.075,9.75,-15.99,-5.655,52,244,-920,384
2025-09-01 23:43:46.866500,-88.14,-72.15,-52.845,-65.91,-70.395,-23.4,-44.655,-33.15,52,244,-920,384
2025-09-01 23:43:46.874000,-126.75,-128.115,-106.08,-133.77,-138.84,-85.215,-106.86,-79.17,49,243,-919,512
2025-09-01 23:43:46.881500,-123.63,-127.92,-114.66,-121.29,-118.365,-78.78,-96.525,-70.2,53,242,-916,448
2025-09-01 23:43:46.889000,-86.58,-78.78,-65.715,-62.595,-62.595,-36.465,-44.655,-26.91,53,240,-918,384
2025-09-01 23:43:46.904000,-39.78,-9.75,13.65,0.78,4.68,49.53,33.93,35.88,53,240,-918,384
2025-09-01 23:43:46.915250,-0.585,45.825,79.17,62.010000000000005,66.105,111.345,90.87,86.385,53,235,-916,448
2025-09-01 23:43:46.926500,-15.015,21.45,23.4,22.035,26.325,52.65,48.75,30.81,56,240,-918,384
2025-09-01 23:43:46.937750,4.875,52.455,55.77,53.235,56.940000000000005,77.61,72.93,52.260000000000005,56,240,-918,384
2025-09-01 23:43:46.949000,45.63,111.735,118.755,121.485,121.29,142.155,135.135,109.59,47,239,-927,448
2025-09-01 23:43:46.960250,51.675,120.315,122.265,116.22,117.39,139.62,133.77,94.185,53,240,-922,448
2025-09-01 23:43:46.971500,19.89,66.105,70.98,62.010000000000005,61.620000000000005,83.265,76.83,48.945,54,241,-923,512
2025-09-01 23:43:46.994000,-25.155,3.315,-5.265000000000001,-3.9,-10.53,6.825,1.95,-12.48,50,240,-922,448
2025-09-01 23:43:47.005375,-68.44500000000001,-58.5,-67.86,-64.155,-70.395,-52.260000000000005,-63.18,-65.13,48,243,-924,448
2025-09-01 23:43:47.016750,-31.200000000000003,-17.55,-31.59,-8.97,-27.3,-19.89,-28.47,-41.34,55,245,-929,384
2025-09-01 23:43:47.028125,-56.16,-45.435,-65.715,-46.215,-59.085,-43.68,-55.77,-66.69,55,245,-929,384
2025-09-01 23:43:47.039500,-93.6,-98.865,-123.435,-113.88,-126.36,-117.0,-129.87,-129.675,51,242,-923,512
2025-09-01 23:43:47.050875,-102.96,-107.25,-121.68,-118.17,-127.335,-102.765,-109.2,-104.52,58,243,-930,448
2025-09-01 23:43:47.062250,-71.37,-67.08,-72.93,-75.66,-75.66,-45.825,-56.745000000000005,-58.305,53,246,-931,512
2025-09-01 23:43:47.085000,-18.135,8.58,-2.34,9.945,5.46,20.67,9.75,-4.485,56,245,-924,448
2025-09-01 23:43:47.099875,32.955,65.52,59.865,78.58500000000001,71.955,78.97500000000001,73.71000000000001,41.145,59,247,-929,448
2025-09-01 23:43:47.114750,-44.265,-20.28,-30.615,-22.23,-38.61,-23.01,-26.52,-37.05,57,246,-926,448
2025-09-01 23:43:47.129625,-65.91,-54.21,-59.28,-61.23,-73.515,-52.845,-57.525,-62.595,57,246,-926,512
2025-09-01 23:43:47.144500,-102.96,-101.79,-115.83,-128.115,-130.065,-117.975,-122.07,-114.27,56,244,-931,512
2025-09-01 23:43:47.159375,-107.835,-106.86,-138.645,-122.46,-124.995,-115.05,-121.095,-103.935,56,239,-927,512
2025-09-01 23:43:47.174250,-82.485,-62.010000000000005,-88.53,-70.785,-75.27,-61.620000000000005,-70.59,-69.61500000000001,56,235,-935,448
2025-09-01 23:43:47.204000,-15.015,8.775,-23.205,16.185000000000002,16.77,7.41,-3.51,-13.455,54,239,-930,448
2025-09-01 23:43:47.215875,23.79,61.035,48.555,72.345,70.2,67.08,62.205000000000005,40.17,55,241,-927,448
2025-09-01 23:43:47.227750,-6.045,22.23,12.675,24.57,30.42,21.84,17.745,4.485,55,231,-902,448
2025-09-01 23:43:47.239625,2.34,42.9,46.605,53.43,54.405,54.015,53.235,31.98,55,233,-901,448
2025-09-01 23:43:47.251500,62.205000000000005,106.86,102.18,110.175,122.07,113.685,110.175,76.05,55,233,-901,448
2025-09-01 23:43:47.263375,65.52,119.535,112.32,138.06,122.85,112.905,102.765,69.03,57,225,-893,448
2025-09-01 23:43:47.275250,40.755,77.22,55.575,85.605,78.0,55.575,42.120000000000005,22.815,56,227,-905,448
2025-09-01 23:43:47.299000,-11.7,5.8500000000000005,-18.33,-1.17,-1.365,-20.085,-28.47,-36.27,51,227,-904,448
2025-09-01 23:43:47.305875,-54.795,-57.915,-82.29,-70.395,-70.395,-80.145,-86.19,-84.435,51,227,-903,448
2025-09-01 23:43:47.312750,-13.065,-10.92,-26.325,-15.6,-27.69,-33.93,-37.83,-43.485,60,238,-916,384
2025-09-01 23:43:47.319625,-30.81,-41.73,-69.22500000000001,-41.925,-53.04,-73.905,-84.825,-75.27,59,238,-918,448
2025-09-01 23:43:47.326500,-62.205000000000005,-86.19,-114.27,-103.74,-109.2,-129.87,-138.255,-122.655,59,238,-918,448
2025-09-01 23:43:47.333375,-74.49000000000001,-101.205,-144.885,-103.935,-113.49,-135.525,-145.47,-123.435,64,231,-919,448
2025-09-01 23:43:47.340250,-55.965,-60.255,-86.97,-62.400000000000006,-68.64,-80.34,-87.94500000000001,-76.245,70,232,-921,448
2025-09-01 23:43:47.354000,-8.97,14.43,-18.135,14.625,11.505,-10.14,-16.185000000000002,-15.405,65,234,-915,384
2025-09-01 23:43:47.365375,40.755,74.49000000000001,46.41,75.855,73.515,52.65,51.870000000000005,34.515,67,236,-918,448
2025-09-01 23:43:47.376750,-7.605,30.225,1.95,26.715,28.08,5.265000000000001,7.0200000000000005,10.14,58,242,-938,448
2025-09-01 23:43:47.388125,16.185000000000002,56.355,31.200000000000003,60.06,56.16,34.905,34.515,36.465,56,245,-933,448
2025-09-01 23:43:47.399500,50.7,105.885,88.14,114.855,120.12,99.06,101.01,91.455,56,245,-933,384
2025-09-01 23:43:47.410875,74.49000000000001,125.775,109.2,138.645,132.79500000000002,99.84,91.455,78.78,59,239,-936,384
2025-09-01 23:43:47.422250,56.355,95.355,52.260000000000005,95.745,91.65,52.260000000000005,41.925,33.345,59,239,-936,384
2025-09-01 23:43:47.445000,1.365,26.130000000000003,-22.62,19.5,20.28,-28.47,-30.42,-25.35,64,240,-932,448
2025-09-01 23:43:47.452750,-50.895,-45.435,-79.75500000000001,-51.870000000000005,-53.43,-82.485,-94.38,-78.58500000000001,65,244,-929,384
2025-09-01 23:43:47.460500,-9.165,-2.34,-46.215,-11.31,-15.6,-49.14,-60.45,-53.235,63,230,-917,448
2025-09-01 23:43:47.468250,-31.200000000000003,-33.735,-70.785,-52.455,-53.235,-64.35000000000001,-80.925,-68.83500000000001,62,227,-914,512
2025-09-01 23:43:47.476000,-75.66,-89.895,-121.485,-128.115,-119.34,-136.305,-139.23000000000002,-122.85,65,230,-911,448
2025-09-01 23:43:47.483750,-92.43,-102.18,-145.47,-121.875,-114.855,-143.91,-149.175,-121.485,62,227,-914,512
2025-09-01 23:43:47.491500,-55.185,-59.085,-103.935,-73.905,-68.25,-100.23,-94.185,-83.46000000000001,62,227,-914,512
2025-09-01 23:43:47.507000,-4.29,13.26,-25.155,7.41,15.21,-24.765,-21.06,-28.275,61,228,-913,448
2025-09-01 23:43:47.518000,34.71,73.125,46.605,70.005,73.125,46.995000000000005,47.97,32.175000000000004,63,228,-912,384
2025-09-01 23:43:47.529000,4.29,20.67,-7.605,20.67,22.425,-7.0200000000000005,-8.775,-15.21,65,227,-907,448
2025-09-01 23:43:47.540000,23.79,44.265,25.74,51.675,50.505,22.815,22.62,11.31,57,226,-902,512
2025-09-01 23:43:47.551000,56.940000000000005,91.26,86.775,105.885,105.495,89.11500000000001,80.145,60.255,60,228,-910,448
2025-09-01 23:43:47.562000,74.49000000000001,119.925,105.885,125.58,117.585,100.23,89.31,64.35000000000001,57,230,-914,448
2025-09-01 23:43:47.573000,45.045,75.075,55.77,75.465,73.905,47.385000000000005,42.120000000000005,24.375,57,230,-914,448
2025-09-01 23:43:47.595000,2.535,3.705,-19.695,0.195,-3.51,-28.47,-37.05,-39.975,53,229,-913,384
2025-09-01 23:43:47.602625,-45.825,-53.04,-79.17,-61.23,-61.035,-87.75,-93.015,-92.82,50,228,-913,448
2025-09-01 23:43:47.610250,3.315,3.51,-8.58,14.43,19.305,-8.775,-15.405,-11.31,54,230,-918,448
2025-09-01 23:43:47.617875,23.595,28.665000000000003,23.205,42.9,45.825,30.03,14.43,12.48,56,230,-928,384
2025-09-01 23:43:47.625500,52.455,77.805,78.0,101.985,101.985,96.915,76.635,62.400000000000006,55,232,-924,448
2025-09-01 23:43:47.633125,77.025,98.865,105.495,124.8,117.975,102.96,91.455,59.085,53,228,-921,448
2025-09-01 23:43:47.640750,47.97,53.235,52.455,74.49000000000001,69.03,47.385000000000005,39.0,18.135,53,228,-921,448
2025-09-01 23:43:47.656000,-6.4350000000000005,-13.065,-22.62,-9.555,-6.045,-33.93,-29.64,-41.73,57,229,-933,384
2025-09-01 23:43:47.671500,-43.29,-66.69,-92.43,-61.815000000000005,-60.45,-101.595,-95.94,-97.11,57,228,-928,448
2025-09-01 23:43:47.687000,-16.77,-37.05,-34.905,-7.0200000000000005,-23.01,-45.045,-49.725,-39.975,57,236,-912,448
2025-09-01 23:43:47.702500,-42.120000000000005,-64.35000000000001,-70.395,-51.09,-59.28,-76.44,-82.68,-73.905,64,233,-938,384
2025-09-01 23:43:47.718000,-69.42,-113.295,-128.895,-115.245,-114.465,-132.99,-144.69,-128.115,66,230,-924,448
2025-09-01 23:43:47.733500,-97.695,-135.525,-159.51000000000002,-123.825,-124.605,-155.415,-163.995,-138.84,67,235,-917,448
2025-09-01 23:43:47.749000,-67.08,-87.165,-110.175,-77.025,-77.61,-95.16,-113.295,-93.795,67,235,-917,448
2025-09-01 23:43:47.780000,-15.21,-13.26,-25.74,1.17,1.365,-13.65,-35.1,-24.96,66,233,-933,448
2025-09-01 23:43:47.794375,33.15,43.29,29.25,70.395,73.32000000000001,34.32,30.225,23.4,56,233,-928,512
2025-09-01 23:43:47.808750,65.13,51.09,-49.335,46.02,48.945,-58.305,-43.095,-61.035,60,234,-932,512
2025-09-01 23:43:47.823125,88.92,78.19500000000001,-24.18,73.32000000000001,72.54,-35.295,-11.895,-35.88,60,234,-932,512
2025-09-01 23:43:47.837500,120.9,129.285,22.035,128.115,129.48000000000002,31.200000000000003,41.145,6.24,59,234,-925,448
2025-09-01 23:43:47.851875,161.655,175.11,49.92,162.63,177.45000000000002,27.105,54.6,6.24,58,235,-924,448
2025-09-01 23:43:47.866250,131.04,134.745,5.8500000000000005,114.855,124.995,-16.575,9.165,-31.005000000000003,58,235,-924,448
2025-09-01 23:43:47.895000,69.03,47.775,-71.37,37.245000000000005,39.585,-94.38,-66.69,-95.16,60,235,-925,448
2025-09-01 23:43:47.906375,21.645,-6.24,-148.98000000000002,-41.34,-23.4,-164.775,-186.615,-145.86,60,227,-926,448
2025-09-01 23:43:47.917750,79.75500000000001,60.645,-69.61500000000001,47.58,51.870000000000005,-77.805,-49.725,-79.17,53,233,-927,448
2025-09-01 23:43:47.929125,102.375,86.97,-38.22,83.265,76.83,-43.29,-17.55,-46.02,53,233,-927,448
2025-09-01 23:43:47.940500,135.135,127.335,22.815,141.96,127.725,14.625,42.315000000000005,8.385,55,234,-929,512
2025-09-01 23:43:47.951875,165.555,172.185,59.28,172.57500000000002,164.775,45.435,-6.825,29.64,53,233,-927,448
2025-09-01 23:43:47.963250,124.02,129.285,5.46,117.78,109.005,-6.825,13.455,-46.02,50,233,-927,448
2025-09-01 23:43:47.986000,71.565,54.795,-72.54,40.56,27.495,-84.825,-49.53,-95.745,50,230,-921,448
2025-09-01 23:43:47.997375,15.015,-23.01,-136.5,-39.0,-49.725,-147.81,-116.025,-144.3,55,234,-934,512
2025-09-01 23:43:48.008750,58.89,22.425,-64.74000000000001,26.52,12.87,-73.905,-67.665,-72.93,51,228,-927,512
2025-09-01 23:43:48.020125,31.98,-6.63,-104.52,-8.385,-27.105,-116.805,-96.72,-101.595,51,228,-927,512
2025-09-01 23:43:48.031500,-7.0200000000000005,-46.605,-155.805,-76.245,-82.485,-164.775,-159.9,-157.365,52,229,-926,512
2025-09-01 23:43:48.042875,-23.79,-83.655,-180.765,-104.13,-108.81,-190.905,-170.82,-155.805,51,227,-925,448
2025-09-01 23:43:48.054250,0.0,-39.78,-136.305,-46.41,-57.135000000000005,-137.085,-125.97,-110.955,52,228,-920,448
2025-09-01 23:43:48.077000,54.6,42.51,-59.475,23.205,16.77,-62.205000000000005,-50.115,-47.385000000000005,52,228,-920,448
2025-09-01 23:43:48.091625,97.11,91.26,14.625,95.16,77.415,17.745,16.575,12.48,53,230,-936,512
2025-09-01 23:43:48.106250,93.6,44.85,-25.35,42.315000000000005,36.27,-25.74,-15.99,-10.335,49,221,-919,448
2025-09-01 23:43:48.120875,114.465,74.49000000000001,7.995,77.025,72.15,7.995,18.915,9.165,49,221,-919,448
2025-09-01 23:43:48.135500,143.715,111.15,69.81,127.335,118.56,75.465,90.675,71.76,52,224,-926,448
2025-09-01 23:43:48.150125,184.86,156.0,115.05,166.725,152.1,105.885,114.855,84.045,51,220,-919,448
2025-09-01 23:43:48.164750,155.805,112.905,63.96,119.535,102.96,50.115,66.885,45.045,53,217,-921,512
2025-09-01 23:43:48.194000,112.905,46.995000000000005,-17.745,46.605,26.91,-28.275,-22.23,-28.47,53,217,-921,512
2025-09-01 23:43:48.201750,65.52,-17.55,-85.8,-22.23,-42.705,-86.19,-146.055,-65.91,53,211,-933,448
2025-09-01 23:43:48.209500,95.16,13.65,-28.665000000000003,12.675,-11.115,-42.120000000000005,-33.735,-27.495,50,218,-910,448
2025-09-01 23:43:48.217250,69.22500000000001,-11.895,-63.18,-32.175000000000004,-41.535,-72.345,-62.985,-56.940000000000005,50,218,-910,448
2025-09-01 23:43:48.225000,43.68,-58.695,-123.435,-69.42,-93.6,-122.655,-118.365,-114.855,56,221,-915,448
2025-09-01 23:43:48.232750,5.46,-100.035,-160.095,-104.52,-120.315,-166.725,-148.785,-126.555,54,218,-913,448
2025-09-01 23:43:48.240500,39.78,-56.355,-117.0,-54.405,-73.71000000000001,-114.66,-100.815,-83.46000000000001,55,221,-917,448
2025-09-01 23:43:48.256000,91.065,16.965,-34.71,16.77,7.215,-34.905,-23.595,-14.235,56,220,-929,448
2025-09-01 23:43:48.267125,143.32500000000002,79.17,25.545,95.355,75.855,30.03,38.805,39.195,52,219,-920,448
2025-09-01 23:43:48.278250,91.26,17.745,-25.155,19.11,-4.29,-34.515,-28.86,-11.115,54,224,-920,448
2025-09-01 23:43:48.289375,67.665,-14.43,-61.815000000000005,-16.77,-40.755,-67.08,-55.77,-39.585,54,224,-920,448
2025-09-01 23:43:48.300500,35.49,-69.61500000000001,-113.1,-89.7,-99.06,-124.41,-126.165,-98.085,51,217,-922,448
2025-09-01 23:43:48.311625,-47.190000000000005,-122.85,-163.60500000000002,-135.525,-152.685,-158.925,-199.29,-120.51,47,214,-921,512
2025-09-01 23:43:48.322750,2.145,-71.955,-129.675,-78.97500000000001,-87.36,-114.66,-212.94,-85.995,48,218,-918,448
2025-09-01 23:43:48.345000,54.21,-0.39,-46.41,-9.165,-11.895,-24.18,-28.275,-33.15,51,218,-921,448
2025-09-01 23:43:48.352500,95.55,62.595,38.61,52.845,50.895,41.535,62.010000000000005,51.870000000000005,54,219,-918,512
2025-09-01 23:43:48.360000,-364.065,-264.03000000000003,-303.615,-483.015,-319.8,-257.205,-396.63,-274.755,50,218,-905,512
2025-09-01 23:43:48.367500,-317.85,-211.38,-276.705,-420.615,-267.345,-226.395,-380.055,-267.735,50,218,-905,512
2025-09-01 23:43:48.375000,-426.66,-208.065,-265.98,-495.105,-274.365,-206.505,-410.865,-312.78000000000003,47,216,-917,448
2025-09-01 23:43:48.382500,-295.815,-149.37,-230.1,-370.89,-197.925,-173.94,-363.48,-248.04,53,210,-915,448
2025-09-01 23:43:48.390000,-225.615,-153.85500000000002,-240.045,-318.825,-186.615,-191.49,-339.3,-236.925,60,209,-925,448
2025-09-01 23:43:48.405000,-314.14500000000004,-250.575,-302.64,-441.48,-303.225,-267.735,-402.87,-298.74,53,212,-917,448
2025-09-01 23:43:48.416375,-408.72,-323.89500000000004,-387.465,-541.905,-363.87,-338.91,-503.88,-378.105,54,214,-915,448
2025-09-01 23:43:48.427750,-341.055,-252.525,-305.37,-436.02,-234.585,-249.795,-377.91,-234.195,51,223,-924,448
2025-09-01 23:43:48.439125,-321.165,-221.91,-272.415,-409.695,-206.115,-221.52,-358.605,-234.0,51,223,-924,448
2025-09-01 23:43:48.450500,-450.645,-232.635,-229.32,-522.99,-226.785,-165.36,-328.185,-183.495,57,222,-921,448
2025-09-01 23:43:48.461875,-184.665,-101.01,-143.13,-239.07,-61.815000000000005,-94.575,-227.76,-108.225,65,221,-926,448
2025-09-01 23:43:48.473250,-213.135,-144.69,-180.375,-308.49,-119.145,-140.79,-268.90500000000003,-145.86,69,218,-926,384
2025-09-01 23:43:48.496000,-337.74,-256.23,-278.07,-428.415,-239.07,-236.34,-372.84,-233.415,62,221,-926,512
2025-09-01 23:43:48.507250,-380.445,-310.44,-360.945,-502.515,-295.62,-314.925,-460.395,-323.115,58,222,-923,448
2025-09-01 23:43:48.518500,-186.81,-201.63,-239.46,-316.875,-109.395,-181.35,-326.43,-145.86,51,239,-926,448
2025-09-01 23:43:48.529750,-241.215,-232.05,-278.265,-376.74,-148.59,-227.37,-359.19,-183.105,52,239,-929,448
2025-09-01 23:43:48.541000,-277.485,-278.07,-330.72,-421.59,-187.98,-283.92,-412.425,-232.44,52,239,-929,448
2025-09-01 23:43:48.552250,-310.635,-336.96000000000004,-392.535,-456.3,-233.61,-335.595,-479.895,-288.21000000000004,52,234,-931,512
2025-09-01 23:43:48.563500,-291.135,-293.28000000000003,-356.07,-413.985,-186.03,-294.45,-438.945,-243.165,54,236,-929,512
2025-09-01 23:43:48.586000,-232.05,-212.745,-246.48,-344.37,-99.255,-179.595,-295.035,-122.655,50,238,-933,448
2025-09-01 23:43:48.597875,-213.72,-154.83,-171.405,-283.14,-40.95,-106.08,-238.485,-75.27,50,238,-932,512
2025-09-01 23:43:48.609750,-72.93,-122.46,-148.005,-149.175,14.625,-103.74,-216.645,-59.28,51,229,-924,448
2025-09-01 23:43:48.621625,-151.32,-171.405,-191.295,-218.985,-39.78,-153.07500000000002,-253.5,-89.11500000000001,53,226,-920,448
2025-09-01 23:43:48.633500,-187.395,-206.895,-259.935,-277.68,-89.50500000000001,-214.305,-322.33500000000004,-148.20000000000002,53,226,-920,448
2025-09-01 23:43:48.645375,-179.205,-228.345,-304.98,-300.105,-101.79,-255.255,-359.19,-184.47,46,231,-920,448
2025-09-01 23:43:48.657250,-249.015,-217.62,-258.375,-327.6,-103.155,-198.705,-308.1,-134.55,47,225,-911,384
2025-09-01 23:43:48.681000,-228.345,-166.725,-157.56,-285.48,-38.805,-101.595,-189.735,-47.385000000000005,47,226,-914,448
2025-09-01 23:43:48.691375,-14.04,-52.65,-86.19,-57.72,98.28,-43.095,-134.35500000000002,28.275,45,223,-911,512
2025-09-01 23:43:48.701750,-35.88,-61.620000000000005,-104.52,-45.825,82.485,-60.84,-112.32,34.515,39,223,-906,448
2025-09-01 23:43:48.712125,-27.69,-33.54,-53.04,-19.305,110.76,-14.04,-56.940000000000005,33.15,38,221,-906,384
2025-09-01 23:43:48.722500,-55.77,-12.09,-29.64,-30.225,125.58,28.275,-49.92,90.675,38,221,-906,448
2025-09-01 23:43:48.732875,-170.43,-20.085,73.125,-56.355,115.83,104.52,61.620000000000005,190.32,39,220,-908,448
2025-09-01 23:43:48.743250,-116.61,-20.865,30.03,-3.51,127.53,57.915,-2.535,147.81,39,220,-908,448
2025-09-01 23:43:48.764000,52.65,-32.76,-64.545,-20.865,93.795,-42.120000000000005,-72.54,20.085,40,216,-906,448
2025-09-01 23:43:48.772000,-113.295,-130.845,-183.495,-117.0,-6.4350000000000005,-131.235,-217.425,-38.22,42,214,-903,384
2025-09-01 23:43:48.780000,-104.52,-56.55,-55.77,0.195,56.745000000000005,-19.89,-81.51,-3.315,49,240,-937,512
2025-09-01 23:43:48.788000,-85.605,-53.82,-12.48,-1.755,62.400000000000006,34.905,-4.68,93.795,44,234,-921,448
2025-09-01 23:43:48.796000,-87.75,17.745,76.245,9.165,112.125,113.685,94.575,208.65,46,239,-921,448
2025-09-01 23:43:48.804000,148.59,114.075,150.93,251.94,242.97,161.46,175.695,221.52,48,240,-918,448
2025-09-01 23:43:48.812000,95.16,87.94500000000001,55.185,193.635,195.975,77.61,65.52,121.29,48,240,-918,448
2025-09-01 23:43:48.828000,76.44,7.800000000000001,-15.015,100.62,127.14,31.785,-59.085,127.335,44,239,-918,448
2025-09-01 23:43:48.838875,25.155,-64.155,-66.885,51.09,53.04,-30.42,-35.49,71.565,49,239,-924,448
2025-09-01 23:43:48.849750,-153.66,-22.815,43.68,1.95,40.755,55.185,69.42,111.54,55,240,-906,448
2025-09-01 23:43:48.860625,-127.53,-33.93,-1.56,-17.16,28.47,7.995,19.5,67.665,47,243,-909,512
2025-09-01 23:43:48.871500,35.1,-19.5,-55.77,82.29,60.84,-43.29,-48.36,39.78,48,254,-918,512
2025-09-01 23:43:48.882375,8.97,-81.9,-90.48,46.8,0.0,-66.105,-44.85,41.535,50,252,-921,448
2025-09-01 23:43:48.893250,8.385,-52.260000000000005,-39.975,67.47,40.56,-12.48,-48.945,95.16,50,252,-921,448
2025-09-01 23:43:48.915000,24.18,22.035,16.38,121.68,98.28,36.465,62.205000000000005,106.47,43,250,-923,448
2025-09-01 23:43:48.930000,101.205,101.595,102.18,194.025,202.41,126.555,152.88,188.955,50,248,-923,448
2025-09-01 23:43:48.945000,155.805,111.735,183.495,238.095,147.42000000000002,178.035,299.71500000000003,259.15500000000003,43,248,-925,512
2025-09-01 23:43:48.960000,40.365,120.12,205.725,212.355,159.705,200.265,264.03000000000003,278.07,49,245,-916,512
2025-09-01 23:43:48.975000,413.79,232.05,230.295,483.795,328.77000000000004,231.855,315.315,275.925,50,247,-920,384
2025-09-01 23:43:48.990000,434.265,300.105,317.265,501.15,358.21500000000003,302.055,390.39,369.915,47,246,-922,448
2025-09-01 23:43:49.005000,266.955,215.475,240.045,403.26,275.535,212.16,301.665,250.38,47,246,-922,448
2025-09-01 23:43:49.035000,381.42,174.525,216.45,429.39,246.87,196.56,323.89500000000004,318.63,54,238,-912,448
2025-09-01 23:43:49.046625,395.85,145.275,134.745,360.165,180.765,107.835,223.275,199.68,53,235,-918,448
2025-09-01 23:43:49.058250,9.36,-46.41,62.595,-30.615,-26.715,63.96,128.895,161.85,40,239,-892,448
2025-09-01 23:43:49.069875,231.27,36.465,87.36,262.665,105.3,79.17,116.22,107.055,48,235,-901,512
2025-09-01 23:43:49.081500,358.21500000000003,149.37,129.675,349.83,183.3,140.79,186.81,218.4,47,233,-906,512
2025-09-01 23:43:49.093125,368.745,190.905,176.475,322.14,225.42,171.6,234.78,238.095,47,233,-910,384
2025-09-01 23:43:49.104750,348.27000000000004,133.38,146.25,339.885,184.86,138.645,209.235,217.815,47,233,-910,384
2025-09-01 23:43:49.128000,221.13,65.715,79.36500000000001,216.255,81.51,68.83500000000001,130.845,150.735,57,241,-915,512
2025-09-01 23:43:49.138875,155.61,-7.605,-0.78,107.25,-8.58,-7.995,46.215,68.64,52,242,-909,448
2025-09-01 23:43:49.149750,172.185,84.435,101.4,181.935,88.33500000000001,92.82,163.8,104.325,49,254,-923,448
2025-09-01 23:43:49.160625,147.81,56.940000000000005,70.005,146.835,49.335,58.89,125.97,88.53,49,254,-923,448
2025-09-01 23:43:49.171500,73.515,-5.07,15.6,67.86,-13.65,-1.56,64.155,25.155,49,254,-921,512
2025-09-01 23:43:49.182375,62.79,-58.89,-54.21,38.22,-54.795,-57.72,-9.165,-12.09,52,248,-924,448
2025-09-01 23:43:49.193250,135.72,-7.41,0.0,84.825,4.29,-2.535,63.375,33.345,52,248,-924,448
2025-09-01 23:43:49.215000,206.505,71.76,83.265,213.72,92.625,79.75500000000001,153.85500000000002,109.005,58,241,-920,448
2025-09-01 23:43:49.226375,216.645,142.155,165.36,250.77,152.49,158.925,226.2,178.425,55,244,-912,448
2025-09-01 23:43:49.237750,179.595,118.56,144.3,246.285,120.705,119.925,202.02,124.8,52,250,-912,448
2025-09-01 23:43:49.249125,241.605,112.125,104.715,280.41,101.79,78.0,104.325,66.495,49,250,-912,448
2025-09-01 23:43:49.260500,241.995,74.295,59.67,209.04,65.13,36.27,103.74,59.865,49,250,-916,448
2025-09-01 23:43:49.271875,53.625,-6.045,13.26,107.25,-24.57,-1.755,101.985,11.505,50,244,-916,448
2025-09-01 23:43:49.283250,107.445,30.615,58.695,117.195,-0.975,52.260000000000005,127.92,96.525,52,250,-924,448
2025-09-01 23:43:49.306000,227.565,117.975,138.255,259.935,106.08,133.965,196.365,143.91,52,250,-924,448
2025-09-01 23:43:49.317250,281.97,191.685,197.925,345.54,188.565,182.52,268.90500000000003,187.395,60,247,-923,448
2025-09-01 23:43:49.328500,45.24,26.130000000000003,15.6,56.55,-50.895,11.115,1.56,-19.11,48,243,-918,448
2025-09-01 23:43:49.339750,30.615,50.31,23.79,48.555,-35.49,37.44,12.87,-0.195,48,243,-918,448
2025-09-01 23:43:49.351000,34.905,87.36,90.09,67.47,-1.365,96.135,95.355,79.95,41,241,-917,448
2025-09-01 23:43:49.362250,51.675,143.715,161.46,122.85,45.435,146.64,160.68,112.125,49,241,-915,448
2025-09-01 23:43:49.373500,-7.215,80.73,108.03,20.475,-26.130000000000003,90.09,98.085,60.645,50,244,-913,448
2025-09-01 23:43:49.396000,-184.665,-31.785,37.05,-179.985,-142.935,27.69,26.325,8.775,50,244,-913,448
2025-09-01 23:43:49.403250,-128.31,-73.71000000000001,-47.97,-89.11500000000001,-171.99,-56.745000000000005,-70.2,-87.75,41,243,-902,448
2025-09-01 23:43:49.410500,-58.695,1.56,38.415,-52.065000000000005,-75.27,34.71,48.945,19.305,42,238,-907,512
2025-09-01 23:43:49.417750,-7.800000000000001,44.85,72.54,16.185000000000002,-27.69,72.54,81.9,45.63,42,238,-907,512
2025-09-01 23:43:49.425000,54.795,96.33,117.0,82.29,29.835,131.43,122.265,88.14,34,233,-900,448
2025-09-01 23:43:49.432250,97.5,163.60500000000002,191.88,148.395,95.355,186.615,138.84,144.10500000000002,38,240,-904,512
2025-09-01 23:43:49.439500,65.91,125.58,157.17000000000002,101.4,47.775,142.74,175.89,84.24000000000001,39,244,-911,448
2025-09-01 23:43:49.454000,22.23,61.425,97.695,12.285,-32.565,70.98,124.605,43.875,39,244,-911,448
2025-09-01 23:43:49.465375,-29.055,-1.365,23.205,-35.685,-94.575,2.535,41.145,-4.095,35,245,-904,512
2025-09-01 23:43:49.476750,195.0,138.645,157.56,222.3,73.71000000000001,114.465,179.4,114.465,63,259,-912,512
2025-09-01 23:43:49.488125,137.085,102.96,96.33,152.29500000000002,27.105,61.23,100.815,43.68,63,259,-912,512
2025-09-01 23:43:49.499500,-53.43,0.975,39.585,-38.805,-91.26,11.115,70.395,21.84,70,267,-913,512
2025-09-01 23:43:49.510875,-47.190000000000005,-35.295,-32.76,-76.635,-122.07,-67.47,4.485,-90.48,70,262,-917,512
2025-09-01 23:43:49.522250,69.42,14.625,-11.115,57.330000000000005,-49.53,-35.49,42.120000000000005,-34.125,67,258,-915,448
2025-09-01 23:43:49.545000,120.705,68.055,106.665,128.505,-0.78,93.99,159.51000000000002,118.56,67,258,-915,384
2025-09-01 23:43:49.560000,105.885,116.22,177.84,132.99,52.845,154.63500000000002,217.23,151.71,66,251,-914,448
2025-09-01 23:43:49.575000,-54.99,-11.115,8.97,-78.0,-80.34,-6.045,-6.63,-30.42,63,249,-934,448
2025-09-01 23:43:49.590000,-23.595,22.425,57.330000000000005,-39.195,-38.025,37.245000000000005,35.295,9.555,63,249,-934,448
2025-09-01 23:43:49.605000,1.755,69.61500000000001,113.49,8.19,8.385,99.645,110.175,62.400000000000006,60,252,-917,512
2025-09-01 23:43:49.620000,55.185,140.985,184.86,78.78,74.88,167.895,178.23000000000002,116.025,57,243,-915,448
2025-09-01 23:43:49.635000,38.805,111.345,156.78,43.485,37.83,129.285,135.525,83.46000000000001,61,244,-915,448
2025-09-01 23:43:49.665000,-2.9250000000000003,50.895,86.385,-22.815,-35.49,58.89,65.52,22.23,63,244,-919,384
2025-09-01 23:43:49.672625,-48.36,-25.935,11.7,-87.555,-102.96,-11.115,-1.95,-31.395,62,241,-915,384
2025-09-01 23:43:49.680250,192.66,124.8,148.20000000000002,132.6,76.83,111.54,154.83,89.31,64,245,-906,320
2025-09-01 23:43:49.687875,159.315,83.265,102.375,87.36,33.54,70.785,117.0,47.190000000000005,64,245,-906,320
2025-09-01 23:43:49.695500,124.8,33.735,48.36,-18.915,-24.96,10.53,67.47,6.4350000000000005,58,251,-906,448
2025-09-01 23:43:49.703125,-6.63,-64.155,-32.370000000000005,-17.16,-110.76,-67.47,-10.725,-56.355,65,253,-912,448
2025-09-01 23:43:49.710750,-84.435,-31.785,0.78,-12.285,-72.93,-26.715,56.16,-17.16,62,256,-919,512
2025-09-01 23:43:49.726000,159.12,68.83500000000001,95.55,55.575,18.33,77.805,106.665,59.475,60,250,-912,512
2025-09-01 23:43:49.737750,254.865,168.675,165.75,180.375,129.675,139.62,193.44,96.72,63,248,-910,384
2025-09-01 23:43:49.749500,37.05,0.78,7.215,-26.52,-69.61500000000001,-6.24,-15.405,-56.355,63,256,-912,448
2025-09-01 23:43:49.761250,64.155,-4.485,-32.370000000000005,19.89,-72.15,-47.775,-46.995000000000005,-79.95,63,256,-912,384
2025-09-01 23:43:49.773000,47.385000000000005,-59.085,-32.175000000000004,-36.66,-133.185,-51.675,-29.25,-36.27,64,252,-902,384
2025-09-01 23:43:49.784750,-81.705,-137.865,-114.465,-195.975,-226.785,-131.82,-128.895,-126.75,62,255,-910,512
2025-09-01 23:43:49.796500,-86.97,-123.24,-103.935,-179.4,-206.505,-113.88,-91.26,-104.52,53,260,-925,448
2025-09-01 23:43:49.820000,-3.705,-37.44,-25.74,-29.25,-95.94,-32.370000000000005,-41.925,-59.67,58,258,-918,448
2025-09-01 23:43:49.830625,62.400000000000006,39.78,53.235,14.43,-34.32,44.655,32.370000000000005,33.735,60,257,-911,448
2025-09-01 23:43:49.841250,53.235,26.130000000000003,54.99,-21.45,2.535,40.17,61.23,21.645,60,270,-924,384
2025-09-01 23:43:49.851875,86.97,63.96,98.865,8.58,34.125,82.875,111.15,56.745000000000005,59,268,-927,448
2025-09-01 23:43:49.862500,109.98,106.665,147.615,61.23,85.8,130.65,154.245,99.45,59,268,-927,448
2025-09-01 23:43:49.873125,167.70000000000002,186.615,223.08,138.645,161.85,201.24,227.76,158.73000000000002,67,274,-935,448
2025-09-01 23:43:49.883750,165.165,157.56,194.61,108.03,123.24,163.995,193.635,132.6,67,271,-954,448
2025-09-01 23:43:49.905000,122.265,81.315,129.09,50.31,51.09,90.09,124.995,78.39,65,274,-944,448
2025-09-01 23:43:49.916250,51.285,-8.19,39.195,-28.08,-24.375,20.28,46.02,-10.14,61,274,-937,448
2025-09-01 23:43:49.927500,206.31,97.695,138.84,118.365,58.89,102.96,143.715,93.405,66,258,-906,384
2025-09-01 23:43:49.938750,213.525,69.42,94.965,80.535,18.525,53.82,107.25,41.925,64,252,-907,448
2025-09-01 23:43:49.950000,280.21500000000003,44.46,37.44,80.535,19.11,0.78,56.16,15.795,64,252,-907,448
2025-09-01 23:43:49.961250,225.03,-17.355,-16.185000000000002,7.0200000000000005,-65.715,-46.995000000000005,5.8500000000000005,-20.28,53,250,-900,384
2025-09-01 23:43:49.972500,200.46,1.56,1.755,7.0200000000000005,-40.365,-24.96,25.74,-17.55,53,254,-895,512
2025-09-01 23:43:49.995000,208.65,53.82,49.92,56.355,30.225,32.370000000000005,47.775,2.9250000000000003,57,252,-899,448
2025-09-01 23:43:50.006375,246.09,121.485,125.58,151.125,108.03,101.4,134.745,72.15,55,248,-898,448
2025-09-01 23:43:50.017750,38.025,-39.585,26.130000000000003,-34.32,-87.165,-4.485,-16.965,-51.870000000000005,61,255,-901,448
2025-09-01 23:43:50.029125,162.63,-28.47,-7.215,26.715,-72.345,-47.775,-19.305,-57.915,59,252,-902,448
2025-09-01 23:43:50.040500,31.59,-84.63000000000001,-49.53,-8.58,-153.07500000000002,-73.125,-66.69,-69.03,59,252,-902,448
2025-09-01 23:43:50.051875,49.725,-139.23000000000002,-172.77,-178.23000000000002,-216.06,-180.765,-216.255,-198.12,59,245,-905,384
2025-09-01 23:43:50.063250,23.595,-120.9,-119.34,-94.965,-177.645,-133.38,-138.84,-130.65,59,249,-909,384
2025-09-01 23:43:50.086000,64.545,-63.375,-28.665000000000003,-48.36,-119.34,-38.22,-31.59,-49.92,63,257,-910,448
2025-09-01 23:43:50.100750,95.55,-6.24,53.625,27.3,-43.875,40.365,31.395,15.21,63,258,-909,448
2025-09-01 23:43:50.115500,58.305,23.985,67.86,-47.97,1.17,44.85,78.0,39.975,58,258,-907,512
2025-09-01 23:43:50.130250,74.49000000000001,58.305,104.52,8.385,37.635,84.435,116.025,69.42,53,261,-909,448
2025-09-01 23:43:50.145000,88.92,101.79,151.71,80.145,93.21,129.285,157.365,109.395,56,271,-921,448
2025-09-01 23:43:50.159750,174.13500000000002,184.665,229.515,157.755,172.57500000000002,202.8,229.32,167.31,57,274,-926,448
2025-09-01 23:43:50.174500,155.22,157.56,200.85,112.515,138.06,169.455,191.295,138.45000000000002,57,274,-926,448
2025-09-01 23:43:50.204000,106.47,93.795,119.34,46.215,63.375,93.405,38.22,87.36,62,276,-927,448
2025-09-01 23:43:50.215250,54.015,22.425,44.46,-28.86,-8.775,18.72,68.44500000000001,-7.215,61,273,-929,512
2025-09-01 23:43:50.226500,171.79500000000002,117.0,145.08,126.555,78.58500000000001,103.155,146.25,86.58,58,259,-921,448
2025-09-01 23:43:50.237750,147.225,91.845,94.185,90.285,58.5,53.82,87.555,35.1,57,264,-913,448
2025-09-01 23:43:50.249000,108.225,28.665000000000003,30.615,33.93,0.39,-8.775,34.515,-12.09,59,262,-912,448
2025-09-01 23:43:50.260250,-81.51,-37.05,-23.4,-86.19,-91.455,-70.785,-4.875,-37.635,61,260,-913,448
2025-09-01 23:43:50.271500,6.63,-8.775,-10.725,-101.4,-51.285,-43.095,39.195,-60.06,61,260,-913,448
2025-09-01 23:43:50.294000,122.07,59.475,63.375,67.665,42.705,42.315000000000005,40.56,15.015,49,262,-903,448
2025-09-01 23:43:50.301500,245.505,151.125,123.045,214.695,153.66,103.74,156.78,81.9,53,263,-910,448
2025-09-01 23:43:50.309000,18.525,9.36,5.46,-14.82,-44.265,-9.555,5.265000000000001,-23.4,65,248,-925,448
2025-09-01 23:43:50.316500,55.965,50.31,47.190000000000005,30.615,-8.97,32.565,49.725,14.04,66,245,-925,512
2025-09-01 23:43:50.324000,55.38,73.905,101.79,56.55,24.57,99.255,90.285,65.715,65,245,-918,448
2025-09-01 23:43:50.331500,85.995,113.49,202.8,143.91,74.49000000000001,189.15,183.885,147.81,62,245,-916,448
2025-09-01 23:43:50.339000,-11.505,91.845,172.57500000000002,117.78,49.335,144.69,158.535,109.59,62,245,-916,448
2025-09-01 23:43:50.354000,80.535,64.74000000000001,101.79,-22.23,15.6,69.61500000000001,80.535,55.77,72,244,-909,448
2025-09-01 23:43:50.365375,3.9,-2.73,25.935,-19.89,-50.895,9.165,13.845,-4.875,65,248,-909,448
2025-09-01 23:43:50.376750,73.32000000000001,-16.77,120.51,66.69,-21.645,117.975,125.97,115.44,63,257,-916,448
2025-09-01 23:43:50.388125,55.77,6.045,139.035,85.41,1.95,135.525,146.64,115.83,59,248,-905,512
2025-09-01 23:43:50.399500,9.555,23.205,181.935,85.02,25.35,182.52,209.04,183.495,57,248,-905,384
2025-09-01 23:43:50.410875,150.54,93.795,290.355,213.915,106.275,292.89,321.75,280.8,56,252,-906,448
2025-09-01 23:43:50.422250,36.465,84.63000000000001,289.185,190.515,75.855,271.83,295.425,261.885,56,252,-906,448
2025-09-01 23:43:50.445000,106.08,18.525,186.615,53.04,21.84,171.21,133.57500000000002,151.515,53,250,-897,448
2025-09-01 23:43:50.452625,52.845,-44.655,92.625,61.035,-78.0,73.515,85.215,75.075,46,251,-904,512
2025-09-01 23:43:50.460250,-100.425,-108.42,-3.12,-36.66,-138.645,3.315,-27.495,-30.225,64,269,-918,512
2025-09-01 23:43:50.467875,-135.135,-149.76,-43.29,-89.11500000000001,-179.985,-39.0,-76.635,-66.885,64,269,-918,512
2025-09-01 23:43:50.475500,-177.255,-191.685,-95.16,-143.13,-219.57,-95.16,-133.77,-113.295,62,267,-917,384
2025-09-01 23:43:50.483125,-237.705,-272.415,-178.23000000000002,-241.8,-306.15000000000003,-165.555,-207.09,-177.45000000000002,63,263,-917,384
2025-09-01 23:43:50.490750,-242.97,-249.405,-156.975,-231.27,-284.115,-133.77,-173.35500000000002,-140.79,63,263,-917,384
2025-09-01 23:43:50.506000,-196.365,-185.835,-69.61500000000001,-151.905,-203.97,-53.235,-77.415,-63.18,65,254,-927,448
2025-09-01 23:43:50.517250,-144.3,-105.3,7.995,-60.645,-111.54,25.74,1.755,-12.87,63,257,-912,512
2025-09-01 23:43:50.528500,-63.18,-35.88,80.73,-27.3,-16.185000000000002,81.9,-0.975,58.89,66,260,-909,448
2025-09-01 23:43:50.539750,-68.64,-71.955,40.56,-68.83500000000001,-43.875,46.605,10.53,17.94,66,260,-909,448
2025-09-01 23:43:50.551000,-109.785,-113.88,2.535,-101.79,-78.39,-13.455,25.74,-47.385000000000005,68,257,-910,384
2025-09-01 23:43:50.562250,-163.02,-170.04,-63.765,-205.53,-168.285,-69.42,-61.815000000000005,-76.245,67,260,-915,448
2025-09-01 23:43:50.573500,-129.285,-142.35,-48.555,-174.33,-119.145,-46.215,-30.03,-51.285,51,260,-915,448
2025-09-01 23:43:50.596000,-71.955,-70.2,16.575,-81.9,-40.365,14.625,37.635,10.335,61,260,-914,448
2025-09-01 23:43:50.603375,9.165,24.57,104.325,13.065,65.715,99.255,119.145,68.055,69,258,-922,512
2025-09-01 23:43:50.610750,62.985,18.72,77.805,-16.575,60.255,59.865,138.45000000000002,25.35,57,255,-908,512
2025-09-01 23:43:50.618125,81.51,57.915,100.035,81.51,96.915,87.165,119.73,62.985,57,255,-908,512
2025-09-01 23:43:50.625500,72.345,92.235,125.58,92.04,137.865,118.755,125.19,49.335,57,255,-911,384
2025-09-01 23:43:50.632875,128.115,163.60500000000002,257.595,205.725,228.93,233.61,290.16,186.42,61,259,-913,448
2025-09-01 23:43:50.640250,161.265,156.78,254.28,192.465,203.58,218.985,286.845,187.2,65,259,-910,448
2025-09-01 23:43:50.655000,106.275,85.995,142.155,104.715,126.36,118.56,146.445,41.925,65,259,-910,448
2025-09-01 23:43:50.666250,43.485,7.41,-1.365,5.655,35.685,-17.745,-27.3,-94.38,67,258,-922,448
2025-09-01 23:43:50.677500,-180.18,-91.845,-74.10000000000001,-185.25,-94.185,-63.18,-63.18,-135.915,59,267,-913,448
2025-09-01 23:43:50.688750,-98.28,-32.175000000000004,-4.875,-99.84,-21.645,-7.0200000000000005,4.68,-57.135000000000005,59,267,-913,448
2025-09-01 23:43:50.700000,-48.165,-25.35,23.595,-62.985,13.455,25.935,-9.945,-46.8,66,263,-914,512
2025-09-01 23:43:50.711250,-98.67,45.825,100.23,-40.17,53.235,108.03,85.215,28.275,65,264,-915,448
2025-09-01 23:43:50.722500,-125.385,29.835,87.75,-90.09,17.94,91.65,63.96,6.63,60,264,-916,512
2025-09-01 23:43:50.745000,-185.25,-43.68,16.38,-165.555,-50.505,10.53,-12.87,-61.23,60,264,-916,512
2025-09-01 23:43:50.756125,-178.62,-113.49,-63.57,-175.89,-107.64,-68.64,-84.63000000000001,-113.1,64,260,-905,512
2025-09-01 23:43:50.767250,47.97,54.015,66.495,-29.835,69.42,47.58,60.84,-3.9,60,265,-914,512
2025-09-01 23:43:50.778375,0.975,9.36,20.67,-66.495,32.370000000000005,2.535,15.795,-34.71,60,265,-914,512
2025-09-01 23:43:50.789500,-26.130000000000003,-35.88,-27.105,-119.925,-29.445,-42.120000000000005,-104.715,-57.330000000000005,60,264,-928,384
2025-09-01 23:43:50.800625,-54.21,-87.94500000000001,-112.125,-195.78,-98.865,-133.38,-86.97,-151.71,60,263,-919,448
2025-09-01 23:43:50.811750,-41.73,-76.83,-96.135,-172.965,-67.47,-107.445,-50.31,-103.155,57,263,-916,448
2025-09-01 23:43:50.834000,16.575,-7.0200000000000005,-27.105,-93.015,8.385,-34.71,3.705,-50.505,60,270,-917,448
2025-09-01 23:43:50.845625,73.71000000000001,73.125,54.015,-14.43,86.385,58.11,75.855,9.75,60,268,-916,448
2025-09-01 23:43:50.857250,195.39,103.35,10.92,4.095,81.315,-4.29,26.91,-33.93,60,259,-903,448
2025-09-01 23:43:50.868875,211.77,142.35,57.72,61.425,137.28,40.17,84.435,6.4350000000000005,60,259,-903,448
2025-09-01 23:43:50.880500,243.555,188.565,114.855,115.635,183.885,95.355,152.88,67.665,65,262,-908,448
2025-09-01 23:43:50.892125,310.635,243.75,179.01000000000002,203.19,249.015,166.92000000000002,205.92,62.595,63,258,-908,448
2025-09-01 23:43:50.903750,251.55,217.035,166.335,169.065,203.775,158.925,172.57500000000002,54.795,65,254,-903,512
2025-09-01 23:43:50.927000,119.145,167.115,100.62,77.025,169.845,88.14,94.77,28.665000000000003,64,252,-904,448
2025-09-01 23:43:50.941625,226.395,94.38,14.82,43.68,72.93,-8.385,13.845,-42.315000000000005,64,257,-907,448
2025-09-01 23:43:50.956250,5.8500000000000005,58.695,-7.800000000000001,-36.66,-10.53,-19.695,-21.255,-63.375,63,261,-912,448
2025-09-01 23:43:50.970875,100.815,28.47,-67.08,-68.64,-32.955,-82.095,-87.165,-110.76,63,261,-912,448
2025-09-01 23:43:50.985500,132.405,-27.69,-136.11,-10.14,-74.49000000000001,-140.595,-218.985,-140.985,71,269,-924,448
2025-09-01 23:43:51.000125,-6.045,-127.725,-204.555,-224.055,-202.8,-205.14,-173.94,-216.84,69,283,-914,448
2025-09-01 23:43:51.014750,-38.22,-127.53,-189.735,-215.085,-195.585,-188.37,-167.895,-188.955,60,278,-908,512
2025-09-01 23:43:51.044000,3.12,-64.545,-132.6,-109.785,-117.195,-122.265,-132.79500000000002,-138.645,55,275,-915,384
2025-09-01 23:43:51.051500,82.875,27.3,-58.305,-32.76,-25.35,-49.92,-70.2,-92.235,58,267,-918,512
2025-09-01 23:43:51.059000,52.065000000000005,18.72,-10.92,-82.485,-20.085,-27.69,-37.635,-74.10000000000001,64,270,-913,320
2025-09-01 23:43:51.066500,26.91,-27.105,-50.895,-135.33,-62.400000000000006,-60.45,-68.44500000000001,-96.72,62,274,-913,448
2025-09-01 23:43:51.074000,-6.63,-64.155,-100.035,-179.4,-105.885,-109.005,-116.025,-138.84,62,274,-913,448
2025-09-01 23:43:51.081500,-43.29,-131.43,-186.225,-253.305,-181.155,-187.785,-187.98,-194.805,72,268,-905,512
2025-09-01 23:43:51.089000,-33.345,-119.535,-166.53,-227.76,-156.78,-165.555,-167.895,-172.57500000000002,68,270,-914,448
2025-09-01 23:43:51.104000,29.055,-42.9,-93.795,-148.395,-81.12,-92.04,-101.01,-113.1,65,272,-914,384
2025-09-01 23:43:51.119500,93.6,43.875,-3.705,-54.795,15.99,4.29,-1.56,-33.93,62,273,-912,448
2025-09-01 23:43:51.135000,168.675,38.415,-23.4,1.56,2.535,-14.625,-2.9250000000000003,-27.69,69,272,-911,512
2025-09-01 23:43:51.150500,191.49,74.295,23.79,39.585,41.925,31.200000000000003,35.88,3.315,68,270,-913,512
2025-09-01 23:43:51.166000,223.275,124.215,83.46000000000001,85.02,102.18,93.6,91.26,51.870000000000005,68,270,-913,512
2025-09-01 23:43:51.181500,281.97,197.925,181.545,182.52,191.88,181.935,195.39,134.55,63,276,-922,448
2025-09-01 23:43:51.197000,279.435,198.51,169.65,169.065,167.115,153.465,178.425,114.27,61,277,-908,448
2025-09-01 23:43:51.228000,242.58,134.16,98.475,99.645,99.645,78.39,106.665,25.155,66,273,-909,384
2025-09-01 23:43:51.238750,173.94,47.58,-0.78,-22.23,7.800000000000001,-9.75,-3.705,-34.515,65,274,-909,448
2025-09-01 23:43:51.249500,177.45000000000002,50.895,-5.8500000000000005,43.68,-10.335,-9.555,8.385,-60.84,70,272,-903,448
2025-09-01 23:43:51.260250,130.065,-5.46,-65.13,-16.965,-68.25,-60.255,-86.58,-73.125,67,271,-908,512
2025-09-01 23:43:51.271000,74.685,-67.08,-111.54,-93.6,-133.77,-115.245,-130.455,-113.685,67,271,-908,512
2025-09-01 23:43:51.281750,-13.65,-158.925,-195.195,-204.36,-228.15,-200.85,-214.89,-187.395,64,268,-912,384
2025-09-01 23:43:51.292500,-21.645,-160.29,-194.805,-205.92,-211.38,-190.125,-207.09,-175.89,69,269,-905,384
2025-09-01 23:43:51.314000,9.555,-96.135,-125.58,-156.0,-148.005,-115.05,-146.64,-110.175,66,268,-910,384
2025-09-01 23:43:51.322375,61.620000000000005,-13.65,-44.85,-56.355,-59.28,-32.76,-115.44,-29.25,62,271,-911,448
2025-09-01 23:43:51.330750,119.145,40.17,15.405,-29.445,5.8500000000000005,8.775,16.38,-21.84,62,263,-903,448
2025-09-01 23:43:51.339125,84.63000000000001,-1.56,-19.305,-74.49000000000001,-36.855,-31.59,-42.120000000000005,-46.215,61,264,-917,448
2025-09-01 23:43:51.347500,67.47,-48.555,-75.465,-115.05,-84.435,-85.605,-170.625,-78.19500000000001,62,265,-917,384
2025-09-01 23:43:51.355875,22.035,-126.36,-155.61,-196.56,-164.775,-152.88,-155.415,-162.435,62,267,-913,384
2025-09-01 23:43:51.364250,19.695,-115.83,-148.59,-189.54,-151.125,-141.375,-127.92,-143.52,63,267,-913,384
2025-09-01 23:43:51.381000,73.32000000000001,-41.73,-79.95,-106.665,-75.465,-70.2,-64.74000000000001,-63.57,61,267,-910,448
2025-09-01 23:43:51.391500,142.155,38.415,13.065,-9.555,25.545,16.575,25.935,4.095,60,266,-907,448
2025-09-01 23:43:51.402000,119.535,10.53,-17.355,-38.22,-7.605,-17.16,-7.800000000000001,-16.77,70,258,-905,448
2025-09-01 23:43:51.412500,144.10500000000002,44.655,25.545,27.885,35.1,23.985,39.0,14.625,62,257,-915,448
2025-09-01 23:43:51.423000,170.04,93.795,81.9,111.15,75.27,74.88,81.315,90.48,58,258,-907,448
2025-09-01 23:43:51.433500,254.475,177.84,164.775,187.785,201.24,167.895,153.85500000000002,68.64,53,256,-908,448
2025-09-01 23:43:51.444000,249.99,180.57,158.145,196.365,189.54,155.61,149.37,110.37,53,256,-908,448
2025-09-01 23:43:51.465000,181.155,113.685,87.165,113.685,100.815,74.295,61.620000000000005,47.385000000000005,57,256,-915,448
2025-09-01 23:43:51.472875,153.465,24.57,7.995,41.73,-4.095,1.56,-4.095,-6.825,64,256,-909,448
2025-09-01 23:43:51.480750,-29.835,-14.82,-68.64,-122.265,-7.605,-43.68,-83.655,-105.69,77,264,-900,448
2025-09-01 23:43:51.488625,-47.97,-9.945,13.455,-147.42000000000002,-8.97,2.34,-21.84,0.585,68,264,-903,448
2025-09-01 23:43:51.496500,18.915,80.535,84.825,68.83500000000001,9.36,67.86,102.18,57.72,69,268,-904,384
2025-09-01 23:43:51.504375,269.49,190.515,197.925,190.71,187.59,188.76,260.91,186.42,68,267,-910,448
2025-09-01 23:43:51.512250,331.5,210.21,196.365,284.895,207.48,169.65,226.005,152.685,68,267,-910,448
2025-09-01 23:43:51.528000,298.74,145.275,94.185,257.595,124.995,66.495,98.865,47.58,58,261,-906,384
2025-09-01 23:43:51.539250,7.0200000000000005,-7.215,-37.05,-60.84,-68.44500000000001,-40.95,-54.6,-69.03,63,253,-910,448
2025-09-01 23:43:51.550500,3.51,-0.975,-36.075,-85.41,-42.9,-25.35,-42.315000000000005,-29.64,77,277,-916,384
2025-09-01 23:43:51.561750,-30.81,-50.7,-78.39,-128.505,-93.99,-64.35000000000001,-81.705,-64.155,68,270,-916,512
2025-09-01 23:43:51.573000,-67.665,-94.38,-120.315,-179.79,-151.71,-104.715,-116.22,-91.065,69,272,-917,448
2025-09-01 23:43:51.584250,-96.72,-157.365,-198.705,-256.815,-210.795,-189.735,-204.75,-164.58,71,271,-918,448
2025-09-01 23:43:51.595500,-97.305,-156.585,-200.655,-253.11,-205.53,-184.275,-192.855,-151.515,71,271,-918,448
2025-09-01 23:43:51.618000,-64.545,-102.765,-135.72,-181.545,-135.135,-110.76,-125.775,-88.53,65,274,-923,384
2025-09-01 23:43:51.628875,2.9250000000000003,-21.45,-33.54,-71.76,-39.195,-15.015,-20.085,-13.65,68,273,-922,512
2025-09-01 23:43:51.639750,59.865,-40.95,-43.875,-14.625,-15.405,-27.69,-31.785,-11.505,65,265,-920,448
2025-09-01 23:43:51.650625,96.915,1.755,9.165,35.295,34.71,22.425,23.4,30.81,68,262,-922,448
2025-09-01 23:43:51.661500,118.755,59.67,59.475,88.33500000000001,86.58,70.2,83.85000000000001,74.10000000000001,65,262,-917,448
2025-09-01 23:43:51.672375,167.31,138.45000000000002,145.665,167.895,165.36,162.04500000000002,158.535,141.375,62,261,-916,448
2025-09-01 23:43:51.683250,178.23000000000002,146.25,154.245,172.965,171.21,150.345,158.73000000000002,134.16,62,261,-916,448
2025-09-01 23:43:51.705000,134.35500000000002,79.56,84.435,102.96,93.21,84.24000000000001,89.895,76.83,64,254,-908,512
2025-09-01 23:43:51.720375,77.025,-3.51,-12.48,6.63,-1.365,-9.165,-6.24,2.535,57,259,-922,384
2025-09-01 23:43:51.735750,64.545,9.165,42.120000000000005,63.375,9.75,30.81,54.795,49.14,62,255,-895,448
2025-09-01 23:43:51.751125,40.755,-36.465,-17.355,10.14,-35.49,-32.565,-20.865,-19.89,62,255,-895,448
2025-09-01 23:43:51.766500,-8.97,-105.495,-107.055,-70.005,-106.86,-109.59,-122.46,-95.55,63,251,-899,384
2025-09-01 23:43:51.781875,-112.905,-192.855,-167.115,-194.025,-203.19,-167.70000000000002,-158.145,-119.73,66,251,-899,512
2025-09-01 23:43:51.797250,-155.415,-218.4,-174.915,-214.5,-220.545,-169.455,-178.62,-126.165,66,251,-899,512
2025-09-01 23:43:51.828000,-171.21,-173.16,-133.57500000000002,-198.51,-179.595,-116.61,-143.32500000000002,-101.01,66,245,-894,512
2025-09-01 23:43:51.839750,4.875,-31.59,-117.975,-19.89,-34.515,-95.355,-177.45000000000002,-152.1,60,252,-900,512
2025-09-01 23:43:51.851500,-158.73000000000002,-104.52,-40.56,-161.07,-93.015,-24.375,-85.215,-49.53,73,273,-925,448
2025-09-01 23:43:51.863250,-190.515,-137.28,-89.895,-204.165,-129.285,-70.98,-126.75,-85.8,75,273,-925,448
2025-09-01 23:43:51.875000,-198.12,-183.885,-138.84,-235.95,-170.235,-119.925,-167.31,-122.265,75,274,-926,448
2025-09-01 23:43:51.886750,-253.5,-259.35,-218.595,-308.685,-248.82,-202.8,-247.26,-192.27,76,277,-927,384
2025-09-01 23:43:51.898500,-257.985,-263.64,-222.495,-309.66,-252.915,-196.17,-238.485,-170.625,74,279,-935,384
2025-09-01 23:43:51.922000,-237.315,-206.505,-155.61,-252.525,-190.125,-123.045,-162.435,-108.225,74,279,-935,384
2025-09-01 23:43:51.930000,-175.89,-119.73,-43.095,-171.79500000000002,-98.28,2.73,-66.69,-16.77,70,272,-925,448
2025-09-01 23:43:51.938000,-86.385,-121.095,-21.06,-67.86,-79.36500000000001,7.995,-2.34,52.260000000000005,66,261,-912,448
2025-09-01 23:43:51.946000,-42.51,-71.955,29.25,-17.94,-20.865,56.55,45.24,87.75,66,261,-912,448
2025-09-01 23:43:51.954000,-15.405,-16.575,84.435,39.585,47.58,114.27,98.28,130.65,64,257,-912,512
2025-09-01 23:43:51.962000,31.395,60.255,156.0,131.82,136.305,194.025,97.11,213.72,65,256,-907,448
2025-09-01 23:43:51.970000,45.045,68.83500000000001,168.87,136.89,139.425,192.27,150.345,198.705,63,255,-902,448
2025-09-01 23:43:51.986000,4.68,9.36,108.03,77.22,67.08,119.145,142.35,113.1,63,255,-902,448
2025-09-01 23:43:51.996875,-52.065000000000005,-85.8,18.33,-22.815,-29.835,35.88,33.735,54.6,59,246,-904,448
2025-09-01 23:43:52.007750,-66.495,-83.07000000000001,13.065,9.36,3.12,22.62,51.48,69.81,53,249,-898,448
2025-09-01 23:43:52.018625,-23.01,-47.775,66.105,59.865,46.605,70.98,87.555,101.79,53,249,-898,448
2025-09-01 23:43:52.029500,40.755,18.915,121.095,107.25,97.305,127.725,137.67000000000002,138.06,57,249,-899,448
2025-09-01 23:43:52.040375,67.47,89.50500000000001,203.19,234.195,181.545,217.23,223.665,216.645,53,248,-899,448
2025-09-01 23:43:52.051250,-15.6,76.05,215.67,175.695,178.035,215.67,211.77,213.135,56,249,-899,512
2025-09-01 23:43:52.073000,34.32,40.95,148.20000000000002,99.255,98.28,140.01,166.14,168.09,56,249,-899,512
2025-09-01 23:43:52.083125,-9.165,-45.63,64.935,55.575,11.895,61.035,99.645,49.53,60,245,-914,384
2025-09-01 23:43:52.093250,-131.82,-165.945,-109.59,-126.945,-106.275,-101.01,-67.86,-103.74,54,256,-911,512
2025-09-01 23:43:52.103375,-232.245,-146.445,-75.465,-91.26,-104.13,-55.575,-70.395,-35.49,54,256,-911,512
2025-09-01 23:43:52.113500,-78.19500000000001,-75.075,-6.24,28.86,-41.34,0.975,0.39,19.5,54,254,-918,512
2025-09-01 23:43:52.123625,-90.675,-10.335,59.28,15.405,26.130000000000003,77.61,60.645,67.275,58,253,-912,448
2025-09-01 23:43:52.133750,-116.61,-8.19,61.815000000000005,-17.94,17.355,78.39,33.345,48.75,58,253,-914,448
2025-09-01 23:43:52.154000,-195.0,-81.51,-9.165,-148.98000000000002,-75.075,0.585,-41.73,-18.33,55,257,-912,448
2025-09-01 23:43:52.165250,-256.23,-160.095,-70.98,-169.065,-134.55,-63.96,-96.135,-67.47,55,256,-909,448
2025-09-01 23:43:52.176500,-133.57500000000002,-34.32,71.565,-35.1,27.495,67.47,67.08,62.205000000000005,55,258,-906,512
2025-09-01 23:43:52.187750,-158.925,-79.36500000000001,16.38,-74.10000000000001,-18.525,16.575,11.895,21.45,55,258,-906,512
2025-09-01 23:43:52.199000,-192.075,-131.625,-36.66,-123.825,-71.175,-35.685,-36.27,-24.765,58,255,-908,448
2025-09-01 23:43:52.210250,-257.40000000000003,-204.36,-115.83,-213.135,-166.335,-126.555,-118.17,-85.605,55,266,-912,448
2025-09-01 23:43:52.221500,-244.14,-213.72,-132.79500000000002,-229.32,-172.57500000000002,-127.335,-111.54,-84.435,55,259,-902,448
2025-09-01 23:43:52.244000,-199.68,-151.515,-69.81,-154.44,-91.065,-55.38,-51.09,-45.24,53,262,-905,448
2025-09-01 23:43:52.251500,-138.06,-56.355,30.225,-48.75,9.75,48.945,32.76,50.505,54,261,-906,384
2025-09-01 23:43:52.259000,-54.015,-2.535,73.71000000000001,31.59,68.055,68.44500000000001,74.49000000000001,54.6,59,263,-913,448
2025-09-01 23:43:52.266500,-100.62,-49.53,21.45,-17.16,15.405,15.6,14.43,27.105,59,263,-913,448
2025-09-01 23:43:52.274000,-128.505,-90.285,-28.275,-67.86,-39.975,-32.175000000000004,-30.225,-20.67,61,270,-916,448
2025-09-01 23:43:52.281500,-172.185,-166.53,-104.325,-143.715,-108.225,-109.2,-101.4,-83.07000000000001,64,268,-910,384
2025-09-01 23:43:52.289000,-177.255,-189.735,-121.095,-173.94,-120.9,-118.17,-109.395,-85.215,67,268,-912,384
2025-09-01 23:43:52.304000,-138.255,-125.97,-58.5,-95.94,-57.135000000000005,-49.53,-50.505,-25.74,63,264,-911,448
2025-09-01 23:43:52.315250,-53.235,-35.88,36.855,14.04,54.99,54.99,46.215,50.31,60,261,-914,448
2025-09-01 23:43:52.326500,-75.27,-70.785,-23.205,-6.4350000000000005,5.07,-23.4,-6.24,15.405,63,260,-914,448
2025-09-01 23:43:52.337750,-60.645,-23.79,32.955,39.585,47.385000000000005,32.175000000000004,62.400000000000006,50.31,66,261,-913,448
2025-09-01 23:43:52.349000,1.365,37.44,78.58500000000001,82.68,103.74,82.485,117.39,76.83,66,261,-913,448
2025-09-01 23:43:52.360250,65.52,122.07,161.85,189.345,210.795,171.21,170.04,161.46,62,261,-915,448
2025-09-01 23:43:52.371500,72.93,143.52,183.495,197.535,212.94,180.57,180.18,155.805,64,270,-912,512
2025-09-01 23:43:52.394000,17.16,68.055,112.515,108.81,129.87,110.37,110.565,99.06,66,266,-909,512
2025-09-01 23:43:52.401750,-27.3,-33.54,18.72,38.61,28.665000000000003,8.97,32.955,43.29,64,265,-911,448
2025-09-01 23:43:52.409500,-115.44,-11.7,18.525,16.575,10.725,14.04,31.785,24.18,61,268,-918,448
2025-09-01 23:43:52.417250,-139.425,-60.84,-35.88,-22.425,-37.05,-36.465,-24.765,-24.765,64,268,-915,448
2025-09-01 23:43:52.425000,-139.62,-102.375,-107.445,-65.13,-74.295,-104.13,-96.72,-84.24000000000001,64,268,-915,448
2025-09-01 23:43:52.432750,-217.425,-183.3,-193.44,-176.085,-173.16,-193.245,-195.195,-162.82500000000002,67,265,-917,448
2025-09-01 23:43:52.440500,-256.23,-214.5,-223.275,-217.23,-203.775,-208.455,-218.79,-169.065,69,262,-923,512
2025-09-01 23:43:52.456000,-249.99,-166.14,-188.37,-173.55,-147.615,-171.21,-200.46,-158.34,63,266,-919,384
2025-09-01 23:43:52.467375,-212.745,-79.17,-86.58,-91.65,-71.175,-75.465,-80.34,-59.085,60,265,-913,448
2025-09-01 23:43:52.478750,-128.70000000000002,-71.175,-53.04,-63.96,-26.91,-41.145,-32.370000000000005,-45.24,60,259,-906,512
2025-09-01 23:43:52.490125,-103.35,-19.11,-6.24,-13.65,35.1,3.51,19.305,-3.9,62,258,-906,448
2025-09-01 23:43:52.501500,-55.575,39.195,54.21,54.015,98.67,61.620000000000005,72.54,50.31,61,255,-906,512
2025-09-01 23:43:52.512875,-15.99,114.075,133.965,111.93,174.525,156.195,83.07000000000001,132.79500000000002,61,254,-904,384
2025-09-01 23:43:52.524250,7.41,145.08,151.125,150.345,200.07,155.805,168.87,108.225,58,254,-902,384
2025-09-01 23:43:52.547000,-24.18,99.84,91.845,93.015,132.405,94.575,133.57500000000002,52.065000000000005,55,255,-910,512
2025-09-01 23:43:52.554375,-77.805,-7.41,3.315,-2.9250000000000003,28.47,-3.51,25.935,-5.07,59,255,-911,384
2025-09-01 23:43:52.561750,-55.575,-39.585,-37.245000000000005,17.355,13.455,-30.81,-11.895,-27.105,51,258,-911,448
2025-09-01 23:43:52.569125,-29.835,21.645,23.595,59.085,69.42,25.155,37.83,16.185000000000002,47,259,-918,512
2025-09-01 23:43:52.576500,11.115,81.9,79.36500000000001,117.975,131.82,75.075,102.18,64.155,50,255,-918,448
2025-09-01 23:43:52.583875,66.3,150.54,159.12,185.055,211.77,166.725,188.37,132.405,55,256,-916,448
2025-09-01 23:43:52.591250,101.205,179.205,186.03,234.78,235.365,181.74,167.115,144.495,55,256,-916,448
2025-09-01 23:43:52.606000,24.18,133.185,127.53,188.37,173.16,124.02,73.125,94.38,55,260,-910,512
2025-09-01 23:43:52.617125,-8.19,52.065000000000005,25.35,82.485,63.57,19.5,60.645,-14.43,55,260,-911,448
2025-09-01 23:43:52.628250,-1.365,140.79,142.155,149.37,154.83,116.025,160.68,124.02,62,259,-918,512
2025-09-01 23:43:52.639375,39.975,97.305,88.33500000000001,74.295,91.455,58.5,103.35,78.78,54,256,-903,448
2025-09-01 23:43:52.650500,7.0200000000000005,27.885,32.175000000000004,105.105,47.385000000000005,14.235,60.06,14.625,61,256,-905,448
2025-09-01 23:43:52.661625,-42.120000000000005,-39.0,-45.24,34.71,-27.105,-67.47,-31.005000000000003,-22.425,61,253,-909,384
2025-09-01 23:43:52.672750,-50.505,-60.06,-64.935,15.6,-39.39,-79.95,-32.76,-38.805,61,253,-909,384
2025-09-01 23:43:52.695000,2.34,-15.21,-14.235,75.27,16.185000000000002,-5.8500000000000005,31.200000000000003,3.51,59,261,-908,448
2025-09-01 23:43:52.706000,49.53,78.0,79.36500000000001,162.24,117.0,75.075,106.275,83.265,64,260,-911,448
2025-09-01 23:43:52.717000,43.485,117.585,138.84,123.045,121.095,112.515,146.64,96.525,58,261,-905,448
2025-09-01 23:43:52.728000,-27.885,58.11,82.68,130.845,57.330000000000005,53.04,104.325,54.795,67,262,-917,448
2025-09-01 23:43:52.739000,-25.155,14.82,25.935,106.08,20.865,-1.17,47.775,-10.53,68,262,-913,448
2025-09-01 23:43:52.750000,-26.325,-36.075,-56.55,31.98,-47.385000000000005,-78.39,-68.055,-69.42,64,262,-910,448
2025-09-01 23:43:52.761000,-42.120000000000005,-51.09,-81.315,-5.655,-67.08,-101.01,-56.16,-85.02,64,262,-910,448
2025-09-01 23:43:52.783000,-12.285,2.73,-34.515,47.58,-16.38,-43.095,-20.475,-26.91,67,258,-910,512
2025-09-01 23:43:52.794875,15.015,73.515,40.17,121.095,79.75500000000001,37.245000000000005,31.785,-22.425,65,261,-912,384
2025-09-01 23:43:52.806750,-296.205,-162.63,-208.845,-265.98,-215.475,-190.125,-231.27,-189.54,68,271,-919,448
2025-09-01 23:43:52.818625,-269.685,-108.225,-147.03,-227.76,-163.41,-124.215,-170.625,-135.915,67,269,-909,448
2025-09-01 23:43:52.830500,-230.295,-45.435,-84.435,-145.86,-101.4,-65.325,-111.54,-99.645,64,271,-911,448
2025-09-01 23:43:52.842375,-164.97,13.26,-7.0200000000000005,-56.940000000000005,-22.035,18.915,-30.81,-32.370000000000005,65,274,-915,384
2025-09-01 23:43:52.854250,-156.585,41.925,7.995,-36.855,-1.17,25.935,-14.04,-35.295,65,274,-915,384
2025-09-01 23:43:52.878000,-182.91,-12.285,-53.625,-103.935,-52.845,-45.825,-86.385,-97.305,68,272,-912,512
2025-09-01 23:43:52.888875,-265.98,-104.13,-138.84,-207.87,-147.225,-132.405,-177.255,-171.79500000000002,68,273,-911,448
2025-09-01 23:43:52.899750,-26.52,88.72500000000001,37.05,39.585,78.58500000000001,32.76,31.59,0.195,70,278,-927,512
2025-09-01 23:43:52.910625,-62.595,41.73,-20.085,-15.99,26.130000000000003,-24.57,-26.325,-48.555,66,277,-914,512
2025-09-01 23:43:52.921500,-95.55,-17.745,-74.10000000000001,-73.32000000000001,-40.755,-67.665,-80.73,-70.005,66,276,-919,512
2025-09-01 23:43:52.932375,-136.89,-94.77,-145.86,-135.72,-108.42,-154.44,-155.22,-145.665,65,274,-923,448
2025-09-01 23:43:52.943250,-157.365,-120.12,-180.765,-169.65,-135.135,-177.45000000000002,-182.91,-160.485,65,274,-923,448
2025-09-01 23:43:52.965000,-123.825,-78.39,-129.48000000000002,-115.44,-79.56,-123.045,-119.145,-111.345,65,273,-908,448
2025-09-01 23:43:52.972875,-62.010000000000005,20.67,-26.52,-14.235,17.16,-19.305,-19.11,-26.52,69,270,-909,512
2025-09-01 23:43:52.980750,106.665,177.06,126.75,213.525,165.165,116.805,143.91,102.96,59,258,-905,384
2025-09-01 23:43:52.988625,63.375,126.36,76.245,175.5,114.66,59.085,89.895,64.74000000000001,65,258,-905,384
2025-09-01 23:43:52.996500,30.81,71.955,17.355,118.95,60.06,3.9,32.370000000000005,14.82,66,257,-908,448
2025-09-01 23:43:53.004375,-12.285,1.56,-59.28,44.265,-21.06,-73.905,-47.190000000000005,-53.04,64,259,-906,448
2025-09-01 23:43:53.012250,-37.83,-35.49,-92.82,2.145,-54.6,-102.18,-64.74000000000001,-63.18,65,258,-910,512
2025-09-01 23:43:53.028000,-12.09,14.43,-38.805,58.305,-0.585,-40.17,-5.655,-14.625,65,258,-910,512
2025-09-01 23:43:53.038750,60.06,116.805,51.675,165.36,108.225,54.6,85.995,54.6,66,257,-902,512
2025-09-01 23:43:53.049500,26.52,54.015,20.475,94.575,23.79,4.875,53.625,30.225,70,262,-911,448
2025-09-01 23:43:53.060250,60.45,103.74,74.295,158.925,78.39,54.405,105.105,66.105,70,262,-911,448
2025-09-01 23:43:53.071000,93.99,157.365,129.09,227.175,143.715,115.245,167.31,117.39,74,260,-914,384
2025-09-01 23:43:53.081750,136.305,224.055,200.07,291.72,205.92,195.0,243.165,180.765,73,259,-916,384
2025-09-01 23:43:53.092500,153.07500000000002,259.15500000000003,235.17,322.92,235.95,217.62,257.01,190.515,69,255,-918,448
2025-09-01 23:43:53.114000,119.145,204.75,185.25,270.27,175.305,158.34,208.65,148.785,69,255,-918,448
2025-09-01 23:43:53.122000,66.69,115.245,90.285,166.335,74.49000000000001,64.545,109.785,65.325,75,257,-918,512
2025-09-01 23:43:53.130000,-10.92,41.34,6.825,90.09,-3.315,-1.365,44.85,15.6,67,254,-909,448
2025-09-01 23:43:53.138000,10.53,86.775,67.275,151.32,55.965,50.895,97.89,60.255,67,254,-909,448
2025-09-01 23:43:53.146000,89.31,154.245,129.285,213.33,119.73,110.955,147.81,104.91,64,255,-916,448
2025-09-01 23:43:53.154000,108.03,209.04,196.56,275.73,188.955,180.375,228.15,170.43,62,254,-908,512
2025-09-01 23:43:53.162000,141.375,251.355,235.56,303.81,223.665,215.28,258.765,190.515,62,253,-907,448
2025-09-01 23:43:53.178000,119.73,196.56,188.37,265.98,163.60500000000002,162.04500000000002,203.385,142.35,62,253,-907,448
2025-09-01 23:43:53.189750,53.82,101.4,94.77,160.29,60.06,67.08,106.275,66.3,62,260,-905,448
2025-09-01 23:43:53.201500,95.94,166.53,147.81,210.015,110.37,123.435,160.095,101.4,61,263,-908,448
2025-09-01 23:43:53.213250,62.010000000000005,117.585,100.62,151.125,61.23,72.54,105.495,62.205000000000005,61,263,-908,448
2025-09-01 23:43:53.225000,8.97,50.895,41.145,79.75500000000001,-12.09,22.62,52.455,12.285,60,263,-906,448
2025-09-01 23:43:53.236750,-19.5,-4.68,-42.9,17.94,-78.39,-63.18,-26.130000000000003,-53.625,64,264,-908,512
2025-09-01 23:43:53.248500,-63.765,-38.61,-83.46000000000001,-2.73,-111.735,-100.035,-58.89,-78.78,65,264,-914,448
2025-09-01 23:43:53.272000,-31.395,-3.12,-30.03,42.120000000000005,-56.940000000000005,-41.145,-9.75,-37.245000000000005,49,264,-914,448
2025-09-01 23:43:53.282250,33.345,78.58500000000001,71.565,135.135,34.515,57.525,96.72,54.21,58,265,-908,448
2025-09-01 23:43:53.292500,68.83500000000001,141.765,147.03,190.515,85.215,112.515,158.73000000000002,91.65,73,270,-914,448
2025-09-01 23:43:53.302750,29.055,96.135,95.745,133.965,38.61,57.135000000000005,101.4,42.120000000000005,73,270,-914,448
2025-09-01 23:43:53.313000,11.31,52.845,31.59,69.22500000000001,-21.45,1.755,36.27,-1.56,72,273,-896,448
2025-09-01 23:43:53.323250,-52.065000000000005,-21.45,-31.200000000000003,12.675,-87.75,-69.81,-27.69,-56.55,68,274,-907,448
2025-09-01 23:43:53.333500,-67.47,-57.330000000000005,-73.32000000000001,-26.715,-124.02,-99.06,-55.965,-77.61,70,267,-912,448
2025-09-01 23:43:53.354000,-44.655,-11.31,-31.395,11.115,-71.76,-44.07,-5.8500000000000005,-37.245000000000005,69,268,-920,512
2025-09-01 23:43:53.365250,13.455,77.025,68.25,108.615,19.89,55.38,91.845,52.260000000000005,69,264,-919,448
2025-09-01 23:43:53.376500,-46.41,-9.945,-26.52,3.12,-77.61,-38.22,1.17,-14.43,61,262,-912,448
2025-09-01 23:43:53.387750,-14.625,40.17,30.81,54.015,-23.985,17.16,55.575,29.25,61,262,-912,448
2025-09-01 23:43:53.399000,25.935,98.28,92.235,116.61,32.175000000000004,79.95,110.76,80.73,65,256,-909,384
2025-09-01 23:43:53.410250,47.775,164.97,166.335,186.81,107.835,160.485,184.665,139.62,63,262,-912,448
2025-09-01 23:43:53.421500,85.215,202.02,208.455,222.3,144.69,194.22,220.155,163.02,61,263,-902,448
2025-09-01 23:43:53.444000,50.895,159.705,162.04500000000002,177.06,89.7,138.84,162.82500000000002,108.615,61,266,-909,512
2025-09-01 23:43:53.451875,-2.535,59.67,58.89,78.0,-20.865,33.93,64.155,37.83,63,262,-912,512
2025-09-01 23:43:53.459750,33.93,118.755,118.365,131.235,51.675,98.67,116.805,71.175,61,266,-908,512
2025-09-01 23:43:53.467625,7.0200000000000005,68.25,66.885,85.02,4.875,48.36,60.06,21.84,61,266,-908,512
2025-09-01 23:43:53.475500,-30.615,10.14,14.43,22.425,-56.355,-8.58,14.625,-17.94,63,269,-893,448
2025-09-01 23:43:53.483375,-69.61500000000001,-53.235,-60.45,-49.335,-134.745,-80.145,-65.715,-87.165,70,264,-906,448
2025-09-01 23:43:53.491250,-98.085,-93.21,-104.13,-86.97,-178.815,-116.025,-101.01,-106.08,69,266,-911,448
2025-09-01 23:43:53.507000,-79.95,-53.82,-59.865,-50.115,-124.995,-65.13,-45.045,-47.58,61,265,-909,512
2025-09-01 23:43:53.518000,-24.96,40.755,34.125,38.805,-22.23,26.52,58.695,1.755,61,267,-910,448
2025-09-01 23:43:53.529000,21.06,98.865,112.905,107.25,49.53,82.485,109.98,61.815000000000005,56,268,-911,448
2025-09-01 23:43:53.540000,-10.335,43.485,60.45,51.09,-12.48,36.27,54.6,11.505,58,265,-913,448
2025-09-01 23:43:53.551000,-60.84,-11.31,-4.68,-3.9,-75.855,-21.255,-9.75,-31.785,58,265,-913,448
2025-09-01 23:43:53.562000,-91.845,-65.91,-70.98,-90.675,-144.10500000000002,-95.94,-83.265,-97.695,61,268,-913,512
2025-09-01 23:43:53.573000,-127.335,-106.86,-119.925,-119.145,-184.08,-137.67000000000002,-119.535,-122.07,53,270,-904,384
2025-09-01 23:43:53.595000,-102.57,-71.955,-82.29,-79.36500000000001,-137.475,-87.555,-70.785,-81.315,58,269,-908,384
2025-09-01 23:43:53.602875,-48.75,16.38,20.28,9.75,-39.78,15.21,24.765,1.17,60,269,-913,384
2025-09-01 23:43:53.610750,-115.05,-62.010000000000005,-75.27,-90.675,-118.95,-79.95,-76.245,-74.10000000000001,66,260,-910,448
2025-09-01 23:43:53.618625,-80.925,-16.185000000000002,-22.815,-28.08,-59.085,-25.155,-20.865,-30.42,62,262,-911,448
2025-09-01 23:43:53.626500,-45.045,41.535,39.975,37.05,-0.975,46.02,41.535,22.035,62,262,-911,448
2025-09-01 23:43:53.634375,-5.8500000000000005,104.52,111.54,109.2,69.61500000000001,107.055,115.245,79.17,68,261,-922,448
2025-09-01 23:43:53.642250,24.57,149.37,159.12,151.515,112.71,148.395,156.195,113.295,68,262,-930,448
2025-09-01 23:43:53.658000,8.385,107.64,118.365,113.1,70.59,102.18,105.69,69.81,62,259,-920,448
2025-09-01 23:43:53.668875,-55.965,24.18,23.4,14.235,-34.32,6.4350000000000005,11.7,-13.845,65,259,-914,448
2025-09-01 23:43:53.679750,-14.625,78.58500000000001,83.85000000000001,66.885,43.095,66.495,64.35000000000001,36.27,66,266,-911,512
2025-09-01 23:43:53.690625,-42.9,31.200000000000003,30.615,23.985,-6.825,14.235,12.285,-10.14,57,266,-908,448
2025-09-01 23:43:53.701500,-82.875,-34.32,-31.785,-36.465,-66.69,-45.045,-52.065000000000005,-50.505,57,266,-908,448
2025-09-01 23:43:53.712375,-131.04,-95.94,-105.495,-114.465,-143.91,-125.775,-125.97,-115.05,60,266,-921,384
2025-09-01 23:43:53.723250,-162.82500000000002,-138.84,-162.63,-164.775,-184.665,-166.92000000000002,-165.945,-146.055,60,266,-921,384
2025-09-01 23:43:53.745000,-138.255,-102.96,-119.535,-117.585,-142.35,-119.925,-123.24,-107.055,64,269,-920,448
2025-09-01 23:43:53.756375,-74.49000000000001,-15.6,-19.305,-15.405,-36.855,-19.11,-19.5,-23.595,66,271,-918,448
2025-09-01 23:43:53.767750,-119.34,-114.075,-100.425,-110.955,-119.73,-80.925,-109.785,-82.68,67,266,-911,448
2025-09-01 23:43:53.779125,-93.405,-62.79,-47.190000000000005,-64.545,-65.91,-30.03,-57.135000000000005,-46.8,60,267,-912,448
2025-09-01 23:43:53.790500,-56.55,3.315,19.5,7.995,2.9250000000000003,13.845,10.53,7.800000000000001,57,268,-914,448
2025-09-01 23:43:53.801875,-6.4350000000000005,51.675,88.53,84.045,72.54,88.53,86.58,71.955,59,268,-914,512
2025-09-01 23:43:53.813250,21.06,99.45,137.67000000000002,131.04,109.59,135.33,131.43,107.835,59,268,-914,512
2025-09-01 23:43:53.836000,2.34,74.295,106.275,87.94500000000001,75.27,93.795,87.36,66.105,58,263,-910,512
2025-09-01 23:43:53.847625,-68.055,-14.82,13.065,0.585,-19.305,-12.285,-9.165,-8.97,62,261,-911,448
2025-09-01 23:43:53.859250,-123.045,-123.24,-109.395,-135.72,-124.605,-105.69,-123.825,-96.525,66,265,-900,448
2025-09-01 23:43:53.870875,-89.7,-78.39,-66.495,-73.905,-73.71000000000001,-59.67,-70.98,-51.285,68,262,-914,448
2025-09-01 23:43:53.882500,-48.36,-17.55,4.485,-4.095,-10.92,2.9250000000000003,-5.655,3.9,67,258,-910,512
2025-09-01 23:43:53.894125,-0.975,36.27,70.005,64.545,68.83500000000001,74.10000000000001,66.885,66.3,67,255,-907,448
2025-09-01 23:43:53.905750,27.105,88.14,123.825,107.055,111.54,125.385,114.465,101.4,67,255,-907,448
2025-09-01 23:43:53.929000,23.4,60.84,96.33,72.54,75.66,85.215,66.105,63.18,69,255,-922,448
2025-09-01 23:43:53.939750,-60.84,-24.375,-4.485,-30.03,-25.935,-22.425,-33.735,-19.89,67,259,-916,448
2025-09-01 23:43:53.950500,-125.97,-121.29,-108.42,-129.09,-111.345,-108.615,-123.825,-89.50500000000001,61,266,-909,512
2025-09-01 23:43:53.961250,-98.865,-80.925,-55.38,-88.33500000000001,-63.375,-51.675,-69.42,-43.875,74,267,-916,448
2025-09-01 23:43:53.972000,-57.135000000000005,-20.865,9.555,-8.58,7.800000000000001,3.705,0.975,-0.78,66,266,-916,448
2025-09-01 23:43:53.982750,-7.0200000000000005,45.825,77.22,59.67,78.19500000000001,74.10000000000001,68.055,57.525,67,264,-916,448
2025-09-01 23:43:53.993500,13.845,93.795,129.87,116.415,124.8,119.73,117.585,92.82,67,264,-916,448
2025-09-01 23:43:54.015000,8.775,74.88,98.475,84.045,93.015,78.0,73.905,55.77,72,266,-915,448
2025-09-01 23:43:54.022750,-52.260000000000005,-16.575,-0.39,-21.645,-17.16,-17.745,-23.595,-23.985,70,265,-918,448
2025-09-01 23:43:54.030500,-20.865,46.995000000000005,71.175,44.46,59.865,64.74000000000001,50.895,45.24,59,267,-920,448
2025-09-01 23:43:54.038250,-51.285,-9.36,19.89,-2.9250000000000003,4.68,3.9,-3.705,-1.56,67,263,-904,448
2025-09-01 23:43:54.046000,-85.02,-68.055,-54.405,-62.400000000000006,-50.31,-55.965,-75.465,-56.355,64,266,-904,320
2025-09-01 23:43:54.053750,-142.935,-124.605,-117.975,-146.055,-132.6,-115.83,-145.275,-113.88,63,267,-908,384
2025-09-01 23:43:54.061500,-176.28,-175.11,-166.92000000000002,-199.68,-184.08,-168.87,-191.1,-151.125,63,267,-908,384
2025-09-01 23:43:54.077000,-157.365,-145.86,-144.10500000000002,-167.115,-145.08,-147.615,-147.42000000000002,-118.95,63,261,-899,448
2025-09-01 23:43:54.087875,-84.24000000000001,-54.99,-45.825,-70.59,-36.855,-48.75,-50.115,-45.825,59,267,-903,448
2025-09-01 23:43:54.098750,-158.145,-148.98000000000002,-126.165,-143.715,-131.625,-115.245,-130.845,-88.92,61,267,-913,448
2025-09-01 23:43:54.109625,-124.41,-98.475,-71.565,-101.205,-76.05,-67.47,-87.555,-47.97,61,267,-913,448
2025-09-01 23:43:54.120500,-85.995,-35.1,-6.045,-42.120000000000005,-15.795,3.315,-28.86,5.07,59,267,-915,448
2025-09-01 23:43:54.131375,-62.985,22.425,62.79,35.1,48.36,78.19500000000001,34.125,62.010000000000005,61,266,-916,448
2025-09-01 23:43:54.142250,-31.005000000000003,70.59,107.25,86.385,94.575,126.75,84.825,100.62,61,266,-916,448
2025-09-01 23:43:54.164000,-56.745000000000005,34.71,86.19,34.905,47.190000000000005,100.425,49.53,74.88,57,270,-914,384
2025-09-01 23:43:54.172500,-122.85,-64.35000000000001,-6.63,-63.18,-52.65,-6.045,-46.41,-11.895,61,269,-914,448
2025-09-01 23:43:54.181000,-118.95,-54.21,94.965,-17.745,7.215,117.0,12.675,90.675,59,267,-906,448
2025-09-01 23:43:54.189500,-147.03,-97.5,44.265,-67.275,-45.825,65.91,-36.075,47.190000000000005,60,267,-906,448
2025-09-01 23:43:54.198000,-195.39,-169.455,-20.67,-140.595,-111.54,5.8500000000000005,-93.99,-0.39,58,266,-908,448
2025-09-01 23:43:54.206500,-224.64,-219.57,-92.82,-200.46,-174.525,-72.15,-174.525,-71.76,57,266,-909,512
2025-09-01 23:43:54.215000,-251.745,-272.61,-149.76,-267.54,-223.47,-120.12,-218.4,-108.81,58,265,-913,448
2025-09-01 23:43:54.232000,-239.46,-250.185,-119.145,-225.225,-189.54,-85.02,-179.985,-62.985,58,265,-913,448
2025-09-01 23:43:54.242750,-166.53,-154.245,-16.77,-109.98,-79.17,15.99,-74.10000000000001,20.28,60,256,-905,512
2025-09-01 23:43:54.253500,-92.82,-11.7,101.4,19.11,61.23,115.245,35.88,91.845,64,261,-904,448
2025-09-01 23:43:54.264250,-124.605,-65.715,46.605,-31.200000000000003,4.875,59.28,-17.94,43.29,64,261,-904,448
2025-09-01 23:43:54.275000,-176.865,-124.605,-14.235,-111.345,-64.35000000000001,-5.8500000000000005,-80.73,-9.75,65,261,-908,448
2025-09-01 23:43:54.285750,-228.15,-185.445,-85.995,-171.79500000000002,-132.99,-73.905,-153.07500000000002,-66.885,65,262,-908,384
2025-09-01 23:43:54.296500,-248.625,-233.415,-142.74,-215.67,-177.255,-125.775,-203.775,-112.71,69,261,-907,384
2025-09-01 23:43:54.318000,-222.105,-208.845,-115.635,-196.56,-151.125,-95.16,-164.97,-71.955,69,261,-907,384
2025-09-01 23:43:54.325750,-171.6,-121.29,-17.16,-97.5,-50.31,6.63,-66.495,7.800000000000001,63,263,-916,384
2025-09-01 23:43:54.333500,-200.07,-158.34,-100.035,-147.81,-97.305,-80.925,-126.36,-61.815000000000005,68,271,-913,448
2025-09-01 23:43:54.341250,-166.14,-113.49,-53.43,-99.645,-49.53,-27.885,-79.95,-20.475,68,271,-913,448
2025-09-01 23:43:54.349000,-119.925,-47.97,16.77,-30.03,24.375,46.8,-15.015,36.075,62,269,-917,448
2025-09-01 23:43:54.356750,-91.26,4.095,86.385,47.97,90.285,110.76,52.065000000000005,91.065,64,272,-915,448
2025-09-01 23:43:54.364500,-43.875,53.82,142.54500000000002,91.26,130.455,163.995,107.25,132.405,66,270,-913,512
2025-09-01 23:43:54.380000,-63.96,41.73,124.605,68.64,109.98,138.45000000000002,74.685,101.595,66,270,-913,512
2025-09-01 23:43:54.391000,-118.56,-47.97,23.4,-31.200000000000003,16.38,27.495,-26.52,17.16,61,276,-910,512
2025-09-01 23:43:54.402000,25.545,60.06,82.875,104.91,144.69,70.785,76.05,52.260000000000005,65,274,-915,448
2025-09-01 23:43:54.413000,-7.41,12.675,31.200000000000003,54.6,87.36,19.89,21.84,4.68,65,274,-915,448
2025-09-01 23:43:54.424000,-50.115,-50.115,-42.120000000000005,-16.185000000000002,19.695,-47.97,-46.215,-45.24,59,265,-914,448
2025-09-01 23:43:54.435000,-85.02,-113.685,-112.71,-73.32000000000001,-50.115,-119.535,-109.005,-114.66,59,269,-912,512
2025-09-01 23:43:54.446000,-124.995,-158.535,-166.14,-141.18,-105.885,-171.405,-162.24,-152.1,61,273,-914,448
2025-09-01 23:43:54.468000,-119.34,-137.865,-149.175,-121.095,-81.9,-139.035,-137.67000000000002,-117.39,61,273,-911,512
2025-09-01 23:43:54.478750,-58.305,-55.575,-43.875,-19.5,28.47,-42.9,-32.565,-22.425,58,270,-915,320
2025-09-01 23:43:54.489500,24.18,60.255,72.54,93.6,129.285,62.79,66.885,48.945,60,266,-907,448
2025-09-01 23:43:54.500250,-7.995,17.355,18.525,50.31,82.29,12.675,16.77,2.145,60,266,-907,448
2025-09-01 23:43:54.511000,-60.255,-52.65,-40.365,-16.38,14.43,-46.41,-51.870000000000005,-46.8,59,262,-922,448
2025-09-01 23:43:54.521750,-102.18,-122.85,-104.715,-105.495,-59.865,-109.785,-112.125,-102.765,58,265,-913,448
2025-09-01 23:43:54.532500,-128.505,-164.19,-168.48000000000002,-146.64,-111.54,-176.085,-169.26000000000002,-150.735,58,265,-905,512
2025-09-01 23:43:54.554000,-123.045,-151.32,-154.63500000000002,-116.805,-79.95,-154.05,-140.01,-123.24,57,262,-907,512
2025-09-01 23:43:54.565375,-54.015,-60.255,-55.185,-21.06,15.015,-55.965,-40.755,-37.83,56,267,-910,448
2025-09-01 23:43:54.576750,1.365,68.055,72.15,79.75500000000001,113.49,62.205000000000005,68.83500000000001,42.9,60,266,-910,512
2025-09-01 23:43:54.588125,-22.035,18.915,17.55,30.225,60.84,16.38,8.58,-5.07,60,266,-910,512
2025-09-01 23:43:54.599500,-59.865,-45.63,-55.77,-32.175000000000004,-4.68,-49.335,-65.13,-55.965,58,262,-910,448
2025-09-01 23:43:54.610875,-98.475,-99.45,-130.455,-105.495,-68.055,-134.35500000000002,-142.155,-122.265,61,262,-913,448
2025-09-01 23:43:54.622250,-133.965,-150.93,-191.295,-163.995,-129.48000000000002,-185.055,-191.88,-171.99,60,269,-917,448
2025-09-01 23:43:54.645000,-139.425,-151.125,-172.185,-146.64,-113.1,-157.755,-154.245,-132.99,60,267,-911,448
2025-09-01 23:43:54.652375,-83.265,-78.19500000000001,-63.57,-44.07,-20.28,-46.02,-54.795,-40.365,59,268,-908,448
2025-09-01 23:43:54.659750,-140.01,-144.10500000000002,-132.21,-151.125,-101.4,-118.56,-140.595,-94.575,53,268,-911,512
2025-09-01 23:43:54.667125,-113.685,-99.255,-80.535,-109.98,-52.065000000000005,-63.18,-87.555,-52.455,56,267,-915,384
2025-09-01 23:43:54.674500,-63.765,-33.15,-14.43,-22.425,24.18,2.34,-23.01,-2.9250000000000003,56,267,-915,384
2025-09-01 23:43:54.681875,-36.66,14.04,51.675,31.59,83.655,70.98,45.24,59.28,62,264,-904,512
2025-09-01 23:43:54.689250,2.73,72.735,105.495,83.85000000000001,133.38,118.95,95.355,101.4,56,262,-903,448
2025-09-01 23:43:54.704000,0.0,67.86,93.99,78.0,118.56,96.135,75.075,78.58500000000001,55,267,-908,512
2025-09-01 23:43:54.715500,-58.305,-12.285,2.145,-15.99,23.79,-0.195,-25.155,-2.535,55,268,-909,448
2025-09-01 23:43:54.727000,-134.35500000000002,-127.53,-138.45000000000002,-138.84,-102.96,-129.87,-144.3,-106.665,64,271,-909,448
2025-09-01 23:43:54.738500,-114.465,-76.05,-99.84,-97.89,-76.83,-72.93,-94.575,-65.325,66,274,-908,448
2025-09-01 23:43:54.750000,-49.335,-10.53,-16.185000000000002,-28.275,12.285,-2.9250000000000003,-15.6,-4.68,66,274,-908,448
2025-09-01 23:43:54.761500,4.095,45.435,46.41,60.255,87.165,62.595,56.940000000000005,68.25,70,268,-913,512
2025-09-01 23:43:54.773000,28.08,99.06,105.495,110.565,137.67000000000002,116.025,111.735,111.93,72,267,-907,448
2025-09-01 23:43:54.796000,20.67,95.16,94.965,70.59,120.12,95.355,85.605,64.155,67,270,-909,448
2025-09-01 23:43:54.810625,-39.585,9.75,-4.095,-9.75,27.105,6.4350000000000005,-24.57,-12.48,65,270,-910,448
2025-09-01 23:43:54.825250,16.185000000000002,74.49000000000001,78.0,77.025,112.125,76.83,76.44,66.69,54,263,-903,448
2025-09-01 23:43:54.839875,-9.945,25.155,27.69,33.735,55.77,22.425,17.94,13.845,52,262,-907,448
2025-09-01 23:43:54.854500,-63.765,-40.365,-47.97,-56.940000000000005,-22.815,-47.58,-58.5,-38.805,56,261,-902,512
2025-09-01 23:43:54.869125,-101.79,-108.42,-110.175,-120.705,-91.26,-100.62,-122.265,-92.625,56,261,-903,448
2025-09-01 23:43:54.883750,-128.115,-148.98000000000002,-172.57500000000002,-174.13500000000002,-140.595,-167.895,-178.425,-146.055,57,264,-903,448
2025-09-01 23:43:54.913000,-124.41,-132.405,-177.45000000000002,-157.56,-116.805,-164.58,-159.705,-134.55,58,264,-903,512
2025-09-01 23:43:54.921000,-74.49000000000001,-51.870000000000005,-76.83,-67.08,-18.33,-62.79,-68.83500000000001,-47.775,54,262,-906,448
2025-09-01 23:43:54.929000,51.09,103.35,75.075,87.75,119.925,75.465,75.27,59.28,58,265,-906,448
2025-09-01 23:43:54.937000,22.425,61.035,18.72,32.565,76.83,16.77,22.425,10.14,65,267,-912,512
2025-09-01 23:43:54.945000,-19.695,4.095,-54.405,-33.15,2.34,-62.985,-51.870000000000005,-51.285,57,268,-909,448
2025-09-01 23:43:54.953000,-65.715,-78.0,-120.51,-107.25,-74.295,-128.31,-109.59,-113.49,56,269,-913,448
2025-09-01 23:43:54.961000,-99.255,-132.015,-170.625,-166.335,-130.65,-173.94,-158.34,-152.29500000000002,56,269,-913,448
2025-09-01 23:43:54.977000,-88.53,-121.29,-172.57500000000002,-155.025,-110.37,-161.655,-148.59,-133.185,52,267,-911,448
2025-09-01 23:43:54.988000,-22.035,-21.84,-80.145,-45.24,-1.95,-62.010000000000005,-57.915,-58.5,49,267,-908,448
2025-09-01 23:43:54.999000,-65.13,-83.46000000000001,-147.615,-114.27,-84.24000000000001,-146.835,-136.11,-117.0,61,267,-908,512
2025-09-01 23:43:55.010000,-41.535,-33.54,-103.155,-69.61500000000001,-37.245000000000005,-100.425,-86.19,-82.875,67,262,-898,384
2025-09-01 23:43:55.021000,13.455,23.985,-25.74,5.655,33.735,-26.130000000000003,-10.725,-18.915,63,265,-904,448
2025-09-01 23:43:55.032000,55.77,87.36,40.17,75.27,96.915,42.315000000000005,51.09,32.175000000000004,57,269,-908,448
2025-09-01 23:43:55.043000,94.38,135.915,93.405,133.38,156.195,97.695,108.42,79.95,57,269,-908,448
2025-09-01 23:43:55.065000,95.94,137.67000000000002,95.55,124.41,149.37,82.485,90.48,62.79,62,267,-905,384
2025-09-01 23:43:55.073250,32.565,51.870000000000005,-1.95,23.4,40.95,-18.135,0.39,-11.7,56,264,-905,448
2025-09-01 23:43:55.081500,-57.915,-79.36500000000001,-155.61,-114.465,-87.75,-151.515,-126.75,-116.025,51,270,-903,448
2025-09-01 23:43:55.089750,-29.445,-27.3,-105.885,-72.54,-40.17,-98.865,-78.39,-71.175,60,272,-907,448
2025-09-01 23:43:55.098000,23.79,51.675,-30.81,8.97,39.195,-22.815,-9.945,-11.505,60,271,-910,448
2025-09-01 23:43:55.106250,60.255,86.58,35.88,72.54,98.28,40.56,53.04,42.120000000000005,60,271,-913,448
2025-09-01 23:43:55.114500,85.995,136.305,92.04,123.825,145.86,103.155,111.93,91.26,60,271,-913,448
2025-09-01 23:43:55.131000,93.6,141.18,95.55,118.365,143.13,90.285,101.985,71.565,63,273,-917,384
2025-09-01 23:43:55.141875,37.245000000000005,60.255,-7.41,23.4,46.02,-5.8500000000000005,-9.36,-7.605,60,272,-910,512
2025-09-01 23:43:55.152750,103.35,137.475,76.245,101.595,116.805,72.15,73.32000000000001,73.71000000000001,53,271,-916,384
2025-09-01 23:43:55.163625,66.885,94.38,32.370000000000005,50.505,60.06,25.155,27.3,35.88,62,270,-904,512
2025-09-01 23:43:55.174500,13.845,9.75,-49.725,-31.785,-21.645,-54.015,-37.83,-57.330000000000005,60,273,-908,512
2025-09-01 23:43:55.185375,-30.615,-51.285,-106.665,-104.13,-92.04,-108.03,-122.655,-85.8,56,273,-909,512
2025-09-01 23:43:55.196250,-61.035,-98.085,-169.65,-155.415,-136.305,-167.70000000000002,-178.425,-139.815,56,273,-909,512
2025-09-01 23:43:55.218000,-59.865,-92.43,-171.015,-137.865,-121.29,-164.775,-161.265,-125.58,56,270,-904,384
2025-09-01 23:43:55.225875,8.58,-4.875,-72.93,-46.02,-22.815,-63.375,-60.84,-47.58,56,269,-906,448
2025-09-01 23:43:55.233750,116.415,130.65,85.215,105.3,119.535,81.9,88.92,74.685,62,269,-913,448
2025-09-01 23:43:55.241625,74.295,83.46000000000001,36.27,49.14,68.25,37.44,41.145,30.225,62,269,-913,448
2025-09-01 23:43:55.249500,36.075,20.28,-37.05,-22.035,-11.31,-38.805,-81.705,-17.355,59,271,-913,448
2025-09-01 23:43:55.257375,-1.755,-43.29,-107.25,-102.375,-78.39,-105.105,-118.95,-87.36,58,272,-908,384
2025-09-01 23:43:55.265250,-45.24,-90.675,-163.215,-150.345,-129.675,-163.8,-139.425,-150.54,58,272,-908,384
2025-09-01 23:43:55.281000,-46.8,-107.055,-156.39,-140.985,-129.48000000000002,-155.025,-131.82,-110.76,57,274,-902,448
2025-09-01 23:43:55.292625,11.115,-20.28,-63.375,-51.09,-30.615,-45.045,-50.505,-28.08,67,271,-911,384
2025-09-01 23:43:55.304250,-32.955,-86.97,-136.11,-126.555,-105.885,-128.505,-126.555,-84.63000000000001,58,270,-909,448
2025-09-01 23:43:55.315875,1.365,-45.63,-91.65,-83.265,-57.915,-79.56,-77.22,-46.02,63,270,-909,448
2025-09-01 23:43:55.327500,53.43,39.78,-16.575,11.115,24.765,-5.8500000000000005,3.705,20.085,58,269,-910,448
2025-09-01 23:43:55.339125,85.605,87.75,48.165,72.15,79.56,55.185,71.565,67.275,57,268,-913,448
2025-09-01 23:43:55.350750,115.635,143.715,95.745,124.995,135.525,115.245,128.70000000000002,100.62,61,273,-920,384
2025-09-01 23:43:55.374000,119.925,148.785,110.565,127.92,132.405,114.855,103.545,113.295,61,273,-920,384
2025-09-01 23:43:55.384000,69.22500000000001,68.64,23.01,24.57,43.875,21.06,22.035,31.98,67,271,-918,512
2025-09-01 23:43:55.394000,101.01,136.305,90.48,115.635,100.23,95.745,90.48,88.14,58,271,-908,448
2025-09-01 23:43:55.404000,78.97500000000001,90.675,46.995000000000005,54.21,62.985,45.435,44.655,47.97,58,271,-908,448
2025-09-01 23:43:55.414000,37.245000000000005,20.67,-28.275,-21.06,3.51,-30.81,-87.75,-5.655,59,271,-907,512
2025-09-01 23:43:55.424000,-10.92,-41.925,-97.305,-76.44,-59.865,-94.185,-97.695,-70.395,56,269,-909,384
2025-09-01 23:43:55.434000,-43.095,-88.92,-147.81,-133.77,-118.56,-149.175,-122.07,-124.995,59,268,-911,448
2025-09-01 23:43:55.454000,-45.825,-101.79,-156.0,-137.67000000000002,-121.29,-127.725,-138.06,-91.065,59,268,-911,448
2025-09-01 23:43:55.465250,16.38,-14.04,-64.155,-39.78,-24.765,-46.605,-50.31,-16.77,59,268,-924,512
2025-09-01 23:43:55.476500,-35.88,-93.405,-132.79500000000002,-112.32,-105.885,-122.655,-106.665,-74.295,50,272,-906,512
2025-09-01 23:43:55.487750,-14.43,-51.48,-82.68,-70.98,-61.035,-75.075,-57.72,-26.325,50,272,-906,512
2025-09-01 23:43:55.499000,40.56,28.665000000000003,-13.845,4.68,12.48,0.195,1.755,24.96,55,270,-900,448
2025-09-01 23:43:55.510250,84.825,90.675,51.09,70.2,81.51,70.395,60.45,81.12,58,270,-903,448
2025-09-01 23:43:55.521500,122.07,137.28,104.715,122.655,130.455,119.145,120.51,119.145,57,269,-907,448
2025-09-01 23:43:55.544000,126.36,154.245,104.52,135.33,134.745,104.52,112.515,94.965,57,269,-907,448
2025-09-01 23:43:55.551875,65.325,54.99,13.455,37.635,45.63,8.97,25.35,31.200000000000003,61,270,-906,448
2025-09-01 23:43:55.559750,102.375,116.22,93.795,100.425,100.815,98.865,95.355,91.845,61,274,-910,448
2025-09-01 23:43:55.567625,78.78,76.83,44.655,48.36,63.375,45.045,50.895,49.92,61,274,-910,448
2025-09-01 23:43:55.575500,30.42,2.535,-35.685,-11.7,-5.07,-27.3,-29.64,-9.945,67,273,-910,512
2025-09-01 23:43:55.583375,-27.885,-44.265,-100.62,-70.98,-88.72500000000001,-99.45,-105.495,-68.44500000000001,63,274,-907,448
2025-09-01 23:43:55.591250,-46.605,-95.745,-152.88,-142.54500000000002,-135.915,-148.98000000000002,-149.175,-115.05,61,275,-908,384
2025-09-01 23:43:55.607000,-53.43,-108.615,-165.36,-149.955,-131.43,-151.515,-147.42000000000002,-108.03,55,276,-907,512
2025-09-01 23:43:55.618000,-2.9250000000000003,-26.715,-74.295,-53.625,-43.875,-59.085,-53.235,-27.885,58,279,-910,448
2025-09-01 23:43:55.629000,103.935,132.79500000000002,96.135,105.495,111.54,92.43,102.765,92.04,56,268,-912,512
2025-09-01 23:43:55.640000,63.375,92.82,45.435,69.61500000000001,66.69,50.895,52.260000000000005,51.285,56,268,-912,512
2025-09-01 23:43:55.651000,25.935,21.645,-34.125,-11.115,-11.505,-27.885,-26.325,-14.04,55,277,-911,384
2025-09-01 23:43:55.662000,-16.965,-36.075,-98.28,-86.19,-74.10000000000001,-90.09,-90.87,-62.985,56,273,-908,512
2025-09-01 23:43:55.673000,-53.82,-88.92,-141.765,-133.77,-132.015,-147.615,-143.13,-112.905,57,274,-910,384
2025-09-01 23:43:55.695000,-66.885,-107.835,-155.61,-148.20000000000002,-148.005,-144.3,-146.25,-98.475,57,272,-913,448
2025-09-01 23:43:55.702500,-11.31,-23.205,-67.86,-57.135000000000005,-49.335,-44.07,-46.41,-18.33,57,270,-910,384
2025-09-01 23:43:55.710000,51.870000000000005,79.36500000000001,124.8,82.68,103.935,134.745,104.52,129.285,53,271,-910,448
2025-09-01 23:43:55.717500,16.77,44.07,81.51,32.175000000000004,54.21,89.31,59.475,88.92,53,271,-910,448
2025-09-01 23:43:55.725000,-35.295,-12.675,8.58,-31.59,-31.200000000000003,13.65,-20.475,25.74,52,270,-902,384
2025-09-01 23:43:55.732500,-55.575,-69.61500000000001,-63.765,-100.23,-79.56,-56.355,-78.58500000000001,-30.615,59,272,-920,448
2025-09-01 23:43:55.740000,-84.435,-124.8,-118.17,-149.565,-133.965,-120.315,-137.475,-80.34,50,270,-921,448
2025-09-01 23:43:55.755000,-96.135,-147.615,-137.28,-150.93,-152.88,-121.29,-144.3,-76.44,54,272,-913,512
2025-09-01 23:43:55.766250,-69.03,-63.57,-39.78,-88.92,-66.885,-22.815,-39.39,13.65,56,270,-912,448
2025-09-01 23:43:55.777500,-95.16,-128.505,-120.51,-151.905,-119.73,-103.74,-114.075,-62.400000000000006,54,277,-916,512
2025-09-01 23:43:55.788750,-52.065000000000005,-84.24000000000001,-75.855,-87.94500000000001,-61.23,-55.77,-60.06,-20.475,57,273,-913,448
2025-09-01 23:43:55.800000,-0.975,-5.655,6.045,-11.115,13.065,19.11,4.68,41.535,57,273,-913,448
2025-09-01 23:43:55.811250,30.225,50.895,72.345,35.295,74.295,98.28,71.37,94.77,63,271,-922,512
2025-09-01 23:43:55.822500,90.87,114.075,112.125,106.47,141.57,132.6,123.825,135.525,67,276,-926,448
2025-09-01 23:43:55.845000,81.315,87.36,128.70000000000002,122.655,146.25,134.16,136.5,146.64,62,276,-919,448
2025-09-01 23:43:55.856375,22.425,34.905,54.015,40.365,49.335,55.77,62.205000000000005,50.505,59,272,-917,448
2025-09-01 23:43:55.867750,-66.105,-143.13,-117.975,-128.115,-109.98,-99.84,-94.77,-51.675,55,266,-905,384
2025-09-01 23:43:55.879125,-22.62,-97.305,-79.95,-76.44,-70.59,-62.595,-50.31,-24.765,61,274,-895,512
2025-09-01 23:43:55.890500,40.365,-6.24,-14.625,7.41,38.61,3.315,3.9,22.23,61,274,-895,512
2025-09-01 23:43:55.901875,89.11500000000001,65.13,65.13,79.36500000000001,92.43,84.825,72.345,91.845,54,251,-898,448
2025-09-01 23:43:55.913250,114.855,122.265,119.925,127.14,146.25,132.405,128.115,137.28,59,258,-906,448
2025-09-01 23:43:55.936000,111.735,139.035,141.375,116.025,154.44,127.53,167.895,149.565,56,267,-913,448
2025-09-01 23:43:55.947250,72.15,41.925,5.265000000000001,46.41,80.925,3.9,29.055,-6.63,55,262,-918,512
2025-09-01 23:43:55.958500,179.205,167.70000000000002,79.75500000000001,172.57500000000002,210.405,37.44,126.75,54.015,53,267,-907,448
2025-09-01 23:43:55.969750,157.95000000000002,129.09,30.225,124.215,171.79500000000002,-0.975,63.18,5.8500000000000005,52,269,-908,384
2025-09-01 23:43:55.981000,148.785,95.55,-56.55,70.005,121.485,-88.33500000000001,-12.48,-48.945,52,269,-908,384
2025-09-01 23:43:55.992250,129.09,-35.295,-126.36,20.085,19.5,-169.65,-60.255,-97.89,45,273,-900,384
2025-09-01 23:43:56.003500,-66.105,-123.63,-187.785,-72.15,-69.61500000000001,-218.985,-141.765,-174.525,48,264,-897,448
2025-09-01 23:43:56.026000,-38.805,-104.13,-178.62,-116.61,-85.995,-187.395,-141.57,-146.055,50,261,-906,512
2025-09-01 23:43:56.040750,88.53,11.505,-64.74000000000001,11.115,68.83500000000001,-86.19,-44.265,-49.14,51,265,-911,448
2025-09-01 23:43:56.055500,162.435,177.06,107.835,203.58,246.675,59.475,129.48000000000002,68.055,50,276,-909,448
2025-09-01 23:43:56.070250,129.285,146.445,62.205000000000005,161.655,217.23,16.185000000000002,80.145,24.765,52,276,-907,320
2025-09-01 23:43:56.085000,109.785,73.515,10.14,114.465,151.515,-42.705,1.56,-28.665000000000003,52,276,-907,384
2025-09-01 23:43:56.099750,54.015,-20.865,-49.53,32.565,51.48,-91.455,-47.385000000000005,-66.495,51,278,-896,384
2025-09-01 23:43:56.114500,-36.075,-74.10000000000001,-117.195,-25.155,3.705,-174.72,-92.04,-122.07,51,278,-908,384
2025-09-01 23:43:56.144000,-28.86,-94.965,-140.4,-41.34,-54.795,-180.765,-99.645,-120.12,49,276,-911,448
2025-09-01 23:43:56.151500,3.12,-3.9,-64.935,-7.605,26.715,-96.135,-46.995000000000005,-50.7,50,274,-911,512
2025-09-01 23:43:56.159000,-156.195,-67.47,-91.455,-22.035,-9.165,-146.055,-72.735,-84.63000000000001,50,271,-904,512
2025-09-01 23:43:56.166500,-119.34,0.975,-33.345,34.71,66.885,-93.21,-12.675,-39.78,60,273,-895,448
2025-09-01 23:43:56.174000,-65.325,42.51,52.260000000000005,127.92,141.57,-6.825,86.58,42.9,57,274,-901,448
2025-09-01 23:43:56.181500,-59.865,79.75500000000001,61.425,170.43,180.57,24.375,107.25,24.765,60,272,-902,512
2025-09-01 23:43:56.189000,-30.81,151.71,110.565,200.85,242.19,86.97,139.035,88.14,60,272,-902,512
2025-09-01 23:43:56.204000,39.39,167.505,161.07,253.5,279.825,119.535,55.965,109.005,59,271,-903,320
2025-09-01 23:43:56.215375,-116.025,101.01,90.48,165.36,151.32,28.08,109.785,21.84,58,273,-903,448
2025-09-01 23:43:56.226750,-55.575,114.465,173.35500000000002,244.725,206.7,98.085,181.74,117.78,55,274,-907,384
2025-09-01 23:43:56.238125,-169.845,77.805,102.765,155.805,151.125,34.71,116.805,50.505,55,277,-927,512
2025-09-01 23:43:56.249500,-167.505,40.17,50.115,85.605,89.7,7.215,18.915,-9.945,58,276,-918,448
2025-09-01 23:43:56.260875,-186.81,-31.785,-3.12,43.095,42.120000000000005,-77.025,-20.67,-53.04,57,280,-919,448
2025-09-01 23:43:56.272250,-211.575,-66.69,-52.845,-6.24,-16.575,-130.455,-61.23,-89.895,57,280,-919,448
2025-09-01 23:43:56.295000,-229.125,-98.28,-79.17,-31.005000000000003,-30.81,-157.755,-80.73,-94.965,60,278,-925,448
2025-09-01 23:43:56.302625,-188.37,-35.295,-30.42,34.515,11.7,-78.97500000000001,-1.755,-32.370000000000005,56,278,-923,448
2025-09-01 23:43:56.310250,-303.42,-133.57500000000002,-64.935,1.95,-79.95,-97.89,-105.495,-78.19500000000001,56,280,-915,448
2025-09-01 23:43:56.317875,-265.98,-92.235,-0.195,11.505,-46.41,-57.525,-104.52,-24.18,65,277,-922,448
2025-09-01 23:43:56.325500,-215.475,25.935,83.655,71.955,62.985,8.58,57.135000000000005,15.6,65,282,-922,384
2025-09-01 23:43:56.333125,-135.915,97.11,132.99,179.4,164.775,85.605,144.10500000000002,75.66,59,281,-919,512
2025-09-01 23:43:56.340750,-100.23,143.715,192.465,246.285,216.255,113.1,199.095,126.75,59,281,-919,512
2025-09-01 23:43:56.356000,-90.87,144.10500000000002,262.86,259.35,194.025,159.315,247.26,155.61,58,278,-918,448
2025-09-01 23:43:56.367250,-150.15,56.55,163.41,161.85,89.11500000000001,69.42,131.235,76.44,61,278,-915,448
2025-09-01 23:43:56.378500,-182.715,-74.295,-44.265,39.975,-18.33,-124.605,-27.69,-68.25,47,271,-902,448
2025-09-01 23:43:56.389750,-143.32500000000002,-28.665000000000003,-11.31,70.785,13.455,-75.27,0.39,-34.125,52,261,-894,512
2025-09-01 23:43:56.401000,-275.73,-47.97,97.5,94.185,-9.36,31.200000000000003,80.34,43.875,48,270,-901,448
2025-09-01 23:43:56.412250,-111.93,56.16,168.87,168.48000000000002,123.825,103.545,153.85500000000002,70.2,42,269,-900,448
2025-09-01 23:43:56.423500,-48.555,124.8,215.28,241.41,198.12,154.245,168.675,118.95,42,269,-900,448
2025-09-01 23:43:56.446000,-149.37,156.0,228.735,227.565,202.41,168.675,187.005,119.73,42,269,-876,448
2025-09-01 23:43:56.453625,-145.08,94.965,116.22,142.935,54.6,28.86,101.985,28.08,47,270,-887,512
2025-09-01 23:43:56.461250,-59.28,129.48000000000002,251.55,212.55,138.255,155.025,165.36,123.24,62,281,-910,384
2025-09-01 23:43:56.468875,-159.51000000000002,38.61,189.54,162.04500000000002,35.88,101.4,183.3,59.28,63,279,-906,384
2025-09-01 23:43:56.476500,-208.845,-72.735,118.17,44.85,-63.765,36.27,111.54,7.605,70,279,-908,512
2025-09-01 23:43:56.484125,-120.12,-36.855,32.76,66.885,15.6,-53.04,3.9,-57.135000000000005,68,274,-911,448
2025-09-01 23:43:56.491750,-214.5,-80.34,-48.36,44.46,-42.9,-149.565,-66.495,-154.63500000000002,68,274,-911,448
2025-09-01 23:43:56.507000,-231.27,-121.68,-67.86,-38.61,-93.21,-150.93,-98.865,-134.35500000000002,68,268,-907,448
2025-09-01 23:43:56.525750,-108.225,-50.505,18.135,71.37,41.145,-51.09,21.45,-50.31,71,272,-910,448
2025-09-01 23:43:56.544500,-96.135,87.555,171.99,228.93,114.66,121.68,80.73,50.31,54,264,-899,448
2025-09-01 23:43:56.563250,-120.9,46.995000000000005,129.48000000000002,176.085,95.16,90.09,65.325,42.705,54,264,-899,448
2025-09-01 23:43:56.582000,-62.010000000000005,13.455,92.04,190.71,113.295,5.8500000000000005,95.94,-41.34,60,267,-898,448
2025-09-01 23:43:56.600750,-250.575,-91.455,55.77,134.16,-15.6,-3.315,30.42,-31.59,56,261,-895,384
2025-09-01 23:43:56.619500,-351.58500000000004,-123.825,14.235,-29.835,-172.185,-71.37,-15.015,-106.47,53,245,-895,448
2025-09-01 23:43:56.657000,-239.655,-190.71,-16.77,-93.015,-189.15,-108.615,-30.03,-106.665,53,255,-894,448
2025-09-01 23:43:56.668250,-149.955,-45.435,77.025,70.005,14.04,9.945,30.81,-31.785,57,259,-911,448
2025-09-01 23:43:56.679500,98.67,111.15,235.755,335.79,192.66,166.725,197.925,86.58,40,254,-898,512
2025-09-01 23:43:56.690750,-30.615,26.325,194.805,246.675,91.845,138.06,153.66,59.865,40,254,-898,512
2025-09-01 23:43:56.702000,-301.665,-38.025,102.375,99.645,-48.75,50.31,78.58500000000001,-3.51,43,257,-899,448
2025-09-01 23:43:56.713250,-166.53,-73.125,43.095,37.44,-96.72,-28.08,0.39,-76.05,44,263,-901,448
2025-09-01 23:43:56.724500,-220.935,-130.065,-35.88,-9.75,-144.3,-109.005,-74.49000000000001,-147.42000000000002,47,262,-900,448
2025-09-01 23:43:56.747000,-220.35,-128.115,-52.260000000000005,-36.855,-156.39,-108.225,-89.7,-132.6,47,262,-900,448
2025-09-01 23:43:56.754375,-188.175,-112.905,31.98,56.745000000000005,-97.89,-13.65,-42.51,-25.35,42,262,-898,384
2025-09-01 23:43:56.761750,-35.1,173.35500000000002,187.59,269.295,83.07000000000001,116.415,181.155,25.935,57,274,-906,384
2025-09-01 23:43:56.769125,-29.055,100.425,137.475,185.445,26.130000000000003,86.385,124.215,-5.655,57,274,-906,384
2025-09-01 23:43:56.776500,-90.675,19.695,40.17,98.67,-54.405,0.78,48.165,-77.61,53,269,-896,384
2025-09-01 23:43:56.783875,-78.19500000000001,-61.23,-7.41,10.14,-124.605,-39.975,-42.51,-121.095,52,270,-901,512
2025-09-01 23:43:56.791250,-184.275,-148.20000000000002,-24.18,-33.15,-237.12,-50.115,-66.3,-137.475,51,271,-906,448
2025-09-01 23:43:56.806000,-258.765,-177.06,-14.625,-129.48000000000002,-329.745,-65.325,-46.02,-101.205,51,271,-906,448
2025-09-01 23:43:56.817125,-38.025,-23.01,19.89,84.435,-33.93,-31.005000000000003,48.36,-54.6,49,268,-900,384
2025-09-01 23:43:56.828250,-90.285,-69.22500000000001,-86.385,1.365,-139.425,-69.42,-84.435,-157.365,51,265,-908,384
2025-09-01 23:43:56.839375,-43.095,-61.425,3.9,35.49,-107.055,15.21,-16.77,-100.035,51,265,-908,384
2025-09-01 23:43:56.850500,-220.545,-33.345,99.645,84.24000000000001,-109.395,63.96,82.68,-21.645,61,273,-919,448
2025-09-01 23:43:56.861625,-13.065,19.5,127.335,89.31,-69.42,122.85,113.295,1.17,59,264,-918,448
2025-09-01 23:43:56.872750,-82.68,91.455,126.945,225.225,82.875,120.12,162.82500000000002,37.44,57,266,-924,384
2025-09-01 23:43:56.895000,95.94,163.8,202.41,279.045,152.88,155.805,226.98,83.265,57,269,-928,448
2025-09-01 23:43:56.906375,-76.44,82.095,74.49000000000001,134.16,-18.525,81.315,40.755,-74.49000000000001,53,268,-925,512
2025-09-01 23:43:56.917750,-153.465,-145.47,-68.64,-49.92,-219.18,-68.83500000000001,-150.54,-129.87,47,273,-909,512
2025-09-01 23:43:56.929125,-107.64,-118.365,-58.89,22.425,-127.335,-71.37,-57.330000000000005,-156.78,47,273,-909,512
2025-09-01 23:43:56.940500,30.615,-35.685,53.82,130.065,-21.645,68.44500000000001,64.74000000000001,-42.9,47,276,-902,384
2025-09-01 23:43:56.951875,-172.185,54.795,130.65,96.915,-30.03,135.33,125.97,7.995,50,278,-905,384
2025-09-01 23:43:56.963250,7.0200000000000005,114.66,146.055,140.4,60.84,153.85500000000002,149.76,35.295,48,278,-907,448
2025-09-01 23:43:56.986000,-109.2,116.22,205.14,242.385,49.14,169.455,220.35,75.66,53,275,-911,512
2025-09-01 23:43:56.997375,20.28,71.175,96.525,166.335,22.23,112.125,37.635,-24.765,52,276,-915,512
2025-09-01 23:43:57.008750,-79.56,77.61,167.895,188.76,41.535,174.915,114.075,39.195,58,285,-905,448
2025-09-01 23:43:57.020125,-57.72,77.415,138.45000000000002,172.77,47.190000000000005,128.31,107.25,26.130000000000003,58,285,-905,448
2025-09-01 23:43:57.031500,29.25,29.64,67.275,168.09,24.96,52.065000000000005,61.425,-14.625,65,289,-906,448
2025-09-01 23:43:57.042875,-265.005,-117.39,-21.06,-17.16,-210.99,-10.14,-35.295,-77.22,56,282,-884,448
2025-09-01 23:43:57.054250,-193.245,-121.485,-51.675,-137.865,-237.9,-84.435,-39.0,-101.01,57,280,-892,512
2025-09-01 23:43:57.077000,-190.905,-153.465,-155.415,-78.0,-205.53,-150.345,-124.215,-282.555,55,278,-901,448
2025-09-01 23:43:57.087875,-76.05,-93.21,-98.28,41.145,-107.25,-61.035,-156.39,-127.14,52,277,-906,448
2025-09-01 23:43:57.098750,-316.095,-239.07,-58.11,2.535,-180.96,-75.465,-29.445,-70.59,46,273,-911,512
2025-09-01 23:43:57.109625,-256.62,-112.125,-51.285,-17.16,-136.89,-44.265,9.75,-146.445,44,273,-910,448
2025-09-01 23:43:57.120500,-7.41,30.81,-4.095,113.685,37.05,21.45,-64.545,-23.595,44,273,-910,448
2025-09-01 23:43:57.131375,-28.08,43.29,96.135,182.325,31.785,107.64,73.905,52.065000000000005,44,278,-917,448
2025-09-01 23:43:57.142250,-66.495,63.375,127.335,175.695,15.795,131.235,119.535,80.925,34,277,-923,384
2025-09-01 23:43:57.164000,86.58,123.63,161.265,308.295,172.185,195.585,155.025,111.345,41,277,-923,384
2025-09-01 23:43:57.172000,-102.18,51.48,139.23000000000002,127.92,-2.73,123.63,74.685,46.8,40,275,-923,448
2025-09-01 23:43:57.180000,47.775,137.865,122.655,240.63,107.835,179.205,107.445,25.155,46,268,-943,448
2025-09-01 23:43:57.188000,50.115,76.44,73.71000000000001,204.555,50.31,147.42000000000002,-24.765,62.79,48,269,-933,448
2025-09-01 23:43:57.196000,-31.200000000000003,-2.9250000000000003,6.24,143.91,-9.945,39.585,-82.875,9.165,48,269,-933,448
2025-09-01 23:43:57.204000,-37.44,-19.5,-26.715,57.135000000000005,-71.955,6.24,-131.43,-23.205,47,265,-915,512
2025-09-01 23:43:57.212000,16.38,-81.12,-36.66,62.595,-100.23,-30.42,-140.205,-22.23,49,262,-911,448
2025-09-01 23:43:57.228000,-138.06,-193.44,-90.09,-9.945,-209.235,-72.15,-91.65,-86.58,56,262,-918,448
2025-09-01 23:43:57.240000,-136.695,-147.03,-38.805,-45.825,-249.795,-42.705,-69.03,-46.995000000000005,61,264,-919,448
2025-09-01 23:43:57.252000,91.65,51.09,176.67000000000002,247.65,62.985,190.905,137.28,136.305,88,245,-923,512
2025-09-01 23:43:57.264000,119.925,51.09,125.385,222.105,76.635,140.985,78.58500000000001,98.475,84,244,-918,448
2025-09-01 23:43:57.276000,69.81,31.395,50.31,179.205,59.475,52.845,-5.8500000000000005,41.73,84,244,-918,448
2025-09-01 23:43:57.288000,3.12,-72.54,-82.68,59.28,-168.285,-55.77,-100.035,-76.44,82,245,-918,448
2025-09-01 23:43:57.300000,-121.29,-133.57500000000002,-96.72,7.605,-183.3,-72.345,-101.79,-70.395,86,237,-908,448
2025-09-01 23:43:57.324000,-8.97,-151.71,-87.165,7.800000000000001,-122.46,-43.68,-120.705,-42.315000000000005,93,240,-908,512
2025-09-01 23:43:57.331375,72.93,-69.03,-37.44,117.78,-62.205000000000005,0.195,-80.925,11.31,97,236,-910,448
2025-09-01 23:43:57.338750,207.87,58.305,119.145,232.44,64.35000000000001,135.915,78.58500000000001,119.73,62,206,-921,448
2025-09-01 23:43:57.346125,243.555,34.125,73.32000000000001,220.935,62.205000000000005,92.04,52.65,78.78,67,203,-918,512
2025-09-01 23:43:57.353500,-44.07,-94.77,-52.455,99.45,-145.08,-38.61,-40.365,10.725,59,213,-927,448
2025-09-01 23:43:57.360875,164.19,-93.015,-94.38,16.575,-99.06,-70.2,-66.3,-34.32,57,208,-928,512
2025-09-01 23:43:57.368250,25.35,-152.685,-164.19,32.565,-147.225,-113.88,-179.01000000000002,-134.35500000000002,57,208,-928,512
2025-09-01 23:43:57.383000,14.235,-196.755,-209.235,-99.06,-278.65500000000003,-137.67000000000002,-206.895,-113.295,60,209,-927,384
2025-09-01 23:43:57.394875,12.675,-218.79,-59.865,-25.545,-261.3,-21.255,-86.19,26.325,61,220,-922,448
2025-09-01 23:43:57.406750,16.575,-202.995,-175.5,-73.71000000000001,-210.015,-156.39,-198.9,-81.12,57,190,-926,448
2025-09-01 23:43:57.418625,51.675,-150.93,-169.26000000000002,-45.435,-170.625,-108.03,-142.935,-92.235,65,201,-919,448
2025-09-01 23:43:57.430500,167.31,-70.395,-84.825,51.285,-64.935,-39.975,-45.045,3.9,66,208,-918,512
2025-09-01 23:43:57.442375,150.735,-47.190000000000005,58.695,120.51,2.9250000000000003,100.035,50.895,115.44,61,209,-915,512
2025-09-01 23:43:57.454250,163.215,15.405,59.085,167.115,28.275,118.95,32.370000000000005,133.77,61,209,-915,512
2025-09-01 23:43:57.478000,223.665,109.2,48.945,211.965,115.44,106.08,91.455,63.18,62,204,-911,448
2025-09-01 23:43:57.484875,212.355,37.635,-35.49,190.515,56.940000000000005,-24.18,-15.6,42.705,56,204,-914,512
2025-09-01 23:43:57.491750,199.68,47.97,117.195,126.165,39.0,126.36,50.7,142.35,70,201,-934,448
2025-09-01 23:43:57.498625,239.46,46.995000000000005,89.7,93.015,49.14,103.545,33.54,128.70000000000002,74,217,-933,512
2025-09-01 23:43:57.505500,79.56,-24.18,6.24,12.09,-74.49000000000001,38.22,-58.305,51.675,71,208,-932,512
2025-09-01 23:43:57.512375,95.745,-85.995,-65.325,-36.855,-101.205,-42.51,-175.695,23.595,78,206,-925,448
2025-09-01 23:43:57.519250,98.475,-89.50500000000001,-110.175,-52.845,-100.23,-80.145,-165.75,-49.92,78,206,-925,448
2025-09-01 23:43:57.533000,115.44,-186.615,-167.895,-99.255,-179.01000000000002,-156.0,-198.705,-111.54,86,221,-927,384
2025-09-01 23:43:57.544125,32.370000000000005,-68.055,-148.785,-28.665000000000003,-64.74000000000001,-114.075,-124.8,-56.940000000000005,86,198,-920,384
2025-09-01 23:43:57.555250,-35.88,-199.29,-198.12,-116.415,-220.935,-164.775,-248.235,-126.75,72,198,-900,448
2025-09-01 23:43:57.566375,-50.505,-227.955,-170.625,-118.365,-235.56,-126.945,-257.01,-57.135000000000005,75,203,-916,512
2025-09-01 23:43:57.577500,2.145,-101.595,-77.22,-80.535,-109.005,19.305,-111.15,40.56,75,202,-917,512
2025-09-01 23:43:57.588625,10.335,32.370000000000005,16.38,21.255,25.935,68.25,5.07,107.835,71,198,-922,448
2025-09-01 23:43:57.599750,73.125,79.56,46.995000000000005,53.43,59.67,105.3,6.63,135.135,71,198,-922,448
2025-09-01 23:43:57.622000,119.925,30.03,122.265,76.245,33.54,175.89,60.06,187.395,72,200,-920,384
2025-09-01 23:43:57.632250,0.0,-17.355,51.48,-68.055,-72.735,88.14,-7.995,101.4,66,196,-918,384
2025-09-01 23:43:57.642500,-79.95,-219.18,-143.91,-188.955,-202.8,-65.325,-191.1,-4.095,46,196,-938,448
2025-09-01 23:43:57.652750,-54.21,-168.87,-115.05,-108.42,-134.94,-39.78,-161.265,9.75,46,196,-938,448
2025-09-01 23:43:57.663000,37.635,-92.625,-116.415,-28.47,-37.05,-52.65,-127.53,-18.135,46,187,-937,448
2025-09-01 23:43:57.673250,142.74,-11.7,-18.72,67.08,50.505,4.68,-45.045,66.885,48,190,-934,448
2025-09-01 23:43:57.683500,146.64,-20.67,35.49,71.175,52.65,68.055,-11.31,117.975,48,190,-934,448
2025-09-01 23:43:57.704000,-64.35000000000001,-17.55,84.825,-7.800000000000001,-24.765,149.955,0.0,108.42,53,196,-940,448
2025-09-01 23:43:57.715250,18.525,-22.23,48.945,-71.175,-23.4,68.64,-20.475,95.355,57,192,-928,448
2025-09-01 23:43:57.726500,180.18,71.955,77.805,-1.365,75.27,111.735,31.785,85.605,119,204,-935,448
2025-09-01 23:43:57.737750,278.46000000000004,39.975,73.32000000000001,9.75,111.15,96.33,45.435,105.495,127,204,-939,448
2025-09-01 23:43:57.749000,119.34,-44.655,48.165,-36.27,26.715,60.255,-59.67,79.95,124,214,-946,448
2025-09-01 23:43:57.760250,38.415,-151.515,-18.915,-189.93,-135.525,-4.29,-71.175,27.3,127,188,-942,448
2025-09-01 23:43:57.771500,53.235,-188.565,-101.4,-231.27,-172.185,-100.035,-130.26,-60.06,131,210,-937,448
2025-09-01 23:43:57.794000,-7.41,-239.655,-160.68,-296.40000000000003,-216.645,-121.485,-254.085,-88.33500000000001,131,210,-937,448
2025-09-01 23:43:57.801875,42.9,-162.82500000000002,-78.19500000000001,-170.04,-143.91,-16.185000000000002,-120.315,19.695,133,210,-949,512
2025-09-01 23:43:57.809750,257.985,59.28,121.095,91.26,157.56,142.935,70.2,163.60500000000002,161,190,-931,448
2025-09-01 23:43:57.817625,238.68,20.475,77.415,58.305,110.76,73.32000000000001,50.505,118.755,161,190,-931,448
2025-09-01 23:43:57.825500,85.605,-77.025,7.995,-91.26,-38.025,23.985,-45.825,55.575,157,182,-929,448
2025-09-01 23:43:57.833375,87.75,-119.925,-13.65,-153.85500000000002,-79.36500000000001,-18.135,-76.635,31.98,153,185,-925,320
2025-09-01 23:43:57.841250,82.485,-142.54500000000002,-79.95,-184.275,-102.375,-67.86,-121.68,-19.11,156,189,-918,384
2025-09-01 23:43:57.857000,45.63,-210.795,-123.435,-244.14,-213.33,-111.15,-152.29500000000002,-37.44,156,189,-918,384
2025-09-01 23:43:57.867875,182.13,-180.375,-46.8,-146.25,-46.41,-17.745,-117.585,14.43,153,188,-908,512
2025-09-01 23:43:57.878750,379.08,-244.53,-153.465,-226.395,-172.965,-128.895,-138.255,-40.755,66,165,-931,448
2025-09-01 23:43:57.889625,413.4,-220.35,-121.095,-160.875,-110.37,-102.765,-112.515,-28.47,66,165,-931,448
2025-09-01 23:43:57.900500,368.55,-103.545,-53.04,-105.495,-41.34,-23.4,-54.99,40.365,57,165,-919,448
2025-09-01 23:43:57.911375,451.035,-76.44,-0.78,-95.94,6.825,29.835,-28.47,90.09,63,167,-921,512
2025-09-01 23:43:57.922250,454.35,-33.54,17.55,-86.385,33.345,60.255,-27.69,73.71000000000001,67,164,-919,512
2025-09-01 23:43:57.944000,486.33,-4.29,65.325,-14.82,70.98,117.0,110.565,145.08,67,164,-919,512
2025-09-01 23:43:57.951875,535.47,-43.29,93.99,-8.19,16.185000000000002,66.105,92.625,137.28,63,160,-914,448
2025-09-01 23:43:57.959750,663.975,-195.78,-143.52,-177.645,-100.62,-137.865,-100.23,-30.42,68,134,-927,448
2025-09-01 23:43:57.967625,702.39,-181.545,-89.11500000000001,-152.49,-78.58500000000001,-94.575,-60.84,17.94,68,134,-927,448
2025-09-01 23:43:57.975500,603.525,-151.71,-44.07,-144.495,-88.33500000000001,-25.35,-35.295,61.23,63,134,-917,448
2025-09-01 23:43:57.983375,639.6,-133.185,-23.205,-117.78,-74.88,9.36,0.585,62.595,65,139,-921,448
2025-09-01 23:43:57.991250,693.4200000000001,-69.81,42.705,-37.05,50.895,56.940000000000005,74.88,133.185,69,134,-923,448
2025-09-01 23:43:58.007000,776.2950000000001,21.84,111.93,52.65,116.61,101.595,131.625,165.165,69,134,-923,448
2025-09-01 23:43:58.018125,762.84,-89.50500000000001,39.975,-14.625,32.565,53.04,46.02,113.49,74,140,-911,448
2025-09-01 23:43:58.029250,585.195,-41.73,59.28,-7.605,88.72500000000001,97.695,113.49,113.295,125,152,-923,512
2025-09-01 23:43:58.040375,549.9,-54.99,33.54,-50.505,45.24,26.52,104.715,86.385,125,152,-923,512
2025-09-01 23:43:58.051500,547.755,-129.675,-42.705,-136.5,-51.870000000000005,-39.39,-31.98,19.305,128,150,-920,448
2025-09-01 23:43:58.062625,433.68,-178.425,-74.10000000000001,-258.375,-115.635,-49.53,-51.48,28.47,125,151,-924,448
2025-09-01 23:43:58.073750,481.065,-194.22,-95.16,-246.09,-137.865,-95.16,-61.425,-9.945,124,158,-925,384
2025-09-01 23:43:58.096000,326.82,-283.725,-145.08,-313.755,-248.04,-157.365,-122.07,-47.190000000000005,124,154,-921,448
2025-09-01 23:43:58.103500,380.25,-281.97,-115.44,-273.58500000000004,-217.23,-106.47,-65.715,-13.65,124,154,-926,448
2025-09-01 23:43:58.111000,86.97,-254.085,-181.935,-280.995,-119.73,-161.46,-179.205,-88.33500000000001,109,154,-946,448
2025-09-01 23:43:58.118500,33.93,-264.03000000000003,-142.935,-272.22,-127.53,-109.395,-116.415,-57.915,109,154,-946,448
2025-09-01 23:43:58.126000,-66.495,-208.26,-46.605,-237.705,-99.45,-30.615,-23.01,7.800000000000001,107,152,-938,448
2025-09-01 23:43:58.133500,14.04,-40.56,34.32,-147.615,8.385,53.235,34.32,86.97,108,157,-942,448
2025-09-01 23:43:58.141000,101.595,-39.585,46.02,-122.46,49.335,90.675,46.02,107.445,102,164,-942,448
2025-09-01 23:43:58.156000,64.155,-85.605,115.245,-47.190000000000005,69.42,121.485,37.245000000000005,161.07,106,159,-940,384
2025-09-01 23:43:58.167125,28.275,-84.045,60.45,-113.49,48.75,65.91,68.64,36.855,108,154,-942,448
2025-09-01 23:43:58.178250,-106.08,21.45,107.445,-58.695,134.745,127.53,115.83,106.08,93,140,-920,448
2025-09-01 23:43:58.189375,-144.69,-29.64,37.44,-85.8,94.575,52.065000000000005,50.7,63.57,90,142,-920,448
2025-09-01 23:43:58.200500,-247.845,-95.55,-15.405,-165.555,-22.815,-21.45,-2.145,23.79,90,142,-919,448
2025-09-01 23:43:58.211625,-239.07,-143.91,-83.07000000000001,-252.525,-80.535,-68.44500000000001,-71.565,-34.71,83,145,-908,448
2025-09-01 23:43:58.222750,-267.345,-210.6,-121.29,-286.845,-122.46,-112.71,-112.905,-64.935,86,142,-909,448
2025-09-01 23:43:58.245000,-304.2,-248.04,-184.08,-334.035,-160.29,-187.395,-180.375,-122.655,82,140,-911,512
2025-09-01 23:43:58.256375,-274.95,-219.57,-135.135,-313.755,-137.67000000000002,-94.77,-101.4,-66.495,83,140,-915,512
2025-09-01 23:43:58.267750,4.68,39.39,72.93,-44.85,123.435,93.795,108.81,84.63000000000001,87,153,-919,448
2025-09-01 23:43:58.279125,-4.095,2.34,26.91,-72.345,95.745,7.605,82.485,47.190000000000005,84,153,-917,448
2025-09-01 23:43:58.290500,-22.815,-60.645,-57.330000000000005,-125.19,57.135000000000005,-63.96,-40.95,-27.105,84,153,-917,448
2025-09-01 23:43:58.301875,-46.605,-108.03,-104.13,-210.21,-22.62,-87.555,-100.23,-50.115,89,152,-915,384
2025-09-01 23:43:58.313250,-7.800000000000001,-151.71,-134.94,-238.875,-39.585,-134.55,-72.93,-111.15,95,154,-930,448
2025-09-01 23:43:58.336000,-85.8,-247.26,-188.76,-288.40500000000003,-126.36,-193.635,-142.155,-117.585,94,152,-927,512
2025-09-01 23:43:58.347250,-162.82500000000002,-182.13,-116.415,-323.7,-158.73000000000002,-106.665,-42.315000000000005,-57.330000000000005,91,152,-923,448
2025-09-01 23:43:58.358500,-2.9250000000000003,-205.92,-180.765,-321.945,-154.245,-176.67000000000002,-134.745,-98.28,82,180,-942,448
2025-09-01 23:43:58.369750,-107.055,-200.265,-152.29500000000002,-306.345,-138.645,-138.645,-123.045,-86.97,85,182,-944,448
2025-09-01 23:43:58.381000,-20.67,-109.59,-71.565,-224.835,-8.385,-40.17,-60.45,-14.04,85,182,-944,448
2025-09-01 23:43:58.392250,-3.315,-35.1,-38.22,-133.185,33.735,-7.605,-12.87,0.39,87,185,-942,448
2025-09-01 23:43:58.403500,52.455,11.505,1.365,-98.085,89.7,11.895,52.65,60.645,91,188,-954,384
2025-09-01 23:43:58.426000,5.655,32.370000000000005,47.97,-63.57,116.415,86.19,92.43,72.93,87,186,-947,448
2025-09-01 23:43:58.436875,-51.09,-19.89,-13.845,-138.645,41.535,-11.505,22.62,4.875,85,186,-943,512
2025-09-01 23:43:58.447750,-323.115,104.715,50.7,-29.055,183.69,65.91,106.08,67.86,89,190,-940,384
2025-09-01 23:43:58.458625,-322.53000000000003,53.625,35.1,-78.97500000000001,130.455,49.14,64.155,51.675,85,193,-935,448
2025-09-01 23:43:58.469500,-463.515,-35.685,-31.200000000000003,-189.93,0.78,-32.175000000000004,-1.755,-7.41,82,193,-935,384
2025-09-01 23:43:58.480375,-479.895,-131.82,-108.42,-260.71500000000003,-79.36500000000001,-112.515,-88.53,-71.76,82,193,-934,448
2025-09-01 23:43:58.491250,-495.105,-149.955,-157.17000000000002,-290.355,-103.74,-151.125,-127.53,-101.205,83,193,-943,448
2025-09-01 23:43:58.513000,-512.46,-195.78,-231.66,-341.445,-148.98000000000002,-181.74,-199.095,-142.155,83,190,-935,448
2025-09-01 23:43:58.520750,-480.285,-188.76,-119.145,-264.81,-85.215,-108.03,-88.33500000000001,-49.92,78,189,-932,384
2025-09-01 23:43:58.528500,-329.745,-0.195,76.635,-90.675,76.83,102.375,92.235,90.675,67,193,-935,512
2025-09-01 23:43:58.536250,-474.825,-36.465,31.785,-155.61,54.015,39.585,37.05,42.315000000000005,65,197,-934,448
2025-09-01 23:43:58.544000,-411.06,-15.21,-29.25,-195.195,29.25,-21.255,-17.94,-8.775,68,193,-934,448
2025-09-01 23:43:58.551750,-427.635,-71.76,-141.18,-248.82,-35.685,-121.485,-187.98,-74.295,68,196,-933,448
2025-09-01 23:43:58.559500,-434.655,-136.89,-157.17000000000002,-283.53000000000003,-70.395,-142.54500000000002,-188.175,-72.54,68,196,-933,448
2025-09-01 23:43:58.575000,-501.735,-179.01000000000002,-239.07,-353.535,-146.445,-215.865,-171.405,-167.895,68,195,-929,512
2025-09-01 23:43:58.586250,-447.33,-145.08,-134.745,-252.915,-62.985,-119.73,-71.955,-82.095,69,193,-927,448
2025-09-01 23:43:58.597500,-429.195,-215.865,-221.325,-355.485,-147.615,-197.34,-184.665,-137.865,72,191,-925,448
2025-09-01 23:43:58.608750,-444.795,-166.14,-154.05,-337.35,-109.395,-130.455,-122.85,-83.07000000000001,78,189,-912,384
2025-09-01 23:43:58.620000,-339.105,-65.91,-60.06,-235.755,-9.555,-27.3,-37.44,-7.605,78,197,-913,448
2025-09-01 23:43:58.631250,-320.58,-68.44500000000001,-26.715,-159.705,42.51,22.425,-16.77,13.26,79,197,-917,512
2025-09-01 23:43:58.642500,-407.55,-30.225,-15.795,-155.805,48.555,32.76,18.915,30.42,79,197,-917,512
2025-09-01 23:43:58.665000,-253.695,78.58500000000001,77.025,-58.695,152.29500000000002,104.52,96.72,113.88,78,196,-907,448
2025-09-01 23:43:58.672750,-283.92,39.585,19.695,-115.635,98.085,31.785,50.7,44.655,80,194,-912,448
2025-09-01 23:43:58.680500,-373.815,-156.0,-202.02,-330.72,-102.57,-155.415,-252.525,-95.16,83,186,-930,448
2025-09-01 23:43:58.688250,-332.865,-124.995,-206.7,-288.795,-65.52,-135.915,-158.925,-103.74,87,186,-923,384
2025-09-01 23:43:58.696000,-354.90000000000003,-68.25,-113.88,-242.19,-40.95,-94.965,-17.745,-64.74000000000001,83,187,-919,512
2025-09-01 23:43:58.703750,-256.815,0.78,-23.01,-136.89,46.41,-1.56,43.095,27.105,89,190,-919,448
2025-09-01 23:43:58.711500,-254.085,36.465,2.145,-116.415,68.25,25.935,73.515,48.75,89,190,-919,448
2025-09-01 23:43:58.727000,-228.345,82.095,69.22500000000001,-79.36500000000001,131.235,104.52,122.655,111.15,91,188,-912,512
2025-09-01 23:43:58.738000,-250.185,33.345,18.525,-145.86,70.59,28.86,66.885,49.14,88,190,-913,448
2025-09-01 23:43:58.749000,-176.67000000000002,-130.845,-225.81,-316.875,-111.735,-199.875,-173.55,-155.415,107,198,-927,512
2025-09-01 23:43:58.760000,-140.595,-76.05,-196.755,-271.245,-55.77,-181.545,-141.18,-140.01,99,205,-917,512
2025-09-01 23:43:58.771000,-21.45,13.455,-136.695,-178.23000000000002,25.545,-108.03,-83.07000000000001,-76.635,100,205,-916,448
2025-09-01 23:43:58.782000,96.915,54.795,-55.575,-104.13,77.025,-23.985,1.56,-7.215,103,206,-922,512
2025-09-01 23:43:58.793000,84.825,76.83,-7.0200000000000005,-106.86,93.795,10.92,55.965,43.095,103,206,-922,512
2025-09-01 23:43:58.815000,244.14,173.35500000000002,64.74000000000001,-9.945,212.16,73.515,116.415,50.505,94,209,-907,448
2025-09-01 23:43:58.823125,64.935,43.485,-22.035,-111.735,38.415,-8.385,-3.9,-11.31,92,210,-916,384
2025-09-01 23:43:58.831250,272.415,-106.47,-225.615,-298.74,-122.655,-217.815,-167.70000000000002,-163.215,76,218,-938,384
2025-09-01 23:43:58.839375,317.265,-76.83,-181.935,-243.945,-79.56,-150.54,-136.305,-102.96,76,218,-932,384
2025-09-01 23:43:58.847500,382.98,-12.285,-105.69,-148.59,18.33,-62.400000000000006,-63.18,-37.05,75,216,-931,384
2025-09-01 23:43:58.855625,270.66,40.95,-60.255,-116.415,13.845,-39.0,2.73,-15.405,75,217,-922,448
2025-09-01 23:43:58.863750,365.43,84.045,-11.505,-130.65,73.515,0.39,39.0,23.595,75,217,-922,448
2025-09-01 23:43:58.880000,509.73,215.28,48.165,16.965,254.28,60.84,90.285,61.425,81,216,-919,512
2025-09-01 23:43:58.891000,413.205,106.665,-29.25,-59.085,137.085,-9.36,5.265000000000001,-3.9,78,220,-923,384
2025-09-01 23:43:58.902000,384.15,117.0,12.09,-44.265,122.46,79.95,22.035,86.775,74,226,-915,448
2025-09-01 23:43:58.913000,364.065,84.045,-18.525,-78.78,78.78,70.395,-80.73,78.39,74,226,-915,448
2025-09-01 23:43:58.924000,329.55,12.09,-54.795,-149.175,11.31,-15.21,-22.23,18.72,78,225,-920,512
2025-09-01 23:43:58.935000,306.93,-40.56,-126.165,-196.95,-44.265,-80.925,-89.895,-45.825,81,227,-921,448
2025-09-01 23:43:58.946000,295.035,-78.39,-118.365,-218.205,-76.05,-91.65,-101.595,-41.535,65,227,-921,448
2025-09-01 23:43:58.968000,231.66,-136.89,-172.965,-320.77500000000003,-173.745,-144.3,-145.86,-78.58500000000001,76,227,-916,448
2025-09-01 23:43:58.978750,320.58,-107.25,-160.485,-260.13,-98.28,-128.31,-124.41,-51.48,76,228,-927,448
2025-09-01 23:43:58.989500,302.25,97.305,78.97500000000001,-52.845,85.605,136.5,112.515,137.67000000000002,97,215,-906,448
2025-09-01 23:43:59.000250,323.505,95.16,60.255,-81.705,63.765,95.55,55.185,109.59,97,215,-906,448
2025-09-01 23:43:59.011000,315.51,25.935,-15.405,-137.475,5.07,17.16,-68.25,56.16,100,216,-904,384
2025-09-01 23:43:59.021750,254.475,-44.07,-103.935,-212.94,-76.44,-63.57,-51.09,-31.785,100,214,-907,448
2025-09-01 23:43:59.032500,271.05,-56.55,-155.805,-236.34,-76.635,-134.35500000000002,-105.3,-59.67,96,213,-906,384
2025-09-01 23:43:59.054000,281.385,-140.01,-234.195,-273.58500000000004,-130.455,-194.61,-168.285,-127.335,96,213,-906,384
2025-09-01 23:43:59.065250,167.895,-82.485,-143.32500000000002,-270.855,-135.525,-93.99,-132.99,-47.385000000000005,86,218,-912,448
2025-09-01 23:43:59.076500,178.23000000000002,-139.23000000000002,-197.535,-257.40000000000003,-132.405,-148.59,-146.64,-83.265,104,231,-918,448
2025-09-01 23:43:59.087750,82.875,-97.89,-166.92000000000002,-252.72,-137.67000000000002,-128.31,-111.345,-65.13,104,231,-918,448
2025-09-01 23:43:59.099000,245.895,-14.235,-118.755,-210.6,-72.735,-75.27,-77.415,-28.08,105,235,-911,384
2025-09-01 23:43:59.110250,269.88,57.72,-54.99,-101.205,39.585,-10.335,-1.56,29.25,107,236,-913,448
2025-09-01 23:43:59.121500,302.64,95.55,10.92,-43.68,81.705,56.55,53.625,94.965,108,234,-911,512
2025-09-01 23:43:59.144000,328.575,138.45000000000002,92.625,7.215,119.34,126.555,80.535,167.895,108,234,-911,512
2025-09-01 23:43:59.151500,333.06,107.25,1.17,-50.895,98.28,34.32,78.0,51.285,109,237,-923,448
2025-09-01 23:43:59.159000,142.54500000000002,-119.73,-218.01,-297.765,-171.6,-184.08,-163.995,-114.66,107,237,-914,448
2025-09-01 23:43:59.166500,141.375,-80.925,-156.585,-264.42,-134.35500000000002,-126.945,-103.935,-62.79,107,237,-914,448
2025-09-01 23:43:59.174000,224.835,5.655,-91.845,-164.19,-29.445,-35.1,-37.83,0.975,107,238,-902,512
2025-09-01 23:43:59.181500,294.255,75.855,-15.795,-82.29,20.865,46.41,10.725,56.55,106,239,-911,512
2025-09-01 23:43:59.189000,251.16,72.15,-0.78,-91.845,38.22,50.7,61.035,77.61,107,239,-913,512
2025-09-01 23:43:59.204000,254.475,149.76,89.50500000000001,2.535,119.73,114.27,104.715,125.58,107,239,-913,512
2025-09-01 23:43:59.215250,270.075,112.125,16.575,-49.92,66.495,57.525,-4.095,71.37,112,236,-916,512
2025-09-01 23:43:59.226500,296.40000000000003,173.16,80.34,45.045,145.665,121.875,132.015,121.095,87,237,-912,512
2025-09-01 23:43:59.237750,280.8,125.775,45.045,16.575,104.91,77.22,97.695,83.46000000000001,87,237,-912,512
2025-09-01 23:43:59.249000,233.415,56.16,-5.07,-65.325,21.255,7.41,37.44,31.005000000000003,93,240,-914,512
2025-09-01 23:43:59.260250,170.82,-35.49,-110.76,-160.68,-72.735,-78.19500000000001,-66.885,-54.21,96,239,-918,448
2025-09-01 23:43:59.271500,139.425,-43.875,-146.64,-217.035,-123.045,-112.32,-109.2,-69.81,94,239,-921,512
2025-09-01 23:43:59.294000,123.63,-106.86,-206.115,-263.055,-153.85500000000002,-168.87,-178.62,-128.895,92,239,-921,448
2025-09-01 23:43:59.309000,218.01,-27.885,-164.775,-184.86,-77.805,-114.855,-125.19,-84.63000000000001,89,242,-920,512
2025-09-01 23:43:59.324000,43.875,-124.02,-219.57,-271.05,-153.66,-168.285,-168.87,-124.02,102,251,-922,448
2025-09-01 23:43:59.339000,60.645,-104.13,-182.91,-251.94,-123.045,-144.3,-114.855,-91.65,102,251,-922,448
2025-09-01 23:43:59.354000,97.5,-42.51,-73.125,-161.07,-48.165,-34.32,-22.62,-7.0200000000000005,108,248,-918,448
2025-09-01 23:43:59.369000,173.35500000000002,67.47,19.5,-50.115,66.495,49.53,65.13,70.005,104,252,-930,512
2025-09-01 23:43:59.384000,202.605,94.965,37.44,-3.51,96.525,68.25,74.10000000000001,91.65,104,249,-928,448
2025-09-01 23:43:59.414000,231.075,137.475,73.515,70.785,171.405,118.755,42.120000000000005,133.965,109,252,-929,512
2025-09-01 23:43:59.422000,230.685,78.97500000000001,27.69,20.475,114.66,62.985,92.235,36.075,110,255,-925,512
2025-09-01 23:43:59.430000,144.495,148.98000000000002,90.285,76.44,153.07500000000002,118.755,98.28,125.19,115,242,-918,448
2025-09-01 23:43:59.438000,134.745,113.49,60.255,48.165,129.09,78.78,124.995,66.69,115,242,-918,448
2025-09-01 23:43:59.446000,140.985,49.14,6.045,-20.865,65.13,19.5,56.16,39.195,111,245,-930,512
2025-09-01 23:43:59.454000,-50.31,-38.805,-90.09,-134.35500000000002,-68.64,-77.22,-50.505,-48.75,115,243,-916,448
2025-09-01 23:43:59.462000,-29.055,-70.98,-126.165,-213.915,-102.375,-113.1,-95.745,-79.36500000000001,119,238,-912,384
2025-09-01 23:43:59.478000,-69.81,-114.27,-190.125,-258.765,-135.72,-159.705,-166.53,-129.48000000000002,116,237,-910,448
2025-09-01 23:43:59.488875,37.635,-39.975,-140.205,-144.885,-33.345,-98.475,-112.905,-85.215,113,241,-912,448
2025-09-01 23:43:59.499750,-648.96,-367.38,-576.03,-726.96,-468.78,-481.455,-621.465,-479.31,96,224,-907,512
2025-09-01 23:43:59.510625,-618.345,-313.755,-472.095,-595.14,-409.695,-389.025,-475.8,-351.975,97,231,-909,448
2025-09-01 23:43:59.521500,-660.855,-294.255,-413.01,-621.27,-371.475,-320.77500000000003,-452.79,-308.88,97,231,-909,448
2025-09-01 23:43:59.532375,-405.99,-156.39,-372.645,-395.46,-227.175,-281.97,-405.21,-290.94,95,237,-913,512
2025-09-01 23:43:59.543250,-500.955,-169.26000000000002,-319.41,-480.87,-239.265,-222.885,-344.955,-229.32,96,234,-910,448
2025-09-01 23:43:59.565000,-563.355,-100.425,-286.26,-442.65,-183.495,-203.58,-350.02500000000003,-289.38,98,230,-904,448
2025-09-01 23:43:59.572750,-721.3050000000001,-210.99,-388.05,-626.73,-321.75,-284.7,-478.725,-336.765,97,226,-902,448
2025-09-01 23:43:59.580500,-1028.625,-413.595,-559.455,-841.62,-502.125,-459.03,-560.4300000000001,-415.74,92,225,-899,448
2025-09-01 23:43:59.588250,-892.32,-348.46500000000003,-562.575,-693.225,-406.185,-465.465,-605.475,-494.325,92,227,-903,448
2025-09-01 23:43:59.596000,-614.25,-218.01,-524.16,-459.42,-272.415,-399.555,-547.365,-377.91,92,227,-903,448
2025-09-01 23:43:59.603750,-669.825,-127.725,-381.225,-481.065,-198.705,-292.695,-396.24,-276.12,99,224,-904,448
2025-09-01 23:43:59.611500,-687.375,-138.45000000000002,-389.61,-487.305,-173.16,-304.2,-406.77,-305.565,97,221,-905,448
2025-09-01 23:43:59.627000,-703.365,-74.49000000000001,-306.15000000000003,-331.89,-123.435,-219.96,-318.825,-248.625,94,222,-903,448
2025-09-01 23:43:59.638375,-723.0600000000001,-143.91,-402.09,-458.835,-231.27,-279.63,-444.405,-323.505,92,223,-903,448
2025-09-01 23:43:59.649750,-557.505,-0.195,-233.805,-240.435,-20.865,-120.705,-226.005,-103.155,95,232,-915,512
2025-09-01 23:43:59.661125,-643.5,-34.905,-285.675,-363.48,-83.655,-186.03,-336.18,-149.175,97,238,-918,448
2025-09-01 23:43:59.672500,-656.37,-153.27,-366.21,-387.27,-146.64,-254.085,-421.005,-223.86,97,238,-918,448
2025-09-01 23:43:59.683875,-634.725,-173.55,-436.995,-433.095,-167.505,-322.725,-438.75,-311.805,104,236,-908,512
2025-09-01 23:43:59.695250,-601.38,-164.58,-486.33,-409.89,-167.31,-381.42,-507.0,-354.705,99,235,-913,448
2025-09-01 23:43:59.718000,-669.63,-232.44,-528.0600000000001,-523.575,-252.33,-414.96,-520.65,-339.105,101,235,-913,384
2025-09-01 23:43:59.725750,-624.78,-200.265,-463.515,-428.025,-191.49,-347.295,-411.06,-265.005,100,235,-912,384
2025-09-01 23:43:59.733500,-404.625,56.55,-159.315,-124.215,100.425,-55.185,-180.96,9.165,97,242,-923,448
2025-09-01 23:43:59.741250,-431.925,23.01,-207.48,-177.84,65.91,-110.76,-180.96,-79.36500000000001,96,247,-923,448
2025-09-01 23:43:59.749000,-493.74,-60.06,-283.14,-269.1,-29.445,-171.99,-227.955,-127.92,100,247,-930,512
2025-09-01 23:43:59.756750,-656.565,-98.67,-355.095,-269.295,-60.45,-258.18,-338.325,-185.25,100,248,-933,384
2025-09-01 23:43:59.764500,-754.455,-140.79,-382.005,-302.83500000000004,-95.355,-289.38,-369.135,-214.11,97,248,-933,384
2025-09-01 23:43:59.780000,-978.315,-229.125,-451.815,-418.08,-204.36,-342.225,-430.56,-254.085,95,243,-925,512
2025-09-01 23:43:59.794375,-872.625,-139.815,-441.285,-361.725,-135.915,-327.99,-405.795,-239.46,98,244,-925,384
2025-09-01 23:43:59.808750,-660.465,-29.25,-234.975,-57.135000000000005,45.63,-146.835,-133.965,-15.21,108,252,-929,512
2025-09-01 23:43:59.823125,-626.73,-1.365,-203.19,-8.58,79.75500000000001,-106.86,-89.11500000000001,15.6,111,253,-930,512
2025-09-01 23:43:59.837500,-587.73,47.58,-123.825,53.43,137.085,-23.01,-11.505,88.53,111,252,-929,512
2025-09-01 23:43:59.851875,-538.395,102.375,-64.155,137.865,218.595,24.375,36.075,121.68,106,251,-924,384
2025-09-01 23:43:59.866250,-492.375,151.125,-15.99,194.415,274.56,73.32000000000001,46.8,187.2,106,251,-924,384
2025-09-01 23:43:59.895000,-445.185,243.165,65.715,265.395,343.59000000000003,160.095,136.5,258.375,99,252,-926,512
2025-09-01 23:43:59.902625,-438.165,207.285,18.72,239.655,307.90500000000003,93.015,136.305,176.67000000000002,100,252,-923,448
2025-09-01 23:43:59.910250,-90.285,344.565,241.995,463.32,453.96,290.16,342.615,377.715,103,244,-916,384
2025-09-01 23:43:59.917875,-87.555,317.85,212.745,440.7,427.635,264.03000000000003,354.90000000000003,342.225,104,250,-924,448
2025-09-01 23:43:59.925500,-143.52,251.55,142.35,347.88,337.35,188.955,284.115,285.09000000000003,104,247,-918,512
2025-09-01 23:43:59.933125,-187.005,184.665,94.575,261.885,251.745,125.775,233.22,249.6,99,248,-916,448
2025-09-01 23:43:59.940750,-210.99,137.67000000000002,51.870000000000005,227.565,208.65,81.705,182.715,210.795,99,248,-916,448
2025-09-01 23:43:59.956000,-237.705,81.51,-28.47,161.07,148.59,11.7,119.535,152.88,99,249,-921,448
2025-09-01 23:43:59.967375,-203.775,123.24,45.435,236.34,215.865,109.59,193.44,235.365,100,249,-922,384
2025-09-01 23:43:59.978750,156.39,82.095,51.285,185.445,131.82,53.43,181.35,187.785,87,239,-909,448
2025-09-01 23:43:59.990125,167.115,123.24,60.06,213.33,146.64,69.42,205.92,175.89,95,244,-924,448
2025-09-01 23:44:00.001500,242.58,214.305,127.92,301.86,250.185,149.175,274.56,238.095,93,240,-916,512
2025-09-01 23:44:00.012875,301.08,260.325,241.02,385.32,311.415,252.525,362.7,339.105,94,238,-912,448
2025-09-01 23:44:00.024250,309.46500000000003,286.455,287.625,397.995,341.83500000000004,292.5,413.985,368.16,94,238,-912,448
2025-09-01 23:44:00.047000,339.3,345.15000000000003,327.99,458.445,403.065,336.57,448.5,390.0,95,241,-924,384
2025-09-01 23:44:00.054250,333.255,311.61,266.565,418.47,357.045,268.125,383.955,326.43,95,242,-914,448
2025-09-01 23:44:00.061500,206.505,54.21,42.9,148.785,83.46000000000001,37.44,148.20000000000002,121.095,92,239,-921,384
2025-09-01 23:44:00.068750,217.815,101.205,90.285,180.765,97.11,84.24000000000001,188.76,160.485,88,236,-912,512
2025-09-01 23:44:00.076000,284.895,183.495,162.24,241.605,160.485,168.09,268.32,217.815,88,238,-912,448
2025-09-01 23:44:00.083250,363.48,240.435,240.045,329.94,265.59000000000003,232.44,335.205,297.57,89,238,-913,448
2025-09-01 23:44:00.090500,388.245,260.91,263.83500000000004,351.975,287.04,258.765,370.5,298.935,89,238,-913,448
2025-09-01 23:44:00.105000,319.02000000000004,336.765,323.89500000000004,425.88,342.81,327.40500000000003,429.585,333.45,85,244,-900,448
2025-09-01 23:44:00.116250,370.695,280.41,292.11,352.56,280.8,284.895,363.87,307.71000000000004,88,244,-908,448
2025-09-01 23:44:00.127500,377.325,312.78000000000003,363.87,416.91,317.85,338.325,425.685,350.805,91,245,-907,512
2025-09-01 23:44:00.138750,382.59,293.67,335.40000000000003,394.485,301.47,296.985,382.785,312.78000000000003,91,245,-907,512
2025-09-01 23:44:00.150000,293.08500000000004,188.37,243.36,295.425,191.295,221.325,297.96000000000004,247.845,93,244,-909,448
2025-09-01 23:44:00.161250,185.835,141.18,187.2,179.79,65.52,158.535,239.655,199.875,87,243,-911,512
2025-09-01 23:44:00.172500,194.805,111.735,140.01,122.46,31.59,122.265,199.68,161.85,87,243,-911,512
2025-09-01 23:44:00.195000,170.235,36.27,87.165,74.685,-17.94,65.91,136.89,108.615,91,242,-927,384
2025-09-01 23:44:00.210000,161.655,50.31,111.345,87.36,-7.215,99.645,174.525,148.005,94,236,-915,512
2025-09-01 23:44:00.225000,281.77500000000003,284.31,339.3,330.915,235.755,323.505,372.84,288.99,94,245,-915,448
2025-09-01 23:44:00.240000,271.83,260.52,309.27000000000004,302.055,210.405,284.115,338.13,257.79,94,245,-915,448
2025-09-01 23:44:00.255000,251.745,205.14,250.965,225.81,147.42000000000002,215.67,275.925,195.195,95,247,-914,448
2025-09-01 23:44:00.270000,266.175,138.645,164.38500000000002,170.43,90.09,129.285,129.48000000000002,144.495,96,246,-914,448
2025-09-01 23:44:00.285000,196.95,62.79,130.065,120.705,26.325,93.21,123.045,116.805,80,246,-914,448
2025-09-01 23:44:00.315000,19.5,22.425,61.035,30.42,-71.76,17.16,109.785,17.55,87,248,-915,448
2025-09-01 23:44:00.326500,139.035,60.255,76.83,43.68,-27.495,57.72,137.475,82.095,93,244,-930,448
2025-09-01 23:44:00.338000,93.99,7.41,31.395,-20.67,-96.525,6.24,61.620000000000005,0.975,96,240,-905,384
2025-09-01 23:44:00.349500,105.885,35.1,60.84,4.29,-68.25,55.965,94.965,25.155,96,240,-905,384
2025-09-01 23:44:00.361000,148.59,101.205,113.1,87.165,10.92,102.18,151.515,84.825,92,244,-904,512
2025-09-01 23:44:00.372500,179.595,159.705,212.745,154.83,77.61,174.915,261.495,164.58,93,240,-905,448
2025-09-01 23:44:00.384000,198.51,189.15,227.955,190.32,115.245,217.425,271.635,171.405,88,239,-907,384
2025-09-01 23:44:00.407000,319.995,278.85,313.95,303.615,246.09,284.7,333.06,239.655,88,239,-907,384
2025-09-01 23:44:00.417875,172.77,220.545,258.96000000000004,228.54,140.4,222.105,224.64,190.71,82,238,-897,384
2025-09-01 23:44:00.428750,32.955,-17.745,-10.92,-66.3,-129.285,-49.92,-1.17,-64.155,83,252,-914,512
2025-09-01 23:44:00.439625,47.385000000000005,18.135,14.04,-37.44,-97.5,-16.575,27.3,-37.44,83,252,-914,512
2025-09-01 23:44:00.450500,90.48,88.92,76.635,37.635,-7.215,46.215,98.085,16.38,87,249,-926,448
2025-09-01 23:44:00.461375,135.135,136.89,170.235,119.535,64.545,132.79500000000002,191.1,97.89,85,253,-921,448
2025-09-01 23:44:00.472250,152.88,159.9,200.265,153.85500000000002,94.575,169.455,226.98,120.9,88,250,-915,512
2025-09-01 23:44:00.494000,178.035,240.24,267.15000000000003,202.605,148.20000000000002,247.065,279.825,177.645,88,250,-915,512
2025-09-01 23:44:00.501875,168.48000000000002,203.19,221.91,166.53,103.35,186.03,210.795,117.585,89,246,-921,448
2025-09-01 23:44:00.509750,10.725,-36.66,-26.52,-85.995,-146.055,-59.67,-27.3,-79.95,83,254,-918,448
2025-09-01 23:44:00.517625,16.38,-7.41,4.095,-69.22500000000001,-114.465,-25.545,13.65,-56.16,83,254,-918,448
2025-09-01 23:44:00.525500,109.785,78.78,75.075,31.785,-11.505,49.725,81.705,10.335,83,252,-910,512
2025-09-01 23:44:00.533375,96.72,115.05,136.89,109.59,58.11,123.24,139.815,54.795,85,251,-913,384
2025-09-01 23:44:00.541250,101.01,158.145,177.84,133.77,76.635,155.025,185.445,90.675,86,251,-915,448
2025-09-01 23:44:00.557000,180.765,239.07,240.435,202.995,163.215,220.35,229.905,126.36,84,248,-914,512
2025-09-01 23:44:00.568000,143.52,195.39,200.07,168.09,112.515,172.38,191.685,97.89,81,246,-918,512
2025-09-01 23:44:00.579000,138.645,197.73,217.62,183.3,118.755,185.445,201.435,94.185,87,245,-916,512
2025-09-01 23:44:00.590000,121.68,167.895,184.665,151.515,87.555,155.025,171.99,69.03,87,245,-916,512
2025-09-01 23:44:00.601000,94.575,126.945,150.93,75.465,31.200000000000003,111.93,134.55,39.0,86,239,-919,512
2025-09-01 23:44:00.612000,62.985,65.13,85.995,20.085,-32.955,48.165,69.61500000000001,-11.7,81,244,-924,448
2025-09-01 23:44:00.623000,40.95,24.765,49.335,-23.205,-78.0,3.9,30.42,-44.265,83,251,-923,512
2025-09-01 23:44:00.645000,6.63,-36.27,-27.69,-90.09,-142.935,-63.18,-42.120000000000005,-87.36,84,250,-918,448
2025-09-01 23:44:00.656250,31.785,12.285,4.875,-34.125,-86.385,-24.375,-0.195,-75.075,85,250,-911,448
2025-09-01 23:44:00.667500,136.11,201.63,217.815,193.245,135.525,188.37,208.455,111.54,81,247,-916,448
2025-09-01 23:44:00.678750,135.33,191.49,199.875,182.91,123.435,169.065,181.74,83.655,81,247,-916,448
2025-09-01 23:44:00.690000,107.64,158.73000000000002,145.47,93.015,45.825,116.025,117.585,46.02,92,247,-935,512
2025-09-01 23:44:00.701250,15.405,34.905,59.28,-17.94,-56.940000000000005,13.65,42.51,-27.3,89,241,-923,448
2025-09-01 23:44:00.712500,-40.755,14.82,20.28,-53.04,-108.225,-19.89,-7.41,-61.035,95,239,-908,448
2025-09-01 23:44:00.735000,-34.905,-34.125,-71.175,-117.585,-167.31,-103.74,-90.285,-135.915,92,245,-911,448
2025-09-01 23:44:00.750625,-11.7,-3.51,-22.035,-59.28,-96.135,-52.845,-34.905,-78.0,90,245,-917,448
2025-09-01 23:44:00.766250,-59.085,-74.49000000000001,-81.12,-145.275,-190.905,-111.54,-111.735,-138.255,86,246,-918,448
2025-09-01 23:44:00.781875,-37.44,-40.17,-54.795,-111.345,-156.39,-77.025,-83.655,-110.565,84,246,-921,448
2025-09-01 23:44:00.797500,12.48,37.83,26.91,-22.815,-55.77,8.385,-1.365,-33.93,84,246,-921,448
2025-09-01 23:44:00.813125,64.74000000000001,106.275,101.595,55.965,25.155,79.95,92.04,19.11,78,243,-908,448
2025-09-01 23:44:00.828750,95.355,137.085,146.055,93.21,58.305,116.415,136.695,36.855,84,243,-900,448
2025-09-01 23:44:00.860000,112.32,180.18,188.175,165.165,113.1,174.13500000000002,161.265,94.575,84,243,-910,448
2025-09-01 23:44:00.876500,81.51,152.49,143.715,113.49,48.75,109.59,124.605,46.41,87,246,-914,448
2025-09-01 23:44:00.893000,110.955,184.86,201.24,163.02,115.05,179.4,178.815,90.09,89,248,-914,448
2025-09-01 23:44:00.909500,114.66,172.38,171.21,158.73000000000002,101.79,131.625,140.01,49.335,91,250,-912,512
2025-09-01 23:44:00.926000,74.10000000000001,109.395,114.465,77.415,25.545,71.955,63.57,5.46,91,250,-912,512
2025-09-01 23:44:00.942500,24.765,46.605,7.800000000000001,-10.335,-51.285,-15.795,-22.425,-73.515,93,254,-918,448
2025-09-01 23:44:00.959000,1.95,-0.39,-19.5,-54.015,-98.085,-67.08,-41.34,-107.445,83,252,-921,448
2025-09-01 23:44:00.992000,-57.330000000000005,-66.3,-77.22,-142.155,-180.57,-122.265,-115.245,-158.73000000000002,85,254,-917,448
2025-09-01 23:44:01.001125,-15.6,-21.06,-41.145,-63.765,-110.175,-71.565,-54.99,-102.96,86,251,-912,448
2025-09-01 23:44:01.010250,-44.265,-66.105,-98.085,-130.65,-175.5,-128.70000000000002,-130.455,-153.66,85,254,-911,448
2025-09-01 23:44:01.019375,-11.895,-39.975,-66.105,-98.865,-136.89,-94.185,-91.455,-115.245,85,252,-912,448
2025-09-01 23:44:01.028500,21.645,24.375,2.34,-32.175000000000004,-62.400000000000006,-23.985,-12.675,-50.115,85,252,-912,448
2025-09-01 23:44:01.037625,67.86,103.155,77.22,52.065000000000005,22.815,51.870000000000005,70.98,17.94,81,243,-912,448
2025-09-01 23:44:01.046750,84.825,135.33,110.37,67.275,46.605,85.995,98.67,11.895,82,249,-914,448
2025-09-01 23:44:01.065000,123.435,196.56,185.64,140.4,112.32,168.09,158.925,93.405,78,251,-914,512
2025-09-01 23:44:01.072875,112.71,152.49,159.9,104.91,63.96,125.58,112.905,53.04,80,253,-914,384
2025-09-01 23:44:01.080750,-29.64,-57.135000000000005,-140.79,-143.91,-171.21,-154.83,-164.38500000000002,-178.035,83,253,-904,448
2025-09-01 23:44:01.088625,-25.35,-37.05,-104.13,-122.46,-141.57,-120.12,-125.97,-140.4,88,251,-917,512
2025-09-01 23:44:01.096500,26.52,24.57,-4.29,-43.68,-68.64,-35.685,-34.905,-64.155,85,254,-915,512
2025-09-01 23:44:01.104375,117.585,111.735,76.83,62.010000000000005,40.17,50.7,61.620000000000005,3.51,84,250,-916,384
2025-09-01 23:44:01.112250,144.885,121.095,109.98,92.82,74.295,92.235,79.56,27.105,84,250,-916,384
2025-09-01 23:44:01.128000,73.905,177.45000000000002,186.615,129.48000000000002,101.595,154.245,172.965,104.325,84,248,-913,448
2025-09-01 23:44:01.138875,113.88,179.595,131.04,106.665,80.73,95.55,91.455,34.905,82,248,-912,448
2025-09-01 23:44:01.149750,130.455,200.265,191.295,158.925,132.21,168.675,159.9,102.96,81,255,-915,512
2025-09-01 23:44:01.160625,126.36,178.23000000000002,167.31,134.745,102.96,137.865,122.46,72.54,76,256,-916,448
2025-09-01 23:44:01.171500,72.54,112.125,90.675,44.655,24.18,53.235,43.485,9.945,79,257,-913,448
2025-09-01 23:44:01.182375,34.905,46.41,-11.31,-16.575,-52.065000000000005,-41.145,-45.24,-97.305,79,255,-913,448
2025-09-01 23:44:01.193250,9.555,11.31,-60.84,-50.7,-84.435,-72.735,-80.535,-107.64,79,255,-913,448
2025-09-01 23:44:01.215000,-7.605,-50.7,-122.265,-113.295,-140.01,-141.18,-152.685,-153.07500000000002,79,257,-921,448
2025-09-01 23:44:01.223000,9.75,-29.25,-57.525,-63.18,-99.06,-83.85000000000001,-83.46000000000001,-99.255,80,258,-919,384
2025-09-01 23:44:01.231000,143.715,207.87,183.69,150.345,130.26,174.13500000000002,148.395,105.885,83,268,-912,512
2025-09-01 23:44:01.239000,131.43,189.54,164.58,127.53,107.055,146.445,116.415,80.34,78,257,-909,448
2025-09-01 23:44:01.247000,87.75,132.99,84.63000000000001,46.605,30.42,59.67,39.195,12.87,78,260,-915,448
2025-09-01 23:44:01.255000,37.05,32.955,-3.705,-33.735,-52.260000000000005,-21.645,-39.975,-60.45,79,264,-914,448
2025-09-01 23:44:01.263000,29.055,10.335,-44.265,-50.505,-75.075,-50.7,-87.75,-94.77,79,264,-914,448
2025-09-01 23:44:01.279000,-10.14,-55.185,-110.76,-107.64,-139.23000000000002,-125.19,-144.10500000000002,-138.255,75,264,-906,512
2025-09-01 23:44:01.289875,13.455,-21.645,-69.03,-72.54,-96.525,-83.85000000000001,-89.7,-94.185,77,263,-912,448
2025-09-01 23:44:01.300750,-23.205,-66.69,-126.165,-133.77,-148.395,-139.035,-151.515,-151.32,88,258,-911,448
2025-09-01 23:44:01.311625,-31.200000000000003,-66.3,-98.67,-111.15,-136.5,-110.76,-120.9,-124.41,81,252,-908,448
2025-09-01 23:44:01.322500,38.61,11.7,-28.08,-40.95,-62.205000000000005,-34.71,-41.145,-58.11,81,256,-907,512
2025-09-01 23:44:01.333375,76.83,80.73,50.115,51.48,27.885,52.455,19.695,5.07,80,255,-916,512
2025-09-01 23:44:01.344250,82.095,114.465,76.245,53.43,32.76,86.385,49.725,33.54,80,255,-916,512
2025-09-01 23:44:01.366000,125.58,176.67000000000002,127.335,151.515,119.73,127.335,117.39,79.17,76,261,-921,384
2025-09-01 23:44:01.373750,126.165,167.505,122.46,126.165,101.985,86.58,104.13,39.975,75,263,-918,448
2025-09-01 23:44:01.381500,99.645,158.925,164.19,152.685,109.785,161.07,140.205,82.29,73,252,-929,384
2025-09-01 23:44:01.389250,81.315,136.89,140.205,124.215,79.17,134.94,99.45,68.64,83,250,-919,448
2025-09-01 23:44:01.397000,3.9,53.82,56.16,27.495,-26.91,47.58,0.39,3.705,80,248,-914,448
2025-09-01 23:44:01.404750,-11.505,-4.29,-36.465,-45.435,-76.635,-41.73,-78.58500000000001,-76.245,74,250,-916,448
2025-09-01 23:44:01.412500,-11.31,-15.6,-44.655,-49.53,-77.415,-47.97,-89.895,-78.0,74,250,-916,448
2025-09-01 23:44:01.428000,-39.39,-62.205000000000005,-97.695,-122.46,-146.25,-107.64,-146.835,-126.555,76,252,-914,512
2025-09-01 23:44:01.439500,-31.785,-53.235,-92.04,-93.795,-125.775,-85.41,-107.64,-95.355,80,256,-912,448
2025-09-01 23:44:01.451000,-166.53,-104.91,-138.45000000000002,-134.16,-186.81,-149.175,-178.815,-153.66,76,254,-907,384
2025-09-01 23:44:01.462500,-120.9,-75.855,-115.245,-97.695,-157.755,-115.635,-143.52,-123.045,76,254,-907,384
2025-09-01 23:44:01.474000,-80.145,-18.135,-48.36,-29.25,-86.19,-40.56,-135.33,-51.675,77,251,-911,448
2025-09-01 23:44:01.485500,-27.495,65.715,26.91,57.525,10.53,35.49,2.145,-3.51,80,252,-916,448
2025-09-01 23:44:01.497000,-20.085,94.185,67.08,91.455,42.315000000000005,69.61500000000001,75.075,13.845,80,252,-916,448
2025-09-01 23:44:01.520000,-3.51,160.095,138.45000000000002,140.4,88.14,144.495,124.215,93.015,76,251,-920,512
2025-09-01 23:44:01.530625,8.97,139.62,121.485,93.6,60.84,109.2,93.21,65.52,75,250,-902,448
2025-09-01 23:44:01.541250,-246.285,-139.62,-134.16,-172.965,-232.635,-117.0,-183.69,-124.215,74,253,-921,448
2025-09-01 23:44:01.551875,-248.82,-123.825,-104.325,-153.66,-216.06,-80.925,-152.685,-83.265,72,253,-921,448
2025-09-01 23:44:01.562500,-173.55,-58.11,-39.975,-63.18,-119.925,-1.17,-95.745,-27.105,72,250,-919,448
2025-09-01 23:44:01.573125,-143.52,18.135,29.25,19.305,-36.66,56.16,-20.67,22.425,69,249,-916,384
2025-09-01 23:44:01.583750,-122.46,63.765,57.330000000000005,52.65,1.17,86.97,21.255,64.35000000000001,73,249,-917,384
2025-09-01 23:44:01.605000,-100.815,113.685,137.475,119.73,69.03,167.31,85.8,114.075,73,249,-917,384
2025-09-01 23:44:01.616125,-113.1,80.535,136.5,89.895,22.815,149.175,72.54,106.86,82,248,-912,448
2025-09-01 23:44:01.627250,-180.57,109.005,159.9,117.975,83.265,188.955,89.31,141.57,62,248,-905,448
2025-09-01 23:44:01.638375,-196.365,91.455,141.765,91.845,52.455,160.68,67.86,93.795,62,248,-905,448
2025-09-01 23:44:01.649500,-239.07,28.665000000000003,70.005,13.65,-22.815,100.815,-16.77,53.235,59,249,-907,448
2025-09-01 23:44:01.660625,-293.67,-61.035,-0.975,-70.005,-113.1,28.86,-92.43,-1.56,63,249,-908,512
2025-09-01 23:44:01.671750,-312.58500000000004,-88.53,-36.27,-91.065,-132.405,-12.87,-120.315,-35.88,66,248,-908,448
2025-09-01 23:44:01.694000,-329.55,-144.10500000000002,-109.395,-146.64,-191.88,-95.94,-196.56,-99.255,66,248,-908,448
2025-09-01 23:44:01.701625,-324.09000000000003,-121.095,-86.385,-135.72,-168.87,-53.235,-148.785,-64.74000000000001,59,246,-901,448
2025-09-01 23:44:01.709250,-159.51000000000002,130.845,194.61,124.995,90.48,217.62,144.885,156.0,85,256,-912,512
2025-09-01 23:44:01.716875,-135.33,131.235,167.505,127.725,82.68,173.55,108.81,115.44,85,256,-912,512
2025-09-01 23:44:01.724500,-151.32,68.64,91.065,81.315,33.15,100.23,-33.345,56.745000000000005,83,253,-914,448
2025-09-01 23:44:01.732125,-218.205,-28.275,18.915,-16.185000000000002,-65.91,31.395,-46.605,-7.215,87,255,-916,448
2025-09-01 23:44:01.739750,-218.595,-43.29,-26.91,-32.370000000000005,-76.245,-25.935,-59.67,-60.45,87,257,-917,448
2025-09-01 23:44:01.755000,-244.725,-93.795,-94.965,-91.065,-140.4,-97.695,-138.645,-90.675,87,257,-917,448
2025-09-01 23:44:01.766125,-230.49,-73.905,-80.73,-63.18,-111.345,-55.575,-124.02,-69.22500000000001,94,259,-922,448
2025-09-01 23:44:01.777250,-63.96,138.45000000000002,172.38,163.41,119.34,187.2,82.095,130.65,93,256,-911,448
2025-09-01 23:44:01.788375,-67.665,126.555,167.895,152.49,112.125,174.33,46.995000000000005,136.695,93,256,-911,448
2025-09-01 23:44:01.799500,-63.96,90.87,114.27,117.0,78.39,122.85,83.46000000000001,54.99,94,260,-918,512
2025-09-01 23:44:01.810625,-111.345,21.645,19.11,15.795,-21.645,12.48,-15.405,-4.485,88,259,-916,448
2025-09-01 23:44:01.821750,-144.495,-17.16,-28.47,-24.57,-58.5,-30.615,-62.010000000000005,-41.73,89,254,-914,512
2025-09-01 23:44:01.844000,-187.98,-94.575,-90.675,-103.545,-143.91,-95.355,-135.135,-101.595,85,253,-910,448
2025-09-01 23:44:01.851750,-170.04,-60.645,-67.275,-68.055,-107.64,-58.11,-106.665,-72.54,85,256,-912,448
2025-09-01 23:44:01.859500,-131.235,-95.55,-115.83,-97.305,-134.94,-116.22,-140.4,-122.655,70,261,-913,512
2025-09-01 23:44:01.867250,-129.87,-82.29,-97.305,-79.95,-113.88,-88.14,-125.97,-97.305,70,261,-913,512
2025-09-01 23:44:01.875000,-81.315,-19.305,-21.84,-3.315,-40.95,-16.185000000000002,-53.43,-39.195,76,263,-920,448
2025-09-01 23:44:01.882750,-29.055,64.35000000000001,51.675,91.26,51.675,67.275,26.91,16.965,71,261,-905,448
2025-09-01 23:44:01.890500,-19.305,95.745,85.02,123.435,78.0,85.995,60.645,46.605,73,255,-900,384
2025-09-01 23:44:01.906000,31.785,165.945,161.85,180.375,144.885,160.29,132.21,120.12,70,257,-903,384
2025-09-01 23:44:01.917125,45.825,153.85500000000002,145.275,177.45000000000002,133.38,128.115,109.395,72.345,69,257,-904,448
2025-09-01 23:44:01.928250,-105.105,-91.455,-132.79500000000002,-108.81,-144.495,-132.21,-178.035,-149.76,70,268,-915,384
2025-09-01 23:44:01.939375,-88.53,-84.24000000000001,-115.245,-73.515,-114.66,-112.32,-152.29500000000002,-123.24,70,268,-915,384
2025-09-01 23:44:01.950500,-48.555,-26.52,-42.120000000000005,-0.78,-32.370000000000005,-31.200000000000003,-71.955,-58.5,77,265,-903,448
2025-09-01 23:44:01.961625,-6.825,58.695,39.0,70.98,38.805,44.07,-1.56,-2.145,75,271,-916,512
2025-09-01 23:44:01.972750,16.965,99.255,68.64,99.84,77.415,76.245,30.225,30.42,70,270,-911,512
2025-09-01 23:44:01.995000,57.915,147.81,141.96,175.11,151.32,148.395,101.595,90.285,76,268,-912,448
2025-09-01 23:44:02.002625,45.045,142.935,122.655,144.885,111.345,116.22,67.86,53.235,75,265,-912,448
2025-09-01 23:44:02.010250,93.405,167.895,164.58,195.78,149.76,158.34,137.475,98.67,69,266,-913,448
2025-09-01 23:44:02.017875,96.915,149.955,148.59,179.01000000000002,145.665,134.94,116.805,74.295,73,270,-915,448
2025-09-01 23:44:02.025500,58.305,90.285,72.345,114.66,82.875,61.035,35.295,7.0200000000000005,73,270,-915,448
2025-09-01 23:44:02.033125,16.965,34.905,-17.16,32.565,7.995,-13.26,-65.325,-61.035,74,270,-911,448
2025-09-01 23:44:02.040750,7.605,-7.800000000000001,-50.895,5.265000000000001,-20.28,-59.67,-90.48,-83.655,76,269,-918,512
2025-09-01 23:44:02.056000,2.34,-92.625,-116.22,-63.57,-87.94500000000001,-134.745,-148.59,-137.67000000000002,77,266,-918,448
2025-09-01 23:44:02.067250,-59.475,-83.265,-84.63000000000001,-57.915,-83.07000000000001,-93.6,-104.715,-118.95,77,267,-915,448
2025-09-01 23:44:02.078500,-18.33,-64.35000000000001,-136.89,-84.63000000000001,-100.035,-151.71,-161.655,-156.585,71,262,-901,448
2025-09-01 23:44:02.089750,-14.625,-63.18,-109.005,-71.955,-82.68,-126.555,-131.82,-130.065,70,264,-903,512
2025-09-01 23:44:02.101000,23.4,-32.955,-40.95,3.12,-14.625,-51.285,-148.98000000000002,-55.965,70,264,-903,512
2025-09-01 23:44:02.112250,74.88,70.98,46.605,96.915,72.93,30.81,38.61,-22.62,71,260,-907,448
2025-09-01 23:44:02.123500,150.54,114.075,91.26,155.025,137.28,80.73,80.73,33.93,73,265,-910,448
2025-09-01 23:44:02.146000,76.245,123.045,160.29,186.03,140.79,158.535,148.395,97.305,72,264,-905,448
2025-09-01 23:44:02.157125,113.295,117.39,134.745,141.765,111.15,104.325,104.715,57.525,72,263,-907,448
2025-09-01 23:44:02.168250,33.93,-89.895,-110.955,-76.83,-89.31,-144.69,-121.485,-133.965,73,264,-909,448
2025-09-01 23:44:02.179375,23.205,-94.185,-108.03,-66.495,-82.68,-142.35,-116.61,-129.675,85,257,-912,448
2025-09-01 23:44:02.190500,57.525,-36.27,-40.755,-3.12,-16.185000000000002,-59.475,-42.51,-64.155,81,258,-913,448
2025-09-01 23:44:02.201625,118.95,55.185,51.285,84.045,73.71000000000001,20.865,56.940000000000005,11.115,79,261,-912,448
2025-09-01 23:44:02.212750,142.935,81.12,86.775,121.29,102.57,63.57,85.995,45.63,79,261,-912,448
2025-09-01 23:44:02.235000,190.71,128.895,155.415,197.73,180.18,135.135,132.21,76.05,77,260,-910,448
2025-09-01 23:44:02.246375,233.025,125.97,135.33,200.655,181.155,128.31,90.48,73.32000000000001,75,263,-911,384
2025-09-01 23:44:02.257750,188.76,167.115,155.22,210.795,197.925,126.75,147.42000000000002,79.36500000000001,80,261,-918,448
2025-09-01 23:44:02.269125,178.035,161.655,140.205,190.71,168.87,105.3,119.34,50.7,84,255,-910,448
2025-09-01 23:44:02.280500,134.16,91.65,71.955,115.245,86.97,32.370000000000005,61.23,7.41,79,258,-908,448
2025-09-01 23:44:02.291875,106.86,5.265000000000001,-25.74,48.165,18.915,-64.74000000000001,-52.845,-84.435,80,262,-909,448
2025-09-01 23:44:02.303250,69.03,-47.775,-47.385000000000005,12.675,-24.375,-85.02,-71.37,-93.795,80,262,-909,448
2025-09-01 23:44:02.326000,6.825,-92.43,-101.205,-66.69,-101.595,-140.595,-200.07,-133.38,73,263,-899,448
2025-09-01 23:44:02.337000,91.065,-60.255,-89.895,-28.665000000000003,-35.88,-116.025,-74.685,-139.425,75,263,-901,512
2025-09-01 23:44:02.348000,0.195,-108.42,-136.5,-92.04,-117.585,-176.865,-137.865,-169.455,77,267,-902,448
2025-09-01 23:44:02.359000,-3.12,-93.21,-128.115,-84.24000000000001,-114.27,-149.565,-121.29,-153.07500000000002,63,267,-904,448
2025-09-01 23:44:02.370000,40.755,-39.39,-55.965,-21.645,-42.9,-78.58500000000001,-64.545,-75.465,69,268,-907,512
2025-09-01 23:44:02.381000,92.04,34.32,49.14,79.75500000000001,42.51,25.545,16.185000000000002,8.775,73,269,-910,384
2025-09-01 23:44:02.392000,98.865,72.93,83.655,104.13,74.10000000000001,53.82,-1.95,49.335,73,269,-910,384
2025-09-01 23:44:02.414000,154.83,129.285,124.605,186.03,147.615,104.52,142.35,66.3,60,268,-922,448
2025-09-01 23:44:02.421625,177.45000000000002,155.415,131.43,184.665,148.005,87.94500000000001,124.02,54.21,67,267,-917,448
2025-09-01 23:44:02.429250,226.785,205.725,114.075,235.56,179.985,74.10000000000001,171.6,67.47,68,261,-895,512
2025-09-01 23:44:02.436875,242.97,217.62,117.39,225.225,178.425,72.735,162.82500000000002,55.965,61,260,-908,512
2025-09-01 23:44:02.444500,219.765,158.73000000000002,53.625,169.845,126.75,7.41,53.43,0.585,65,261,-911,448
2025-09-01 23:44:02.452125,150.15,53.43,-41.145,54.21,13.26,-87.165,-19.5,-73.515,67,260,-908,512
2025-09-01 23:44:02.459750,122.265,21.645,-75.66,26.130000000000003,-21.645,-124.41,-9.555,-123.24,67,260,-908,512
2025-09-01 23:44:02.475000,74.10000000000001,-39.195,-134.55,-40.56,-85.605,-186.42,-92.82,-157.365,68,255,-918,448
2025-09-01 23:44:02.486250,88.14,-20.475,-127.92,-33.345,-61.035,-166.725,-82.68,-138.84,65,256,-917,448
2025-09-01 23:44:02.497500,222.3,208.455,130.065,209.04,177.255,89.7,158.535,64.545,67,255,-911,448
2025-09-01 23:44:02.508750,224.055,207.87,117.195,199.875,161.46,63.96,140.01,42.51,71,259,-921,448
2025-09-01 23:44:02.520000,173.55,139.425,48.165,128.115,84.63000000000001,-4.875,70.785,-12.09,73,254,-912,512
2025-09-01 23:44:02.531250,123.24,44.85,-40.755,38.025,-1.17,-86.19,-29.835,-86.58,73,255,-908,512
2025-09-01 23:44:02.542500,107.445,18.72,-75.075,5.07,-31.005000000000003,-122.265,-51.48,-99.45,73,255,-908,512
2025-09-01 23:44:02.565000,75.075,-39.39,-137.67000000000002,-46.995000000000005,-92.235,-190.32,-127.92,-168.285,80,250,-913,448
2025-09-01 23:44:02.572750,60.45,-47.775,-151.515,-63.57,-93.6,-181.935,-122.46,-154.83,73,250,-902,448
2025-09-01 23:44:02.580500,-9.945,-74.10000000000001,-161.46,-97.89,-141.96,-194.61,-139.23000000000002,-170.82,88,265,-906,448
2025-09-01 23:44:02.588250,-7.41,-67.08,-148.005,-78.58500000000001,-119.34,-179.4,-136.11,-141.96,88,265,-906,448
2025-09-01 23:44:02.596000,46.02,-11.505,-79.75500000000001,-5.46,-45.045,-111.345,-52.455,-79.95,84,266,-909,384
2025-09-01 23:44:02.603750,67.86,78.39,7.800000000000001,68.83500000000001,20.085,-20.475,21.255,-22.62,80,266,-909,448
2025-09-01 23:44:02.611500,101.985,115.635,41.925,89.11500000000001,55.185,4.875,61.815000000000005,9.75,80,266,-909,448
2025-09-01 23:44:02.627000,139.425,155.22,109.59,145.08,124.8,82.875,139.425,72.15,82,265,-920,448
2025-09-01 23:44:02.638000,139.23000000000002,147.03,111.345,149.955,108.81,90.675,113.295,52.845,80,261,-911,512
2025-09-01 23:44:02.649000,147.81,162.24,107.64,162.24,118.365,97.305,135.525,81.315,84,266,-914,448
2025-09-01 23:44:02.660000,153.85500000000002,176.085,119.145,156.975,113.49,91.065,122.46,72.345,84,266,-914,448
2025-09-01 23:44:02.671000,121.29,102.57,56.745000000000005,96.525,48.945,28.47,63.96,18.72,80,267,-912,512
2025-09-01 23:44:02.682000,85.605,17.55,-29.835,23.79,-20.085,-52.455,-20.865,-41.73,77,266,-915,512
2025-09-01 23:44:02.693000,81.315,-22.425,-63.18,-7.800000000000001,-54.21,-86.58,-65.52,-78.58500000000001,79,264,-913,384
2025-09-01 23:44:02.715000,-30.03,-93.99,-137.865,-95.745,-148.98000000000002,-174.72,-133.38,-138.255,79,264,-913,384
2025-09-01 23:44:02.723750,-16.965,-70.785,-131.82,-119.535,-168.675,-155.415,-107.055,-116.025,81,272,-907,512
2025-09-01 23:44:02.732500,165.945,173.55,122.46,177.645,128.31,112.71,140.4,95.355,69,256,-910,448
2025-09-01 23:44:02.741250,185.25,180.375,120.9,173.94,124.02,87.75,126.945,72.345,69,256,-910,448
2025-09-01 23:44:02.750000,190.905,93.795,54.21,128.31,68.25,12.09,57.72,9.36,74,259,-913,448
2025-09-01 23:44:02.758750,-50.31,-30.225,-37.635,-23.205,-116.61,-74.685,-35.49,-57.72,73,260,-912,384
2025-09-01 23:44:02.767500,17.745,-30.81,-55.38,-64.155,-107.25,-89.7,-46.995000000000005,-62.595,69,259,-909,512
2025-09-01 23:44:02.785000,78.58500000000001,-67.665,-129.09,-84.435,-118.56,-150.735,-122.46,-128.70000000000002,69,259,-909,512
2025-09-01 23:44:02.795750,-30.81,-85.995,-115.245,-99.645,-144.495,-123.63,-110.175,-103.545,73,257,-909,512
2025-09-01 23:44:02.806500,-17.55,-137.865,-139.425,-112.905,-183.69,-163.02,-129.285,-124.995,68,259,-906,512
2025-09-01 23:44:02.817250,-83.85000000000001,-121.29,-135.72,-114.075,-182.13,-151.32,-122.85,-110.76,68,259,-906,512
2025-09-01 23:44:02.828000,52.455,-42.9,-74.88,-52.455,-83.46000000000001,-80.73,-50.115,-54.795,75,267,-911,448
2025-09-01 23:44:02.838750,136.5,23.985,-1.365,74.685,18.525,-9.555,-38.61,5.8500000000000005,78,268,-910,448
2025-09-01 23:44:02.849500,59.865,58.5,21.255,75.855,34.32,15.405,-34.905,38.22,76,265,-911,448
2025-09-01 23:44:02.871000,139.62,160.68,88.92,155.805,112.905,91.26,140.79,72.15,76,265,-911,384
2025-09-01 23:44:02.881385,162.24,126.555,136.89,162.24,115.83,125.385,139.23000000000002,108.225,77,265,-914,448
2025-09-01 23:44:02.891771,-73.71000000000001,-150.735,-132.405,-139.425,-182.91,-133.965,-159.51000000000002,-106.275,75,264,-907,448
2025-09-01 23:44:02.902156,-54.015,-150.54,-117.195,-113.685,-154.63500000000002,-112.905,-141.375,-84.24000000000001,75,264,-907,448
2025-09-01 23:44:02.912541,-56.940000000000005,-91.455,-61.23,-62.985,-121.485,-57.915,-91.26,-19.695,78,266,-897,384
2025-09-01 23:44:02.922927,-4.485,-27.495,45.825,9.555,-48.165,37.245000000000005,23.205,68.055,75,266,-902,448
2025-09-01 23:44:02.933312,63.57,1.755,81.9,36.855,-5.655,80.73,49.335,91.26,78,265,-902,512
