timestamp,CH1,CH2,CH3,CH4,CH5,CH6,CH7,CH8,X,Y,Z,TEMP
2025-09-01 23:46:48.945000,-0.010314282806527193,-9.917579621660763e-05,-0.013711053826946004,-0.02152114777900386,-0.008925821659494687,-0.01207465318937198,-0.017851643318989373,-0.021397178033733096,0.002034375307007336,0.06319278297391537,-0.1026088045471825,0.04882500736817606
2025-09-01 23:46:48.952500,-0.09752318264445703,0.007358713888846437,-0.12233646709012679,-0.20347252089134754,-0.07853415379282559,-0.10736373250920334,-0.16058904835134075,-0.19819124700478083,0.01993954858150984,0.6196265247265254,-1.0057009815799025,0.4785491659562362
2025-09-01 23:46:48.960000,-0.46266734047688635,0.06954158879923074,-0.5395774330426628,-0.9570889527300527,-0.3435985985114298,-0.4718740741105516,-0.7116635289198037,-0.9117844372931045,0.09686699125979095,2.997278093773409,-4.860839561269037,2.304464037164909
2025-09-01 23:46:48.967500,-1.495940162385062,0.31067699860070824,-1.6048532705564718,-3.0378434570569373,-1.0194046260111984,-1.3985768910040008,-2.1197692580719676,-2.8349319321555693,0.3161053299214759,9.692424436634163,-15.699614663237528,7.387132432300323
2025-09-01 23:46:48.975000,-3.735868698784357,0.9321805732268927,-3.6878922595717056,-7.400771614369258,-2.3348171534130095,-3.2006480449172385,-4.8734728095682245,-6.805618025624571,0.7907377135674717,23.93080685551495,-38.70572873785815,18.022258652516967
2025-09-01 23:46:48.982500,-7.664601893595796,2.201893186204132,-7.035857041706593,-14.828091019211797,-4.393754884852957,-6.069973401228819,-9.33066805850176,-13.552180239712364,1.6336137672382556,48.70098895299907,-78.65035148733544,36.20478262223483
2025-09-01 23:46:48.990000,-13.385254941067364,4.486451502105562,-11.565583082067171,-25.497027484981853,-7.002170243736882,-9.888971645035191,-15.503034904761185,-23.329311464923453,2.919529815143199,85.78840280120158,-138.3562158351202,63.053396149478196
2025-09-01 23:46:49.005000,-20.46099308783057,8.250289806814166,-16.69520518265701,-38.824074126522156,-9.621570320867152,-14.095846333009645,-22.85418934410696,-35.64269873005571,4.654878411614564,135.1781734580132,-217.7607898804099,98.5754420860308
2025-09-01 23:46:49.016125,-28.141463475845907,13.886301853760388,-21.42394311216023,-53.74600921466019,-11.580082376800167,-17.789537972859378,-30.329955057742648,-49.29900728888768,6.76935135299608,194.93887604785854,-313.7366858608257,141.69606337494938
2025-09-01 23:46:49.027250,-35.73722185713201,21.437649444701464,-24.714054725942685,-69.13152225461667,-12.408685109418997,-20.098879840680837,-36.718677059228106,-62.7968945846656,9.130988824847067,261.53498740071,-420.58816022326187,190.46211118143572
2025-09-01 23:46:49.038375,-42.708013350155476,30.458587205337494,-25.931306564718586,-83.9329950469761,-12.025963919996798,-20.571239925120093,-41.116951578805896,-74.79310676856235,11.570072522989504,330.4325379464309,-531.0143346449966,242.32662349701718
2025-09-01 23:46:49.049500,-48.46778551630502,40.14918105130352,-25.04071986806138,-97.11012653681944,-10.668927624123526,-19.301640326118733,-43.181875344806464,-84.36431267069437,13.898955924210046,396.8330598877526,-637.2802804972087,294.435156350373
2025-09-01 23:46:49.060625,-52.26414150305051,49.662612698878455,-22.483636169023008,-107.58834206468228,-8.678033015723257,-16.763777748165623,-43.063356647910155,-91.01520143342255,15.92859895498986,456.37471782721104,-732.3479589092866,343.9084897425278
2025-09-01 23:46:49.071750,-53.29196945641166,58.41460816979967,-18.886858010220802,-114.34190267945861,-6.273358596652974,-13.521035719220103,-41.14958830780635,-94.56951191091379,17.490637013760065,505.67661788884686,-810.7730547156787,388.11604037322826
2025-09-01 23:46:49.094000,-50.96217527036171,66.24194871692754,-14.81156572772557,-116.58991647802937,-3.451746015734967,-10.017819869027186,-37.8552030352514,-95.09530965158267,18.46810799716434,542.6648842798587,-869.2526182466652,424.9202506319305
2025-09-01 23:46:49.102375,-45.23656795612236,73.2886476082749,-10.688205596601534,-114.11008181926428,-0.11531935683925415,-6.562422930442623,-33.609600434675265,-92.93103202328666,18.823380283497645,566.676841869563,-906.7908455028237,452.9017623908831
2025-09-01 23:46:49.110750,-36.843402519155106,79.69069294868518,-6.915715250996289,-107.5080283816413,3.650841102620621,-3.4550281051071834,-28.96487652304106,-88.72332515899475,18.607947125134892,578.36855049902,-924.5209246958763,471.5409396872847
2025-09-01 23:46:49.119125,-27.126259660185205,85.35288233672708,-3.944605533263776,-98.15445424122024,7.421241161838323,-1.0804340493979774,-24.59857960539509,-83.32073659387142,17.952285307578496,579.4620476648084,-925.2690412608887,481.2851265316445
2025-09-01 23:46:49.127500,-17.591649799470822,90.01507831699611,-2.2133956271904203,-87.77795197723889,10.53587217211061,0.15839297136929847,-21.14900789071922,-77.53554571946816,17.04354625133678,572.3875774670113,-912.9709457393384,483.4493794288281
2025-09-01 23:46:49.135875,-9.490410220047641,93.49706977282831,-1.9659776362101198,-78.00717399886084,12.360039933097047,0.03450009671426221,-18.984639811725952,-71.90939123999689,16.096079759148708,559.8944045576055,-892.0549680986743,479.94122705386854
2025-09-01 23:46:49.144250,-3.5571539836075745,95.91498775901232,-3.045596139716756,-70.02430515438193,12.55171126990051,-1.2888645485824493,-17.988206135828356,-66.54334281592253,15.319740465653993,544.694296039628,-866.8853702251521,472.88344320122593
2025-09-01 23:46:49.161000,0.1783169003551639,97.76899835475328,-4.804882762522578,-64.29453453051177,11.252407089850534,-3.1771972648684583,-17.481603614933213,-61.070258225945565,14.892701954564497,529.1764427997281,-841.3243302558467,464.2712821830292
2025-09-01 23:46:49.171500,2.430398777232563,99.84542138354746,-6.2918602840047315,-60.46937432124863,9.089909955293932,-4.7277342101047255,-16.466958223379713,-54.909491672336415,14.939645400077914,515.2144715017427,-818.4346822009155,455.73796965258936
2025-09-01 23:46:49.182000,4.410751287194564,102.92966583615936,-6.673681837467445,-57.61166575338266,6.9381027340222365,-5.195692333352023,-14.114222715335583,-47.713305329903584,15.512566769948736,504.06992726840014,-800.3187714861332,448.4045987153616
2025-09-01 23:46:49.192500,7.413968058990482,107.47733991609448,-5.60032066903416,-54.616790104529855,5.574183775987523,-4.344193424282126,-10.151314172842618,-39.66279346230905,16.576300393893593,496.384697463452,-788.0803306137647,442.79847850606217
2025-09-01 23:46:49.203000,12.431218707619719,113.41578224978728,-3.3050787436960256,-50.605408008297864,5.4131838354505595,-2.526319918883011,-4.962902104372054,-31.462883838140332,18.00624119892272,492.249108643517,-781.896774085396,438.9016145853196
2025-09-01 23:46:49.213500,19.829795431722697,120.10091221398565,-0.5316555467406168,-45.2411450335063,6.356035208826406,-0.5842450502826972,0.4938018057220592,-24.185326303754202,19.60590691718629,491.32047570898015,-781.1806656060172,436.3537165263443
2025-09-01 23:46:49.224000,29.134820630428795,126.37873162866724,1.5977114586934393,-38.94524075635329,7.7352841550338685,0.32255526654341166,4.8653056252969344,-19.064080935878156,21.143748349087968,492.9596710345998,-784.7974798580677,434.68575806171754
2025-09-01 23:46:49.245000,39.012174328886786,130.75626160964012,1.8070687944215758,-32.886218167375155,8.405739504804343,-1.027235369529513,6.709011203436139,-17.216723329659573,22.39778398408195,496.36397505995905,-791.3057973542785,433.46474191421686
2025-09-01 23:46:49.252750,47.53921439593536,131.7313846113681,-0.9756659685584362,-28.65874330700102,7.054488131574271,-5.554501755909885,4.916985711113318,-19.303345410137197,23.194040587497057,500.68977343184787,-799.1929535004425,432.368585798939
2025-09-01 23:46:49.260500,52.80733635362377,128.25953836020574,-7.217644017258756,-27.683081937144753,2.706175274947662,-13.501494871190705,-0.880269620234896,-25.238101800021457,23.4308055938281,505.16314988243175,-807.0834842065206,431.2098959477292
2025-09-01 23:46:49.268250,53.63484434797706,120.14934930208149,-16.545284145128107,-30.585180924202227,-4.82333758778724,-24.24683709589829,-10.127090719851962,-34.12449121887473,23.089767122800588,509.1697881555096,-813.8981224404048,429.87697986067434
2025-09-01 23:46:49.276000,49.9144001636771,108.1117411273378,-27.836820269614584,-36.965061611837726,-14.842893532922089,-36.46128753475485,-21.49025059881386,-44.4847348850987,22.23811421262092,512.3102069173145,-818.9454443836172,428.24087548340214
2025-09-01 23:46:49.283750,42.41720054590982,93.42512293751248,-39.59750659176794,-45.66850928925636,-26.113088015722873,-48.52949943690399,-33.265689354169524,-54.671281310666274,21.01999304895326,514.4104790357161,-821.9397060536296,426.1319408174675
2025-09-01 23:46:49.291500,32.35187431426886,77.45372685920032,-50.43742642602992,-55.281037003864924,-37.33570688678139,-59.045756951029226,-43.874190798306365,-63.30589625911547,19.635150811717793,515.4902526178782,-822.9560931986096,423.4139447992341
2025-09-01 23:46:49.307000,21.001873210886053,61.28779559302092,-59.47280867854373,-64.5364340286241,-47.53581167499577,-67.20502175832246,-52.29141201927779,-69.62615309458465,18.30879625653595,515.7047589754942,-822.3497350943909,420.0723259679033
2025-09-01 23:46:49.318000,9.546970369528523,45.66202816805979,-66.47870012357555,-72.5011667915828,-56.17894517267678,-72.91727608166116,-58.236504194914254,-73.58869827243505,17.256580155456813,515.2850260226521,-820.6579678066205,416.1995636160139
2025-09-01 23:46:49.329000,-0.9347024090670607,31.149905208714365,-71.70130071808987,-78.51734945964427,-63.00664551600613,-76.5760769836498,-61.99262549351309,-75.64033367574883,16.646316450827555,514.4913716394279,-818.4868291217844,411.90079949463467
2025-09-01 23:46:49.340000,-9.385305211717798,18.432132312763922,-75.47981943144123,-81.99739811163306,-67.75030421287227,-78.66726226962082,-63.99357205420107,-76.32382495858188,16.56284531093397,513.5784523579433,-816.3874075104126,407.28665095427647
2025-09-01 23:46:49.351000,-14.82007076923702,8.356277185749695,-77.99158189880055,-82.28928880629317,-69.9892781042364,-79.5226893231406,-64.52684659497828,-76.02392667679122,16.988491725471967,512.764224685198,-814.7484204850805,402.59772272759443
2025-09-01 23:46:49.362000,-16.59058569266791,1.6905597325149897,-79.27339179629338,-78.80480845967172,-69.30273196375563,-79.32891606108849,-63.7417813201297,-74.95499335954919,17.809222985071955,512.2036097154972,-813.7373374250078,398.30331303739723
2025-09-01 23:46:49.373000,-14.663385297958085,-1.2455965407886045,-79.3956487350807,-71.34290039101978,-65.59668825810384,-78.26708799653387,-61.81192565819817,-73.25735041841959,18.844979689294185,511.97543668879865,-813.3073774528407,395.05068024769395
2025-09-01 23:46:49.395000,-9.70453161348557,-0.802521283864055,-78.59265610860929,-60.323241740567894,-59.33372898057825,-76.62248352874818,-59.015672562991384,-71.06841751587072,19.892378151602635,512.0874185530146,-813.2602409426878,393.5020799130685
2025-09-01 23:46:49.406250,-2.908291677987863,2.0880259731213404,-77.23044924913097,-46.710856416155494,-51.460831552573744,-74.75258227619865,-55.65136499803566,-68.50005776915529,20.76672492772069,512.4944103218176,-813.3327926176545,394.15014172512616
2025-09-01 23:46:49.417500,4.390750252742319,6.272408486073164,-75.60269540128077,-31.65973768445605,-43.04389429079266,-72.89285810317362,-51.845537091449515,-65.51538430367083,21.33522296696529,513.119671545002,-813.2776724150035,397.146756954001
2025-09-01 23:46:49.428750,11.139151799375172,10.756808362577829,-73.70510648401417,-16.11422951255115,-34.85143361543825,-70.95002162197433,-47.409595857264435,-61.83271618231633,21.538672026921166,513.8701439053809,-812.9236002497953,402.173016598619
2025-09-01 23:46:49.440000,16.75064172011733,14.840126072052774,-71.20775456118585,-0.6336448928669078,-27.182266375263488,-68.50122818334499,-41.91117982839504,-57.018103814154514,21.399042447798212,514.6447697767577,-812.2074441592947,408.46439297644434
2025-09-01 23:46:49.451250,20.978801186891474,17.976804257210105,-67.67832602366838,14.47520472463199,-20.022277772259393,-65.04415720511531,-34.964943738540825,-50.74553057138249,21.008305240919775,515.3434456078156,-811.1705244035787,415.058096914572
2025-09-01 23:46:49.462500,23.660003975871298,19.56937113096612,-62.90431197851425,28.86067612083239,-13.368032751079811,-60.33549030898846,-26.570858711444924,-43.052790736007196,20.499219943823007,515.8811400441747,-809.9263267698096,421.12915269474485
2025-09-01 23:46:49.485000,24.543184966848553,18.88605793570901,-57.11290963944738,41.90728290487593,-7.472770299819507,-54.60588631668775,-17.292531604299775,-34.44508815017829,20.007936104951856,516.2010230630336,-808.6201727588248,426.23871711939915
2025-09-01 23:46:49.496375,23.3186388868884,15.204930163525296,-50.93920380983007,52.79577469630502,-2.8292143542225063,-48.503583177660076,-8.132836174288855,-25.77295239114998,19.64093288649605,516.2801480687689,-807.3925704204909,430.40034534564944
2025-09-01 23:46:49.507750,19.834494373402446,8.146169659052578,-45.137487372238716,60.8514636068266,0.11813938429099322,-42.78052848259737,-0.14003400567079194,-17.91938480437921,19.45485116562587,516.1292916802543,-806.3510541645238,433.9368422307753
2025-09-01 23:46:49.519125,14.334927690136187,-2.03102888349681,-40.233352855163666,65.92587951018074,1.3076235028787149,-37.934918398954856,6.0074581997111345,-11.475295926339841,19.4523749584863,515.7898357954871,-805.5592904481483,437.2228878357287
2025-09-01 23:46:49.530500,7.522092719271326,-14.390261521291,-36.33563854466743,68.52511769515243,1.1904813846649016,-34.03033915129903,10.198632271531867,-6.578373575644916,19.59201495070304,515.3267278592997,-805.0388935237386,440.4578598287292
2025-09-01 23:46:49.541875,0.42982857911392225,-27.50751425109937,-33.12367912064462,69.67455107986812,0.6408128557602123,-30.70122144893083,12.869853111803174,-2.9145872100423023,19.80651864509531,514.8164449514151,-804.7675631676224,443.54128751115064
2025-09-01 23:46:49.553250,-5.751198969440189,-39.700524021799936,-29.90307881117161,70.70572928331731,0.7938965283569174,-27.227187858301544,14.901640887520779,0.20962858006798812,20.02417341200836,514.3327964482329,-804.677990125171,446.10202285437055
2025-09-01 23:46:49.576000,-9.828598630733572,-49.24028255897605,-25.716017324829807,73.04653320620093,2.8678383660159836,-22.652408234603257,17.46314845410693,3.732312474631909,20.185359279805237,513.9356726335409,-804.6735251857893,447.6900529104765
2025-09-01 23:46:49.586875,-10.796513966746197,-54.63532823361526,-19.58509552478066,77.94625862247553,7.901273762034004,-16.033311376386816,21.726479375380183,8.578534589349557,20.247537288713442,513.6636184844414,-804.656310958521,448.0099242520685
2025-09-01 23:46:49.597750,-8.089034006560937,-55.00908839988448,-10.885784499099625,86.11340722897732,16.400915314670726,-6.815905905238735,28.46315489659996,15.311211103162488,20.182237634165173,513.52913561297,-804.5524926458104,447.0489131283053
2025-09-01 23:46:49.608625,-1.8072513141252955,-50.41240831578511,0.33775239322489403,97.41435883349097,28.056067412431574,4.847021489698165,37.72739823036716,23.877793860983868,19.97492552237348,513.5228186599464,-804.3273681669025,445.0606161195413
2025-09-01 23:46:49.619500,7.214267263291116,-41.886999903921335,13.314179837935752,110.82466632279831,41.703336377465725,18.042960252894897,48.82713180244302,33.62155374356841,19.629672991178975,513.6308810605428,-803.99267884532,442.4351624048157
2025-09-01 23:46:49.630375,17.521758230597623,-31.2741752865218,26.720869746574017,124.63470582753173,55.54099714640609,31.29094082670918,60.530035661141426,43.49365085763546,19.171483424499318,513.8544170935611,-803.609164290251,439.5144034575606
2025-09-01 23:46:49.641250,27.270793638928396,-20.90164533877641,38.92079934162018,136.762048599419,67.45029024495778,42.808634587421274,71.30755198652896,52.27179395410545,18.64408054684876,514.2140380538644,-803.2792462205338,436.45132847935207
2025-09-01 23:46:49.663000,34.55427313961897,-13.215808390465314,48.19438725642346,145.12145742407014,75.35641949024908,50.785797427866456,79.55844923193173,58.71870015661818,18.10564821194715,514.7385675893266,-803.1267619475161,433.1986939389581
2025-09-01 23:46:49.670875,37.82626639062626,-10.32824675622515,53.03874944887596,148.08958240974582,77.65761214380647,53.72339897732316,83.89771771379225,61.773237635725984,17.622298220527867,515.4488476076623,-803.274823832166,429.6314367446658
2025-09-01 23:46:49.678750,36.30923328463283,-13.514713592261982,52.56362539877184,144.97079034109584,73.66774521168712,50.84523594069493,83.52850239301581,60.84090114547072,17.25861455579097,516.3456346391514,-803.8260292390713,425.72186815628135
2025-09-01 23:46:49.686625,30.205950745216757,-22.86368499000515,46.836964667314554,136.23431853151925,63.87245398720189,42.41388520249994,78.53825406987218,56.061990607912676,17.067003132139877,517.4032411658621,-804.8280674233353,421.628317568147
2025-09-01 23:46:49.694500,20.612537177803254,-37.28242624271674,36.943463668388496,123.36997021088015,49.81756272940458,29.72494093381874,69.91101539096535,48.3393818271571,17.07832100155437,518.5683126455546,-806.2260211374681,417.6361643123253
2025-09-01 23:46:49.702375,9.171772170414025,-54.879026580963874,24.662494749296496,108.419393527584,33.647186906093715,14.728131301918141,59.20948166893403,39.05789659787948,17.29609028586345,519.7648655797534,-807.8437376517177,414.0674124205257
2025-09-01 23:46:49.710250,-2.396749633351664,-73.54382443784543,11.909009970370885,93.37932229626354,17.491465743899283,-0.5500002716044045,48.07687774242572,29.628583976041217,17.695607027305954,520.9050188640845,-809.4228427588623,411.2453384365836
2025-09-01 23:46:49.726000,-12.719971268425102,-91.48342196862859,0.2100685382585743,79.70844717965858,2.9609813056540224,-14.511136360213124,37.79025927033386,21.081634929531514,18.22767842937027,521.9016863617004,-810.6960404308757,409.44262152406446
2025-09-01 23:46:49.737250,-20.99097060432735,-107.49369457628043,-9.535601775439943,68.1447446225029,-9.047390330411153,-26.193858927150266,29.068894026733144,13.917124545611165,18.82565082469757,522.6805022476586,-811.4549947015838,408.820138331432
2025-09-01 23:46:49.748500,-26.93074660878459,-120.90380752135805,-16.95935992152132,58.86646081236938,-18.208185027327087,-35.15787402270708,22.17701608010431,8.246125468713453,19.412476990928322,523.1886746678858,-811.5890817518394,409.44495691178423
2025-09-01 23:46:49.759750,-30.60701100602865,-131.3352298963018,-21.984086278884497,51.7599446145874,-24.491263527168716,-41.253497505513884,17.135487563332898,4.0223027053468,19.90571396016691,523.3969912963553,-811.0906575217156,411.305625690073
2025-09-01 23:46:49.771000,-32.290048197805426,-138.50104285001848,-24.680746802594093,46.54356433751433,-27.987080355722004,-44.49932444620637,13.832512522366477,1.1565597295929813,20.22487471905586,523.2952718170019,-810.0394445184531,414.22849137324425
2025-09-01 23:46:49.782250,-32.400835654075586,-142.13904211118717,-25.24055318078925,42.79839330823425,-28.861503645301593,-45.068907856070815,12.026426424227866,-0.48727584635727217,20.305863096526288,522.8882226070856,-808.5787971938788,417.8216029200535
2025-09-01 23:46:49.793500,-31.47320426297727,-142.01928881953305,-23.929087299847446,40.08379470611462,-27.320913067689148,-43.247729057749886,11.386589289934976,-1.0737112761186913,20.117992308500853,522.1980018562314,-806.8862950899078,421.5705240077164
2025-09-01 23:46:49.816000,-30.086172675245976,-137.9753216361745,-20.964561209530512,38.09049645383137,-23.557943883006747,-39.316508100833005,11.655198715851375,-0.6724965366852659,19.6736350657729,521.2715303166441,-805.1424032172614,424.9836707091927
2025-09-01 23:46:49.823875,-28.81204962559189,-130.00438705047054,-16.426105291276137,36.63455079675693,-17.785762342321792,-33.47081097619572,12.811146589468587,0.8673667499178789,19.023796152191714,520.1835833796565,-803.5049816060218,427.6502187221684
2025-09-01 23:46:49.831750,-28.220041021718504,-118.47457034695078,-10.344229915299483,35.43419132480847,-10.430607951894736,-25.900560160675703,15.014215308258471,3.8553785843702246,18.241269642631927,519.0305408870221,-802.094685354103,429.2653784557668
2025-09-01 23:46:49.839625,-28.886177122300115,-104.32250098306555,-2.965676246643804,33.83770077253664,-2.3536964014243207,-17.001433683833813,18.295564815249914,8.47426312676905,17.404490543570333,517.9186270019562,-800.9932646432597,429.7433907184166
2025-09-01 23:46:49.847500,-31.3088395347313,-89.02879472342194,5.034942105922866,30.76425551762293,5.142293087233128,-7.525238358634938,22.26366523413398,14.49264169322103,16.59547786524847,516.9507562035525,-800.2509107274243,429.36372706842013
2025-09-01 23:46:49.855375,-35.70391433789955,-74.2903032380753,12.630526864632929,24.998408530447318,10.62744526058063,1.5123932609486213,26.11597746490161,21.23806020322163,15.905872802679962,516.2127900907999,-799.8928742192501,428.7551736409544
2025-09-01 23:46:49.863250,-41.74276490550769,-61.522256972987385,18.790839215628615,15.754348199983284,13.046219180006366,9.149263810823799,28.949797309770695,27.85390998984161,15.433423789407051,515.7620805126977,-799.9203519432011,428.62311006736405
2025-09-01 23:46:49.879000,-48.36022920648141,-51.435832757480846,22.855881819331167,3.2140942669740618,12.138466927687409,14.79995066650545,30.12560926822221,33.60906967938418,15.265258603727425,515.6222484083263,-800.3093754901919,429.34841257768954
2025-09-01 23:46:49.892125,-53.843131447179076,-43.92936052879348,24.67852728034954,-11.346733845998545,8.523685821601187,18.3492373339258,29.445956245294845,38.02612125899219,15.460097764270298,515.7843604253478,-801.0119888151626,430.710449394667
2025-09-01 23:46:49.905250,-56.297656230353056,-38.36154687197887,24.479999805052266,-25.9915158625843,3.3801637678605347,19.976321261624445,27.0649147982799,40.82131964198147,16.03879314697471,516.2114099859757,-801.959684433923,431.93239852399216
2025-09-01 23:46:49.918375,-54.28764544481145,-34.00013788508116,22.575908921981895,-38.83498128237376,-2.076088290242692,19.899702927737657,23.225189938422204,41.81680282845912,16.978159314260694,516.8438330386518,-803.0664850155258,432.05173290145586
2025-09-01 23:46:49.931500,-47.30901422030999,-30.328472992236684,19.189153753146183,-48.61287525368395,-6.993054782647342,18.257024889917304,18.041256218654734,40.916179549454405,18.200073808633398,517.6062754472842,-804.2308622839442,430.3964334700352
2025-09-01 23:46:49.944625,-35.884254097472585,-27.053257961644185,14.45916124421065,-54.87284223352942,-10.96961729222975,15.171408870269836,11.521096974258006,38.12113015539952,19.56465626844893,518.4158327011913,-805.3410993453236,426.8882284518921
2025-09-01 23:46:49.957750,-21.243767130546185,-23.89186084403648,8.602819912846124,-57.77336285532811,-13.849500349345831,10.91459047861472,3.814081168936277,33.584920924833135,20.884900897228174,519.190759917038,-806.2888423429116,422.04699470516294
2025-09-01 23:46:49.984000,-4.767650917929026,-20.353211779642262,2.083291873778164,-57.65788380751071,-15.423923063188715,6.035235970577665,-4.547286307508112,27.7052102970247,21.964116700011257,519.8597147355275,-806.9882832249117,416.74967448362105
2025-09-01 23:46:49.989625,12.463632691397258,-15.734808537544833,-4.370879138203069,-54.73835985799649,-15.318560810237717,1.3278713463944272,-12.640689086626178,21.158281049697237,22.64073973956061,520.3718991225877,-807.3940106168351,411.8835200997033
2025-09-01 23:46:49.995250,29.729323540237235,-9.38058151832729,-9.958496445069715,-49.15508482076715,-13.191247122433033,-2.399552799017666,-19.41428231836284,14.764904863646839,22.82419511414875,520.7042579287563,-807.5115054121794,408.066467089285
2025-09-01 23:46:50.000875,46.42118873650097,-0.9525729320450331,-14.089726015113982,-41.276925552597184,-9.045393727951652,-4.62745565690233,-24.04653666735967,9.241500400260271,22.510455006281333,520.8586838435017,-807.3944393245612,405.5671299161425
2025-09-01 23:46:50.006500,61.81217213086183,9.538644226700297,-16.57241078352918,-31.876446683389766,-3.3651385072321474,-5.2979025416946754,-26.204222618297614,4.991538415950205,21.771946683701877,520.8476234129962,-807.1257034127038,404.4058309378573
2025-09-01 23:46:50.012125,74.99119438382417,21.847067089188574,-17.654134361506472,-22.08039945464852,2.9584453972575693,-4.814519926752508,-26.13266497044965,2.009540496577487,20.72939074995402,520.676400325037,-806.7897208146779,404.4743210270465
2025-09-01 23:46:50.017750,84.91071993413077,35.505133986715464,-17.98734174832493,-13.238129330377824,8.753965166236975,-3.9529566179091433,-24.614471768211576,-0.11991569877396976,19.522278984205887,520.3340252219415,-806.4508474467832,405.56026540538056
2025-09-01 23:46:50.029000,90.536759730279,49.75593792375722,-18.53150276439392,-6.742505915112661,12.712708419904144,-3.7158979709912217,-22.83111532983511,-2.1297997722313156,18.28715529247216,519.7994130423498,-806.1465345812073,407.34127837322154
2025-09-01 23:46:50.039875,91.11919998525016,63.610018960900405,-20.336223181191016,-3.74408721686208,13.635774576734766,-5.094856914355043,-22.118890043660777,-4.849688022068775,17.14156927116205,519.0605506916027,-805.8937066845177,409.4242162047672
2025-09-01 23:46:50.050750,86.48883903001087,76.10331016519261,-24.19533475633146,-4.812306287265601,10.787324340777783,-8.744358529400966,-23.582772054598507,-8.874696638776317,16.171591553267035,518.1345873686663,-805.7014551973517,411.37058626465324
2025-09-01 23:46:50.061625,77.2135829324921,86.59708050396054,-30.30642753060646,-9.706842081281156,4.191892743879619,-14.699326658892131,-27.662893215322406,-14.268777672501532,15.426405075011699,517.0762705199526,-805.5800313006886,412.687102568576
2025-09-01 23:46:50.072500,64.52909079383966,94.9190713700974,-38.12900099268234,-17.370480465875623,-5.29516731498295,-22.29941418379671,-33.91188445228393,-20.473742265544562,14.921887082461529,515.9722734983153,-805.5377970747594,412.8894944032573
2025-09-01 23:46:50.083375,50.11072594019446,101.33675587278687,-46.47906460763502,-26.11966053200321,-16.144733050070965,-30.323445264246516,-41.097720281849746,-26.43376490698517,14.647571601624547,514.9270993807826,-805.5694451953235,411.6813676955556
2025-09-01 23:46:50.094250,35.81109143894761,106.47714029053184,-53.737752201763996,-33.93606733940315,-26.415683609550147,-37.19837716822252,-47.48052868325961,-30.799677252983106,14.571835974510405,514.0453980851245,-805.6477958304868,409.13019136170516
2025-09-01 23:46:50.116000,23.431324124332352,111.22152981267773,-58.10414364233311,-38.78563429550218,-34.05409907142742,-41.22968955871028,-51.12913989335368,-32.15089022259966,14.648188800468054,513.4131622038693,-805.7267775949181,405.6847157285502
2025-09-01 23:46:50.127000,14.497657384660426,116.51215127159045,-57.947835303446226,-38.97050824915872,-37.268368338831245,-40.93127073786803,-50.328074895342134,-29.301165529056266,14.825800590009068,513.0806114092649,-805.7535035283678,402.00250184054204
2025-09-01 23:46:50.138000,9.99305152701784,123.0596401378727,-52.26524824988265,-33.53645932521476,-34.97646340086731,-35.46240164373852,-44.101850696307146,-21.67998892771845,15.06104216644346,513.0504219142825,-805.6796934623555,398.7206159079056
2025-09-01 23:46:50.149000,10.122483992349677,131.0719629570985,-41.04213775690223,-22.611237665637084,-27.149829211042093,-24.970759382402342,-32.61960858399672,-9.600938738209965,15.326410553569072,513.2779135434906,-805.4615819501503,396.27872060553756
2025-09-01 23:46:50.160000,14.264899422451052,140.1529375336502,-25.303262165811397,-7.4620122823752855,-14.860118025475767,-10.621505627710341,-17.183421941095837,5.74453196192802,15.616376113811388,513.6888180545192,-805.0502324361764,394.7855193607698
2025-09-01 23:46:50.171000,21.112148096899816,149.37130513375277,-6.900949604482271,9.737861921404109,-0.056522205703615346,5.645891305188426,0.1300447986737309,22.48801872696848,15.949753224675241,514.208140789731,-804.3876877791214,393.9768398820443
2025-09-01 23:46:50.182000,28.875028461424225,157.39494331966253,11.747933962681795,26.25773207005125,14.760141167604251,21.42845042172156,16.85080513558258,38.31441545634546,16.366951254104112,514.7824481915736,-803.4168381549338,393.3546887634257
2025-09-01 23:46:50.204000,35.54451245518115,162.67291770534325,27.94279072295256,39.21977358094384,26.913610053910055,34.182155655399015,30.416825664264103,50.74123335709451,16.920246027429517,515.3813448609787,-802.0981028929914,392.4312442771316
2025-09-01 23:46:50.215250,39.273391224004136,163.74689057986114,39.12668997332626,46.13926658775588,34.03592991444639,41.65230312665921,38.551924465557335,57.567853838990295,17.65774959866058,515.9810886474487,-800.4255349224301,390.9181334219832
2025-09-01 23:46:50.226500,38.81181093926805,159.6901595906728,43.47034769121177,45.523196682895794,34.62023806986381,42.40358448041366,39.7916879268333,57.438840347137194,18.60466377465832,516.5496652875412,-798.4375811864526,388.8210752040732
2025-09-01 23:46:50.237750,33.80729676521747,150.48624237015076,40.376371917165116,37.27790306141266,28.4317886717418,36.229872936658445,33.94767552341192,50.24500266497833,19.7454921216222,517.0501601396835,-796.2176345742579,386.46500594486
2025-09-01 23:46:50.249000,24.840556145803113,137.10287924739643,30.604477708111787,22.71453069763325,16.548978449328025,24.193470293961475,22.183654516680736,37.11744865677935,21.013011362785946,517.4599029194477,-793.8828205211496,384.41053007511124
2025-09-01 23:46:50.260250,13.19762002558411,121.18770824740122,15.942077518657511,4.1343277761680035,0.9871017489826975,8.249349793273037,6.60018812260262,20.035155030999597,22.29350061573426,517.7878132690519,-791.5627131217019,383.2476253045946
2025-09-01 23:46:50.271500,0.4433990224590136,104.53399708528713,-1.389539427652481,-15.84664649955598,-15.934786285167085,-9.361657974655492,-10.45257350899155,1.2615675671770124,23.452630267830134,518.076944502983,-789.378578904528,383.39125829855976
2025-09-01 23:46:50.294000,-12.078871732067151,88.56620666702719,-19.317057578126587,-34.977935567673555,-32.22414678534945,-26.67770686569229,-26.994933236813026,-17.168385296746347,24.370945819724707,518.3942532990928,-787.4404514200162,385.00037199511445
2025-09-01 23:46:50.301500,-23.587456456643153,74.07929362138346,-36.262969842906436,-51.78093797779316,-46.58038783201867,-42.314986026529304,-41.72406650053761,-33.74675316206824,24.968089784174346,518.8147648490258,-785.858501560521,388.00617034507246
2025-09-01 23:46:50.309000,-33.846397435012804,61.311014332870336,-51.17719388322105,-65.52388590981532,-58.36598420564918,-55.43990091802472,-53.9630567163188,-47.5163023423945,25.2056229784235,519.4086163624664,-784.7553193548406,392.18698498333794
2025-09-01 23:46:50.316500,-42.89449053581678,50.16991689804264,-63.35562648619541,-75.90175490844847,-67.31927618516491,-65.55235180200116,-63.41517493456309,-57.90702268153004,25.077102287432364,520.2509725739411,-784.3083202326375,397.21877180110965
2025-09-01 23:46:50.324000,-50.7964469576157,40.38610530317317,-72.22949317338696,-82.72242225778412,-73.28023081634153,-72.28048228191764,-69.92475991056948,-64.5362578960304,24.599665331570204,521.4632238310897,-784.8450139026936,402.62969463959126
2025-09-01 23:46:50.331500,-57.51273805247962,31.592867729352363,-77.22619549931625,-85.73800574466283,-76.04938476473902,-75.26584333216852,-73.31211801488767,-67.06444972214581,23.81289537737107,523.2464028818353,-786.9092071523665,407.71463759927616
2025-09-01 23:46:50.339000,-62.81567453212129,23.47483442571791,-77.71617812861332,-84.58606384529524,-75.33045008450291,-74.11396291104948,-73.26975054848367,-65.13252433824184,22.778552322410704,525.8605607161896,-791.194135152173,411.5820580310356
2025-09-01 23:46:50.354000,-66.26493493862617,15.951142741329003,-73.07607338535936,-78.84179256005537,-70.74326362331438,-68.4308364000118,-69.36629146213534,-58.41083231960074,21.57275597437926,529.5613281444781,-798.3634679840748,413.3832123712669
2025-09-01 23:46:50.365375,-67.32089308670841,9.22082400180446,-62.91286441419484,-68.22284401820559,-61.974811398377035,-58.01559239812496,-61.23898366316478,-46.79617302089695,20.27422574130784,534.5409550293547,-808.8657416873507,412.56925747499855
2025-09-01 23:46:50.376750,-65.58778881620808,3.5480830864136195,-47.407854993150664,-52.90717412888455,-49.07380687214107,-43.183839984823884,-48.951244776086995,-30.703570785258442,18.95812965451906,540.9031897238098,-822.8016751793654,409.04248192945835
2025-09-01 23:46:50.388125,-61.08749815859206,-1.1746331546645907,-27.599415729309012,-33.80594617216773,-32.742315311467216,-25.028987503752035,-33.33110293666397,-11.257884708546023,17.69433127392427,548.6751780121666,-839.8217461410528,403.20798790069426
2025-09-01 23:46:50.399500,-54.417815378702585,-5.821982011639215,-5.3732294693744365,-12.580001618957713,-14.402114010471912,-5.383687559830251,-16.041730734871763,9.812883224927733,16.54188353444308,557.8338367241819,-859.038221921243,395.9395076270435
2025-09-01 23:46:50.410875,-46.682274869682885,-12.02735775574396,16.929215143675354,8.693993684406236,4.075587115997996,13.589523860448402,0.7676368434121902,30.578889174933895,15.539743939655306,568.3050215543752,-879.0284509155663,388.43925015260885
2025-09-01 23:46:50.422250,-39.21372010529802,-21.673416509196223,37.13067155237973,28.06071753243941,20.86548597814037,29.99942768069239,15.141486789848766,49.402648969045615,14.699340062868044,579.9215715883266,-898.0102550373774,382.0002430204725
2025-09-01 23:46:50.445000,-33.23148971782547,-36.18408562851676,53.76660030118052,44.14720443436143,34.65248956735116,42.713961576130636,25.969024219300497,65.29502360089894,14.002818363692816,592.3721145596985,-914.1453608363657,377.7360384810111
2025-09-01 23:46:50.452500,-29.58234689110683,-56.03565148815875,66.29177879652171,56.342500083350174,44.83427136850534,51.49257810314456,33.203174298421295,77.97156664619533,13.410984985159613,605.1743343999342,-925.8530069380502,376.39849262821673
2025-09-01 23:46:50.460000,-28.637904627675866,-80.67042909174685,74.87129457213526,64.67794640559491,51.41434926354173,56.7303527572204,37.552218892840415,87.59094464475291,12.880914146062588,617.6556144263718,-932.0362327634778,378.3430981936943
2025-09-01 23:46:50.467500,-30.342598181367876,-108.65788255734408,79.96077510870079,69.56309878496354,54.750914710694516,59.03971456844274,39.94796362118903,94.37795691739069,12.385388432947531,628.8616070322245,-932.1425488236429,383.54985535945576
2025-09-01 23:46:50.475000,-34.377303406936605,-137.88564771315134,81.97862955574148,71.55110664472093,55.34820674296788,58.959297416116826,41.16565567654796,98.40108204599191,11.92572382734639,637.3963702328248,-926.0550892226648,391.6127520061846
2025-09-01 23:46:50.482500,-40.36481810258445,-165.82077430129291,81.17261113681593,71.17579951996159,53.717665734548724,56.85321500717745,41.66878204230148,99.55805732727221,11.53268907509568,641.4109958320142,-913.9553368980189,401.7537699100213
2025-09-01 23:46:50.490000,-48.02020714767486,-189.96907381110265,77.5914509642906,68.8208811253981,50.24678260229942,52.87836964057599,41.53636599418798,97.63394848618245,11.254147863420078,638.9268398161265,-896.2965248462631,412.914482424176
2025-09-01 23:46:50.505000,-57.19932552076574,-208.4170977203878,71.11340754525939,64.63883164372763,45.08856643734987,46.97611545397567,40.44811753256421,92.37053387077432,11.135646880974575,628.3719555347775,-873.8571849913637,423.8832703023782
2025-09-01 23:46:50.516375,-67.84073366910538,-220.17797433655105,61.58991956326021,58.60666717642627,38.18410831114037,38.98181070692234,37.849332228226785,83.61960694506595,11.205025360429138,609.0545508578631,-847.7673943073821,433.4600071942412
2025-09-01 23:46:50.527750,-79.80747449671831,-225.17436091727512,49.13674940226725,50.7513455560738,29.49110953110251,28.91133326005526,33.32833609394051,71.6073090299191,11.46814314546436,581.4009249497689,-819.4691338902084,440.6875971529399
2025-09-01 23:46:50.539125,-92.6807183064617,-223.9199734470672,34.44028617345387,41.42571384621524,19.303532257835958,17.2835813218281,27.00679467720642,57.162593160630614,11.914385928015381,546.9246360037267,-790.62803678359,445.0563365642143
2025-09-01 23:46:50.550500,-105.63629249084306,-217.14952006134095,18.83258630647418,31.423050882978455,8.406222104589474,5.20888581198197,19.63941590490599,41.70167270948129,12.524865508204577,507.97708820029845,-763.0071008112056,446.5374122904016
2025-09-01 23:46:50.561875,-117.54661611130744,-205.6583686125171,4.010217421575653,21.798697763555303,-2.0980149154710563,-5.882060003989891,12.313242944260132,26.911016474165372,13.277189818698112,467.3735688449883,-738.3019192802616,445.4354237989508
2025-09-01 23:46:50.573250,-127.28976231700632,-190.39734218717123,-8.482994905574635,13.485969587881435,-11.192153942052796,-14.731066196635137,5.961912533676323,14.259201472092279,14.145900565385919,427.9915338437488,-717.951659271623,442.1910688890967
2025-09-01 23:46:50.596000,-134.06653893135265,-172.62986565169024,-17.739359492737435,6.9594273383841045,-18.30972033759398,-20.693676268151552,1.0346501772503882,4.567649913028255,15.100574501240377,392.41016114433313,-702.9621642511407,437.26521213922416
2025-09-01 23:46:50.603375,-137.54867557925868,-153.9203168630343,-23.671229906422518,2.1582018647680967,-23.434065000101448,-23.878664638958288,-2.502048785499078,-2.119742834831731,16.103228986663296,362.63270532398934,-693.7848466156704,431.14326541375596
2025-09-01 23:46:50.610750,-137.80545062740742,-135.86813652524114,-26.80675414404812,-1.3047664493126385,-26.8979348947724,-24.914634113982718,-4.9027818968660135,-6.292953529051579,17.106954773279476,339.93313365158247,-690.2956225387477,424.4187785734037
2025-09-01 23:46:50.618125,-135.05034980148648,-119.7017543594993,-27.881899060834538,-3.8131130025091777,-29.05229680252347,-24.534103349301045,-6.349502134284838,-8.561331002506801,18.059339064253816,324.88180829239354,-691.9147503874611,417.86859010156337
2025-09-01 23:46:50.625500,-129.36399039375382,-105.95173212128871,-27.49875036119268,-5.512796176124722,-30.022348093327277,-23.24267866557736,-6.805016478252379,-9.34961799189144,18.912472072430155,317.5365033961293,-697.8423906581373,412.4136755307457
2025-09-01 23:46:50.632875,-120.59097338322948,-94.3431505365452,-25.936327092772647,-6.247510832987399,-29.62927144515507,-21.159450887465624,-5.993296426927393,-8.784105675240333,19.635017011696842,317.648221465764,-707.2801932083206,408.91322427442225
2025-09-01 23:46:50.640250,-108.45089312341727,-83.89308805396567,-23.059934871559705,-5.601720664465233,-27.4260635916575,-17.970756116855252,-3.412716178029716,-6.6778659549100725,20.22006544926686,324.7349443556533,-719.5244875403092,407.89736911509186
2025-09-01 23:46:50.655000,-92.73894187498803,-73.1550624292615,-18.34046140117396,-3.0055695496086003,-22.807275531981244,-12.99568554686165,1.5969516195680826,-2.5827141413599564,20.686856644995295,338.03746257155217,-733.9425812346973,409.43642182686386
2025-09-01 23:46:50.666625,-73.51199323576886,-60.605404993736,-11.064288732285085,2.0881009789238294,-15.211085949981749,-5.433191607082621,9.650250431722254,4.019869333763158,21.07685465373019,356.46654468393587,-749.9106927280897,413.1956196051854
2025-09-01 23:46:50.678250,-51.22822347679328,-45.13675397880409,-0.7231466788007469,9.960106483506687,-4.40911149190173,5.226417137254074,20.98819146357052,13.386011813948521,21.445166614204915,378.6285293130498,-766.7746357362706,418.55136274186935
2025-09-01 23:46:50.689875,-26.80227857442473,-26.48118466280669,12.606631310282282,20.391521461512465,9.229591167478805,18.824465822983232,35.18236279824752,25.210241578120492,21.848338292129974,402.9706747111672,-783.8602054300355,424.6914466717565
2025-09-01 23:46:50.701500,-1.5384700627802887,-5.358370652458652,28.115301650729272,32.55162730372566,24.652161663513503,34.41425385125207,51.02747375087413,38.55519543103463,22.32975144789849,428.0140551349275,-800.524513763716,430.72720947995145
2025-09-01 23:46:50.713125,23.02868347561901,16.666351576322644,44.35461543221209,45.05057224273258,40.23797214026158,50.40107851505837,66.65124326603122,51.99562176902386,22.906409338471118,452.5560024345941,-816.2112247194905,435.838591430412
2025-09-01 23:46:50.724750,45.31148981573882,37.47457315417244,59.441072405147416,56.122501075062786,54.026466124581795,64.78774375084907,79.81313764498795,63.82779149130873,23.56157265552415,475.7429818715161,-830.4776920897903,439.4309650967014
2025-09-01 23:46:50.748000,63.83666267739897,54.74916264791065,71.31824269372567,63.905279449291974,64.00573202918638,75.46487948985592,88.35086315964688,72.30081572295492,24.245387175721923,497.0274562188908,-842.99584064967,441.2459995037464
2025-09-01 23:46:50.758875,77.44686841634584,66.40135504995102,78.1267842239987,66.80618697758256,68.48464595517713,80.59905126387147,90.66871109103346,75.93082418947589,24.88375267816741,516.0819899090374,-853.5495350802636,441.34614844208505
2025-09-01 23:46:50.769750,85.55171004476071,71.04750606598456,78.65836302003216,63.91589669204268,66.52302185718823,79.10008928659363,86.13549577996403,73.88534844938346,25.391213080319826,532.7135817023108,-862.0284078672613,439.96826047025917
2025-09-01 23:46:50.780625,88.32135848419885,68.37298119254727,72.70827738999392,55.325671019058845,58.244123018507935,70.9702783977345,75.27740421708465,66.27237386001734,25.678503979714502,546.7756598056384,-868.3826426492598,437.3666512084881
2025-09-01 23:46:50.791500,86.68498395633694,59.21544239947343,61.13905751515711,42.16567899241535,44.84548563676425,57.33302962348182,59.69744346842925,54.16549072651153,25.651459149815103,558.0825225475713,-872.5386883376918,433.7757372010206
2025-09-01 23:46:50.802375,82.15439159079519,45.40505708904243,45.69720098084851,26.38204610877267,28.35806484192797,40.1939292112088,41.78462008129973,39.39728229486924,25.213201323225572,566.3778941483891,-874.3561415959925,429.4940608622981
2025-09-01 23:46:50.813250,76.60788457619812,29.508067263209195,28.754492117092806,10.434161532932547,11.340594629493141,22.136052285171502,24.349550861594714,24.26852295188828,24.282555206695545,571.3981490709531,-873.6846026787507,424.97023786383835
2025-09-01 23:46:50.835000,72.07115405500835,14.497243051188784,13.009999783902408,-3.028151924895195,-3.4474679644139856,5.998265483360645,10.225716979166574,11.218958836770915,22.8214487204752,572.994158523381,-870.4777821192636,420.7891811531725
2025-09-01 23:46:50.846500,70.4222250422702,3.28133681817749,1.0747096753483525,-11.587847133331307,-13.479099774674086,-5.560018690949763,1.7963734513065501,2.421048289214731,20.84983987469076,571.2372924085811,-864.89044667996,417.5497464157086
2025-09-01 23:46:50.858000,73.0040688824818,-1.8915007873776,-5.065031687177767,-13.588933581450238,-16.997422231189606,-10.615234820777017,0.48479490505368744,-0.6822305412604834,18.440588951225976,566.4614261321402,-857.3165402954786,415.67222241083624
2025-09-01 23:46:50.869500,80.27075043120314,0.0028068872888963575,-4.547512031586155,-8.594413778297426,-13.471845938638275,-8.464385983543773,6.380476311772869,2.250224566908246,15.710157146027688,559.2296131016286,-848.3552731596465,415.2304138644229
2025-09-01 23:46:50.881000,91.66598465070531,8.483159206340723,2.1616727767822828,2.4876827473622827,-3.709586467933569,0.23331062632551083,18.219324332738143,10.385671851079687,12.818697403638575,550.2426357732312,-838.7230949146666,415.9394386790562
2025-09-01 23:46:50.892500,105.82974810760946,21.754771615485893,13.523485738556067,17.73290868084834,10.477880841058992,13.768284864833744,33.80193113220951,22.040856201415394,9.970798829086421,540.232567964136,-829.1517285393452,417.30598559672586
2025-09-01 23:46:50.904000,121.02549855207532,37.33042040002964,27.52183411698328,34.8327709892645,26.882629473648137,29.992527665871993,50.68370374227144,35.25922110574733,7.40078059698431,529.8844329622784,-820.2991580727257,418.80392907952756
2025-09-01 23:46:50.927000,135.593488942284,52.79570192427618,42.288360834791746,51.723636724870886,43.4903102797412,46.93069860786386,66.81312610748398,48.354755372854555,5.339307847249719,519.7954961595913,-812.6805637099876,419.9669580707637
2025-09-01 23:46:50.937750,148.27306766208875,66.36181943895862,56.45783448416364,66.94631075860566,58.81866231652533,63.11821715576566,80.83605514144844,60.180207069750715,3.9726397673120832,510.45477172708206,-806.6246504632837,420.4078609189501
2025-09-01 23:46:50.948500,158.30415048365109,77.00605323367952,69.15529383284563,79.64247940797465,71.92238171697966,77.57804313605986,91.98972883645726,70.07455404953812,3.4110598685971407,502.2270846427133,-802.2610136551041,419.8302154834144
2025-09-01 23:46:50.959250,165.34317402416272,84.29656244826363,79.78101916024562,89.32460376147372,82.19321493875371,89.60137585447761,99.7940925332487,77.66157975569237,3.6792858346346904,495.33782622772617,-799.5364419746545,418.0600245782105
2025-09-01 23:46:50.970000,169.30401037381552,88.15069372712792,87.84258540472037,95.65131515399445,89.17386385136216,98.57830786691366,103.84341882815879,82.70030806192621,4.730178091013277,489.86374845813833,-798.2508466723147,415.06760194433656
2025-09-01 23:46:50.980750,170.1860029706438,88.65036187086667,92.89374906113547,98.31098503312516,92.45796250362817,103.94875494707449,103.77827941302182,85.01253380743258,6.467126640372316,485.7424278464334,-798.1035319054,410.95123208909564
2025-09-01 23:46:50.991500,167.94807947253418,85.89849054430242,94.49394010659756,96.98504414356252,91.63011400914732,105.1937764983267,99.33530193919147,84.40810473766903,8.75724094238154,482.8081454745447,-798.7433271367687,405.92579345020937
2025-09-01 23:46:51.013000,162.50575305272503,79.92428590118722,92.18370885526804,91.3713679804466,86.2656764402299,101.84168621277276,90.42285338447215,80.62341713437651,11.43419420626574,480.8416798792285,-799.8154216337629,400.37346707970556
2025-09-01 23:46:51.020750,153.8590808920832,70.70545234632709,85.56529373194695,81.30338328442559,76.06658620799381,93.56316869588441,77.2316401759123,73.38319015575674,14.30464930557837,479.6098745742476,-800.9990539936881,394.88276793829465
2025-09-01 23:46:51.028500,142.2905050830255,58.34221419012971,74.5303334936134,66.98604619561965,61.13651722025735,80.40507362080263,60.377681608637396,62.629092150523974,17.166183767728178,478.88954113390105,-802.037566595492,390.17159750158095
2025-09-01 23:46:51.036250,128.51604568137387,43.28416354606909,59.53256256942673,49.236045652209675,42.243379378796625,63.054207974994185,41.01800226977529,48.78832266704649,19.827442885695802,478.49856734831496,-802.764814595177,386.9463381360095
2025-09-01 23:46:51.044000,113.68620638591176,26.44775695273915,41.71769645166539,29.540670671070664,20.870233160261208,42.924596118368065,20.831590848592562,32.88401270953688,22.118792828034046,478.34417914409005,-803.1222002002906,385.7895927251482
2025-09-01 23:46:51.051750,99.27583625305299,9.189717400751181,22.839586891607834,9.91030103891234,-0.9521013943263541,22.013145877723908,1.8410529036676966,16.43944561825712,23.896597668802166,478.45465389890705,-803.1549096183496,387.07651806720384
2025-09-01 23:46:51.059500,86.93924511291685,-6.792774319704389,5.057122184299589,-7.357963691170095,-20.888428888226894,2.659144338147861,-13.837896871244201,1.288725476678466,25.052970856256838,478.95966821887777,-802.9864488499086,390.9000357549549
2025-09-01 23:46:51.075000,78.30494860377202,-19.627387460612034,-9.315056523855212,-19.96656403467078,-36.57660465998171,-12.713005363975201,-24.258895452337153,-10.643754811639157,25.534700423969813,480.027609927009,-802.781375622292,397.0046383985721
2025-09-01 23:46:51.086250,74.67438817547496,-27.564174622696562,-18.154093605934214,-26.00704984176583,-46.002447806909856,-21.947584711410624,-27.95143854173196,-17.655141614246734,25.360822843068203,481.7941836606569,-802.7070054830905,404.7529832489086
2025-09-01 23:46:51.097500,76.63345518097096,-29.42456700279616,-20.016395161242322,-24.446208181021806,-47.97332217876679,-23.654997783168863,-24.29777479590592,-18.69309832357274,24.6232392685419,484.31495293340305,-802.9046830641248,413.20399307996246
2025-09-01 23:46:51.108750,83.72162391305622,-25.061312688859502,-14.618444945808408,-15.527161796878074,-42.53274751230469,-17.679476162426017,-13.855972695108118,-13.747686683347608,23.4640294013545,487.56219338383477,-803.4780631332399,421.3396812188392
2025-09-01 23:46:51.120000,94.47295394706644,-15.552844764830631,-3.025858051349579,-0.797111154704554,-31.051567192766928,-5.242431706244495,1.615504568221358,-3.9563045636541,22.03869301759422,491.45866159429664,-804.4934206387654,428.3309450814714
2025-09-01 23:46:51.131250,106.9143574365821,-2.9448309211459027,12.620299859339664,17.3499065668224,-15.853503205982221,11.375878049607197,19.55851256117163,8.69042011879071,20.484193229498416,495.91326777450456,-805.9796416862765,433.7051579269892
2025-09-01 23:46:51.142500,119.18648492252663,10.362117217242794,29.73916092074474,36.40172206955776,0.4691798407093358,29.48353576306926,37.299123429203966,21.927827709116556,18.905072154465728,500.83182612451117,-807.9245242478805,437.39610958980103
2025-09-01 23:46:51.165000,129.94785470458706,22.277140420539432,46.0068627110625,54.36943937301883,15.717143428643507,46.66329226090836,52.70020493941737,33.83256584083853,17.37527985480424,506.10707734574214,-810.2731509095183,439.7015718706048
2025-09-01 23:46:51.173000,138.50578252589116,31.448354601126308,59.80184998326647,70.08277302859116,28.45805625239819,61.21064707760011,64.49497020172419,43.20489027109316,15.944635032833425,511.6054973547349,-812.9311248516979,441.14044975564303
2025-09-01 23:46:51.181000,144.763393442678,37.320593186131326,70.26626257035599,83.10281951151696,38.039288733788666,72.193863628943,72.21791064685134,49.57809800842954,14.642957593926676,517.1611314005962,-815.7685186955028,442.2503009615862
2025-09-01 23:46:51.189000,149.05002451644015,39.91634981731076,77.11102491252217,93.41841670993587,44.36168763237046,79.25320150717029,75.91709036080547,52.9656756896205,13.483863793178857,522.5751268165546,-818.6167613958502,443.4283386270511
2025-09-01 23:46:51.197000,151.89694086286127,39.56764573591301,80.38843213616525,101.13965054602347,47.61828107173515,82.36403021050594,75.90239776450368,53.58589698563067,12.472324965027076,527.6180117399848,-821.2578267170668,444.8695787284276
2025-09-01 23:46:51.205000,153.82337634778057,36.700413830074986,80.31091828841191,106.28439697462144,48.08664624854154,81.65781943887906,72.58138993381831,51.67979282876736,11.612062439330783,532.0429603787609,-823.4214636961248,446.5809702003872
2025-09-01 23:46:51.213000,155.10968250227046,31.636844507718607,77.07699017244187,108.63391799699086,45.9338616751637,77.26960914621733,66.29951321872387,47.391969905636856,10.90545473549208,535.6171576721825,-824.8108592790531,448.4183761586349
2025-09-01 23:46:51.229000,155.55241603891545,24.45719246637327,70.74089118523514,107.65657759303917,41.05168552306518,69.23626067423604,57.219593560728704,40.71452189489683,10.3484207703034,538.1599915314545,-825.1601986189316,450.0743865351008
2025-09-01 23:46:51.239875,154.4113602191556,15.04294506477354,61.2428324615059,102.60574325584383,33.07600227562277,57.552829866466645,45.37268475245528,31.566815373805344,9.928900991988806,539.5720329751349,-824.3023666190469,451.0116856216285
2025-09-01 23:46:51.250750,150.7440673325013,3.3267294011960504,48.62887500173193,92.86680275461057,21.690064217908684,42.41809060206281,30.895071440557153,20.020027946264495,9.630989494251148,539.8481344528228,-822.2164468343204,450.48176724201386
2025-09-01 23:46:51.261625,143.94347524880843,-10.394899421305286,33.30920722855913,78.38878897529462,7.035601252778829,24.504950630642316,14.282032696786946,6.526713273794991,9.441286050988507,539.0700165643228,-819.0421570033542,447.7377970196574
2025-09-01 23:46:51.272500,134.10682453968457,-25.272195643335927,16.16553412398758,59.91546490925715,-10.06781019414375,5.040819620390099,-3.5181826027317613,-8.006799605650036,9.354517642440372,537.3792586056547,-815.065861943669,442.3359081145475
2025-09-01 23:46:51.283375,122.11753038533982,-39.89237807640771,-1.5001632877206,38.950700354683185,-28.159620952689142,-14.309946596043424,-21.16341762053034,-22.304248691632107,9.375003050609179,534.9479225799317,-810.6833000316935,434.35467902369015
2025-09-01 23:46:51.294250,109.55734807939099,-52.40507384392549,-18.05447049006068,17.603686547782814,-45.287168349358915,-31.612978657381323,-37.01906703607146,-34.84803323742875,9.511861358067867,531.9627248219592,-806.3419071602684,424.4682732993056
2025-09-01 23:46:51.316000,98.46983265748585,-60.780111542382116,-31.64037418625624,-1.6350542183749672,-59.2280760422346,-44.840925777285,-49.28984465353883,-44.02823716955829,9.770397475245316,528.6179702012406,-802.4696521773823,413.85923476959994
2025-09-01 23:46:51.323750,90.88855989419443,-63.21567586736855,-40.42004585200214,-16.293805164591973,-67.89077353959375,-52.167155286125755,-56.28167093674469,-48.39822630840722,10.143465665144324,525.1073066710687,-799.4044635067311,403.98842065943205
2025-09-01 23:46:51.331500,88.25235106123424,-58.60687790998793,-43.00434755864357,-24.503494622442414,-69.87146167899505,-52.409263792579324,-56.82535985033855,-47.0571774438418,10.606398299341405,521.6160299013507,-797.3445758877441,396.3144755263739
2025-09-01 23:46:51.339250,91.04749831457745,-46.85304065426672,-38.895244784256136,-25.503011833779325,-64.8942054823128,-45.43123601466169,-50.68094666478851,-39.98275366040913,11.118850942918824,518.3188742149239,-796.336781899456,392.04376418414705
2025-09-01 23:46:51.347000,98.8422793019739,-28.844724302563908,-28.687483224229165,-19.781054629581114,-53.8810876638573,-32.26285535847218,-38.68133277569286,-28.101674202949205,11.632327982889128,515.3793041496484,-796.3013783438977,391.89994187626513
2025-09-01 23:46:51.354750,110.51626575602515,-6.2391438809550035,-13.985296168133154,-8.883425133222303,-38.71521936153314,-14.927890908609132,-22.596365575248218,-13.114709793648968,12.097416825560757,512.9397017694089,-797.0730464782508,395.90123868002576
2025-09-01 23:46:51.362500,124.43718911733015,18.761369978757514,2.8313159602797255,4.889719238232634,-21.92313226604509,3.8595881479155496,-4.874828795407429,2.7609147187770895,12.467007936539607,511.1005751416512,-798.4355843771228,403.2514902626536
2025-09-01 23:46:51.378000,138.62319704086832,43.60478107241216,18.93101533293688,18.80920505266253,-6.339330217214565,21.068037038117726,11.665581783633733,17.0872866273365,12.698432246470029,509.9015379452216,-800.1439397886594,412.507585886307
2025-09-01 23:46:51.389000,151.05208364278738,65.68670140563138,31.498438319106125,30.138257550599274,5.33946914726646,33.8401812470551,24.271468218894192,27.607572693102853,12.759111163680652,509.3166136284753,-801.941878088078,422.0057342218616
2025-09-01 23:46:51.400000,160.08680376318344,82.80439668265336,38.336773953201025,36.67519924029305,11.11494695223553,40.08845477445278,30.836070247497748,32.74183722786786,12.634280752840992,509.2665273379642,-803.5852548621293,430.29215618456584
2025-09-01 23:46:51.411000,164.82477577143447,93.65387845870282,38.426353858800155,37.26613661077789,10.177345564359626,39.01550192086098,30.446426889288052,32.00439095585752,12.33159271735173,509.6438370423619,-804.8700406164918,436.36371555703846
2025-09-01 23:46:51.422000,165.21484469931167,98.13359368548268,32.16492082350676,32.031463534878796,3.0742826701359185,31.294677473379007,23.59324378525523,26.11339759984105,11.879609733309579,510.34043156652467,-805.6577276236039,439.74485489764294
2025-09-01 23:46:51.433000,161.90109679306073,97.24950351181188,21.130589560861644,22.16066876806364,-8.562014351221709,18.765976541952853,11.9007925107567,16.690312074270615,11.318701700455268,511.26437956763834,-805.8959902106775,440.45052657972934
2025-09-01 23:46:51.444000,155.87036082594003,92.63820877977537,7.471377084960315,9.379623234150895,-22.617682123958414,3.7717104010339266,-2.476618315870234,5.662236500573668,10.68557244114394,512.3421334059244,-805.6271397239196,438.83864244603234
2025-09-01 23:46:51.466000,148.08416946239942,85.96541321232746,-6.77441041491189,-4.63478853839536,-37.14577265620144,-11.544457482324002,-17.489999747691378,-5.350636833588347,10.001004146034616,513.5138828290234,-804.9653761392644,435.45438922148566
2025-09-01 23:46:51.477125,139.29345051009904,78.5121799109602,-20.113997924981362,-18.61475155324549,-50.75793824955197,-25.6579628828934,-31.598361168762132,-15.349939952019497,9.272689133607342,514.7299412504888,-804.0466843598049,430.9921966832247
2025-09-01 23:46:51.488250,130.09348885482453,71.10314926156234,-31.657699438628743,-31.72151881848448,-62.63036355619806,-37.68510572193814,-43.82661179820433,-23.871865974777396,8.511129540647707,515.9496152286642,-802.990036799732,426.3047645156883
2025-09-01 23:46:51.499375,121.05165549266364,64.26441175426451,-40.936200297031434,-43.37666246554657,-72.2878330519068,-47.16285495416925,-53.58758114122045,-30.725528430347136,7.743844369515512,517.144211465458,-801.8959576118783,422.2825585373128
2025-09-01 23:46:51.510500,112.71257432700271,58.385520618501374,-47.72205053537579,-53.138460114373096,-79.43212343671998,-53.84100478456241,-60.50203805909926,-35.83719397397016,7.018187683826935,518.3062200030479,-800.8672495391203,419.62166048845444
2025-09-01 23:46:51.521625,105.53678143667841,53.82587305498533,-51.9200201604279,-60.644001635440496,-83.85826971052263,-57.568621688956036,-64.31624926320418,-39.19576188424183,6.394474174153773,519.4582923236899,-800.0218744931279,418.66833314317506
2025-09-01 23:46:51.532750,99.94098397887547,51.03239182478446,-53.44856048615531,-65.50461306271937,-85.34505371309366,-58.213515268470914,-64.84351661468818,-40.75643378062813,5.935236645410684,520.6510146574442,-799.4860837801451,419.40568729592457
2025-09-01 23:46:51.555000,96.38348836321819,50.62761312288717,-52.1331144795865,-67.19713039830278,-83.54894331752682,-55.61634076462886,-61.9063081249069,-40.33058507983663,5.693257818676021,521.9471374759256,-799.3764488042999,421.51647243512986
2025-09-01 23:46:51.566375,95.2984869039148,53.33730995010657,-47.73326272510329,-65.13335126194956,-78.0668714955524,-49.654744244673125,-55.38081917540049,-37.6129959963415,5.698295814920141,523.3986526397346,-799.7786483665049,424.50298463777204
2025-09-01 23:46:51.577750,96.86764299882007,59.718980642293225,-40.15552480566172,-58.969335274223994,-68.7245713501435,-40.441412034503,-45.404105903403234,-32.3952310690049,5.946977672088618,525.0236866714357,-800.7227031010149,427.8397560739066
2025-09-01 23:46:51.589125,100.82256889210596,69.8191367097317,-29.744502402375826,-48.97309201892065,-55.923298737436305,-28.557683888351836,-32.621744441417455,-24.83475449217734,6.403635897109867,526.7905642831018,-802.1626702332508,431.0681151616362
2025-09-01 23:46:51.600500,106.44908921966778,82.9862949634817,-17.437911569729025,-36.1666438745689,-40.77194816598063,-15.13745073260724,-18.25425528647928,-15.57820562159238,7.0128974597749245,528.6165823561754,-803.9771661428001,433.8140369410058
2025-09-01 23:46:51.611875,112.80467228378275,97.99833613394584,-4.6209114488101655,-22.096073569058802,-24.857626126582463,-1.6706858879311965,-3.8726508706214258,-5.631246763727803,7.7165841610992905,530.3831919673823,-805.9947441396823,435.81213815040024
2025-09-01 23:46:51.623250,119.0297209036268,113.4526822062791,7.290661516712016,-8.341847674503367,-9.767034993319562,10.421481936681554,9.015904356642992,3.971658381187914,8.467345968500057,531.9622762144422,-808.0332101449416,436.96161469142004
2025-09-01 23:46:51.646000,124.61201793194687,128.19244998846446,17.317075682570476,3.9571486520201677,3.37026121411913,20.22718003235949,19.355242694618134,12.522648556655367,9.23447598423182,533.2449997167964,-809.9386088731417,437.342790526883
2025-09-01 23:46:51.653250,129.49622202293986,141.52847766568098,25.157606648552704,14.322832885081487,14.085862534698702,27.5487427381951,26.73225237630899,19.802886893984443,9.999129131455414,534.1630387106431,-811.6092625831519,437.1464194007079
2025-09-01 23:46:51.660500,133.96266501430438,153.16788628298195,31.079343848008946,22.820132493831455,22.452174540716726,32.75085776560008,31.334266504716464,25.951169378431022,10.741558226851156,534.6937447243574,-812.9946552821798,436.56853008313925
2025-09-01 23:46:51.667750,138.34492379875232,162.99674560460326,35.5972941612785,29.74894589181762,28.77672415106028,36.401735640205615,33.74485336105553,31.190393367742164,11.42972912986888,534.84950315719,-814.0727327039273,435.75079617654325
2025-09-01 23:46:51.675000,142.82447596594412,170.94107789668027,39.20044619255332,35.39592187676034,33.351944852951206,38.97801710582386,34.696347610450594,35.635459795424936,12.018321315567873,534.6607003359092,-814.8228381221585,434.73398814456874
2025-09-01 23:46:51.682250,147.4076903017696,176.9291332229044,42.18459665145649,39.92005079513733,36.34175401068884,40.70723389212278,34.83196313979491,39.20771273191477,12.459191667974897,534.1629044171117,-815.213502673084,433.3617191876088
2025-09-01 23:46:51.689500,151.90478519736317,180.83266922184532,44.510170364726626,43.252207059011226,37.69984651481062,41.4619252046922,34.469211686694585,41.57356742177004,12.715141077053106,533.3926210595207,-815.2101701006314,431.24840980002597
2025-09-01 23:46:51.704000,155.79640941609475,182.39041680799525,45.70973006196503,44.968697297099446,37.0792881029755,40.71602068918796,33.43132260864749,42.12764890697896,12.767777591217827,532.3881499170725,-814.789571433099,427.9656497465833
2025-09-01 23:46:51.715500,158.20279662568606,181.2556720611495,44.97103952442796,44.29900208895631,33.87081264089156,37.67389446341902,31.095026649322687,40.11639572997735,12.617851711588635,531.1902790095172,-813.9454176785017,423.3496278207709
2025-09-01 23:46:51.727000,158.16611553172996,177.2210737854321,41.443528457372395,40.41673065710256,27.489722877422768,31.60189436768755,26.70916595298299,34.92495060265346,12.280332314085644,529.8436506764618,-812.6866110911412,417.66851867255747
2025-09-01 23:46:51.738500,155.08837584965192,170.44273599977566,34.626439857690194,32.89359022941735,17.779281770445888,22.208975845354427,19.813758627836844,26.387200052071012,11.775429032795305,528.4035725352287,-811.0434863708216,411.5456369102183
2025-09-01 23:46:51.750000,148.99236705798566,161.45611822058726,24.614961225627198,22.024825690783334,5.251015022877625,9.861546661606605,10.506158740841546,14.930148973445519,11.120321498312393,526.9469813951434,-809.087668029132,405.7527553818782
2025-09-01 23:46:51.761500,140.47251928553965,151.0536538274228,12.144794761834941,8.88166149950821,-8.943809722278878,-4.413088790211442,-0.5108948125217371,1.5349896201501152,10.328998338276332,525.577766971882,-806.9486091989778,401.02673881168613
2025-09-01 23:46:51.773000,130.49101238183442,140.24244579656786,-1.4590340864626794,-4.852100974213128,-23.18906694828797,-19.02935969384216,-11.99183106839913,-12.36575596670174,9.420190160950916,524.4173981708254,-804.8084093407359,397.9997887460525
2025-09-01 23:46:51.796000,120.2390710263609,130.2898454541362,-14.390736447597542,-17.161807478011486,-35.60310262816847,-32.0114026180066,-22.276565347845096,-25.01806204283105,8.425626920008789,523.5816730419226,-802.8739727935858,397.23189099076336
2025-09-01 23:46:51.803500,111.05108906353745,122.65747540185917,-24.619817233794382,-26.058347140525076,-44.29526515388473,-41.29846648823184,-29.556113108207086,-34.587697562251066,7.391893671360975,523.1537672519978,-801.335933201279,399.2214570267768
2025-09-01 23:46:51.811000,104.2051838002415,118.7037078982187,-30.332503780276078,-29.997208451634013,-47.75280180421322,-45.21205353879631,-32.297438982344204,-39.552690006044365,6.374472665403673,523.1650432213861,-800.3277397097567,404.2898891486241
2025-09-01 23:46:51.818500,100.62769181955615,119.27210411604266,-30.401799249692502,-28.261200947602873,-45.25116632957988,-42.92143257012499,-29.67711115795682,-39.11133617450539,5.428631317979506,523.5911046306132,-799.9042888725003,412.3618650349932
2025-09-01 23:46:51.826000,100.65936814278982,124.38478708234446,-24.67031525797351,-21.1459390705269,-37.075728487050306,-34.68037645671058,-21.82802069952832,-33.40982346397366,4.603686674833701,524.3659645324469,-800.0523070281939,422.74633266545544
2025-09-01 23:46:51.833500,103.91533007231914,133.1403853198384,-14.00545999297832,-9.934328517863955,-24.517161510403287,-21.79571682774474,-9.872205946837143,-23.541356036818204,3.940569821286993,525.4082164870055,-800.7197590428656,434.0857996175085
2025-09-01 23:46:51.841000,109.23604183468755,143.8006626875997,-0.2064414697641131,3.250095750641348,-9.733590012308255,-6.434011575340931,4.175757635827644,-11.385088782428848,3.4685961343948284,526.6444050585095,-801.8394099608219,444.610917865447
2025-09-01 23:46:51.856000,114.84572787368822,154.0553550819835,14.237357855889684,15.72898640237797,4.527850335550323,8.696592952588636,17.659811190826925,0.6794838413036068,3.2024968882261216,528.0190765966679,-803.3360840861319,452.59225101191697
2025-09-01 23:46:51.867250,118.77387066827693,161.45792403447857,26.592091108743052,24.76149535042629,15.41809687143818,20.82090825638495,27.79116259488636,10.191835172525069,3.143835596450445,529.4928453405896,-805.123203159434,456.7349393358082
2025-09-01 23:46:51.878500,119.38410132380639,163.96475776516428,34.49156395659316,28.19062845058967,20.635510537636556,27.69230353639999,32.35182894812865,15.136293906992686,3.287118328374973,531.0348285256844,-807.0986147491287,456.413376648294
2025-09-01 23:46:51.889750,115.77546555941963,160.42690443454268,36.53320751432501,25.028676967706446,19.02336614423515,28.14268462920968,30.306698490257418,14.42841230901793,3.62678846067697,532.6126729118649,-809.148634027781,451.7495574777334
2025-09-01 23:46:51.901000,107.90774347254558,150.83401241548032,32.59825977208055,15.684429152527,10.82436346815802,22.342852695643444,22.022111298344303,8.13499578222826,4.160432557973442,534.1806657427194,-811.159558501576,443.5258107523235
2025-09-01 23:46:51.912250,96.4359614091937,136.17912905769586,23.723442387510527,1.681577195018339,-2.5604968521672866,11.616528922287221,8.987319323909635,-2.6930224563541567,4.886113064368206,535.6698827122233,-813.0259508179929,432.9986809583207
2025-09-01 23:46:51.923500,82.36548213393274,118.00968870015264,11.585317974858087,-14.970419621348695,-19.1721904001867,-2.1211516371838326,-6.807983748583473,-16.484198357587296,5.797065811771589,536.9876940618084,-814.6536900510673,421.6876667215466
2025-09-01 23:46:51.946000,66.7112705530395,97.9068686629214,-2.131718643600785,-32.41450629503241,-37.1311113539743,-17.027786917601635,-23.531442290135573,-31.67776684708192,6.87847399949321,538.0301520766907,-815.9660563805506,411.0996802087505
2025-09-01 23:46:51.953375,50.30909016554811,77.15082245020305,-16.168336267202896,-49.31047582341746,-55.02198243627998,-31.775445270595235,-39.908038430538326,-47.06912240129028,8.1046406587706,538.704415328275,-816.9119503929844,402.42700964406964
2025-09-01 23:46:51.960750,33.806429152153285,56.68010668287108,-29.75703677111819,-64.83157784537559,-71.92079530420163,-45.59513944622339,-55.23493336514573,-61.82809370933194,9.428925538245553,538.9503280456902,-817.4650760523267,396.41808624076594
2025-09-01 23:46:51.968125,17.73261313764411,37.23949976329703,-42.42719680080574,-78.45079625073586,-87.19680467586645,-58.04708970296745,-69.13856461202667,-75.29098971836694,10.760652234283265,538.7428219141749,-817.604319655275,393.4790179209213
2025-09-01 23:46:51.975500,2.5317942995026113,19.528605870139824,-53.78957372681144,-89.76868170717121,-100.31719894198407,-68.78775626367997,-81.32836815894008,-86.76556618059838,11.93870091803912,538.0703554525534,-817.2796443631684,393.7852871483597
2025-09-01 23:46:51.982875,-11.427308846442836,4.288055465026285,-63.39663826939885,-98.43812309622164,-110.73797141111737,-77.43531961749127,-91.44950780319522,-95.46050926581144,12.73153239809218,536.9126901271826,-816.3919496763025,397.237311688836
2025-09-01 23:46:51.990250,-23.783005466378494,-7.640488624703034,-70.63537070653763,-104.08653040136853,-117.83012453966903,-83.47190164944384,-98.98037984477635,-100.49307044013834,12.882305491863358,535.2416683133393,-814.8142841740788,403.38343259810796
2025-09-01 23:46:52.005000,-34.07491925759782,-15.305414286999168,-74.67874481056349,-106.23607851303989,-120.84497856366333,-86.19378058111731,-103.19834277955486,-100.94802087107426,12.178766995767946,533.0435068045348,-812.4437061098945,411.4692158212061
2025-09-01 23:46:52.016375,-41.715911449859,-17.778649184629735,-74.60523667701854,-104.3433743553403,-119.0133975210654,-84.8176007543233,-103.3337691810679,-96.04466941266116,10.510514861402994,530.3477820115191,-809.24727216839,420.58227976885865
2025-09-01 23:46:52.027750,-46.111000292621874,-14.462144720358689,-69.72037587842478,-98.02673166088809,-111.82115682519964,-78.78247562666022,-98.90364470120066,-85.4422764019525,7.8948857194868065,527.2489776257261,-805.2820371891672,429.7845298009891
2025-09-01 23:46:52.039125,-46.867328247513875,-5.433030813128829,-59.9247054767232,-87.3659234451421,-99.32650807784134,-68.09891594842847,-90.00137275091758,-69.54265201985248,4.4779131221263775,523.9116639314266,-800.6981964358267,438.16811582661404
2025-09-01 23:46:52.050500,-43.979539149411615,8.383169211262071,-45.895356837424806,-73.07408315817051,-82.32015487240925,-53.51570869230945,-77.35677814639143,-49.563182020697816,0.5230251570394772,520.5585671101161,-795.7383415571862,444.8791131203055
2025-09-01 23:46:52.061875,-37.9422737986452,25.273020791492005,-29.031568402738976,-56.48929176570321,-62.292662117106644,-36.45830710096226,-62.23200268065668,-27.35889266845618,-3.611832841390081,517.4427274696272,-790.7281050463102,449.2217328831767
2025-09-01 23:46:52.073250,-29.78409298550246,42.93950777318966,-11.29291363536329,-39.46980256448412,-41.30698738380969,-18.869215827667965,-46.300918602393665,-5.178395464315451,-7.516336947209156,514.8059286444718,-786.045439936589,450.8103449724784
2025-09-01 23:46:52.096000,-20.962823349660233,58.79362652816429,5.005824574644882,-24.213928835610517,-21.794113895528834,-3.0083290818414734,-31.521909866970564,14.554621104890543,-10.787299922078498,512.8347627423451,-782.0672469626508,449.6116261455939
2025-09-01 23:46:52.107125,-13.091484811844946,70.3435828690749,17.506917436802837,-12.93549367485671,-6.203421743957086,8.86038373758075,-19.91356046401007,29.52873819100091,-13.087709824594574,511.629616809588,-779.1078289953281,445.86869000327266
2025-09-01 23:46:52.118250,-7.595789495525515,75.68035206074234,24.27976818709041,-7.376014632145961,3.4924873015538336,14.942701969427295,-13.168605231241223,37.98360966073042,-14.189432207937479,511.19607749786564,-777.3703415072654,440.0349826781938
2025-09-01 23:46:52.129375,-5.4206169362045316,73.97987589558416,24.351032673797143,-8.299018394512903,6.302625829161736,14.42878022048506,-12.171744711395897,39.185031831304535,-14.000474194383173,511.46310473658355,-776.9285661882931,432.7445905764567
2025-09-01 23:46:52.140500,-6.838501904346981,65.80058027534463,18.033106543055013,-15.232861022573028,2.5007144533477956,7.774340903964119,-16.666860598566206,33.66506447403627,-12.579479940153671,512.3217916287911,-777.7405363953258,424.73690966780197
2025-09-01 23:46:52.151625,-11.436904859019675,52.92667869880394,6.805120152842158,-26.647906378050543,-6.509458079601583,-3.4733210551190545,-25.339433437241265,23.030173286788813,-10.129177885669211,513.6626228112648,-779.6745976427156,416.72174161122194
2025-09-01 23:46:52.162750,-18.33218517950091,37.76767558465905,-7.233342682658795,-40.502597971810985,-18.717624601969742,-17.239052344319227,-36.32126005417281,9.405086376057449,-6.962976566950753,515.3914766123091,-782.5285525774835,409.26415529180264
2025-09-01 23:46:52.185000,-26.499470615245002,22.634446076046224,-22.028455821037884,-54.866566226627164,-32.14145073911071,-31.549797332227662,-47.825578501828225,-5.187429307923431,-3.4526334601207935,517.4258319824982,-786.0440175621131,402.7380065076946
2025-09-01 23:46:52.196875,-35.03762001733027,9.244563044811262,-36.01191184643426,-68.31080277378086,-45.25651124755931,-44.91652666422607,-58.57680525740024,-19.2020466179058,0.027863593107512904,519.6851086206827,-789.9283802992788,397.3405691354315
2025-09-01 23:46:52.208750,-43.271552402671844,-1.4002466438918033,-48.17972299048658,-79.96615036188662,-57.08079602500925,-56.37061815127075,-67.90349573416078,-31.59943588588577,3.149187229891877,522.0847815555637,-793.8867649875826,393.1557053923671
2025-09-01 23:46:52.220625,-50.71744437960536,-8.869904163553937,-57.939659314336524,-89.37975494890831,-67.01068889187307,-65.29541207922641,-75.58620113196966,-41.68368319594056,5.652309309947873,524.537396798207,-797.6522199862982,390.22420891631765
2025-09-01 23:46:52.232500,-56.995971576309195,-13.095928897377988,-64.93701065531432,-96.3198349665964,-74.61538895008174,-71.2648288109771,-81.60858917955588,-48.97615229745853,7.347200850462137,526.9601297128429,-801.0004953279885,388.5503096607284
2025-09-01 23:46:52.244375,-61.72812054686295,-14.179844919282345,-68.9212754896573,-100.57321782290228,-79.48354596230998,-73.9500943221199,-85.8967586858403,-53.1646197732863,8.1018965745004,529.2826449146614,-803.7507004006873,388.0616347671483
2025-09-01 23:46:52.256250,-64.44442264802,-12.208724443968725,-69.60832076406673,-101.76954367671344,-81.1082242694246,-73.03178878693116,-88.1030899921264,-54.025949942800416,7.84697223211157,531.4482020453843,-805.7652556568065,388.6406308939855
2025-09-01 23:46:52.280000,-64.59679551154144,-7.126930088704593,-66.57359163864609,-99.32407501806217,-78.85561820523084,-68.12843562102002,-87.5165889404149,-51.32753826911356,6.594397707095927,533.4109797386091,-806.9586706820797,390.2442397709936
2025-09-01 23:46:52.294375,-61.68694839282923,1.2431657698166372,-59.30039622141064,-92.57107829305622,-72.10212156284595,-58.854468761044636,-83.19151972034456,-44.834406349798186,4.450159009404443,535.1370828500859,-807.311978629936,392.964333796145
2025-09-01 23:46:52.308750,-55.45731074832263,12.987625853083678,-47.46105750855616,-81.08292995730342,-60.54999904228249,-45.08818057261591,-74.32453643401558,-34.51013920891632,1.6087902492709392,536.6085940055074,-806.8793570390576,396.94489045678944
2025-09-01 23:46:52.323125,-46.081125734532144,27.75770171141764,-31.3436946254158,-65.06961172476498,-44.60467724032891,-27.363874617600487,-60.75297524355927,-20.85185796203472,-1.6679146242500777,537.8234688813853,-805.7815758913293,402.24491550292583
2025-09-01 23:46:52.337500,-34.19152242519367,44.51179485548276,-12.145973408060012,-45.62698346124565,-25.567937973660396,-7.109122609560933,-43.28966734050821,-5.121972926234854,-5.082348095013149,538.7882091935242,-804.1960885608942,408.75172156109835
2025-09-01 23:46:52.351875,-20.671804586055153,61.59113025714099,8.148661293207308,-24.605168725699425,-5.440891001733289,13.542159595174036,-23.648916459492497,10.794368544708819,-8.337631862555344,539.5104473300444,-802.3457859393174,416.16618736283436
2025-09-01 23:46:52.366250,-6.372134297586012,77.16221001889525,27.316479061741646,-4.098394057255743,13.61243824034341,32.333665959291004,-3.985946316705455,24.924038406727867,-11.171896717888247,540.00167711776,-800.4766871702094,424.0338174523602
2025-09-01 23:46:52.395000,8.085983542376416,89.78438379839712,43.55375383657912,14.172506143304918,29.863957718848,47.539360486898374,13.69921507574393,35.82187162410402,-13.383412507510668,540.2894636030094,-798.8263521474272,431.77624613312884
2025-09-01 23:46:52.402375,22.38014118714687,98.78133829973578,55.89033318795574,29.23524792086273,42.38350757235909,58.329575939289825,28.032745614960398,42.9001785670616,-14.845241778219027,540.4265073600845,-797.5961723152267,438.7035150221157
2025-09-01 23:46:52.409750,36.40806241821004,104.23899637193229,64.19202515869861,40.83601341131467,51.025959520800285,64.71654795396199,38.44069531004113,46.34369133027907,-15.510991060143128,540.4856145762374,-796.9314037730104,444.0531173230036
2025-09-01 23:46:52.417125,50.062765491303914,106.70095185203076,68.86618376187234,49.14735895857798,56.15398409776019,67.2274462955381,44.9972358666549,46.7595840485119,-15.412989648641515,540.5397160914458,-796.8987906664246,447.1015290849062
2025-09-01 23:46:52.424500,62.963504144175445,106.79138971395622,70.51140677601495,54.46736792891045,58.318389035430066,66.55275192206231,48.10377507926508,44.79884870101764,-14.655101374933624,540.6355753076612,-797.457914058265,447.32535290052493
2025-09-01 23:46:52.431875,74.31120546020267,104.93131811032906,69.6350082003698,57.016161205942275,58.0017511664486,63.275872195383506,48.185045878806214,40.88155175090735,-13.400533065120815,540.7764011997627,-798.4465723850923,444.5651458152343
2025-09-01 23:46:52.439250,82.97750338728967,101.17127484440066,66.44270103462848,56.81230356729945,55.42788043345638,57.67569790372508,45.4697170601899,35.04406202346276,-11.850718979227016,540.924923616645,-799.6059389151854,439.1474101558404
2025-09-01 23:46:52.454000,87.77738124062125,95.1455754955811,60.74039609291182,53.63308830417271,50.47815411895451,49.641724715780306,39.875094689202385,26.91274905329821,-10.214485046439817,541.0251889196213,-800.6449081024169,431.895082853057
2025-09-01 23:46:52.465250,87.78944540599903,86.2042549620374,52.02601325291386,47.09769593867848,42.788910146416086,38.77799646359015,31.053920306384693,15.845068510196459,-8.67578381634269,541.0298177185658,-801.3153367279696,423.9843904603163
2025-09-01 23:46:52.476500,82.59799845362153,73.72157978203184,39.770428266076486,36.870782042996,32.01824182675635,24.68661798170436,18.625641654053965,1.245367785265302,-7.368851498012216,540.9151654651988,-801.4633583452403,416.7067838924252
2025-09-01 23:46:52.487750,72.31552062206231,57.42547981984269,23.755964815678993,22.89961990678803,18.113159419313114,7.288995765274231,2.4941946320558577,-17.046172583550856,-6.363740505451059,540.6756779872902,-801.0353966425112,411.2549651434056
2025-09-01 23:46:52.499000,57.333956937093504,37.574152006201196,4.319366464930541,5.569964392234659,1.40256788382081,-12.969917900066294,-16.889784234585527,-38.443474271337365,-5.664508416300432,540.3077685413803,-800.0465717504894,408.5839717547447
2025-09-01 23:46:52.510250,38.04659807542972,14.991531992014913,-17.54131506816114,-14.241045931878139,-17.427693694404724,-35.055775595577096,-38.400138504711144,-61.49514929435672,-5.220540130582787,539.8006974438372,-798.547290755425,409.2587721434257
2025-09-01 23:46:52.521500,14.88944318931893,-8.918323533989703,-40.17417023413552,-35.12581029549725,-37.297674981992955,-57.366234107420695,-60.262966140046835,-84.00537530692726,-4.946168715709476,539.1412808759678,-796.6161031822538,413.22881205494906
2025-09-01 23:46:52.544000,-11.299128627473625,-32.17905488236972,-61.41770238699429,-55.110717497595935,-56.64923252775182,-77.85548127805428,-80.25586511328311,-103.38167806156945,-4.743558413720921,538.3282521653632,-794.370519628648,419.70406465443494
2025-09-01 23:46:52.551625,-39.00001564545784,-52.41909015549438,-78.929693946412,-71.81159276679499,-73.5402990178436,-94.33657326988732,-96.08663011620362,-117.14872285591848,-4.5242247306051055,537.3876090172876,-791.9736783723224,427.33579322267093
2025-09-01 23:46:52.559250,-66.14318408259389,-67.31183166095707,-90.67433650973089,-82.91345651611792,-86.04549399844744,-104.95818152638046,-105.89201585035023,-123.50505679642343,-4.224891798911514,536.3797202647922,-789.6254673671493,434.62529135051096
2025-09-01 23:46:52.566875,-90.52528482506494,-75.12872284843635,-95.38279036099298,-86.77626248631096,-92.77231359293962,-108.65579127994813,-108.65417660990236,-121.70381293203599,-3.820548844455997,535.3937603398676,-787.5354213895818,440.3311026543327
2025-09-01 23:46:52.574500,-110.18483426730043,-75.1253333765142,-92.77040974310474,-82.83263753384497,-93.17759039068527,-105.33927651940428,-104.32932369345812,-112.1010144248031,-3.3375062985901542,534.5314691774736,-785.8861316562908,443.73098130883324
2025-09-01 23:46:52.582125,-123.64811515724261,-67.67128139492887,-83.52319729637462,-71.68830372433274,-87.6242651920259,-95.83839450159346,-93.74773354872389,-95.98335214558648,-2.8563675272323583,533.8850427539874,-784.8016703650416,444.6857692592992
2025-09-01 23:46:52.589750,-130.1505277255259,-54.22265906060862,-69.2208285316813,-55.04617235273721,-77.34270285522192,-81.79231654528624,-78.50110503417466,-75.38841761748786,-2.4953597354469284,533.5152930735894,-784.326840662427,443.5009765062794
2025-09-01 23:46:52.605000,-129.81914525586487,-37.1613765042366,-52.221917377276725,-35.5079351091813,-64.34282848489171,-65.52045902840854,-60.84911011725436,-52.93280912081358,-2.379629766344158,533.4368846926152,-784.4200002714848,440.6568789029055
2025-09-01 23:46:52.616500,-123.68847241994867,-19.430874271907484,-35.38196278432608,-16.194946648178558,-51.149646286442014,-49.75130241909449,-43.48181346395651,-31.504275667953156,-2.606875297243767,533.614569927938,-784.9644890813499,436.5884187683292
2025-09-01 23:46:52.628000,-113.45587802263404,-3.9417467008490155,-21.512345166782275,-0.14370069912871208,-40.27693801455154,-37.10928604587767,-29.01869044310191,-13.739556212671541,-3.2156531854727293,533.9701080269667,-785.7960568070403,431.6674018426207
2025-09-01 23:46:52.639500,-100.98555650163948,7.166359864274439,-12.676789422751101,10.431244142343969,-33.54337476146067,-29.446888799386127,-19.34414206350509,-1.4135354116836332,-4.161050992692847,534.3981045543765,-786.7327860179225,426.2921595303233
2025-09-01 23:46:52.651000,-87.7462128600321,13.137396512721052,-9.643327845783134,14.713029488131765,-31.53348035113654,-27.34591177607901,-15.10266559975653,4.958967688896739,-5.30605623660419,534.787633215826,-787.5959539879459,420.88419314285926
2025-09-01 23:46:52.662500,-74.49199858437214,14.713907951517832,-11.823657320399134,13.368675447750297,-33.52917959964896,-30.11143148803075,-15.665929075284922,6.067929813120554,-6.441801750396453,535.042438975891,-788.2249670064139,415.79452118064415
2025-09-01 23:46:52.674000,-61.374155573704364,13.629678964909232,-17.734064648892396,8.087848282080735,-37.971948395585066,-36.25749262702057,-19.593549533469577,3.34052310947786,-7.335766400120759,535.0926744807848,-788.4978450082451,411.2692509600916
2025-09-01 23:46:52.697000,-48.37372019710633,11.784353077804184,-25.683123476450174,0.838138399206558,-43.18070038985538,-44.168282630559105,-25.307572334962245,-1.6669223323927427,-7.781801612060923,534.8996286624231,-788.3587396123138,407.5129472204554
2025-09-01 23:46:52.704500,-35.7097002842359,10.57147965752005,-34.3060120340026,-6.795841894229765,-47.93183621533348,-52.57058432699028,-31.60733938053863,-7.707886509765602,-7.6290994035462045,534.4599380697383,-787.834577584841,404.739059809881
2025-09-01 23:46:52.712000,-23.920939984007518,10.637801886635774,-42.721931507036786,-13.910092777229194,-51.64463698666885,-60.6325246410389,-37.79385879935255,-13.944141039583789,-6.79532268464612,533.8105145946718,-787.0226364511508,403.13907428397494
2025-09-01 23:46:52.719500,-13.63875024727862,12.023012110033239,-50.38043049283733,-20.16263451848339,-54.19954815934267,-67.78982752235049,-43.47259849836243,-19.794106861404142,-5.282550317809933,533.0325288765778,-786.0608145487577,402.8303300156711
2025-09-01 23:46:52.727000,-5.296853271898364,14.448666633971207,-56.84092443091972,-25.443143815765822,-55.62344477885817,-73.55074685723586,-48.294504302739085,-24.762494481143033,-3.1986797586615983,532.2533311421821,-785.1044799263593,403.8156747309875
2025-09-01 23:46:52.734500,1.053873991433638,17.59899017282007,-61.61653993919648,-29.5663125357009,-55.83038370869563,-77.38611214826982,-51.78687411884859,-28.34654326044773,-0.7632617503268737,531.6381131367675,-784.3099240824514,405.92825314461135
2025-09-01 23:46:52.742000,5.809966438281246,21.35497548077759,-64.06188925849655,-32.07336228650791,-54.46439171583313,-78.6519344928079,-53.26241262146957,-29.977772216828477,1.719555282398898,531.3609458847106,-783.8171263750686,408.8196316918143
2025-09-01 23:46:52.757000,9.772101418770376,25.937362772742095,-63.326410650541824,-32.17079001558087,-50.86061705860849,-76.55129330277762,-51.8165282719801,-29.004908133607987,3.9115803477803954,531.5600549754726,-783.7356790362327,412.0669346060018
2025-09-01 23:46:52.768000,13.994793727560928,31.884625041978726,-58.463617825791886,-28.86526119287452,-44.16824661784407,-70.23774053133025,-46.48117653046953,-24.77981611957328,5.495713378109167,532.2984491482507,-784.1363160251252,415.3309633725185
2025-09-01 23:46:52.779000,19.535950485885287,39.824504598656716,-48.75105107762112,-21.31345454477774,-33.65926249646172,-59.1294808911803,-36.55717136130159,-16.895120964225512,6.228208668224773,533.5509371581186,-785.0480688888358,418.44231339813865
2025-09-01 23:46:52.790000,27.12598622399329,50.0955702575836,-34.150460333778064,-9.286692236451287,-19.156474804056355,-43.35082912618368,-22.036178158279117,-5.535079399276687,5.985009702194322,535.2228976206636,-786.4582652882873,421.38895913889706
2025-09-01 23:46:52.801000,36.869334897605306,62.42537967010507,-15.644816354466297,6.494540761366037,-1.3552926614194518,-24.025945982500673,-3.8818134936445934,8.283127217811131,4.791822689937192,537.1874291008926,-788.307701726681,424.2526640570175
2025-09-01 23:46:52.812000,48.183792879140775,75.9073815312549,4.85889546811939,24.431843564366606,18.23437221698082,-3.1403504292880084,16.09138844668348,22.847804547298026,2.824620708864618,539.3191633050969,-790.4829123712703,427.12240133975325
2025-09-01 23:46:52.823000,60.027839930336455,89.31412819577372,25.086080571272724,42.55411645747455,37.74977636075323,17.025037263466416,35.75767815751052,36.26699250910713,0.3764302092453312,541.5093237364167,-792.8173170037225,429.97838948185387
2025-09-01 23:46:52.845000,71.23896746230669,101.54785061920123,43.0872087147807,59.15652851652592,55.556921505076524,34.571071162698985,53.33831814931949,47.05583684415318,-2.200344136344999,543.6615202611055,-795.1062061520107,432.6046614648654
2025-09-01 23:46:52.856125,80.82520349032872,111.97560235266388,57.6982833597103,73.21962141325719,70.63622728922633,48.4184114001647,67.81942590843528,54.4832963493341,-4.560086383085759,545.6819019961276,-797.1328028618213,434.65236581704863
2025-09-01 23:46:52.867250,88.13720099466165,120.49479528765752,68.61405478787258,84.453239770439,82.64021694258766,58.354882175417075,78.97395311595339,58.56848569348808,-6.421018371850838,547.4790490371855,-798.6992485497005,435.83609815864526
2025-09-01 23:46:52.878375,92.88627285599594,127.36786666892058,76.17510465616284,93.05474106406332,91.713207884318,64.79789655404979,87.10697554007626,59.85373255260128,-7.596455704444241,548.9717258713657,-799.6504294049367,436.09030768185545
2025-09-01 23:46:52.889500,95.07269360481914,132.99256888269548,81.07622800344735,99.4025568194781,98.2598685669442,68.49015673566838,92.76166299390421,59.15758632239368,-7.997137990957355,550.0886386714807,-799.8846284025211,435.5904340797436
2025-09-01 23:46:52.900625,94.87848013301489,137.6845488344535,84.07791111133076,103.82230505472444,102.72323318118889,70.21112503941005,96.4833364067885,57.35237623227308,-7.619423388489098,550.7588804003465,-799.3606056498644,434.6710076745781
2025-09-01 23:46:52.911750,92.48941273824964,141.46135112866517,85.69583971476061,106.41822923062735,105.331139478958,70.4742250043453,98.59291449402738,55.1055221169405,-6.530117762192395,550.9103952411326,-798.1079780825206,433.68149835703986
2025-09-01 23:46:52.934000,87.90618064057358,143.8952680211624,85.94405894450985,106.95786498425836,105.87946177843016,69.28698644207766,98.9912654664621,52.64279469911684,-4.8463530779085975,550.4842198711837,-796.2363585251902,432.8289651925566
2025-09-01 23:46:52.945625,80.89412350801287,144.1558032042078,84.2998015904548,104.87809588777408,103.72059147320003,66.14086131590874,97.13914237542616,49.689655806817186,-2.7148984708120403,549.4552171692872,-793.9350300299288,432.11398503048287
2025-09-01 23:46:52.957250,71.12369288308935,141.30177891476077,79.98271137843354,99.51183497252876,98.05732234723537,60.31071209733962,92.32974286463704,45.67517160378542,-0.3004316559841266,547.8529630057619,-791.4508712210938,431.422071422549
2025-09-01 23:46:52.968875,58.45882284587471,134.7559655748234,72.47004294071165,90.53076017862229,88.45922406924961,51.36894451759477,84.19133287681917,40.12617314810835,2.2178816696750014,545.7820921650815,-789.0450195279542,430.67966904224664
2025-09-01 23:46:52.980500,43.26277913441559,124.71699217602045,61.97406693946836,78.36959965845337,75.30939702837931,39.633367785337185,73.13266349567516,33.028103030293764,4.649739572191324,543.4316952451182,-786.9519234263563,429.94064705563875
2025-09-01 23:46:52.992125,26.490716381724198,112.20762113913726,49.547685732107915,64.28650910216459,59.85211326833125,26.231665628594826,60.38968488637509,24.909984894148767,6.804232035790088,541.0581268605564,-785.3543056830148,429.372866814937
2025-09-01 23:46:53.003750,9.447627543353512,98.69856609966477,36.72013980590051,49.949036759567285,43.77619468130418,12.71771111322995,47.598972413654046,16.595205859050736,8.509693217227927,538.9412147527896,-784.3631439702813,429.1921446323275
2025-09-01 23:46:53.027000,-6.631917952237584,85.56376464152474,24.901732586471237,36.8019872636709,28.60737683676885,0.48932331758132136,36.17539652036598,8.793851332993022,9.636668161821888,537.3310359684012,-783.9963866739528,429.5814910018708
2025-09-01 23:46:53.038000,-20.904792783193958,73.69209533704257,14.913939344527321,25.6140880991932,15.285547320136864,-9.660813165243955,26.866708663923188,1.801596126716731,10.114942263373404,536.401904140353,-784.1687916896576,430.5974965684598
2025-09-01 23:46:53.049000,-32.99215167720122,63.4135225503759,6.867359152671418,16.443805377280462,4.119676962800093,-17.657416506484246,19.685572774204513,-4.526874371037827,9.941003993852677,536.2242177108391,-784.7088896409166,432.0835301428238
2025-09-01 23:46:53.060000,-42.877024264570565,54.67178784664885,0.35855332872228496,8.93067017639161,-4.994721029926313,-23.93892300611934,14.149192027234506,-10.581814630549454,9.173678526805217,536.7664698244129,-785.4053988081758,433.6674891625501
2025-09-01 23:46:53.071000,-50.79730758867072,47.26143903582575,-5.2093424481933654,2.6141136495194504,-12.34394057616392,-29.12707829502719,9.604596387716338,-16.766649355291957,7.916497858236365,537.9301710332297,-786.0650066845009,434.8788077483949
2025-09-01 23:46:53.082000,-57.170548695384795,41.030253755163606,-10.312860646470623,-2.8570955075637596,-18.228060328916865,-33.71164792304165,5.516278873110976,-23.314963967877006,6.296555821970276,539.5933801405354,-786.5549785474873,435.31222383711935
2025-09-01 23:46:53.093000,-62.44678857872178,36.05906399706415,-15.031523526709313,-7.546372746369612,-22.77831497958247,-37.78615569961064,1.7169445990247225,-30.126531494673507,4.452936983926218,541.6333146183074,-786.8193906930815,434.76438485300315
2025-09-01 23:46:53.115000,-66.87857924198039,32.793799224524115,-18.884537300277128,-11.068284035396593,-25.77479224899335,-40.89714702150141,-1.432256207539437,-36.65921725583109,2.532505469683471,543.92638906204,-786.8754689496176,433.3009872748151
2025-09-01 23:46:53.123875,-70.3642301533157,32.02014389586658,-20.896736586370466,-12.581052794969358,-26.611301665134615,-42.11114750167026,-3.0912460396645502,-41.988609138192395,0.6815352594751185,546.3426263021072,-786.7980748108724,431.2088880148654
2025-09-01 23:46:53.132750,-72.5152933806344,34.58630188153568,-19.942413050103827,-11.060285940235024,-24.526395524990228,-40.3533508789346,-2.2561937529693274,-45.090577963702806,-0.9690331618902043,548.7452346785562,-786.6962892121192,428.86546162378323
2025-09-01 23:46:53.141625,-72.94683646088747,40.90763194942429,-15.284690594552208,-5.823101677757259,-19.062638616992672,-34.938702691503316,1.7490478271800098,-45.26044370554981,-2.3146292316719124,550.9974739138135,-786.6833009287545,426.63179986904544
2025-09-01 23:46:53.150500,-71.62422089073743,50.492716584215195,-7.044388288123397,2.9593645191847524,-10.512043635444424,-26.024969059270344,8.85851909242689,-42.445237635464686,-3.2748794773062757,552.9755562947041,-786.8449210466755,424.79707195927705
2025-09-01 23:46:53.159375,-69.02406853941652,61.84367382217582,3.732409992523468,14.128048809621893,-0.019360138182420952,-14.665751221724927,18.21011884918497,-37.26561429192958,-3.782361659849936,554.5834569400706,-787.2192437322957,423.53151573278916
2025-09-01 23:46:53.168250,-65.98933908343486,72.87163950123347,15.481788612115372,25.911573237577475,10.774431368542464,-2.407508037939247,28.49821837183558,-30.707928467098544,-3.7761556797567297,555.7647881189018,-787.7923015156686,422.8489426927295
2025-09-01 23:46:53.186000,-63.39710949985253,81.589215701093,26.722132779475665,36.560042934203324,20.32324505927808,9.28491092394391,38.47636089223824,-23.706337382126254,-3.2079660069245195,556.5084459217427,-788.5055885255559,422.60100846839083
2025-09-01 23:46:53.199625,-61.84655552484008,86.69510396305047,36.478192745904444,44.8639290044594,27.65349053362073,19.42353297538717,47.291899733837205,-16.89104590816056,-2.0565091465190024,556.8453351828218,-789.2767396109467,422.52123306234336
2025-09-01 23:46:53.213250,-61.5201578482276,87.78269514035371,44.32547504227045,50.32417745805647,32.49389164046917,27.534698748201063,54.49090436948783,-10.64704256171929,-0.3427231647182788,556.8371056050009,-790.0285294004972,422.3143844322081
2025-09-01 23:46:53.226875,-62.32419102423759,85.10597467978985,50.09077428945792,52.929330399338774,35.01422643895755,33.39025139985162,59.749804385162726,-5.390995751872944,1.8548829982670012,556.5659856775776,-790.7058514194899,421.716781792969
2025-09-01 23:46:53.240500,-64.27233031626938,79.10038752383775,53.4893540800755,52.71880998512551,35.37436216025026,36.69925943418957,62.59902464982365,-1.7713404970681774,4.385264981697196,556.1339344407609,-791.2732307136241,420.48379796617843
2025-09-01 23:46:53.254125,-67.82318674430124,70.04269374616726,54.04044246440313,49.48824497125008,33.451098122584874,37.060138565673945,62.41829994615412,-0.5736507987195341,7.0224319180377535,555.6645168731782,-791.7073875963167,418.3917288973203
2025-09-01 23:46:53.267750,-73.80142830579639,58.09793141586291,51.333798556275966,42.934985087692276,28.981537462603473,34.21409257862353,58.724950849118166,-2.404737803865629,9.488838290468593,555.2931994455632,-791.9931749162795,415.3240078594616
2025-09-01 23:46:53.295000,-82.84520483798002,43.65603933129443,45.40623763959136,33.19904816910229,22.005961383237064,28.36565622474533,51.53293999655901,-7.3773235113764875,11.501887286895588,555.1442695257232,-792.120839605085,411.3718257617116
2025-09-01 23:46:53.302875,-94.81301365412126,27.63390793454583,36.933282608582,21.327325425544128,13.213638799435818,20.308118135449465,41.52439064611557,-14.982911225301379,12.827576656557738,555.306502352021,-792.0864243158888,406.88856918491234
2025-09-01 23:46:53.310750,-108.64274436422298,11.470817814600998,27.097778209756164,9.189375822336837,3.880568397319869,11.24141605111572,29.898665809902774,-24.244075845161202,13.324617074156528,555.8163618511439,-791.8966055748893,402.48843164246324
2025-09-01 23:46:53.318625,-122.67799205808859,-3.1768537296278407,17.238635543043753,-1.0683295449200771,-4.5106819768140225,2.3969456781525125,17.999978457779434,-34.04107155466006,12.970035611483175,556.645415151861,-791.5713355426744,398.89797611327305
2025-09-01 23:46:53.326500,-135.16593626522283,-14.830731771551083,8.50788615113438,-7.59780827607968,-10.67400002898943,-5.288638060139575,6.956235785656752,-43.3846996163586,11.864043935376001,557.6887073531791,-791.1332521414498,396.66307097110945
2025-09-01 23:46:53.334375,-144.77563418976172,-22.541301522434406,1.6305965776447573,-9.292997834317418,-13.844209756755468,-11.351854025391432,-2.5553177446865534,-51.55805324057017,10.21187986666503,558.7651021764652,-790.5843099522211,395.95451208524133
2025-09-01 23:46:53.342250,-151.04776245300934,-26.164091936298572,-3.2690337115003705,-6.138164769726999,-14.044034681535713,-15.901176534166805,-10.419664305615294,-58.216698673977774,8.281676136085633,559.6439954700261,-789.8919296631665,396.60965203554116
2025-09-01 23:46:53.358000,-154.56004566922962,-26.480925706564747,-6.747031746379665,0.6613541526982881,-12.198376994058487,-19.64472515622286,-17.072955950123074,-63.47272653218815,6.347832811756611,560.0947001921429,-789.0013991784539,398.2693984452133
2025-09-01 23:46:53.368875,-156.7123186356771,-25.074517829255406,-9.923946621832128,8.904538439846931,-9.979249117431793,-23.74767797806911,-23.358038612684908,-67.86209220021752,4.6375388358324585,559.9395206459747,-787.8599489620779,400.5020893903796
2025-09-01 23:46:53.379750,-159.27164309793912,-23.929619277969653,-14.121732347690825,15.946587156766785,-9.366345095924101,-29.45555390688023,-30.232454521971853,-72.11414331563306,3.2944231720511854,559.0935920457919,-786.4351708843203,402.94044767843553
2025-09-01 23:46:53.390625,-163.8422908505358,-24.807296781899407,-20.331627714227967,19.450839766978362,-12.00373589707534,-37.5716244782758,-38.35683569545235,-76.77854922728977,2.3653504824296276,557.5801638956564,-784.7359945100743,405.4018249315091
2025-09-01 23:46:53.401500,-171.40012533049523,-28.611835611848434,-28.762375082224903,18.09795421241443,-18.593881182179842,-48.05249344824994,-47.74139037936479,-81.90798213313444,1.8097975840147267,555.5153512144258,-782.8411570302668,407.9044283305846
2025-09-01 23:46:53.412375,-182.06519689603738,-35.11567572994499,-38.772055548620585,11.904846117095445,-28.67835735562291,-60.008336202038926,-57.713716720031016,-87.03216884849063,1.5267195086868697,553.070755564333,-780.9108779859529,410.5651209141541
2025-09-01 23:46:53.423250,-195.22614978459782,-43.224315668165865,-49.25292268682613,1.9696490510412263,-40.95423073560711,-72.13523434861504,-67.28483853279818,-91.48205968566698,1.391451406983408,550.4341435897145,-779.1610994301203,413.46485584785484
2025-09-01 23:46:53.445000,-209.95609797393777,-51.58329884337648,-59.20575073403385,-10.172433680803852,-53.9073413550563,-83.29572610996024,-75.6844995601778,-94.84808136228841,1.291691958584434,547.782057793684,-777.8138377797866,416.5842705630544
2025-09-01 23:46:53.452500,-225.48883827813845,-59.151530410365304,-68.14439816135548,-23.177970891270732,-66.37491588029766,-92.9097735783166,-82.71193164695528,-97.2443804153483,1.1504288870464003,545.2644997687571,-777.0496937377517,419.8103668709537
2025-09-01 23:46:53.460000,-241.4423795413879,-65.4383623308109,-76.10988081142621,-36.170296400241924,-77.74682823954218,-100.96853764660278,-88.66366100569357,-99.18021979117346,0.9334626455336554,542.9995768323421,-776.9775059824158,422.95993069351545
2025-09-01 23:46:53.467500,-257.58703337868593,-70.2969841851676,-83.3033967891494,-48.55838697146003,-87.74949594697125,-107.68590944009168,-93.87063453784236,-101.11477051506576,0.6520018819435255,541.0846801748545,-777.627299583012,425.8302315918107
2025-09-01 23:46:53.475000,-273.3188768008514,-73.48052532832963,-89.62120909750773,-59.622100536980895,-96.05002073397674,-113.04699058669233,-98.18514798701057,-103.01946344302914,0.3656389272629269,539.6240349914366,-778.9632372130897,428.28233769170293
2025-09-01 23:46:53.482500,-287.33171668228044,-74.39595239924009,-94.48974828182666,-68.30600350338723,-102.07133231199391,-116.63121004024885,-100.85620041576054,-104.28509246713351,0.17434891537061672,538.7469905803299,-780.9032341990527,430.2872988134687
2025-09-01 23:46:53.490000,-297.82729130108106,-72.2954941235848,-97.14950338930632,-73.46325141857679,-105.1958225771184,-117.86233941681394,-100.93267636044263,-104.04498905257707,0.19101791204193075,538.5922211625488,-783.3345939855727,431.87784193028284
2025-09-01 23:46:53.505000,-303.1095341960204,-66.72038636390309,-97.15884673863624,-74.34649560704436,-105.163060242878,-116.47273824279762,-97.8938494075603,-101.68533004785105,0.5055795529212114,539.2674100381608,-786.1265006646246,433.0329760143782
2025-09-01 23:46:53.516250,-302.16345578216465,-57.84864212604415,-94.75895746902201,-70.97668055380858,-102.34085866494041,-112.8297169517791,-92.07246211676892,-97.21748121194321,1.158428806808422,540.8110553168179,-789.1434330880467,433.5910913869355
2025-09-01 23:46:53.527500,-294.9156634751008,-46.50674359495211,-90.84603265218409,-64.14017532552722,-97.65463394459474,-107.87563615660885,-84.61278069854681,-91.27711503440136,2.1305532289743674,543.1678958109947,-792.2542586394476,433.27428592272787
2025-09-01 23:46:53.538750,-282.0574764197088,-33.778427044438665,-86.50145547460419,-54.928770936224694,-92.127183642085,-102.65756551116829,-76.93805264039761,-84.72554661159782,3.345643248598316,546.1763711981932,-795.3283577617141,431.82821381314017
2025-09-01 23:46:53.550000,-264.57366279218263,-20.424920543458864,-82.34932742893454,-44.04785278719756,-86.26763886274524,-97.73325612891215,-69.99512982555376,-78.12009414121218,4.6769325506223325,549.5726920479722,-798.224437375328,429.2144185366231
2025-09-01 23:46:53.561250,-243.36119355582292,-6.568383067870531,-78.22774962280795,-31.428925249425667,-79.7837760606893,-92.90927554827908,-63.79966519750253,-71.45452484100839,5.9599488191572,553.0214007687143,-800.7890180241634,425.7483812951187
2025-09-01 23:46:53.572500,-219.20768058786547,8.104835239823307,-73.41865075239603,-16.469735073641147,-71.8697574436274,-87.50625243721609,-57.602209622284484,-64.33545583981235,7.01684402926106,556.1689554164295,-802.8718197575521,422.060576215057
2025-09-01 23:46:53.595000,-193.01940802292768,23.832082834399905,-67.20688936521645,1.3469530339476519,-61.82257893031866,-80.90380430167353,-50.464475525251075,-56.3987447387858,7.690616535562434,558.7009296221579,-804.3493740187313,418.8489351731983
2025-09-01 23:46:53.606375,-166.00632329611182,40.362048202126495,-59.359304132197444,21.940761283180546,-49.53723796667616,-72.97002615602446,-41.8003618990678,-47.64472946495051,7.87818891737297,560.3860112914612,-805.145788641246,416.5669432772343
2025-09-01 23:46:53.617750,-139.63451735989338,56.89223773356427,-50.26222241871622,44.52625530206609,-35.603401292964605,-64.14129475075096,-31.589391557631636,-38.48594463147583,7.551015796352095,561.0988006821121,-805.2462998754614,415.2447867185418
2025-09-01 23:46:53.629125,-115.33561780219097,72.34152644356683,-40.7019807071832,67.932785776103,-21.013078135565852,-55.16761901154249,-20.22707060685443,-29.50785090290862,6.763168487908905,560.8117288400301,-804.7010666504895,414.5391900390969
2025-09-01 23:46:53.640500,-94.11589156051846,85.76161049461228,-31.470408316020528,91.135788558418,-6.702233397510425,-46.72260035788342,-8.181675710981983,-21.120014225445065,5.651923733538153,559.5562257929794,-803.6148110671332,413.9843516074455
2025-09-01 23:46:53.651875,-76.25825191442472,96.69907154223276,-23.00116505311136,113.69340952113635,6.83941009492717,-39.0745104550933,4.33237680065315,-13.291417880872167,4.4240106096265155,557.3820935307365,-802.1223009357798,413.2767739065528
2025-09-01 23:46:53.663250,-61.226854628922204,105.42469605945448,-15.142829569337724,135.92257227715112,19.786963878098124,-31.90442826739725,17.551176799539505,-5.449940167218489,3.3190318452992145,554.3468007048375,-800.3598842900111,412.3889368750766
2025-09-01 23:46:53.686000,-47.7861870254921,112.97921811120833,-7.111732193876341,158.82200867552393,32.99947801339605,-24.303902048902444,32.186598170418904,3.452357517894755,2.560135022547506,550.5344525156497,-798.4474222708019,411.4960590432393
2025-09-01 23:46:53.697250,-34.30149264502629,120.97924281176458,2.347078688632595,183.77904989654365,47.813250323690205,-14.975058402015385,49.252018065849775,14.707963365619328,2.3109270093370635,546.0821177054834,-796.4856499646836,410.8753810736617
2025-09-01 23:46:53.708500,-19.16413206386764,131.175878041993,14.581823081424487,212.0832279185793,65.60628794792204,-2.631327142254891,69.68898815197599,29.46525392442522,2.6501726680955398,541.1913089658452,-794.5632071328547,410.8755736763458
2025-09-01 23:46:53.719750,-1.254591844423343,144.8647821120389,30.505684983415915,244.33797344266455,87.22166554082494,13.483046957089718,93.89411381226203,48.275333073024704,3.5700926311476784,536.1106361539445,-792.7659143008951,411.8963743512257
2025-09-01 23:46:53.731000,19.71288051394026,162.39353247945536,50.148305648022834,280.0092110001473,112.49727009707028,33.188901316525346,121.38298618118944,70.7867942020339,4.997803828682951,531.092792754991,-791.1815079531827,414.2913031026274
2025-09-01 23:46:53.742250,43.139109161769035,183.05734327553478,72.5845346897736,317.4085438484789,140.20833833249984,55.36045623521789,150.83091925765555,95.78970501027601,6.826709995200705,526.3484421495231,-789.8953376566454,418.2217698156256
2025-09-01 23:46:53.753500,67.80805847496453,205.45187195706586,96.31089475712429,354.1877625605937,168.49508329497363,78.35339782352457,180.50132850528547,121.60761227229489,8.940364529612005,522.020372170198,-788.9797928387085,423.56714869599483
2025-09-01 23:46:53.776000,92.31457885437435,228.04600382180402,119.82405832633415,388.0854108347852,195.5148443815185,100.62032679460243,208.81427699971965,146.62785174126662,11.222288553910357,518.1838143175025,-788.4844635063433,429.9303960623268
2025-09-01 23:46:53.790875,115.45460864874825,249.65857639268438,142.07132122895445,417.5431732678817,219.96252601327532,121.16856139019075,234.75319479795937,169.70465590875392,13.55748320236922,514.8638707735169,-788.4306417788849,436.6864323998148
2025-09-01 23:46:53.805750,136.44204518405,269.6617544592122,162.58929523510864,441.93697457012104,241.25041598957645,139.65818262981585,257.95115481106353,190.26933825770843,15.834135263034224,512.0572862881805,-788.8103795750677,443.0380306418054
2025-09-01 23:46:53.820625,154.90692057477506,287.9285143175649,181.37489373650385,461.40659033471877,259.36554224248613,156.20530598107004,278.52055996115627,208.1932055750674,17.948652237084406,509.747792349489,-789.592771747824,448.13272083326257
2025-09-01 23:46:53.835500,170.73858026495603,304.65053882709634,198.66165268711407,476.46671017765755,274.5786113521064,171.11015509580744,296.80766308682604,223.5848461015541,19.81225150906836,507.9094388079283,-790.7369567623816,451.27553960396205
2025-09-01 23:46:53.850375,183.8751405778975,320.09181664690124,214.68207473394708,487.6009552086334,287.14472586299775,184.61349795802215,313.1499028667503,236.60617344135562,21.357815102986503,506.5017610007465,-792.1987291989154,452.13892349935765
2025-09-01 23:46:53.865250,194.10483142977125,334.2889168339637,229.40026312327487,494.94730449647534,297.0349067314052,196.65677883928174,327.6148358635993,247.2779842419967,22.545991112543003,505.4667359872162,-793.9220467313642,450.833488039463
2025-09-01 23:46:53.895000,200.9493916641841,346.8016193482867,242.28954094507753,498.1451560252717,303.7570859675293,206.70084916473942,339.7889976572437,255.3128105660933,23.367084374526062,504.73290119454714,-795.8290251357936,447.808931522234
2025-09-01 23:46:53.902375,203.71500605053467,356.6746711521278,252.31136947936946,496.4087131769423,306.3860833497482,213.74254714251526,348.76947026898785,260.09532123694436,23.83835950382671,504.22430837642236,-797.8246867024073,443.6671027969874
2025-09-01 23:46:53.909750,201.7334771778397,362.6973051132904,258.19034485699825,488.8523825266166,303.88324540179644,216.6094782796489,353.44812850454485,260.89668850903956,24.00214421770448,503.8711911868542,-799.8135025317514,438.99822123926157
2025-09-01 23:46:53.917125,194.7098840640382,363.91121430666175,258.93983653188263,474.99909159915563,295.6337490041013,214.4753963753132,353.0222767178796,257.2829839075655,23.924378026625174,503.6223179054518,-801.7138315047508,434.2993107246205
2025-09-01 23:46:53.924500,183.00177109974257,360.1222157482093,254.39096831036935,455.23143924423977,281.9238782334213,207.34966851034227,347.4715689588811,249.49455128374188,23.685194594768237,503.4556104831557,-803.4617198172419,429.9746886334297
2025-09-01 23:46:53.931875,167.6468812768441,352.06961796711835,245.36863008313392,430.8793977419816,264.02436645780404,196.20342178375608,337.67795657027233,238.51089802264732,23.359872857423603,503.3769452223073,-805.0073873011617,426.37495558486245
2025-09-01 23:46:53.939250,150.0983750583506,341.124613156931,233.3753288742133,403.86639443329335,243.79937010602765,182.61659386110588,325.095136776766,225.72965148743592,23.000054991827014,503.40419360673224,-806.3152423629872,423.81114230097415
2025-09-01 23:46:53.954000,131.81360479809177,328.7389719582289,220.00722629591093,376.1431277181149,223.09776749625811,168.1853533364121,311.19865401434157,212.47483811551575,22.626802177170475,503.54970069313475,-807.3710868403097,422.5236950707345
2025-09-01 23:46:53.965375,113.9106145622089,315.98359447353823,206.45730195679465,349.22421616439294,203.2735847793202,154.0489798029745,297.0505759530379,199.62591151255074,22.238667701567806,503.81361487448686,-808.1872182591114,422.62869801387507
2025-09-01 23:46:53.976750,97.03379665707197,303.37305610677635,193.31984844069672,324.0009994303726,185.01917327812058,140.73841213688533,283.1631378178696,187.5221743321521,21.827335742976235,504.18550987049474,-808.8000408566843,424.0573026810303
2025-09-01 23:46:53.988125,81.40688449989955,290.9441905106676,180.6722846315164,300.7687113713607,168.45065279808188,128.29752484867726,269.59577490778287,176.08282078159044,21.390411746805725,504.6467690618945,-809.2663152986636,426.5246626652941
2025-09-01 23:46:53.999500,66.94805541513328,278.44085295888937,168.27825279299407,279.3167556522482,153.2770867154431,116.50448458981612,256.11213282987626,164.98504581624493,20.93690068385564,505.17175793122465,-809.6603560038832,429.58903813517855
2025-09-01 23:46:54.010875,53.41150958854886,265.5483183654622,155.8398402549072,259.0981790248644,139.01586158963343,105.11772985270439,242.37077769777716,153.86034060603976,20.487564137294303,505.7290503418835,-810.0660892217929,432.787407819724
2025-09-01 23:46:54.022250,40.605470378347455,252.19560204156699,143.30170365425926,239.5708117638817,125.30565453698337,94.14447314049598,228.21351194410383,142.55102124280768,20.072102880121314,506.2832161418094,-810.5618414561385,435.74643880138007
2025-09-01 23:46:54.045000,28.63490099519768,238.83456129523375,131.11125644031063,220.6055073516604,112.22852616022764,84.04181049273173,213.96541896343507,131.35142797425829,19.720854662495537,506.79806384386046,-811.2062260993736,438.20013029449825
2025-09-01 23:46:54.052500,18.01818920903115,226.5205454167401,120.27267156372571,202.7192648367089,100.44636357060745,75.72318108215846,200.54936721204055,121.06608748490231,19.451534119478502,507.2429186290994,-812.0337275670108,439.9541249751945
2025-09-01 23:46:54.060000,9.586963318397002,216.70537139782707,112.12384295175406,186.97848894283794,91.0443743652207,70.33502311619847,189.29696432438027,112.80637738494818,19.260232052823103,507.59828509613106,-813.054455697457,440.878791637726
2025-09-01 23:46:54.067500,4.208968637836572,210.81727559765457,107.9261616664086,174.60276040013764,85.14386989006256,68.89232277993004,181.51724477934476,107.62363039044072,19.12515219150454,507.8532426229336,-814.2455098306904,440.92889680506534
2025-09-01 23:46:54.075000,2.459822781272159,209.81324337170022,108.45425125435081,166.46181652268788,83.46439185893992,71.92761492197933,178.03481574528453,106.1600402916217,19.019613482421924,507.99587727718864,-815.5350499424575,440.1428948800836
2025-09-01 23:46:54.082500,4.3636257996427155,213.84901038969193,113.70559570318284,162.67705109509285,85.99149284905943,79.24507855828845,178.87709988067405,108.41167493438704,18.92382400647036,508.0071187512674,-816.7969788001133,438.64488141665066
2025-09-01 23:46:54.090000,9.266357653502995,222.11004880843566,122.74589158948982,162.43325160287728,91.81729478912544,89.79106601096714,183.14898685533285,113.6049669083986,18.830801174698074,507.86207600681837,-817.8732419581147,436.6682245468765
2025-09-01 23:46:54.105000,15.868139891631527,232.83207462461183,133.7255428049772,164.0283215563348,99.18789463321839,101.67887700838747,189.09325721968148,120.21326338860736,18.750084892144805,507.535462738956,-818.6210100378078,434.54331320061357
2025-09-01 23:46:54.116625,22.420074877874256,243.55226545467073,144.13451804855586,165.1612437142314,105.7788956966399,112.4346252283565,194.35306667813728,126.17356090273907,18.710762587050297,507.0090411896867,-818.9599212237819,432.609349708215
2025-09-01 23:46:54.128250,27.071572545339762,251.5963379273252,151.31157405627954,163.43203738252507,109.19072425926704,119.48959907771524,196.41897777103014,129.32824316754542,18.75785300155789,506.2774756774272,-818.892078010961,431.09772663839277
2025-09-01 23:46:54.139875,28.32241535783716,254.72430765002056,153.12766884985635,156.96922178780412,107.59022996853153,120.84875861103087,193.1959860295713,128.01600357055315,18.937768319355246,505.3478311384669,-818.4884181947363,430.0678366299813
2025-09-01 23:46:54.151500,25.440728077241374,251.70854407752418,148.59939121034276,144.96627025684376,100.26700480780447,115.68819591722668,183.54775014270197,121.57129654079007,19.277232616173915,504.2370937031667,-817.856449426867,429.4382859692142
2025-09-01 23:46:54.163125,18.622770217025252,242.5433805670993,138.09408278641774,127.83459855457754,87.7782654805658,104.54149873124378,167.58666430895443,110.43639173295195,19.76538814240227,502.97841437480446,-817.1085865422011,429.10232706039466
2025-09-01 23:46:54.174750,8.782620274250872,228.18309358011822,123.00994113985658,106.87934333871625,71.57379307583764,88.9622868928093,146.55301417205843,95.82454123740779,20.348632104701167,501.63389878072775,-816.3431387572647,429.02554242253865
2025-09-01 23:46:54.198000,-2.8874598544388173,210.01361095510205,105.16417099840612,83.7176820602624,53.351700326520586,70.89764301933859,122.34934368146797,79.17846081038522,20.941147708678347,500.2958254147334,-815.6394868286864,429.1982407470287
2025-09-01 23:46:54.205125,-15.325054120281607,189.37167130428983,86.22486831713812,59.76335193904805,34.51609736386802,52.11132933178685,96.97219789825935,61.72816649723029,21.445998350809173,499.0683821970747,-815.0607843670914,429.5001939336385
2025-09-01 23:46:54.212250,-27.800255219914966,167.30501728820607,67.39389386940516,35.97888974269792,15.949910877556002,33.86588129557611,72.1030879077478,44.30452713585226,21.781200856048084,498.0425521202884,-814.6582239019187,429.67520849778754
2025-09-01 23:46:54.219375,-39.90822810716095,144.5684144449018,49.36251093207197,12.893819985441292,-1.9255818498711876,16.87827180230157,48.95103909296041,27.37652125241824,21.90810654452189,497.2773735521847,-814.4741766426176,429.4691547548728
2025-09-01 23:46:54.226500,-51.45477480614439,121.73441910870415,32.43351431780714,-9.241737911544293,-18.963898695508366,1.4383880730758718,28.259322935652307,11.182492827406705,21.854208822462578,496.79163283384304,-814.5379013478527,428.8023945041635
2025-09-01 23:46:54.233625,-62.30641629669354,99.34707271157792,16.733735096936712,-30.24298144013589,-35.07034896730061,-12.378728287464103,10.42330895451019,-4.099457581490061,21.714617902151893,496.56506593704165,-814.8503139473899,427.8519773683775
2025-09-01 23:46:54.240750,-72.21991108345856,78.10689438748292,2.4968363067569492,-49.72720679037955,-49.95277327720904,-24.423261125822002,-4.272317910141985,-18.13458535530959,21.62455513473492,496.54570352976924,-815.3709370252407,426.9868480350413
2025-09-01 23:46:54.255000,-80.70492885905105,59.01958725547633,-9.67952799735357,-66.89846379927125,-62.92086915944741,-34.207323067685195,-15.39443273845499,-30.250257475211143,21.715831134727242,496.66112554756626,-816.0240626531391,426.5578457796435
2025-09-01 23:46:54.266375,-87.00982910589951,43.395546209409886,-18.759297193025013,-80.53530466423011,-72.87028759161473,-40.82906918011555,-22.254266235207062,-39.4225642287226,22.078471706038634,496.8331829378734,-816.7229391283297,426.674263602836
2025-09-01 23:46:54.277750,-90.28831781648913,32.61386703519883,-23.48924132893169,-89.27465058735763,-78.54363440980019,-43.18735439443266,-24.07547083676453,-44.505937327879806,22.740801273594823,496.99395794176576,-817.3968369649901,427.15825395067037
2025-09-01 23:46:54.289125,-89.93851110867556,27.639076790874586,-22.928138296992234,-92.1664080798367,-79.04780853107673,-40.48655832160604,-20.449606627379985,-44.6952436680216,23.67120216825418,497.09866155267673,-818.007985323549,427.7119527170792
2025-09-01 23:46:54.300500,-85.96628947203051,28.492236326201883,-17.057626749178915,-89.25076735315281,-74.39178247276395,-32.809498862561725,-11.85472851956006,-40.02244564817151,24.794803922468112,497.1315461722422,-818.555269323916,428.1540833102677
2025-09-01 23:46:54.311875,-79.11134704399458,34.07308533490932,-7.028379167457934,-81.74391045458192,-65.65686950351679,-21.335734497208595,0.18447615660587513,-31.52528330618805,26.012294262284854,497.1021606042524,-819.0685904086329,428.5632178654569
2025-09-01 23:46:54.323250,-70.61539060137153,42.525249703860204,5.197786199530513,-71.65117895953377,-54.63533750241765,-7.9843203335841535,13.504355261203417,-20.909785235602154,27.21286205962825,497.03249591015685,-819.595760803815,429.26985255440815
2025-09-01 23:46:54.346000,-61.79239167956155,51.89802018847516,17.57070822266893,-61.06541975352085,-43.183342811346705,5.282979384836725,26.02949212043848,-9.923438898132723,28.283058047183804,496.9415748283569,-820.1846481261484,430.74874019167015
2025-09-01 23:46:54.360875,-53.65333194209563,60.71124072910486,28.6002706287932,-51.55297697973514,-32.667550102419646,17.070494168569596,36.38449628686246,0.18342564040641235,29.119212963598294,496.83624935776623,-820.8713215788032,433.4598231874223
2025-09-01 23:46:54.375750,-46.72439956070583,68.20488985120717,37.643833863167444,-43.86821066537055,-23.725236708236466,26.796229465986364,44.12210122094356,8.86814342875953,29.64731117849684,496.71139007394027,-821.6792535427334,437.65499861565314
2025-09-01 23:46:54.390625,-41.066558663622835,74.26791752537638,44.80154918396488,-38.01763457590899,-16.33853130716247,34.57100702438125,49.564658700618224,16.169685509745648,29.841776246287843,496.5560074453932,-822.6172227313708,443.2202537991712
2025-09-01 23:46:54.405500,-36.43630461396554,79.16793952693439,50.57679658215063,-33.54311485733126,-10.090585698831124,40.8811300801841,53.423206839227014,22.403525478597526,29.728153005042167,496.36082153108043,-823.6656918824538,449.62435854908
2025-09-01 23:46:54.420375,-32.51260088352605,83.21385643597912,55.47462325270161,-29.889290498608666,-4.496700246230395,46.222907519261426,56.358665975267726,27.8327949781978,29.366037300158723,496.1242678704997,-824.7614661004459,455.97100110950106
2025-09-01 23:46:54.435250,-29.12256583753693,86.43933620398899,59.635496669018984,-26.775930194031712,0.6451069987876173,50.75164249385244,58.59681029107647,32.38774737865609,28.825645235525812,495.8541133193463,-825.7959079016232,461.1421031640726
2025-09-01 23:46:54.465000,-26.401088092202084,88.39562561740442,62.59810533698566,-24.46958259254749,4.994542610997402,54.03766634590583,59.71122921875602,35.50190329117961,28.171896352041852,495.5640887546089,-826.6292155149637,464.0317354285717
2025-09-01 23:46:54.476125,-24.824896912635552,88.14477616075644,63.30391348096111,-23.82529597714838,7.640044093792162,55.060626332839675,58.671064379377306,36.155396199326674,27.45746327834467,495.26839556360846,-827.1140915467957,463.8316092742164
2025-09-01 23:46:54.487250,-25.07411005781707,84.509106860701,60.41315317747674,-26.025560903401217,7.369650210383141,52.51969713596029,54.18751772999589,33.1745630213948,26.72158861526821,494.9775301072406,-827.124604359364,460.28283038519163
2025-09-01 23:46:54.498375,-27.716527266450175,76.56007377312828,52.90014592947979,-32.04819346455702,3.2019189766653966,45.42254178884566,45.31005272929851,25.742811902861785,25.995917452888936,494.6973303601539,-826.5903663056798,453.76982179550697
2025-09-01 23:46:54.509500,-32.8486596834814,64.14405462253438,40.68131190405719,-42.09393571793691,-5.055236090320773,33.70099946438927,32.02918974670075,13.903198855426611,25.317366092810563,494.4292779805221,-825.5279155105633,445.16078049128765
2025-09-01 23:46:54.520625,-39.95331901713233,48.086673555611114,24.852870484638593,-55.36150347091941,-16.599169873746636,18.43724926254929,15.480796366969246,-1.2898526712073823,24.737787699078215,494.16870527014214,-824.0481319294643,435.47118539815534
2025-09-01 23:46:54.531750,-48.103009741639006,29.906294223901668,7.327488415071631,-70.35647620745308,-29.957833960456668,1.5039871795064144,-2.4355190786738525,-18.116375663195576,24.318664357224893,493.90345609534154,-822.3292695369826,425.58001441714856
2025-09-01 23:46:54.554000,-56.353281511661564,11.248415619808677,-9.88531696911373,-85.50581715935549,-43.60547954084841,-15.13308743943468,-19.770694402032113,-34.809811560743675,24.11371479934687,493.61784729085974,-820.5720032018968,416.1242667739012
2025-09-01 23:46:54.569750,-64.06873780883353,-6.61050076760893,-25.321935432063356,-99.68317794444116,-56.467569277255485,-30.03000502178939,-35.14456019910546,-50.083558278163636,24.15212706780157,493.30060835659106,-818.9596439182365,407.50810083018433
2025-09-01 23:46:54.585500,-71.0428108746749,-22.986069481654667,-38.36160247286379,-112.4111660352547,-68.09417349257947,-42.54391535275752,-48.00644236299133,-63.34662591246016,24.428856236201817,492.9527289167695,-817.6352296948568,399.9965869269543
2025-09-01 23:46:54.601250,-77.4309471568895,-37.748849688457845,-49.17125441880881,-123.77148561264849,-78.5468483021164,-52.77812898227313,-58.55231123480913,-74.62258286281165,24.900352892363422,492.59425393891775,-816.6980482443201,393.92094588269975
2025-09-01 23:46:54.617000,-83.5928203829352,-51.15780298003086,-58.4405364356433,-134.18545601732535,-88.16557912939925,-61.33024957740522,-67.47362254007547,-84.31181440858714,25.485300952139717,492.2683970586494,-816.2124116083435,389.855644275966
2025-09-01 23:46:54.632750,-89.89645473965341,-63.62904415024804,-67.00762772594989,-144.13759772019293,-97.30106065354775,-68.93470195485732,-75.6408320608895,-92.88942634805943,26.074430481700016,492.0369801848535,-816.2126151983636,388.5582023194043
2025-09-01 23:46:54.648500,-96.49326766243283,-75.43672380690056,-75.42733069394608,-153.8413780211759,-106.02139130963491,-76.0492540379399,-83.70430332305112,-100.58635743692518,26.55087919788006,491.9642095829745,-816.695264922345,390.7060151338847
2025-09-01 23:46:54.680000,-103.12586407095098,-86.42509750817688,-83.61373321477976,-162.9482193562029,-113.87649975852399,-82.52454742200209,-91.67985586017461,-107.15696907928091,26.815018548496994,492.0955611833797,-817.607672009574,396.64721335346536
2025-09-01 23:46:54.694375,-109.07224652740693,-95.87733484930996,-90.73137185777081,-170.4719145872764,-119.8579822765103,-87.52906685510042,-98.74886984428164,-111.84560045930384,26.803754734480062,492.44193432269935,-818.845405014069,406.2635794527576
2025-09-01 23:46:54.708750,-113.30025037319926,-102.66215609058958,-95.43888346518423,-175.03722644547454,-122.64606204490269,-89.81383530379549,-103.48172907083546,-113.61722070096536,26.4967950026786,492.9750640850059,-820.2607037139801,418.9097533351658
2025-09-01 23:46:54.723125,-114.84234464414357,-105.70623533044169,-96.47726573667313,-175.43772938905224,-121.14535697821609,-88.28654928093873,-104.47833666714462,-111.65109606343272,25.912370531290936,493.63530870550903,-821.6769582198035,433.4414441073755
2025-09-01 23:46:54.737500,-113.24835408331113,-104.6052008001416,-93.35817960788881,-171.2639374046038,-115.09269950814351,-82.65156222328018,-101.11201118824839,-105.88912708562383,25.102720124434782,494.34747002346444,-822.9096189353482,448.3541106301746
2025-09-01 23:46:54.751875,-108.82221700553177,-99.94109710152534,-86.69201497968717,-163.18439037192525,-105.31762171636234,-73.68447693308413,-93.89510247342903,-97.24082639868837,24.151328392296882,495.0370280199104,-823.7948611681958,461.95159484998095
2025-09-01 23:46:54.766250,-102.4678200359014,-93.04911684152327,-77.90893864116788,-152.66744168674052,-93.43597406274637,-62.922516116069716,-84.25137606296119,-87.2484923587383,23.164512460813604,495.64194224966286,-824.2199714663724,472.5269733346059
2025-09-01 23:46:54.795000,-95.27696748461146,-85.43437615528293,-68.61004615680038,-141.36421339160904,-81.20660400199623,-52.01112590461444,-73.92717915371249,-77.45693522172053,22.255100327215786,496.11971427851313,-824.1441917757127,478.6699854724275
2025-09-01 23:46:54.806125,-88.13352645129041,-78.22924466095525,-59.9770454935508,-130.54624851376292,-69.95495920453882,-42.12645858813518,-64.3887666251099,-68.90920718635704,21.521306796917607,496.45076979316536,-823.5999212652952,479.651824835823
2025-09-01 23:46:54.817250,-81.51235212692536,-71.93376561187272,-52.4977237907856,-120.840836845233,-60.307434679409816,-33.726223088239486,-56.422886027723706,-61.9881019606707,21.026202925533976,496.6365890180065,-822.6754922210284,475.6283511957525
2025-09-01 23:46:54.828375,-75.48666918222152,-66.47114863176793,-46.0125816087071,-112.27630564233566,-52.24820540117541,-26.62594834904833,-50.04512824863601,-56.52577851247798,20.789535498020324,496.6900979007461,-821.4947010275555,467.5229449787965
2025-09-01 23:46:54.839500,-69.86018729010647,-61.450584386039225,-39.952747934939076,-104.51194341328136,-45.36670620107818,-20.255158004461098,-44.6948658974893,-52.020164247014165,20.798911610860795,496.6230441331676,-820.2036115138832,456.70279087502496
2025-09-01 23:46:54.850625,-64.35978529758866,-56.503039690886084,-33.68202780856925,-97.14495819497762,-39.1748126316725,-13.997063595486443,-39.61531913191134,-47.918687279621075,21.029190062715795,496.44092030851755,-818.9587496922386,444.67985894269924
2025-09-01 23:46:54.861750,-58.85772255067189,-51.594844079450425,-26.89868822733806,-90.03706823481978,-33.432343059828405,-7.569149390833323,-34.31508445574172,-43.95422222022667,21.45456638089993,496.1489220305211,-817.9089596506143,432.9633970130249
2025-09-01 23:46:54.884000,-53.55200713688825,-47.22716414949117,-19.960853805984907,-83.56399843940534,-28.392470066528983,-1.323186172793289,-28.951952110041212,-40.401946357577344,22.051812731078993,495.76177136177256,-817.1739902200794,422.98811679828106
2025-09-01 23:46:54.899000,-49.01393870443695,-44.43287100777668,-13.956428857679482,-78.6628653534682,-24.851809861040252,3.6934955039215582,-24.442324888295342,-38.10960685130741,22.801208256264296,495.30860549831243,-816.8305045199269,416.00927644523955
2025-09-01 23:46:54.914000,-46.072512587391856,-44.551979895728216,-10.457592991045663,-76.62462722202476,-23.959545322888037,5.978121618802394,-22.219983485436725,-38.27023032931311,23.68688111037112,494.8283343057144,-816.9146182703912,412.9400050815041
2025-09-01 23:46:54.929000,-45.584749148221725,-48.870463707676436,-11.066737265626418,-78.70656777664779,-26.860045571239652,4.026010420100297,-23.76754443200589,-42.0361503802981,24.693121321489027,494.35596312844086,-817.434527923223,414.160990229171
2025-09-01 23:46:54.944000,-48.17909432890289,-58.257813683955575,-16.941755664748836,-85.7233264310269,-34.31308655342281,-3.191936860015162,-30.136007953074024,-50.13223383856483,25.795109735634853,493.9067849778673,-818.3734903040695,419.3903298192543
2025-09-01 23:46:54.959000,-54.03123825717331,-72.87401658410998,-28.42293583541225,-97.72723255519038,-46.38369366267331,-15.860510149012871,-41.57662307171827,-62.56674965976477,26.94852439036843,493.4675861397156,-819.6789791181454,427.6957454568665
2025-09-01 23:46:54.974000,-62.699230672025735,-91.95315636122783,-44.79889423089062,-113.81022555245738,-62.23015131007565,-33.09755539297751,-57.31299066781006,-78.47183712573909,28.08478829670715,492.99889968314756,-821.2556503045726,437.662182576333
2025-09-01 23:46:55.004000,-73.06812745775527,-113.72493663353454,-64.26717406567141,-132.07750157505401,-80.05553535746115,-52.937171711558065,-75.51555594048234,-96.11803554484217,29.115116393806478,492.4472525411368,-822.9740102691362,447.6892658361815
2025-09-01 23:46:55.015250,-83.46482819040897,-135.5795966397371,-84.15106563750633,-149.86166398924092,-97.30858432917876,-72.58787262602735,-93.54975018022374,-113.13705607830013,29.943010250145495,491.76344206098133,-824.6895970082678,456.32618594507886
2025-09-01 23:46:55.026500,-91.94759120991856,-154.50487778387844,-101.35773077926534,-164.17724807606984,-111.13513250605712,-88.94074482759832,-108.4678227470545,-126.93049469880896,30.482830684175745,490.919939222602,-826.2621572339154,462.4997733492274
2025-09-01 23:46:55.037750,-96.69421639341957,-167.68565047599816,-112.97221988566166,-172.3064180475928,-118.95520141422963,-99.19333687297481,-117.61054532347947,-135.1777191114326,30.67729060547193,489.9212704469861,-827.571351293158,465.59544327342365
2025-09-01 23:46:55.049000,-96.37459177509142,-173.0792204010686,-116.83137272479456,-172.3490658108784,-118.98648094778609,-101.40978230816306,-119.15988878373399,-136.30276410604975,30.50483442730206,488.8062706846084,-828.533526702775,465.4741510969937
2025-09-01 23:46:55.060250,-90.43609257543439,-169.84220991168664,-111.964437762675,-163.63236181836706,-110.62052033289501,-94.91192560609733,-112.55122512696845,-129.80360803395945,29.976486485561455,487.6446479394862,-829.1194615997609,462.4650565810153
2025-09-01 23:46:55.071500,-79.27904677262953,-158.5682891549782,-98.8614950002831,-146.9474793785658,-94.64106427181433,-80.49227511337578,-98.69389185411487,-116.43270022468216,29.129632193558553,486.52799812677074,-829.3626390424731,457.2912467192537
2025-09-01 23:46:55.094000,-64.28034221250074,-141.28135001054721,-79.51531810557167,-124.55005858830832,-73.22873773624816,-60.4097582968991,-79.8985990319757,-98.19754687989898,28.023244276150244,485.5523344340515,-829.348505882802,450.91710434507655
2025-09-01 23:46:55.101625,-47.61178431929329,-121.1303220205524,-57.15347671729568,-99.84772229373011,-49.66706635290039,-38.080792505344206,-59.453527112731955,-78.09529330385836,26.734349334298035,484.7946101319937,-829.1874621525095,444.3645671086745
2025-09-01 23:46:55.109250,-31.83471087652596,-101.78667880758474,-35.62189082530599,-76.76122073022711,-27.72499657863436,-17.42694073506613,-40.92933679079087,-59.53014303655938,25.355725425569524,484.2938061419046,-828.9842655515179,438.5474743738594
2025-09-01 23:46:55.116875,-19.301270798358413,-86.59689944043929,-18.474559971243046,-58.819087449064746,-10.776454442834773,-1.9480193378949269,-27.34174365518504,-45.48561977074656,23.99511895244374,484.0457070539177,-828.8141918983818,434.15179394681996
2025-09-01 23:46:55.124500,-11.526721411079205,-77.71820393574116,-8.036800994650624,-48.23698721688464,-0.9139967142107477,6.197228293259404,-20.389003448074956,-37.72936972978403,22.773495003011945,484.01140569993026,-828.7106372086841,431.5561834446383
2025-09-01 23:46:55.132125,-8.84882349090366,-75.67415238887472,-4.910693123498404,-45.446977396905105,1.489049524839466,6.639803341774062,-20.132165339808296,-36.45960363794601,21.817940900997637,484.13191731075943,-828.668771114536,430.76986476029225
2025-09-01 23:46:55.139750,-10.571897673587753,-79.58504997201095,-8.189886380873972,-49.34622525044713,-2.4840898900408375,0.5377314910066191,-25.314464418302528,-40.57906858065949,21.247242792206784,484.3405420603062,-828.6621676735465,431.4419500297884
2025-09-01 23:46:55.155000,-15.455358339623544,-87.85108919005816,-16.164076995359707,-58.0332740316408,-11.021207780503897,-10.15880495839337,-34.08464853095232,-48.364066973116294,21.153046343244487,484.57000938704135,-828.6553417138664,433.01778631421035
2025-09-01 23:46:55.166125,-22.236850753026456,-98.85183489010116,-27.062228155767656,-69.57536732910708,-22.32081871565174,-23.46509552835429,-44.70746407964209,-58.1300144958943,21.58204862731623,484.75716020521526,-828.6028262574893,434.9385837085238
2025-09-01 23:46:55.177250,-29.9755570550752,-111.3701300891179,-39.517695787592636,-82.49539247115302,-35.04082617990352,-37.83290642377474,-55.98288383960928,-68.62918269957463,22.52209270081535,484.84742822005376,-828.4490341795567,436.73550508913723
2025-09-01 23:46:55.188375,-38.166600991258804,-124.67241444692249,-52.685548381896204,-95.89869421367776,-48.39560520755357,-52.26963399770534,-67.3126054616329,-79.13267090718503,23.894089352492855,484.7957383433228,-828.1443558454021,438.0631831756594
2025-09-01 23:46:55.199500,-46.67114182803032,-138.33890617313904,-66.11374648206132,-109.32999976559489,-62.00545839147776,-66.2104898229886,-78.51731833877278,-89.29964447728696,25.555256517985566,484.5624466158853,-827.6713087535154,438.74953459301224
2025-09-01 23:46:55.210625,-55.5113167745757,-151.98364234949094,-79.48552741801971,-122.4910196249245,-75.61803297854966,-79.26346845865855,-89.53515274776869,-98.94292913616817,27.317910697071827,484.112592688226,-827.0638048363983,438.81193491596474
2025-09-01 23:46:55.221750,-64.58726940876157,-164.97125919811126,-92.31244952489907,-134.91711866567766,-88.78320807653792,-90.9107439312867,-100.09060834288051,-107.75666838979473,28.981439366804217,483.4245950507256,-826.4112516358296,438.3882261403872
2025-09-01 23:46:55.244000,-73.43466788619101,-176.2343919024998,-103.69407673103026,-145.73264785596066,-100.60184611556423,-100.2819841856208,-109.44792530223954,-115.10225543269193,30.37007025850948,482.5015575847585,-825.8473836551723,437.63325637593704
2025-09-01 23:46:55.251750,-81.15393649284287,-184.29534201194554,-112.2794141288986,-153.61671586968794,-109.69028809326575,-106.12523115612171,-116.37527701678465,-119.96650625977738,31.36464371530629,481.3758405404513,-825.5235987351132,436.68434910125217
2025-09-01 23:46:55.259500,-86.55641366163914,-187.51957652828042,-116.47649884125946,-157.02030621291436,-114.40894661231852,-107.01727625439662,-119.36220602743855,-121.1357344094083,31.91623345391239,480.1050207339796,-825.5691790948129,435.7069579258212
2025-09-01 23:46:55.267250,-88.45870890743736,-184.5034705144203,-114.82873947576454,-154.53992017413808,-113.25870210349572,-101.7369906453616,-117.00701480524495,-117.52031561697571,32.04050185580071,478.75938275465575,-826.0509298444292,434.88352979528514
2025-09-01 23:46:55.275000,-85.9954688405915,-174.43362105027967,-106.4156040387315,-145.29686176709234,-105.27979122855508,-89.65799947696033,-108.42334065512763,-108.49807916454105,31.803165254538015,477.4014392987031,-826.9508310487861,434.2673679771115
2025-09-01 23:46:55.282750,-78.85986217486885,-157.33719379458375,-91.19191936718725,-129.2490573358749,-90.36533446174282,-71.06050372097282,-93.57682908010416,-94.19190108134505,31.304150558086306,476.066871770924,-828.1722530862653,433.65959393610484
2025-09-01 23:46:55.290500,-67.4528494995966,-134.24256778251842,-70.23257105403795,-107.42112400864691,-69.47881319087602,-47.318656039236025,-73.52318236867369,-75.65348170939214,30.659085134844215,474.7621738083274,-829.5694775078057,432.68528072909913
2025-09-01 23:46:55.306000,-52.928996557371875,-107.22662571332792,-45.79035103975512,-81.9707776011938,-44.715266454783524,-20.890212816477415,-50.45548687714138,-54.88000612349948,29.977388559092695,473.48235093635265,-830.9821596307847,431.0014674859827
2025-09-01 23:46:55.317250,-37.10421956997461,-79.25625228226473,-21.05228247147122,-55.98274438119352,-19.110263272870196,4.9676433290465285,-27.44581900541208,-34.57578729505237,29.344353680273493,472.23274148036984,-832.2578747368259,428.46571272605485
2025-09-01 23:46:55.328500,-22.175293109549546,-53.74462177548582,0.4358507375787119,-32.95010199295604,3.8571531801841914,26.7693624251984,-7.860305155394244,-17.646523666291078,28.816659410619366,471.0365598842549,-833.2659790386941,425.2102642664773
2025-09-01 23:46:55.339750,-10.207188108297109,-33.8059911082931,15.607663156170545,-15.974286500239815,21.054126563960203,41.6019036142927,5.467242212053057,-6.497214654884389,28.43395852809611,469.9270788534864,-833.9169220405909,421.63676902180947
2025-09-01 23:46:55.351000,-2.5092590605087173,-21.408115712341065,22.719505608084194,-6.9071192524286635,30.55318450791257,47.91625670552599,11.040651271005514,-2.3569005009653443,28.238452234624727,468.9352621245303,-834.1845534860461,418.33008112243516
2025-09-01 23:46:55.362250,0.7425845933388823,-16.88346307220628,21.757046107544824,-5.894464451490202,32.098890048751855,45.88521067103061,9.058577998581708,-4.992268853676649,28.285537934078764,468.078812149633,-834.1134246365481,415.90495460364997
2025-09-01 23:46:55.373500,0.37587103808559796,-19.11127340692491,14.161059876602842,-11.612791034540997,26.895035159562205,37.0975218808992,1.0979231488717605,-12.992831467541773,28.63479828361641,467.3539021343569,-833.804203774891,414.81973807786636
2025-09-01 23:46:55.396000,-2.286385421507375,-26.18751487747034,2.091720713190626,-21.987618113449237,16.914753036403912,23.81144742866541,-10.644060640344787,-24.421135764929083,29.32954961249462,466.7334789539251,-833.3916775588398,415.1955271952664
2025-09-01 23:46:55.403375,-5.9735241698745325,-36.15040326501973,-12.3392817508035,-34.94241255823021,4.16536907656409,8.194767724031827,-24.107380092519836,-37.45681452724077,30.380447333879115,466.1757118709057,-833.0276369991898,416.7139465768419
2025-09-01 23:46:55.410750,-9.81688985851782,-47.461559547814375,-27.563680040196868,-48.87773266459992,-9.792089643149941,-8.146800294243135,-37.82505804431722,-50.78974702475073,31.757599450844506,465.63885796400825,-832.8595068387091,418.6879178714549
2025-09-01 23:46:55.418125,-13.444721911247136,-59.16992056305597,-42.694870334155205,-62.818340320934716,-23.99068614093444,-24.28148221303997,-51.024698063649055,-63.713314533828054,33.385859755739254,465.09493505446954,-832.9972852089014,420.31975118428664
2025-09-01 23:46:55.425500,-16.87901819202771,-70.82946842603836,-57.393314744256784,-76.30780249036799,-37.951346009639174,-39.80333523980987,-63.48967478697785,-75.99187432047911,35.142545925078956,464.54019274670105,-833.4855053821271,421.03743790459663
2025-09-01 23:46:55.432875,-20.31605505050568,-82.26165614136926,-71.57367996640401,-89.14496328775917,-51.42957961593067,-54.537977738574234,-75.2901485603822,-87.58782231346211,36.86604906179348,464.00182715109514,-834.3000100828008,420.7480856880973
2025-09-01 23:46:55.440250,-23.860903266378344,-93.23250479409485,-85.04123123368387,-101.04285316649344,-64.09211194607389,-68.18546511823607,-86.43719329444748,-98.32473247702872,38.38173286149421,463.5342747811804,-835.3668462839249,419.84729705904357
2025-09-01 23:46:55.455000,-27.29632861907224,-103.15640354480024,-97.18426297861694,-111.33843490613091,-75.23560727391852,-80.03553779936455,-96.54408921618354,-107.6191145040746,39.53829832133219,463.20179157260435,-836.5841714364343,418.938310907505
2025-09-01 23:46:55.466250,-29.986929977241097,-110.97375026375516,-106.86825370872054,-118.89627675510215,-83.69281423136414,-88.90003253542139,-104.63541261238231,-114.42543470864042,40.23857045143055,463.0553954785405,-837.8364789278714,418.4698667096182
2025-09-01 23:46:55.477500,-31.003662799945115,-115.31502971173663,-112.62899779513658,-122.30236254664413,-88.03279093149105,-93.34289729863953,-109.26988899045492,-117.46220140647566,40.45480133383514,463.11363111875164,-839.0090304662807,418.56762362554815
2025-09-01 23:46:55.488750,-29.483162680886423,-114.98599719312945,-113.19170050404202,-120.38171437241449,-87.08016717329919,-92.21609215563453,-109.07391869884775,-115.69818960221836,40.23169604853649,463.34955435515946,-840.0095907673965,419.07930448301437
2025-09-01 23:46:55.500000,-25.081457219907954,-109.59412894984158,-108.12611715864838,-112.85310954694133,-80.55740489003847,-85.29486439542889,-103.47404641178191,-108.90498002510722,39.68185616920763,463.68588766004586,-840.7899854385162,419.6554163907786
2025-09-01 23:46:55.511250,-18.223655851719446,-99.88490286641688,-98.19430279239081,-100.66183919515892,-69.4039300369355,-73.5713296883792,-93.12314498640944,-97.90354186564778,38.96941379829678,464.0047046422697,-841.3557895306369,419.8057204067491
2025-09-01 23:46:55.522500,-9.94705888966125,-87.49063665788269,-85.1038058062855,-85.68654854292882,-55.48406907551749,-58.949005014465456,-79.72468564401515,-84.29077460823031,38.27759581033053,464.1728533210367,-841.7572891181073,419.04328139052024
2025-09-01 23:46:55.545000,-1.4540561629574527,-74.26854491993969,-70.85160222960367,-70.02451406709139,-40.88435246220559,-43.55240680033405,-65.42349103350209,-69.84002840345248,37.768344608396795,464.07306950428017,-842.0641692219494,417.1283374594587
2025-09-01 23:46:55.556250,6.335218556314551,-61.66218683353742,-57.06509827591235,-55.30881178218007,-27.23888804772397,-29.06563007609341,-52.08626782326,-55.94833465952231,37.54968589923345,463.6293038805958,-842.3375392162641,414.23188839718256
2025-09-01 23:46:55.567500,13.020335605593996,-50.38059064176669,-44.615082158301526,-42.35237889844313,-15.373510344508752,-16.36648404636343,-40.750334532384926,-43.354642974752984,37.6610868761085,462.8202620300899,-842.6137393310894,410.87921954441305
2025-09-01 23:46:55.578750,18.70432198386601,-40.41859746458137,-33.56740146574345,-31.15078808112339,-5.309288429875534,-5.5039885970942235,-31.45426091956442,-32.144174561114085,38.07980510366886,461.6767315052667,-842.9057560165753,407.7342504233032
2025-09-01 23:46:55.590000,23.806049102125915,-31.291483646558127,-23.405269507827303,-21.128537921633935,3.487323138224483,4.066845281883507,-23.469438214466603,-21.954664504252552,38.745453649541346,460.2636024409343,-843.2185114689262,405.373781193096
2025-09-01 23:46:55.601250,28.794265507467728,-22.387036786227124,-13.427860938873486,-11.529013790595835,11.718330132411552,13.089693624815732,-15.784884694937896,-12.307130196092965,39.589369659226485,458.6600177476963,-843.5641602726414,404.12691651174333
2025-09-01 23:46:55.612500,33.89471116321689,-13.378927467021008,-3.2260964411121607,-1.8773756059200601,19.80761655167056,22.04089586110992,-7.6755358341248785,-2.9852976767924626,40.55249148277856,456.95044166590685,-843.9623811133711,403.9967272292004
2025-09-01 23:46:55.635000,38.85841978873832,-4.564589746174643,6.935316323667964,7.634442432154822,27.534233167581736,30.752943148361776,0.8462093567353346,5.67422561415757,41.58902709808143,455.2232161116748,-844.4270269595233,404.70050469064887
2025-09-01 23:46:55.646375,42.916816539814164,3.047054279810839,16.014120251096088,16.0312778312285,33.924495962752374,38.30836664386873,8.891840991447369,12.73072722490113,42.66405381183146,453.56774933583915,-844.954848985805,405.8520962513381
2025-09-01 23:46:55.657750,44.963218791072165,7.939471148454837,22.41473234051707,21.772576760107295,37.467068254064024,43.260304513955056,14.920842729698096,16.864325633073744,43.75069804001871,452.0658190734376,-845.5267128489362,407.20271286374424
2025-09-01 23:46:55.669125,43.86611711061446,8.465762299199618,24.425038129974663,23.191031747383807,36.543413464209515,44.06407412962288,17.197144463819015,16.766735318585084,44.82550746391008,450.77097068140205,-846.1188600914121,408.7574457221072
2025-09-01 23:46:55.680500,38.7789402323713,3.255128137048087,20.687737754632323,18.968662522393526,29.8956629535715,39.5312319493522,14.28272888612702,11.533220457662088,45.85794398666461,449.6818930223021,-846.7135669159213,410.6773393503782
2025-09-01 23:46:55.691875,29.387670997149037,-8.407555881760615,10.599473194063544,8.5483460763328,17.03142026785944,29.200922294453548,5.457080079977492,0.9707966963167854,46.79766820879616,448.7370850010186,-847.2986154917448,413.0936889548564
2025-09-01 23:46:55.703250,16.100469398403604,-26.246924862268138,-5.387578947940321,-7.548007205188139,-1.464287881357328,13.611940115859182,-8.9627296795464,-14.186058750613663,47.57191505649694,447.84394186240206,-847.8568552186789,416.0147108091117
2025-09-01 23:46:55.726000,0.14002438326253316,-48.80180079034231,-25.622426792028907,-27.57621784154645,-23.793288257360587,-5.5817793183432025,-27.46682428065529,-32.204006559677666,48.098364329423426,446.9199192348981,-848.3575949743436,419.336925936666
2025-09-01 23:46:55.740750,-16.544802491013122,-73.50273850437564,-47.37945800507673,-48.71973885672397,-47.10094004837932,-25.749383030633624,-47.473566108072966,-50.51808173607571,48.30567670773603,445.91936953745744,-848.7576857270465,422.83357348651936
2025-09-01 23:46:55.755500,-31.582536740627162,-97.06531273638318,-67.2910339402815,-67.56158077494624,-67.94834158026634,-43.700199689608944,-65.7644896190498,-66.16396916161973,48.15282747593931,444.83784301911993,-849.0117133832498,426.0957356330776
2025-09-01 23:46:55.770250,-42.63859366790607,-116.10688483018899,-81.99394493322369,-80.76832372054093,-82.98980774736391,-56.284278781268306,-79.12910013363204,-76.37667103903614,47.64374918175633,443.6963156074853,-849.0860040308282,428.57125967833764
2025-09-01 23:46:55.785000,-47.90283712608772,-127.8127837923983,-88.80011265979456,-85.78251397458136,-89.66042216709282,-61.00605262454666,-85.02370167429733,-79.16916615418072,46.83070720477479,442.5168517725812,-848.9686111699175,429.7535531974784
2025-09-01 23:46:55.799750,-46.47712422527551,-130.49541400447563,-86.22959548980317,-81.34158972537227,-86.70165322390449,-56.527875023039336,-82.09144480590402,-73.74469949174056,45.798926260198016,441.3080410705799,-848.6698778867272,429.38092827665247
2025-09-01 23:46:55.814500,-38.58594680251647,-123.9549492130627,-74.34293982673482,-67.74961006949685,-74.44404322829885,-43.02280901663374,-70.48117012953442,-60.711612899787625,44.64091551480581,440.0677327328937,-848.2152084544133,427.5387416262677
2025-09-01 23:46:55.844000,-25.576737115720807,-109.58055169154756,-54.83511738855507,-46.88929945259205,-54.80948092359568,-22.30733963512778,-51.91433804036619,-42.092522161985215,43.43846364531696,438.79477977621195,-847.6348166033887,424.6429139249015
2025-09-01 23:46:55.851500,-9.708140507398976,-90.14819696909325,-30.830774875585217,-21.95756342174404,-31.014123555034622,2.3565370414229885,-29.448528334760777,-21.075973401509874,42.256663589562635,437.500750497331,-846.9538828945475,421.27297206767054
2025-09-01 23:46:55.859000,6.26174222357094,-69.29405031123777,-6.331329748278583,3.1042084649060007,-6.975875997640749,26.852962486547398,-6.912154864266671,-1.4611723557228993,41.14412739780266,436.21633373173495,-846.1882831247761,417.90982178271116
2025-09-01 23:46:55.866500,19.678099527360764,-50.678161659116164,14.688035140622539,24.491127725259396,13.554401406676293,47.16739754444995,11.98034913647242,13.18784661965848,40.13857125416231,434.98678942610877,-845.3539872802656,414.76569854082237
2025-09-01 23:46:55.874000,28.660803302539293,-37.03950944305,29.316546809666374,39.52223763796284,27.93959249501181,60.444672274142306,24.61658003346668,20.45641236446844,39.27745896621088,433.8583390103126,-844.4922424449954,411.80673195977425
2025-09-01 23:46:55.881500,32.52543117409835,-29.594075644006413,36.3745510721188,47.23818066054649,35.21561587038352,65.63322658624801,30.081338321924797,19.619114497833834,38.60586951468627,432.86733538807243,-843.6944406399895,408.87946093982083
2025-09-01 23:46:55.889000,31.70381337590207,-28.10629362738341,36.3376416387208,48.25569197425577,35.94006511392724,63.371690723260826,29.02167641281945,11.521037061335187,38.17351497494679,432.03839171347227,-843.0993601262868,405.82728922156895
2025-09-01 23:46:55.904000,27.272556429926624,-31.483303576661925,30.680924033567962,44.07171676741212,31.521180659991128,55.303200559100056,22.97584638438262,-2.0393936213774917,38.02161625338097,431.3866287970864,-842.8554024991072,402.5611813174949
2025-09-01 23:46:55.915375,20.41763934228714,-38.45591922927164,21.10523899459965,36.303785877129236,23.487280134678244,43.28949731426372,13.620470504716264,-19.036284608836464,38.16664422082922,430.9185809047636,-843.0714891174717,399.0877220186838
2025-09-01 23:46:55.926750,12.084962687344323,-48.021403738149125,8.992204940151513,26.201646349383,13.017512328805037,28.873594925732792,2.2539912290504365,-37.739010446985056,38.590260351222,430.6286707248105,-843.7837185615016,395.51209843994644
2025-09-01 23:46:55.938125,2.893677545076979,-59.574486736696336,-4.800709820414959,14.49781228909566,0.806478170568433,13.08053700248909,-10.385686454971891,-56.91060638668232,39.244506545443116,430.4902367458376,-844.9464255313409,392.0506362742629
2025-09-01 23:46:55.949500,-6.759782501558892,-72.82055581958791,-19.858974363041746,1.5085758814849164,-12.824313520483381,-3.5216571604442275,-24.023879183028974,-75.7421016364809,40.07089382849328,430.4475324785209,-846.4432978885835,389.062469802361
2025-09-01 23:46:55.960875,-16.550955775864114,-87.56718957618371,-35.93357006864401,-12.609368359060566,-27.673476503806437,-20.577857162163856,-38.56152643472373,-93.63480052846238,41.01895434885056,430.4191766232175,-848.1130684285047,387.030255929853
2025-09-01 23:46:55.972250,-26.094655471992816,-103.42298292688294,-52.547118721920185,-27.506742172625568,-43.32998819092146,-37.57233786253342,-53.67333553836453,-109.9062827249088,42.05215409539898,430.3148104705383,-849.784292293831,386.3937994022327
2025-09-01 23:46:55.995000,-34.80155547567093,-119.48083079979781,-68.63964302945786,-42.3114716611718,-58.86225644663153,-53.48279830995477,-68.44544096751159,-123.53522314536548,43.14220607896981,430.0558832852047,-851.3070634293467,387.2860682458634
2025-09-01 23:46:56.002625,-41.76628519833308,-134.16893765017585,-82.4704975908281,-55.49666015167732,-72.68190992743996,-66.68495267496944,-81.26778045088945,-133.11179715109515,44.26147417723284,429.5908637737208,-852.5678958379432,389.4064905373669
2025-09-01 23:46:56.010250,-45.83187559718756,-145.4406815987722,-91.91433454457622,-65.08459000999567,-82.74657341862115,-75.23500266987344,-90.1150140438053,-137.10569107378072,45.383108747902554,428.901623984643,-853.4907523730266,392.17295796587047
2025-09-01 23:46:56.017875,-45.92266899409334,-151.35189574192484,-95.14260278476608,-69.23429064653344,-87.17837888698531,-77.5158725011645,-93.2066132539048,-134.43027390468572,46.49034713156959,428.00330554084206,-854.0391467241597,395.009786518933
2025-09-01 23:46:56.025500,-41.53012427427335,-150.82790639840505,-91.43846898174408,-67.0219838711282,-85.07864001084042,-73.00415972081741,-89.79761469420689,-125.05674730716967,47.58557294703331,426.9406062136924,-854.2197376627897,397.560309515598
2025-09-01 23:46:56.033125,-33.03109620879914,-144.15373569780309,-81.63482810580201,-58.929345391294376,-77.01282401519923,-62.658782317452385,-80.60432069450195,-110.25675734704014,48.68725466456809,425.7806039512101,-854.0778162920567,399.74022370926997
2025-09-01 23:46:56.040750,-21.584714863795483,-132.8470800705438,-67.82367070515781,-46.67827333418577,-64.81028301724396,-48.603712391406404,-67.53844639587065,-92.25037420526837,49.81317837663175,424.60188652457026,-853.6858823267523,401.67186278428045
2025-09-01 23:46:56.056000,-8.686681648241066,-119.05466922993232,-52.53321881190301,-32.55254816162042,-50.8493121161801,-33.329075116464004,-52.94327874819306,-73.47287493334304,50.962026467215274,423.48273152394125,-853.1324013592982,403.62698393315355
2025-09-01 23:46:56.067250,4.319531416111104,-104.8542224237899,-37.87776899784825,-18.62337635359929,-37.262578586404736,-18.899774935209297,-38.793358002725356,-55.86160948161867,52.10685283033173,422.4912296104443,-852.5121820144793,406.0227957272776
2025-09-01 23:46:56.078500,16.563756871553295,-91.72172109357878,-25.0382230704403,-6.192208597732385,-25.37605773568911,-6.481169490105679,-26.189235145581993,-40.43412983258913,53.20255325417374,421.676590197574,-851.913492492226,409.33877122861855
2025-09-01 23:46:56.089750,27.773901436497333,-80.27707348503364,-14.16201112860774,4.4232727056481425,-15.498637482971931,3.7529348285623,-15.254396134439535,-27.23445177319666,54.199269342662255,421.06086231700885,-851.4020703919906,413.8993761784305
2025-09-01 23:46:56.101000,38.22228832750434,-70.34958344926035,-4.606224820743787,13.754752046503246,-7.066414686745677,12.39361161547508,-5.379387832905357,-15.584969767294643,55.052576088972266,420.6348074311511,-851.0133309761688,419.7037971884898
2025-09-01 23:46:56.112250,48.4845934624968,-61.32211304962868,4.602993570262931,22.759512308919675,0.918456501569485,20.355073342897413,4.3171898157763815,-4.524696673928102,55.727118385176425,420.3617222432987,-850.7562714464241,426.45182470377887
2025-09-01 23:46:56.123500,59.05592494371802,-52.622021632184314,14.215628381390166,32.22948358881868,9.295659145700924,28.333918807077012,14.451013244361453,6.682612185955235,56.197194963006666,420.1878426866001,-850.6196140442122,433.66022857758895
2025-09-01 23:46:56.146000,69.98431059741195,-44.167426081685505,24.26598190301503,42.26299659683224,18.23600494171664,36.3449618707316,24.926988242792874,18.115231262061602,56.44906247399561,420.0549756837206,-850.5783979615782,440.70260667484496
2025-09-01 23:46:56.153375,80.7114505220573,-36.592973552823764,33.8519448468766,52.05631168888677,27.03518401000144,43.54152759328161,34.77068688832806,29.013519921926314,56.485097812293446,419.91201283111843,-850.6053773531108,446.8080459412377
2025-09-01 23:46:56.160750,90.20496513777114,-31.158265256000917,41.33779680251677,60.13010416573741,34.306735643098456,48.44263084627951,42.35323715852437,37.98345447986195,56.32582791836924,419.7249833380324,-850.6823741433911,451.1728522314973
2025-09-01 23:46:56.168125,97.34890372182981,-29.314264454672372,44.99429316295416,64.94130419677566,38.54593059081466,49.55562044928635,46.026428864121115,43.59115519181223,56.00648149695192,419.4861321848696,-850.8042766956212,453.1995675809192
2025-09-01 23:46:56.175500,101.44718736577197,-32.061474569538134,43.83793213361104,65.64258688679367,38.856849975091905,46.159208927909226,44.94824627856798,45.110961631567186,55.56828446688412,419.21788692047187,-850.9750661319257,452.7019576714484
2025-09-01 23:46:56.182875,102.5545334173662,-39.48569252080584,38.15193050525362,62.53837438771819,35.41282318990372,38.7590490428895,39.56133716934911,42.94254840840018,55.04822198673057,418.96507169955066,-851.1963364528262,449.9142136795302
2025-09-01 23:46:56.190250,101.40602906316026,-50.81609914945949,29.317335608570133,56.913804730780235,29.325757202375478,28.873809811418234,31.336680940157972,38.391514551163155,54.47239723236348,418.77715095079793,-851.452217083639,445.3010366842221
2025-09-01 23:46:56.205000,99.03043170110033,-64.92066295021256,19.13502107559285,50.39457318608343,22.05418795929295,18.33519943749033,22.01688494868665,33.024155745232775,53.85505162576905,418.6926192839185,-851.7040035601649,439.3561255406649
2025-09-01 23:46:56.216250,96.3248181497475,-80.8478234910985,9.111918008974849,44.270816193202016,14.761400061320629,8.572285231376362,12.900500893882525,28.0339677704551,53.200920943907214,418.7332508036002,-851.9005353093439,432.576182033364
2025-09-01 23:46:56.227500,93.75421611397313,-98.11792506394244,0.023132371212616618,39.0951434481492,7.93339355689899,0.19899471485983417,4.469417219095624,23.892723198150247,52.508041994873324,418.9028665832494,-851.992782131856,425.558114465272
2025-09-01 23:46:56.238750,91.18344175255699,-116.71616242958581,-8.180642226983839,34.63386066549492,1.3412758680888512,-7.035778105710068,-3.6432035849668822,20.348192287902236,51.76667984683529,419.1853283594104,-851.9477859139541,419.03052126130143
2025-09-01 23:46:56.250000,87.86032291726144,-136.8888233825813,-16.177954052396494,30.10292973526943,-5.721247613119112,-14.014685377287952,-12.424938914334517,16.685631579543358,50.95061523507376,419.54641642108413,-851.7685135490206,413.7588329173312
2025-09-01 23:46:56.261250,82.62762270194928,-158.84999899774934,-24.891645982138666,24.574564824029384,-14.045590818465053,-21.831226275334288,-23.023424192268298,12.09769159530616,50.00761598734984,419.9432623361939,-851.5070776096346,410.3973731959491
2025-09-01 23:46:56.272500,74.35859692325407,-182.46000793586447,-35.00849201040534,17.43837795992701,-24.067218875903215,-31.268834486723055,-36.13491137972135,6.055328418079825,48.86191313169529,420.33594653619093,-851.2498527435218,409.3712098000054
2025-09-01 23:46:56.295000,62.45212219931587,-206.94349804820735,-46.521224057560616,8.784139411846478,-35.490162249494276,-42.32104244328313,-51.483016970677355,-1.3670361707430931,47.43390424994522,420.6949204191462,-851.0828930633371,410.83767535741646
2025-09-01 23:46:56.306125,47.179761806950005,-230.7532896567316,-58.46815406495569,-0.4221303306859628,-47.11725264620541,-53.95759130306267,-67.63120976636017,-9.304251094942648,45.67154817258962,421.00335969961696,-851.0648625919248,414.71051939654654
2025-09-01 23:46:56.317250,29.760175579913522,-251.69390410893433,-69.01943669945803,-8.444964092418566,-56.98271923359166,-64.27535177427663,-82.20508045029776,-16.178208825891474,43.578204556626915,421.256486449043,-851.2202586659755,420.67575158237656
2025-09-01 23:46:56.328375,12.1274985589299,-267.3551367132001,-75.90301400092893,-13.154504983530076,-62.763737921768715,-70.98234729688636,-92.43911080560851,-20.05768432283245,41.219978690655395,421.46066067006905,-851.5476551490465,428.18683491513735
2025-09-01 23:46:56.339500,-3.565429325347699,-275.74012263376807,-77.00602682745269,-12.556965387666096,-62.342392643909285,-72.01575223178345,-95.86050076028981,-19.166874460603736,38.7107030812303,421.6345700160589,-852.0320516555454,436.50914915450727
2025-09-01 23:46:56.350625,-15.549431424947052,-275.8396120721254,-70.96595038859306,-5.3519951132865655,-54.381262737489934,-66.1106713518969,-90.92281040801578,-12.387117615965394,36.19042036692553,421.8124234387101,-852.6557568326317,444.8532929884171
2025-09-01 23:46:56.361750,-22.891043763275714,-267.9723843872383,-57.632471686850714,8.594227819210197,-38.79439321411795,-53.226962841306246,-77.47828845797588,0.34538738865681756,33.80928137881782,422.0458057635191,-853.4075228526686,452.5347097842899
2025-09-01 23:46:56.384000,-25.64446236089078,-253.85257185786432,-38.293588952434305,28.006142324354,-16.974415845005858,-34.74752486081984,-56.9937486619696,17.843061982765796,31.711700556476444,422.39737938582897,-854.2867930806303,459.05552335817566
2025-09-01 23:46:56.396000,-24.765622490286802,-236.38804731841185,-15.561005170158305,50.29220294095838,8.31323868401097,-13.343358586721779,-32.40575889301503,37.774100654139694,30.014394230282285,422.92331548213843,-855.2994283966618,464.08290134139025
2025-09-01 23:46:56.408000,-21.883388496853076,-219.22725340332323,7.080149115543417,71.96122474208919,33.35268394885604,7.490930948881467,-7.598059237520045,57.082157295956634,28.784649534618374,423.65265010517186,-856.4468072540029,467.37544582498305
2025-09-01 23:46:56.420000,-18.92647815994841,-206.12394431945702,25.930062051644537,89.30315354207985,54.165074821793574,24.08293491804176,13.376334343764514,72.60046506698394,28.033183380406662,424.57339700952497,-857.7128324376566,468.70617057243413
2025-09-01 23:46:56.432000,-17.65546574490332,-200.25493226430285,37.793702626761835,99.20042851379928,67.33492836488816,33.25252719466002,27.106865453247686,81.68668371931311,27.72916301153142,425.6277907427177,-859.0539410834136,467.84004577961997
2025-09-01 23:46:56.444000,-19.282871869907115,-203.645723253777,40.627888912439325,99.79110467929583,70.720425635848,32.925029031162005,31.45269569748104,82.73955821768065,27.825702334358304,426.71725244997367,-860.3956704495624,464.6336396522748
2025-09-01 23:46:56.456000,-24.27919766534024,-216.78170226634685,33.982852493485154,90.78655821874193,63.854706744828384,22.61471352836662,25.889818554555944,75.52513485062035,28.27603627601152,427.7165517685448,-861.6331451146604,459.2372519543099
2025-09-01 23:46:56.480000,-32.28843037756301,-238.42019442841223,19.13769139497352,73.50075290379877,48.03123413818326,3.658742426402447,11.606041871469372,61.272864984784334,29.033751017899764,428.4924076697357,-862.6344733517682,452.24364810094545
2025-09-01 23:46:56.490625,-42.12623000782435,-265.67462431461655,-1.0886367063872586,50.677310806568585,26.106411215930322,-20.904643335201182,-8.629417319046542,42.51986882441839,30.04466880245658,428.9237745330494,-863.257214790346,444.6244679335792
2025-09-01 23:46:56.501250,-51.95764589471683,-294.5076274832659,-22.839673408484533,26.05539045982497,1.9898093261230947,-46.88036294817751,-30.895556142880054,22.677610956958702,31.239488552349876,428.92379862126467,-863.3846447937024,437.48073893184807
2025-09-01 23:46:56.511875,-59.72514367361774,-320.7237928335788,-42.067053230785405,3.6158593513777513,-20.194017998281275,-69.90773133394268,-50.94181233470185,5.284593801533585,32.529717678981385,428.4561560869581,-862.967426730039,431.77430318703597
2025-09-01 23:46:56.522500,-63.7671379871935,-341.24303064960566,-55.58681102404508,-13.338494730651146,-37.1076557771355,-86.6624406217195,-65.25244809272863,-6.907983666442104,33.80690812273363,427.5360182833724,-862.0456975574068,428.15332233609234
2025-09-01 23:46:56.533125,-63.38620564884493,-354.98971055109746,-61.87199739166573,-22.887567783620174,-46.9546934388512,-95.68164064266391,-71.89584073145467,-12.58937660768902,34.95102455176654,426.2190194224819,-860.7393280982831,426.87630165773504
2025-09-01 23:46:56.543750,-59.03247398555893,-362.84215159380113,-61.147125191829396,-24.64914136039118,-49.59743344517666,-97.36418130756431,-70.76127778980701,-11.940325641992704,35.854626644713036,424.5890082826186,-859.2159630005855,427.79704418668035
2025-09-01 23:46:56.565000,-51.97671017433298,-366.80888490230916,-54.830118067043635,-19.392349280762232,-46.047732051519176,-93.2832269649482,-63.15381984362269,-6.145999351201459,36.45531534514446,422.74802480672014,-857.6566247763526,430.40877256739833
2025-09-01 23:46:56.572625,-43.709600392136856,-369.0381741333601,-44.70064033967189,-8.433802645913294,-37.735252387727854,-85.29730519047398,-51.00495790138717,3.317088375294709,36.75393575363296,420.8059745716118,-856.2306690741478,433.9744418922242
2025-09-01 23:46:56.580250,-35.429901498287826,-371.09144311640307,-32.18094285268666,6.831680827934111,-25.983556910469904,-74.86560898365866,-36.078602200802365,15.28389347839958,36.80353817158966,418.8675013082015,-855.0803832403807,437.69940148093457
2025-09-01 23:46:56.587875,-27.80497083543922,-373.5546504414402,-17.994412424901807,25.144462185481043,-11.80696499370401,-62.753512300341654,-19.51841250242675,29.145268148405115,36.67885188727927,417.015291145665,-854.3122764670719,440.87849253752375
2025-09-01 23:46:56.595500,-20.951632958864565,-375.90920627542755,-2.250657788859615,45.43663155770204,4.1287016593624,-49.111933144455016,-1.8419451073383943,44.7121255116422,36.44803005239087,415.29400391975736,-853.9922588099038,443.04565858055395
2025-09-01 23:46:56.603125,-14.53701663275904,-376.69721352246137,15.182600077440839,66.81592831359042,21.457570529839106,-33.80793753084175,16.738232567270636,61.86466884643535,36.15937552103059,413.7044416414671,-854.1422432966586,444.12683973517943
2025-09-01 23:46:56.610750,-7.994910051849684,-374.05763977007194,34.17500589680919,88.44266347699457,39.89553023404674,-16.894429311633317,35.822425383121406,80.14641310103592,35.84264682143366,412.21372094719726,-854.7372687334724,444.4518877098429
2025-09-01 23:46:56.626000,-0.8462028190876434,-366.4853422023498,53.86927321927786,109.30788451135174,58.88003848187508,0.9250065628580105,54.35394192803056,98.44973213488281,35.51714616868053,410.7759016233869,-855.7032291567673,444.53507055545657
2025-09-01 23:46:56.637250,6.983919334321431,-353.49736233337063,72.51175405892502,128.04336761482568,77.25971264982469,18.070065623468203,70.44909371864848,114.97210153392385,35.19787659982261,409.3525996657664,-856.9196956983576,444.777076653744
2025-09-01 23:46:56.648500,14.9659093617688,-335.9474024541614,87.71881927807057,142.8944518080843,93.21014400035378,32.26249148809504,81.70604662158377,127.51520275046458,34.89626524567806,407.9247455361228,-858.2369219639078,445.3125545596004
2025-09-01 23:46:56.659750,21.95841290747218,-315.85468210249263,97.03079057377502,151.92342523727922,104.46448914046785,41.039678334309116,85.85790952677223,133.99959052660773,34.61675453614075,406.4873869822632,-859.5070806856326,446.01294602279637
2025-09-01 23:46:56.671000,26.455743426615015,-295.796278787946,98.49143292029035,153.44171261317717,108.83383281362792,42.37469245926342,81.43254848254193,132.99704516534212,34.35153762415381,405.0296591407128,-860.6157942075275,446.496148970874
2025-09-01 23:46:56.682250,27.073530552136937,-278.1094365023793,91.12424896212832,146.55508033351623,104.85542693218817,35.214846895646076,68.2004855705377,124.14042390525039,34.0788266459956,403.5207397239568,-861.4994278734372,446.1285088693497
2025-09-01 23:46:56.693500,23.08988310612492,-264.1812816691288,75.27461000510868,131.60949373261369,92.34189366834205,19.85737939524653,47.35585889353531,108.31593544568948,33.77197943587341,401.91850807367473,-862.1452875587205,444.17355186227775
2025-09-01 23:46:56.716000,14.7849719653651,-254.02732428219042,52.74459020568576,110.33551921773078,72.62965464418932,-1.9047687002186264,21.39817259765787,87.59448408787976,33.41645330965242,400.1908096802183,-862.5861815421612,440.11186681054284
2025-09-01 23:46:56.727000,3.457749536226592,-246.30094321432165,26.633218043828442,85.6302679694549,48.427612928475654,-26.95210000360723,-6.248675229839777,64.94503340632637,33.018361255313465,398.33074477330644,-862.8988651078117,433.891462322315
2025-09-01 23:46:56.738000,-8.86403342173159,-238.73672071540702,0.8449531785358216,61.03881396275911,23.281747707057903,-51.35856407007367,-31.789150210561935,43.7669324376592,32.59619240129983,396.36300035011504,-863.1970655960305,425.9277365152664
2025-09-01 23:46:56.749000,-19.99756732094535,-228.82745736028784,-20.724717444175006,39.95451646846005,0.7083573346400863,-71.23237129598299,-51.773064276159126,27.21785225880824,32.1699551996123,394.3457075680272,-863.610613763942,416.9594621378206
2025-09-01 23:46:56.760000,-28.295047827985538,-214.46469380274576,-35.158759384653145,24.666757327804902,-16.783744378044567,-83.6989012558493,-63.89125688075516,17.442817676365404,31.763854872549647,392.36672870498916,-864.260038353021,407.9039491829731
2025-09-01 23:46:56.771000,-33.05461653122992,-194.34285976250274,-41.22390272588571,15.767042507726238,-28.259206510169697,-87.6091735192906,-67.49711721852992,15.055419174728236,31.416650181648937,390.53124780615286,-865.2343182374067,399.7059357734368
2025-09-01 23:46:56.782000,-34.416442428475904,-168.0270181285723,-39.44428810494815,12.374167792029333,-34.13754120423785,-83.60343156218285,-63.55746650862576,19.178134048152046,31.184195339044646,388.9401056236355,-866.5716522011356,393.1535780710406
2025-09-01 23:46:56.804000,-32.950392093580696,-135.74813926298958,-31.593546905562228,12.965102448013004,-35.4512424613103,-73.5678499994141,-54.12290204447294,27.978797115769122,31.128913358319856,387.6642146454304,-868.2487193583877,388.71277036174826
2025-09-01 23:46:56.815250,-29.30212977804513,-98.13890337855426,-19.941341420323255,16.18165347647373,-33.162176903739315,-59.832235193150474,-41.587751882015546,39.377493474939676,31.29943919063102,386.7255906318867,-870.1843815099154,386.4486926022749
2025-09-01 23:46:56.826500,-24.021780338461657,-56.05160996885908,-6.552684574514086,21.240568842190267,-27.840098282547817,-44.457358300613926,-27.970547521963788,51.637756968514644,31.707301018823102,386.0903677707687,-872.2550537545778,386.0459317407338
2025-09-01 23:46:56.837750,-17.450403266830474,-10.452709988939748,7.159116752410242,27.982931703150694,-19.645289674056954,-28.823888559593776,-14.45731542514436,63.69369734978576,32.3100826122815,385.671332491439,-874.3180599510094,386.9228365653906
2025-09-01 23:46:56.849000,-9.628117130779767,37.59414418496533,20.512571909513767,36.70099259972935,-8.494677600459779,-13.585709058018615,-1.3777852484188082,75.16481382077498,33.00757783128614,385.3373091858323,-876.2415228656666,388.43529245389533
2025-09-01 23:46:56.860250,-0.39302207048883875,86.8074234650029,33.30719531578915,47.786144650202026,5.6255271862760114,1.0724402936895805,11.438751895577226,86.09492063874083,33.65235634111178,384.92946822835665,-877.9319422247303,390.0932527337994
2025-09-01 23:46:56.871500,10.285717235265249,135.49799209113473,45.40044958083895,61.26960427892422,22.281103976015206,15.017878515857491,24.15288588784702,96.52557511247502,34.07408555185157,384.285371396101,-879.3474652759081,391.6935717475099
2025-09-01 23:46:56.894000,22.0088155998802,181.48230763860133,56.315446335600804,76.46985195965298,40.343312306870246,27.790083292715366,36.499383850617605,106.09085654040301,34.11353175477767,383.2681193779292,-880.4950136307278,393.3375399715945
2025-09-01 23:46:56.901625,33.90216754573942,222.16910601484074,65.04726221580918,91.93294177037235,58.00326522808388,38.41771694186112,47.601098948958935,113.83698050348937,33.65717126525967,381.79183038256343,-881.4164447506129,395.34385625258557
2025-09-01 23:46:56.909250,44.73235181378467,254.77890273919402,70.15745423665781,105.67900159481091,73.00565004228973,45.50699334992679,56.05742163249565,118.36809110454422,32.6625643878536,379.83599461033185,-882.16115308916,398.0990604611823
2025-09-01 23:46:56.916875,53.12534628331665,276.72656770680044,70.22336847541004,115.73720530952399,83.12169836748784,47.66869275581518,60.38398904895757,118.3308537469582,31.16559611123561,377.448929652558,-882.7307670889938,401.9101893121288
2025-09-01 23:46:56.924500,58.01138043216737,286.18228813038974,64.5406260250574,120.88563626367757,86.8793302881195,44.20601598255787,59.704314346411,113.09382154100152,29.265173097802702,374.74141798472846,-883.006103660068,406.9051240966251
2025-09-01 23:46:56.932125,59.123567994455335,282.588416018908,53.615279720015415,121.18379970671164,84.16242359807826,35.612050005320754,54.22342675532845,103.18624452666081,27.095110777966973,371.87247484687606,-882.7215113224231,412.98631487743756
2025-09-01 23:46:56.939750,57.12158895406438,266.8183392918375,39.024859426796155,117.8566551419864,76.1815644516696,23.433020285552665,45.080468380453134,90.14345843543943,24.80060845528434,369.03579476270494,-881.5406218673686,419.80930447986117
2025-09-01 23:46:56.955000,53.286212493268856,240.90598398823695,22.788845667376467,112.6449606490122,64.87983102884363,9.623800032369884,33.74166904986701,75.92545260407422,22.52521588393072,366.44992083953264,-879.1980114180561,426.78013504191523
2025-09-01 23:46:56.966125,49.07830396099411,207.53670551845715,6.728073831157248,107.11911128775472,52.22702499001765,-4.09906355331963,21.452104452077656,62.3218533186263,20.402390313713184,364.34447183681584,-875.6235932135709,433.13843696330383
2025-09-01 23:46:56.977250,45.68848852383896,169.54308774279332,-7.909623354636047,102.25251219991283,39.69703118786828,-16.599910055343972,9.036896754682461,50.571050791207675,18.548941885484577,362.9425314123485,-871.004932581958,438.1634254438612
2025-09-01 23:46:56.988375,43.65486096731541,129.6075694475225,-20.584643516498556,98.25804707015413,28.03142751824134,-27.399730590229215,-3.0709541650028624,41.21365345742269,17.06644568320979,362.4505953287538,-865.7930865607669,441.39984747222485
2025-09-01 23:46:56.999500,42.86914925497808,90.24874104025834,-31.434574497539366,94.64990693163901,17.32977987330035,-36.612218703652594,-14.77552374282007,34.12925923252097,16.054130848061718,363.0564562489968,-860.6618691403805,442.76818791635066
2025-09-01 23:46:57.010625,43.056318147770455,53.92706507110393,-41.050909755772295,90.53206810040011,7.371049818488494,-44.756592743362106,-26.227725399519564,28.730999875490163,15.621978114334047,364.9140057523785,-856.4088922665151,442.5346239960052
2025-09-01 23:46:57.021750,44.27186719264183,23.025537903797684,-50.04523451585647,85.04788845120193,-2.048326465666211,-52.40129161374717,-37.57867351244581,24.322065604021223,15.88643275184369,368.09743439896334,-853.7996468468514,441.1985628575854
2025-09-01 23:46:57.044000,47.015987967933704,-0.31372663690474845,-58.55628032748057,77.81898387463377,-10.880796686877273,-59.72115471748325,-48.602579577299345,20.52084514026981,16.94511868613599,372.5424695230192,-853.4019553419137,439.34809068940496
2025-09-01 23:46:57.051625,52.04276913885869,-14.31744459875761,-65.9745837737332,69.2209875583135,-18.653277470909234,-66.21284316173775,-58.43572151063938,17.531646017745572,18.845859693685625,378.01643557238066,-855.4717684873974,437.50552709606796
2025-09-01 23:46:57.059250,60.16118067055792,-17.614688486173762,-71.02420693680425,60.43757480615137,-24.35824230026726,-70.73550329621149,-65.62931046603185,16.117338880456987,21.56455730830163,384.1239091896987,-859.9127004163428,436.00773362465185
2025-09-01 23:46:57.066875,72.18073344884185,-9.31719557974444,-72.11466214855663,53.24916376302558,-26.556254491565884,-71.83206068138699,-68.45610726678626,17.31841402236102,24.986239067102204,390.29355377242706,-866.2856264722867,434.9897689550258
2025-09-01 23:46:57.074500,88.90814126748862,10.770431757273103,-67.80486812239266,49.57188389059378,-23.741370074431508,-68.18458692088942,-65.34392104670876,22.03823775917086,28.88296915126771,395.7276971514961,-873.8453470424603,434.45595102248336
2025-09-01 23:46:57.082125,111.01005397288087,41.888188503397544,-57.2445735968856,50.916562144250044,-14.841709581177218,-59.04942861446648,-55.40829943534903,30.648588710697545,32.91183931640193,399.4127176815443,-881.6232327614572,434.3336422844664
2025-09-01 23:46:57.089750,138.70272054597544,82.11500068176291,-40.52678654948701,57.950469199570186,0.312537643012242,-44.57216155760496,-38.96975099840871,42.75336039379993,36.66028381136439,400.2788046957748,-888.5778251796429,434.4805174244355
2025-09-01 23:46:57.105000,171.42862077536032,128.33108807554157,-18.902579778251162,70.24818011951031,20.7202668097603,-25.92932097248049,-17.75962405484917,57.14735824689204,39.72729986250787,397.45555127311746,-893.7819021915878,434.7194069262683
2025-09-01 23:46:57.116250,207.70814740697313,176.45115451889905,5.274202956154883,86.2854427633901,44.246694133079814,-5.245176648389989,5.356257735855408,71.96858069153592,41.80414585249401,390.50041544477426,-896.583481411547,434.9190253484599
2025-09-01 23:46:57.127500,245.25698164830507,221.86621190796745,28.921797913669828,103.67807983193708,67.91822695389935,14.681329910428923,26.962405135201482,85.00044977707952,42.7262220492974,379.51338512423945,-896.6926517829703,435.0509450570717
2025-09-01 23:46:57.138750,281.355588521761,259.84825816333296,48.76807024919705,119.59970210494804,88.37233234284173,30.740444326203605,43.712344684469095,94.01053815884737,42.480225294668024,365.1023807207946,-894.1682090179389,435.18421156369396
2025-09-01 23:46:57.150000,313.3181381720167,285.8121275743469,61.89499588299564,131.3045044317756,102.41091015340133,39.95095629948185,52.8653839954721,97.05847018884867,41.16858574230414,348.2244318676543,-889.3183560906475,435.44133862214295
2025-09-01 23:46:57.161250,338.883796846437,295.6791446878162,66.22989871054875,136.6692513232594,107.60530635755245,39.984661324966865,52.697313491272105,92.78597195398496,38.95880322620226,329.98790542431476,-882.5855343084106,435.9474267115689
2025-09-01 23:46:57.172500,356.53535790069304,286.6024148465878,60.9120437625225,134.67642141321116,102.88362371982417,29.693616500885213,42.73425195125368,80.71063831905367,36.04494019688973,311.4954461250698,-874.4810583196988,436.78977575483606
2025-09-01 23:46:57.195000,365.7998677045177,257.8805387812493,46.4561741275661,125.76186779236698,88.96228422865991,9.489763155735085,23.843080179569302,61.48325372811575,32.62448110806256,293.7462439412117,-865.5665291988553,437.987025735464
2025-09-01 23:46:57.202500,367.4328393656765,211.53464393965587,24.72973279335078,111.87105318038354,68.3705602939322,-18.557036171738527,-1.7500401183903644,37.00537794615264,28.885568824748184,277.5790980633039,-856.4405165556569,439.44547193089335
2025-09-01 23:46:57.210000,363.34510058611664,152.1623006664951,-1.2049468981264384,96.08777349600248,44.91788525071956,-50.96859581308685,-30.581862246010065,10.302531849761996,25.005177950488466,263.6426381096282,-847.7137690899866,440.90918250657415
2025-09-01 23:46:57.217500,356.17551724685853,86.10149112686193,-27.48796263652128,81.8566335875401,22.72306646534497,-83.49415511996519,-58.425547482932615,-14.940579432410608,21.155090443698235,252.39350192325531,-839.9946769420566,441.9848667047891
2025-09-01 23:46:57.225000,348.51532790812024,20.23350205995968,-50.22420780685071,71.98644474072023,5.1131472613094,-112.06241296874866,-81.17862926379142,-35.163805743858546,17.505066711557433,244.1181646552396,-833.8959304597649,442.28322646809744
2025-09-01 23:46:57.232500,342.131132184092,-39.165358556879326,-66.41672207329535,67.8285095204911,-6.1729106689695605,-133.70273005232647,-95.85903692316572,-47.767601841352636,14.214911823249105,238.95056200540108,-830.0179350107612,441.5685678894627
2025-09-01 23:46:57.240000,337.7130648072407,-87.20004259769345,-74.62581329278592,69.07820770019002,-11.095373149878505,-147.01221344408992,-101.25011079373473,-51.624421839294655,11.417370255135198,236.8628505261335,-828.8656015323197,439.8112315698332
2025-09-01 23:46:57.255000,335.2419525769809,-120.67790639549378,-75.03543587779433,74.2937437273101,-10.768138639041483,-152.04089749684152,-97.94037431045767,-47.06713277572431,9.200423192084955,237.64506692529,-830.7261851122798,437.18146272371206
2025-09-01 23:46:57.266250,334.5183938693552,-138.12123522009395,-68.96391383426524,81.73466657973407,-6.702481314587648,-149.78393395451587,-87.8041638984169,-35.46203816178815,7.596600052596864,240.90375349789494,-835.5693562822496,434.0350463948651
2025-09-01 23:46:57.277500,335.3478405891807,-139.61348939130758,-58.162569641672256,89.98503465463105,-0.28623011677620874,-141.5962270566614,-73.19183754589584,-18.67361001752336,6.585737914302839,246.08590581204834,-843.0130300815931,430.8546357039873
2025-09-01 23:46:57.288750,337.31563173736623,-126.4779202744706,-44.306598071546595,98.15412330517174,7.402930533916608,-128.82391185034055,-56.22184088863479,1.2770952818580228,6.114085054184836,252.50635453829585,-852.379623700193,428.1119690082281
2025-09-01 23:46:57.300000,339.58762700325036,-100.81773008300821,-28.854579641838622,105.82516052201576,15.63889253057683,-112.7553600414289,-38.488028735349396,22.29080867633863,6.119311050861127,259.3656753321551,-862.8286538383836,426.0908905194736
2025-09-01 23:46:57.311250,341.1318900337953,-65.12391930931484,-13.124393581009091,112.91832082207091,24.050722419876067,-94.73435417662856,-21.17014339181527,42.224641664371354,6.5438554749290345,265.790160837949,-873.5021165596113,424.7790928803864
2025-09-01 23:46:57.322500,341.15486742461906,-22.16005762282374,1.6338566047362602,119.43761735140842,32.440136471982605,-76.24620123569714,-5.283493741510998,59.04032317073316,7.3328561038234765,270.9267156043121,-883.6271171059346,423.9157671522726
2025-09-01 23:46:57.345000,339.2724944058645,24.902361307024496,14.219742378487297,125.10514692306045,40.3443497120498,-58.92521306920708,8.1354660358112,70.97709931873466,8.428351562583867,274.06984760261105,-892.5753130208776,423.1456915855861
2025-09-01 23:46:57.356250,335.3549514056485,72.35632672594726,23.512126204995766,129.0863548614235,46.654085416536525,-44.476391704041006,17.977296632564414,76.69909328006544,9.769239430883605,274.7703404843313,-899.9025306396907,422.1489538698473
2025-09-01 23:46:57.367500,329.3256459633875,116.13623308007118,28.55535587243213,130.03925412682545,49.681404205682895,-34.50913623101911,23.17514786166737,75.45875564327977,11.299074936699814,272.89234787414284,-905.372906925623,420.7166071152329
2025-09-01 23:46:57.378750,321.12174638057616,152.43596119837196,28.73014086337967,126.53750011919152,47.75834165386075,-30.258643032471323,23.01059432653937,67.28313580227709,12.984388177915207,268.60255402403504,-908.9574239982146,418.82748847018667
2025-09-01 23:46:57.390000,310.89267256517155,178.59617101293497,24.05140508217462,117.71890846164597,40.103268740304436,-32.16914433607507,17.54983378708867,53.17284792798684,14.838352006888112,262.29652382787873,-910.8056463426394,416.69514175600085
2025-09-01 23:46:57.401250,299.31910911806585,193.79053064177276,15.428191781921116,103.86098895664547,27.45723877371044,-39.54961470225627,7.929164032015571,35.16423037840578,16.927418700836483,254.50060286332388,-911.2043815774643,414.6911687086311
2025-09-01 23:46:57.412500,287.7239122977642,199.06885172920988,4.535102902941023,86.52209798067823,12.035008581660454,-50.67888450890664,-3.863039229638316,15.994554137384588,19.34553803434357,245.79275857968966,-910.534478999771,413.15452835686875
2025-09-01 23:46:57.435000,277.7729190107551,196.73818745196516,-6.77233568535709,68.09123985838428,-3.2181522096984656,-63.42542428063579,-15.696079502442666,-1.624494243814103,22.167738114540917,236.7547223747582,-909.221898704355,412.2164351178886
2025-09-01 23:46:57.446750,270.89812158637875,189.45095696528713,-17.14070490698213,50.976970192472166,-15.660143212954965,-76.02075363528729,-26.077415667517837,-15.768044537990498,25.40573486492355,227.94273552619052,-907.6823864313858,411.7495457414187
2025-09-01 23:46:57.458500,267.7279648551876,179.3989773142997,-26.121060180426575,36.84550817524813,-23.841473470078267,-87.57476081768917,-34.60282574556428,-25.736972790618022,28.98346495949503,219.87201120778013,-906.2799792605884,411.43711686181956
2025-09-01 23:46:57.470250,267.78559970883646,167.8886897857411,-34.18105566573232,26.19686287714385,-27.941726030045665,-98.15432895735265,-41.96380464129189,-32.060561636399605,32.744455421714214,213.03385653935766,-905.3226658604473,410.8936432296585
2025-09-01 23:46:57.482000,269.60850814589014,155.41495574956582,-42.4108325853913,18.371449008069376,-29.611278539759315,-108.48660204916594,-49.611244727376416,-36.14620047344959,36.48864334156386,207.94325217521012,-905.0872274562122,409.7797559393269
2025-09-01 23:46:57.493750,271.2400816064252,142.08713766595577,-52.05675157201982,11.956134755709565,-31.3109923094786,-119.4738771348055,-59.213131024739454,-39.737310492208906,40.01668449969295,205.15339171995666,-905.8348783322006,407.8906461031525
2025-09-01 23:46:57.505500,270.8853004477789,128.09055656288336,-63.972675528755715,5.457855361573399,-35.428600087969635,-131.66822885417722,-71.94700096702066,-44.29779302278646,43.15867638769024,205.18176422661082,-907.7957342499099,405.23164548615574
2025-09-01 23:46:57.529000,267.46514115817234,113.92678890211533,-78.0637903381874,-2.0434784279092524,-43.54166432844549,-144.79964424189203,-87.71523007892425,-50.40901257396616,45.78266218278198,208.3767206005137,-911.1352226969443,402.07425062696854
2025-09-01 23:46:57.539750,260.84868198671256,100.39894008377884,-92.95481683942042,-10.549521942118034,-56.069195153649176,-157.5550220366516,-104.70123209833599,-57.412760105415344,47.79287612503857,214.79832611305932,-915.9180517639041,398.91665855198136
2025-09-01 23:46:57.550500,251.764278296988,88.49634447070953,-106.21556653385946,-19.15926137307838,-72.26810227223302,-167.84503122791554,-119.73893405120985,-63.613430998884986,49.129630862598304,224.1639799077596,-922.0779016458456,396.31444792965254
2025-09-01 23:46:57.561250,241.50931773505414,79.20375501676,-115.21371559961618,-26.40983039614361,-90.50594076493674,-173.5372318836054,-129.44140287643017,-67.05298671131439,49.77317172523311,235.87633406041613,-929.4109354956473,394.70547006974726
2025-09-01 23:46:57.572000,231.48548639631935,73.13715648980892,-118.1902810879536,-30.908135578174047,-108.81982216459694,-173.2996244048354,-131.49522686647754,-66.44469578746266,49.74318446505769,249.12309074341704,-937.6049619660173,394.35574706326025
2025-09-01 23:46:57.582750,222.69022271959759,70.21814757092447,-114.92552230331106,-31.984431166302386,-125.53215820050706,-167.11293397927426,-125.45574379417788,-61.74872294998764,49.09066188435355,263.00592774531975,-946.2838382235684,395.38418511156584
2025-09-01 23:46:57.593500,215.4641455457298,69.78030897650973,-106.64140760358588,-29.95415438024482,-139.53773363656873,-156.20373051013516,-112.72486622512014,-54.13258302791346,47.88846829818877,276.65269497798573,-955.0402222296137,397.7865320208412
2025-09-01 23:46:57.615000,209.6433161300373,71.09457251697643,-95.32500680580775,-25.849091423562648,-150.16753054888576,-142.48395037812352,-95.86536628848589,-45.41704275370381,46.225434082127805,289.2998452189311,-963.4585266201123,401.4520733915361
2025-09-01 23:46:57.626125,204.98774561327411,73.88498657426936,-82.96514829109479,-20.830041270385287,-156.85075388791708,-127.86317872187317,-77.67566302156736,-37.34871034304989,44.20409445364439,300.35090203628505,-971.1446441567741,406.1751511195794
2025-09-01 23:46:57.637250,201.56937377832364,78.52069362146823,-71.0526233365942,-15.588556243114558,-158.83749473723773,-113.77917680595881,-60.40609399719187,-31.04360088846508,41.93942097464276,309.40437234825896,-977.7581456948707,411.69052210993806
2025-09-01 23:46:57.648375,199.80802356824412,85.9342364101308,-60.349666772190986,-9.99173448525282,-155.17321760466268,-100.98653831891373,-45.29935209384278,-26.749741462209702,39.55381306090352,316.22989215925014,-983.0111506886716,417.7478495357014
2025-09-01 23:46:57.659500,200.17263391933338,97.40077861865542,-50.8287135560881,-3.1493487490706507,-144.99507361938163,-89.48242213759063,-32.49860884546591,-23.9048522536874,37.16493327172142,320.69669115007775,-986.620189788914,424.1348282854704
2025-09-01 23:46:57.670625,202.89073490882186,114.15056056343145,-41.84470615950499,6.093153014660119,-128.0018729566479,-78.6173077798214,-21.335144765976345,-21.44601220047881,34.86716844055224,322.7130753411763,-988.2707678232425,430.59589332591787
2025-09-01 23:46:57.681750,207.88646567853183,136.80725922996518,-32.61939481833725,18.482862260094084,-104.82536575236828,-67.51790498431319,-10.935166633789121,-18.326426823391884,32.71534830494129,322.2313760300355,-987.6569854065857,436.75188647972715
2025-09-01 23:46:57.704000,214.8298030876452,164.86074584972604,-22.82719093983904,33.85371000400681,-77.15982590526303,-55.68459602342238,-0.8746185052816621,-14.0505877714324,30.725955227024585,319.3043236003466,-984.5759702675387,442.12354366443225
2025-09-01 23:46:57.719875,223.14285614846295,196.4584497951105,-12.897285156908627,50.99024326413279,-47.655949157816295,-43.40445477874709,8.491134844485316,-8.929792043307968,28.89779857199539,314.1426357281454,-979.0149396831857,446.19886584432385
2025-09-01 23:46:57.735750,232.0279157050237,228.66478591950877,-3.917207496816098,67.8661975098211,-19.556591438408603,-31.798570998075455,16.125174143671522,-3.9807104092392023,27.229077770548685,307.1409733666752,-971.1951342565901,448.46564231920917
2025-09-01 23:46:57.751625,240.56765871241947,258.108989777678,2.6222401860263997,82.14077880486529,3.9044360333566437,-22.634529524366425,20.616939730297553,-0.711704405883214,25.708413690642274,298.8641723062516,-961.5666147833128,448.49344309987697
2025-09-01 23:46:57.767500,247.73625787431166,281.740649200341,5.061479080761559,91.67716450722753,20.0876068452027,-18.003305663497354,20.509012832367084,-0.9336292200394481,24.289104988118552,289.99725879608286,-950.7606798366106,446.1278573079033
2025-09-01 23:46:57.783375,252.35434814608442,297.41418405057567,1.911333455939966,94.87387601033075,27.292994824066273,-19.735928564871845,14.639655977476226,-6.360297218556074,22.879919378328335,281.26549503767484,-939.5129941231871,441.6487446056852
2025-09-01 23:46:57.799250,253.3553104290241,304.209832225874,-7.570445577494953,90.91865516534455,24.99119882941274,-28.594289074230478,2.55048178660382,-17.876344571648428,21.368725525880354,273.34033900015294,-928.5691618467705,435.72210096549617
2025-09-01 23:46:57.831000,250.36774617878348,302.5409871076129,-22.81405645009127,80.16054774956692,14.079404356493663,-43.68055208887886,-15.138401438297347,-34.88960743489542,19.659316881475593,266.7600626455568,-918.5847190934435,429.1738147557417
2025-09-01 23:46:57.841375,244.02639597840664,294.1027172613159,-41.848240619516176,64.37572233619613,-3.045745423765552,-62.491278021590816,-36.64041610540586,-55.26834597502552,17.695977327588864,261.8852465389965,-910.0457767666414,422.7718499876899
2025-09-01 23:46:57.851750,235.66597314495144,281.66315404986415,-61.77930503871989,46.538095466281995,-22.84023737251416,-81.55602201437634,-59.30179547798348,-75.85840818368555,15.470797235715033,258.8838330306408,-903.231142756465,417.1513298255989
2025-09-01 23:46:57.862125,226.7436983798432,268.6870006470557,-79.45129377541208,30.13878412764015,-41.30905374416358,-97.24334180235365,-80.10104604568203,-93.20240159408662,13.019381901747595,257.7252982581319,-898.1933993097325,412.8268244945678
2025-09-01 23:46:57.872500,218.44788874475464,258.8592390443887,-91.95565726516844,18.441897749355444,-54.75644111429113,-106.4174028552778,-96.15088432819297,-104.17259884337652,10.408338813033831,258.1758162414896,-894.7334602154676,410.15564720276217
2025-09-01 23:46:57.882875,211.60843324764303,255.61127978734106,-97.01293599180362,13.907707450742976,-60.361908750252894,-106.90928591728856,-105.12985652801916,-106.49694099345375,7.719224709879288,259.81433050838166,-892.4050515503277,409.2358746876949
2025-09-01 23:46:57.893250,206.72680513654856,261.6136444555619,-93.35194188536461,17.7132324601553,-56.59671867125687,-97.85459941365423,-105.64157855992022,-99.2417708584729,5.0394704240950015,262.09256638722746,-890.5969230270654,409.865563476584
2025-09-01 23:46:57.914000,203.8759215999163,278.1576714188165,-81.05000685144883,29.34193341230388,-43.58436784047294,-79.88042222835433,-97.52827553228815,-83.14510992513327,2.466546945756331,264.43301147329527,-888.6754248461197,411.643106184449
2025-09-01 23:46:57.922000,202.52070582449164,304.6043182472598,-61.6554809917981,46.49259605286948,-23.262677520694496,-55.08682432407649,-82.0410781446692,-60.56696227442887,0.11412595808216894,266.3348324959428,-886.1309411789781,414.1061721810775
2025-09-01 23:46:57.930000,201.509603897485,338.2723792953517,-37.9563912062597,65.51923911010644,0.8948182901313951,-26.74241571955734,-61.679379937206555,-34.98418427966917,-1.89488889183031,267.4519304861807,-882.678531635504,416.78719688073585
2025-09-01 23:46:57.938000,199.31979153839285,374.9474176011513,-13.410693271206483,82.32144889653362,24.627236431415547,1.383494846359387,-39.684062440968475,-10.196121670802356,-3.439361130178266,267.6163481741986,-878.2773139076235,419.2381782531425
2025-09-01 23:46:57.946000,194.49164243930502,409.81786475357796,8.632209322409768,93.4338835693567,43.940740264543166,25.93222174935654,-19.32148039407912,10.519799874186289,-4.396237085432427,266.8097706353218,-873.0686974291366,421.12259124276903
2025-09-01 23:46:57.954000,186.03773751118658,438.46188755086416,25.698248867628347,96.91763013105947,56.105933867982046,44.71864830000302,-3.1220832552089646,25.06476763760685,-4.6334489162968335,265.11595318689274,-867.2844597202238,422.3269325383001
2025-09-01 23:46:57.962000,173.5919768587537,457.5986121882595,36.668318009396124,92.65464858878453,60.15706588158043,56.99902232025587,7.667323759323457,32.78690604741195,-4.025556101123064,262.68480590053167,-861.1822815279938,422.9864631674025
2025-09-01 23:46:57.978000,157.37435206547264,465.4676107908941,41.784613367792524,82.00307784812627,56.75440437584905,63.2429546579547,13.15349439138452,34.30588381853644,-2.4908032428684446,259.71572377728614,-855.0242245613741,423.40419636354983
2025-09-01 23:46:57.988875,138.11276930577185,461.813122100599,42.20771877168974,67.10643516995843,47.62495813153455,64.63180918247076,14.370688969366855,31.009691541079405,-0.02678396836608416,256.4541699986682,-849.0768134648786,423.8972306979252
2025-09-01 23:46:57.999750,116.84420542573041,447.594083815527,39.338657228413645,50.196481465653626,34.913937318779304,62.50160435454272,12.633047662031245,24.46358467500958,3.2740430023929594,253.20812030971766,-843.6183376195728,424.6223628599619
2025-09-01 23:46:58.010625,94.60753853448206,424.6362990202118,34.21507596623851,33.16214854401493,20.75780899662647,57.972419976597934,9.068092989514131,16.041405940832348,7.239892553803603,250.42011613288886,-838.9849339876006,425.4611258824503
2025-09-01 23:46:58.021500,72.25007153963452,395.3431458379925,27.254380830340132,17.48736774038883,7.192162893794494,51.96627442823902,4.568768700063259,6.9289376235166875,11.660461627804064,248.7859704030711,-835.6681262784929,426.0144293279989
2025-09-01 23:46:58.032375,50.38540004591012,362.3873626181891,18.3863926826218,4.3678062712785675,-3.859922011771548,45.46339539743424,-0.009781817441446964,-1.7285773287817727,16.325290052420687,249.28987387323508,-834.362893645986,425.71076419753086
2025-09-01 23:46:58.043250,29.265744577320397,328.30285946671466,7.335733485177619,-5.302751163195199,-10.878672146285298,39.58121406067503,-3.7924157264064275,-8.873154225184322,21.04188100951609,253.0372664860393,-835.8551209033545,424.0332442183399
2025-09-01 23:46:58.065000,8.584443146787088,295.1002431003877,-6.220723868844215,-11.165098802386787,-13.256050924563553,35.28744024320914,-6.1000346594131205,-13.825916467690734,25.642978359728833,260.94465798213344,-840.7854353775205,420.791282472183
2025-09-01 23:46:58.076250,-12.448454062205993,264.0862029872627,-22.693540843580635,-13.623549578951234,-11.568497749038686,32.92321863147102,-6.775319450008779,-16.62934969478186,29.99191368576451,273.44962778366056,-849.4219248361685,416.2441453382867
2025-09-01 23:46:58.087500,-34.733580090600945,235.90240802837795,-42.68793843472848,-13.82407571980939,-7.371310619390284,31.853596949855582,-6.40737073855803,-18.212515035960415,33.98074459876314,290.35466158075405,-861.5311453982623,410.9838837500832
2025-09-01 23:46:58.098750,-58.96693673199845,210.74343708763163,-66.95350119318853,-13.423323076898358,-2.707145323234639,30.512548891226878,-6.283423859580444,-20.210619951968685,37.514162306392485,310.8313411246677,-876.3552749436358,405.72430913343925
2025-09-01 23:46:58.110000,-85.50521589236699,188.70680395149944,-96.04814474860349,-14.311100506962209,0.40245914479145917,26.89054619352193,-8.012315556160791,-24.44478116784208,40.484558182418986,333.55410806111024,-892.674019167858,401.1724022373326
2025-09-01 23:46:58.121250,-114.21314749974307,170.07460105189088,-129.8333304780596,-18.227541063624603,0.40198463462198286,19.251507930188698,-12.957685855080664,-32.275509493452184,42.761057328257245,356.9114191607473,-908.9548950007566,397.9704057586367
2025-09-01 23:46:58.132500,-144.26183412892195,155.36127876355727,-167.02768194009346,-26.16325402415739,-3.4015467823738876,6.8044115768727504,-21.671272219335922,-44.06201998696998,44.20950883355918,379.24500093579,-923.5932392402087,396.59750210415933
2025-09-01 23:46:58.155000,-174.1131105755088,145.26964945734875,-205.04050218113167,-37.756149609714356,-10.548040401350779,-9.890284005369486,-33.52140359793314,-58.88927458729294,44.7319001565917,399.0738220467091,-935.1870631866495,397.2182762391347
2025-09-01 23:46:58.166375,-201.7416331811303,140.74096790383803,-240.2989893740686,-51.10227260679115,-19.36948973674465,-28.956970504273354,-46.736603043669966,-74.7059612948313,44.30116918373163,415.2672752797472,-942.7600063068728,399.58420633856855
2025-09-01 23:46:58.177750,-224.93084376547625,142.91495165854377,-269.0453026825431,-63.202088989500645,-27.315377345497467,-47.68699536983941,-58.89850241553197,-88.88276467665622,42.97880518502997,427.14590040952413,-945.875449967043,403.0753047549047
2025-09-01 23:46:58.189125,-241.69329883026637,152.6170099127643,-288.2656374282841,-70.94859101120645,-31.76576579261205,-63.26109045578738,-67.68463590962305,-98.96584713192661,40.91347879537363,434.4971595420486,-944.6354032305002,406.8679994878292
2025-09-01 23:46:58.200500,-250.89287627270548,169.44558293904674,-296.3985395767341,-72.2736641906622,-31.12248158860786,-73.48333194581535,-71.58402816806321,-103.30479897935464,38.320172274927735,437.51082747237933,-939.5931061994567,410.1626273283153
2025-09-01 23:46:58.211875,-252.7055232376202,191.1862156916544,-293.6045651380012,-66.84484760849926,-25.50882307374547,-77.31683069762585,-70.25968421391043,-101.34092012428039,35.44352695180547,436.6727038521279,-931.616524743367,412.3890934696636
2025-09-01 23:46:58.223250,-248.49024090228912,214.20813981755018,-281.5542479098921,-55.891021394864815,-16.52205882285876,-75.02633368554044,-64.38727082037103,-93.55100047783003,32.51831002650856,432.66395217194423,-921.7304068620507,413.3204292442668
2025-09-01 23:46:58.246000,-240.17162926939534,234.68239346090206,-262.91610016720193,-41.370473638038376,-6.250342289938534,-67.89005830761361,-55.18287867012077,-81.18402160223147,29.740248355519707,426.2822984095979,-910.9639498316337,413.09041269158075
2025-09-01 23:46:58.253625,-229.57203717897235,249.83927299187812,-240.75198881188777,-25.11585547148976,3.709580117632867,-57.64178350333875,-43.95205303168199,-65.9050082148276,27.252222278310164,418.37802003592907,-900.2354074914778,412.1421163417652
2025-09-01 23:46:58.261250,-218.01665824150822,258.60700947933276,-217.90799785854256,-8.372036445725717,12.73266818230372,-45.88747414045551,-31.777027792070662,-49.39331136484586,25.140696282384948,409.79337719023266,-890.2922830762564,411.1101576164422
2025-09-01 23:46:58.268875,-206.33023614973885,261.4828980677289,-196.51948799506823,8.276288676104798,21.12545052859609,-33.71841684025293,-19.315008225619582,-32.9787198760089,23.42925936519267,401.28974508915877,-881.7074873142183,410.6581622665827
2025-09-01 23:46:58.276500,-195.104679610616,259.93552993420326,-177.80136360559797,24.74647850931807,29.771614439414613,-21.641634550842806,-6.732968529566535,-17.45786481400199,22.066946775103073,393.4636279097892,-874.9100543533659,411.32553483762064
2025-09-01 23:46:58.284125,-184.94555258598837,255.78500588537824,-162.15913645039578,41.193426387023464,39.66766904740534,-9.777361489650326,6.148240505274309,-3.1579359832344207,20.930709377145817,386.6876307124283,-870.2040468184081,413.4163057038482
2025-09-01 23:46:58.291750,-176.58233151641423,250.71254567937757,-149.49154470191274,57.68007603757974,51.43601065226789,1.849465843605901,19.535343725261203,9.827442426570675,19.85540996976296,381.1075532155392,-867.7466582438568,416.9199002564815
2025-09-01 23:46:58.307000,-170.92766296229405,245.79995136822757,-139.53738748121478,73.82354438916164,64.88292119918846,13.051558223768215,33.35251698017773,21.361268040864545,18.67996365478266,376.6860878931525,-867.5078201879471,421.45223338222087
2025-09-01 23:46:58.317875,-169.06638144972928,241.21503396706547,-132.19309598061307,88.5714274026425,78.78885544167905,23.274689357862915,47.08122466378247,31.05068229288903,17.292486363103873,373.2651798201752,-869.24808622569,426.25056008353096
2025-09-01 23:46:58.328750,-172.06411563451988,236.2809828433271,-127.72956821137096,100.29171421858472,91.10989462703259,31.49790469962844,59.74667277275509,38.17668706237669,15.664551863194411,370.62614037110615,-872.5394816603764,430.2852327663107
2025-09-01 23:46:58.339625,-180.58428910794632,229.94469451813728,-126.7268562246754,107.25777848709812,99.62785442919005,36.43509509217447,70.09239064018338,41.86313775926075,13.867782377769744,368.5345429914371,-876.8540750780354,432.5224634918266
2025-09-01 23:46:58.350500,-194.4657953676676,221.452543627759,-129.61271642050013,108.38501021187746,102.84049510639466,37.134685427458116,77.02408046465088,41.52595251869598,12.06579155580309,366.76765638950593,-881.7094504488276,432.27721828544264
2025-09-01 23:46:58.361375,-212.526075982412,210.87199924303965,-136.09260770521644,103.78944764416212,100.59504437217706,33.61638265075213,80.10480171402352,37.353532495923865,10.476862555218565,365.1350293588316,-886.791897032335,429.46782847970695
2025-09-01 23:46:58.372250,-232.75951876599112,199.11357243013856,-145.00929677060964,94.77552972133708,94.05968380557628,26.960796708380013,79.67868673673513,30.359923547936802,9.317170520345764,363.50096318691544,-891.9851628094895,424.5881981384662
2025-09-01 23:46:58.394000,-252.8703529916324,187.46392107085728,-154.81238506333938,83.27849749455532,85.091364497766,18.735982545519853,76.53257469403204,21.891308073015757,8.748565826985015,361.80302475945706,-897.3132348374105,418.44069235763214
2025-09-01 23:46:58.401750,-270.9199450810651,176.92059338383174,-164.24574228001052,71.11706907207727,75.38009235459863,10.248319188249681,71.41470528088693,13.015305467785312,8.848414850080292,360.05576472026183,-902.8492437345582,411.8505506245047
2025-09-01 23:46:58.409500,-285.81021746233336,167.665116406155,-172.77262575484872,59.41694137841317,65.7986304333019,2.0916541195230196,64.73253902480613,4.23726858207725,9.602097278688115,358.3234993848046,-908.6218318865832,405.50508489668215
2025-09-01 23:46:58.417250,-297.40642605186343,158.97996444288972,-180.5998795890638,48.41808078942511,56.27967484531692,-5.931911533546988,56.533838499746714,-4.427305731818223,10.907817964529185,356.6312734757934,-914.5155739169687,399.9299030775549
2025-09-01 23:46:58.425000,-306.3367851325959,149.6368749087909,-188.41696129549814,37.6871268236583,46.20985704455182,-14.611455933437366,46.70757187183851,-13.239892968028979,12.585341435975396,354.82773931889045,-920.1780065804288,395.54782571596735
2025-09-01 23:46:58.432750,-313.69430597935263,138.4183583160537,-197.01569824758607,26.529357676961098,34.950781821512585,-24.900388307528587,35.248004191635495,-22.54903251756129,14.392855304065485,352.50726149524985,-925.0027935488328,392.7130603620049
2025-09-01 23:46:58.440500,-320.75442675336024,124.49838413685241,-206.90108425918982,14.377723076411591,22.16835390502332,-37.36265089330462,22.45631389952691,-32.603127451659596,16.058665360578466,349.0773628633061,-928.2401986283852,391.669105340199
2025-09-01 23:46:58.456000,-328.6110361093154,107.69850601614094,-217.95005671443724,1.1415264062998727,8.01984371360733,-51.6996223630291,9.059903312007602,-43.287516300156724,17.322148006245,343.92915175669435,-929.1875740994991,392.4973341566211
2025-09-01 23:46:58.467125,-337.79904813325635,88.65472542103441,-229.23636570285498,-12.510400232490724,-6.727546600632131,-66.58028004075427,-3.7829850553380435,-53.904708007282586,17.97060652314422,336.6181875090511,-927.3664424631651,395.08999338268933
2025-09-01 23:46:58.478250,-348.20957204681093,68.82156538908727,-239.13326008422493,-25.130698208053037,-20.755236084436106,-79.8524163594742,-14.639493544413714,-63.2063881021196,17.866280313497196,327.00343666198785,-922.6345204164257,399.10962649844356
2025-09-01 23:46:58.489375,-359.35982335818693,50.226017810061,-245.65726295347818,-34.84984112737042,-32.47596969197425,-89.02664963852281,-22.061332867224095,-69.68187461025641,16.97494075304068,315.3225074299655,-915.2365906740855,403.9655744835939
2025-09-01 23:46:58.500500,-370.7186832208747,34.9705202520949,-246.93697492567202,-39.94262187196347,-40.40575134916496,-91.85073244598803,-24.86196544583733,-71.94245020992263,15.402813403038223,302.1896965263502,-905.8046977456714,408.88849408508673
2025-09-01 23:46:58.511625,-381.80427126783354,24.700475056771882,-241.6712596348584,-39.31172271683928,-43.40870227970667,-86.8246959886945,-22.36080118638347,-69.05871844980352,13.414487310680201,288.5133483355418,-895.291896455539,413.11710762922036
2025-09-01 23:46:58.522750,-392.0426039531263,20.298451822744763,-229.45373246077537,-32.720518048480045,-40.73662107590576,-73.56969456667001,-14.542067424678834,-60.798617973964895,11.39808609663607,275.3494430098658,-884.83251703344,416.11883542371953
2025-09-01 23:46:58.545000,-400.63083889193,21.78895778089026,-210.94350082808648,-20.81702292713834,-32.055162033336295,-53.00052858173793,-2.1431948276406914,-47.78383184362462,9.782636880189699,263.73008681305316,-875.5612065677741,417.70505607742876
2025-09-01 23:46:58.552625,-406.66858043210226,28.283873433299952,-187.9081531388717,-5.041754902254792,-17.668143941354945,-27.278092265205547,13.27409170317397,-31.542797352207,8.941831786267226,254.50851048184637,-868.436382661221,417.9637875154754
2025-09-01 23:46:58.560250,-409.5531516347955,37.947081381780826,-163.07786810307394,12.570136050648104,1.1255466328503405,0.4568470262146798,29.369384179008886,-14.37083542024023,9.120763362304265,248.26953171756185,-864.1065747695255,417.0980710071868
2025-09-01 23:46:58.567875,-409.3238826221338,48.14071763262499,-139.72527918240732,29.689855133334103,21.87718485813375,26.563784738708037,43.35314083101259,1.0237215473364056,10.417607977084524,245.37846352711273,-862.8567264113516,415.30919858513977
2025-09-01 23:46:58.575500,-406.5920351917677,55.90225649100263,-121.06952447174149,44.02335683541055,41.36059001553672,47.51179799671146,52.51118709036891,11.982169884775805,12.824721420265723,246.16452524039988,-864.6451760224176,412.7641584100655
2025-09-01 23:46:58.583125,-402.01348855017847,58.63972026564383,-109.74629496086459,53.59780054117755,56.39878733448829,60.4268479261563,54.68583363416021,16.3421040653926,16.284557543028676,251.06243695566656,-869.1834749426632,409.61804384771773
2025-09-01 23:46:58.590750,-395.6690319116294,54.71341217021194,-107.4125678829972,57.017183068368446,64.67382234674575,63.501216621432356,48.67755581336807,12.803578185449162,20.71077132308342,260.54504944150045,-875.9988849853135,406.07709138739375
2025-09-01 23:46:58.606000,-386.75770665557536,43.684344660008094,-114.38586841614803,53.69856921125793,65.14466299834386,56.35042199545783,34.5936897502278,1.2089472750124606,25.973872950986852,274.89515682786447,-884.4729031108777,402.4823371414946
2025-09-01 23:46:58.622125,-373.73786719306264,26.297039203529163,-129.36380866575155,44.02977398461955,58.08830892391965,40.28316380854417,14.007888366706844,-17.254486078968995,31.88308261109462,293.9807585590898,-893.8843964992434,399.32851698239375
2025-09-01 23:46:58.638250,-354.8507164738994,4.33949502397877,-149.46094026742082,29.34755150430031,44.92056252331175,18.250541175321988,-10.219933365723845,-40.04664107717018,38.188771650550436,317.1406355594633,-903.4595477471453,397.1330217242326
2025-09-01 23:46:58.654375,-328.7854511949107,-19.682024348320642,-170.78880569460173,11.648881113187125,27.81576615871251,-5.744643815292586,-34.523435023626156,-63.71741438368614,44.60837075185775,343.2063645514606,-912.3859253241872,396.2347231904676
2025-09-01 23:46:58.670500,-295.0975529825833,-43.142674093250264,-189.4987920942288,-6.935294245421112,9.143501329874693,-27.702810364606126,-55.511645207051004,-84.8056408997024,50.861294935711264,370.64049216330693,-919.77953154747,396.7206466265314
2025-09-01 23:46:58.686625,-254.19893178901532,-63.93860159105332,-202.7718116698309,-24.679735401793526,-9.031091647169845,-44.65534534390845,-70.79123691758375,-100.72882445151181,56.70108651439905,397.7440691671607,-924.6929105943923,398.5195083728266
2025-09-01 23:46:58.702750,-207.0622332605123,-80.76818132619867,-209.2539337673186,-40.50171885262369,-25.075101307322264,-55.1363417485352,-79.3280489905232,-110.1932114939443,61.94459129247755,422.88020981862627,-926.2428706088853,401.5123691087304
2025-09-01 23:46:58.735000,-154.84863915932908,-92.94350260546238,-208.8961021528854,-53.751805750061,-37.54875304898064,-59.00246431618882,-81.25613215919674,-113.07976386669586,66.49491764122168,444.67163286379554,-923.805148984079,405.56583978868485
2025-09-01 23:46:58.745125,-98.65764659940504,-100.02510707116863,-202.4417493695425,-63.767904922723474,-44.94373038100455,-56.88289072864742,-77.36692219691179,-110.02359482677647,70.34825025450812,462.14456876843116,-917.1681030933286,410.5157694058849
2025-09-01 23:46:58.755250,-39.5221354543732,-101.64714138377529,-190.83858492430426,-69.58568994502622,-45.72008376181064,-49.62379586061587,-68.5976006471151,-101.93067754870238,73.58157209610818,474.80178627657443,-906.5875651121653,416.13843404949654
2025-09-01 23:46:58.765375,21.421126408045076,-97.62415289678057,-174.84537718862273,-70.03913480769442,-38.66323855036646,-37.98423643668401,-55.74982993195456,-89.66019481592959,76.3292344178814,482.6183122298708,-892.7282239899348,422.1062603628248
2025-09-01 23:46:58.775500,82.72057960139516,-88.16874568527201,-154.9659411584814,-64.17051421264401,-23.327906967559016,-22.62452017055593,-39.49369246224576,-73.97987561658297,78.75582240121001,485.9714398616,-876.5148643769986,427.94218096343485
2025-09-01 23:46:58.785625,142.47969954677458,-74.0048970397998,-131.60996556145167,-51.655742469437754,-0.2901825956197979,-4.251652625352727,-20.50589814525135,-55.691936458426774,81.02468028130258,485.53583945880257,-858.9689020058593,433.0460224093877
2025-09-01 23:46:58.795750,198.42023695957445,-56.31226816625848,-105.34262781793754,-33.026772271991284,28.876141531731037,16.217530793484293,0.40119057849852174,-35.76628699369925,83.26324805693876,482.1751146417722,-841.0989619149124,436.82544923448955
2025-09-01 23:46:58.816000,248.0901613794139,-36.63027217532727,-77.1664223955255,-9.74299598046949,61.722387348980405,37.53834422986256,22.12373417450299,-15.4294578872797,85.537823703072,476.8426487615044,-823.8450298368967,438.85910922223235
2025-09-01 23:46:58.823625,289.08430790098936,-16.853059701429704,-48.723236575459914,15.781721187025083,95.01788373852828,58.1084568685472,43.07067452963422,3.794386953873959,87.85018506738035,470.4905724986104,-808.0379546109035,439.0120483128688
2025-09-01 23:46:58.831250,319.30525009049614,0.7540080764879958,-22.25553288303457,40.33341218259002,125.00192323101088,76.0618993131585,61.11532891156255,20.14723410860737,90.1633075514478,463.9941236526913,-794.362394489451,437.4499151999815
2025-09-01 23:46:58.838875,337.29782143173895,13.72779608652341,-0.26501328378891503,60.41930849905973,147.9952349146511,89.48889919680072,73.91670310339869,31.857466626862262,92.4718182827615,458.1176523495376,-783.356034944128,434.5271540885299
2025-09-01 23:46:58.846500,342.52213413255294,19.829283445803544,15.03007029334953,72.98436455675568,161.16589093074725,96.74638898202063,79.5488608776375,37.47379551299074,94.90600678843036,453.52900450370885,-775.4621145672209,430.6241916838447
2025-09-01 23:46:58.854125,335.4734629801996,17.51473019067905,22.201067445530576,75.95812153705585,163.0675338495198,96.77753186573653,77.06127975764844,36.19027323530776,97.78809097359823,450.8137123205359,-771.0735287512587,426.0559135669228
2025-09-01 23:46:58.861750,317.6680452634803,6.261846891611033,20.901978086547473,68.52964511941782,153.81391637252887,89.36657967130897,66.6912224343357,28.068272784857776,101.56788760172604,450.437385578951,-770.499608026069,421.0994473980434
2025-09-01 23:46:58.877000,291.4863321408993,-13.284616504919615,11.954051011461125,51.25207098575983,134.95534069527318,75.2940422007471,49.79375885432145,14.119828016333896,106.66808372198355,452.6658331516566,-773.8740008763338,416.08677329061635
2025-09-01 23:46:58.891875,259.93660307035,-39.336003139316006,-2.7473569630880057,26.01616037462685,109.17832203805337,56.34523645883369,28.655712118032596,-3.783396178711847,113.32751496281772,457.49164231258834,-781.06741185916,411.4363008051942
2025-09-01 23:46:58.906750,226.37068972085848,-69.16860381833557,-20.509219835263444,-4.123982758463,79.94266117132146,35.118082675789765,6.210362958143269,-23.17238771718717,121.50403238100789,464.6002529536558,-791.642839965459,407.55814761619087
2025-09-01 23:46:58.921625,193.7918287539894,-99.5827747065927,-38.31946436688652,-35.37090224491173,50.980221107627706,14.56135482459406,-14.464824172495087,-41.39506149628274,130.85534618593462,473.37512988637985,-804.8619452135129,404.7402670047082
2025-09-01 23:46:58.936500,163.54013318059373,-127.63987067970903,-53.53649762724993,-63.97710121202106,25.51147118145116,-2.747810087061536,-30.896043479521815,-56.19568274373636,140.79107641505004,482.937836800699,-819.7424504416458,403.1351435230952
2025-09-01 23:46:58.951375,134.17763121448496,-151.4190318350363,-64.57562336222792,-87.19571047677937,5.436307910259556,-15.284765215556577,-41.888694973858,-66.28812490163328,150.57678104377146,492.24064401607376,-835.1642285492211,402.79614655068264
2025-09-01 23:46:58.966250,101.7089252499589,-170.30929700515577,-71.18051090652021,-103.80887998069369,-8.924130311105817,-22.8183205034629,-47.63721275393898,-71.56755792921165,159.46418565708657,500.21610295669234,-850.0086619193198,403.6807333689215
2025-09-01 23:46:58.996000,61.164024588877005,-184.6682014378371,-74.1231131211721,-113.91341343524363,-18.33960951713854,-26.151766258242148,-49.20197311599838,-72.85560618031566,166.81781191960562,505.94411732454773,-863.3004442789725,405.6504428915842
2025-09-01 23:46:59.007250,8.565935300085666,-195.20223744691026,-74.59088279304888,-118.24315681062339,-23.83898625133275,-26.586437879386896,-47.842738056993106,-71.39675764706524,172.20694082537676,508.78971202926215,-874.3226451725502,408.48106249581616
2025-09-01 23:46:59.018500,-57.65799511988661,-202.4806585310528,-73.59920507171226,-117.52519380269783,-26.03642087925968,-25.331195672013077,-44.62026660553121,-68.31653489785435,175.44027815598898,508.47443296443015,-882.6914421432324,411.85308853728776
2025-09-01 23:46:59.029750,-136.1911147569238,-206.74981169294,-71.63077197400884,-112.21233125640651,-24.920571973555447,-23.085321988654393,-40.281237797631896,-64.22214241342361,176.5399664446077,505.02869113235295,-888.3971153476317,415.390647803793
2025-09-01 23:46:59.041000,-223.11750096338383,-208.08210827479544,-68.62514365033076,-102.69323648133587,-20.184894877424835,-20.014822304492043,-35.34572618780834,-59.16672242223985,175.67685997943917,498.6233978150657,-891.8120680902537,418.79986839912686
2025-09-01 23:46:59.052250,-312.6909317180221,-206.7347906632639,-64.30352758459794,-89.7358600378383,-11.818747031279205,-16.095351904709567,-30.299399285887077,-52.98319908487905,173.10673775919494,489.4098519031196,-893.6289208229102,421.98039277318895
2025-09-01 23:46:59.063500,-398.37348447053296,-203.43071189590793,-58.57007817448543,-74.7193422342292,-0.4934229632103368,-11.490444461514436,-25.7029140147446,-45.67065799586358,169.13203940736426,477.49901851277644,-894.6992771012931,424.9978685293693
2025-09-01 23:46:59.086000,-473.9330038001909,-199.3520760464303,-51.661124747384925,-59.42564028576008,12.470146304708623,-6.631442451163973,-22.090677361455594,-37.509866533395,164.08143778170216,463.0571943655078,-895.8145574017024,427.97066353195856
2025-09-01 23:46:59.097250,-534.4091622324212,-195.83295670580688,-43.95488310788621,-45.5338768558405,25.444492594808757,-1.9698025043128176,-19.690666589148343,-28.88230824587297,158.2956195679251,446.4104765178918,-897.5157996019777,430.95221191950014
2025-09-01 23:46:59.108500,-576.759839625165,-193.89546981264613,-35.67116203579869,-34.15585721859205,36.96112730669612,2.3334491404476063,-18.15156997272248,-20.030342512609277,152.11834858909154,428.0872194658267,-899.9970446931536,433.8587337526231
2025-09-01 23:46:59.119750,-599.9883389091275,-193.93530803225957,-26.779547957339762,-25.695022853563852,46.08249099029802,6.477723816465763,-16.584844931492913,-11.006112607425171,145.88305832219012,408.77284009429803,-903.1114379116473,436.50340309082577
2025-09-01 23:46:59.131000,-604.8414145593401,-195.81586277660625,-17.238966348137016,-20.070609273842795,52.45244835241281,10.754198495585086,-14.082154328752729,-1.8620225469685094,139.88321996505326,389.19437220840854,-906.4512179927003,438.7426398816322
2025-09-01 23:46:59.142250,-593.4214621227286,-199.24810263251052,-7.371712612695815,-17.079455741012328,56.05944833540913,15.141163180715745,-10.380155647259299,7.0892093962815315,134.33971243756125,370.0039684661174,-909.4702400389298,440.630584348186
2025-09-01 23:46:59.153500,-568.903264682351,-204.0991810401673,1.9873637704704452,-16.605852235851003,57.000382134574636,19.122277727788042,-6.1001549209198105,15.18040307814439,129.39093929919304,351.7208054633284,-911.6226551715808,442.45016272018216
2025-09-01 23:46:59.176000,-535.2927107345158,-210.46218986539583,9.756742395703299,-18.59809478782062,55.40162776582842,21.92771247802058,-2.383222810530493,21.588342206876032,125.1103492233948,334.7259539391526,-912.4890969765319,444.5879793152479
2025-09-01 23:46:59.187250,-497.0491615414484,-218.52387339546644,15.157027455410319,-22.923713447114704,51.47534596372059,23.058276919866028,-0.2311693779124469,25.790172688627454,121.53174219564107,319.2793340557324,-911.8613623288019,447.33183277451855
2025-09-01 23:46:59.198500,-458.51800941184956,-228.29041256245233,18.213035363716667,-29.206722680064978,45.66898286478574,22.726374799569964,0.0449075955433296,28.0090980333109,118.66480567943378,305.54363255842037,-909.7565482231654,450.6995627193399
2025-09-01 23:46:59.209750,-423.3111675747496,-239.28197108154822,19.909559151807134,-36.69811174053192,38.8124730426722,21.922421140016183,-0.975830053598804,29.268830973410836,116.50529428588469,293.604122086121,-906.3413632614793,454.4061841855212
2025-09-01 23:46:59.221000,-393.72359514821,-250.3744062058403,21.92513236159813,-44.22473352759736,32.166951085413444,22.10720047165659,-2.025054682590379,30.996103499793946,115.04920225277748,283.47463012869383,-901.7972302759731,458.01638997009064
2025-09-01 23:46:59.232250,-370.2982347423982,-259.89593416489225,26.109569589763204,-50.25518001431427,27.347995596212584,24.742539908979605,-1.6196898672371671,34.50444742941528,114.30162388784342,275.0956033385833,-896.2173923421992,461.1635631438949
2025-09-01 23:46:59.243500,-351.89593713858756,-265.95827830868575,33.93148623569806,-53.188977292619654,26.01253004391768,30.86988222654583,1.4294364602288163,40.64958376462406,114.26922877995025,268.34076998054644,-889.6059459972452,463.61993078675283
2025-09-01 23:46:59.266000,-336.4488004794747,-266.9411232116468,46.0593731607573,-51.94856284446842,29.24809132617698,40.84828730506795,7.700954175147976,49.68754499897491,114.94281895976712,263.03957527996323,-881.9578953689426,465.1851031817094
2025-09-01 23:46:59.277625,-321.9499108041725,-262.02062078697355,62.16413156954221,-46.59423707711279,36.9946785921566,54.23940073896831,17.0821214200594,61.25169926851629,116.2801912203521,259.0068099512642,-873.3505962687635,465.59743033732235
2025-09-01 23:46:59.289250,-307.0971504922376,-251.56538427569956,80.92824664921449,-38.5041435378004,47.90263242306236,69.76209493198472,28.787345828952947,74.37373240461021,118.19009879644051,256.0734129661136,-864.0075634905039,464.5673852338737
2025-09-01 23:46:59.300875,-291.457670934882,-237.1450692013159,100.24163649267062,-30.031065875298097,59.641098345803826,85.37191403390356,41.41722620470454,87.5654404925716,120.51046582258735,254.1298032219637,-854.353884546598,461.84535706298067
2025-09-01 23:46:59.312500,-275.29872882530987,-221.05129296140495,117.61794061301187,-23.883381049756572,69.46077977286045,98.62147982388153,53.17520896009035,99.04175824300061,122.98306697658168,253.1806908994906,-845.073529586698,457.30199647234355
2025-09-01 23:46:59.324125,-259.2462147900945,-205.61348218691583,130.7206563410513,-22.4575824114268,74.83743013114399,107.23600876638851,62.268289904275804,107.0436122814565,125.25173828696714,253.36730763555187,-837.1010349866826,451.0383433950481
2025-09-01 23:46:59.335750,-243.90261183589558,-192.6710749248394,137.76337256245782,-27.251266665642913,74.05727258212514,109.61226882375284,67.2912996915428,110.12891855805859,126.90831553853837,254.91548329617416,-831.4858738703945,443.46776181968727
2025-09-01 23:46:59.359000,-229.52614358212006,-183.2663666747358,137.73205906650244,-38.452157527886456,66.6508485070613,105.09030189087802,67.43157435086799,107.42197971083606,127.57208481062065,258.0282025918648,-829.170706072518,435.3089413030005
2025-09-01 23:46:59.369625,-215.91761884727808,-177.4837628795303,130.5469898484948,-54.81225688987064,53.57593847965343,94.07058489485543,62.530435111109995,98.852351364786,126.9669925801092,262.7779738199183,-830.7721842978358,427.4752126304598
2025-09-01 23:46:59.380250,-202.59691638679163,-174.46174854583705,117.1711029443132,-73.8936261393933,37.038771900729415,78.0196970424664,53.08093731856282,85.27270059020385,124.97031107609477,269.0459989738317,-836.4322186850696,420.89537748075537
2025-09-01 23:46:59.390875,-189.11322754477135,-172.6491373697068,99.54709148963974,-92.65317830674731,19.93340790556763,59.30884187950256,40.197133891197716,68.344285578487,121.61882649541043,276.5395051727778,-845.7871414262128,416.33369336284846
2025-09-01 23:46:59.401500,-175.27878336518893,-170.27231996966398,80.31821506588219,-108.19696436571823,5.0642585014171235,40.87006891880783,25.544184484401516,50.26054116209948,117.073031726211,284.88340567984807,-858.0627219581589,414.2609282376753
2025-09-01 23:46:59.412125,-161.27368363421792,-165.82372938853996,62.39731641501169,-118.45577210947998,-5.510291895989185,25.720329533785318,11.149724685622077,33.435490222715316,111.56389202517562,293.72628809841234,-872.240845638394,414.79650871641985
2025-09-01 23:46:59.422750,-147.6467281933701,-158.39386124431763,48.45659011256968,-122.57492954583552,-10.762623525571613,16.405404763634856,-0.9471904835823652,20.153161185707155,105.35520090662044,302.7922042365745,-887.2244380338597,417.7199424203821
2025-09-01 23:46:59.444000,-135.23344849719155,-147.84852360323526,40.40782382872524,-120.97850151133274,-10.695620921816634,14.443957956890422,-9.134839911906193,12.135535496466069,98.73169865879792,311.8671229290341,-901.964599369769,422.53652577896156
2025-09-01 23:46:59.451500,-125.04443949581484,-134.89473004724798,38.982516310666675,-115.18704694141607,-6.279313543662769,19.916636530885874,-12.625612592187727,10.126362394604557,91.99852905148398,320.76176251811034,-915.5491853953138,428.5681200975242
2025-09-01 23:46:59.459000,-118.15426598355768,-120.96244531783272,43.550050625099544,-107.43359515664498,0.6896008177624349,31.356663005327626,-11.667584731068219,13.686336480840511,85.47723182778964,329.2910262438849,-927.2630998439857,435.0244059030486
2025-09-01 23:46:59.466500,-115.51031341355804,-107.84216860916655,52.319633404646176,-100.10111764742733,8.000778404949507,46.08479308443838,-7.429211273865687,21.360495341218144,79.49298019190685,337.2746079788354,-936.6338474879977,441.03778363217276
2025-09-01 23:46:59.474000,-117.59639393254687,-97.18399753022416,62.943091313781636,-95.12661484254637,13.68721055194175,61.00856834125249,-1.552064146442176,31.20661129700415,74.34824333071691,344.5443464245728,-943.4602395147112,445.7197962677672
2025-09-01 23:46:59.481500,-124.0901563207806,-90.05282615811477,73.24441402455278,-93.6055393408843,16.56398430730846,73.55796073895947,4.395419668472556,41.426191105658376,70.28017791340814,350.9534402316728,-947.7997213864334,448.31961898685364
2025-09-01 23:46:59.489000,-133.77307015045855,-86.70466648938756,81.71894607333927,-95.72334510738865,16.34277095940116,82.26081334671923,9.320531032418797,50.789981811938034,67.41398753636919,356.38925484851,-949.9082865595298,448.4779824905475
2025-09-01 23:46:59.504000,-144.8079969047944,-86.69093618459902,87.67476614608272,-100.97504924855366,13.3615998659673,86.75785138335551,12.811491067515288,58.70903608928657,65.73414988810977,360.7862954101351,-950.1603669974761,446.4362239586606
2025-09-01 23:46:59.515375,-155.2707455452075,-89.25030152038781,91.05642466526564,-108.54938678311828,8.165192162421771,87.42119280258791,15.084678249896017,64.98476894503712,65.08480945733446,364.134462765338,-948.9700879665824,443.00844225823795
2025-09-01 23:46:59.526750,-163.71847713646616,-93.74108313230879,92.0437821771246,-117.73115645145693,1.145270378817729,84.86344187946929,16.580076221352847,69.4529322587094,65.19364504063614,366.47435178539746,-946.7165147943183,439.2673834441733
2025-09-01 23:46:59.538125,-169.58380179663047,-99.86014514084954,90.66004979627411,-128.18474011091098,-7.640530211036892,79.5825182689928,17.41240723868426,71.77453532444903,65.70596959440442,367.860684043201,-943.6783479465129,436.1431713624309
2025-09-01 23:46:59.549500,-173.2380386737638,-107.62304268090195,86.64775503608111,-140.01546484041637,-18.44402360300057,71.84511229870914,17.11093286415856,71.44639025709272,66.22043244677171,368.2954515483051,-939.9982777094166,434.18678789216466
2025-09-01 23:46:59.560875,-175.67946332486915,-117.2213777825665,79.57899172433913,-153.56274118694637,-31.618250684905277,61.72386465232027,14.785910050219814,67.93062704856804,66.3293922318125,367.6854172641917,-935.7024744624299,433.537734444657
2025-09-01 23:46:59.572250,-178.0206235268551,-128.7939589665388,68.99401073182922,-168.9911543402945,-47.26888570011073,49.168386833643034,9.483321873256612,60.8034417088811,65.66979351396412,365.87639082453,-930.7715247830614,433.99571649238084
2025-09-01 23:46:59.595000,-181.08158990932546,-142.11606379543815,54.589444864105644,-185.88960256028557,-64.87686590842446,34.15238164448231,0.5300364090046689,49.93993197742244,63.97814348004759,362.74327765985424,-925.2194752035139,435.14901134767325
2025-09-01 23:46:59.602750,-185.18209269366696,-156.34341862415815,36.60179013346496,-203.0976658505248,-83.09829260578243,17.006181949623063,-12.114665002652169,35.7975835183855,61.133140951771956,358.26903505551314,-919.1402379754486,436.5101329927907
2025-09-01 23:46:59.610500,-190.05508328112194,-170.02388936756824,16.229165285837485,-218.84251231099032,-99.9643633220139,-1.1893877834222613,-27.539135045770088,19.684369468125862,57.178577529325935,352.56756554654095,-912.7131634122292,437.5887281080323
2025-09-01 23:46:59.618250,-194.95013827790316,-181.46527480314128,-4.333714141026228,-231.19568844148904,-113.50740601505298,-18.54592795991918,-43.886822191522796,3.6803444945035064,52.33977851572754,345.84697837970157,-906.18579710166,437.94451602837427
2025-09-01 23:46:59.626000,-198.94124566335225,-189.30424780804043,-22.436071537702958,-238.73925494901874,-122.46437664740039,-32.880115026450866,-58.91144135135429,-9.935350611236112,47.038730922384914,338.34138151330694,-899.8580856701616,437.2989868926025
2025-09-01 23:46:59.633750,-201.20609250218095,-192.94740390458932,-35.80315722830718,-241.06768046625643,-126.5842301017464,-42.516137948363536,-70.78782989183611,-19.429768548980896,41.87318753994528,330.2596831245582,-894.0688480081858,435.6514740755793
2025-09-01 23:46:59.641500,-201.12384353067375,-192.64706834646134,-43.20901132133307,-238.79141466374668,-126.44624415743378,-46.868518010484,-78.65766267098878,-24.09106345112283,37.52599186611215,321.7842391328342,-889.1619915859537,433.2947640368023
2025-09-01 23:46:59.657000,-198.2701265881363,-189.28336757530286,-44.70990139409661,-233.13459244560445,-123.09825905282085,-46.50818366699746,-82.70279712957894,-24.26855046722622,34.62725240448851,313.10456782390787,-885.4290022728035,430.73006701172545
2025-09-01 23:46:59.668000,-192.41589717627787,-184.03727476374414,-41.39330353999166,-225.42838854306203,-117.7264929363471,-42.740421625651855,-83.79931871034795,-21.04907748938792,33.62681117527146,304.4482293322237,-883.0559361920389,428.5668688442195
2025-09-01 23:46:59.679000,-183.57614899510128,-177.98879963912518,-34.805987598806674,-216.6892606776635,-111.31727142975859,-36.989748963487926,-82.90315896081574,-15.752219659236474,34.71976170456104,296.0912672792331,-882.0985981632772,427.45294437399804
2025-09-01 23:46:59.690000,-172.10877122541586,-171.75458511107956,-26.41936583041971,-207.45451185833542,-104.41162581204428,-30.397074228452837,-80.56893378435477,-9.528126605844438,37.837874869234554,288.3610798739177,-882.4866357212628,427.9772431513173
2025-09-01 23:46:59.701000,-158.79733643225882,-165.47231616840114,-17.472580804771628,-197.99564688054852,-97.20193331443171,-23.83361411519618,-77.02592758304426,-3.2890256860687277,42.69399499716688,281.64326280152625,-884.0483662937238,430.4918996103759
2025-09-01 23:46:59.712000,-144.84381721496285,-159.16566484539857,-9.15248408817418,-188.71395616681005,-89.90124973200896,-18.140209311584776,-72.6731476848573,2.112652226420304,48.85200478511384,276.36969958489124,-886.5461452130585,434.9245145851949
2025-09-01 23:46:59.723000,-131.74275526346065,-153.0907960258308,-2.7247347337766303,-180.35718459472997,-83.01544726084511,-14.235725511126827,-68.38852710898439,5.795519195088202,55.798110781233085,272.96046940235544,-889.7109289099299,440.7218251678731
2025-09-01 23:46:59.745000,-121.02761558659175,-147.71877150512222,0.6588451575337471,-173.8954842763044,-77.28085528240406,-12.946798144457592,-65.29314224340615,7.038023995628243,63.00114882021283,271.7339002273353,-893.2707734335427,446.9934813199082
2025-09-01 23:46:59.752500,-113.93613123153011,-143.4282534110994,0.3867668609740009,-170.1479170653715,-73.33818610451499,-14.673093892666927,-64.17297320171781,5.598807122547631,69.95869999274521,272.8264495521185,-896.9747270071375,452.77932357883043
2025-09-01 23:46:59.760000,-111.10891467143013,-140.24468898583143,-3.2554590217020003,-169.39287103073144,-71.41408833472634,-19.093304601399726,-65.01556655452684,1.9163974491900562,76.22733398108574,276.1535758514899,-900.6077344283773,457.2835318226667
2025-09-01 23:46:59.767500,-112.44119632702349,-137.82921497856887,-9.050677328349831,-171.19340101510147,-71.24180512580712,-25.10365770278376,-66.95139997966098,-2.9235793199842,81.43000235685916,281.4224542551468,-903.978323982397,459.9699319019308
2025-09-01 23:46:59.775000,-117.16790697530062,-135.62674110561727,-15.15817133562672,-174.51288056562905,-72.21392913611973,-31.059719494516283,-68.5317987086648,-7.417835118980211,85.24228092685655,288.1900630419426,-906.8770695755856,460.52598993682346
2025-09-01 23:46:59.782500,-124.14005785455393,-132.98045112772212,-19.540986755890582,-178.03293427311453,-73.5690515279659,-35.16020772351074,-68.06552278373869,-9.930984858364285,87.38563505108051,295.9430670057247,-909.0491081441854,458.79897504496995
2025-09-01 23:46:59.790000,-132.12754095142597,-129.173647742812,-20.321805448679147,-180.53252821508693,-74.48779513653601,-35.77491262490108,-63.92510502425887,-8.944721695246315,87.65465793833832,304.1708440588757,-910.2230615409547,454.8053698297895
2025-09-01 23:46:59.805000,-140.03470671304567,-123.54289502506067,-16.152600009021715,-181.2107374024143,-74.20272825971968,-31.76283451682567,-54.993977783875856,-3.380616951866935,85.96779640385867,312.41512108552365,-910.1840249674891,448.7879932170659
2025-09-01 23:46:59.820125,-147.04352422404517,-115.76175625136541,-6.708649448464568,-179.8754472571987,-72.24391048053106,-22.897281045529677,-41.25670077161915,6.929995915644827,82.40828841470403,320.2938351424807,-908.8459758748131,441.2091577249217
2025-09-01 23:46:59.835250,-152.69707077336682,-106.17235329044307,6.926439324980892,-176.94943043555244,-68.712694969837,-10.216685314306183,-24.19020656375832,20.873958112631552,77.22943026230404,327.50664587695815,-906.2893615134766,432.66110882933555
2025-09-01 23:46:59.850375,-156.84502826795625,-95.89518408267058,22.430025923690067,-173.23842710800707,-64.31228778166964,4.113593851245481,-6.54226342620435,36.184697786049014,70.81627398009105,333.8354273191028,-902.7560766733149,423.7944223541495
2025-09-01 23:46:59.865500,-159.44096157492854,-86.51828905751084,37.06121591694373,-169.47414233479108,-59.99196564698381,17.554553421694152,8.579345049845735,50.16851196231051,63.617760632794116,339.14910196190186,-898.6152029083166,415.3087755816578
2025-09-01 23:46:59.880625,-160.41610178562212,-79.45890941846316,48.629744085466704,-165.88650479160015,-56.429740175530405,28.111405198157033,18.788481921464808,60.61449827861977,56.07752479232802,343.4102764117863,-894.3141377670031,407.9133647990987
2025-09-01 23:46:59.895750,-159.7892641661613,-75.37964567638372,56.03067812940752,-162.1590050778879,-53.747477705356935,34.84284852312308,23.02762318742543,66.38340185038952,48.585278332110896,346.6748718064044,-890.322728633557,402.19250606886413
2025-09-01 23:46:59.926000,-157.8161154443213,-74.02934901749124,59.223077281920794,-157.80465663334357,-51.61128061116816,37.806754292700695,21.55790793579172,67.49859508958161,41.45456566611403,349.07998945337016,-887.0750471568459,398.48042063903705
2025-09-01 23:46:59.937000,-155.00262531217479,-74.57015061924857,58.83075525555524,-152.64997174369185,-49.59415384352403,37.62393541898908,15.505183298318123,64.78637121514417,34.91985109230191,350.82067656883675,-884.9121836893112,396.8672623124847
2025-09-01 23:46:59.948000,-152.07105229101435,-76.12778176118202,55.584984318041634,-147.13137678411974,-47.574085867869876,34.92137074421683,6.188278054679186,59.26616557600364,29.136723263476252,352.1171304739771,-884.0350306248137,397.29297856370755
2025-09-01 23:46:59.959000,-149.93026587283902,-78.24745587343624,49.91779236916791,-142.28966119477357,-45.95400628298915,29.945499735939656,-5.374727613641805,51.6785668600448,24.168982000897014,353.1730658772377,-884.4815757038695,399.6140624987459
2025-09-01 23:46:59.970000,-149.6094211750047,-81.11488575279377,41.92293581720497,-139.49559679003923,-45.63969758047377,22.515470791036112,-18.533514098745307,42.37102861463219,19.966988586556266,354.13226394301887,-886.1340685195069,403.59691693454494
2025-09-01 23:46:59.981000,-152.13894618394036,-85.50591923054965,31.54535716776897,-140.08338053278266,-47.829987136463465,12.22978716812572,-32.87917866444625,31.408977665690152,16.366628080529615,355.05040876436243,-888.7468149130943,408.8373377810811
2025-09-01 23:46:59.992000,-158.32838860201448,-92.43636012141131,18.790468418076042,-145.04445215613765,-53.6446413601242,-1.2104679418536752,-48.13513346468706,18.825809109845178,13.128905111246931,355.89438340342485,-891.9824257260357,414.66391665137195
2025-09-01 23:47:00.014000,-168.43345086375683,-102.61803015324826,3.974761871565208,-154.76248129798225,-63.650501338368755,-17.602976406895653,-63.92167544203311,5.020157932438106,10.005853892924593,356.5660087496973,-895.4523220463252,420.1597416392563
2025-09-01 23:47:00.022500,-181.85312387159604,-115.98330641776442,-12.000550060119762,-168.75236455239616,-77.4625115529649,-35.89554267522527,-79.42738446431613,-8.945808129553571,6.803504282293049,356.94073263735584,-898.7648585745337,424.3507457109336
2025-09-01 23:47:00.031000,-197.0211568255746,-131.50991391006167,-27.5546574320315,-185.4927799108448,-93.58937788676604,-54.12347143019185,-93.32093419949429,-21.430457966029824,3.4254578433487084,356.90660961259636,-901.5799230593851,426.45198101290185
2025-09-01 23:47:00.039500,-211.60281902677764,-147.45032689008238,-40.62822524436569,-202.51477327119562,-109.61114082754987,-69.74703297623432,-103.99621313001522,-30.610876616706594,-0.09828752194948157,356.38343857786396,-903.6478015188621,426.07128658871085
2025-09-01 23:47:00.048000,-223.0066202088922,-161.88475028463313,-49.0791687898182,-216.82936375379745,-122.6851927998443,-80.23740096931392,-109.92589685834362,-34.92739653279015,-3.592590562095238,355.3164182905195,-904.8063787264122,423.3451385284489
2025-09-01 23:47:00.056500,-228.98622088392725,-173.3044007371409,-51.075954370144125,-225.5751608123628,-130.2205244561226,-83.59970891213234,-109.93574752700762,-33.38096774549827,-6.749246183080022,353.663092597638,-904.9507471587552,418.965859075614
2025-09-01 23:47:00.065000,-228.05254692961904,-180.95509992640402,-45.41090878546002,-226.66425249433175,-130.46949286544853,-78.68814521172173,-103.39790100804508,-25.668899562571916,-9.191392579590863,351.39470407729215,-904.016001108793,414.0217875370625
2025-09-01 23:47:00.082000,-219.65024326647924,-184.90124117218332,-31.786923339417722,-219.2605886507261,-122.85983341723072,-65.42281662658687,-90.41159305256843,-12.262215271503278,-10.572796596988075,348.516421680432,-901.9883820986972,409.65395327002085
2025-09-01 23:47:00.092375,-204.18701586012978,-185.91993601921894,-11.047995405290425,-203.98142201166408,-108.04742463601305,-44.96830291941027,-71.96670555666464,5.5365348619948,-10.668779940743592,345.09556063191394,-898.9304295792482,406.7098836997007
2025-09-01 23:47:00.102750,-182.96761283350799,-185.3690596494615,14.752210771380655,-182.7860512425617,-87.80552408580809,-19.767391942109427,-50.01803883758884,25.601425386859592,-9.42835163508225,341.2802285134318,-895.0011006975245,405.5856276830853
2025-09-01 23:47:00.113125,-158.00839373913942,-185.10300825082655,42.53099743139967,-158.6156763152779,-64.79321596559991,6.709469713367993,-27.352530099579052,45.15088450767826,-6.9832531994984235,337.2984645046005,-890.4572340270637,406.2624894153785
2025-09-01 23:47:00.123500,-131.6881575645336,-187.3552068073759,68.647607534536,-134.88869189915417,-42.127911378383956,30.53530479366533,-7.178873456374246,61.157939627999355,-3.623583620142987,333.4403814973123,-885.6335042628443,408.4485886800899
2025-09-01 23:47:00.133875,-106.33738920060352,-194.44940964648626,89.52422476085742,-114.96210089863006,-22.848492573369047,48.03145704459801,7.412287817632163,70.89074596135275,0.25036548418744187,330.02741930545375,-880.9098922644538,411.73005178665
2025-09-01 23:47:00.144250,-83.88211792025245,-208.30356440572675,102.21177877619891,-101.61139921580939,-9.42237835715821,56.37585971364308,13.924709751822526,72.38610668737186,4.194017765038293,327.37076166501356,-876.6754711950616,415.6220551076979
2025-09-01 23:47:00.165000,-65.50075118498043,-229.84874474494367,104.8922732635775,-96.51827232896512,-3.272533477581923,54.0990747469352,10.886683681762909,64.83328332922713,7.79591080968875,325.7228356823025,-873.286898693605,419.5355627387103
2025-09-01 23:47:00.173375,-51.38989240638169,-258.608871765506,97.33666147655775,-99.8745241548537,-4.419840525147025,41.47765183558949,-1.7256450766563958,48.87045054759491,10.751160980111552,325.2302952363716,-871.0189142989285,422.84122709592026
2025-09-01 23:47:00.181750,-40.834541558067905,-292.6838407796944,81.1375662745274,-110.30697068968574,-11.500450618826806,20.650247851885997,-22.24464288707242,26.65783037543225,12.906129134453492,325.90623504946046,-870.0214597537476,425.0716578001316
2025-09-01 23:47:00.190125,-32.479809016368,-329.24198957438784,59.51193887062061,-125.16615774424434,-22.140971031247048,-4.710519609866891,-47.506476253390225,1.628913612426045,14.259631448749298,327.6431158488056,-870.3141395247978,426.0694694340919
2025-09-01 23:47:00.198500,-24.628251992941156,-365.35615969583057,36.681947489317906,-141.05725741031176,-33.45077191852258,-30.118729129908278,-73.5252452652264,-22.03611370275862,14.929120749498809,330.26513355359674,-871.8276126141312,425.97544870959683
2025-09-01 23:47:00.206875,-15.570984546036051,-398.7208940633847,17.026081904481703,-154.47822106182778,-42.508661204140516,-51.16765601964295,-96.34791163780362,-40.1328161123189,15.100743490728187,333.5855784083881,-874.4554174196734,425.113180649498
2025-09-01 23:47:00.215250,-3.9008666206873324,-427.90487719201064,4.215944463944666,-162.43358937511877,-46.82592498585861,-64.37696629695164,-112.75277753270356,-49.25129951115157,14.97822341500954,337.43712542052435,-878.0743960509874,423.8298062904742
2025-09-01 23:47:00.232000,11.260114632918116,-452.2943299910023,0.5221335365172068,-162.93167211994637,-44.783199951286754,-67.84874438683063,-120.72185910873797,-47.4912519154845,14.74126141369282,341.6722910650862,-882.5310688061385,422.38354090450963
2025-09-01 23:47:00.242500,30.0313017751777,-472.0592463478907,6.438478970819671,-155.35593866293033,-36.026023112614574,-61.60043949002712,-119.74331620339379,-34.84415843729144,14.521514462820678,346.14460389158364,-887.6194607196874,420.9609321253586
2025-09-01 23:47:00.253000,51.55228080910756,-488.16854799609877,20.68175838628486,-140.6619580741884,-21.687044170780403,-47.47671869635761,-110.89759972212134,-13.162718262445905,14.3974040316101,350.67534251334104,-893.0712951066056,419.76256611046466
2025-09-01 23:47:00.263500,73.98424389330626,-502.25670434507316,40.534668375724046,-121.24766605185383,-4.231726594332835,-28.670357673213246,-96.619877159736,14.207034521495196,14.401084540131889,354.999094581534,-898.5525401242787,419.0224930441396
2025-09-01 23:47:00.274000,94.83940727982886,-516.2715006420403,62.44325754308071,-100.45168380101313,13.081514169458954,-9.018045575871719,-80.15156191276094,43.01574248804098,14.530119507275293,358.6999826423828,-903.6541840396801,418.89087309605253
2025-09-01 23:47:00.284500,111.49820074180444,-532.025258563561,82.6934166226771,-81.87309624190875,26.877274644468063,7.7111195764516305,-64.89606315076529,68.80582838847225,14.760775546266506,361.20250528480966,-907.9010222359872,419.24617628274274
2025-09-01 23:47:00.295000,121.75682582629678,-550.7745207563343,98.01530320737056,-68.71982362261069,34.28359456660245,18.411787896707484,-53.87687339931972,87.62484300816608,15.06082558279068,361.8688512834573,-910.8135610984515,419.642099975999
2025-09-01 23:47:00.316000,124.3524951605313,-572.8863497480928,106.12581812029644,-63.2305129792935,33.50913028668825,21.147353209655858,-49.27277548131361,96.7192956974318,15.397060084365327,360.1662431205514,-912.0121727392826,419.503092300387
2025-09-01 23:47:00.323750,119.32951438749824,-597.6597503206755,106.21458592105658,-66.21137485277096,24.299738696874435,15.55056096040907,-51.958548308515816,95.09819957159182,15.733974981773327,355.82064196109684,-911.3116423897078,418.4181923071565
2025-09-01 23:47:00.331500,108.04694241764136,-623.3493370442584,99.20264462787448,-76.86038695768313,8.020328114443695,2.944362959186709,-61.17556848723404,83.74674981443984,16.027765075235926,348.91027468844874,-908.7684073480947,416.3265943278721
2025-09-01 23:47:00.339250,92.84891653685452,-647.3405354610653,87.57646737226887,-93.05791928114611,-12.765395639413837,-13.986562011709621,-74.6068161251184,65.34632142775777,16.224314673663386,339.91720191163233,-904.6934442925688,413.51389292046525
2025-09-01 23:47:00.347000,76.60746364787124,-666.4181877746084,74.81528802350581,-112.05394399561312,-35.03068495090246,-31.89517377544537,-88.96115391530913,43.588377010899066,16.26558124593344,329.7515503848514,-899.6532035110456,410.4410337079483
2025-09-01 23:47:00.354750,62.2936136957708,-677.1730458311552,64.65277856662598,-131.17931060841272,-55.97166510417274,-47.52184872347891,-100.8055520447297,22.36539323559988,16.102761935622787,319.6878428460895,-894.4298116128201,407.53249892625996
2025-09-01 23:47:00.362500,52.57640125047543,-676.627189092843,60.38257519442992,-148.31076043424133,-73.46049188475564,-58.24885510400559,-107.30691761957047,5.089981237198921,15.712413810275972,311.1592508958039,-889.904312056278,405.0816739034124
2025-09-01 23:47:00.378000,49.397157314566385,-663.0236800350422,64.2481087057213,-162.15377506544172,-86.33289573330802,-62.47484297491114,-106.77210339655545,-5.808019774825501,15.111173432159736,305.46680811165794,-886.8910120532236,403.2860825363294
2025-09-01 23:47:00.389000,53.63011142729753,-636.5013630017099,76.95531056828632,-172.37819705078704,-94.49329117342472,-59.87603190729582,-98.98011706847761,-9.2365662613718,14.361190414960587,303.5177974003463,-885.9844608808296,402.26357367766906
2025-09-01 23:47:00.400000,65.00697011967955,-599.3660342056693,97.46278752209193,-179.48579690544736,-98.75839810208178,-51.47818837138121,-85.23338164526336,-5.58756477130639,13.557133700654648,305.6667078671369,-887.4491925093296,401.97076278236756
2025-09-01 23:47:00.411000,82.2766766653149,-555.9416431789199,123.22297837132038,-184.43590973606766,-100.50824847523006,-39.36706837923865,-68.01771480279427,3.4647824280204973,12.798104731877077,311.6698112569192,-891.1481733687275,402.1461568853618
2025-09-01 23:47:00.422000,103.47978207506078,-512.096703889992,150.8863976391459,-188.21736714182808,-101.23298339652005,-25.9843299485485,-50.26827666129912,15.556221603189629,12.161370461627593,320.73501796377457,-896.5208087961896,402.38533357913576
2025-09-01 23:47:00.433000,126.30602377546055,-474.41326146922313,177.1896038163608,-191.52079980557255,-102.07172945106973,-13.316541149095697,-34.5034062981109,28.381596675194462,11.689628426832991,331.6574091827141,-902.6531942968815,402.28273414109077
2025-09-01 23:47:00.444000,148.4672598603737,-449.07888494627264,199.6058144726679,-194.61623101244555,-103.55675857437565,-2.4605804731672363,-22.260575846498476,40.206356954293824,11.390207957607688,343.0295434904183,-908.4525727506795,401.541585414791
2025-09-01 23:47:00.466000,167.9594755961861,-440.86746886584467,216.53748646471513,-197.48690378135086,-105.7022171608842,6.260829992457649,-14.08782555744101,49.932558148754964,11.240175172230053,353.48261365315653,-912.8699308883259,400.03463349751956
2025-09-01 23:47:00.477000,183.20659109498942,-452.5300451373463,227.1397040078152,-200.11852144060154,-108.32307312552571,12.848162412963767,-9.962272836219894,56.83867887465206,11.19157939386475,361.8969716139122,-915.0963979090255,397.84828854886547
2025-09-01 23:47:00.488000,193.1625069187848,-484.59956237882596,231.02176284372777,-202.72651258410625,-111.34820638811141,17.17774661613015,-9.758292333619366,60.29156980145256,11.170784655474728,367.5447062682826,-914.6909564298646,395.32190057956774
2025-09-01 23:47:00.499000,197.38072597199454,-535.3889951419454,228.0935620373205,-205.7395336869148,-114.91741860810897,18.862483046671734,-13.411288515857736,59.70109831335289,11.070312597985115,370.1625410617676,-911.6339408671814,393.033218281654
2025-09-01 23:47:00.510000,196.04426133669173,-601.0286831599547,218.71323069707665,-209.5100997181314,-119.14998303921169,17.5459349487321,-20.683164345383034,54.78982079790543,10.742405201643285,369.9610241460773,-906.3135379975115,391.677592437412
2025-09-01 23:47:00.521000,189.96285234775084,-675.6954096052679,204.02327066772085,-213.95235853519338,-123.75876819160445,13.419521477877948,-30.76390414265583,45.98583250791773,10.011212614220105,367.5610965336765,-899.4452269412834,391.8619582910554
2025-09-01 23:47:00.532000,180.4644964006319,-752.3057440836446,186.1253669215292,-218.42639608848015,-127.9216265559805,7.540831061837792,-42.08409463978551,34.61622214605892,8.711465871244764,363.85689953245253,-891.9346978197852,393.91472520115127
2025-09-01 23:47:00.554000,169.09985814895373,-823.6628664586507,167.80032832474055,-222.014708920794,-130.6043161637862,1.6576018100501906,-52.56153784973702,22.68770852410978,6.738648241000573,359.8360543757227,-884.718816812018,397.8228363298852
2025-09-01 23:47:00.565250,157.24500595527977,-883.7203928139269,151.8071515334236,-224.0213450419538,-131.1015976624908,-2.4154380685125956,-60.199171278954836,12.307995658182001,4.084827438671541,356.40310309405936,-878.6198309591668,403.2948526493706
2025-09-01 23:47:00.576500,145.79606766965293,-928.5258871837091,140.11140828435177,-224.36536319648835,-129.43332606128894,-3.50734337669806,-63.71493874811865,5.037286664111474,0.8464796462743663,354.2430621781199,-874.2329608086565,409.8510922691292
2025-09-01 23:47:00.587750,135.0542582057577,-956.4821382403527,133.46047337650447,-223.6569233409259,-126.40225073664638,-1.4421765482506448,-62.843866252621034,1.5071206228597125,-2.794374887621874,353.750185024458,-871.8571682861084,416.92296928611
2025-09-01 23:47:00.599000,124.80996295186998,-967.8654490556178,131.5046664315557,-222.96023799517587,-123.28273049315303,3.177188273829004,-58.14681734559765,1.4813514503553316,-6.608249947951742,355.02912539095877,-871.4726123805666,424.0029496921655
2025-09-01 23:47:00.610250,114.64379549535656,-963.997777159258,133.30194255810747,-223.33018040914922,-121.22049688636602,9.527844721319159,-50.519326565663846,4.254852630746266,-10.362217720956476,357.94862079059715,-872.7684283741752,430.7491103324815
2025-09-01 23:47:00.621500,104.34872262073864,-946.6171028838235,137.817916366256,-225.2670587592626,-120.62446869264583,17.012319137305486,-40.794578085506785,9.074522384643744,-13.854544247972491,362.21228694683305,-875.2234309098814,436.9339040443061
2025-09-01 23:47:00.644000,94.18719912058937,-917.6783655761525,144.1170258783297,-228.40478703220387,-120.95943327810735,25.301020934145132,-29.67688411430743,15.300072740050993,-16.93357789770658,367.4222121575304,-878.2215949561265,442.34290073557105
2025-09-01 23:47:00.651500,84.7882692921874,-879.472928009344,151.22034133472596,-231.71386682363848,-121.1088602590788,34.027770218358555,-17.95736448184607,22.26946551274689,-19.503464458739682,373.1323193836423,-881.1611817588586,446.7663107532945
2025-09-01 23:47:00.659000,76.79622448790016,-834.8150234324974,157.85643727616275,-234.1025436912358,-120.05202434899026,42.44452200686311,-6.779606230873209,29.071453650522315,-21.517529598220005,378.8954822569786,-883.5290872117226,450.0550558086314
2025-09-01 23:47:00.666500,70.51780558915868,-787.0292304631151,162.39198946348327,-234.99709948741176,-117.43030002940368,49.34830275810045,2.307016368194721,34.46743649671338,-22.95486154834051,384.30150175006975,-884.9448958306891,452.1459106797045
2025-09-01 23:47:00.674000,65.7642406727087,-739.6273523821109,163.04487811217282,-234.59620584239974,-113.74216835241575,53.33822466218193,7.594842617522477,37.04200322108242,-23.784656905788665,389.0013314925284,-885.188210423312,453.0000544184796
2025-09-01 23:47:00.681500,61.95691231817724,-695.8350312487491,158.2410829272258,-233.76563258490387,-110.16187820285083,53.17642908882101,7.61932501870722,35.480703565707884,-23.943982221239036,392.7222167867911,-884.2111418736316,452.49944484083113
2025-09-01 23:47:00.689000,58.34092826051926,-658.1740401702801,146.96761791001512,-233.68448056514433,-108.11719028971616,48.06061067162345,1.5456585972395598,28.877114884281333,-23.352765304045686,395.28297168531736,-882.1295967898744,450.457932056228
2025-09-01 23:47:00.704000,54.14604275704796,-628.1315155945509,129.0963828537662,-235.40790923543167,-108.7794805744402,37.84866568409463,-10.524246983336182,17.05033541229094,-21.955908799313896,396.60987235622366,-879.1896252379855,446.80470642041
2025-09-01 23:47:00.715375,48.82432188388402,-605.929285323821,105.61732980124482,-239.48370953942188,-112.59481294869097,23.27829317648596,-27.41074199449663,0.7960311681032767,-19.758600527993345,396.7445583094242,-875.7159434397428,441.77525354791584
2025-09-01 23:47:00.726750,42.417954264444816,-590.5241326591537,78.63442262892875,-245.68544417754984,-118.9930690221028,6.0500507086491355,-46.99301061720064,-18.0792890002001,-16.83275774109157,395.83698814520847,-872.0563961833792,435.95201742841965
2025-09-01 23:47:00.738125,35.69731791224703,-579.9407410873688,51.022396768543985,-252.99667135855236,-126.46627916037019,-11.405004935274844,-66.62629081922215,-37.03566157626381,-13.295708496101149,394.12335730361826,-868.5348700253545,430.18273238317494
2025-09-01 23:47:00.749500,29.81564682308426,-571.8572125256609,25.772564435287062,-259.9848159118096,-133.09351869597498,-26.515036776580793,-83.72417424686944,-53.362486710684706,-9.275442577992079,391.8925528969192,-865.4205568585818,425.44992550537
2025-09-01 23:47:00.760875,25.759317396416943,-564.2224450156743,5.251215397188404,-265.39003155788896,-137.2622689392236,-37.30095725769438,-96.31706602675925,-64.84791492220675,-4.8844655325660495,389.44532308073053,-862.9116908609594,422.6648620490899
2025-09-01 23:47:00.772250,23.98967434746232,-555.6856235830595,-9.291223241858013,-268.5639583944293,-138.20157694385455,-42.87634198283804,-103.39150601752449,-70.27174319235097,-0.21943354566490167,387.0524912039032,-861.1259594643079,422.3945172211009
2025-09-01 23:47:00.795000,24.384566526286758,-545.7076656481307,-17.762619588312447,-269.5721362256104,-136.10678831347158,-43.4658229831407,-104.91315659645484,-69.516375002768,4.618712206681177,384.92125551417075,-860.0958468311132,424.677171054191
2025-09-01 23:47:00.802500,26.44398915848839,-534.3505661903688,-20.884905217309527,-268.9541266217651,-131.81606399630058,-40.00140171793184,-101.56734864097409,-63.30589970231553,9.504465258784776,383.1768331176882,-859.7739137847694,429.02060981290293
2025-09-01 23:47:00.810000,29.66641680527303,-521.8841558065694,-19.70134317704059,-267.2575520452235,-126.22043876567392,-33.577713314713414,-94.36139661091967,-52.77191488079858,14.277621107441357,381.8638442757608,-860.0529239328863,434.50882143066843
2025-09-01 23:47:00.817500,33.838062641694385,-508.4414249334552,-15.20821483592558,-264.6601213916083,-119.81296413878522,-25.054454912186195,-84.28930259000268,-39.0962072012683,18.738502704868267,380.96814473247605,-860.7999774295155,439.96094284445036
2025-09-01 23:47:00.825000,39.01395721486621,-493.8833048161584,-8.224576049856294,-260.9440930019548,-112.6298780242887,-14.914883069000254,-72.16597774789453,-23.342994707558717,22.649709995024566,380.4481160877177,-861.8925705078346,444.14990370319475
2025-09-01 23:47:00.832500,45.308348340456206,-477.8319999985039,0.6291285831053578,-255.69638112108487,-104.41624378092382,-3.2901645782022455,-58.56145778786674,-6.38576618013741,25.757315985288347,380.25705849793627,-863.239274669262,446.04250746092504
2025-09-01 23:47:00.840000,52.77650358692509,-459.75585792411704,10.952014710592259,-248.4456397790912,-94.75128946056681,9.933852283409989,-43.785749729770686,11.13920799436017,27.833746123133256,380.3496237592509,-864.7807461573037,444.9956088026743
2025-09-01 23:47:00.855000,61.44438678641478,-439.12470309547206,22.467424540630763,-238.71525574328865,-83.1532116129861,24.874796714703177,-28.024135346198378,28.73765472268671,28.724965469697427,380.6803811401634,-866.4827325436116,440.88798803783953
2025-09-01 23:47:00.866250,71.31932183706891,-415.7241671860538,34.74138506646395,-226.16818887220623,-69.32224638080406,41.27507325061384,-11.638905258358113,45.78886578773312,28.38189958977755,381.20368305808785,-868.3287072930144,434.173459904529
2025-09-01 23:47:00.877500,82.29104271551554,-390.0274726987261,46.91876253333572,-210.86331586876273,-53.456842131255236,58.202019271243614,4.56718060006446,61.326683699530506,26.86699310901388,381.8755474608675,-870.3055675858164,425.7717145666625
2025-09-01 23:47:00.888750,94.03542050732186,-363.29853116079477,57.74986535610666,-193.4078149248594,-36.36796706008165,74.11261724915597,19.373276683357346,74.11696672422629,24.33683039785352,382.6549474156464,-872.3795362253173,416.72599801769394
2025-09-01 23:47:00.900000,106.04140080462918,-337.23864649663574,65.96606291348756,-174.82439678482666,-19.26167332622597,87.34960102613178,31.515478218524443,83.05997657085125,21.009702495134473,383.50487643189246,-874.4776981618489,407.76880145980755
2025-09-01 23:47:00.911250,117.7025334704251,-313.4014501700642,70.78967277856347,-156.22673002704988,-3.35673311558788,96.80038272146503,40.19456244610211,87.68778760667064,17.133528050637082,384.39391834460264,-876.4930601295688,399.122858067643
2025-09-01 23:47:00.922500,128.3914203082318,-292.7524011826516,72.2583146184573,-138.57265315535074,10.418401669339124,102.3109218377762,45.36795216483792,88.42072356769951,12.96428134189086,385.29839716034036,-878.3119609247717,390.6977900834689
2025-09-01 23:47:00.945000,137.55970861631343,-275.55919561619436,71.16178328438359,-122.63954196086681,21.533722468708675,104.61563033877981,47.63981908758423,86.39434252740374,8.751721395855725,386.2058150139947,-879.8460372569141,382.4823634275795
2025-09-01 23:47:00.956250,144.82104847715505,-261.6009553697039,68.60714401721195,-109.14218310286513,29.762609807952227,104.84765745791617,47.828547811293355,82.95051203697223,4.726020111631925,387.11751593331894,-881.0543457745764,374.8176491712209
2025-09-01 23:47:00.967500,149.88033818539583,-250.52281295788404,65.44276259201416,-98.8601420649831,34.95368907930501,103.92270367748328,46.482424460787676,79.09222777685582,1.0871056317411083,388.0461934855868,-881.9517517920336,368.404864167816
2025-09-01 23:47:00.978750,152.41432193336001,-242.02565115591,61.882786915555634,-92.65517133114717,36.860446594331044,102.1415710899099,43.64195267982644,75.20757545848302,-1.9959691251520255,389.0072280034405,-882.5921265430885,364.1300752992457
2025-09-01 23:47:00.990000,152.11724283598832,-235.7436926770744,57.51418275614274,-91.30192821719123,35.179871905720574,99.17789258858262,38.93294064238846,71.14492429488149,-4.3771242251185845,390.00733628969454,-883.0167539966126,362.87047728558804
2025-09-01 23:47:01.001250,148.81333119000575,-231.05793959991388,51.546713674409126,-95.2659391677688,29.693394818877657,94.32552494403485,31.797841409577185,66.45084770222695,-5.932518203765056,391.03586565260304,-883.2003553970698,365.28447435527374
2025-09-01 23:47:01.012500,142.43828182962346,-227.13177803211244,43.100542022033814,-104.62880414517409,20.33986925732455,86.81118036468885,21.69395887237659,60.592697295525454,-6.577160548565059,392.06253330692795,-883.0441314212384,371.50677334733365
2025-09-01 23:47:01.035000,132.99002775068462,-223.09727076653203,31.516983492589077,-119.09194285706685,7.276325447781353,76.1291688184138,8.315328663475873,53.189712701616386,-6.288716852697442,393.04022159474226,-882.4190378363868,380.89843244870013
2025-09-01 23:47:01.045351,120.64303165160285,-218.15071022724513,16.701826610997863,-137.85259851325756,-8.945846125973471,62.36793752554635,-8.102242476907962,44.27528996820991,-5.122313319716083,393.90898503772934,-881.223286932785,392.1118098929879
2025-09-01 23:47:01.055702,105.99420769034768,-211.45446209609324,-0.6313140874006781,-159.3746584460174,-27.154583979236104,46.391511410377184,-26.53304662918093,34.465743586167555,-3.2090826715560095,394.6020007903015,-879.4233927986725,403.47419642264214
2025-09-01 23:47:01.066053,90.24952491579491,-201.90036722895235,-18.95931035855419,-181.32813270140414,-45.48150676034504,29.7586710489076,-45.160258243888606,24.91063857283086,-0.7398233207829907,395.0564556867128,-877.0700107156536,413.4378614949613
2025-09-01 23:47:01.076404,75.18938217261126,-187.91191447116805,-36.19867977542837,-200.88118044332023,-61.55270384929605,14.411901694954832,-61.652161819036806,17.048285526893896,2.0597150000285773,395.22676047512823,-874.2946552580647,420.87372504960814
2025-09-01 23:47:01.086755,62.86965258034374,-167.53043717509826,-50.07689679508255,-215.20785662935867,-72.8865538440277,2.3210378243286116,-73.5774945909523,12.325726575739694,4.955039132407444,395.0933041961124,-871.2938398029878,425.19378142876036
2025-09-01 23:47:01.097106,55.144562919479,-138.89400931851938,-58.47920877841348,-222.0003173490648,-77.3799556884384,-4.769489197110656,-78.81349925155945,12.000419509413648,7.727121046492869,394.66465844413443,-868.3041044249248,426.3938152350875
