timestamp,CH1,CH2,CH3,CH4,CH5,CH6,CH7,CH8,X,Y,Z,TEMP
2025-09-01 23:46:48.945000,-81.12,-0.78,-107.835,-169.26000000000002,-70.2,-94.965,-140.4,-168.285,16,497,-807,384
2025-09-01 23:46:48.945200,-53.04,64.74000000000001,-13.065,-110.565,0.195,-8.58,-27.3,-77.61,16,499,-807,384
2025-09-01 23:46:48.945400,-124.8,6.4350000000000005,-78.0,-196.17,-67.08,-68.44500000000001,-82.875,-166.53,20,512,-813,320
2025-09-01 23:46:48.945600,-110.955,37.245000000000005,-60.84,-144.10500000000002,-23.595,-49.725,-95.16,-149.955,20,512,-813,320
2025-09-01 23:46:48.945800,45.825,102.18,-14.04,3.315,62.79,6.045,-58.695,-75.075,20,509,-827,384
2025-09-01 23:46:48.946000,39.0,146.445,111.93,-35.88,78.39,102.96,94.965,21.84,13,512,-819,448
2025-09-01 23:46:48.975500,-59.28,94.77,49.92,-148.785,7.605,45.825,28.665000000000003,-46.41,18,509,-816,384
2025-09-01 23:46:49.005000,-220.545,-0.195,5.655,-242.385,-68.44500000000001,-1.56,-5.655,-69.22500000000001,19,510,-816,512
2025-09-01 23:46:49.017714,18.525,24.96,-88.53,-41.535,-26.52,-92.235,-104.13,-151.32,19,509,-811,448
2025-09-01 23:46:49.030429,56.355,73.905,-29.055,-48.36,2.73,-22.815,-43.68,-71.955,12,519,-821,448
2025-09-01 23:46:49.043143,35.295,72.93,-21.84,-54.795,-1.95,-6.24,-42.51,-66.69,12,519,-821,448
2025-09-01 23:46:49.055857,43.68,129.48000000000002,8.775,-1.365,55.575,13.845,12.48,-47.775,5,520,-828,448
2025-09-01 23:46:49.068571,60.06,185.445,51.675,13.65,97.305,53.04,46.605,-20.67,16,514,-829,384
2025-09-01 23:46:49.081286,-12.675,128.895,10.92,-60.84,34.32,8.58,-19.5,-73.125,15,519,-828,448
2025-09-01 23:46:49.094000,-174.13500000000002,26.91,-66.105,-209.82,-76.83,-62.205000000000005,-118.755,-148.98000000000002,17,521,-824,448
2025-09-01 23:46:49.103571,-14.625,17.745,-53.625,-107.25,-51.675,-54.6,-27.69,-47.97,16,521,-821,448
2025-09-01 23:46:49.113143,33.735,114.855,-27.105,-39.39,-11.7,-26.91,-24.57,-29.64,23,509,-810,512
2025-09-01 23:46:49.122714,-31.59,117.195,-25.155,-91.455,-21.84,-21.06,-44.46,-57.330000000000005,22,512,-810,448
2025-09-01 23:46:49.132286,-22.035,134.745,42.9,-99.84,-2.535,51.675,73.71000000000001,39.975,22,512,-810,448
2025-09-01 23:46:49.141857,92.625,199.875,110.37,28.275,74.88,107.25,125.385,104.52,29,504,-811,448
2025-09-01 23:46:49.151429,183.69,214.5,85.02,106.08,96.525,73.125,92.235,42.9,27,511,-820,448
2025-09-01 23:46:49.161000,33.345,133.57500000000002,-61.035,-35.88,7.800000000000001,-67.665,-70.2,-120.51,26,507,-816,448
2025-09-01 23:46:49.173000,109.005,117.195,-40.56,3.12,7.800000000000001,-49.335,-23.985,-46.8,23,503,-813,384
2025-09-01 23:46:49.185000,128.115,125.385,7.995,39.195,19.695,-11.895,11.7,-17.94,16,512,-814,384
2025-09-01 23:46:49.197000,22.23,74.88,-80.535,-64.35000000000001,-45.045,-102.375,-103.155,-136.11,16,510,-810,448
2025-09-01 23:46:49.209000,-23.985,28.275,-118.17,-141.18,-92.43,-115.245,-121.68,-107.445,16,510,-810,448
2025-09-01 23:46:49.221000,-30.42,-16.575,-123.24,-129.87,-128.115,-136.305,-106.275,-126.36,15,507,-804,384
2025-09-01 23:46:49.233000,-173.55,-31.005000000000003,-119.34,-214.89,-160.485,-117.195,-103.155,-96.72,16,503,-805,448
2025-09-01 23:46:49.245000,-37.245000000000005,38.025,-22.425,-101.205,-40.365,-13.845,-5.655,-2.535,14,510,-808,448
2025-09-01 23:46:49.253857,144.495,140.79,13.065,70.785,51.870000000000005,13.845,18.915,-6.045,13,510,-811,384
2025-09-01 23:46:49.262714,41.73,58.89,-27.885,-28.47,-13.65,-34.125,-16.185000000000002,-43.095,20,517,-816,384
2025-09-01 23:46:49.271571,-51.285,8.775,-42.315000000000005,-90.285,-61.620000000000005,-39.39,-22.23,-30.42,21,516,-817,384
2025-09-01 23:46:49.280429,7.995,-12.675,-60.255,-45.825,-61.035,-63.96,-31.200000000000003,-61.815000000000005,21,516,-817,384
2025-09-01 23:46:49.289286,-82.875,-84.63000000000001,-149.76,-155.61,-147.42000000000002,-156.585,-130.26,-133.965,27,510,-818,448
2025-09-01 23:46:49.298143,35.685,-35.1,-147.81,-33.15,-79.17,-143.715,-134.35500000000002,-154.245,27,514,-836,384
2025-09-01 23:46:49.307000,-71.565,2.535,-111.15,-111.15,-75.075,-94.38,-104.91,-85.995,25,515,-823,320
2025-09-01 23:46:49.319571,191.49,127.335,15.405,81.705,60.06,15.99,54.21,23.205,22,520,-822,384
2025-09-01 23:46:49.332143,37.83,88.92,-34.32,80.925,53.43,-55.185,-8.19,-60.645,15,515,-808,448
2025-09-01 23:46:49.344714,12.09,31.785,-72.15,43.095,-2.9250000000000003,-62.79,-46.8,-57.525,18,515,-801,448
2025-09-01 23:46:49.357286,-3.705,-9.555,-83.46000000000001,-11.115,-46.02,-76.44,-80.535,-58.11,15,513,-800,448
2025-09-01 23:46:49.369857,-38.61,-53.04,-108.615,-57.135000000000005,-99.645,-110.955,-46.41,-63.57,17,516,-803,448
2025-09-01 23:46:49.382429,-34.71,-35.685,-104.13,18.135,-67.665,-98.28,-40.755,-70.98,17,516,-803,448
2025-09-01 23:46:49.395000,-3.12,23.595,-36.27,44.265,0.78,-28.86,22.62,26.715,17,518,-804,448
2025-09-01 23:46:49.407857,127.725,107.445,56.16,159.12,94.185,60.645,112.32,71.76,20,516,-804,384
2025-09-01 23:46:49.420714,36.075,-1.95,6.045,120.315,52.65,8.775,46.605,19.305,25,512,-816,320
2025-09-01 23:46:49.433571,-3.51,-33.54,-17.745,80.145,15.795,-15.21,26.52,-9.555,24,511,-806,512
2025-09-01 23:46:49.446429,-30.81,-80.145,-45.435,42.51,-26.130000000000003,-52.065000000000005,-16.965,-20.085,24,516,-806,384
2025-09-01 23:46:49.459286,-76.245,-138.645,-109.59,-40.95,-91.65,-110.175,-86.775,-72.345,21,513,-808,512
2025-09-01 23:46:49.472143,-69.61500000000001,-121.29,-92.04,-2.34,-66.495,-86.19,-51.870000000000005,-52.260000000000005,21,513,-808,512
2025-09-01 23:46:49.485000,-18.915,-56.940000000000005,-22.62,72.345,4.875,-15.405,20.865,7.995,18,513,-800,448
2025-09-01 23:46:49.485167,62.400000000000006,28.665000000000003,38.22,179.205,92.82,44.46,81.705,55.575,18,516,-804,448
2025-09-01 23:46:49.485333,0.975,-59.28,-10.335,96.33,29.64,-0.975,29.445,14.235,19,514,-817,448
2025-09-01 23:46:49.485500,22.425,-21.84,30.225,134.94,66.3,37.83,67.47,54.795,16,517,-792,384
2025-09-01 23:46:49.485667,50.7,15.6,76.245,169.26000000000002,105.495,75.27,107.055,89.895,21,512,-800,384
2025-09-01 23:46:49.485833,98.28,84.24000000000001,130.845,233.805,162.24,142.54500000000002,171.015,133.57500000000002,19,516,-801,448
2025-09-01 23:46:49.486000,93.99,60.06,116.61,210.99,141.57,120.705,142.74,108.225,19,516,-801,448
2025-09-01 23:46:49.576000,61.425,5.265000000000001,62.985,169.065,86.97,54.795,82.875,52.065000000000005,11,511,-802,448
2025-09-01 23:46:49.588429,-7.0200000000000005,-68.83500000000001,-29.835,65.52,2.145,-26.325,-3.705,-22.62,18,512,-805,448
2025-09-01 23:46:49.600857,10.725,-49.92,53.235,108.42,31.98,33.54,88.53,66.69,18,521,-800,448
2025-09-01 23:46:49.613286,-15.405,-77.22,9.165,91.845,8.19,-5.265000000000001,50.895,37.245000000000005,16,524,-816,384
2025-09-01 23:46:49.625714,-84.24000000000001,-132.405,-24.96,9.945,-48.945,-44.46,9.36,5.655,18,523,-811,384
2025-09-01 23:46:49.638143,-86.19,-190.515,-87.165,-20.28,-91.455,-104.715,-46.605,-38.805,20,523,-814,384
2025-09-01 23:46:49.650571,-44.07,-169.26000000000002,-80.73,42.315000000000005,-53.82,-91.65,-28.47,-62.985,20,523,-814,384
2025-09-01 23:46:49.663000,-6.4350000000000005,-107.25,-27.69,94.77,9.555,-30.615,24.96,16.185000000000002,21,524,-828,448
2025-09-01 23:46:49.672000,36.075,-42.315000000000005,69.61500000000001,150.735,75.855,57.525,106.47,90.09,21,524,-821,448
2025-09-01 23:46:49.681000,17.94,-70.2,55.575,106.86,39.0,27.3,74.295,58.11,21,521,-790,384
2025-09-01 23:46:49.690000,12.285,-92.43,28.47,95.16,22.23,3.705,59.475,41.34,20,522,-799,384
2025-09-01 23:46:49.699000,-12.675,-132.21,-15.6,50.31,-30.03,-40.56,17.745,13.455,21,522,-801,512
2025-09-01 23:46:49.708000,-72.735,-198.51,-84.825,-33.54,-90.09,-106.86,-43.875,-82.68,19,520,-803,384
2025-09-01 23:46:49.717000,-55.185,-185.835,-71.37,-9.75,-67.08,-78.39,-35.1,-34.515,19,520,-803,384
2025-09-01 23:46:49.726000,-38.805,-141.765,0.585,47.775,-14.82,-13.065,33.735,18.33,20,521,-809,512
2025-09-01 23:46:49.738857,15.99,-66.885,44.46,116.22,55.38,34.32,63.765,43.29,12,518,-796,448
2025-09-01 23:46:49.751714,-21.06,-84.045,-17.94,-21.255,-12.48,-32.370000000000005,-5.46,2.145,14,514,-804,384
2025-09-01 23:46:49.764571,-62.400000000000006,-65.325,-9.945,-21.255,2.9250000000000003,-21.06,8.97,-12.675,14,514,-804,384
2025-09-01 23:46:49.777429,-27.69,-43.875,0.78,74.295,29.055,-4.29,-28.275,-5.8500000000000005,17,513,-800,448
2025-09-01 23:46:49.790286,-40.95,8.385,58.89,65.325,76.635,54.015,75.075,56.940000000000005,17,518,-801,448
2025-09-01 23:46:49.803143,-52.845,8.58,107.835,58.695,69.61500000000001,83.46000000000001,121.29,131.04,17,518,-801,384
2025-09-01 23:46:49.816000,-64.35000000000001,-43.29,63.18,-31.200000000000003,-1.755,42.9,94.965,93.795,15,515,-799,384
2025-09-01 23:46:49.825000,-158.73000000000002,-140.01,-16.77,-146.835,-111.54,-14.43,-19.5,22.035,8,520,-803,448
2025-09-01 23:46:49.834000,-79.36500000000001,-106.275,-82.68,-154.05,-91.065,-70.2,-89.7,-45.24,23,519,-807,512
2025-09-01 23:46:49.843000,-80.535,-81.9,-31.59,-148.20000000000002,-70.785,-23.01,-19.11,-2.73,23,519,-807,512
2025-09-01 23:46:49.852000,-38.61,-30.225,16.575,-77.415,-13.065,15.99,6.045,46.41,25,519,-806,448
2025-09-01 23:46:49.861000,126.945,64.35000000000001,60.84,87.94500000000001,79.56,73.71000000000001,27.3,79.56,22,520,-808,384
2025-09-01 23:46:49.870000,138.84,61.23,53.43,81.705,72.54,53.43,72.93,42.315000000000005,25,521,-808,320
2025-09-01 23:46:49.879000,41.535,-4.485,-19.305,-31.785,9.165,-34.32,-39.78,-33.15,25,521,-808,320
2025-09-01 23:46:49.879500,53.625,-65.91,-40.95,-52.455,-46.605,-42.705,-20.67,14.625,32,520,-809,384
2025-09-01 23:46:49.880000,-35.1,-52.65,-77.025,-109.785,-73.905,-52.65,-144.495,-14.04,15,520,-803,448
2025-09-01 23:46:49.900800,3.315,-11.895,-37.245000000000005,-71.955,-36.27,-12.09,-61.620000000000005,-15.015,15,520,-803,448
2025-09-01 23:46:49.921600,21.255,42.705,-12.285,-72.54,-0.39,3.315,14.43,-32.76,12,519,-804,448
2025-09-01 23:46:49.942400,153.465,126.555,32.370000000000005,79.75500000000001,105.3,55.575,30.03,45.045,15,518,-804,448
2025-09-01 23:46:49.963200,197.145,127.725,56.355,116.025,105.495,69.61500000000001,67.665,66.3,16,521,-807,384
2025-09-01 23:46:49.984000,139.815,57.915,-2.145,34.32,26.325,11.895,-1.56,10.14,16,521,-807,384
2025-09-01 23:46:49.990429,-0.975,-20.475,-62.400000000000006,-122.265,-76.05,-55.965,-42.9,-15.99,23,522,-813,384
2025-09-01 23:46:49.996857,90.48,178.815,-9.945,28.47,28.86,-7.0200000000000005,-8.775,-11.505,15,514,-805,448
2025-09-01 23:46:50.003286,30.42,136.89,-57.915,-49.92,-22.425,-42.120000000000005,-67.86,-40.17,15,514,-805,448
2025-09-01 23:46:50.009714,-39.78,85.41,-84.435,-91.65,-68.055,-75.465,-82.485,-60.645,15,508,-803,384
2025-09-01 23:46:50.016143,-23.985,45.24,-127.92,-115.83,-113.88,-102.96,-98.67,-105.69,17,510,-804,384
2025-09-01 23:46:50.022571,-31.200000000000003,44.46,-133.185,-91.65,-109.2,-105.3,-159.705,-85.41,16,512,-806,448
2025-09-01 23:46:50.029000,40.95,112.905,-83.655,-24.96,-39.585,-54.21,-108.03,-39.0,14,516,-806,384
2025-09-01 23:46:50.041429,39.975,178.23000000000002,9.945,-5.265000000000001,10.53,26.91,54.21,39.585,14,514,-813,320
2025-09-01 23:46:50.053857,15.99,111.15,-26.52,10.335,-8.97,-11.7,-7.215,16.185000000000002,17,516,-804,384
2025-09-01 23:46:50.066286,50.505,153.27,9.555,46.8,28.665000000000003,14.625,23.4,28.47,17,516,-804,384
2025-09-01 23:46:50.078714,36.855,180.765,48.75,61.815000000000005,52.260000000000005,63.18,53.43,73.32000000000001,13,519,-802,448
2025-09-01 23:46:50.091143,93.015,226.2,128.895,117.975,125.19,138.06,145.86,155.025,15,515,-801,448
2025-09-01 23:46:50.103571,112.125,218.4,117.78,136.89,115.635,116.805,129.87,108.225,17,518,-803,384
2025-09-01 23:46:50.116000,60.645,183.69,60.45,84.24000000000001,43.485,54.99,50.895,65.325,17,513,-803,384
2025-09-01 23:46:50.128571,-16.185000000000002,109.98,-40.17,-47.385000000000005,-30.42,-45.24,-107.64,-9.555,18,510,-799,448
2025-09-01 23:46:50.141143,37.44,151.71,62.400000000000006,27.495,20.67,39.0,52.65,63.18,22,518,-788,320
2025-09-01 23:46:50.153714,10.14,117.0,19.5,-14.04,-21.84,0.585,18.915,19.695,22,518,-788,320
2025-09-01 23:46:50.166286,-59.865,57.330000000000005,-67.665,-97.89,-81.315,-72.93,-67.47,-86.19,28,525,-791,384
2025-09-01 23:46:50.178857,-105.885,-4.095,-134.55,-164.19,-145.275,-134.745,-138.45000000000002,-131.43,27,520,-781,384
2025-09-01 23:46:50.191429,-59.085,4.095,-132.79500000000002,-112.905,-116.025,-123.825,-144.10500000000002,-103.935,28,514,-789,384
2025-09-01 23:46:50.204000,-14.625,63.57,-56.940000000000005,-43.68,-52.065000000000005,-41.535,-58.305,-28.665000000000003,28,514,-785,384
2025-09-01 23:46:50.216857,-8.775,138.45000000000002,34.32,-7.41,13.845,20.67,53.43,46.02,25,515,-786,448
2025-09-01 23:46:50.229714,19.305,124.02,0.0,19.305,19.695,4.485,27.3,-23.4,19,524,-786,448
2025-09-01 23:46:50.242571,-10.92,82.485,-28.08,-25.155,-22.815,-22.035,-22.815,-21.255,19,524,-786,384
2025-09-01 23:46:50.255429,7.215,51.870000000000005,-64.35000000000001,-50.895,-42.315000000000005,-71.76,-70.59,-49.92,19,525,-775,384
2025-09-01 23:46:50.268286,-129.09,-40.56,-122.07,-136.89,-134.35500000000002,-123.435,-128.31,-103.74,27,526,-789,448
2025-09-01 23:46:50.281143,-151.125,-37.05,-121.29,-169.065,-142.935,-112.71,-121.29,-90.87,22,530,-800,384
2025-09-01 23:46:50.294000,-99.645,-5.8500000000000005,-82.29,-95.355,-86.19,-73.32000000000001,-71.76,-60.645,18,528,-794,448
2025-09-01 23:46:50.302571,-9.165,73.905,-17.745,13.455,5.46,1.755,-21.06,-9.75,17,527,-793,448
2025-09-01 23:46:50.311143,-87.94500000000001,-75.465,-13.455,-36.27,-30.225,-18.525,-40.365,8.58,13,571,-894,384
2025-09-01 23:46:50.319714,-68.83500000000001,-38.805,37.05,22.62,8.58,28.275,12.675,52.065000000000005,18,580,-918,320
2025-09-01 23:46:50.328286,10.92,2.73,95.16,87.165,52.455,78.19500000000001,67.86,95.94,18,580,-918,320
2025-09-01 23:46:50.336857,21.645,38.805,135.915,113.685,120.315,130.845,116.805,139.425,13,586,-933,384
2025-09-01 23:46:50.345429,11.895,53.04,126.75,109.005,95.355,106.08,102.375,117.975,12,599,-946,384
2025-09-01 23:46:50.354000,11.115,-0.585,66.495,67.665,67.86,37.635,32.175000000000004,54.6,14,613,-962,320
2025-09-01 23:46:50.367000,-57.915,-100.425,-13.65,-13.26,-24.57,-39.195,-47.775,-7.605,18,625,-973,448
2025-09-01 23:46:50.380000,-96.915,-313.95,-27.105,-32.175000000000004,-35.49,-47.58,-81.9,30.03,11,667,-883,384
2025-09-01 23:46:50.393000,-71.955,-265.785,21.84,29.055,3.51,7.995,-80.145,80.925,12,656,-872,448
2025-09-01 23:46:50.406000,-80.535,-244.53,78.97500000000001,73.32000000000001,40.755,66.885,65.52,102.57,12,656,-872,448
2025-09-01 23:46:50.419000,-42.705,-183.69,143.52,104.91,98.865,118.56,144.495,168.87,5,655,-864,384
2025-09-01 23:46:50.432000,-42.9,-177.255,149.565,112.32,92.235,118.95,134.94,155.415,9,646,-849,448
2025-09-01 23:46:50.445000,-75.075,-232.245,82.68,58.89,27.69,54.015,65.91,93.015,11,633,-844,448
2025-09-01 23:46:50.453571,-32.955,-279.825,-23.4,28.275,6.825,-48.75,-46.41,-16.38,11,623,-842,512
2025-09-01 23:46:50.462143,-109.785,-90.48,41.34,62.595,40.95,37.44,65.91,55.965,16,380,-703,384
2025-09-01 23:46:50.470714,-132.6,-129.285,-6.045,20.475,6.4350000000000005,-6.045,21.645,21.645,16,373,-707,448
2025-09-01 23:46:50.479286,-135.135,-155.22,-35.88,8.385,-10.14,-33.345,-26.325,-12.48,16,373,-707,448
2025-09-01 23:46:50.487857,-182.13,-221.13,-83.655,-62.595,-90.285,-91.455,-84.825,-63.18,13,372,-709,384
2025-09-01 23:46:50.496429,-174.72,-209.82,-96.72,-51.09,-90.87,-98.67,-78.39,-61.620000000000005,15,366,-690,384
2025-09-01 23:46:50.505000,-159.51000000000002,-183.885,-31.200000000000003,-2.145,-43.095,-31.200000000000003,2.9250000000000003,15.795,15,362,-699,448
2025-09-01 23:46:50.506000,-118.95,-99.45,65.325,47.97,40.56,79.36500000000001,97.5,77.22,19,360,-709,448
2025-09-01 23:46:50.521000,-41.73,-17.745,67.665,90.87,64.35000000000001,63.18,83.265,69.61500000000001,20,346,-728,448
2025-09-01 23:46:50.536000,-75.27,-60.645,32.370000000000005,34.125,10.92,29.64,20.475,37.05,20,348,-733,384
2025-09-01 23:46:50.551000,-142.35,-104.91,-12.48,-33.93,-48.165,-14.235,-69.22500000000001,11.895,21,348,-739,384
2025-09-01 23:46:50.566000,-111.15,-145.86,-95.745,-59.67,-86.19,-96.33,-52.260000000000005,-101.01,21,350,-735,384
2025-09-01 23:46:50.581000,-135.33,-156.78,-99.84,-64.935,-86.97,-93.015,-48.555,-72.93,20,350,-735,384
2025-09-01 23:46:50.596000,-105.885,-102.57,-34.125,-21.255,-29.835,-28.47,12.09,-10.725,20,349,-732,448
2025-09-01 23:46:50.604429,-33.54,-30.42,38.025,61.035,36.66,44.655,85.215,58.11,17,354,-736,448
2025-09-01 23:46:50.612857,64.35000000000001,9.165,-6.63,21.84,18.33,9.165,1.365,32.565,23,481,-837,512
2025-09-01 23:46:50.621286,53.235,33.54,43.29,57.525,57.915,55.185,86.97,42.9,22,485,-829,448
2025-09-01 23:46:50.629714,50.7,81.12,101.4,87.555,83.46000000000001,109.785,117.585,99.645,23,490,-841,384
2025-09-01 23:46:50.638143,98.475,142.74,155.025,110.175,127.335,164.58,170.82,153.27,26,491,-844,448
2025-09-01 23:46:50.646571,88.53,147.42000000000002,155.22,125.19,130.845,157.56,159.9,136.5,26,491,-844,448
2025-09-01 23:46:50.655000,85.41,91.26,105.105,89.50500000000001,91.455,101.205,106.08,89.50500000000001,27,494,-850,448
2025-09-01 23:46:50.668286,59.865,12.285,9.36,43.485,14.82,-0.195,31.005000000000003,-3.12,30,503,-856,384
2025-09-01 23:46:50.681571,75.465,55.77,76.83,24.57,41.73,69.61500000000001,66.885,67.275,25,579,-874,448
2025-09-01 23:46:50.694857,71.175,16.575,30.42,5.07,0.39,20.085,-50.7,31.59,27,580,-878,384
2025-09-01 23:46:50.708143,43.095,-22.035,-30.03,-59.475,-43.485,-36.465,-51.675,-35.49,24,578,-873,448
2025-09-01 23:46:50.721429,10.92,-69.81,-70.005,-66.495,-86.58,-84.435,-41.34,-61.035,22,578,-870,448
2025-09-01 23:46:50.734714,15.015,-79.95,-77.22,-82.68,-89.11500000000001,-87.36,-44.655,-71.175,22,578,-870,448
2025-09-01 23:46:50.748000,52.845,-22.815,-24.18,-56.940000000000005,-33.54,-23.79,-13.455,-10.335,21,577,-877,384
2025-09-01 23:46:50.760429,133.77,49.335,62.205000000000005,86.58,65.13,69.03,62.010000000000005,63.96,19,574,-872,384
2025-09-01 23:46:50.772857,75.27,-22.62,-28.47,-26.52,-31.395,-26.91,18.72,-2.535,7,516,-793,384
2025-09-01 23:46:50.785286,105.3,36.27,19.11,33.345,23.985,20.475,62.595,41.535,3,516,-810,448
2025-09-01 23:46:50.797714,161.265,104.715,91.65,92.43,89.7,90.87,121.095,101.4,6,516,-809,448
2025-09-01 23:46:50.810143,214.89,160.68,135.135,158.145,145.86,152.685,169.065,124.8,7,518,-809,448
2025-09-01 23:46:50.822571,212.94,165.555,144.3,148.395,142.155,152.685,142.74,130.65,7,518,-809,448
2025-09-01 23:46:50.835000,177.255,117.39,103.74,100.035,87.94500000000001,91.455,101.4,83.46000000000001,-5,511,-819,448
2025-09-01 23:46:50.848143,121.68,53.235,8.775,12.285,-1.755,9.165,14.04,0.0,0,513,-809,320
2025-09-01 23:46:50.861286,79.36500000000001,-45.825,-20.67,-17.745,-9.165,2.145,-5.655,-8.97,8,488,-801,448
2025-09-01 23:46:50.874429,155.61,11.895,32.76,53.235,54.21,53.43,49.92,35.88,11,485,-809,384
2025-09-01 23:46:50.887571,134.745,32.370000000000005,90.09,82.095,80.34,94.965,106.08,86.19,16,485,-805,448
2025-09-01 23:46:50.900714,170.625,125.19,147.42000000000002,141.765,130.455,165.75,158.34,136.5,14,487,-803,384
2025-09-01 23:46:50.913857,204.36,142.155,155.805,153.465,142.935,160.29,154.44,125.97,14,487,-803,384
2025-09-01 23:46:50.927000,170.43,94.575,96.135,95.355,93.015,100.425,93.405,69.81,16,483,-800,384
2025-09-01 23:46:50.939286,104.325,9.75,6.4350000000000005,12.675,-3.315,16.185000000000002,-58.305,17.94,14,484,-804,384
2025-09-01 23:46:50.951571,182.52,64.545,75.66,52.845,56.16,62.400000000000006,58.5,60.84,27,473,-800,384
2025-09-01 23:46:50.963857,40.56,8.775,32.370000000000005,-15.795,-4.29,22.23,-28.665000000000003,34.515,27,473,-800,384
2025-09-01 23:46:50.976143,56.355,-22.23,-27.495,-30.42,-71.37,-24.375,-52.065000000000005,-24.96,27,477,-801,320
2025-09-01 23:46:50.988429,40.365,-64.155,-67.665,-79.36500000000001,-95.16,-75.465,-52.065000000000005,-78.39,22,480,-799,448
2025-09-01 23:46:51.000714,27.69,-97.695,-88.33500000000001,-100.23,-122.655,-97.11,-76.05,-79.56,22,480,-799,448
2025-09-01 23:46:51.013000,65.715,-59.67,-71.955,-57.915,-75.465,-68.64,-53.82,-60.45,26,469,-795,384
2025-09-01 23:46:51.021857,136.89,15.405,37.83,54.21,33.93,50.115,45.24,50.115,26,474,-804,448
2025-09-01 23:46:51.030714,69.03,-42.51,-8.58,-13.455,-46.41,-8.385,2.34,-13.455,17,505,-808,448
2025-09-01 23:46:51.039571,115.05,15.21,36.075,40.95,-2.145,25.545,56.745000000000005,29.25,17,505,-808,448
2025-09-01 23:46:51.048429,232.635,63.96,65.325,109.005,76.44,69.03,81.12,59.865,12,508,-810,448
2025-09-01 23:46:51.057286,148.59,108.81,149.565,146.25,101.205,161.265,133.38,130.845,19,508,-812,448
2025-09-01 23:46:51.066143,226.005,136.89,167.505,150.93,120.705,163.995,154.63500000000002,129.285,20,507,-812,384
2025-09-01 23:46:51.075000,194.415,68.64,99.45,106.665,61.035,96.525,81.9,65.91,20,507,-812,384
2025-09-01 23:46:51.087857,-65.52,-22.23,5.8500000000000005,-45.825,-45.435,-7.800000000000001,-13.26,-26.715,18,514,-820,448
2025-09-01 23:46:51.100714,100.62,-86.19,-26.91,5.07,-69.42,-10.335,-34.32,-33.54,10,536,-825,448
2025-09-01 23:46:51.113571,147.225,-29.445,0.585,36.27,-17.745,6.4350000000000005,4.29,-13.845,10,536,-825,448
2025-09-01 23:46:51.126429,162.24,7.41,48.945,117.0,42.51,48.945,54.6,7.41,10,538,-825,448
2025-09-01 23:46:51.139286,187.395,49.335,118.755,166.53,73.71000000000001,114.66,117.78,97.89,12,540,-829,512
2025-09-01 23:46:51.152143,134.55,83.265,117.195,161.265,87.555,118.365,107.445,93.6,10,540,-828,448
2025-09-01 23:46:51.165000,222.69,52.065000000000005,80.73,133.38,66.885,75.465,59.67,62.010000000000005,10,540,-828,448
2025-09-01 23:46:51.174143,150.54,-51.09,2.34,75.075,-17.55,-3.51,-37.83,-23.79,6,543,-827,448
2025-09-01 23:46:51.183286,164.775,25.935,58.695,86.775,34.71,37.44,49.92,12.48,12,528,-805,448
2025-09-01 23:46:51.192429,158.925,-19.89,16.38,49.335,-7.0200000000000005,-4.68,-2.34,-13.26,12,528,-805,448
2025-09-01 23:46:51.201571,165.555,-82.29,-39.975,9.36,-48.555,-56.55,-63.375,-60.255,9,531,-788,448
2025-09-01 23:46:51.210714,-23.79,-132.99,-97.305,-85.605,-144.885,-117.0,-123.825,-105.885,7,527,-799,448
2025-09-01 23:46:51.219857,-55.575,-136.695,-104.13,-126.555,-183.495,-126.165,-111.54,-103.35,10,525,-797,320
2025-09-01 23:46:51.229000,66.105,-96.525,-67.275,-66.495,-101.01,-71.955,-74.49000000000001,-62.79,10,525,-797,320
2025-09-01 23:46:51.241429,121.095,-22.035,9.165,40.365,0.0,18.33,-6.045,7.0200000000000005,10,525,-796,384
2025-09-01 23:46:51.253857,93.795,-39.195,-61.425,-48.165,-77.805,-54.21,-70.395,-47.775,14,510,-804,384
2025-09-01 23:46:51.266286,123.825,17.745,-18.72,0.975,-25.74,-11.7,-14.43,-4.485,14,510,-804,384
2025-09-01 23:46:51.278714,161.07,85.41,35.88,49.725,28.47,45.825,31.59,38.025,13,514,-809,448
2025-09-01 23:46:51.291143,318.825,129.87,112.125,141.57,124.995,123.435,102.375,103.545,14,510,-806,448
2025-09-01 23:46:51.303571,142.935,112.32,139.23000000000002,141.96,93.6,132.405,127.53,110.955,13,508,-803,448
2025-09-01 23:46:51.316000,147.42000000000002,91.065,77.025,39.585,9.75,67.86,56.940000000000005,47.58,10,509,-799,448
2025-09-01 23:46:51.324857,96.72,8.775,-15.21,-34.125,-62.595,-25.935,-29.64,-36.465,13,511,-801,512
2025-09-01 23:46:51.333714,198.705,152.88,53.235,54.6,23.985,49.335,47.58,47.385000000000005,12,517,-808,448
2025-09-01 23:46:51.342571,226.005,107.055,1.56,18.72,-13.65,-5.46,-10.725,1.365,12,517,-808,448
2025-09-01 23:46:51.351429,52.455,49.14,-47.97,-35.49,-80.145,-60.06,-43.68,-52.845,10,509,-807,320
2025-09-01 23:46:51.360286,96.915,3.51,-117.195,-100.425,-146.64,-120.9,-128.895,-101.595,6,514,-802,384
2025-09-01 23:46:51.369143,66.495,-23.01,-118.365,-108.03,-139.425,-117.39,-140.985,-89.50500000000001,11,510,-798,448
2025-09-01 23:46:51.378000,162.04500000000002,36.27,-60.255,-58.5,-72.15,-63.18,-63.18,-35.1,8,513,-799,448
2025-09-01 23:46:51.390571,130.65,77.22,20.475,15.015,-16.77,25.155,21.645,45.63,10,516,-800,384
2025-09-01 23:46:51.403143,184.47,176.865,63.765,50.115,29.835,61.23,39.78,56.55,9,521,-798,448
2025-09-01 23:46:51.415714,139.23000000000002,118.365,21.645,-12.09,-21.45,15.6,-5.07,31.005000000000003,9,521,-798,448
2025-09-01 23:46:51.428286,99.06,72.93,-34.71,-42.9,-62.595,-44.655,-53.235,-21.255,4,519,-816,384
2025-09-01 23:46:51.440857,48.36,12.675,-93.21,-115.635,-139.62,-107.055,-96.525,-121.29,-1,520,-801,384
2025-09-01 23:46:51.453429,51.48,-18.135,-114.66,-135.525,-149.76,-117.975,-113.88,-103.935,4,523,-789,448
2025-09-01 23:46:51.466000,97.5,29.835,-66.885,-68.055,-93.015,-67.08,-88.53,-35.88,8,521,-794,512
2025-09-01 23:46:51.478714,187.2,114.465,26.130000000000003,2.535,10.53,23.205,28.275,51.48,7,523,-800,448
2025-09-01 23:46:51.491429,38.415,27.69,-67.275,-90.87,-99.06,-50.31,-43.29,-88.14,9,529,-809,384
2025-09-01 23:46:51.504143,90.09,78.39,-20.085,-45.825,-45.24,-1.56,-12.48,-21.06,9,535,-810,448
2025-09-01 23:46:51.516857,137.865,142.155,31.785,16.575,17.745,39.195,25.545,22.815,9,535,-810,448
2025-09-01 23:46:51.529571,227.76,199.095,77.025,100.035,89.31,71.37,83.265,73.515,14,536,-813,384
2025-09-01 23:46:51.542286,142.155,207.87,97.11,95.355,92.04,86.97,98.67,84.045,7,538,-820,448
2025-09-01 23:46:51.555000,117.78,179.205,43.485,22.425,25.935,37.635,27.105,23.205,9,534,-811,448
2025-09-01 23:46:51.568000,85.41,114.855,-5.265000000000001,-32.955,-36.66,-12.09,-26.91,-10.335,8,532,-808,448
2025-09-01 23:46:51.581000,81.705,83.46000000000001,-64.935,-75.075,-73.515,-61.620000000000005,-47.97,-38.025,12,531,-810,384
2025-09-01 23:46:51.594000,132.405,124.8,-21.06,-10.92,-12.87,-12.285,-12.48,-2.73,13,531,-812,448
2025-09-01 23:46:51.607000,143.715,176.475,24.18,43.29,43.095,24.96,24.96,26.325,13,531,-812,448
2025-09-01 23:46:51.620000,183.69,226.395,98.085,88.53,77.22,93.99,68.44500000000001,94.965,18,533,-819,448
2025-09-01 23:46:51.633000,213.33,239.85,127.14,115.44,102.375,131.04,43.095,125.775,13,535,-820,448
2025-09-01 23:46:51.646000,232.635,198.315,76.83,82.485,74.10000000000001,68.44500000000001,96.33,39.0,12,532,-816,384
2025-09-01 23:46:51.654286,60.45,97.89,-12.285,-23.205,-41.73,-29.055,-1.17,-11.115,9,529,-813,448
2025-09-01 23:46:51.662571,190.905,216.645,91.065,70.395,52.65,68.83500000000001,76.05,71.175,8,526,-803,448
2025-09-01 23:46:51.670857,163.02,164.19,34.71,38.805,3.51,9.36,25.545,0.195,11,524,-805,320
2025-09-01 23:46:51.679143,221.91,132.405,-24.96,9.555,-6.825,-48.945,-25.935,-33.735,11,524,-805,320
2025-09-01 23:46:51.687429,-29.835,64.35000000000001,-73.71000000000001,-96.33,-121.485,-97.305,-98.865,-84.045,9,524,-805,384
2025-09-01 23:46:51.695714,30.03,64.35000000000001,-111.54,-148.395,-144.10500000000002,-128.895,-119.73,-109.005,8,520,-799,448
2025-09-01 23:46:51.704000,82.68,117.975,-73.515,-78.39,-89.7,-77.805,-72.345,-61.815000000000005,9,520,-793,448
2025-09-01 23:46:51.717143,146.445,204.165,9.945,13.845,13.455,-6.63,17.16,4.68,4,521,-792,384
2025-09-01 23:46:51.730286,127.335,56.355,-56.355,-29.64,-47.97,-54.795,-53.235,-60.645,1,528,-806,448
2025-09-01 23:46:51.743429,117.78,91.26,-24.765,30.225,-3.12,-25.74,-8.385,-27.885,3,529,-804,384
2025-09-01 23:46:51.756571,36.465,151.905,22.815,40.56,-11.31,35.685,29.835,14.04,4,532,-808,448
2025-09-01 23:46:51.769714,176.67000000000002,234.78,102.765,68.055,84.63000000000001,91.455,104.13,81.12,4,529,-808,512
2025-09-01 23:46:51.782857,210.795,260.91,120.51,117.975,118.365,124.8,119.145,97.5,5,529,-808,512
2025-09-01 23:46:51.796000,157.56,219.765,84.045,76.635,70.005,72.15,75.27,62.400000000000006,4,529,-803,512
2025-09-01 23:46:51.804571,102.765,150.735,7.800000000000001,-13.845,-21.255,-18.915,11.895,-24.57,1,527,-800,448
2025-09-01 23:46:51.813143,178.425,177.84,74.295,50.505,51.09,54.99,54.795,47.385000000000005,6,531,-813,448
2025-09-01 23:46:51.821714,84.63000000000001,109.005,14.82,5.265000000000001,-7.215,-11.895,-0.195,-43.29,6,538,-816,256
2025-09-01 23:46:51.830286,-13.26,60.645,-54.6,-121.29,-107.445,-65.13,-73.32000000000001,-56.745000000000005,4,538,-817,448
2025-09-01 23:46:51.838857,-5.8500000000000005,21.84,-98.085,-114.66,-131.625,-111.15,-174.13500000000002,-111.54,6,540,-817,384
2025-09-01 23:46:51.847429,6.4350000000000005,2.9250000000000003,-112.905,-158.145,-160.68,-124.41,-120.51,-133.57500000000002,6,540,-817,384
2025-09-01 23:46:51.856000,53.625,34.32,-62.010000000000005,-85.605,-92.04,-74.10000000000001,-61.620000000000005,-83.07000000000001,10,541,-815,384
2025-09-01 23:46:51.868857,46.995000000000005,75.075,0.39,5.07,-19.11,-7.995,5.265000000000001,-19.695,11,542,-814,448
2025-09-01 23:46:51.881714,69.22500000000001,111.93,55.77,25.545,15.99,42.315000000000005,26.325,-4.875,14,538,-824,384
2025-09-01 23:46:51.894571,17.94,63.18,8.385,-38.805,-52.455,-5.655,-18.72,-47.58,14,534,-813,384
2025-09-01 23:46:51.907429,-26.130000000000003,-0.585,-42.705,-109.98,-110.955,-48.165,-89.31,-75.465,13,533,-813,512
2025-09-01 23:46:51.920286,-57.72,-51.48,-119.34,-134.16,-161.655,-141.375,-144.3,-153.27,18,531,-816,384
2025-09-01 23:46:51.933143,-63.96,-81.12,-149.76,-192.27,-195.39,-164.38500000000002,-181.935,-174.72,18,531,-816,384
2025-09-01 23:46:51.946000,-56.745000000000005,-40.365,-115.83,-112.32,-137.67000000000002,-123.825,-146.055,-124.605,14,535,-811,384
2025-09-01 23:46:51.954429,-4.29,20.28,-18.33,-32.370000000000005,-71.37,-17.355,-42.9,-29.835,12,533,-812,512
2025-09-01 23:46:51.962857,-92.235,-25.935,-96.525,-122.655,-113.685,-101.01,-120.12,-68.055,-16,511,-784,512
2025-09-01 23:46:51.971286,-61.620000000000005,21.645,-38.22,-72.735,-71.955,-48.75,-70.005,-18.135,-15,513,-779,384
2025-09-01 23:46:51.979714,-30.42,79.95,21.255,-22.815,-19.5,13.845,-12.675,25.35,-14,509,-781,448
2025-09-01 23:46:51.988143,18.72,126.75,76.44,34.125,45.045,63.96,51.09,81.51,-13,509,-781,448
2025-09-01 23:46:51.996571,38.22,160.485,104.91,70.785,76.44,94.77,58.11,108.81,-13,509,-781,448
2025-09-01 23:46:52.005000,36.075,120.51,67.86,33.15,39.0,57.525,-38.805,74.295,-19,516,-769,448
2025-09-01 23:46:52.018000,-10.335,28.665000000000003,-33.345,-48.36,-34.71,-46.605,-43.875,-48.36,-16,510,-775,448
2025-09-01 23:46:52.031000,27.69,78.78,42.120000000000005,12.87,31.98,32.565,23.01,55.185,-10,521,-780,320
2025-09-01 23:46:52.044000,-12.87,34.32,6.045,-32.175000000000004,-14.04,-5.265000000000001,-22.815,23.985,-2,520,-788,448
2025-09-01 23:46:52.057000,-70.2,-20.085,-46.215,-93.21,-65.715,-58.5,-69.03,-19.695,1,518,-791,448
2025-09-01 23:46:52.070000,-93.6,-59.475,-107.64,-137.28,-132.21,-120.705,-120.315,-93.6,1,517,-791,384
2025-09-01 23:46:52.083000,-53.04,-77.415,-139.035,-178.425,-129.09,-148.005,-152.49,-129.285,1,517,-791,384
2025-09-01 23:46:52.096000,-53.04,-71.565,-107.835,-107.055,-100.035,-102.375,-139.425,-62.985,13,516,-792,384
2025-09-01 23:46:52.108714,-93.405,22.23,-19.695,-43.68,-42.120000000000005,-17.355,-38.415,6.63,7,517,-792,448
2025-09-01 23:46:52.121429,18.135,126.36,54.21,12.675,43.875,47.97,37.44,54.99,4,532,-807,384
2025-09-01 23:46:52.134143,-17.745,74.10000000000001,16.575,-29.445,-5.655,-1.365,3.9,23.4,4,532,-807,384
2025-09-01 23:46:52.146857,-53.625,2.73,-57.72,-80.145,-65.715,-78.78,-74.10000000000001,-54.6,3,533,-803,384
2025-09-01 23:46:52.159571,-82.095,-36.27,-113.685,-159.9,-121.68,-109.785,-122.85,-100.23,5,533,-804,384
2025-09-01 23:46:52.172286,-81.51,-54.405,-113.88,-136.11,-127.725,-115.83,-144.495,-92.82,5,533,-804,384
2025-09-01 23:46:52.185000,-99.84,-23.595,-80.145,-99.84,-114.855,-76.245,-101.4,-63.57,0,537,-806,384
2025-09-01 23:46:52.198571,-23.985,51.285,-0.78,-83.265,-9.75,14.82,-96.525,46.02,10,533,-812,448
2025-09-01 23:46:52.212143,-70.785,2.145,-59.085,-86.775,-65.325,-46.8,-84.825,-52.455,-17,541,-800,384
2025-09-01 23:46:52.225714,-39.78,38.61,-9.165,-28.08,-15.21,4.095,-23.985,-7.995,-15,541,-800,384
2025-09-01 23:46:52.239286,87.94500000000001,121.875,57.330000000000005,53.235,73.905,59.28,26.52,49.14,-16,538,-795,384
2025-09-01 23:46:52.252857,3.315,131.82,116.415,72.735,94.77,120.51,99.06,98.28,-12,538,-794,512
2025-09-01 23:46:52.266429,25.155,182.325,154.44,110.955,119.925,153.66,131.235,126.75,-14,541,-799,448
2025-09-01 23:46:52.280000,131.625,156.39,122.655,92.625,100.425,113.49,94.575,92.235,-14,541,-799,448
2025-09-01 23:46:52.296429,-114.27,74.88,24.18,-0.585,-11.31,13.845,5.46,14.625,-12,543,-788,448
2025-09-01 23:46:52.312857,54.795,-12.09,-69.22500000000001,-62.595,-59.67,-81.9,-62.010000000000005,-102.18,-11,537,-803,448
2025-09-01 23:46:52.329286,80.73,15.015,-27.3,-33.54,-15.015,-21.45,-40.755,-50.31,-11,537,-803,448
2025-09-01 23:46:52.345714,70.98,76.245,47.190000000000005,32.76,27.69,42.315000000000005,33.93,26.130000000000003,-11,538,-803,448
2025-09-01 23:46:52.362143,121.29,132.79500000000002,100.815,104.91,91.26,101.205,12.09,93.21,-7,545,-802,448
2025-09-01 23:46:52.378571,136.89,168.48000000000002,132.79500000000002,140.79,118.95,120.315,102.765,92.82,-7,545,-808,384
2025-09-01 23:46:52.395000,148.395,137.475,92.43,51.285,71.955,67.275,93.6,47.58,-7,545,-808,384
2025-09-01 23:46:52.403429,79.17,58.5,8.775,16.965,4.095,-7.995,5.46,-7.800000000000001,-4,545,-813,384
2025-09-01 23:46:52.411857,50.115,63.375,59.085,36.465,53.235,40.365,15.21,-9.555,-8,536,-790,384
2025-09-01 23:46:52.420286,-51.870000000000005,23.985,-7.0200000000000005,-15.795,-17.355,-27.3,-34.32,-67.275,-8,536,-790,384
2025-09-01 23:46:52.428714,17.355,-21.84,-64.74000000000001,-42.705,-54.015,-83.85000000000001,-60.255,-97.305,-12,536,-785,448
2025-09-01 23:46:52.437143,-48.555,-97.89,-113.88,-103.935,-112.515,-132.99,-142.35,-172.77,-5,537,-792,448
2025-09-01 23:46:52.445571,-15.015,-116.025,-158.73000000000002,-116.415,-125.97,-165.75,-172.185,-209.04,-7,542,-796,448
2025-09-01 23:46:52.454000,-32.76,-89.11500000000001,-115.44,-114.465,-99.06,-127.725,-134.94,-158.34,-7,542,-796,448
2025-09-01 23:46:52.466857,13.26,-48.75,-103.935,-95.94,-35.88,-101.01,-139.425,-160.29,-1,534,-795,448
2025-09-01 23:46:52.479714,-211.38,-129.48000000000002,-121.29,-105.885,-164.38500000000002,-138.06,-107.055,-93.015,-2,531,-776,512
2025-09-01 23:46:52.492571,-241.605,-97.695,-78.97500000000001,-112.71,-133.38,-94.185,-78.39,-50.895,-2,531,-776,512
2025-09-01 23:46:52.505429,-212.55,-45.045,-19.89,-78.39,-80.145,-36.27,-22.23,-5.46,1,530,-785,384
2025-09-01 23:46:52.518286,-49.14,49.53,20.475,103.935,40.95,8.97,12.48,22.62,0,532,-787,320
2025-09-01 23:46:52.531143,-22.23,89.31,50.505,90.48,51.48,49.335,31.200000000000003,39.0,-2,536,-784,448
2025-09-01 23:46:52.544000,-69.22500000000001,73.515,24.375,75.66,17.16,-9.555,0.39,-15.015,1,536,-800,384
2025-09-01 23:46:52.552714,-155.61,-40.56,-75.855,-47.385000000000005,-98.085,-97.11,-99.45,-65.325,1,538,-785,448
2025-09-01 23:46:52.561429,3.12,70.005,59.475,74.88,22.62,37.44,55.185,65.52,-12,538,-792,448
2025-09-01 23:46:52.570143,-28.86,26.130000000000003,11.895,11.7,-3.705,-9.165,16.77,23.595,-12,538,-792,448
2025-09-01 23:46:52.578857,-62.010000000000005,-39.0,-49.53,-31.785,-65.715,-69.81,-45.24,-33.735,-10,535,-787,448
2025-09-01 23:46:52.587571,-90.48,-84.825,-116.61,-90.48,-148.20000000000002,-125.58,-118.17,-96.72,-16,535,-786,384
2025-09-01 23:46:52.596286,-112.125,-108.225,-159.51000000000002,-133.38,-161.07,-177.255,-155.61,-116.415,-11,533,-785,320
2025-09-01 23:46:52.605000,-119.145,-92.43,-136.305,-112.905,-143.13,-153.07500000000002,-124.02,-83.85000000000001,-10,532,-787,448
2025-09-01 23:46:52.618143,-44.07,-8.19,-26.91,-7.995,-42.120000000000005,-24.765,-10.53,29.25,-6,530,-788,448
2025-09-01 23:46:52.631286,88.92,178.815,71.76,103.35,80.925,51.09,73.125,79.36500000000001,7,532,-779,384
2025-09-01 23:46:52.644429,72.15,137.865,25.35,72.735,39.0,1.56,29.445,31.395,7,532,-779,384
2025-09-01 23:46:52.657571,85.605,79.36500000000001,-31.395,21.255,-2.145,-60.645,-8.97,1.56,-1,529,-778,384
2025-09-01 23:46:52.670714,-42.9,-12.09,-97.305,-37.05,-84.825,-115.635,-100.425,-70.2,5,527,-785,448
2025-09-01 23:46:52.683857,-87.36,-36.075,-140.205,-97.695,-127.53,-152.88,-132.015,-98.475,12,530,-794,448
2025-09-01 23:46:52.697000,-28.665000000000003,-20.67,-107.445,-132.405,-103.935,-105.885,-98.28,-54.6,14,533,-783,384
2025-09-01 23:46:52.705571,29.835,54.795,0.78,0.0,-17.745,1.755,7.0200000000000005,39.195,15,531,-777,448
2025-09-01 23:46:52.714143,16.185000000000002,17.355,-58.89,-24.375,-27.69,-68.055,-35.1,-29.445,-3,545,-801,448
2025-09-01 23:46:52.722714,46.995000000000005,56.940000000000005,-10.14,18.33,13.065,-13.26,9.555,18.33,-4,547,-785,384
2025-09-01 23:46:52.731286,81.705,110.76,67.665,78.39,68.44500000000001,50.115,75.075,77.415,-4,547,-794,384
2025-09-01 23:46:52.739857,110.565,148.98000000000002,110.37,134.16,119.925,107.835,132.21,92.235,-8,544,-799,448
2025-09-01 23:46:52.748429,130.455,184.08,154.245,168.285,149.76,147.225,140.985,133.38,-14,539,-795,448
2025-09-01 23:46:52.757000,136.695,180.57,140.985,127.53,143.715,117.78,139.815,124.02,-13,543,-802,448
2025-09-01 23:46:52.769571,128.895,109.98,42.51,86.19,74.49000000000001,21.06,53.04,16.38,-10,545,-807,448
2025-09-01 23:46:52.782143,-11.31,26.715,-71.955,-53.625,-44.46,-78.58500000000001,-48.75,-82.875,-4,553,-800,448
2025-09-01 23:46:52.794714,49.725,73.32000000000001,-19.305,7.995,23.01,-25.35,-2.9250000000000003,-18.525,-1,554,-797,448
2025-09-01 23:46:52.807286,117.39,116.415,65.91,99.45,93.99,48.165,82.29,41.535,-1,554,-797,448
2025-09-01 23:46:52.819857,35.49,151.515,110.175,129.675,122.265,96.135,132.015,80.925,1,551,-793,320
2025-09-01 23:46:52.832429,109.785,205.53,138.45000000000002,174.33,159.12,127.14,166.14,102.96,-1,545,-790,448
2025-09-01 23:46:52.845000,115.83,195.78,134.745,156.0,146.445,113.88,136.695,80.34,-2,549,-792,448
2025-09-01 23:46:52.857714,49.14,106.47,49.335,69.42,58.5,26.52,58.695,5.46,-3,553,-791,448
2025-09-01 23:46:52.870429,49.92,201.24,137.865,119.145,150.93,113.49,126.945,105.105,11,543,-776,448
2025-09-01 23:46:52.883143,129.09,133.57500000000002,95.16,73.905,101.205,73.32000000000001,96.915,71.76,5,534,-784,448
2025-09-01 23:46:52.895857,-48.165,73.515,19.89,53.43,23.205,-15.015,42.120000000000005,2.73,5,534,-784,448
2025-09-01 23:46:52.908571,-41.34,25.74,-50.505,-21.06,-43.68,-73.125,-38.61,-40.755,14,535,-780,384
2025-09-01 23:46:52.921286,-65.13,-17.16,-80.925,-63.18,-88.72500000000001,-107.055,-78.0,-75.66,13,530,-796,384
2025-09-01 23:46:52.934000,-96.915,-8.385,-76.44,-70.59,-74.10000000000001,-92.625,-54.21,-59.28,10,531,-792,448
2025-09-01 23:46:52.947286,-59.865,65.13,7.0200000000000005,16.77,16.965,-9.165,26.52,6.63,9,539,-779,448
2025-09-01 23:46:52.960571,40.17,173.94,124.995,146.64,118.95,103.155,155.805,71.37,4,547,-794,448
2025-09-01 23:46:52.973857,28.275,126.165,93.015,100.23,77.415,61.425,105.885,52.455,2,546,-792,448
2025-09-01 23:46:52.987143,-42.120000000000005,54.015,25.74,31.395,9.165,-5.265000000000001,34.71,-3.9,2,546,-792,448
2025-09-01 23:46:53.000429,-84.24000000000001,9.555,-36.855,-48.75,-65.91,-49.53,-30.81,-58.695,3,546,-784,448
2025-09-01 23:46:53.013714,-101.01,-25.935,-86.385,-102.57,-97.305,-110.175,-70.005,-103.155,-1,547,-778,448
2025-09-01 23:46:53.027000,-96.915,-11.7,-92.625,-74.295,-58.89,-116.025,-69.42,-97.11,0,542,-780,384
2025-09-01 23:46:53.039571,-21.06,52.260000000000005,-6.63,47.190000000000005,20.67,-26.52,22.425,-13.065,3,541,-778,384
2025-09-01 23:46:53.052143,-118.365,6.63,-73.71000000000001,-53.04,-66.885,-88.14,-54.015,-101.595,-7,558,-794,448
2025-09-01 23:46:53.064714,-115.05,40.95,-23.985,-27.885,-40.755,-37.635,-11.31,-59.67,-7,561,-783,384
2025-09-01 23:46:53.077286,-96.525,82.095,49.14,33.54,18.33,27.495,54.6,-10.335,-2,556,-790,448
2025-09-01 23:46:53.089857,-12.09,159.705,97.305,104.715,83.46000000000001,75.075,104.325,33.54,-1,556,-791,448
2025-09-01 23:46:53.102429,6.825,189.735,134.35500000000002,156.0,130.455,122.46,141.375,66.3,-1,556,-791,448
2025-09-01 23:46:53.115000,-5.46,177.255,124.8,142.155,106.275,101.79,116.22,34.125,-3,554,-795,384
2025-09-01 23:46:53.125143,-34.515,107.25,46.995000000000005,67.08,48.555,26.91,54.405,-20.475,-3,554,-796,448
2025-09-01 23:46:53.135286,-136.695,-63.57,-88.14,-80.145,-91.845,-101.205,-56.55,-92.82,4,554,-785,448
2025-09-01 23:46:53.145429,-137.865,-43.29,-29.25,-59.67,-68.44500000000001,-39.585,-5.265000000000001,-58.11,11,555,-794,384
2025-09-01 23:46:53.155571,-90.675,11.505,33.15,15.015,-0.39,21.84,52.65,1.755,13,554,-790,448
2025-09-01 23:46:53.165714,-60.06,67.47,97.695,65.715,49.53,75.465,107.445,49.53,16,556,-787,384
2025-09-01 23:46:53.175857,-74.685,90.285,110.175,73.905,81.315,88.14,100.23,50.505,16,556,-787,384
2025-09-01 23:46:53.186000,9.555,114.855,101.205,113.49,98.865,68.64,98.475,34.32,18,552,-802,448
2025-09-01 23:46:53.201571,-71.565,30.42,-3.12,11.7,15.795,-24.375,-27.3,-124.02,20,553,-792,384
2025-09-01 23:46:53.217143,-205.92,-122.265,-126.75,-116.22,-123.24,-128.115,-111.54,-130.065,4,559,-786,384
2025-09-01 23:46:53.232714,-267.735,-106.86,-57.915,-122.265,-110.955,-62.79,-44.85,-78.39,5,566,-795,320
2025-09-01 23:46:53.248286,-345.54,-94.185,-15.015,-172.185,-99.255,-9.165,-33.15,-73.32000000000001,-1,563,-788,448
2025-09-01 23:46:53.263857,-54.21,13.845,34.515,120.315,61.23,19.11,29.445,-30.225,1,563,-788,384
2025-09-01 23:46:53.279429,-64.935,55.575,70.785,150.735,101.985,66.3,67.47,10.53,1,563,-788,384
2025-09-01 23:46:53.295000,-56.55,66.495,54.015,124.995,50.895,34.125,29.445,-27.885,1,564,-790,512
2025-09-01 23:46:53.304000,-172.77,-33.345,-59.865,-46.02,-32.955,-84.045,-76.83,-137.085,3,563,-789,448
2025-09-01 23:46:53.313000,-37.83,60.84,55.575,173.55,85.605,15.99,30.03,-13.845,6,550,-792,320
2025-09-01 23:46:53.322000,-142.155,-3.705,-35.1,47.385000000000005,5.46,-54.21,-96.33,-93.405,11,544,-770,384
2025-09-01 23:46:53.331000,-311.415,-81.705,-55.38,-74.88,-97.11,-76.05,-64.935,-56.16,7,544,-774,448
2025-09-01 23:46:53.340000,-235.17,-106.08,-137.085,-72.93,-108.81,-173.16,-130.065,-182.52,4,544,-777,384
2025-09-01 23:46:53.349000,-293.67,-158.925,-153.27,-137.67000000000002,-174.72,-172.965,-143.715,-143.13,4,544,-777,384
2025-09-01 23:46:53.358000,-292.695,-172.57500000000002,-144.10500000000002,-137.475,-174.13500000000002,-169.26000000000002,-152.29500000000002,-149.76,-2,544,-765,448
2025-09-01 23:46:53.370429,-279.825,-107.64,-75.27,-87.165,-109.2,-80.145,-81.705,-88.53,-1,550,-772,448
2025-09-01 23:46:53.382857,-213.525,50.505,44.655,49.92,27.3,19.89,25.35,12.285,-4,541,-788,448
2025-09-01 23:46:53.395286,-204.945,33.735,-1.17,50.31,8.58,-29.835,-14.625,-32.565,-4,539,-791,448
2025-09-01 23:46:53.407714,-249.21,-30.81,-85.215,-19.305,-65.13,-109.395,-86.97,-92.04,-2,537,-784,384
2025-09-01 23:46:53.420143,-292.305,-82.29,-140.79,-100.425,-126.945,-158.73000000000002,-155.22,-170.43,1,538,-789,448
2025-09-01 23:46:53.432571,-425.1,-143.715,-192.075,-164.38500000000002,-190.125,-196.56,-222.3,-214.89,1,538,-789,448
2025-09-01 23:46:53.445000,-409.5,-148.59,-179.79,-152.29500000000002,-176.475,-195.39,-162.63,-152.29500000000002,-2,537,-788,384
2025-09-01 23:46:53.453571,-384.345,-80.925,-87.165,-106.08,-111.93,-105.885,-73.32000000000001,-72.345,1,536,-793,448
2025-09-01 23:46:53.462143,-108.81,121.68,57.72,108.615,41.925,34.515,96.525,49.725,13,562,-800,448
2025-09-01 23:46:53.470714,-122.655,86.97,17.94,76.83,8.58,-2.535,61.620000000000005,7.215,12,562,-800,448
2025-09-01 23:46:53.479286,-163.60500000000002,28.86,-49.335,-5.265000000000001,-67.08,-64.935,-40.755,-32.175000000000004,9,562,-804,448
2025-09-01 23:46:53.487857,-199.29,-15.405,-114.075,-41.145,-108.03,-133.38,-109.005,-97.89,9,561,-801,384
2025-09-01 23:46:53.496429,-221.325,-45.24,-169.26000000000002,-75.465,-149.76,-184.665,-166.335,-148.98000000000002,8,565,-810,384
2025-09-01 23:46:53.505000,-234.78,-62.010000000000005,-176.085,-98.085,-158.34,-176.67000000000002,-151.905,-140.4,8,565,-810,384
2025-09-01 23:46:53.517857,-183.3,16.965,-92.43,-16.965,-74.49000000000001,-87.165,-133.38,-51.285,10,558,-805,384
2025-09-01 23:46:53.530714,10.92,236.73,126.75,276.12,160.875,105.69,167.31,99.06,0,551,-798,448
2025-09-01 23:46:53.543571,-0.78,204.36,84.435,239.655,126.555,61.035,114.66,61.23,0,551,-798,448
2025-09-01 23:46:53.556429,-50.31,136.89,21.255,166.53,54.405,-6.045,56.355,18.135,-3,553,-798,512
2025-09-01 23:46:53.569286,-90.48,73.32000000000001,-30.03,113.295,-6.63,-56.355,12.87,-28.665000000000003,-1,550,-797,384
2025-09-01 23:46:53.582143,-107.25,40.95,-73.71000000000001,88.33500000000001,-42.51,-96.135,-24.57,-65.91,1,548,-795,384
2025-09-01 23:46:53.595000,-111.93,35.49,-82.485,87.94500000000001,-37.83,-94.77,-22.815,-52.65,1,548,-795,384
2025-09-01 23:46:53.608000,-55.575,112.32,0.585,175.305,49.725,-7.800000000000001,59.865,21.06,-2,549,-798,320
2025-09-01 23:46:53.621000,22.62,120.705,13.26,289.185,88.53,1.56,97.11,61.425,14,520,-793,448
2025-09-01 23:46:53.634000,31.785,160.485,60.84,323.115,124.02,47.775,144.10500000000002,97.305,14,520,-793,448
2025-09-01 23:46:53.647000,117.585,237.705,126.945,383.37,204.945,119.145,213.72,154.83,12,517,-783,448
2025-09-01 23:46:53.660000,140.205,302.64,178.425,476.97,268.71000000000004,161.265,273.0,208.26,13,517,-788,384
2025-09-01 23:46:53.673000,174.915,336.765,224.64,503.1,309.27000000000004,204.945,312.58500000000004,244.725,13,520,-787,448
2025-09-01 23:46:53.686000,190.32,348.46500000000003,243.165,519.87,322.92,212.745,315.90000000000003,241.8,13,520,-787,448
2025-09-01 23:46:53.698857,146.445,280.8,165.945,451.815,245.895,127.92,236.535,172.57500000000002,11,520,-792,512
2025-09-01 23:46:53.711714,92.43,186.615,75.075,327.795,141.96,46.02,184.665,124.605,22,506,-793,448
2025-09-01 23:46:53.724571,119.34,224.055,117.195,374.595,179.985,87.94500000000001,220.935,164.775,22,506,-793,448
2025-09-01 23:46:53.737429,168.87,300.3,198.51,429.585,258.96000000000004,158.145,297.765,208.455,25,502,-794,448
2025-09-01 23:46:53.750286,186.03,350.02500000000003,254.085,516.5550000000001,317.85,231.075,359.77500000000003,270.46500000000003,23,504,-795,448
2025-09-01 23:46:53.763143,228.54,386.1,299.325,553.215,358.21500000000003,280.8,394.875,312.975,22,505,-798,448
2025-09-01 23:46:53.776000,258.18,421.2,318.24,582.27,377.52,274.755,411.84,306.54,23,505,-798,384
2025-09-01 23:46:53.793000,210.795,351.975,234.78,498.81,297.96000000000004,187.59,326.235,227.175,23,509,-798,384
2025-09-01 23:46:53.810000,215.085,439.53,331.5,498.81,334.23,275.73,421.98,304.785,22,503,-810,448
2025-09-01 23:46:53.827000,186.03,398.58,289.38,452.985,296.205,234.585,377.715,271.83,22,503,-810,448
2025-09-01 23:46:53.844000,133.965,322.53000000000003,219.375,374.4,226.59,163.995,308.49,211.185,23,501,-800,448
2025-09-01 23:46:53.861000,64.545,263.445,149.955,311.22,148.59,95.94,243.36,159.9,24,503,-805,448
2025-09-01 23:46:53.878000,60.06,228.735,114.27,268.32,101.985,64.74000000000001,202.02,119.925,18,502,-806,384
2025-09-01 23:46:53.895000,46.8,203.385,93.795,232.635,98.28,49.92,199.095,112.125,24,502,-810,448
2025-09-01 23:46:53.903429,90.48,284.7,165.945,314.34000000000003,180.375,122.85,273.78000000000003,188.76,27,504,-811,384
2025-09-01 23:46:53.911857,145.86,399.36,297.18,400.14,281.385,246.48,375.375,275.73,22,510,-808,448
2025-09-01 23:46:53.920286,117.0,364.455,258.18,347.295,240.435,206.895,337.15500000000003,234.78,22,510,-808,448
2025-09-01 23:46:53.928714,78.0,292.11,187.005,288.21000000000004,163.02,131.235,263.83500000000004,172.965,16,503,-804,448
2025-09-01 23:46:53.937143,25.74,227.565,121.68,218.205,102.375,65.52,201.045,116.415,17,505,-817,448
2025-09-01 23:46:53.945571,-4.29,192.66,81.315,182.91,67.275,29.64,160.095,83.46000000000001,19,509,-809,448
2025-09-01 23:46:53.954000,-29.445,163.8,53.43,159.12,47.775,14.235,148.785,69.42,19,507,-811,448
2025-09-01 23:46:53.967000,43.095,229.905,129.09,233.22,123.435,93.795,224.64,141.96,21,509,-815,384
2025-09-01 23:46:53.980000,-64.155,125.385,22.23,52.65,-7.0200000000000005,-11.115,80.535,23.4,18,507,-818,448
2025-09-01 23:46:53.993000,-45.045,156.0,64.74000000000001,88.53,22.23,45.435,118.755,63.57,21,508,-819,448
2025-09-01 23:46:54.006000,1.95,221.52,131.625,151.71,92.04,109.785,185.25,117.975,21,508,-819,448
2025-09-01 23:46:54.019000,54.015,289.575,186.42,209.235,149.565,146.25,239.265,170.04,22,505,-815,448
2025-09-01 23:46:54.032000,79.75500000000001,314.73,220.74,252.33,180.765,180.765,281.19,206.895,15,509,-826,384
2025-09-01 23:46:54.045000,90.87,350.02500000000003,238.875,273.975,207.48,196.365,300.69,187.59,16,510,-823,448
2025-09-01 23:46:54.053571,60.255,274.17,165.945,199.095,127.92,132.99,207.09,141.375,17,507,-822,448
2025-09-01 23:46:54.062143,52.65,300.105,200.655,177.06,149.955,168.48000000000002,218.205,166.14,20,501,-811,384
2025-09-01 23:46:54.070714,22.23,264.81,165.555,136.695,89.11500000000001,127.14,188.955,130.845,19,503,-808,448
2025-09-01 23:46:54.079286,-14.04,197.145,86.385,68.44500000000001,35.88,52.260000000000005,119.73,64.155,19,503,-808,448
2025-09-01 23:46:54.087857,-54.795,139.815,21.84,13.845,-21.84,-7.215,57.525,10.335,20,496,-815,448
2025-09-01 23:46:54.096429,-77.61,105.69,-7.605,-24.57,-56.355,-47.58,22.23,-25.74,27,502,-822,448
2025-09-01 23:46:54.105000,-94.575,68.055,-40.17,-51.675,-81.315,-75.075,-5.265000000000001,-44.655,25,498,-818,384
2025-09-01 23:46:54.118286,-67.08,139.425,28.47,6.045,-9.75,1.56,-16.38,37.245000000000005,25,495,-817,448
2025-09-01 23:46:54.131571,33.345,220.545,157.755,105.69,110.565,123.63,109.395,120.9,23,493,-814,384
2025-09-01 23:46:54.144857,11.895,188.175,109.98,64.935,69.22500000000001,82.29,68.44500000000001,83.265,18,492,-813,448
2025-09-01 23:46:54.158143,-32.175000000000004,114.27,44.85,-10.53,-9.165,20.085,80.145,-0.975,18,508,-813,512
2025-09-01 23:46:54.171429,-94.575,49.14,-4.29,-68.83500000000001,-80.145,-31.395,5.46,-33.93,18,498,-817,384
2025-09-01 23:46:54.184714,-105.885,12.285,-40.17,-114.465,-112.905,-62.400000000000006,-43.875,-73.905,17,498,-817,384
2025-09-01 23:46:54.198000,-140.01,-17.55,-86.19,-149.37,-136.305,-102.96,-73.125,-93.795,18,499,-818,384
2025-09-01 23:46:54.206143,-78.58500000000001,39.78,-13.65,-77.415,-67.665,-28.08,12.285,-24.375,22,496,-822,448
2025-09-01 23:46:54.214286,-131.04,-31.005000000000003,-88.53,-164.19,-139.815,-107.445,-87.94500000000001,-106.275,32,497,-825,448
2025-09-01 23:46:54.222429,-105.495,7.215,-57.72,-122.265,-102.57,-72.15,-47.385000000000005,-73.905,34,497,-814,448
2025-09-01 23:46:54.230571,-58.5,58.305,20.28,-47.775,-38.805,11.505,31.98,9.36,30,495,-813,512
2025-09-01 23:46:54.238714,-14.43,116.22,84.24000000000001,15.6,27.885,69.03,86.97,43.875,29,495,-818,384
2025-09-01 23:46:54.246857,2.73,147.03,125.385,48.75,59.865,111.15,130.65,85.215,29,495,-818,384
2025-09-01 23:46:54.255000,34.32,185.25,167.31,76.635,87.555,145.08,162.63,112.32,26,497,-823,384
2025-09-01 23:46:54.268000,-21.06,116.415,96.915,-3.705,11.115,81.9,83.07000000000001,48.945,29,497,-824,448
2025-09-01 23:46:54.281000,-130.65,-72.93,-113.88,-190.32,-157.17000000000002,-119.34,-109.005,-116.415,32,499,-822,448
2025-09-01 23:46:54.294000,-109.2,-30.615,-75.27,-149.175,-115.245,-78.97500000000001,-73.125,-82.095,28,499,-829,512
2025-09-01 23:46:54.307000,-57.525,47.385000000000005,0.585,-74.88,-42.120000000000005,-3.9,-0.585,-14.82,29,496,-827,448
2025-09-01 23:46:54.320000,-24.18,100.23,70.395,-22.62,10.53,65.13,80.34,51.675,23,494,-825,512
2025-09-01 23:46:54.333000,-7.41,121.485,112.905,9.75,43.29,108.225,111.735,85.995,23,494,-825,512
2025-09-01 23:46:54.346000,10.92,156.975,149.565,55.77,77.805,133.57500000000002,139.62,110.37,28,494,-836,448
2025-09-01 23:46:54.363000,0.0,105.885,80.145,-15.405,13.845,57.525,79.17,46.215,29,495,-831,448
2025-09-01 23:46:54.380000,2.34,116.22,101.79,27.69,67.08,102.57,98.865,56.940000000000005,32,493,-826,448
2025-09-01 23:46:54.397000,-21.84,83.85000000000001,61.815000000000005,-12.87,29.445,59.67,44.265,32.175000000000004,21,497,-820,384
2025-09-01 23:46:54.414000,-50.115,13.65,-8.58,-83.07000000000001,-50.505,-15.21,-32.76,-41.73,25,494,-821,384
2025-09-01 23:46:54.431000,-93.99,-45.24,-87.94500000000001,-153.27,-110.955,-93.6,-95.355,-103.35,23,494,-815,384
2025-09-01 23:46:54.448000,-115.44,-84.63000000000001,-125.385,-187.2,-143.32500000000002,-129.285,-129.48000000000002,-134.94,23,494,-815,384
2025-09-01 23:46:54.465000,-144.10500000000002,-128.115,-156.195,-218.985,-173.16,-159.315,-163.215,-158.535,22,492,-810,448
2025-09-01 23:46:54.477714,-100.425,-67.08,-91.455,-158.535,-106.86,-89.7,-90.09,-96.33,21,493,-813,448
2025-09-01 23:46:54.490429,13.065,78.19500000000001,101.4,10.53,53.82,94.185,92.43,50.7,29,495,-825,448
2025-09-01 23:46:54.503143,-12.48,41.925,65.325,-31.59,16.38,57.72,50.505,14.43,32,489,-823,320
2025-09-01 23:46:54.515857,-72.54,-36.855,-11.115,-105.3,-61.815000000000005,-18.72,-21.45,-52.065000000000005,28,490,-817,384
2025-09-01 23:46:54.528571,-112.32,-86.775,-88.92,-177.645,-144.495,-89.31,-100.23,-118.95,28,491,-818,384
2025-09-01 23:46:54.541286,-130.65,-121.875,-121.485,-212.16,-154.63500000000002,-118.755,-136.89,-148.59,28,491,-818,384
2025-09-01 23:46:54.554000,-155.025,-155.805,-166.53,-231.66,-186.42,-157.95000000000002,-164.775,-173.16,28,492,-817,320
2025-09-01 23:46:54.572000,-115.05,-86.775,-103.155,-163.995,-111.54,-95.355,-101.595,-112.32,26,493,-822,512
2025-09-01 23:46:54.590000,-165.75,-183.3,-186.81,-259.74,-190.515,-172.77,-182.91,-180.375,21,499,-829,512
2025-09-01 23:46:54.608000,-148.785,-150.735,-143.91,-216.84,-150.735,-129.87,-165.555,-132.6,21,499,-829,512
2025-09-01 23:46:54.626000,-98.865,-94.38,-68.83500000000001,-144.3,-80.535,-42.315000000000005,-128.115,-59.475,21,497,-825,448
2025-09-01 23:46:54.644000,-54.405,-35.685,1.17,-72.93,-15.795,19.5,26.91,-30.03,22,496,-823,512
2025-09-01 23:46:54.662000,-27.105,1.17,36.66,-35.295,16.38,51.48,46.605,19.695,22,496,-823,512
2025-09-01 23:46:54.680000,6.825,60.645,80.145,0.0,65.91,88.72500000000001,86.775,50.31,23,493,-823,448
2025-09-01 23:46:54.696429,-30.81,-5.655,11.895,-66.495,-6.045,19.89,-0.585,-22.815,14,496,-815,448
2025-09-01 23:46:54.712857,-167.505,-205.725,-200.655,-248.43,-194.805,-176.67000000000002,-190.515,-200.85,24,496,-816,448
2025-09-01 23:46:54.729286,-142.155,-170.04,-157.365,-209.625,-157.95000000000002,-137.28,-150.54,-162.63,24,496,-816,448
2025-09-01 23:46:54.745714,-100.62,-102.375,-80.73,-143.715,-83.46000000000001,-57.525,-81.705,-87.555,23,496,-817,256
2025-09-01 23:46:54.762143,-47.775,-34.32,-13.26,-73.125,-19.305,6.4350000000000005,-56.16,-12.87,25,496,-820,448
2025-09-01 23:46:54.778571,-31.200000000000003,-18.33,18.33,-47.97,5.07,42.51,-42.9,16.38,25,496,-820,448
2025-09-01 23:46:54.795000,-3.51,34.71,58.11,-10.14,47.775,77.025,84.63000000000001,-12.87,19,499,-812,448
2025-09-01 23:46:54.807714,-42.705,-20.085,0.975,-65.13,-16.185000000000002,9.165,-5.46,-32.76,19,493,-817,448
2025-09-01 23:46:54.820429,1.56,-1.95,73.905,-17.355,30.03,86.385,64.545,41.925,28,491,-822,384
2025-09-01 23:46:54.833143,-20.475,-37.44,38.025,-52.260000000000005,-3.705,45.435,21.84,-20.865,28,491,-822,384
2025-09-01 23:46:54.845857,-63.765,-93.795,-50.505,-114.855,-60.84,-45.825,-50.115,-92.43,28,494,-823,512
2025-09-01 23:46:54.858571,-103.155,-163.02,-122.265,-181.74,-129.09,-96.915,-146.64,-143.715,28,494,-821,448
2025-09-01 23:46:54.871286,-117.195,-180.765,-151.71,-210.405,-149.565,-150.54,-168.285,-175.305,32,495,-823,512
2025-09-01 23:46:54.884000,-147.225,-236.73,-196.56,-257.40000000000003,-199.095,-190.125,-200.265,-204.945,32,495,-823,512
2025-09-01 23:46:54.885000,-117.975,-180.765,-133.77,-188.955,-135.135,-115.05,-134.745,-149.565,35,491,-841,448
2025-09-01 23:46:54.904833,-141.96,-245.895,-185.25,-239.655,-188.955,-170.235,-185.64,-191.295,30,487,-827,448
2025-09-01 23:46:54.924667,-120.12,-214.11,-148.59,-194.61,-145.86,-128.70000000000002,-148.005,-154.63500000000002,30,487,-827,448
2025-09-01 23:46:54.944500,-68.44500000000001,-146.055,-76.05,-130.065,-72.735,-48.75,-64.545,-80.34,27,483,-827,384
2025-09-01 23:46:54.964333,-22.23,-74.295,-20.28,-59.67,-7.800000000000001,13.455,-6.24,-57.525,26,483,-827,448
2025-09-01 23:46:54.984167,1.365,-39.585,12.87,-23.595,28.47,34.905,11.7,-8.385,24,484,-828,448
2025-09-01 23:46:55.004000,36.66,4.68,69.81,25.935,68.83500000000001,89.895,63.375,34.515,24,484,-828,448
2025-09-01 23:46:55.016857,3.51,-54.99,25.935,-22.62,13.455,28.86,9.555,-21.84,28,484,-821,384
2025-09-01 23:46:55.029714,42.51,-3.315,62.985,27.885,77.805,74.295,51.09,24.765,21,485,-829,448
2025-09-01 23:46:55.042571,15.6,-44.655,38.22,-9.36,37.05,50.31,5.8500000000000005,-4.485,21,485,-829,448
2025-09-01 23:46:55.055429,-28.08,-115.245,-29.055,-82.29,-32.955,-27.885,-98.085,-61.23,20,491,-835,448
2025-09-01 23:46:55.068286,-78.58500000000001,-173.94,-115.245,-160.095,-110.175,-115.245,-143.52,-142.54500000000002,20,486,-832,448
2025-09-01 23:46:55.081143,-101.595,-202.995,-144.495,-181.35,-134.745,-145.665,-130.65,-183.69,20,485,-830,448
2025-09-01 23:46:55.094000,-132.21,-253.305,-193.635,-237.315,-184.08,-189.93,-178.425,-188.565,21,483,-829,448
2025-09-01 23:46:55.102714,-101.985,-203.58,-133.185,-180.765,-121.68,-124.41,-133.185,-137.865,24,483,-829,448
2025-09-01 23:46:55.111429,52.065000000000005,5.46,78.0,40.17,84.435,81.315,69.61500000000001,49.725,29,485,-824,448
2025-09-01 23:46:55.120143,35.1,-27.885,44.85,10.335,55.185,43.485,31.98,7.41,29,485,-824,448
2025-09-01 23:46:55.128857,-11.7,-106.08,-21.255,-72.345,-25.545,-25.935,-43.68,-51.285,35,484,-833,320
2025-09-01 23:46:55.137571,-68.83500000000001,-181.545,-104.325,-138.645,-102.57,-95.355,-102.96,-113.1,30,483,-827,512
2025-09-01 23:46:55.146286,-89.31,-208.26,-138.45000000000002,-175.89,-131.04,-139.425,-143.32500000000002,-148.005,37,480,-819,448
2025-09-01 23:46:55.155000,-126.555,-268.125,-186.42,-234.195,-193.83,-172.57500000000002,-199.29,-182.325,32,483,-818,384
2025-09-01 23:46:55.167714,-110.955,-217.62,-136.695,-182.325,-130.455,-124.02,-137.475,-132.6,30,480,-823,448
2025-09-01 23:46:55.180429,-148.59,-228.345,-172.965,-208.65,-178.23000000000002,-154.83,-175.89,-164.19,27,473,-828,448
2025-09-01 23:46:55.193143,-124.215,-195.0,-141.375,-177.645,-140.4,-114.855,-142.54500000000002,-139.815,27,473,-828,448
2025-09-01 23:46:55.205857,-67.47,-127.92,-67.08,-104.715,-65.325,-39.195,-66.3,-66.69,26,476,-834,448
2025-09-01 23:46:55.218571,-12.87,-50.895,7.215,-25.935,9.945,31.005000000000003,-0.78,-13.65,28,475,-837,384
2025-09-01 23:46:55.231286,4.095,-24.96,36.66,-1.365,41.145,67.08,32.955,18.33,33,474,-840,448
2025-09-01 23:46:55.244000,44.655,29.055,91.26,54.405,94.38,118.56,86.775,68.055,29,474,-836,448
2025-09-01 23:46:55.252857,-0.78,-28.275,47.775,1.755,32.955,72.15,27.3,8.97,28,475,-831,512
2025-09-01 23:46:55.261714,43.485,42.51,98.475,75.66,113.1,111.93,89.50500000000001,62.595,29,467,-830,320
2025-09-01 23:46:55.270571,20.28,29.25,67.08,38.025,69.22500000000001,78.0,48.555,25.545,31,463,-831,384
2025-09-01 23:46:55.279429,0.78,-29.445,-22.62,-41.925,9.165,-7.800000000000001,-41.145,-53.235,31,463,-831,384
2025-09-01 23:46:55.288286,-51.09,-101.4,-100.62,-110.955,-68.44500000000001,-67.665,-116.61,-111.54,27,468,-839,448
2025-09-01 23:46:55.297143,-77.22,-144.885,-123.045,-142.74,-102.375,-101.205,-135.525,-133.57500000000002,26,472,-825,384
2025-09-01 23:46:55.306000,-125.775,-194.22,-175.695,-199.68,-163.8,-151.32,-177.84,-169.065,29,467,-827,448
2025-09-01 23:46:55.318857,-103.74,-169.845,-115.635,-157.17000000000002,-116.025,-89.31,-114.075,-114.66,29,465,-830,448
2025-09-01 23:46:55.331714,98.67,73.125,87.75,68.64,105.105,102.375,81.705,50.505,42,468,-838,448
2025-09-01 23:46:55.344571,74.49000000000001,38.61,52.260000000000005,42.705,72.15,70.98,53.04,19.305,41,463,-836,448
2025-09-01 23:46:55.357429,34.905,-23.4,-10.53,-34.71,2.145,0.78,-14.04,-38.415,41,463,-836,448
2025-09-01 23:46:55.370286,-25.155,-97.5,-85.8,-110.565,-66.69,-70.2,-93.405,-105.3,39,459,-832,384
2025-09-01 23:46:55.383143,-40.95,-121.68,-122.46,-128.70000000000002,-98.28,-112.125,-124.215,-130.26,43,461,-851,384
2025-09-01 23:46:55.396000,-77.22,-172.38,-184.665,-188.565,-155.025,-168.09,-174.915,-174.72,43,464,-842,320
2025-09-01 23:46:55.404429,-49.14,-138.06,-135.135,-140.985,-108.42,-106.47,-117.585,-143.32500000000002,41,460,-839,448
2025-09-01 23:46:55.412857,-84.825,-175.305,-179.79,-186.42,-146.055,-161.655,-178.035,-173.35500000000002,34,464,-835,384
2025-09-01 23:46:55.421286,-35.49,-149.76,-151.515,-149.565,-117.195,-124.605,-151.32,-147.03,33,469,-841,512
2025-09-01 23:46:55.429714,-34.32,-93.015,-78.97500000000001,-76.83,-55.185,-35.685,-91.65,-68.055,33,469,-841,512
2025-09-01 23:46:55.438143,51.870000000000005,-11.31,-6.045,-7.800000000000001,30.03,20.475,-28.47,0.39,37,466,-846,384
2025-09-01 23:46:55.446571,71.565,22.62,24.765,32.565,61.035,58.89,57.525,17.16,37,466,-832,384
2025-09-01 23:46:55.455000,92.235,74.88,96.33,93.21,116.22,121.485,119.535,70.98,35,465,-841,384
2025-09-01 23:46:55.467857,78.39,40.755,39.975,51.48,72.54,55.965,54.21,15.21,38,462,-842,448
2025-09-01 23:46:55.480714,-77.22,-179.79,-169.455,-185.055,-154.245,-151.32,-174.33,-152.88,44,455,-844,384
2025-09-01 23:46:55.493571,-64.35000000000001,-154.245,-144.885,-150.93,-124.02,-115.05,-137.28,-126.945,46,454,-849,320
2025-09-01 23:46:55.506429,-16.575,-88.53,-72.93,-76.83,-53.04,-46.215,-65.52,-59.475,44,456,-848,384
2025-09-01 23:46:55.519286,39.78,6.24,-3.51,12.285,31.005000000000003,24.57,-88.33500000000001,15.795,41,454,-843,448
2025-09-01 23:46:55.532143,60.84,33.54,26.91,37.635,55.38,53.82,8.385,28.08,41,454,-843,448
2025-09-01 23:46:55.545000,105.495,68.44500000000001,95.55,91.065,111.93,114.27,129.285,73.125,41,455,-842,448
2025-09-01 23:46:55.557857,62.985,35.1,62.595,50.895,64.74000000000001,75.465,60.255,48.945,38,455,-843,384
2025-09-01 23:46:55.570714,88.53,81.9,110.76,107.445,113.1,129.675,112.71,85.215,47,447,-848,448
2025-09-01 23:46:55.583571,81.705,62.985,79.75500000000001,81.9,87.94500000000001,92.82,77.805,51.09,50,445,-854,384
2025-09-01 23:46:55.596429,16.38,-22.035,-4.29,-4.095,3.705,16.185000000000002,-4.875,-17.745,47,452,-848,384
2025-09-01 23:46:55.609286,-46.995000000000005,-105.3,-85.02,-85.215,-80.73,-65.13,-91.845,-90.48,49,449,-846,384
2025-09-01 23:46:55.622143,-61.23,-117.195,-107.64,-116.025,-111.345,-88.92,-109.005,-108.42,49,449,-846,384
2025-09-01 23:46:55.635000,-84.24000000000001,-166.92000000000002,-152.49,-153.465,-154.83,-130.26,-153.465,-142.155,50,452,-849,512
2025-09-01 23:46:55.648000,-60.45,-149.76,-119.34,-115.83,-116.61,-78.58500000000001,-111.54,-97.5,52,450,-848,448
2025-09-01 23:46:55.661000,-100.23,-217.23,-160.095,-168.87,-171.79500000000002,-136.11,-159.9,-144.885,48,427,-857,448
2025-09-01 23:46:55.674000,-90.48,-192.855,-147.03,-139.035,-143.715,-109.59,-142.54500000000002,-116.61,40,437,-847,384
2025-09-01 23:46:55.687000,-37.635,-127.725,-77.805,-60.45,-64.74000000000001,-39.78,-67.47,-51.675,42,441,-848,448
2025-09-01 23:46:55.700000,20.865,-50.895,11.505,24.96,18.135,37.44,12.48,27.105,41,441,-845,448
2025-09-01 23:46:55.713000,49.53,-14.235,46.02,62.595,50.31,72.15,50.7,56.355,41,441,-845,448
2025-09-01 23:46:55.726000,90.87,39.195,108.615,120.9,112.515,138.45000000000002,109.785,104.715,40,441,-845,320
2025-09-01 23:46:55.727000,65.715,10.725,72.54,78.58500000000001,70.005,97.695,54.015,58.305,41,438,-846,384
2025-09-01 23:46:55.746500,73.515,38.805,95.355,97.695,86.58,141.57,105.105,68.83500000000001,49,427,-848,448
2025-09-01 23:46:55.766000,48.75,5.46,89.11500000000001,72.93,68.25,133.38,66.105,68.055,36,432,-843,384
2025-09-01 23:46:55.785500,15.99,-34.515,32.370000000000005,46.995000000000005,11.895,48.75,15.21,0.585,36,431,-845,448
2025-09-01 23:46:55.805000,-24.96,-104.13,-51.870000000000005,-43.29,-50.505,-36.66,-59.475,-83.655,38,431,-841,448
2025-09-01 23:46:55.824500,-52.65,-140.985,-90.285,-68.25,-75.27,-79.36500000000001,-94.965,-127.335,38,431,-841,448
2025-09-01 23:46:55.844000,-91.26,-194.805,-158.34,-137.085,-141.57,-143.715,-159.12,-190.32,35,435,-835,320
2025-09-01 23:46:55.852571,-85.41,-165.36,-132.21,-102.96,-107.64,-97.11,-126.945,-151.515,38,433,-841,384
2025-09-01 23:46:55.861143,86.97,48.945,119.925,150.54,133.185,136.5,126.945,45.045,42,426,-844,384
2025-09-01 23:46:55.869714,81.705,43.485,101.4,128.505,103.545,113.49,94.38,20.28,45,432,-863,384
2025-09-01 23:46:55.878286,28.665000000000003,-31.395,27.495,48.165,29.64,45.435,17.16,-43.095,44,431,-857,384
2025-09-01 23:46:55.886857,-38.22,-119.535,-56.940000000000005,-46.605,-61.035,-48.75,-56.16,-99.06,44,432,-853,384
2025-09-01 23:46:55.895429,-57.915,-155.415,-92.235,-69.42,-87.94500000000001,-80.145,-86.775,-152.49,44,432,-853,384
2025-09-01 23:46:55.904000,-95.16,-200.85,-163.215,-127.725,-150.15,-141.57,-164.58,-207.48,39,433,-851,384
2025-09-01 23:46:55.917000,-79.75500000000001,-179.595,-133.57500000000002,-101.205,-116.61,-98.475,-128.70000000000002,-157.56,44,427,-853,384
2025-09-01 23:46:55.930000,-46.215,-206.895,-173.745,-136.305,-152.88,-160.29,-169.845,-183.69,50,423,-850,448
2025-09-01 23:46:55.943000,-49.92,-221.715,-154.05,-131.43,-142.54500000000002,-134.35500000000002,-157.365,-162.04500000000002,50,423,-850,448
2025-09-01 23:46:55.956000,-81.315,-159.12,-68.25,-56.16,-75.855,-42.120000000000005,-66.885,-83.46000000000001,51,424,-854,448
2025-09-01 23:46:55.969000,37.245000000000005,-47.190000000000005,45.435,41.535,7.800000000000001,63.96,42.315000000000005,14.43,49,423,-855,320
2025-09-01 23:46:55.982000,69.61500000000001,1.755,81.705,75.66,79.56,93.015,70.59,43.485,49,423,-855,320
2025-09-01 23:46:55.995000,117.0,45.24,123.24,153.27,143.91,133.38,122.655,88.72500000000001,50,421,-840,448
2025-09-01 23:46:56.003714,96.33,41.73,88.72500000000001,114.855,85.605,105.885,79.17,17.94,57,421,-859,384
2025-09-01 23:46:56.012429,-43.875,-204.36,-169.455,-126.75,-157.365,-160.485,-166.14,-162.63,58,422,-850,448
2025-09-01 23:46:56.021143,-52.455,-187.785,-161.46,-119.145,-141.375,-139.62,-147.225,-138.255,61,422,-850,448
2025-09-01 23:46:56.029857,-9.36,-124.995,-88.53,-60.645,-85.02,-50.115,-78.0,-74.685,54,421,-853,384
2025-09-01 23:46:56.038571,65.52,-76.635,17.355,6.825,-14.43,27.69,7.605,4.485,54,421,-849,448
2025-09-01 23:46:56.047286,82.875,-59.865,43.29,43.29,19.305,46.995000000000005,41.73,31.98,55,422,-855,512
2025-09-01 23:46:56.056000,89.31,6.4350000000000005,105.495,109.785,82.68,114.27,117.39,109.2,55,422,-855,512
2025-09-01 23:46:56.068857,145.275,43.29,114.855,137.085,110.175,109.395,111.15,93.99,58,418,-843,384
2025-09-01 23:46:56.081714,170.235,44.655,118.95,156.975,137.28,129.09,124.02,120.12,55,418,-853,448
2025-09-01 23:46:56.094571,162.82500000000002,32.565,119.73,152.685,112.32,112.515,108.03,106.47,55,418,-853,448
2025-09-01 23:46:56.107429,109.395,-38.805,53.235,59.865,28.47,39.585,42.315000000000005,50.31,52,417,-848,512
2025-09-01 23:46:56.120286,35.295,-107.055,-64.35000000000001,-46.8,-53.43,-71.37,-62.205000000000005,-38.61,54,418,-849,384
2025-09-01 23:46:56.133143,30.42,-153.66,-102.96,-52.455,-75.075,-93.015,-88.92,-84.435,54,417,-854,384
2025-09-01 23:46:56.146000,19.695,-197.925,-139.62,-84.63000000000001,-114.855,-134.745,-136.695,-96.525,54,417,-854,384
2025-09-01 23:46:56.154429,12.87,-222.495,-125.97,-65.13,-92.625,-108.81,-120.9,-80.73,54,421,-853,448
2025-09-01 23:46:56.162857,170.625,-24.18,141.57,171.6,122.46,145.86,169.26000000000002,186.03,51,423,-855,448
2025-09-01 23:46:56.171286,181.155,-25.74,133.185,170.82,123.435,131.43,160.875,145.275,51,423,-855,448
2025-09-01 23:46:56.179714,132.6,-106.08,39.78,95.16,62.79,54.21,26.715,67.47,47,418,-844,384
2025-09-01 23:46:56.188143,72.735,-222.105,-35.88,18.525,-37.245000000000005,-37.245000000000005,-59.28,0.39,51,420,-848,320
2025-09-01 23:46:56.196571,75.66,-247.455,-62.985,-16.575,-56.940000000000005,-67.665,-71.175,-21.645,46,423,-851,448
2025-09-01 23:46:56.205000,42.9,-314.925,-124.02,-71.37,-128.115,-121.68,-146.25,-89.50500000000001,46,423,-851,448
2025-09-01 23:46:56.217857,-18.135,-294.45,-132.99,-70.395,-117.78,-125.775,-131.04,-69.03,49,417,-839,448
2025-09-01 23:46:56.230714,-100.425,-342.225,-158.145,-85.41,-134.745,-164.19,-242.385,-70.005,34,421,-862,448
2025-09-01 23:46:56.243571,-103.545,-332.475,-145.665,-81.705,-126.75,-146.835,-185.64,-57.72,34,421,-862,448
2025-09-01 23:46:56.256429,-64.35000000000001,-300.495,-119.145,-7.800000000000001,-75.66,-103.35,-81.51,-64.74000000000001,28,423,-852,448
2025-09-01 23:46:56.269286,-19.695,-229.905,-1.755,39.195,13.845,17.55,-15.015,47.58,26,421,-853,448
2025-09-01 23:46:56.282143,4.68,-166.725,55.185,104.52,65.715,65.13,41.73,95.16,31,423,-852,512
2025-09-01 23:46:56.295000,74.49000000000001,-89.50500000000001,114.075,179.79,138.645,112.515,113.88,158.145,32,422,-854,448
2025-09-01 23:46:56.296000,52.845,-104.13,101.4,148.98000000000002,123.63,89.895,85.41,126.945,32,422,-858,448
2025-09-01 23:46:56.310667,88.33500000000001,-169.26000000000002,112.515,197.535,161.265,106.665,110.565,156.585,26,426,-858,448
2025-09-01 23:46:56.325333,-66.885,-163.215,103.545,172.185,142.54500000000002,94.185,93.015,135.33,26,426,-858,448
2025-09-01 23:46:56.340000,-15.21,-205.53,42.120000000000005,72.93,47.385000000000005,33.15,35.685,78.97500000000001,37,432,-865,512
2025-09-01 23:46:56.354667,-42.51,-289.38,-55.965,23.205,3.705,-70.98,-72.345,-7.995,29,435,-865,448
2025-09-01 23:46:56.369333,-70.785,-327.99,-69.22500000000001,-15.99,-38.415,-89.895,-88.14,-24.765,33,428,-865,448
2025-09-01 23:46:56.384000,-120.9,-394.29,-115.44,-97.11,-130.65,-127.14,-156.0,-71.37,27,431,-867,448
2025-09-01 23:46:56.397714,-149.955,-406.38,-142.74,-126.75,-148.395,-155.415,-121.875,-54.99,25,430,-864,384
2025-09-01 23:46:56.411429,-24.57,-400.92,-135.525,-13.26,-56.940000000000005,-191.685,-117.585,-69.42,37,425,-862,384
2025-09-01 23:46:56.425143,-105.105,-407.355,-101.595,-31.59,-83.46000000000001,-162.24,-112.905,-52.65,37,425,-862,384
2025-09-01 23:46:56.438857,-104.715,-403.455,-53.43,-81.315,-70.005,-93.6,-99.45,-14.625,40,423,-859,448
2025-09-01 23:46:56.452571,-23.79,-274.95,8.97,30.615,15.015,-14.04,-30.03,54.6,37,421,-848,512
2025-09-01 23:46:56.466286,31.98,-218.01,37.245000000000005,88.92,67.665,33.345,53.43,73.515,38,416,-847,448
2025-09-01 23:46:56.480000,60.645,-169.845,153.07500000000002,144.885,122.46,141.18,152.685,188.565,36,420,-854,448
2025-09-01 23:46:56.492143,73.71000000000001,-163.215,128.895,136.695,113.88,69.81,114.855,134.55,38,422,-856,448
2025-09-01 23:46:56.504286,-14.625,-551.655,-102.765,-15.405,-66.885,-177.45000000000002,-65.52,-52.260000000000005,29,413,-861,448
2025-09-01 23:46:56.516429,-117.975,-573.885,-127.53,-15.99,-95.745,-198.9,-76.05,-45.825,31,414,-855,448
2025-09-01 23:46:56.528571,-138.45000000000002,-475.41,-69.03,-15.99,-86.97,-112.71,-87.75,-10.14,31,414,-855,448
2025-09-01 23:46:56.540714,-10.335,-408.72,-5.655,109.785,63.375,-41.535,-25.35,46.605,42,412,-855,384
2025-09-01 23:46:56.552857,-20.475,-384.93,50.505,147.03,95.16,21.06,32.955,107.445,42,414,-859,448
2025-09-01 23:46:56.565000,76.245,-318.435,189.15,183.3,152.685,102.18,198.9,243.165,36,410,-858,448
2025-09-01 23:46:56.573714,-3.315,-366.21,172.57500000000002,141.375,48.165,108.42,144.3,190.125,34,410,-862,384
2025-09-01 23:46:56.582429,60.645,-156.975,168.09,185.055,189.93,113.1,170.04,192.66,32,401,-863,448
2025-09-01 23:46:56.591143,97.695,-139.815,190.32,227.76,205.14,132.405,166.53,194.025,33,401,-863,512
2025-09-01 23:46:56.599857,84.24000000000001,-181.74,109.59,177.06,152.685,66.3,66.495,113.49,33,401,-863,512
2025-09-01 23:46:56.608571,26.325,-239.46,-30.225,90.09,60.06,-65.13,-63.96,10.725,36,401,-863,448
2025-09-01 23:46:56.617286,10.92,-280.21500000000003,-80.145,61.425,26.52,-125.775,-142.74,-28.665000000000003,34,401,-853,384
2025-09-01 23:46:56.626000,-55.185,-370.695,-69.61500000000001,-34.905,-98.28,-146.445,-150.93,-28.08,33,401,-861,448
2025-09-01 23:46:56.638857,-119.34,-372.645,-72.54,-77.415,-114.27,-146.055,-56.940000000000005,-31.785,34,402,-861,448
2025-09-01 23:46:56.651714,-126.165,-287.235,-116.805,-48.165,-99.645,-145.275,-134.55,-36.465,29,383,-865,384
2025-09-01 23:46:56.664571,-88.53,-265.005,-104.52,-26.52,-81.705,-152.29500000000002,-83.265,9.165,28,387,-865,320
2025-09-01 23:46:56.677429,7.41,-178.815,-16.185000000000002,64.74000000000001,1.17,-74.295,7.800000000000001,62.205000000000005,28,387,-865,320
2025-09-01 23:46:56.690286,11.505,-49.725,21.06,95.94,54.6,5.655,-11.115,51.675,37,391,-860,448
2025-09-01 23:46:56.703143,24.57,-26.325,104.325,100.815,70.98,56.55,39.0,143.91,33,383,-880,448
2025-09-01 23:46:56.716000,110.955,2.145,133.38,169.65,112.71,93.6,110.37,175.89,29,386,-875,320
2025-09-01 23:46:56.728571,48.75,-22.815,156.0,190.515,113.49,128.505,113.685,177.645,24,390,-872,448
2025-09-01 23:46:56.741143,-139.035,38.025,-59.865,-143.52,-202.02,-109.2,-99.84,-7.41,38,386,-883,384
2025-09-01 23:46:56.753714,-75.855,0.39,-84.045,-154.83,-148.395,-108.615,-95.745,-22.425,35,393,-879,448
2025-09-01 23:46:56.766286,-19.695,91.455,-42.315000000000005,-5.265000000000001,-41.73,-92.43,-40.95,4.875,39,387,-879,384
2025-09-01 23:46:56.778857,49.92,215.085,12.09,102.375,87.75,-22.23,-40.17,78.39,39,384,-877,384
2025-09-01 23:46:56.791429,50.895,218.79,23.4,134.55,95.16,20.085,-18.33,92.235,38,384,-880,384
2025-09-01 23:46:56.804000,-19.695,260.325,106.47,129.09,92.625,89.895,128.505,153.07500000000002,33,381,-879,384
2025-09-01 23:46:56.816857,89.50500000000001,331.695,162.04500000000002,166.92000000000002,148.98000000000002,111.54,151.71,187.98,31,377,-875,320
2025-09-01 23:46:56.829714,150.93,358.995,120.705,217.815,164.19,117.0,126.555,182.52,27,373,-885,448
2025-09-01 23:46:56.842571,153.07500000000002,320.97,126.555,193.05,148.59,98.28,135.135,170.43,22,368,-885,384
2025-09-01 23:46:56.855429,-8.385,235.755,47.58,84.435,41.73,24.765,9.555,111.93,20,365,-885,448
2025-09-01 23:46:56.868286,5.46,208.65,-43.875,46.02,-1.17,-44.265,9.36,-15.99,20,365,-887,448
2025-09-01 23:46:56.881143,42.51,199.485,-49.53,25.74,15.015,-70.395,-32.370000000000005,-4.875,20,365,-887,448
2025-09-01 23:46:56.894000,36.465,33.54,-148.20000000000002,9.165,-66.69,-135.915,-146.835,-62.985,19,359,-886,448
2025-09-01 23:46:56.902714,-214.305,28.665000000000003,-171.6,-89.31,-196.365,-198.51,-114.855,-106.47,25,363,-883,448
2025-09-01 23:46:56.911429,143.91,89.7,126.555,242.19,156.78,125.58,133.57500000000002,190.71,14,364,-827,448
2025-09-01 23:46:56.920143,137.28,124.995,93.795,258.18,172.77,97.11,103.545,159.12,14,358,-825,448
2025-09-01 23:46:56.928857,108.225,93.405,29.445,156.78,57.330000000000005,30.81,38.415,58.305,15,367,-836,448
2025-09-01 23:46:56.937571,43.485,-5.265000000000001,-80.73,65.13,-1.755,-96.33,-111.15,41.145,17,375,-849,384
2025-09-01 23:46:56.946286,80.535,11.115,-66.69,82.29,10.14,-74.295,-107.835,20.475,17,375,-849,384
2025-09-01 23:46:56.955000,171.015,-89.895,-63.96,55.575,-64.545,-76.44,-27.885,-5.07,17,382,-860,448
2025-09-01 23:46:56.967714,-253.89,-87.555,-112.32,-2.145,-114.465,-90.285,-88.92,0.39,19,391,-869,448
2025-09-01 23:46:56.980429,90.09,34.905,-153.27,-27.495,-58.11,-134.55,-110.955,-40.95,32,410,-903,448
2025-09-01 23:46:56.993143,117.195,77.415,-150.93,-34.905,-47.190000000000005,-146.835,-152.88,-45.045,39,418,-908,448
2025-09-01 23:46:57.005857,235.365,105.495,-99.06,34.905,4.875,-115.635,-116.415,-14.04,44,412,-901,448
2025-09-01 23:46:57.018571,134.16,78.58500000000001,57.330000000000005,76.245,-52.845,43.875,43.095,117.195,44,402,-901,448
2025-09-01 23:46:57.031286,194.61,191.49,60.84,84.435,53.235,50.505,80.145,135.72,44,402,-901,448
2025-09-01 23:46:57.044000,193.44,330.52500000000003,70.005,200.46,188.76,61.035,70.2,117.585,52,407,-904,384
2025-09-01 23:46:57.052714,332.08500000000004,320.385,157.365,228.735,154.83,140.985,136.305,199.485,52,401,-903,448
2025-09-01 23:46:57.061429,397.215,353.535,82.29,153.465,183.105,44.07,170.82,115.44,29,286,-862,448
2025-09-01 23:46:57.070143,413.205,351.0,129.48000000000002,196.95,177.645,106.47,127.92,74.295,23,290,-856,448
2025-09-01 23:46:57.078857,382.785,303.42,120.315,161.85,102.57,56.16,-49.92,140.205,29,285,-859,384
2025-09-01 23:46:57.087571,323.31,216.255,-56.55,86.19,40.95,-43.095,-49.14,-21.45,29,285,-860,448
2025-09-01 23:46:57.096286,365.82,203.58,-31.59,71.76,52.260000000000005,-25.74,-52.455,21.06,29,285,-860,448
2025-09-01 23:46:57.105000,239.07,187.59,-19.695,49.92,-22.815,-69.03,-44.07,18.915,32,287,-862,448
2025-09-01 23:46:57.117857,345.735,81.12,-126.945,-35.49,-102.375,-211.77,-157.95000000000002,-118.17,32,280,-860,448
2025-09-01 23:46:57.130714,332.08500000000004,-188.955,-99.84,13.65,-72.735,-184.275,-118.17,-39.585,13,240,-817,448
2025-09-01 23:46:57.143571,233.415,-255.06,-128.115,-1.56,-112.905,-234.195,-121.68,-181.935,13,240,-817,448
2025-09-01 23:46:57.156429,284.895,-227.76,-89.11500000000001,-1.95,-62.400000000000006,-179.985,-180.57,-72.345,14,239,-825,448
2025-09-01 23:46:57.169286,352.755,-65.91,-75.27,180.375,130.65,-113.49,-109.2,-42.705,6,241,-831,448
2025-09-01 23:46:57.182143,406.38,-19.11,-88.53,195.0,127.53,-93.6,-62.985,-4.68,6,241,-831,448
2025-09-01 23:46:57.195000,405.99,-28.665000000000003,82.875,217.23,139.035,-5.8500000000000005,103.35,128.115,5,248,-839,384
2025-09-01 23:46:57.203571,539.37,-1.56,151.515,259.74,121.29,52.65,133.38,137.28,10,246,-835,384
2025-09-01 23:46:57.212143,291.135,-75.465,2.535,58.695,-21.84,-140.4,-10.335,52.65,10,279,-899,448
2025-09-01 23:46:57.220714,174.13500000000002,-63.765,-17.16,-24.765,-144.69,-152.49,-35.685,17.355,10,279,-899,448
2025-09-01 23:46:57.229286,290.55,-45.045,-136.305,-30.03,-50.31,-158.925,-126.555,-35.1,8,275,-897,384
2025-09-01 23:46:57.237857,368.16,47.97,-60.84,97.5,22.425,-114.27,-72.735,38.22,8,279,-898,448
2025-09-01 23:46:57.246429,463.71,82.875,11.31,182.91,101.4,-38.22,-66.495,96.72,8,279,-898,448
2025-09-01 23:46:57.255000,405.795,48.555,66.495,203.385,79.75500000000001,11.7,65.13,103.545,4,279,-882,448
2025-09-01 23:46:57.267857,226.395,152.1,133.38,90.87,23.01,73.515,114.855,179.01000000000002,15,284,-892,448
2025-09-01 23:46:57.280714,155.61,239.07,-7.605,187.2,75.075,-64.35000000000001,89.895,-67.08,18,235,-912,384
2025-09-01 23:46:57.293571,333.255,297.96000000000004,-4.875,174.525,139.62,-33.15,-38.61,13.26,18,235,-912,384
2025-09-01 23:46:57.306429,436.02,247.455,45.825,158.73000000000002,136.5,-29.445,36.66,64.545,16,234,-901,384
2025-09-01 23:46:57.319286,238.875,140.595,-76.635,5.655,-125.19,-141.96,-87.94500000000001,-112.125,18,231,-900,448
2025-09-01 23:46:57.332143,236.925,63.375,-54.795,-51.48,-159.51000000000002,-111.345,-98.085,-57.72,22,228,-905,384
2025-09-01 23:46:57.345000,243.36,-11.7,-38.22,-84.24000000000001,-181.545,-140.205,-93.21,-36.465,22,228,-905,384
2025-09-01 23:46:57.357857,137.865,50.505,-188.76,-66.885,-148.98000000000002,-253.11,-160.29,-148.005,27,228,-907,448
2025-09-01 23:46:57.370714,262.47,192.66,50.895,7.0200000000000005,34.71,-18.72,59.475,77.415,48,202,-903,448
2025-09-01 23:46:57.383571,395.655,299.13,84.045,141.375,181.155,21.645,106.47,96.915,48,202,-903,448
2025-09-01 23:46:57.396429,381.81,263.25,84.045,181.35,126.75,19.695,78.78,105.69,47,200,-916,384
2025-09-01 23:46:57.409286,363.675,148.005,-89.50500000000001,65.715,34.515,-141.375,-95.745,-54.21,50,203,-910,384
2025-09-01 23:46:57.422143,270.46500000000003,136.695,-119.535,25.545,21.84,-173.35500000000002,-120.315,-70.395,44,208,-910,384
2025-09-01 23:46:57.435000,263.83500000000004,36.465,-147.81,-45.63,-141.18,-244.53,-188.37,-123.63,44,208,-910,384
2025-09-01 23:46:57.435200,70.98,-70.395,-216.06,-121.875,-226.005,-268.125,-226.59,-157.365,41,216,-921,384
2025-09-01 23:46:57.435400,214.11,71.955,-181.35,-94.77,-177.645,-227.175,-233.415,-137.475,52,286,-951,384
2025-09-01 23:46:57.435600,105.495,28.86,-209.43,-189.54,-275.925,-238.29,-251.55,-138.45000000000002,52,286,-951,384
2025-09-01 23:46:57.435800,218.79,119.535,-189.735,-9.36,-99.255,-217.815,-270.27,-145.47,47,297,-957,384
2025-09-01 23:46:57.436000,275.73,140.4,-24.375,30.225,-111.93,-57.915,72.345,37.44,48,291,-971,448
2025-09-01 23:46:57.482500,246.87,24.375,116.22,5.8500000000000005,-169.65,33.54,175.11,146.64,40,299,-974,448
2025-09-01 23:46:57.529000,185.835,149.37,110.175,76.05,-97.89,24.96,122.46,129.48000000000002,40,299,-974,384
2025-09-01 23:46:57.541286,384.54,224.055,23.01,162.24,1.365,-61.620000000000005,36.855,10.92,45,296,-972,384
2025-09-01 23:46:57.553571,148.59,-19.5,-181.545,-58.89,-208.455,-155.025,-132.99,-105.3,35,320,-993,448
2025-09-01 23:46:57.565857,124.02,-40.755,-174.72,-84.435,-231.465,-185.835,-161.07,-123.045,35,320,-993,448
2025-09-01 23:46:57.578143,150.15,45.045,-139.815,-121.29,-167.115,-195.585,-131.625,-154.44,32,315,-982,384
2025-09-01 23:46:57.590429,122.655,185.835,-29.64,-17.355,-113.295,-58.5,-73.515,-39.975,30,319,-988,512
2025-09-01 23:46:57.602714,281.19,252.33,14.235,3.705,-13.65,-34.32,2.535,-11.7,30,319,-978,384
2025-09-01 23:46:57.615000,323.505,217.23,-38.22,115.83,41.925,-33.54,11.115,26.52,30,319,-989,448
2025-09-01 23:46:57.627714,322.725,318.045,23.01,194.805,151.32,-58.89,92.625,44.46,30,319,-986,512
2025-09-01 23:46:57.640429,159.12,399.75,104.13,234.39,66.3,94.77,113.1,77.61,26,264,-920,448
2025-09-01 23:46:57.653143,252.915,430.17,137.67000000000002,139.23000000000002,39.585,119.34,143.715,105.495,26,264,-920,448
2025-09-01 23:46:57.665857,282.555,292.89,21.84,101.4,22.62,22.425,36.27,16.77,14,263,-917,384
2025-09-01 23:46:57.678571,282.75,282.165,-101.01,12.09,-0.39,-69.22500000000001,-109.2,-94.185,18,261,-915,448
2025-09-01 23:46:57.691286,246.285,169.26000000000002,-90.285,34.515,-86.97,-131.625,-82.875,-102.57,27,262,-908,448
2025-09-01 23:46:57.704000,144.3,172.185,-30.615,-52.260000000000005,-152.88,-77.22,-45.045,-35.88,23,263,-907,320
2025-09-01 23:46:57.722143,375.57,225.615,-136.89,-4.875,-44.265,-187.005,-162.82500000000002,-135.72,18,264,-906,384
2025-09-01 23:46:57.740286,140.4,216.06,-209.625,45.825,-44.265,-309.855,-139.62,-298.35,0,271,-904,448
2025-09-01 23:46:57.758429,-6.24,226.59,-268.71000000000004,-121.29,-230.49,-249.99,-224.25,-307.90500000000003,0,271,-904,448
2025-09-01 23:46:57.776571,168.285,203.775,-93.795,-141.96,-117.195,-14.43,-140.01,-8.19,8,263,-908,448
2025-09-01 23:46:57.794714,332.67,275.145,56.745000000000005,121.095,14.235,25.155,-25.35,12.87,3,270,-894,384
2025-09-01 23:46:57.812857,412.62,294.255,31.98,192.66,101.595,57.915,9.555,21.45,1,273,-890,384
2025-09-01 23:46:57.831000,52.260000000000005,400.335,-67.47,136.11,45.045,-24.765,-96.135,5.8500000000000005,-1,277,-898,448
2025-09-01 23:46:57.842857,287.235,425.49,19.305,136.305,126.555,50.895,72.15,28.47,-2,278,-904,448
2025-09-01 23:46:57.854714,136.11,449.865,103.545,150.735,57.330000000000005,101.205,7.41,125.775,-4,256,-846,448
2025-09-01 23:46:57.866571,185.64,586.5600000000001,102.96,219.57,147.225,104.715,55.185,102.96,-9,252,-848,384
2025-09-01 23:46:57.878429,393.9,618.15,101.4,187.2,212.16,72.54,109.2,71.37,-9,252,-848,384
2025-09-01 23:46:57.890286,42.315000000000005,491.79,-8.775,-48.165,-40.17,49.53,-7.605,-97.11,-2,251,-845,448
2025-09-01 23:46:57.902143,117.585,370.305,-41.34,-85.215,-78.19500000000001,-26.130000000000003,-109.395,-51.48,4,258,-853,448
2025-09-01 23:46:57.914000,95.94,313.17,-49.14,-17.94,-43.68,-86.775,-37.44,-71.565,0,261,-856,384
2025-09-01 23:46:57.923143,-18.135,321.945,-96.135,-203.97,-217.035,-73.71000000000001,-107.64,-77.22,-5,257,-859,384
2025-09-01 23:46:57.932286,67.47,357.63,-3.12,111.93,30.615,100.815,-82.095,7.605,22,242,-827,448
2025-09-01 23:46:57.941429,210.405,327.015,41.535,62.79,64.935,108.81,30.615,38.805,25,242,-827,448
2025-09-01 23:46:57.950571,-127.725,338.13,112.125,114.27,56.55,103.935,104.13,70.2,25,242,-827,448
2025-09-01 23:46:57.959714,101.595,349.83,90.285,5.07,37.44,64.935,62.79,31.59,26,242,-827,448
2025-09-01 23:46:57.968857,52.260000000000005,261.69,41.145,25.35,-7.215,54.015,37.635,11.115,27,249,-840,448
2025-09-01 23:46:57.978000,-14.235,241.995,-24.96,-60.45,-45.63,15.99,-78.39,-75.66,28,257,-835,384
2025-09-01 23:46:57.990429,-51.675,196.17,-140.595,-95.16,-70.005,-138.84,-100.23,-125.775,26,264,-831,384
2025-09-01 23:46:58.002857,-143.32500000000002,274.56,-138.84,73.125,118.95,100.23,12.675,78.78,51,402,-950,384
2025-09-01 23:46:58.015286,100.815,240.63,-87.555,39.39,145.08,131.235,115.44,62.79,41,415,-957,320
2025-09-01 23:46:58.027714,-192.66,156.78,-107.835,89.31,96.915,128.70000000000002,44.85,28.665000000000003,41,415,-957,384
2025-09-01 23:46:58.040143,-333.64500000000004,88.33500000000001,-170.43,-66.3,-175.695,33.735,-20.475,-32.955,48,413,-950,448
2025-09-01 23:46:58.052571,-184.08,141.57,-254.475,-124.41,-39.195,-33.93,-23.79,-110.175,48,413,-950,448
2025-09-01 23:46:58.065000,-214.89,96.33,-354.51,-69.42,-108.81,-175.89,-167.70000000000002,-196.365,47,415,-947,384
2025-09-01 23:46:58.065500,-228.54,34.125,-459.03,-103.155,-45.63,-200.265,-192.075,-239.46,48,416,-946,384
2025-09-01 23:46:58.066000,-403.455,259.35,-328.96500000000003,-215.865,-129.675,-142.35,-114.855,-134.55,26,420,-902,448
2025-09-01 23:46:58.083800,-235.17,184.08,-344.76,-234.39,-83.46000000000001,-140.01,-155.22,-160.29,28,411,-894,448
2025-09-01 23:46:58.101600,-191.49,203.775,-261.3,-51.285,-42.51,-84.045,-67.665,-87.75,28,418,-898,448
2025-09-01 23:46:58.119400,-154.245,191.685,-58.11,79.36500000000001,81.315,56.55,97.305,53.43,28,414,-901,384
2025-09-01 23:46:58.137200,-298.935,404.235,-106.275,140.595,102.57,42.705,47.97,22.035,28,414,-901,384
2025-09-01 23:46:58.155000,-9.165,495.495,-186.42,158.535,244.725,10.53,22.035,32.76,25,412,-895,384
2025-09-01 23:46:58.168000,-91.455,412.815,-114.27,121.095,144.3,64.545,86.58,-37.83,30,415,-891,384
2025-09-01 23:46:58.181000,-312.195,54.6,-258.57,-130.455,-156.0,-31.395,-146.835,-42.705,27,387,-880,384
2025-09-01 23:46:58.194000,-325.65000000000003,-18.33,-237.9,-142.54500000000002,-189.54,-100.425,-82.29,-50.31,22,383,-886,448
2025-09-01 23:46:58.207000,-251.355,68.64,-167.505,-67.275,-101.01,-52.455,2.9250000000000003,5.8500000000000005,22,383,-872,384
2025-09-01 23:46:58.220000,-121.29,266.175,-206.7,139.815,142.155,-87.75,20.475,-43.29,20,381,-865,448
2025-09-01 23:46:58.233000,-187.005,324.87,-200.46,107.64,107.64,40.17,33.93,5.8500000000000005,20,381,-865,448
2025-09-01 23:46:58.246000,-36.27,324.285,-141.375,116.22,142.155,14.625,32.175000000000004,-2.34,22,387,-870,448
2025-09-01 23:46:58.254714,-136.11,351.78000000000003,-50.505,185.445,211.77,140.205,121.29,118.17,21,387,-869,448
2025-09-01 23:46:58.263429,-260.91,149.175,-106.86,114.66,98.085,61.620000000000005,132.015,72.345,-1,357,-907,448
2025-09-01 23:46:58.272143,-169.26000000000002,292.305,-75.27,188.76,223.665,69.81,157.755,83.46000000000001,6,363,-900,448
2025-09-01 23:46:58.280857,-204.165,335.79,-136.5,153.07500000000002,139.23000000000002,41.925,57.525,53.82,3,361,-895,448
2025-09-01 23:46:58.289571,-335.985,62.400000000000006,-131.04,0.39,-29.445,32.565,61.620000000000005,4.29,4,360,-893,384
2025-09-01 23:46:58.298286,-336.57,92.04,-185.445,3.705,10.335,-21.84,62.010000000000005,-20.28,4,360,-893,384
2025-09-01 23:46:58.307000,-373.62,100.425,-281.19,-91.26,-124.995,-129.87,4.29,-80.925,13,359,-879,320
2025-09-01 23:46:58.319429,-350.61,23.4,-342.42,-76.44,-52.065000000000005,-179.595,-103.935,-129.285,11,358,-885,384
2025-09-01 23:46:58.331857,-212.16,250.575,-148.98000000000002,145.47,165.555,51.09,91.26,14.235,27,349,-940,384
2025-09-01 23:46:58.344286,-225.225,285.285,-39.78,151.32,182.52,156.0,180.96,135.135,18,350,-939,512
2025-09-01 23:46:58.356714,-236.925,218.595,-39.975,132.405,141.765,135.72,84.63000000000001,123.825,18,354,-942,384
2025-09-01 23:46:58.369143,-236.73,160.485,-234.78,50.895,72.93,-100.23,16.575,-127.53,19,356,-944,384
2025-09-01 23:46:58.381571,-377.715,130.065,-285.09000000000003,-37.44,-28.08,-88.72500000000001,-48.36,-85.8,19,356,-944,384
2025-09-01 23:46:58.394000,-376.935,-98.085,-258.765,-47.58,-144.69,-96.915,-50.31,-97.11,20,360,-942,384
2025-09-01 23:46:58.402857,-401.7,-23.79,-338.52000000000004,-176.67000000000002,-145.665,-180.765,-89.31,-89.50500000000001,22,355,-939,384
2025-09-01 23:46:58.411714,-388.44,41.145,-281.385,-36.075,-19.305,-186.225,-45.825,-82.29,9,258,-865,448
2025-09-01 23:46:58.420571,-332.475,11.115,-283.14,-65.13,-2.9250000000000003,-175.89,-7.215,-104.52,9,258,-865,448
2025-09-01 23:46:58.429429,-594.165,-68.64,-317.65500000000003,-133.57500000000002,-163.8,-96.33,-81.51,-183.885,7,261,-865,384
2025-09-01 23:46:58.438286,-315.705,36.465,-153.27,-22.62,3.315,-1.17,51.675,18.33,4,243,-862,448
2025-09-01 23:46:58.447143,-338.71500000000003,71.37,-128.70000000000002,98.475,46.41,46.995000000000005,70.395,30.03,4,243,-862,448
2025-09-01 23:46:58.456000,-342.03000000000003,65.91,-139.815,95.55,9.36,59.67,18.33,19.89,-2,244,-850,384
2025-09-01 23:46:58.468714,-489.645,221.715,-26.91,101.4,87.36,109.2,122.655,66.495,-6,250,-857,384
2025-09-01 23:46:58.481429,-429.195,25.935,-99.45,43.68,-10.14,88.33500000000001,78.78,29.835,26,263,-887,384
2025-09-01 23:46:58.494143,-475.215,51.285,-72.15,44.46,52.260000000000005,121.29,79.75500000000001,66.3,28,266,-887,384
2025-09-01 23:46:58.506857,-318.63,136.89,-61.425,93.405,193.83,83.46000000000001,96.72,52.65,31,268,-893,448
2025-09-01 23:46:58.519571,-285.87,83.265,-98.67,50.505,165.36,32.955,78.97500000000001,20.28,31,270,-898,448
2025-09-01 23:46:58.532286,-339.3,37.05,-171.21,18.72,100.425,31.005000000000003,-9.36,-88.14,29,274,-899,384
2025-09-01 23:46:58.545000,-394.875,-45.825,-248.625,-5.46,4.485,-85.02,-163.995,-79.75500000000001,29,274,-899,384
2025-09-01 23:46:58.553714,-521.625,-198.705,-260.13,-15.795,-210.405,-83.46000000000001,-61.035,-128.31,25,276,-893,384
2025-09-01 23:46:58.562429,-415.545,-70.395,-179.79,-16.965,-59.28,-54.405,-73.32000000000001,-127.53,65,448,-936,384
2025-09-01 23:46:58.571143,-277.29,-104.91,-311.415,-111.54,-46.41,-116.805,-200.07,-182.91,65,448,-936,384
2025-09-01 23:46:58.579857,-127.725,-32.370000000000005,-331.89,-54.99,48.945,-192.855,-145.86,-143.91,65,454,-930,384
2025-09-01 23:46:58.588571,-113.685,-122.85,-185.055,-73.71000000000001,-88.33500000000001,-44.265,-3.12,-171.405,65,454,-928,448
2025-09-01 23:46:58.597286,-2.9250000000000003,-101.985,-146.64,-20.475,1.17,27.495,-60.255,-60.84,65,460,-925,448
2025-09-01 23:46:58.606000,51.48,-13.65,-9.165,13.65,-1.755,102.375,101.4,78.78,65,460,-925,448
2025-09-01 23:46:58.624429,-171.79500000000002,54.6,21.84,1.17,48.75,178.62,72.93,80.34,76,460,-924,320
2025-09-01 23:46:58.642857,100.425,-160.68,-245.31,-79.36500000000001,-99.645,-98.865,-75.465,-141.375,73,465,-822,448
2025-09-01 23:46:58.661286,49.53,-124.8,-209.235,-142.35,-109.59,-89.31,-82.875,-126.36,73,465,-822,448
2025-09-01 23:46:58.679714,201.045,-176.475,-168.285,-162.63,-31.005000000000003,-67.47,-115.05,-74.10000000000001,82,464,-828,448
2025-09-01 23:46:58.698143,244.335,3.315,-161.655,-26.325,115.83,-25.935,3.12,-87.165,85,465,-822,448
2025-09-01 23:46:58.716571,432.9,81.9,-67.86,101.79,215.67,82.875,42.315000000000005,8.775,90,465,-813,448
2025-09-01 23:46:58.735000,251.55,13.065,15.405,115.83,187.98,120.51,87.94500000000001,50.31,90,465,-813,448
2025-09-01 23:46:58.746571,447.525,88.14,95.55,186.42,227.175,156.195,182.325,120.12,94,463,-808,448
2025-09-01 23:46:58.758143,310.83,-36.27,23.595,58.305,124.8,109.785,52.65,35.49,100,451,-764,384
2025-09-01 23:46:58.769714,276.315,39.585,81.9,105.105,179.595,127.725,110.565,60.255,100,451,-764,384
2025-09-01 23:46:58.781286,322.14,60.84,100.425,115.44,202.215,114.66,164.58,45.63,96,451,-774,448
2025-09-01 23:46:58.792857,296.79,16.38,-24.57,97.89,173.94,59.475,36.075,31.785,94,455,-775,384
2025-09-01 23:46:58.804429,165.555,-22.62,-67.08,-58.5,-22.425,21.255,-4.68,-71.37,99,455,-780,448
2025-09-01 23:46:58.816000,146.64,-203.97,-90.87,-178.23000000000002,-101.4,4.68,-167.115,-56.55,99,455,-780,448
2025-09-01 23:46:58.824714,231.66,-175.695,-169.455,-65.715,22.815,-75.465,-115.05,-135.33,100,456,-774,384
2025-09-01 23:46:58.833429,109.98,-149.565,-38.025,-48.165,35.88,-23.595,-4.68,-60.84,179,511,-857,384
2025-09-01 23:46:58.842143,118.365,-184.275,-88.14,-165.36,-38.415,-60.255,-23.205,-107.25,179,511,-857,384
2025-09-01 23:46:58.850857,180.765,-202.605,-120.705,-144.69,23.985,-73.125,-84.63000000000001,-89.11500000000001,180,520,-864,384
2025-09-01 23:46:58.859571,119.535,-151.71,-14.625,-92.04,14.235,34.515,-16.185000000000002,-24.18,175,515,-873,448
2025-09-01 23:46:58.868286,93.21,-146.835,-17.55,-97.305,-26.130000000000003,7.0200000000000005,1.17,-7.215,174,516,-878,448
2025-09-01 23:46:58.877000,266.76,-98.67,-12.675,-27.885,114.27,87.75,85.8,-45.63,170,513,-881,384
2025-09-01 23:46:58.894000,304.005,-44.46,116.805,125.97,161.85,150.345,107.055,125.19,166,509,-880,384
2025-09-01 23:46:58.911000,-482.43,-201.825,-88.33500000000001,-93.6,-28.275,-64.35000000000001,-67.86,-86.19,161,471,-873,448
2025-09-01 23:46:58.928000,-677.0400000000001,-347.1,-175.5,-197.34,-197.34,-119.34,-182.52,-154.83,161,471,-873,448
2025-09-01 23:46:58.945000,-688.155,-346.515,-174.33,-268.125,-173.745,-66.105,-174.33,-130.26,158,469,-882,384
2025-09-01 23:46:58.962000,-533.715,-152.49,-89.7,-39.975,39.975,-70.2,79.75500000000001,-49.92,165,463,-875,448
2025-09-01 23:46:58.979000,-610.74,-186.42,-41.535,-39.78,9.75,-36.66,7.0200000000000005,-100.23,164,456,-888,448
2025-09-01 23:46:58.996000,-409.305,-163.41,-52.845,40.365,143.13,16.185000000000002,-61.035,-9.555,159,462,-888,384
2025-09-01 23:46:59.008857,-653.64,-49.725,101.985,153.27,237.12,150.93,113.1,131.235,155,463,-892,384
2025-09-01 23:46:59.021714,-460.395,-187.005,20.475,-50.7,33.345,35.295,-79.95,29.25,131,343,-942,512
2025-09-01 23:46:59.034571,-474.825,-230.88,-5.8500000000000005,-93.405,15.405,0.78,-32.955,-9.555,132,342,-942,448
2025-09-01 23:46:59.047429,-501.15,-274.56,-93.6,-119.925,-33.15,-93.6,-87.165,-73.125,132,342,-934,448
2025-09-01 23:46:59.060286,-467.22,-279.435,-59.67,-90.285,14.43,-28.08,-49.53,-22.62,126,339,-921,448
2025-09-01 23:46:59.073143,-401.505,-262.27500000000003,62.595,23.985,22.62,63.57,36.855,70.98,119,331,-904,448
2025-09-01 23:46:59.086000,-653.25,-188.565,71.955,15.015,2.9250000000000003,82.095,93.405,70.785,127,327,-903,384
2025-09-01 23:46:59.098857,-312.0,-67.08,142.35,62.205000000000005,209.43,141.18,217.425,109.005,127,323,-898,448
2025-09-01 23:46:59.111714,-364.455,-275.925,-5.655,-66.69,8.385,-5.265000000000001,-63.96,5.8500000000000005,112,272,-885,448
2025-09-01 23:46:59.124571,-378.495,-301.27500000000003,-73.905,-112.125,-32.565,-62.010000000000005,-151.71,-56.745000000000005,110,273,-885,512
2025-09-01 23:46:59.137429,-304.005,-296.985,-96.72,-91.26,27.3,-106.665,-129.87,-11.895,110,273,-885,512
2025-09-01 23:46:59.150286,-513.0450000000001,-335.40000000000003,-39.975,-79.36500000000001,-33.735,-26.91,-32.565,-98.085,116,265,-884,448
2025-09-01 23:46:59.163143,-413.595,-323.505,63.96,-78.39,-13.65,80.73,-5.07,100.62,119,259,-895,512
2025-09-01 23:46:59.176000,-342.03000000000003,-305.76,143.715,-63.57,44.07,153.85500000000002,107.25,191.685,115,264,-886,384
2025-09-01 23:46:59.188857,-446.16,-168.48000000000002,209.235,8.385,103.935,158.925,109.005,194.415,114,260,-881,448
2025-09-01 23:46:59.201714,-251.55,-192.27,157.56,23.985,92.04,124.02,125.58,52.845,132,255,-817,448
2025-09-01 23:46:59.214571,-148.59,-104.52,195.195,64.935,188.175,167.31,97.305,145.275,129,249,-816,512
2025-09-01 23:46:59.227429,46.8,-113.685,178.035,209.43,317.07,107.64,43.29,117.975,129,249,-816,512
2025-09-01 23:46:59.240286,-346.90500000000003,-116.025,113.1,-83.85000000000001,-50.895,139.035,72.93,114.855,135,253,-816,320
2025-09-01 23:46:59.253143,-232.05,-171.015,147.42000000000002,-176.865,4.095,130.26,103.545,139.62,133,255,-820,448
2025-09-01 23:46:59.266000,-223.275,-263.64,99.255,-109.395,12.285,43.68,52.260000000000005,61.035,133,255,-817,448
2025-09-01 23:46:59.279286,-286.845,-355.095,-37.635,-198.51,-119.34,-93.21,-56.940000000000005,2.73,133,262,-814,320
2025-09-01 23:46:59.292571,-192.075,-146.835,75.465,-172.965,-26.91,-3.9,-30.42,9.555,102,305,-908,448
2025-09-01 23:46:59.305857,-199.875,-185.445,60.45,-188.76,-96.33,20.085,21.84,49.92,100,315,-904,384
2025-09-01 23:46:59.319143,-176.865,-221.325,-0.975,-157.17000000000002,-43.68,-12.285,10.335,-81.9,97,313,-913,448
2025-09-01 23:46:59.332429,-74.49000000000001,-155.025,-35.1,-93.6,-1.17,-49.53,-74.88,-23.205,97,314,-921,448
2025-09-01 23:46:59.345714,-17.745,-106.47,25.545,-10.92,98.67,19.5,0.0,24.18,92,314,-921,448
2025-09-01 23:46:59.359000,-161.265,-60.45,91.455,-23.985,83.85000000000001,81.705,-33.93,60.255,92,310,-912,448
2025-09-01 23:46:59.371143,-78.78,-12.87,87.36,7.995,134.94,84.435,-26.91,28.08,89,312,-913,448
2025-09-01 23:46:59.383286,-126.165,-93.405,137.475,-62.595,-16.38,159.51000000000002,116.805,59.67,72,354,-939,448
2025-09-01 23:46:59.395429,-116.415,-82.875,141.765,-105.885,-9.75,153.07500000000002,31.395,116.025,64,359,-944,448
2025-09-01 23:46:59.407571,-149.76,-43.875,176.085,-93.6,54.405,185.835,106.08,159.705,63,366,-944,448
2025-09-01 23:46:59.419714,-162.63,-84.63000000000001,93.405,-137.67000000000002,45.435,84.435,21.645,55.965,67,357,-942,448
2025-09-01 23:46:59.431857,-146.445,-165.36,80.73,-163.995,-41.73,40.755,2.9250000000000003,50.115,67,357,-942,448
2025-09-01 23:46:59.444000,-286.065,-171.21,2.73,-226.395,-140.205,0.0,-54.015,-18.135,69,366,-936,448
2025-09-01 23:46:59.452571,-223.08,-157.17000000000002,-75.465,-149.955,-91.26,-158.145,-119.34,-63.375,75,368,-934,384
2025-09-01 23:46:59.461143,-204.165,-92.04,120.51,-105.885,57.135000000000005,111.93,53.43,107.64,79,363,-959,384
2025-09-01 23:46:59.469714,-78.19500000000001,-120.705,95.745,-110.955,44.265,116.025,2.9250000000000003,86.19,72,366,-938,384
2025-09-01 23:46:59.478286,-83.07000000000001,-3.12,118.95,-105.885,15.795,132.015,20.865,106.47,68,366,-937,448
2025-09-01 23:46:59.486857,-126.555,-98.085,117.585,-132.21,-38.22,105.3,68.44500000000001,182.325,64,366,-933,512
2025-09-01 23:46:59.495429,-101.205,-136.89,116.415,-185.835,-63.375,18.72,163.02,-29.25,64,366,-933,512
2025-09-01 23:46:59.504000,-248.43,-245.7,19.695,-222.885,-151.905,14.625,-38.415,45.435,56,366,-912,448
2025-09-01 23:46:59.517000,-212.94,-190.125,-120.51,-302.055,-139.62,-96.33,-151.71,-84.435,55,367,-911,384
2025-09-01 23:46:59.530000,-321.75,-218.4,-7.995,-312.0,-206.7,-5.46,-131.82,15.015,38,314,-876,448
2025-09-01 23:46:59.543000,-257.595,-263.055,-42.9,-334.815,-192.66,-77.22,-80.34,-88.53,33,313,-886,448
2025-09-01 23:46:59.556000,-137.085,-255.84,-148.59,-241.41,-160.875,-122.46,-144.885,-62.79,29,315,-890,384
2025-09-01 23:46:59.569000,-225.615,-156.0,-170.235,-161.46,-62.985,-143.13,-144.495,-116.22,27,319,-886,448
2025-09-01 23:46:59.582000,-261.69,-112.71,-35.49,-186.42,-4.095,-65.13,-112.71,-13.845,27,319,-886,448
2025-09-01 23:46:59.595000,-30.42,-50.115,120.315,-83.46000000000001,55.185,125.385,50.505,130.65,23,303,-882,384
2025-09-01 23:46:59.603857,-173.745,-131.04,152.49,-97.89,-123.24,166.53,143.13,180.375,25,302,-876,384
2025-09-01 23:46:59.612714,-212.355,-172.38,8.385,-280.8,-197.73,-15.99,-90.285,-44.655,65,267,-887,448
2025-09-01 23:46:59.621571,-138.645,-260.13,20.085,-315.90000000000003,-159.9,-34.71,-140.205,5.8500000000000005,71,265,-903,448
2025-09-01 23:46:59.630429,-131.04,-172.965,-97.305,-201.825,-57.330000000000005,-118.56,-102.18,-73.515,69,269,-896,448
2025-09-01 23:46:59.639286,-80.145,-139.425,-57.330000000000005,-191.88,-89.7,-98.865,-160.875,-39.195,69,270,-894,448
2025-09-01 23:46:59.648143,-106.86,-256.035,-64.74000000000001,-192.855,-159.51000000000002,-26.130000000000003,-138.45000000000002,-35.685,69,270,-894,448
2025-09-01 23:46:59.657000,-39.585,-125.385,19.695,-99.84,-26.715,46.02,1.365,33.345,71,273,-903,512
2025-09-01 23:46:59.669571,-139.425,39.78,146.25,-15.015,109.005,91.845,175.11,111.735,76,268,-897,512
2025-09-01 23:46:59.682143,-134.16,-121.875,-43.29,-229.905,-117.39,-76.44,-109.395,-32.175000000000004,85,310,-908,448
2025-09-01 23:46:59.694714,-126.165,-186.81,-94.185,-230.49,-103.545,-107.055,-170.625,-94.77,85,310,-908,448
2025-09-01 23:46:59.707286,-249.015,-249.99,-154.44,-258.765,-169.455,-126.75,-241.995,-99.255,89,316,-910,384
2025-09-01 23:46:59.719857,-129.675,-154.44,-79.36500000000001,-274.365,-142.74,-81.12,-99.645,-50.505,86,316,-912,448
2025-09-01 23:46:59.732429,-206.895,-83.265,11.895,-167.505,-35.88,-30.42,-18.915,75.465,86,316,-912,448
2025-09-01 23:46:59.745000,-110.76,-54.21,38.805,-148.395,-36.27,8.97,34.71,-32.565,80,324,-918,448
2025-09-01 23:46:59.753571,-125.775,-125.19,128.505,-112.125,-34.515,123.825,58.695,155.415,81,319,-918,448
2025-09-01 23:46:59.762143,-98.28,-74.49000000000001,28.47,-124.02,-65.91,1.17,-9.555,28.665000000000003,46,339,-878,384
2025-09-01 23:46:59.770714,-193.83,-104.325,77.61,-136.695,-100.035,64.545,79.95,81.9,45,339,-878,384
2025-09-01 23:46:59.779286,-137.28,48.36,199.29,-131.43,67.275,136.89,231.66,247.845,41,347,-881,384
2025-09-01 23:46:59.787857,-150.345,-19.305,146.835,-192.075,-28.275,141.96,58.5,99.84,42,349,-880,448
2025-09-01 23:46:59.796429,-160.485,-70.395,24.96,-176.67000000000002,-38.61,-1.365,-53.43,78.97500000000001,40,348,-887,384
2025-09-01 23:46:59.805000,-183.69,-132.405,-136.305,-229.515,-140.01,-132.015,-119.925,-141.375,40,348,-887,384
2025-09-01 23:46:59.822286,-205.14,-255.255,-157.17000000000002,-238.485,-181.155,-179.205,-325.455,-120.315,32,345,-882,384
2025-09-01 23:46:59.839571,-73.125,-129.675,94.575,-89.31,-40.755,69.03,80.535,48.165,20,353,-893,448
2025-09-01 23:46:59.856857,-14.82,-83.85000000000001,112.515,-1.56,62.79,100.23,36.855,89.50500000000001,20,353,-893,448
2025-09-01 23:46:59.874143,-296.01,44.46,75.27,-43.485,-13.845,70.005,0.975,59.865,12,358,-898,384
2025-09-01 23:46:59.891429,-112.32,-15.015,70.59,-172.965,27.69,60.45,16.77,119.73,15,359,-906,384
2025-09-01 23:46:59.908714,-137.67000000000002,-50.895,70.785,-159.315,-49.92,21.645,46.41,78.58500000000001,14,363,-902,448
2025-09-01 23:46:59.926000,-244.92,-167.895,-97.89,-234.975,-153.07500000000002,-110.76,-223.275,-120.12,14,363,-902,448
2025-09-01 23:46:59.938571,-212.16,-132.405,-149.565,-296.79,-121.485,-155.61,-188.175,-108.225,8,364,-903,448
2025-09-01 23:46:59.951143,-261.885,-241.995,-33.735,-210.015,-189.54,-109.98,-59.085,3.12,-16,351,-905,448
2025-09-01 23:46:59.963714,-318.825,-290.355,-68.44500000000001,-271.05,-226.785,-147.81,-102.375,-150.93,-16,351,-905,448
2025-09-01 23:46:59.976286,-326.625,-255.255,-179.595,-323.7,-232.44,-199.095,-309.855,-137.28,-16,350,-900,320
2025-09-01 23:46:59.988857,-200.07,-166.725,-38.805,-259.935,-111.54,-52.65,-49.725,78.39,-17,343,-897,384
2025-09-01 23:47:00.001429,-210.015,-145.665,60.06,-218.4,-111.15,23.79,42.51,112.125,-15,347,-895,384
2025-09-01 23:47:00.014000,-116.415,-89.7,25.545,-119.145,-14.82,55.965,-54.21,19.695,-15,347,-895,384
2025-09-01 23:47:00.023714,-13.845,-47.58,152.685,-27.69,65.715,116.22,30.03,131.43,-17,344,-912,384
2025-09-01 23:47:00.033429,-145.275,-225.615,42.51,-67.86,3.315,-3.12,-14.625,21.645,15,326,-875,448
2025-09-01 23:47:00.043143,-121.485,-166.725,158.73000000000002,-57.135000000000005,23.01,96.33,64.935,116.22,15,326,-875,448
2025-09-01 23:47:00.052857,-19.89,-204.36,229.125,-28.275,8.97,186.42,110.76,163.8,17,319,-868,512
2025-09-01 23:47:00.062571,-86.775,-218.4,83.46000000000001,-132.99,-23.79,58.695,3.51,49.53,11,320,-869,384
2025-09-01 23:47:00.072286,-44.655,-209.235,127.335,-105.885,33.93,46.995000000000005,52.845,81.12,12,326,-867,384
2025-09-01 23:47:00.082000,-44.85,-264.81,52.455,-150.15,-20.67,-31.98,-82.875,-7.800000000000001,12,327,-873,448
2025-09-01 23:47:00.093857,-173.55,-382.785,-95.355,-191.685,-185.445,-166.725,-170.82,-152.88,12,327,-871,384
2025-09-01 23:47:00.105714,-14.235,-459.225,14.82,-199.875,-45.825,-57.525,-87.36,-40.365,7,338,-875,448
2025-09-01 23:47:00.117571,-30.81,-499.59,-35.295,-215.67,-58.11,-108.615,-145.665,-84.825,7,338,-875,448
2025-09-01 23:47:00.129429,-164.19,-511.095,-155.415,-305.955,-253.11,-209.82,-260.91,-186.03,3,345,-888,448
2025-09-01 23:47:00.141286,53.04,-428.025,-57.525,-175.89,5.07,-118.56,-175.305,-78.78,8,346,-887,320
2025-09-01 23:47:00.153143,152.88,-372.06,5.8500000000000005,-93.015,54.795,-23.01,-126.165,-23.79,18,342,-889,384
2025-09-01 23:47:00.165000,-66.885,-383.76,125.97,-132.79500000000002,-32.76,47.97,11.895,50.7,19,341,-882,512
2025-09-01 23:47:00.174571,148.395,-329.94,130.455,-34.515,33.345,86.58,33.735,83.265,18,342,-884,384
2025-09-01 23:47:00.184143,164.19,-608.4,165.165,-41.145,81.51,84.825,-30.42,164.19,18,367,-916,448
2025-09-01 23:47:00.193714,110.175,-567.0600000000001,176.475,-0.39,93.795,96.525,-55.185,202.02,18,367,-916,448
2025-09-01 23:47:00.203286,145.08,-483.6,163.60500000000002,-30.225,108.81,97.5,57.135000000000005,140.01,16,367,-917,384
2025-09-01 23:47:00.212857,257.79,-493.935,107.445,35.1,131.625,18.33,-17.355,104.52,14,376,-920,384
2025-09-01 23:47:00.222429,116.415,-596.3100000000001,86.385,-60.84,6.24,-38.22,-61.425,73.515,14,368,-909,448
2025-09-01 23:47:00.232000,31.59,-697.905,67.86,-149.37,-78.0,-51.870000000000005,-101.01,61.425,16,364,-917,448
2025-09-01 23:47:00.244000,30.225,-707.07,-22.815,-193.83,-109.005,-98.475,-203.775,-18.72,16,362,-916,448
2025-09-01 23:47:00.256000,-14.82,-710.58,41.34,-154.245,-81.12,-74.88,-79.56,-31.98,15,291,-880,448
2025-09-01 23:47:00.268000,48.36,-737.6850000000001,6.63,-187.785,-90.48,-105.885,-163.215,-63.57,17,289,-873,320
2025-09-01 23:47:00.280000,-109.395,-743.34,-80.925,-262.47,-248.82,-177.645,-232.635,-133.185,17,289,-873,320
2025-09-01 23:47:00.292000,84.825,-679.38,-0.78,-186.615,-57.525,-102.375,-177.06,-52.65,19,287,-878,448
2025-09-01 23:47:00.304000,122.07,-640.1850000000001,82.095,-126.945,-20.475,-15.6,-136.89,41.535,14,292,-883,384
2025-09-01 23:47:00.316000,56.355,-609.96,175.89,-82.485,-6.4350000000000005,46.605,34.125,57.525,11,287,-877,448
2025-09-01 23:47:00.324857,129.675,-531.57,223.86,-33.735,16.575,72.15,83.265,127.335,11,286,-872,448
2025-09-01 23:47:00.333714,115.05,-385.32,189.15,-242.19,-135.72,-21.06,-18.135,36.66,8,375,-927,384
2025-09-01 23:47:00.342571,173.745,-341.25,248.43,-185.445,-81.9,12.09,18.915,71.76,10,374,-928,384
2025-09-01 23:47:00.351429,264.42,-257.595,313.95,-92.235,8.19,89.31,56.745000000000005,118.95,10,374,-928,384
2025-09-01 23:47:00.360286,155.025,-394.29,251.745,-251.16,-189.93,18.525,-3.12,81.315,12,372,-929,448
2025-09-01 23:47:00.369143,119.145,-461.37,196.755,-286.845,-173.94,-26.130000000000003,-53.04,40.95,20,371,-933,448
2025-09-01 23:47:00.378000,243.555,-462.54,138.45000000000002,-222.105,-77.415,-70.98,-106.86,-18.915,13,369,-929,320
2025-09-01 23:47:00.390571,148.005,-564.525,73.71000000000001,-235.95,-259.545,-174.915,-172.57500000000002,-78.0,11,372,-921,384
2025-09-01 23:47:00.403143,165.75,-786.24,200.655,-194.22,-83.85000000000001,53.235,-37.44,51.870000000000005,10,344,-867,384
2025-09-01 23:47:00.415714,159.51000000000002,-800.475,246.675,-182.325,-98.475,111.54,31.98,106.665,12,340,-877,384
2025-09-01 23:47:00.428286,220.545,-767.13,253.305,-131.82,-25.35,99.84,75.66,119.535,10,342,-870,384
2025-09-01 23:47:00.440857,128.505,-865.8000000000001,186.615,-212.94,-120.9,31.005000000000003,-17.355,43.68,10,344,-871,384
2025-09-01 23:47:00.453429,108.615,-940.68,135.135,-275.925,-175.305,-18.33,-91.845,-21.45,10,344,-871,384
2025-09-01 23:47:00.466000,170.82,-992.355,58.11,-265.395,-136.89,-111.345,-176.865,-97.89,4,343,-869,448
2025-09-01 23:47:00.478571,85.215,-1082.445,-0.975,-351.39,-312.0,-158.925,-184.665,-109.785,-3,347,-869,448
2025-09-01 23:47:00.491143,141.765,-834.21,107.055,-173.16,-64.35000000000001,-2.535,-53.82,-8.97,-15,372,-891,448
2025-09-01 23:47:00.503714,149.37,-810.615,195.975,-153.465,-25.935,62.79,5.8500000000000005,54.99,-21,375,-886,448
2025-09-01 23:47:00.516286,209.235,-767.9100000000001,302.055,-97.5,26.130000000000003,175.11,105.69,138.645,-17,377,-888,384
2025-09-01 23:47:00.528857,108.81,-835.1850000000001,251.94,-188.175,-109.98,124.41,45.24,106.665,-16,379,-892,448
2025-09-01 23:47:00.541429,77.025,-885.885,178.62,-265.395,-154.245,46.8,-4.875,41.535,-16,379,-892,448
2025-09-01 23:47:00.554000,51.285,-934.05,97.305,-301.86,-181.155,-40.95,-64.155,-12.09,-19,376,-890,448
2025-09-01 23:47:00.566857,43.875,-973.44,45.63,-311.61,-236.34,-104.325,-132.405,-64.935,-15,377,-888,384
2025-09-01 23:47:00.579714,-32.76,-689.13,140.79,-296.40000000000003,-206.115,59.085,15.6,7.800000000000001,-23,386,-881,512
2025-09-01 23:47:00.592571,29.25,-638.0400000000001,199.875,-327.21000000000004,-136.5,108.615,70.005,61.23,-24,394,-870,512
2025-09-01 23:47:00.605429,144.69,-562.965,248.43,-108.615,59.085,162.82500000000002,87.75,127.92,-24,396,-874,384
2025-09-01 23:47:00.618286,152.88,-581.88,197.925,-86.775,15.405,108.03,48.165,71.37,-24,394,-878,448
2025-09-01 23:47:00.631143,70.005,-600.405,118.17,-166.725,-50.115,7.605,-17.355,9.165,-24,394,-878,448
2025-09-01 23:47:00.644000,65.91,-653.835,12.09,-252.135,-125.97,-64.545,-130.065,-65.91,-24,395,-860,448
2025-09-01 23:47:00.652571,4.29,-720.525,-33.15,-319.41,-205.92,-105.105,-155.22,-106.275,-20,394,-869,448
2025-09-01 23:47:00.661143,-36.855,-575.835,-2.535,-286.26,-178.23000000000002,-23.79,-120.705,-80.925,-1,387,-859,448
2025-09-01 23:47:00.669714,-2.535,-625.755,-41.535,-366.21,-237.12,-51.870000000000005,-143.52,-122.46,6,383,-867,320
2025-09-01 23:47:00.678286,109.395,-640.1850000000001,-107.835,-303.225,-190.71,-156.585,-170.43,-163.8,2,383,-866,384
2025-09-01 23:47:00.686857,-191.1,-561.6,-4.875,-271.83,-179.4,-51.09,-77.61,-64.155,1,384,-863,448
2025-09-01 23:47:00.695429,40.365,-491.01,40.755,-320.58,-122.07,-1.365,-19.305,-19.305,1,384,-863,448
2025-09-01 23:47:00.704000,140.01,-432.705,53.235,-175.695,-20.085,54.99,-54.015,17.94,13,384,-863,448
2025-09-01 23:47:00.717000,193.635,-439.14,145.47,-101.205,49.335,135.33,31.005000000000003,86.385,10,385,-859,448
2025-09-01 23:47:00.730000,-4.095,-482.235,5.8500000000000005,-268.515,-107.835,5.07,-80.535,10.725,31,385,-866,512
2025-09-01 23:47:00.743000,1.17,-483.6,-24.375,-290.745,-139.035,-32.370000000000005,-61.620000000000005,-13.455,31,385,-866,512
2025-09-01 23:47:00.756000,57.135000000000005,-538.98,-71.37,-293.865,-139.23000000000002,-106.275,-98.475,-66.885,33,381,-865,384
2025-09-01 23:47:00.769000,-49.92,-503.295,-34.71,-324.09000000000003,-231.27,-39.39,-85.41,-23.205,29,380,-864,448
2025-09-01 23:47:00.782000,48.945,-472.095,8.385,-314.14500000000004,-123.24,9.165,-38.61,17.355,29,380,-864,448
2025-09-01 23:47:00.795000,98.67,-387.465,67.275,-161.265,1.56,75.075,1.755,72.735,32,374,-864,384
2025-09-01 23:47:00.803571,213.915,-320.58,114.66,-89.31,47.385000000000005,116.61,62.595,119.145,22,384,-871,384
2025-09-01 23:47:00.812143,58.89,-344.37,23.985,-223.08,-62.205000000000005,81.12,-0.78,46.215,10,386,-878,384
2025-09-01 23:47:00.820714,78.58500000000001,-309.855,66.495,-182.52,-16.38,127.92,47.775,88.14,12,386,-878,384
2025-09-01 23:47:00.829286,128.505,-216.255,192.27,-107.055,64.74000000000001,208.845,170.235,207.48,8,385,-877,384
2025-09-01 23:47:00.837857,175.695,-202.8,107.64,-49.53,109.785,147.81,59.085,104.325,11,384,-881,384
2025-09-01 23:47:00.846429,190.32,-231.66,28.47,-73.125,46.41,67.665,21.645,26.52,5,388,-887,448
2025-09-01 23:47:00.855000,112.71,-370.5,-28.08,-157.365,-61.620000000000005,-21.45,-33.54,-10.92,5,388,-887,448
2025-09-01 23:47:00.867857,123.63,-392.535,-54.6,-166.725,-23.01,-36.27,-96.915,-43.875,1,387,-877,384
2025-09-01 23:47:00.880714,157.365,-223.86,48.165,-96.135,18.135,84.435,60.84,69.42,-7,390,-877,256
2025-09-01 23:47:00.893571,189.15,-227.175,94.185,-57.525,57.915,148.98000000000002,78.0,126.945,-7,390,-877,256
2025-09-01 23:47:00.906429,62.010000000000005,-176.085,146.445,-24.375,45.825,210.99,128.505,175.305,-5,390,-883,384
2025-09-01 23:47:00.919286,177.255,-173.94,131.235,-148.98000000000002,51.48,167.895,81.9,128.115,-6,394,-884,384
2025-09-01 23:47:00.932143,208.845,-205.92,64.935,-108.615,36.27,98.085,6.825,51.870000000000005,-6,396,-885,448
2025-09-01 23:47:00.945000,59.475,-290.55,-41.925,-179.4,-61.620000000000005,16.77,-77.415,-6.825,-6,396,-885,448
2025-09-01 23:47:00.957857,1.755,-327.21000000000004,-110.955,-301.665,-131.43,-69.03,-121.29,-60.645,-3,397,-903,384
2025-09-01 23:47:00.970714,138.45000000000002,-97.89,-28.86,-151.125,-27.105,12.675,-35.685,45.63,11,395,-860,512
2025-09-01 23:47:00.983571,107.445,-137.865,-72.93,-204.555,-71.76,-27.69,-98.085,-9.555,11,395,-860,512
2025-09-01 23:47:00.996429,-48.945,-185.64,-162.63,-302.055,-163.02,-102.765,-183.495,-75.465,9,394,-861,384
2025-09-01 23:47:01.009286,-4.875,-170.04,-103.545,-313.95,-149.37,-24.96,-135.72,-7.800000000000001,11,396,-862,320
2025-09-01 23:47:01.022143,7.605,-142.155,-50.115,-251.355,-88.33500000000001,15.405,-69.03,40.365,11,390,-863,384
2025-09-01 23:47:01.035000,79.75500000000001,-38.805,-13.26,-127.725,-4.68,45.435,7.215,76.245,11,390,-863,384
2025-09-01 23:47:01.036000,144.495,33.345,30.225,-42.705,49.14,93.6,25.545,105.3,14,390,-858,448
2025-09-01 23:47:01.037000,163.02,278.65500000000003,39.195,-118.95,71.37,43.68,56.745000000000005,80.73,13,390,-864,384
2025-09-01 23:47:01.038000,198.9,269.295,37.635,-69.61500000000001,81.705,68.44500000000001,58.305,100.23,13,390,-864,384
2025-09-01 23:47:01.039000,137.085,333.84000000000003,135.72,25.545,148.395,185.835,148.395,205.14,13,386,-864,448
2025-09-01 23:47:01.040000,147.225,260.71500000000003,163.215,-81.705,67.08,183.3,140.205,196.755,13,388,-870,448
2025-09-01 23:47:01.041000,66.885,206.31,97.89,-142.155,2.73,116.025,83.07000000000001,142.155,13,393,-870,448
