timestamp,CH1,CH2,CH3,CH4,CH5,CH6,CH7,CH8,X,Y,Z,TEMP
2025-09-01 23:43:43.762000,0.003104062147490344,0.003936859309012144,0.0021703198754810535,0.004618238804802707,0.007469938176074323,0.005173436912483907,0.003331188646087198,0.003482606311818435,0.006988507649133982,0.03080120037951644,-0.11919288046022959,0.0579787301261486
2025-09-01 23:43:43.772750,0.036314576477630305,0.04634065035470335,0.03095250886869863,0.05468145413206423,0.08249226046017166,0.06077665690560257,0.04361213809773248,0.043505632486291676,0.06898135394421571,0.30161794313992857,-1.1672979618117472,0.5679950304908158
2025-09-01 23:43:43.783500,0.2012874048418293,0.258203634266908,0.1928041848896475,0.3052963651711651,0.43853322029148645,0.3377157692764733,0.25741164608625666,0.2507669759797623,0.33495392273774577,1.4568577543194712,-5.636934829333105,2.7432453638019214
2025-09-01 23:43:43.794250,0.722181942546877,0.9313266585539226,0.7470363190349162,1.1003708653215203,1.5255763971585379,1.213934111721993,0.9569044651103087,0.9219752900544821,1.0839004891848878,4.703421278755826,-18.189225704111017,8.859475808184914
2025-09-01 23:43:43.805000,1.9352070737535207,2.510994108458824,2.116963482801311,2.9572687200746124,3.9895976372505193,3.257184926199169,2.6150884893753235,2.5087576504188616,2.670416513296765,11.592089517995117,-44.79712813754082,21.86606877850772
2025-09-01 23:43:43.815750,4.221257561873559,5.5154030524107185,4.825736984410239,6.46005879267314,8.515437394310926,7.105152182160306,5.763005983268726,5.518107575772952,5.410967450027582,23.545704363665237,-90.91745306229151,44.52331356623698
2025-09-01 23:43:43.826500,7.9090736747298065,10.405541739179105,9.370511827095974,12.09929568839319,15.615238305141949,13.284974030253627,10.841411547253413,10.357972997026978,9.475287089549848,41.394473770943506,-159.70214106310775,78.49968148612429
2025-09-01 23:43:43.848000,13.137608668388935,17.38130735890716,16.00626732374152,20.0442736247472,25.373340522707757,21.965662437792073,17.990202006829602,17.129625320127836,14.822740820816154,65.09657042013265,-250.92673105804204,123.77264827565759
2025-09-01 23:43:43.855500,19.692060367944205,26.132579321358133,24.46682643977435,29.883025746067954,37.198490335999935,32.687052528326745,26.801926914308552,25.408778093361192,21.194651945606015,93.69358834992663,-360.8243954680888,178.52712134773472
2025-09-01 23:43:43.863000,26.902057095016094,35.68662599633202,33.77307175955244,40.47507548767482,49.718601545452756,44.21495291774162,36.17524329114072,34.13532103016883,28.160741488844543,125.46783531697236,-482.7089915777656,239.52614308774366
2025-09-01 23:43:43.870500,33.69709690504483,44.49773878535776,42.292156970015796,50.05539769884389,60.930556923466355,54.662254474952746,44.40820422827106,41.72532154704574,35.20588734501415,158.2297616787516,-608.1173767928095,302.69391305286115
2025-09-01 23:43:43.878000,38.82759863232091,50.78820262611974,48.07643293806472,56.590638005416544,68.59429344906074,61.8765648835229,49.54857429483672,46.41002508605585,41.829260904428565,189.65951388647875,-728.1637029764668,363.64022774893806
2025-09-01 23:43:43.885500,41.14489984527161,52.97371834223872,49.32532730745176,58.23149257944986,70.72077019666602,63.92903378246707,49.850922883306566,46.65926971647387,47.623578359569514,217.63890563765676,-834.8265154279067,418.1127626700538
2025-09-01 23:43:43.893000,39.83928137902917,50.011942418715876,44.79753839850479,53.71784240641467,66.00983881095482,59.5418178207354,44.180036507179,41.54096995204928,52.31707517175858,240.52286087545485,-921.954766194929,462.5224685064128
2025-09-01 23:43:43.908000,34.63952482040099,41.667507013361245,34.14336349677951,42.72172590466042,54.20893232256885,48.4280061664286,32.33371544453042,30.988519429724263,55.78199097213234,257.3122411762185,-985.8733786912809,494.4916335501738
2025-09-01 23:43:43.919000,25.975876858926608,28.699454456962414,18.14663598843681,26.097190078345605,36.34905004618051,31.52181742434433,15.265543399558437,15.960189145055606,58.02154929842568,267.71181150060886,-1025.5640416774427,513.1853804391716
2025-09-01 23:43:43.930000,15.026234359640599,12.877143994203232,-1.2318823808238917,5.911225832862612,14.731758932527113,10.985827341442802,-4.903532409841993,-1.5933779227915426,59.14492150052797,272.0838195721188,-1042.4655136541796,519.3069512594274
2025-09-01 23:43:43.941000,3.566202540433186,-3.265092970521084,-21.120564328784354,-14.841169096914857,-7.417412591648414,-10.102143927949836,-25.185261098777108,-19.019930375666558,59.33791451611563,271.32509101353656,-1039.984878765549,514.8230895789403
2025-09-01 23:43:43.952000,-6.362736015017064,-16.901707220813428,-38.28493439918741,-32.79395555109824,-26.563836504797173,-28.337405235497954,-42.29577207885465,-33.468018342591265,58.83460099858791,266.69708512805926,-1022.8382122510428,502.54541640487713
2025-09-01 23:43:43.963000,-12.852622204780184,-25.45751980689564,-49.76309932355272,-44.85598056721912,-39.543621010733595,-40.64908186334267,-53.297158599509075,-42.43356015350465,57.88867628952163,259.6326441210414,-996.3374523655466,485.6858533213996
2025-09-01 23:43:43.974000,-14.483656318425515,-27.073119930668376,-53.40241754016776,-48.77806329325603,-44.1324427659061,-44.84904157461993,-56.12615504051338,-44.20544363591958,56.742240307078205,251.54390598161672,-965.7196152979218,467.4424240576817
2025-09-01 23:43:43.996000,-10.604189522743908,-20.9682704898199,-48.26378118932461,-43.597114405277715,-39.465112708736,-40.03907133220692,-49.986679799682534,-38.190981432109595,55.59727571100418,243.65966658017282,-935.5901208012948,450.61764875739135
2025-09-01 23:43:44.007250,-1.5176634444762025,-7.683172824523481,-34.8855901490223,-29.917205768150932,-26.279448619410775,-26.863906540044674,-35.601130437031536,-25.11019447422525,54.59826803875812,236.91470119822577,-909.5270122569334,437.321772222764
2025-09-01 23:43:44.018500,11.49465041064497,10.901897005327454,-15.310155870572277,-9.913186009516652,-6.882137908044312,-7.508229095166341,-15.215118191680983,-6.971481173340292,53.82795179782337,231.89950764797152,-889.8701540217859,428.8277243908286
2025-09-01 23:43:44.029750,26.37748043229768,31.86016625793629,7.231470982278165,13.02961293991949,15.244542584721117,14.659823528040645,7.755362027067605,13.253301815402272,53.31240919033643,228.86520937483962,-877.6988700414443,425.54900512970255
2025-09-01 23:43:44.041000,40.696069612713174,51.78286047668834,28.950237804188216,34.97910371035055,36.13001762622761,35.7594681542543,29.400477115971896,32.21651668154195,53.03106957088345,227.76963610117085,-872.9704601575166,427.0908008263883
2025-09-01 23:43:44.052250,52.08593888851319,67.41709658575317,46.238401396610634,52.207867951124705,52.072304788162455,52.16425770968766,46.09007076260261,46.85253942047447,52.92870610626379,228.34809846351072,-874.7609880137089,432.3782737819648
2025-09-01 23:43:44.063500,58.64719643759959,76.20320282864962,56.30044151572053,61.83751941638598,60.26868718587361,61.14336004536322,55.11325410324233,54.91563290028532,52.93051522436748,230.19343537063253,-881.5510313345277,439.8785061574753
2025-09-01 23:43:44.086000,59.26969336434459,76.69616183588089,57.62634554044238,62.33081930762827,59.28648467268553,61.32583017737027,55.13208159776463,55.357947866024645,52.96169741366502,232.83383874738084,-891.5213625297248,447.9146329075089
2025-09-01 23:43:44.097375,53.8711305611881,68.87211616367333,50.30737935858132,53.80698207865059,49.35758895850528,52.98483571078751,46.45594336304488,48.547764742694326,52.96588097632953,235.8034582230148,-902.830244937496,455.004656465583
2025-09-01 23:43:44.108750,43.4479618942475,54.194440441683874,36.0894533573598,38.062670610443284,32.3733525586805,38.04364165826396,31.044661224485925,36.249237499780996,52.914166134046425,238.69972966550702,-913.8410648945971,460.105994889734
2025-09-01 23:43:44.120125,29.813600759116394,35.262106061649895,18.01899506053733,18.15372509608951,11.428475257248833,19.67771252845491,12.097463823436474,21.26390440312273,52.80251147523494,241.2149210118851,-923.2773127597297,462.71649561330554
2025-09-01 23:43:44.131500,15.02584434689455,15.036044206838733,-0.326735426230394,-2.4570255110943333,-10.063909834672408,1.520786250225167,-6.778889613390838,6.7446879193455755,52.64119578002045,243.14007457108502,-930.2984690144181,462.8739868655506
2025-09-01 23:43:44.142875,0.7514466294597251,-4.031682807894048,-15.767664121365916,-20.868619540169338,-29.33711299176026,-13.260096743880899,-22.5261029418435,-4.588469242189332,52.444382735622085,244.35779827947613,-934.5068043565204,461.0776941317239
2025-09-01 23:43:44.154250,-12.09668231464551,-20.52071022717305,-26.193725112050675,-35.35686096261103,-44.83921341367097,-22.608972652189635,-33.255428547031954,-10.979728987300236,52.227112474616675,244.83533083742634,-935.9050751944267,458.10967819715154
2025-09-01 23:43:44.177000,-23.31554758510491,-34.0233911657747,-30.720273406577526,-45.39693373621662,-56.19705222701791,-25.703049478145022,-38.29762016387469,-11.723389523221192,52.00792272253969,244.61565993958695,-934.8228078471936,454.7779108876606
2025-09-01 23:43:44.188500,-33.081503634612986,-44.72718632072972,-29.391227226168237,-51.230085931491494,-63.74377393058588,-22.640475443998547,-37.82095823484241,-6.899074162406751,51.80946382017159,243.80615920300983,-931.821642846209,451.6581090983399
2025-09-01 23:43:44.200000,-41.57060655114517,-52.91368020424396,-22.731080276905253,-53.32492678652564,-67.96191804972837,-13.996426496744,-32.356180478109216,2.9806800749204263,51.65537352264693,242.5662980751592,-927.5913917588343,448.93481638510286
2025-09-01 23:43:44.211500,-48.7597051020542,-58.686037736298026,-11.487068309817365,-52.08702632904248,-69.17920353767323,-0.5802316283251621,-22.55936326915519,17.131633617734366,51.568712122212595,241.09075463763642,-922.8530879630396,446.4252448234182
2025-09-01 23:43:44.223000,-54.50936201054851,-62.06444308486231,3.2847806551172156,-47.96675161495067,-67.66590674707233,16.45834216937122,-9.342928426566539,34.363892223797336,51.57362174972033,239.58540309557418,-918.2764577949323,443.73959766097926
2025-09-01 23:43:44.234500,-58.80758894190471,-63.29003312679048,19.98936434960863,-41.766538366760734,-63.95220734296819,35.3880270683558,5.850735510758876,52.88174971323289,51.692785883878756,238.2400068954848,-914.4080688392891,440.4555095725308
2025-09-01 23:43:44.246000,-61.92841468106747,-63.005331693915785,36.49454936384022,-34.76530213073927,-58.99343694794494,53.91371356305761,21.029778171624553,70.3729131743492,51.93553367694956,237.2039278510217,-911.6158071486674,436.2800645394142
2025-09-01 23:43:44.269000,-64.35994813923104,-62.116458435991596,50.53410431183383,-28.46143781289575,-53.977049022619525,69.61429936871454,34.05355745908636,84.4828598702177,52.28578159503143,236.56919627406705,-910.0653617670081,431.20669759056466
2025-09-01 23:43:44.276250,-66.5527110583886,-61.41671705578712,60.34433386772878,-24.06176749127896,-49.878866939037636,80.61101198976787,43.26795547681377,93.4568226418921,52.70457987399296,236.36110209606306,-909.7328702664878,425.5938161134476
2025-09-01 23:43:44.283500,-68.65475360788297,-61.209911528973294,65.20915306263413,-22.013848597124905,-47.04396208550769,86.12914402942029,48.03847895534557,96.64066005137828,53.14841983664013,236.53726810780353,-910.443225258552,420.1073209483158
2025-09-01 23:43:44.290750,-70.39216443254557,-61.15310768032364,65.64707421628093,-21.833007659196024,-45.03017302910982,86.68376695746102,48.91472029655407,94.61500796278732,53.587879915096124,237.00078645121,-911.918820374076,415.5852114787503
2025-09-01 23:43:44.298000,-71.14699684152136,-60.38527570244052,63.1809723756812,-22.28320086127559,-42.77337700177737,83.83053917239273,47.375439484754345,88.92761160425069,54.0134069111915,237.62695372475645,-913.8276886660828,412.90123019413943
2025-09-01 23:43:44.305250,-70.15353714396488,-57.82301042948133,59.86850259312567,-21.763979438302627,-38.938465285666005,79.67014955055303,45.34563291030238,81.60827396234849,54.431265721384754,238.29193894916716,-915.8314362001,412.8046244040337
2025-09-01 23:43:44.312500,-66.71787631568006,-52.481779794318534,57.798925040474494,-18.73807971957976,-32.305899380263334,76.3272304185775,44.70137538168879,74.67698794398243,54.857322070897915,238.8927679233525,-917.6345029295525,415.707760041386
2025-09-01 23:43:44.327000,-60.44775215130529,-43.8001988078726,58.60436166802034,-12.160953540138479,-22.16359091640126,75.458709363133,46.81335004710517,69.70402980136146,55.30768983993938,239.35676865080984,-919.0227865101427,421.51484993501765
2025-09-01 23:43:44.338750,-51.47873034625783,-31.94846142348503,63.012919262562974,-1.874014517897957,-8.664974374641602,77.81636962894503,52.14990838759052,67.44428555301863,55.78486383479163,239.6437764677827,-919.8787044917793,429.60762969343466
2025-09-01 23:43:44.350500,-40.596690013515136,-17.98129499922928,70.59762027282484,11.19446497558987,7.00864706511291,83.00957784916243,60.07917147932275,67.66261073252959,56.26527763451638,239.7446903808092,-920.1783917129507,438.98777301689245
2025-09-01 23:43:44.362250,-29.12457515536963,-3.6509113558464574,79.91695302390062,25.21520853729934,22.87869351459301,89.6595075408806,69.05718178200217,69.29757010049025,56.69464725445506,239.67697399845784,-919.9839638193213,448.4949837199405
2025-09-01 23:43:44.374000,-18.54068029302064,9.151467312555802,89.08735014596887,38.06883079079418,36.81654531035909,95.98578043645226,77.23594284017585,70.97643440383449,56.99431947853425,239.4764738704391,-919.4288555012341,457.0170789951054
2025-09-01 23:43:44.385750,-9.994261577851136,19.064117807416963,96.52395687360891,48.10725534937125,47.303439827153774,100.55452857744561,83.20874290219982,71.63440856083967,57.079672262133535,239.18914602785688,-918.6884967707298,463.63112789581885
2025-09-01 23:43:44.397500,-3.9930732190268134,25.640933552024464,101.42795088527366,54.62864149119987,53.858056845006,102.75016555495756,86.45526367141603,70.87320527912469,56.88539528299796,238.86728181230282,-917.9417293876784,467.68737403060794
2025-09-01 23:43:44.421000,-0.4198111135319848,29.264258756325642,103.79032809460097,57.832656747361455,56.92704834624629,102.73868645001183,87.27002662554693,68.89198819207935,56.38688019097279,238.56763780225637,-917.3347126683691,468.9182391953638
2025-09-01 23:43:44.429125,1.188245029312307,30.70544008810928,104.01329943833916,58.377541588840174,57.38876817318988,101.04335829391188,86.30977801424127,66.12013804505733,55.60894401924647,238.34550152633335,-916.9546791483003,467.56485207472645
2025-09-01 23:43:44.437250,1.2943441969928131,30.618905253896457,102.43705060502903,56.85550308950608,55.99371004583827,98.04187902218938,84.07416852417191,62.81209337328681,54.619621970097626,238.2446000776987,-916.8180378154246,464.3738513279931
2025-09-01 23:43:44.445375,0.13743926317486294,29.233002406217437,99.0415145355863,53.47118721407746,53.02673819087043,93.66511953240338,80.59741303271059,58.81486065595308,53.51595537794981,238.2878429551008,-916.8743380747486,460.4066101735047
2025-09-01 23:43:44.453500,-2.3025034390198402,26.336249760037656,93.42970524947975,48.02387800496597,48.295174252174796,87.4052486077785,75.45058999990847,53.58223512571323,52.41353949945917,238.47302620207523,-917.0232704876736,456.78429458290736
2025-09-01 23:43:44.461625,-6.2141454815166455,21.45577003153924,85.00662161056222,40.086393571785244,41.332466752276716,78.5387855382843,67.95228835534185,46.366692605015416,51.441622929359205,238.77440552579014,-917.1396946466419,454.45210469463734
2025-09-01 23:43:44.469750,-11.822790958864223,14.094014748039207,73.2343502661773,29.248275159760396,31.66825049067186,66.4296570086937,57.455188163733716,36.48863694729438,50.732712402230575,239.14872752827773,-917.1024556853674,453.9444049845637
2025-09-01 23:43:44.486000,-19.219664405489144,4.005070883409025,57.94167905117395,15.406374518974873,19.132867610037103,50.871320608061346,43.680440201426066,23.645695213854445,50.39892914707768,239.5433326030227,-916.8245466136011,455.22474622797915
2025-09-01 23:43:44.496375,-28.158481491791512,-8.510431532442105,39.64862334969155,-0.9286783528432861,4.168387682321663,32.41173841880602,27.05420639162521,8.206818332048492,50.50324140703163,239.90415738498524,-916.2782199483759,457.74913854091477
2025-09-01 23:43:44.506750,-37.91022524160213,-22.418469008668026,19.75245188768676,-18.449503234329576,-11.984439925463777,12.509911807102656,8.89461787625211,-8.641548608975588,51.04283980781792,240.18361511666288,-915.5022007373218,460.7455206570495
2025-09-01 23:43:44.517125,-47.2880698823483,-36.01388561378479,0.41616648074647805,-35.133248584997034,-27.36657844525738,-6.612953341214388,-8.697786057236371,-25.016218923063757,51.95342794518498,240.3497704624174,-914.5852083126497,463.5174992160204
2025-09-01 23:43:44.527500,-54.86419741997829,-47.24820921139053,-15.844714276377994,-48.60198671362032,-39.66500646066849,-22.41314444493889,-23.24491595970678,-38.71330435946261,53.128767306646424,240.39443633861734,-913.6374652389327,465.60453439431416
2025-09-01 23:43:44.537875,-59.27361438130463,-54.169102190591644,-26.68726851060027,-56.6121374746448,-46.70427312727667,-32.56551366242952,-32.41576072828033,-47.682281147596726,54.444588477059824,240.3331683680134,-912.767687502266,466.8070316901011
2025-09-01 23:43:44.548250,-59.488402130785786,-55.30817975196057,-30.391108656532122,-57.50597137282783,-46.89598025029919,-35.42664007684612,-34.50029869784628,-50.44842384973358,55.778069825211226,240.1950397394122,-912.0713711369681,467.15708002329177
2025-09-01 23:43:44.569000,-55.045158987594405,-49.99915358062625,-26.21477074126295,-50.591917065055355,-39.61326544256117,-30.397952144121952,-28.802283974951365,-46.45039826871349,57.01822382882654,240.01074043665528,-911.6245640425186,466.84108551181896
2025-09-01 23:43:44.579750,-46.22945965138667,-38.6322671069477,-14.666135232463072,-36.4391768069899,-25.471750681558486,-18.181606618956614,-15.926749677632651,-36.26963189654394,58.06935518270847,239.80765694025692,-911.4787007521401,466.0802983447835
2025-09-01 23:43:44.590500,-34.156569041044186,-22.74715873141573,2.417054484443671,-16.97688086187637,-6.40373498710516,-0.8188714045316674,2.1552686903284646,-21.661498032212048,58.85377962717956,239.61085909922062,-911.6564729425123,465.0395303466929
2025-09-01 23:43:44.601250,-20.702223663268736,-4.856123375648559,22.095859638572982,4.691473275581876,14.574050637490096,18.593990834721854,22.370833308237486,-5.308191577649833,59.31600748018997,239.44450173016227,-912.1470317907998,463.8038079154559
2025-09-01 23:43:44.612000,-8.324063669460593,11.983536011909047,40.849946270139725,24.71389665603878,33.86244907770321,36.46998819926239,41.09150224245843,9.66243874452372,59.42683470799779,239.3307173227202,-912.9000464616661,462.39954079768984
2025-09-01 23:43:44.622750,0.19889840946681456,24.69567172301165,55.2003659326652,39.051985001800965,47.89524303734216,49.37295652689028,54.75390476814493,20.20581048676533,59.187705541863025,239.28545356704274,-913.8247137277941,460.82862726980886
2025-09-01 23:43:44.633500,2.185314143162479,30.675246191677502,62.26346550065693,44.155569775760405,53.74025099770284,54.564612128546074,60.41195091899053,23.814899770994444,58.63496159150681,239.31289908444782,-914.8005490631919,459.0982213184128
2025-09-01 23:43:44.655000,-4.324178174431988,28.234189202137852,60.23523691260899,37.75720793628334,49.66100506143273,50.459704158595414,56.270303306838166,18.959382868627202,57.83820028977251,239.40410086931965,-915.6990127322338,457.2304540626477
2025-09-01 23:43:44.666250,-19.870070883440892,17.01365427745969,48.81221966168277,19.62248513426136,35.5912356586998,36.999789834146135,42.19149428565691,5.514579089521153,56.889279773126574,239.54497958602317,-916.4078909971047,455.219531427735
2025-09-01 23:43:44.677500,-43.13224331571901,-1.7839881431205833,29.348773875641516,-8.153603667617242,13.312776918002642,15.767587148121164,19.891659462549534,-15.059620688036214,55.88809777274525,239.7288186785316,-916.851203295751,452.9342013993861
2025-09-01 23:43:44.688750,-71.18837154495885,-25.646111804496435,4.4195320445648845,-41.76260943966617,-13.983818158094875,-10.460137284734051,-7.601178321488104,-40.14836461156093,54.93122498050479,239.96191549336126,-917.0025539512908,450.0827570037992
2025-09-01 23:43:44.700000,-100.59773212780114,-51.59272903126969,-23.24501001176659,-77.18018545478495,-42.8005185845842,-38.76091911108163,-37.25653692935655,-67.06428332656144,54.102053020830745,240.259010606505,-916.8895752079058,446.3633134889793
2025-09-01 23:43:44.711250,-128.70801635867645,-77.19913163127814,-51.86613204718229,-111.71263663287375,-70.5410462995894,-67.16999969405417,-67.36333821420132,-94.17195204114878,53.46121893573944,240.63269219333037,-916.5858494818524,441.7054068631561
2025-09-01 23:43:44.722500,-154.36381213440495,-101.18791753344036,-81.05078246545686,-144.64044109457365,-96.10747522728715,-95.1340647354245,-97.96920302936984,-121.29433777039688,53.03880922294311,241.0832120523198,-916.1952210969523,436.391690203233
2025-09-01 23:43:44.745000,-177.7661850527999,-123.34978534022339,-111.40043357470974,-176.7644896031984,-119.67066963507382,-123.14712838647517,-130.30356591551583,-149.26605076824632,52.82937469950146,241.59699660752847,-915.83679411171,430.9955760981537
2025-09-01 23:43:44.752375,-199.80287618946852,-143.99638858360146,-143.66674906000827,-209.36151155440783,-141.93334250699564,-151.93115348685544,-165.6930759213705,-179.0540639727728,52.79334953293275,242.15382106359118,-915.6267329165051,426.20916810075107
2025-09-01 23:43:44.759750,-221.28314673870278,-163.31340245504293,-177.92098711239407,-243.16264810502383,-163.33316667050488,-181.63113221877887,-204.53388158291602,-210.9204688248788,52.86938042148038,242.7328400903519,-915.6518999984463,422.63599581231176
2025-09-01 23:43:44.767125,-242.32714139527732,-180.8967569097381,-213.07326391977784,-277.69128423004497,-183.46829735614628,-211.35707334719325,-245.695445669017,-243.92769510674694,52.995308322865135,243.31433089980325,-915.9461985293605,420.6246504002453
2025-09-01 23:43:44.774500,-262.0007919668693,-195.58916794772625,-246.87328310195142,-311.0349034482219,-200.8552888394429,-239.190026710115,-286.5011607847301,-275.8966899649107,53.12916053038423,243.88180486509626,-916.4833136367207,420.227696584196
2025-09-01 23:43:44.781875,-278.3127127716612,-205.6277784597568,-276.3134539174315,-340.0727745469582,-213.08643212103968,-262.5601374262346,-323.21598508043144,-303.7800900043873,53.26073580655776,244.42455449553492,-917.1875262159266,421.2810773591417
2025-09-01 23:43:44.789250,-288.6556967145065,-209.06285065582236,-298.26841284072685,-361.1526364539772,-217.39887202241457,-278.83370904756026,-351.8637799643922,-324.3338327441468,53.409223793659116,244.93787082832452,-917.9595026170542,423.49209328241943
2025-09-01 23:43:44.804000,-290.56039147648806,-204.3523121226124,-310.23816988136616,-371.0592389712886,-211.5139425583914,-285.99044625904537,-369.1784660154749,-334.92730517411826,53.611360480599785,245.42241469145773,-918.7116592318747,426.4526587922691
2025-09-01 23:43:44.815375,-282.4737466046064,-190.95896056260764,-311.0389152606551,-367.9675524228851,-194.46396351286518,-283.2484447009098,-373.4515307250329,-334.2699960575942,53.90834405966389,245.8841672474469,-919.396023217638,429.6486524319415
2025-09-01 23:43:44.826750,-264.26841981887185,-169.70712011400929,-301.1940697522559,-352.0196056520235,-167.07685726629444,-271.40346379356356,-364.9875587785939,-322.7915783282852,54.33411438052367,246.33151376144681,-920.0066378284992,432.58295992534966
2025-09-01 23:43:44.838125,-237.25050093211485,-142.66214252118806,-282.77578163651566,-325.21657239735185,-131.84249094185657,-252.6391652167939,-345.9169225624951,-302.4603971136981,54.90303869870019,246.76618206184207,-920.5587371127029,434.94478363947917
2025-09-01 23:43:44.849500,-203.6467039384098,-112.50100335853088,-258.6769287721244,-290.6133216600255,-92.14236770073258,-229.78522649337575,-319.37094436404254,-276.0557129004962,55.59824778531587,247.17189667904927,-921.0624673861065,436.6650960335113
2025-09-01 23:43:44.860875,-165.89294359362168,-81.69802380599104,-231.6853256743678,-251.28064302168082,-51.246614027492285,-205.40084343642155,-288.4497417417977,-246.27894687187705,56.366274375631995,247.50996274518718,-921.5065320720335,437.861344244123
2025-09-01 23:43:44.872250,-126.1442867013025,-51.98511962519566,-203.87379263215558,-209.6392096147758,-11.632647961293864,-181.20704887570042,-255.5531690082221,-215.19999604498392,57.121640345969915,247.7263221965681,-921.8540036833917,438.7776124274395
2025-09-01 23:43:44.895000,-86.16713211989209,-24.304919703786894,-176.5349744374592,-167.3981739794304,25.12643647450578,-158.0865049091701,-222.30723527245098,-184.220845095556,57.761068584275556,247.76637955179538,-922.0402829555092,439.73931800456955
2025-09-01 23:43:44.902625,-47.493411632597535,0.8545553783590752,-150.51829385152578,-125.9139076343584,58.04661214976592,-136.4853685392849,-189.90923197655297,-154.38115278877362,58.18610005586882,247.59109142071395,-921.9714615265012,441.0668648812108
2025-09-01 23:43:44.910250,-11.608706747783787,23.035136609904498,-126.64314404289055,-86.60751884779937,86.31337056314315,-116.87743251796817,-159.53672442990595,-126.6986782650272,58.32785467803717,247.187504632956,-921.5397968688702,442.9552248547262
2025-09-01 23:43:44.917875,20.028740129174395,41.581078155918334,-105.87890828021821,-51.10382437080855,109.05179097120299,-99.97435190204597,-132.49214941334967,-102.27928462651835,58.16050228564067,246.56983555271097,-920.6618293029316,445.4087501861888
2025-09-01 23:43:44.925500,46.17822595633348,55.707940832183205,-89.20129344878866,-20.999069365753083,125.38590649124417,-86.58743585528539,-109.9923431733857,-82.13212497922561,57.69681247601685,245.7741531872283,-919.3159324466079,448.2935472023316
2025-09-01 23:43:44.933125,66.04599148700957,64.72144896699159,-77.32675723740493,2.4994569663799378,134.64778080678897,-77.34596363064203,-92.84198492694267,-66.89421617469318,56.9749264355542,244.8514521309484,-917.5553203360657,451.4669871367779
2025-09-01 23:43:44.940750,79.39227638133268,68.21636051175444,-70.5456030301203,18.802581678320003,136.5768500652917,-72.49975899397596,-81.25404172214347,-56.681180153855216,56.04797825836528,243.85973107227392,-915.4967253967654,454.8562854090559
2025-09-01 23:43:44.956000,86.55137784315706,66.2573233565587,-68.63599282539839,28.056054019370663,131.51520499033228,-71.80110859372778,-74.80517864069338,-51.05060180936129,54.98040930966061,242.85547126063395,-913.3033744607256,458.4047418846002
2025-09-01 23:43:44.967125,88.45270014438806,59.574743454309136,-70.76518162555755,31.241166064629983,120.61044344826875,-74.39315027477653,-72.4120366183115,-48.9865715284026,53.849781591517015,241.88866013641834,-911.1744485885546,461.96318119905675
2025-09-01 23:43:44.978250,86.59971871932184,49.66587707887592,-75.43622259858013,30.182622210165647,105.88126659009932,-78.77295119555609,-72.36244435763861,-48.93877161843839,52.74754389621336,241.00428258136546,-909.3297672315979,465.2430377458405
2025-09-01 23:43:44.989375,82.87535518088906,38.6144872134712,-80.65316455860795,27.288542082078443,89.94740284766075,-82.991581832188,-72.551389974282,-49.042760784592964,51.7718890955192,240.24765680031416,-907.9764382936534,467.8387741058617
2025-09-01 23:43:45.000500,79.13037458211842,28.574885412351144,-84.38945921950263,24.97225885239425,75.39698182363014,-85.15671152869342,-70.98921808216811,-47.57444535310337,51.01353033702772,239.66833299395657,-907.2686353169576,469.2920652638712
2025-09-01 23:43:45.011625,76.71307709086688,21.141065436795206,-85.18523751546532,24.977865313325584,64.06691424618631,-84.03933040058209,-66.39775031356736,-43.4665010053681,50.53891702263991,239.31718637891603,-907.281044450123,469.20392059512903
2025-09-01 23:43:45.022750,76.19203833992051,16.95559666887057,-82.53308262039998,27.974943811765147,56.638715783190776,-79.42557788030363,-58.55067241462772,-36.57959822321126,50.37584942008985,239.2339415775882,-908.0028606710124,467.34975639060656
2025-09-01 23:43:45.045000,77.40918243472716,15.755197010901078,-76.83260477237158,33.63003812204572,52.747636531529324,-72.00571305896766,-48.1520811566073,-27.564684381626876,50.50735847757926,239.43071419058788,-909.348615278346,463.73176288299226
2025-09-01 23:43:45.052500,79.80566772512357,16.7778537157319,-68.97137128270647,41.067259648878014,51.48330830823163,-62.892065917142894,-36.341551771735354,-17.41921820026233,50.87615735171725,239.88370265268983,-911.1788515149875,458.582570021823
2025-09-01 23:43:45.060000,82.82454054791326,19.276984993140655,-59.793390271751214,49.431492480271515,51.97251141456233,-53.049500400017806,-24.113638141222868,-6.992574652295338,51.39641197355517,240.5390833660283,-913.319519353859,452.33303110191457
2025-09-01 23:43:45.067500,86.17387428710651,22.871039234380685,-49.738635147236046,58.25785801111169,53.74109258212603,-42.924620790758546,-11.94455376699529,3.3209132925495664,51.96871270978752,241.32728113451466,-915.5703989081264,445.5317893135481
2025-09-01 23:43:45.075000,89.85902429929114,27.607506963339173,-38.780923073013994,67.52859408952501,56.741709650811686,-32.39738193027753,0.2525138507934172,13.607791549241666,52.49698288306671,242.17755030560198,-917.7071480170102,438.76678424654244
2025-09-01 23:43:45.082500,94.07429505130807,33.83250964527468,-26.57532393091557,77.532597270515,61.184962844231464,-20.960120707550157,12.946406780048493,24.27044861385147,52.905046383992484,243.03008783767763,-919.4944846087483,432.61713802719635
2025-09-01 23:43:45.090000,99.07484990194557,41.99724634111689,-12.681097448479026,88.67482505436804,67.34280525587467,-7.982166618828759,26.72516096842407,35.797660618138046,53.14678237594195,243.8437751986,-920.7203531478926,427.5708021041372
2025-09-01 23:43:45.105000,105.03172707345966,52.408657289851014,3.1573798110761424,101.23385361708657,75.32420737144162,6.963648901631027,41.974108884138,48.495257299116254,53.20745150739851,244.59581272646335,-921.239953664892,423.90296702081054
2025-09-01 23:43:45.116375,111.84580018896884,64.92309813658684,20.68842855199625,115.05422409181789,84.80198941932727,23.73701494537614,58.525667576400075,62.199416201365274,53.10087139010972,245.27350457932303,-921.0070190385486,421.6465551338905
2025-09-01 23:43:45.127750,118.99095237045455,78.7078689803739,38.92687175505624,129.3020445400738,94.80754757630896,41.38008382954441,75.43316866123905,76.09224853026282,52.86510052687832,245.86497151549213,-920.0795257668537,420.7139389071218
2025-09-01 23:43:45.139125,125.49986284800845,92.23945502517988,56.18598431829052,142.46216664801412,103.75115860479987,58.155974178563696,91.02564000414601,88.75450263468326,52.55319009296399,246.35465590574836,-918.6054056037317,421.0332145188674
2025-09-01 23:43:45.150500,130.13093293707803,103.5820454349088,70.3937878828468,152.62341547041552,109.70365071912997,71.89855889556613,103.25078977141318,98.46937656125897,52.21833635260998,246.7239042790679,-916.796079849609,422.5870236188981
2025-09-01 23:43:45.161875,131.63863011297317,110.80197952183126,79.5345839323556,157.90531505133072,110.80883074856091,80.49883033877347,110.14042607122475,103.62838141196211,51.901147043458806,246.95570183523463,-914.8899007070829,425.38123183148025
2025-09-01 23:43:45.173250,129.0464517235801,112.35067271412261,82.04459477770612,156.85840384760476,105.67714130195635,82.34697119147789,110.2329877194698,103.08598949392851,51.62698654545936,247.0422031670341,-913.1142044232481,429.37062668282044
2025-09-01 23:43:45.196000,121.89253901865177,107.39174767964073,77.14758596265112,148.81309204602192,93.73210337205488,76.70709439255668,102.93246209895024,96.44719086160805,51.411781575152695,246.99059893704077,-911.6571665345771,434.3752542446054
2025-09-01 23:43:45.207250,110.43501405401507,96.08587838115601,65.15361749852937,134.17883443801782,75.50073430999194,64.02254312613314,88.80178622877365,84.29033024453648,51.26811894148008,246.82344510272216,-910.6503312208091,440.06515717645686
2025-09-01 23:43:45.218500,95.74450862751267,79.73614222786979,47.623217615942465,114.58183162730141,52.73049134664846,46.0344956968496,69.67498578000207,68.23014365684531,51.20556767003779,246.57518679133906,-910.1591619843123,446.00402365200864
2025-09-01 23:43:45.229750,79.5857405440408,60.6448435485729,27.24235014303228,92.69574775702874,28.181734864058434,25.57882836739045,48.44675428692553,50.71568884238833,51.22452352562242,246.29026004833867,-910.1817739120561,451.6785072019999
2025-09-01 23:43:45.241000,64.0769885914045,41.66226412013697,7.371080114626722,71.7571971167838,5.096240213547006,6.0686454532768686,28.543918273513587,34.582756877631994,51.31050281982274,246.02306017757297,-910.6546881352526,456.54694532558636
2025-09-01 23:43:45.252250,51.264754168741675,25.61690418966169,-8.574803803973229,54.95086958977299,-13.442320228372997,-9.14791488469753,13.277665524575006,22.527367426547077,51.43792937774041,245.83249155007817,-911.4648571697604,460.1742165919335
2025-09-01 23:43:45.263500,42.7699956123306,14.833144760395772,-17.71437937616426,44.86039596397273,-25.03736091503124,-17.36089043349995,5.2782383498986905,16.65236517707961,51.58007415434421,245.76772782160955,-912.4691413966867,462.3754106161738
2025-09-01 23:43:45.286000,39.53438286646843,10.762074757518363,-18.208045382849168,43.02431057123857,-28.36960948516136,-16.964434181300103,6.046953319158276,18.102249786486723,51.713720711140944,245.85226351471522,-913.5183848254925,463.235470996069
2025-09-01 23:43:45.297500,41.641410781460756,13.690931298025031,-9.6610649839874,49.59884785020301,-23.476344116207645,-7.809166552382443,15.621181075835182,26.788647480346878,51.81718941985748,246.0752941713177,-914.4793279555839,463.00585196552436
2025-09-01 23:43:45.309000,48.25799278151814,22.615710089516917,6.70565776498554,63.23790357984335,-11.828361798067967,8.680231669470045,32.469008147346656,41.315261250536594,51.871011881647235,246.39370841917136,-915.2501364408846,461.98558654071655
2025-09-01 23:43:45.320500,57.78875731030119,35.44010467776663,28.2985277039559,81.35168407495266,3.9562965032330166,29.79156223092721,53.79106590837735,59.249149224537156,51.8689862181415,246.74327293745122,-915.7685026404515,460.4524042042859
2025-09-01 23:43:45.332000,68.26811279546168,49.551207753627594,51.83966263023894,100.77771472259796,20.796311337194723,52.240423014773825,76.25800818974292,77.75550416663847,51.833122711412116,247.05520003914023,-916.0119160398476,458.6373580782855
2025-09-01 23:43:45.343500,77.86805746743063,62.56551018731108,74.2471880372207,118.6303023027633,35.984241035167344,73.05276414085323,96.91087475750817,94.36045423626804,51.813534138850216,247.2715739769134,-915.9915813999817,456.7211895235156
2025-09-01 23:43:45.355000,85.30289569752293,72.89010577232165,93.30597285640539,132.93771156352432,47.78000326912734,90.20277073610727,113.79845843669914,107.48039828261489,51.86846345481713,247.35303673817648,-915.744779771984,454.8396204558809
2025-09-01 23:43:45.378000,89.96081338407909,79.8630611422652,107.87416086168217,142.80809035742746,55.518792068200305,102.75916836666522,126.10090017915056,116.51327962787096,52.04166386294324,247.27839363140555,-915.3277707410255,453.09080096230434
2025-09-01 23:43:45.388750,91.75279305276527,83.49580912932224,117.65416777278674,148.15541511284124,59.290918581592145,110.59799906592298,133.8067570796106,121.55430958604626,52.349770111257165,247.04283304340677,-914.8041778792058,451.54194905588827
2025-09-01 23:43:45.399500,90.82626450519466,84.04293126185387,122.76123770419127,149.2388906342726,59.45922694728866,113.94268508708174,137.21869711301017,122.9643617759171,52.77911421814828,246.66008846692336,-914.22829222189,450.24268869347765
2025-09-01 23:43:45.410250,87.33155113304848,81.67021626592405,123.36574225652875,146.30215293629757,56.30289792503453,113.01406018805474,136.58140851243408,121.0352093307328,53.29066785443975,246.16582863254257,-913.6340742250034,449.2602589704742
2025-09-01 23:43:45.421000,81.33331241480839,76.35879223640963,119.56031857243676,139.4474426792418,49.920238166467755,107.92549126573832,131.97465641314494,115.87744611269608,53.83060619571833,245.61725418153014,-913.0383118681553,448.7119108757437
2025-09-01 23:43:45.431750,72.83218014223712,67.97831036151076,111.39813599191253,128.68378206433286,40.30821167690374,98.74738334065978,123.39735685699162,107.48111115389815,54.34175884548733,245.08828886103922,-912.4550880809823,448.73255422620616
2025-09-01 23:43:45.442500,61.841010861226685,56.41615800599599,98.9933358569317,114.05507305551956,27.49643866562338,85.62383941313412,110.9160274657115,95.85249105128372,54.774216722477114,244.65993926582425,-911.9110579622109,449.38448481429
2025-09-01 23:43:45.464000,48.516768927926755,41.763545955371924,82.69035665959939,95.84894731058006,11.73690556381802,68.94841888215974,94.86969180940991,81.21709240578842,55.09267375920776,244.40527444541087,-911.451664120141,450.5937554222793
2025-09-01 23:43:45.471875,33.33668189223071,24.5669427639885,63.316920596621905,74.86682319521081,-6.244355017562984,49.60654023738975,76.12725875265559,64.26848493247768,55.27663404053799,244.3746739554603,-911.1377732970254,452.1494016354517
2025-09-01 23:43:45.479750,17.231418094391476,6.025647526992787,42.38802578940305,52.610310252840186,-25.061840156728746,29.152941810892994,56.26033783856711,46.32875422789943,55.31701438760123,244.58841099200666,-911.0361120681384,453.71812934828347
2025-09-01 23:43:45.487625,1.562017608542472,-12.032189800303623,22.06277727949264,31.20877743629188,-42.72856971858292,9.74649663083848,37.4565194619049,29.26554814170604,55.21789263325843,245.03731579947853,-911.2020534141845,454.8416690937514
2025-09-01 23:43:45.495500,-12.093599425133984,-27.437736246269303,4.801836863398798,13.059332043365785,-56.99621532660529,-6.197414468409704,22.147265954758044,15.153471875346273,55.00347730678665,245.68821674884563,-911.6573473807427,454.9686309009793
2025-09-01 23:43:45.503375,-22.245332476786963,-38.09326581408362,-7.102696226111246,0.35956135419614077,-65.80899318011369,-16.473375149357214,12.530644396447997,5.850861039263064,54.71999174257742,246.4896383403187,-912.37525237355,453.5917449509635
2025-09-01 23:43:45.511250,-27.75995567991462,-42.349147255781915,-11.933097884817116,-5.278649878711692,-67.6888290148195,-19.49202647020276,10.17119598548843,2.657258628461609,54.42557347031716,247.374831091505,-913.2823345545792,450.45927944945686
2025-09-01 23:43:45.527000,-28.067378968654907,-39.32579180322971,-8.86827564234978,-3.1279324276100517,-62.038501793890745,-14.607116734093939,15.6829212830067,6.055737281494315,54.173893045647006,248.26474410231197,-914.2738303961637,445.7356536504694
2025-09-01 23:43:45.537875,-23.32104428350959,-29.192249206757378,1.7501494811824423,6.404510683009442,-49.38735984926723,-2.3748976017278323,28.47391416570994,15.515421998490087,54.00411164536588,249.0751694311036,-915.234382305801,440.0261810373064
2025-09-01 23:43:45.548750,-14.466724602380445,-13.30096199549103,18.312175046846686,21.675286177645894,-31.472529963784414,15.37122731867731,46.67420712135483,29.448065649080522,53.94086321302835,249.72905912585583,-916.0598142773321,434.2526232922861
2025-09-01 23:43:45.559625,-3.122915927007582,5.98479232362284,38.18194864587452,40.02916951860917,-10.983147213709078,35.81295464822259,67.43207768597549,45.47155506239577,53.99341741008319,250.17152782137413,-916.6761518271147,429.379451646617
2025-09-01 23:43:45.570500,8.771449520016061,25.82859708828237,58.343930318958904,58.402196109283096,9.072777282226607,55.845463392205176,87.61000534262853,61.00658388349124,54.147199911201355,250.38065482346738,-917.0477772604149,426.0703326548311
2025-09-01 23:43:45.581375,19.442648115334244,43.64762433848961,76.2089242338343,74.10283199661096,26.156900901157485,72.91425236602431,104.61238472388015,73.96821720183196,54.35757970460049,250.36755239332618,-917.171511210894,424.46970282381506
2025-09-01 23:43:45.592250,27.693848532606268,57.696113484823194,90.17797537474283,85.41847876302137,38.7693543512837,85.56566343814713,116.9356836021153,83.19825879361846,54.55702141127844,250.16709283394133,-917.0649692585938,424.2480320656076
2025-09-01 23:43:45.614000,33.05979782107667,67.25087249117352,99.72698183767808,91.78469340929448,46.54224402415467,93.47807766722083,124.21891214368073,88.46936341362068,54.67345817627253,249.8261957630656,-916.7600748557328,424.85402682385404
2025-09-01 23:43:45.621875,35.65834334558104,72.38117268939266,105.07163536986162,93.51096622002444,49.891066760928524,97.06638147330403,126.87710063847562,90.15407431741485,54.65007927996073,249.39486461412727,-916.3052245294705,425.78905972137466
2025-09-01 23:43:45.629750,35.86160396191322,73.50901632425992,106.66897263165444,91.29033644557414,49.48982930996838,96.94651101450306,125.57927489322876,88.7857381948406,54.458318869446984,248.92135278134532,-915.7697125339956,426.7588266118838
2025-09-01 23:43:45.637625,33.99366923915474,71.03888036937309,104.84308820205989,85.77672576007518,45.872341098015816,93.55563796797026,120.84742833402842,84.74208759544906,54.101670233581515,248.4506210689314,-915.2390511405234,427.68671071360166
2025-09-01 23:43:45.645500,30.19008766250753,65.21056197027458,99.68089459944333,77.38531426897043,39.30284986469408,87.06473326201612,112.9241350896694,78.16668729535947,53.61383176928991,248.0236327238059,-914.7966836378725,428.649195060805
2025-09-01 23:43:45.653375,24.40721736897783,56.12401992533886,91.12189466765241,66.28563096655108,29.839253204738288,77.4888930054951,101.84939511719246,69.06203555771638,53.0549366987107,247.6743009415371,-914.5017886759425,429.7812076569511
2025-09-01 23:43:45.661250,16.512769276955026,43.834180359124936,79.10829347656299,52.50465819968022,17.466842553357857,64.84672913981774,87.62194737604261,57.43808835342552,52.50461654276857,247.42413207400458,-914.3775547113373,431.16865212508526
2025-09-01 23:43:45.677000,6.441432237098925,28.51837758616777,63.78332316316565,36.137829721863,2.304571347724741,49.355979414222304,70.42675239221356,43.4980880084847,52.048548640716724,247.27862802424957,-914.4150293994148,432.7683587942073
2025-09-01 23:43:45.687875,-5.590980235359851,10.728683783991247,45.7487991870215,17.655056315662357,-15.105503385579246,31.679404324029495,50.91936513902556,27.85606092900317,51.761620577557316,247.22835351966603,-914.5860847649435,434.421300343036
2025-09-01 23:43:45.698750,-18.89859976578652,-8.386086381643175,26.272373418790483,-1.8409860560764488,-33.55516281490572,13.111390498645212,30.435443863564753,11.683303373831265,51.698330367498805,247.25452589757163,-914.8528065798288,435.9571330127391
2025-09-01 23:43:45.709625,-32.2893165788295,-27.070020021132187,7.27314029863666,-20.59616465236781,-51.16263835856216,-4.460475207334554,10.953225245508321,-3.350936925295121,51.89533011452519,247.33732573786529,-915.1677505203271,437.3214354737153
2025-09-01 23:43:45.720500,-44.23317934233427,-43.22477707183881,-8.972659927918786,-36.479244841912575,-65.6619354951465,-18.863572095734153,-5.230420508657307,-15.371354442061152,52.37644880342693,247.46235743779866,-915.4724517793651,438.653962477605
2025-09-01 23:43:45.731375,-53.154625854132064,-54.81008606743362,-20.264213247651625,-47.396198681033404,-74.84727441239482,-28.066613154002084,-15.9534033973562,-22.682421535019248,53.14850012448202,247.61977599978076,-915.6977318823743,440.2232412595505
2025-09-01 23:43:45.742250,-57.735738449427714,-60.21192302946256,-24.873156987123316,-51.67636815261315,-76.99726594120783,-30.554848569486253,-19.595649985029773,-24.09533285409125,54.19063736642193,247.7966109014448,-915.7645976958604,442.1923875981878
2025-09-01 23:43:45.764000,-57.19329375882881,-58.55908216349283,-21.8832123269666,-48.42031681141729,-71.24415329445883,-25.64159363204648,-15.418628817693673,-19.181811247241203,55.44974244584402,247.97130777779915,-915.5947354412199,444.38894169361777
2025-09-01 23:43:45.772000,-51.51317727829292,-50.00311419382495,-11.491063473611748,-37.8185555087338,-57.887045208808765,-13.736983746997621,-3.8475151378462358,-8.472339310568326,56.84726923681791,248.11819210507448,-915.1339068698808,446.2913725739299
2025-09-01 23:43:45.780000,-41.56422823288053,-35.858648674749176,4.836665404657241,-21.317366796096778,-38.53405965654442,3.528976303213311,13.41312364451506,6.48342848080483,58.29155140374552,248.21755256024798,-914.3725214427137,447.25941329107866
2025-09-01 23:43:45.788000,-28.99608167003904,-18.45692900020518,24.513053516211606,-1.4783811078821754,-15.92444084622995,23.48499205700402,33.57568240504927,23.30721863536497,59.685743772525335,248.2616311228537,-913.3525594344911,446.82739865802716
2025-09-01 23:43:45.796000,-15.921945837008382,-0.7015693795935883,44.310872569457345,18.469845332571914,6.570138793342108,42.913386218683954,53.280388780729815,39.228757246528126,60.92763533272661,248.2541341641416,-912.164091873995,444.83868019743716
2025-09-01 23:43:45.804000,-4.517010357727837,14.487312731721806,60.97980775912719,35.21051368490696,25.570065293932554,58.65994753111027,69.2285551404636,51.601762448221706,61.909453088911334,248.2073498087177,-910.930194107637,441.410258867768
2025-09-01 23:43:45.812000,3.3339542602580354,24.645654421899607,71.78988543338974,45.8762062237833,38.23944691882369,68.15183299669724,78.7363199566269,58.33675431429065,62.52743430477274,248.13960607047548,-909.7781755678944,436.88653647781496
2025-09-01 23:43:45.828000,6.318856323301626,28.134375704734484,74.96656959597082,48.52156122878653,42.73317819476765,69.80599973028826,80.16888355029509,58.237420287015276,62.699328370169795,248.07226619954017,-908.8098994741623,431.82236416770786
2025-09-01 23:43:45.839625,3.9339179541410676,24.44630791025403,70.03996653617723,42.5287941569673,38.5572844779311,63.36010928732746,73.26824231215015,51.25834718769334,62.38166933638049,248.0254634518968,-908.0862137879155,426.9162321491491
2025-09-01 23:43:45.851250,-3.37903805194218,14.373438255548672,58.01031975842834,28.81920818716312,26.73824422560055,50.020402093493665,59.275132304267174,38.590538449374186,61.5827162505243,248.01298518151515,-907.6261058381075,422.8883176877093
2025-09-01 23:43:45.862875,-14.314604125313135,-0.13746281080186126,41.14853343243599,9.679387052272181,9.615979512658399,32.23455329976314,40.6704477208506,22.42412469863427,60.36990066152029,248.03591860266744,-907.4131733151231,420.3817469742166
2025-09-01 23:43:45.874500,-27.059177357802994,-16.51122913725447,22.369698950164246,-11.853609777927351,-9.793105438469027,13.03072249054182,20.49404242215169,5.35865255614541,58.869121539254984,248.07702763321885,-907.4040990700574,419.9304571426912
2025-09-01 23:43:45.886125,-39.79150374775334,-32.262005355642444,4.403793640558969,-32.82096054812689,-28.62560444375035,-4.835631322693985,1.490654179705533,-10.32047465535363,57.252657313839066,248.1021432134151,-907.5378363068863,421.93872127457996
2025-09-01 23:43:45.897750,-51.08882139962671,-45.55804138422369,-10.845702022728164,-50.99664635764426,-44.79780611064216,-19.520115625165023,-14.516199214568074,-23.153342934000428,55.71340193650518,248.0718437226437,-907.7459573484517,426.59034300273254
2025-09-01 23:43:45.921000,-60.0712566330403,-55.40399210496232,-22.49507954579874,-65.10746730590093,-57.180788122973105,-30.252356557844884,-26.77098971171278,-32.59892822383958,54.42795573292368,247.95741360651175,-907.9636610385863,433.7041988870143
2025-09-01 23:43:45.931750,-66.29003192932988,-61.45558391016479,-30.437555801409623,-74.63622681253405,-65.36597313280903,-37.05273984844676,-35.28603944624224,-38.76129709893361,53.521797880293754,247.7503793038629,-908.1402764041616,442.64658410469235
2025-09-01 23:43:45.942500,-69.50437745928309,-63.6702934455071,-34.89033835361096,-79.44259075998865,-69.26794601755525,-40.24795285804003,-40.34482349529252,-41.97228754539256,53.05038947486802,247.46333686040037,-908.2474832859442,452.3814862227816
2025-09-01 23:43:45.953250,-69.51595249619149,-62.037067797105806,-36.02475786363958,-79.47272138060767,-68.82853046615753,-40.084178988347965,-42.11662763291147,-42.479449305999665,52.99621390953073,247.13204324108602,-908.2822923997668,461.67834342109285
2025-09-01 23:43:45.964000,-66.1328240024723,-56.49682469431713,-33.849940841385724,-74.67615248741623,-63.93336845922461,-36.60775343552036,-40.55216177521677,-40.36699711428464,53.27442176064153,246.82280301665304,-908.2630721251832,469.4391249838337
2025-09-01 23:43:45.974750,-59.21880737260962,-46.9878121555695,-28.290443901383817,-65.05709507048118,-54.473065036265275,-29.75684865545872,-35.48891749047149,-35.642051982782604,53.74344228368231,246.63132076631425,-908.2215895705233,474.97860681079703
2025-09-01 23:43:45.985500,-48.77931823158377,-33.53687641071792,-19.30961669615051,-50.77402317650082,-40.46983295301628,-19.518025294003934,-26.807193635116576,-28.35194915895378,54.22157595732427,246.6627174992463,-908.2020478474487,478.0820178041871
2025-09-01 23:43:46.007000,-35.094812069827036,-16.423693832364883,-7.047661154751744,-32.30659208449721,-22.281325993873825,-6.104548364540932,-14.600754421453205,-18.70633368855056,54.5130263436162,247.00395591959688,-908.2768498249269,478.8780022744785
2025-09-01 23:43:46.018000,-18.88251752563172,3.580393775458446,7.985553843065027,-10.680517833597941,-0.8522371519454603,9.83174345192648,0.6081837084624134,-7.230068148959853,54.444509641487905,247.7035902799921,-908.5634517172945,477.68961762846436
2025-09-01 23:43:46.029000,-1.3757396564780449,25.042246953134065,24.729335854996588,12.39762273607365,22.145814125608272,27.03902751195864,17.690916869993057,5.116750917543698,53.90810601863514,248.7576505365957,-909.2009494997246,474.9385940016365
2025-09-01 23:43:46.040000,15.805495974078372,45.96464154968164,41.59497621963644,34.69277483092072,44.47948964042057,43.73512645050259,34.96762659887028,17.00234780323074,52.90036867253205,250.09171566855633,-910.258082873373,471.088910050909
2025-09-01 23:43:46.051000,31.01090413301462,64.22041133683987,56.81961326031798,53.94115390401332,63.87426614166294,58.01380963821873,50.60805854903602,27.057475774066145,51.540846829226666,251.5435133392882,-911.6103350979943,466.60735379934056
2025-09-01 23:43:46.062000,42.994330140970675,78.14686041267866,69.01871512430854,68.4921720684175,78.67211690706138,68.43801344944643,63.21114135796749,34.34666257745055,50.05374757811543,252.87101956526206,-912.8952247187522,461.9313336589727
2025-09-01 23:43:46.073000,51.20429595695661,86.98668421982448,77.61608737631965,77.7396364205341,88.26477066140879,74.4820186908029,72.21717350502055,38.68726451594228,48.716148465503274,253.80125895967905,-913.6234407195323,457.44149739667125
2025-09-01 23:43:46.095000,55.79667944375458,90.95500819746034,82.89986103035406,82.11396555788808,93.0784274774163,76.5656192620029,77.91828849335432,40.61543810603378,47.7982339505605,254.10249150141888,-913.3924096777409,453.44846504436595
2025-09-01 23:43:46.102625,57.391076898791844,90.92989903093691,85.68723221181143,82.67408092487321,94.15807236611793,75.68057989830045,81.09405934321731,41.02786988228277,47.51647980321063,253.6492731340307,-912.0692487874461,450.21878769239646
2025-09-01 23:43:46.110250,56.721451437312396,87.96040497714591,86.80378319621458,80.54979289549874,92.60121405337853,72.83987206094393,82.50235047924363,40.710168145738734,48.000246801388805,252.4578647116756,-909.8488990459437,448.0227920267572
2025-09-01 23:43:46.117875,54.36343788702098,82.85748153705985,86.66590089802041,76.5236395304775,89.12264256497352,68.65038975685081,82.50332118807094,39.999253599473064,49.26572342270805,250.68068501093205,-907.1789076760064,447.1100198889969
2025-09-01 23:43:46.125500,50.624727830556196,76.02072013751254,85.14135244422441,70.8898878025425,83.89854660548826,63.18238810440383,80.96490350329985,38.708470707771006,51.2004574326684,248.56393266322652,-904.6056567246222,447.60355582215465
2025-09-01 23:43:46.133125,45.556758844768346,67.45812549541606,81.65555463968995,63.52329341226402,76.64654773457427,56.08654079949321,77.39214379530044,36.2645528223315,53.570567355569345,246.38809879300797,-902.6193943319842,449.4540996773777
2025-09-01 23:43:46.140750,39.02508475193905,56.904611735208114,75.43167136138769,54.04365597269414,66.8326287596687,46.825034993803655,71.15793402017583,31.94498642905913,56.05625646638637,244.41401083020332,-901.5579866592631,452.485803022572
2025-09-01 23:43:46.156000,30.844066345019865,44.04438055494834,65.82256132858276,42.066530161297386,53.97527923490453,34.972543116458816,61.801768525478124,25.1737520105663,58.30576242647594,242.84759006470267,-901.580990207195,456.4111556734689
2025-09-01 23:43:46.171375,20.99221605666888,28.84556554232465,52.69786287462911,27.549098126539107,38.028124613911324,20.564811412675652,49.37459140234223,15.840310049441369,59.99519865823066,241.82373262489796,-902.6820085293833,460.79183671492603
2025-09-01 23:43:46.186750,9.833178984611298,11.870462549602674,36.73926420627892,11.107451517349585,19.696900132587995,4.358225562089461,34.693110457468485,4.517544075948386,60.88735640054844,241.40061287067476,-904.7084681745662,465.03460009035206
2025-09-01 23:43:46.202125,-1.820943757874983,-5.665385653719055,19.431840571574643,-5.930399380243129,0.4544824702528209,-12.203695453813461,19.29492907732142,-7.587397470359284,60.8797221227597,241.5578188190135,-907.3886661583206,468.4854559988411
2025-09-01 23:43:46.217500,-12.90971378024879,-22.19480179182994,2.6645342731117534,-21.873203054025353,-17.85970541408909,-27.393009207776995,5.008482561617076,-19.00323614403001,60.02762597871718,242.20179654953745,-910.3769093322308,470.60831595475236
2025-09-01 23:43:46.232875,-22.492932533522744,-36.31552384089804,-11.876525280380733,-35.25878663547646,-33.665657884794655,-39.78107079043394,-6.664458160526543,-28.510488525199946,58.53279303657115,243.18338430252,-913.3122236616707,471.133917066708
2025-09-01 23:43:46.248250,-30.057706844367836,-47.22238979894492,-23.186784563931578,-45.329250238877336,-46.12109897207072,-48.672227436231324,-14.997120876558599,-35.50591366760693,56.69770356694299,244.32247167794728,-915.875800147147,470.0809116474169
2025-09-01 23:43:46.279000,-35.5916525280092,-54.82519872566177,-31.061353568410002,-52.12165679045924,-55.19742844684185,-54.165161565773616,-20.086483226562834,-40.03148393297672,54.85773073540128,245.43075756922812,-917.8356773575053,467.68620920373803
2025-09-01 23:43:46.289750,-39.407007414305184,-59.521365354534154,-35.84165008481329,-56.17160918609242,-61.36933088957777,-56.84844564588938,-22.52336955075407,-42.49774460780899,53.311401825420845,246.33246704203208,-919.0696722698374,464.32942276805505
2025-09-01 23:43:46.300500,-41.842353535837944,-61.791880142361315,-37.98444865526004,-58.047922817952504,-65.14789767628537,-57.33675217811375,-22.91225782591495,-43.296215182035276,52.26778901065348,246.8893038479374,-919.5621573394147,460.4903424947619
2025-09-01 23:43:46.311250,-43.031912798535664,-61.88216164057842,-37.735333185150964,-58.00571772354004,-66.74259644157397,-55.92896074444247,-21.538138005177,-42.54266888054248,51.821094363161514,247.0271323939066,-919.3819435582569,456.7149638823249
2025-09-01 23:43:46.322000,-42.85987883625493,-59.728892102309665,-35.05909376966997,-55.92100005187849,-66.0032856815932,-52.5396724674861,-18.32253152687716,-40.065789826785384,51.95441286324234,246.75215242585907,-918.6546629136975,453.53834813566635
2025-09-01 23:43:46.332750,-41.054525129258444,-55.07202007014662,-29.739249651331694,-51.431017549829456,-62.56156107498076,-46.82238659407525,-12.956883398913778,-35.54497080665381,52.56657080448491,246.14833587639458,-917.5395375429873,451.3796158568024
2025-09-01 23:43:46.343500,-37.314729388972175,-47.61415664396906,-21.512073199748478,-44.12343427258431,-56.02035209854927,-38.35085856889137,-5.0675745338340965,-28.667183697713526,53.507877647827065,245.3573201705522,-916.2123515079127,450.4459343251266
2025-09-01 23:43:46.365000,-31.45042020671928,-37.20949271585713,-10.25132498147342,-33.75669763578312,-46.17356290472251,-26.859762341571887,5.56933435035724,-19.310841338518983,54.61145972887543,244.54720586387853,-914.8498599345764,450.64549665182534
2025-09-01 23:43:46.372500,-23.565331165837424,-24.108763754345528,3.7556114323157863,-20.54797265351308,-33.28239348952124,-12.557953267982773,18.73102862509562,-7.779445632573372,55.715268171791834,243.87806078511508,-913.6130419903733,451.58407256893804
2025-09-01 23:43:46.380000,-14.227947045596302,-9.17483800617775,19.55360996153208,-5.424944053720233,-18.3090857184614,3.6163168666827876,33.49438098623203,5.023206817243846,56.677363577351095,243.4719896718421,-912.6318191941753,452.70730342683134
2025-09-01 23:43:46.387500,-4.501369646288444,6.091185908537065,35.48577248578926,9.955993931320599,-2.9257219350819677,19.986226685406503,48.22094879678183,17.63135856927949,57.38985926904005,243.3958699552273,-911.9951616398445,453.4885952151339
2025-09-01 23:43:46.395000,4.231429011774972,19.780961705932363,49.452284426448315,23.495228256705786,10.771900308989256,34.42249276686785,60.83764307198794,28.2946215330792,57.79147076911035,243.66119635585125,-911.7511538306319,453.57912112291194
2025-09-01 23:43:46.402500,10.559111230501099,29.95239838152889,59.31915081331727,33.085882597772134,20.69718643912613,44.76872996523578,69.25680233440997,35.340792659034726,57.87106614372776,244.2358374564353,-911.9157992492641,452.9111165385963
2025-09-01 23:43:46.410000,13.319507004520508,34.98591255064793,63.29723485983223,37.01095045711425,25.159137011235597,49.23006585722036,71.75938654819764,37.472399063475784,57.65862381990634,245.0576315032715,-912.4774115799709,451.68951545771085
2025-09-01 23:43:46.425000,11.826357404246437,33.890109069230064,60.26652227559489,34.27013313422235,23.174141590108484,46.70773567830003,67.32759613429764,34.00175791663161,57.210531097390835,246.04620192327135,-913.3887166428906,450.26682495248536
2025-09-01 23:43:46.436375,6.060553858622898,26.58059945344011,50.08183214836244,24.87088554099425,14.749673317707638,37.113026275537955,55.955620440640125,25.06703271694434,56.59776577454484,247.11520283726148,-914.5581482159309,449.0322866008018
2025-09-01 23:43:46.447750,-3.223759395934447,14.05152821500467,33.78028399712818,10.00019420761554,1.0552863533529215,21.568547363426926,38.83759339119795,11.758112332946938,55.89869492278656,248.18493833213162,-915.8538795462698,448.37662499940905
2025-09-01 23:43:46.459125,-14.59756580972947,-1.7302859065784473,13.495300870663682,-8.114132341668078,-15.721843769032953,2.2956409163606843,18.236395765926275,-4.001586477577954,55.19315364755079,249.19290812229002,-917.1214494766045,448.62768673360426
2025-09-01 23:43:46.470500,-26.31108891723501,-18.28314840966995,-8.038518182797437,-26.737903229450172,-32.921737759307454,-17.917526075315465,-3.056787548792225,-19.896649968653982,54.55671474946063,250.0999680773659,-918.2082826216828,449.90281635335293
2025-09-01 23:43:46.481875,-36.77387992550919,-33.26531752593621,-28.22225663904276,-43.36985142979974,-48.152082498119256,-36.47930435560185,-22.48055954350252,-33.84171213636377,54.057337622375535,250.8899816806938,-918.9862630202196,452.02193369350715
2025-09-01 23:43:46.493250,-44.935073115916055,-45.03273989766123,-45.20998816890533,-56.334943240998186,-59.86345623734219,-51.609024057267035,-38.311572407077605,-44.48194506335374,53.75276061681196,251.56440327199695,-919.366448060064,454.6142165719204
2025-09-01 23:43:46.516000,-50.40742714029271,-52.86288498594535,-58.13557349337276,-64.97993293782368,-67.51167559003264,-62.53119110539876,-49.857100235306916,-51.33960102837156,53.6850358250335,252.13656613682468,-919.3054817367808,457.3271654499191
2025-09-01 23:43:46.524125,-53.320466820008654,-56.792212203093285,-66.9127306199834,-69.45318094283407,-71.30426269329217,-69.24037594844812,-57.20978264076511,-54.59114834672037,53.87449707427447,252.62683677215566,-918.8036029049151,459.9351828074604
2025-09-01 23:43:46.532250,-54.0246068438565,-57.22972174327188,-71.80465994984574,-70.27159362689798,-71.75024019774156,-72.06003675254472,-60.78097825093897,-54.672178600041846,54.31674574953854,253.05703652094167,-917.8980246389439,462.2979047102143
2025-09-01 23:43:46.540375,-52.84430242872622,-54.63645492697315,-73.09466388320985,-67.98328347956966,-69.33177395084797,-71.32594399078894,-60.95807267801929,-51.999443898746016,54.981973921978806,253.44574657596056,-916.6644523112276,464.30795791008603
2025-09-01 23:43:46.548500,-50.024136519395455,-49.47455357579593,-71.07957364235102,-63.125890265513526,-64.49637065391065,-67.40003254629863,-58.10630085689585,-46.980609544044654,55.81850746222901,253.80732920920954,-915.2298450827349,465.9205045915232
2025-09-01 23:43:46.556625,-45.84659897268477,-42.37339307202317,-66.30297332860317,-56.40644826590706,-57.87864978125702,-60.913323695894796,-52.81493588602112,-40.21845039505686,56.764237249397624,254.15375816547424,-913.7753845065889,467.2170925358418
2025-09-01 23:43:46.564750,-40.771709920209204,-34.281431342514665,-59.7509270451645,-48.8492577580375,-50.4698193044192,-52.94250463529696,-46.089133534910886,-32.6566558157071,57.75959630550871,254.4944516490628,-912.5093317796367,468.43293091571144
2025-09-01 23:43:46.581000,-35.45058786225769,-26.404846302783785,-52.79189371040122,-41.71142687199349,-43.51969512945773,-44.90692915489466,-39.26649611404417,-25.48663049244107,58.75282772256496,254.83070922396502,-911.617851206136,469.9055412577451
2025-09-01 23:43:46.591500,-30.561138933055865,-19.896143845392398,-46.828036262668405,-36.144000816536824,-38.16878356938084,-38.18853509418536,-33.65042389657952,-19.821193762995357,59.70120546476971,255.14845703806182,-911.219103012535,471.94472985846295
2025-09-01 23:43:46.602000,-26.554734176764597,-15.453128374377755,-42.823776288008325,-32.775314129842876,-35.01884482357128,-33.668122752287424,-30.054854488945,-16.309350005267213,60.57278770490586,255.41871699616473,-911.3393707016855,474.6912058070951
2025-09-01 23:43:46.612500,-23.506115683127657,-13.106382817316243,-41.005909934815904,-31.51077046191727,-33.94350706484236,-31.466288227373994,-28.559849793163842,-14.944720266314196,61.34003444820971,255.61134517299269,-911.9190639379942,478.04242125466055
2025-09-01 23:43:46.623000,-21.196416162329673,-12.364922356479902,-40.95017071863354,-31.723884086763686,-34.29863252529149,-31.07753664987383,-28.667040144918328,-15.219767562149208,61.96343855832282,255.71409901645077,-912.8447103269161,481.65401369252993
2025-09-01 23:43:46.633500,-19.358440822589973,-12.608596609415876,-41.98560506695242,-32.70524832448591,-35.38409119308261,-31.80252738732408,-29.74166084173906,-16.52140648306181,62.383772536315384,255.7415047373083,-913.9883710447695,484.98499355847196
2025-09-01 23:43:46.644000,-17.891111541648286,-13.441583529169991,-43.61923882433868,-34.04998507425233,-36.83073961318537,-33.167679046480075,-31.414161271345495,-18.484283232134718,62.53580400607198,255.72766973620307,-915.2345512600115,487.3646286048796
2025-09-01 23:43:46.665000,-16.90494674238317,-14.79156768606539,-45.70494547449385,-35.752016842671246,-38.68170136271561,-35.06264750210569,-33.679189588292516,-21.074622430265574,62.37231890447167,255.7115351998362,-916.4894696845673,488.06545243852327
2025-09-01 23:43:46.676125,-16.583955868194835,-16.72850434072497,-48.28141445512789,-37.986030349445706,-41.155103554919954,-37.54344418121537,-36.663496298866434,-24.38145319981459,61.882116376035555,255.72571958291033,-917.6783446678281,486.41289270865985
2025-09-01 23:43:46.687250,-16.96202056198588,-19.15678812615217,-51.22819479357078,-40.744141135841595,-44.265205098321,-40.471560601574815,-40.25304346797251,-28.283122173209204,61.09614354076685,255.78983879624792,-918.7363409832901,481.99040944344495
2025-09-01 23:43:46.698375,-17.786907449791926,-21.628054082872865,-54.00392359168417,-43.58078345706178,-47.570306957487574,-43.253879774009356,-43.85044102884352,-32.21951564724767,60.08008658697167,255.90165866362446,-919.601095609522,474.8773315252473
2025-09-01 23:43:46.709500,-18.582175052489113,-23.413912962210585,-55.63847268102867,-45.62273435642756,-50.20977715799821,-44.84091843313154,-46.40849358275758,-35.19368723707995,58.91500580778653,256.02787325810317,-920.2174856265098,465.72146840319476
2025-09-01 23:43:46.720625,-18.826014503534463,-23.727738679852717,-54.925771178521174,-45.777397816358196,-51.138898947982256,-43.92549953036061,-46.65486433079273,-35.95097623148643,57.677744744193,256.1044573457884,-920.5532704474607,455.54210022250606
2025-09-01 23:43:46.731750,-18.096508768146165,-21.912337947996832,-50.67438725527541,-42.989503992135745,-49.38212196166932,-39.20979797368525,-43.359375819094375,-33.23235365872621,56.43410407608204,256.0486567958241,-920.6104672029127,445.39227275435144
2025-09-01 23:43:46.754000,-16.16348861467389,-17.581213119850727,-41.98741149832471,-36.51459377541231,-44.27657977849736,-29.716943707805154,-35.6288305341341,-26.081337503955062,55.244070881278084,255.77683412732947,-920.4231611850759,436.1105917869062
2025-09-01 23:43:46.765250,-13.0894050252566,-10.790606981009764,-28.59915990795227,-26.22494234635057,-35.74546994178118,-15.158388507436712,-23.250323756905267,-14.194114832454158,54.167543293916,255.2253539261959,-920.0475202282391,428.27428728339703
2025-09-01 23:43:46.776500,-9.32520575110047,-2.204749452413093,-11.175172185808872,-12.850950063248845,-24.516785444695675,3.7578508178569683,-6.969474529780349,1.8053734027122688,53.2619944883309,254.37080025298326,-919.5527629271396,422.2701759526527
2025-09-01 23:43:46.787750,-5.7074358021710525,6.8933364932976176,8.62052899320135,2.0108652985739273,-12.112187158603577,25.280869722940107,11.489598170381617,20.337605237185112,52.57411964704296,253.23696699561924,-919.0087868146725,418.3471340355919
2025-09-01 23:43:46.799000,-3.3085945271262354,14.821068348617267,28.38702400046923,16.181031949998236,-0.5444568953393324,46.91687626496816,29.733582523987046,39.145529836268295,52.13342975308103,251.87936564739172,-918.4607850401019,416.612618699976
2025-09-01 23:43:46.810250,-3.21302236715565,19.837857254994137,45.45222102506638,27.331488025286095,8.116673881940118,65.92656869661668,45.18792866205867,55.74530271908178,51.951161322741484,250.35726068403682,-917.9010103393679,417.0187080903001
2025-09-01 23:43:46.821500,-6.316151183724363,20.458694771838882,57.346544821597064,33.39743711684142,12.117899579127243,79.80893740446082,55.560450445462074,67.87181054012721,52.02118150217557,248.71338764975252,-917.2636532692204,419.37780418328896
2025-09-01 23:43:46.844000,-13.15115344226355,15.7241974601164,62.22146299239471,32.94151872997352,10.323677033214265,86.71510328656261,59.23263366092366,73.86672324236801,52.31917925208068,246.9721115421002,-916.453568141395,423.3712279721998
2025-09-01 23:43:46.851500,-23.70963215087737,5.47118084509889,59.23826973235216,25.50291890226786,2.5064933436283643,85.82436147611403,55.61252897390939,73.01852688122742,52.80075392151896,245.15169705429406,-915.3921543704961,428.4966716602913
2025-09-01 23:43:46.859000,-37.30639526749033,-9.464605959099785,48.85619394136181,11.84214279252787,-10.448901675803674,77.608737219107,45.37089812307813,65.77656544849411,53.402816358145486,243.28003725395484,-914.0554994935634,434.03141311339334
2025-09-01 23:43:46.866500,-52.61269541054268,-27.294372334359323,32.817196416314744,-6.115074097544229,-26.623719700901123,63.78707104719211,30.362242831405478,53.674483746559574,54.05014418896201,241.40872878813065,-912.4953566133287,439.1171530699597
2025-09-01 23:43:46.874000,-67.93002094097123,-45.678313945700964,13.699493983039563,-25.739981429095984,-43.5324365802668,46.854505548369744,13.128318500645667,38.88652193100364,54.66327060523209,239.62335403957536,-910.8442157430668,442.9282776718566
2025-09-01 23:43:46.881500,-81.62209309100787,-62.35458537470053,-5.8053325758276255,-44.41704908748302,-58.82259916116277,29.35707658235654,-3.833577229905191,23.587351981944604,55.16509035001032,238.0414465059172,-909.2987831105904,444.8654225788656
2025-09-01 23:43:46.889000,-92.507756375433,-75.70089876619645,-23.549079613367663,-60.181682682718126,-70.86988968894124,13.26206751539973,-18.68360348234747,9.428999395324611,55.488921752570164,236.79143959037924,-908.0778871337465,444.737263641147
2025-09-01 23:43:46.904000,-100.03760069624147,-84.97998228534117,-38.245738791557095,-72.00044524017011,-78.99679361595894,-0.31093284795718434,-30.474608400751986,-2.6527876834464976,55.590045210052054,235.97991791691095,-907.3691225859428,442.7909686671163
2025-09-01 23:43:46.915250,-104.20269394361048,-90.20131580489094,-49.379450073449135,-79.63162100299658,-83.27247238808454,-10.948079924070969,-38.974530614012124,-12.291430170055625,55.45631662758193,235.66182999235286,-907.2867513013282,439.5265990098709
2025-09-01 23:43:46.926500,-105.27424284411845,-91.73968766579488,-56.84323196737497,-83.23907992440895,-84.08398142755195,-18.552889960047537,-44.25719000028939,-19.362745405159774,55.11156929108104,235.82370470395426,-907.8521241605252,435.4716015540479
2025-09-01 23:43:46.937750,-103.55401961865296,-89.97060798080395,-60.593988810381695,-83.04168623053653,-81.76691620595032,-23.005666062723314,-46.352473480233286,-23.722644080968614,54.611379926531285,236.38453006177724,-908.9956463214565,431.0721189621171
2025-09-01 23:43:46.949000,-99.2568720887201,-85.10150348300529,-60.52724166573955,-79.17098694544804,-76.46732526314638,-24.06930177345151,-45.13843875937187,-25.154140631497338,54.03345182185504,237.2147613697643,-910.5769513350416,426.6630330912666
2025-09-01 23:43:46.960250,-92.50760890092141,-77.17272878159991,-56.522540598199114,-71.68706899529963,-68.1802578416162,-21.47680283112171,-40.41482090749373,-23.45140245493028,53.46119823051028,238.1658228248142,-912.4194479867772,422.47544877757
2025-09-01 23:43:46.971500,-83.38196274374029,-66.1265562647217,-48.5178180426128,-60.637386220723464,-56.84063822269572,-15.041119702941938,-32.01513541430056,-18.508160358100433,52.96328618535471,239.09805099217087,-914.3487967477979,418.7155746041664
2025-09-01 23:43:46.994000,-71.98890245243422,-51.94428509603663,-36.612646724954985,-46.170342114891945,-42.46801549246428,-4.779830262090237,-19.948774954195404,-10.414306811256518,52.58084500456014,239.90070849810354,-916.2201160993129,415.6824375250643
2025-09-01 23:43:47.005375,-58.62322752677132,-34.891835655033915,-21.26907403232581,-28.75556992279815,-25.412535710628323,8.877574011280284,-4.627837943627502,0.382945720963562,52.32677941478876,240.50352217714828,-917.9276647897062,413.80855598908045
2025-09-01 23:43:47.016750,-43.93759780154467,-15.789828414738171,-3.5448550664401375,-9.421896054145884,-6.613555310329912,24.86714434946159,12.894604518402433,12.913287304312353,52.189486379752374,240.8807345152103,-919.4046200963296,413.54716306055263
2025-09-01 23:43:47.028125,-29.003587338442934,3.885834180233125,14.834806327352904,10.18548442049,12.328416413788998,41.443699508596836,30.866511752670217,25.662993401275497,52.139165599430704,241.0497641904816,-920.6228466858049,415.1475131539718
2025-09-01 23:43:47.039500,-15.18629596827669,22.18163353457914,31.680908013125144,28.022257734922874,29.365434580091286,56.41193576059081,47.06363720422742,36.77353579578256,52.140746843760056,241.064748992201,-921.593183367798,418.4677535688051
2025-09-01 23:43:47.050875,-3.9079339524940933,37.019043582123324,44.717431620979134,42.0048414869991,42.376859990368565,67.51946772409121,59.187321693973544,44.36569530182237,52.16783881824123,241.00241961687288,-922.3586603176147,422.9909263659648
2025-09-01 23:43:47.062250,3.578199335644157,46.54763341390825,51.96112662771182,50.333606176587416,49.52523181303014,72.83797089646329,65.25944846470894,46.859225462420824,52.2091886141355,240.94215288840493,-922.9793714523452,428.0591262912205
2025-09-01 23:43:47.085000,6.3841994151618495,49.454922109242084,52.06453796744888,51.76894849326835,49.57003694487513,71.10391227951071,63.98156324420035,43.27002337567831,52.268084367537185,240.94917793646664,-923.5181571224952,433.14223420633505
2025-09-01 23:43:47.099875,4.1954294205379155,45.273241415046215,44.64803453435384,45.931590760866015,42.19241189341302,62.04957121904664,55.07959013855709,33.49416323922963,52.35832412756047,241.067410291436,-924.0305433378783,437.95778099895654
2025-09-01 23:43:47.114750,-2.5501023847243665,34.62430629389836,30.538058167198965,33.56370459921535,28.251368661129646,46.626010878449755,39.532199662804004,18.479724784450195,52.49952520337641,241.31962208815693,-924.5550357989027,442.41827531246724
2025-09-01 23:43:47.129625,-12.658553546871387,19.21047594155127,11.717092020963749,16.528057231679377,9.747295251309271,26.913896923373812,19.48299717310608,0.12316021528641284,52.71340152242615,241.70977901296337,-925.1059458029226,446.50932014671633
2025-09-01 23:43:47.144500,-24.45882387656003,1.4246026323770256,-9.125424311683194,-2.612525070562794,-10.643155288765982,5.627913081141914,-2.2585157676754086,-19.169686896035138,53.0187400651178,242.22486495518723,-925.6736641560441,450.2320824833852
2025-09-01 23:43:47.159375,-36.26698093567709,-16.291159657780838,-29.29567024861881,-21.29976184437574,-30.294403054119126,-14.610459051205739,-22.95779873220392,-37.10426812445202,53.42378706914407,242.83500090366994,-926.2324953740441,453.650623133009
2025-09-01 23:43:47.174250,-46.802906865702575,-32.02880754156086,-46.73757595674439,-37.61682646812746,-47.26062326786592,-31.894109441407554,-40.598970996364166,-52.020575578884866,53.919825590245054,243.4908856038778,-926.7532304748421,456.9457634864874
2025-09-01 23:43:47.204000,-55.376557503069826,-44.690459407761956,-60.35240720242809,-50.56310298872392,-60.53149216785328,-45.28382590842021,-54.16273381010067,-63.10805110260455,54.47965108570107,244.12040883764388,-927.2160348400464,460.35877586586014
2025-09-01 23:43:47.215875,-61.79671700929878,-53.892457319266306,-69.90542632561876,-59.89639726524537,-69.8645803460007,-54.64250259981997,-63.4788493790364,-70.27627376035977,55.06080498926347,244.63234615037194,-927.6180135652158,464.0323683305854
2025-09-01 23:43:47.227750,-66.09788438211378,-59.631001800680046,-75.63858280192972,-65.71613247032874,-75.36765640677704,-60.22016774430502,-68.81440156105525,-73.81680578195669,55.61185284526554,244.93296269740526,-927.9668400181483,467.87452728633787
2025-09-01 23:43:47.239625,-68.28626072827598,-61.96474652969233,-77.86170917919758,-68.0962390910851,-77.1317008047659,-62.27809746604908,-70.48222753962008,-74.08110884540234,56.08089629388892,244.94645522150904,-928.252395087599,471.54808867749546
2025-09-01 23:43:47.251500,-68.25456684719902,-60.89143089732992,-76.73955150883134,-66.96723741883959,-75.11118735709486,-60.93759321716933,-68.66383431790833,-71.32913498701399,56.425019988975414,244.6254021799947,-928.4073114231329,474.5747103235541
2025-09-01 23:43:47.263375,-65.82902036259654,-56.37447950040113,-72.27187967619521,-62.183436658784885,-69.19074769116641,-56.204888755446,-63.41455741166257,-65.72541162819208,56.618085835036766,243.95138165111658,-928.289132010324,476.4790101734267
2025-09-01 23:43:47.275250,-60.834672558683714,-48.393075241165974,-64.36020204987294,-53.61558987837718,-59.28760248853908,-48.04733896006159,-54.737716995554514,-57.391872802057996,56.65534777023073,242.93197639272333,-927.7052620779014,476.9130598472731
2025-09-01 23:43:47.299000,-53.171998228053866,-37.017935687489754,-52.95126094709043,-41.258108681734825,-45.479010983085885,-36.52346124005352,-42.72782060869732,-46.51454796684309,56.55371752272127,241.59527733446728,-926.4705516744792,475.73286126974483
2025-09-01 23:43:47.305875,-42.96315541623576,-22.589056972151113,-38.29643559804227,-25.437706624097775,-28.217692743423374,-22.018643975427704,-27.81746766996987,-33.531531085734414,56.34486368165365,239.9850991066335,-924.4727660211176,473.0203110283552
2025-09-01 23:43:47.312750,-30.73353287604877,-5.949417004336941,-21.238446313645042,-7.080556247787451,-8.574600727477755,-5.500781930037843,-11.026603917932864,-19.3251131489201,56.06292737128328,238.16234163781053,-921.721206385608,469.0496474530104
2025-09-01 23:43:47.319625,-17.48709670316555,11.453681416858936,-3.314270462410411,12.177216390124562,11.684654835321476,11.406903558822433,5.984364488671389,-5.260293103243362,55.73802673792684,236.21326880403035,-918.3643496647231,464.19799195279563
2025-09-01 23:43:47.326500,-4.580770307529959,27.72936616768988,13.441879375341225,30.18767292346649,30.314432891963932,26.638718164493877,21.141644243023222,7.001815327948038,55.40230774465743,234.2590131783237,-914.6783780056652,458.84202400454967
2025-09-01 23:43:47.333375,6.530418285245989,40.87898580577207,26.87336047774399,44.69011279325808,44.992354761900295,38.06173983589889,32.331280738357925,15.807612194389721,55.09920299045927,232.45323247177097,-911.0298314493334,453.31874759711775
2025-09-01 23:43:47.340250,14.538347045528223,49.13310472328634,35.0600451923877,53.703317536461206,53.71870044023385,43.83511357060204,37.747007204803104,19.787522482291376,54.88585280649329,230.95737536238406,-907.8146225834504,447.9558782971952
2025-09-01 23:43:47.354000,18.47581953603069,51.241806917172426,36.6240404044495,55.85617071297793,55.154866550188444,42.72614980571773,36.19719171159412,18.092027348467784,54.830629965210846,229.9014313377399,-905.3871421389697,443.086682851664
2025-09-01 23:43:47.365375,17.89913534207758,46.76150126109196,31.04162420976938,50.70158349245319,48.93852542499875,34.42637572918278,27.418655347202176,10.629773167540325,55.006947660981886,229.35263044048665,-903.9981537441857,438.99287695245346
2025-09-01 23:43:47.376750,13.048781614249267,36.29449160279409,18.911477929608463,38.95899898895223,35.92007817116686,19.79468983790999,12.323402609886697,-1.7501765553511897,55.477907876023785,229.30849513720833,-903.7570227722321,435.82409873045424
2025-09-01 23:43:47.388125,4.884409427073756,21.51835063459561,1.9973940880971413,22.516287430200915,18.150850889891437,0.8486639820564312,-7.0051735539601525,-17.275182192462964,56.27161876450596,229.71372762865565,-904.6332467635029,433.58746475389387
2025-09-01 23:43:47.399500,-5.084196187428611,4.904626191789458,-17.060834012256535,4.103113823534022,-1.4656495417626365,-19.578096052600127,-27.656324172616788,-33.5289164130971,57.35697696868597,230.48903724917625,-906.4954310552566,432.20789569926785
2025-09-01 23:43:47.410875,-15.09443853184471,-10.756428047780858,-35.24375809697884,-13.226275173407778,-19.71743903511058,-38.36697404109771,-46.43607302156543,-47.884656751246794,58.634455816247986,231.55596122744276,-909.1579830836888,431.5558202692181
2025-09-01 23:43:47.422250,-23.414025841809174,-22.822671938001996,-49.65009318931499,-26.589257458622342,-33.605539300138396,-52.62583982645707,-60.40238632486308,-57.9396633509178,59.951946190259314,232.84462942782312,-912.4105016501082,431.396753508183
2025-09-01 23:43:47.445000,-28.574097736616263,-29.191128400344653,-57.939192434980676,-33.694274034728906,-40.783903640990275,-60.13149835385365,-67.33302063724669,-61.911118989177794,61.14152174265222,234.28481121804998,-916.0325279651083,431.35266319127834
2025-09-01 23:43:47.452750,-29.606539016411734,-28.65594211075451,-58.75943837708988,-33.236824902817304,-39.963692054816136,-59.74110638807593,-66.14798714763239,-58.99888229567597,62.06200675219927,235.79527502300647,-919.8025525203927,430.9744795148498
2025-09-01 23:43:47.460500,-26.278875283797355,-21.206135440488904,-52.09562962904674,-25.230650513787783,-31.234364718259307,-51.70084166975895,-57.20663807666049,-49.63175922153769,62.63238109968686,237.28415176205377,-923.5012307623837,429.89542909266004
2025-09-01 23:43:47.468250,-19.203044545725195,-8.111707833178341,-39.34582642649171,-11.098346772224147,-16.13326776634224,-37.67095256321443,-42.309936667237984,-35.45366665930384,62.84538060585191,238.65457547677798,-926.9081439451603,427.96734904048066
2025-09-01 23:43:47.476000,-9.71253674513253,8.31446960475127,-23.026434136864072,6.5916520844580075,2.6401414066413027,-20.381336808773597,-24.33385089022003,-18.997156065589767,62.75821614881741,239.80378699276085,-929.7980644588882,425.3510350252892
2025-09-01 23:43:47.483750,0.4286315034985746,25.18442290521959,-6.2362407266862006,24.628053752214946,21.753778502915836,-3.065248563909704,-6.637332305506776,-3.171416941990065,62.4687315377437,240.62137040204553,-931.9486056705783,422.5472213729624
2025-09-01 23:43:47.491500,9.342136039509167,39.54305895050121,7.903250677838055,39.70895331277663,37.82340933261076,11.104996469380271,7.535122940884562,9.250971165023461,62.08903272873092,241.00063168035436,-933.1673012850075,420.3192265169536
2025-09-01 23:43:47.507000,15.338271777603241,48.84879480335873,16.74856229183473,48.99225086861371,47.978053413579424,19.512473839416295,15.577441991628305,16.080750875230656,61.722315863239444,240.86130241612022,-933.3313291298882,419.5203930208578
2025-09-01 23:43:47.518000,17.239308890170857,51.44542720029868,18.604092213117173,50.6532058610671,50.410237657793246,20.55852858678288,15.993794005281872,16.101968120500878,61.44522806607055,240.17100042102095,-932.4211879031072,420.86959415842273
2025-09-01 23:43:47.529000,14.67250142277293,46.949436672551386,13.110219956964984,44.33224665836319,44.801244360892305,14.033343835116272,8.74767081062876,9.346136891318968,61.299731390339986,238.95762299160472,-930.5316174871328,424.6923896810123
2025-09-01 23:43:47.540000,8.186979864318692,36.36498014577121,1.3667563828386597,31.25583495764593,32.415306637961976,1.2074185910124342,-4.693842595963552,-2.887198663601584,61.295489860449436,237.30931851196905,-927.8543598377507,430.7444915317755
2025-09-01 23:43:47.551000,-0.8890959296337256,21.8225344917133,-14.327560826437256,13.930970138726035,15.772044485323018,-15.46357168548769,-21.708899680366446,-18.327739179741602,61.41618160693133,235.36152076911594,-924.6398551692245,438.2871269544788
2025-09-01 23:43:47.562000,-10.766241858937315,6.0748962567697555,-30.993028360035094,-4.430771762976317,-1.9402331413971374,-32.882710626193834,-39.10647391408486,-34.224020983625394,61.62311994594336,233.27628195283526,-921.1562639844034,446.36947475534214
2025-09-01 23:43:47.573000,-19.53900480143237,-8.022940640555639,-45.519773947191744,-20.518101466013178,-17.467455098455314,-47.87739134609311,-53.71359448166921,-47.83729683901044,61.858502605889555,231.2218928353914,-917.6640815714692,454.08496380355007
2025-09-01 23:43:47.595000,-25.5060429912554,-17.971726817046637,-55.180011511258655,-31.468683984772625,-28.02591982311386,-57.71877832635284,-62.8912340404512,-56.8811251465082,62.05274821335523,229.3561372855716,-914.4058882062159,460.6794471519469
2025-09-01 23:43:47.602625,-27.483805448586864,-22.065704913585815,-58.13462092351594,-35.38641644451851,-31.79787669125508,-60.62815753763659,-65.01079392672904,-59.92937346593138,62.13363464708531,227.81098126895552,-911.5957616255787,465.56144240021706
2025-09-01 23:43:47.610250,-25.075585829681877,-19.765318528019627,-53.85570050993528,-31.75373471614525,-28.31749582078831,-56.18500554678986,-59.8186271323243,-56.72604982238091,62.033523681510495,226.67780354898608,-909.4014833954456,468.3010380138161
2025-09-01 23:43:47.617875,-18.766268051872494,-11.818765205926395,-43.24774770712673,-21.531199386394682,-18.54795073431187,-45.415504344572646,-48.48613058832308,-48.22189653555864,61.69725229061659,225.99751985807862,-907.9296709128768,468.6691209038603
2025-09-01 23:43:47.625500,-9.74105519723949,0.009469804414991602,-28.321872611572445,-6.806178634906354,-4.520467831624339,-30.42133617376753,-33.21917514908256,-36.23156115491124,61.095049638778285,225.76055834921888,-907.2262371746555,466.68378064540013
2025-09-01 23:43:47.633125,0.5119523614635096,13.515859666332442,-11.537978509732216,9.887401236747047,11.334738804429131,-13.68062949635684,-16.56100729667193,-22.839482235896284,60.23590761901694,225.916019717239,-907.2886058112464,462.6054771437497
2025-09-01 23:43:47.640750,10.627720365508532,26.676179981842566,4.8809578546904,26.268386564759677,26.85604772095227,2.6466390084484916,-0.7051043670502108,-9.84015488268447,59.17036409503645,226.3838565822557,-908.072733199335,456.9068555914747
2025-09-01 23:43:47.656000,19.63872673570546,38.04467232198952,19.375131059402804,40.737494677555425,40.54309002301527,17.104682123538453,12.898127770987498,1.5552355837715752,57.97975961400414,227.06496627325242,-909.4900467247544,450.2374162863299
2025-09-01 23:43:47.671500,27.007053684702658,46.806932494873806,31.079834492224105,52.404429619644084,51.565449420717194,28.907547434076506,23.52944502345034,10.683308444829422,56.76074937400952,227.8503475397423,-911.4101537705329,443.32924427849446
2025-09-01 23:43:47.687000,32.45958707395119,52.56066032782525,39.55433279914683,60.814612677467366,59.493732168095555,37.62072690301467,30.898963226687133,17.183218152379116,55.61332354942377,228.63350035441917,-913.6769688776194,436.8541696193241
2025-09-01 23:43:47.702500,35.79447913315391,55.05502578849317,44.48233902577931,65.65707617110792,64.01351907193013,42.856978349697265,34.8274896735653,20.769743096219063,54.632444770037715,229.32725304091036,-916.1234311559996,431.32651266303594
2025-09-01 23:43:47.718000,36.799587000907486,54.072823087764014,45.56021407207393,66.65601969044545,64.81265234294813,44.19515474104585,35.113538435005054,21.17427129667455,53.90233575102904,229.87977940362387,-918.5801245068436,427.06962815183954
2025-09-01 23:43:47.733500,35.27105641999336,49.44150252412108,42.53657111953272,63.59513597904093,61.610306193334864,41.26651484805906,31.554454846324933,18.19581259956883,53.494943850444336,230.27994127187856,-920.890018006948,424.20480061583237
2025-09-01 23:43:47.749000,31.0513143961979,41.073666271232405,35.26249848127945,56.35148249744225,54.21790948949328,33.85163797649229,23.997763960621675,11.743409885085354,53.46951145680918,230.54949636578783,-922.9223503216002,422.6823628961612
2025-09-01 23:43:47.780000,24.08156245201751,29.039507312312637,23.756000509037804,44.965798681729524,42.639287732811994,21.980931388096607,12.428548335597403,1.8898825280156377,53.86683150947711,230.73091696233575,-924.5729095533179,422.3643615305656
2025-09-01 23:43:47.794375,14.521846196402391,13.736548137741982,8.376677404660633,29.832408956661045,27.271977999252424,6.121649777954712,-2.829355352749568,-10.981264699079306,54.69646963905733,230.87614474838563,-925.7669019897704,423.1037293961269
2025-09-01 23:43:47.808750,2.9276313096700832,-3.886854047836932,-9.935550386971117,11.947819760989956,9.150308802170095,-12.61076721032795,-20.859420540211488,-25.990432389431113,55.92013522835961,231.03452813205405,-926.4788113676391,424.80438378221965
2025-09-01 23:43:47.823125,-9.624412498558481,-22.22362235394371,-29.58137151533599,-6.981886060165298,-9.960330524845618,-32.44062059727528,-40.06433115692617,-41.73203194316639,57.4397751854176,231.24181490449467,-926.7514805124788,427.48067551291746
2025-09-01 23:43:47.837500,-21.56863582126812,-39.14009321206915,-48.52720706631456,-24.712775386985893,-27.752687265187998,-51.2313322888634,-58.38093973539848,-56.50575905964776,59.1030619616346,231.51495443088203,-926.6928733087537,431.26996161036016
2025-09-01 23:43:47.851875,-31.051080618406903,-52.29732956150758,-64.69999337066315,-38.83522608534845,-41.767111703827176,-66.91688945429837,-73.67159329369997,-68.66983321541385,60.728950655423326,231.8530960164668,-926.4488319604469,436.3288078751219
2025-09-01 23:43:47.866250,-36.225013188551074,-59.51901249622339,-76.32293731249193,-47.16579825949626,-49.789028239590266,-77.82853109535763,-84.07798885149263,-76.91714637509001,62.14086824951841,232.24212638009135,-926.1628959761728,442.6437772277237
2025-09-01 23:43:47.895000,-35.5793715245422,-59.14615030240116,-82.15023960095776,-48.09661435673828,-50.19063867939258,-82.90646860646024,-88.29781507076612,-80.45348429243477,63.1950606856382,232.66063138404695,-925.9404640029023,449.8897715812574
2025-09-01 23:43:47.906375,-28.28640749967197,-50.40891815110207,-81.69815150667164,-40.9471013839346,-42.27835300084863,-81.9063045758506,-85.86443966719726,-79.15891030899797,63.80059020040022,233.0844474697041,-925.8325595518754,457.4363526495082
2025-09-01 23:43:47.917750,-14.506975234525246,-33.75966344418915,-75.46796727597139,-26.26947266555793,-26.60503692991935,-75.5762751077553,-77.404389998098,-73.71431271532171,63.92961634850418,233.48622998544386,-925.8412171616129,464.48324788169055
2025-09-01 23:43:47.929125,4.516945474800328,-10.95169010506317,-64.9762761315622,-5.8945976465757575,-5.025460814918842,-65.6185809583936,-64.66024673857042,-65.549293352519,63.61339976449456,233.83238207731483,-925.9374153024042,470.2418293429622
2025-09-01 23:43:47.940500,26.714994526575236,15.30179489344006,-52.42283850046791,17.454393734801304,19.675982009233937,-54.29419842055768,-50.08335074448113,-56.50535946024552,62.92377004488194,234.08611835664118,-926.0811817013698,474.1028783016881
2025-09-01 23:43:47.951875,49.706711808518754,41.98626620414449,-40.074215841414556,40.87381374522289,44.476516548207606,-43.782134510317505,-36.12099583932901,-48.30739793365937,61.950940675747646,234.2187057616901,-926.2373113188174,475.77112501447925
2025-09-01 23:43:47.963250,71.35027063192109,66.47411597548212,-29.650309020153227,61.98851821841012,66.81912641433867,-35.59292691422074,-24.586111506279465,-42.09307687927962,60.78834317281014,234.22000477454844,-926.3837176405606,475.33137801603755
2025-09-01 23:43:47.986000,90.10292349481362,86.97563611072684,-21.997339957677095,79.35281967724717,85.0435023383045,-30.303525604151048,-16.388571829118042,-38.23296521727938,59.52321712153046,234.100640024069,-926.511089629959,473.19021331497186
2025-09-01 23:43:47.997375,105.0837752896845,102.60630118197832,-17.17806988903756,92.41286462203485,98.40007944666345,-27.712474422004366,-11.636957727751895,-36.5135467701695,58.22909437429366,233.886145414601,-926.6160406635855,469.92381736512533
2025-09-01 23:43:48.008750,115.89055387146878,113.11727503211559,-14.869742299019835,101.14020710281136,106.72894234726803,-27.283324870478307,-9.96716856839364,-36.52728028174816,56.96339709954897,233.6080679388898,-926.6963662838263,466.15913704998474
2025-09-01 23:43:48.020125,122.3672201514061,118.5391808507194,-14.763051091236157,105.63935988922437,110.09176025872478,-28.565501620649357,-10.897270066365182,-37.984925218956754,55.77141784641718,233.2957215608261,-926.754155464194,462.54976447250755
2025-09-01 23:43:48.031500,124.49086466653252,118.98330357701808,-16.72903609669749,105.97148649408734,108.59832501438918,-31.365793817888655,-14.040470452189897,-40.79228253368166,54.690008734235676,232.96885402011998,-926.7991526684837,459.7735158024174
2025-09-01 23:43:48.042875,122.36502494254756,114.61599059457525,-20.799492631047155,102.16116185948226,102.40332549343897,-35.72276256022011,-19.17291598858687,-44.98423246687291,53.74693437320842,232.6329833795086,-926.8439177772947,458.461310794455
2025-09-01 23:43:48.054250,116.222976025626,105.68285219606034,-27.113205350293995,94.23394361900442,91.73152439126956,-41.8384988496539,-26.242960446370393,-50.66086348312135,52.95913370780866,232.28068151958269,-926.8942782728101,459.04507372161186
2025-09-01 23:43:48.077000,106.43744572628214,92.55621298790983,-35.8305972690451,82.2860994025678,76.9288512078452,-49.969956028002535,-35.304115569435034,-57.908961738421915,52.332725400316974,231.89784823048603,-926.9410111957533,461.5880596125463
2025-09-01 23:43:48.091625,93.5987653247815,75.87646638219135,-46.928586145095935,66.68123552247538,58.62376596839533,-60.195669681885484,-46.29935347410406,-66.62747714284833,51.864640541354774,231.47168388884305,-926.9572644048451,465.71162564243303
2025-09-01 23:43:48.106250,78.64666768383611,56.75677823676368,-59.91308788282106,48.32185426169797,37.952165324388666,-72.10524647930524,-58.75995347848987,-76.30370569159723,51.544852450932005,230.9974556449998,-926.9088733480526,470.7003763220563
2025-09-01 23:43:48.120875,62.93798774637586,36.86327017134662,-73.64787582808033,28.778437269060507,16.648292843935977,-84.61910224427702,-71.62504813659426,-85.90635657822837,51.35685472168142,230.47882046660115,-926.7725349394759,475.7236137903932
2025-09-01 23:43:48.135500,48.15149101362576,18.23664002652839,-86.45537161513606,10.128365565544378,-3.1296267151754362,-96.09440232034146,-83.32526476948556,-94.00488021705853,51.27558999686576,229.9194877032598,-926.5423880309199,480.01988644141954
2025-09-01 23:43:48.150125,36.06020336001233,2.952208583189262,-96.41614033603841,-5.39828149728453,-19.14596659228292,-104.63698716909579,-92.05381416549156,-99.04223062544743,51.26731505127539,229.3148561327245,-926.2223331547957,482.982344987738
2025-09-01 23:43:48.164750,28.278106200726057,-7.193974736133744,-101.68697801399153,-15.77000154753589,-29.42952577886815,-108.43564205057112,-96.06421435072778,-99.615284519994,51.29558219616915,228.6521350484351,-925.8197278109534,484.2062904102174
2025-09-01 23:43:48.194000,26.029678808986358,-10.926208869132761,-100.7970852109287,-19.45255878060038,-32.56867994128551,-106.07922068155756,-93.97159399474755,-94.73193181059276,51.33054589851146,227.9148112189071,-925.3446113395868,483.5616008269987
2025-09-01 23:43:48.201750,29.917840103892004,-7.729590830164068,-92.9951417093037,-15.722134280423406,-28.017274727213,-96.91712296842313,-85.12647965842982,-84.09003847092274,51.355958660078,227.0846135542541,-924.8110379717232,481.2671869064292
2025-09-01 23:43:48.209500,39.71096810123658,1.9174231938408526,-78.60126104800935,-4.9625349571819575,-16.372438355804906,-81.39708632684486,-70.00330576222846,-68.32038690449545,51.370635909438654,226.1420249455001,-924.2420592726497,477.86526328833827
2025-09-01 23:43:48.217250,54.26779016785266,16.471981200588736,-59.14400448821187,11.232892857803758,0.5545639736482695,-61.1664449570206,-50.351322830000136,-49.021909940100976,51.383306631939696,225.0707399854723,-923.6697295369967,474.04139370330256
2025-09-01 23:43:48.225000,71.69319263030657,33.54243222561449,-37.13098306044337,30.284590812958005,20.00022857771626,-38.81179898677449,-28.905850188938754,-28.50503905881695,51.403758435295444,223.86936451048618,-923.1172471167681,470.392035860952
2025-09-01 23:43:48.232750,89.6656087642313,50.31261414766009,-15.57349131571758,49.08857401325463,38.745870197655705,-17.36626309316376,-8.795369628896653,-9.371226709356586,51.438082898754026,222.5654291889,-922.5765790070382,467.28254085661194
2025-09-01 23:43:48.240500,105.79883928460649,63.99259103216075,2.505418000159764,64.53187269448489,53.64925610700025,0.19193364299031543,7.039412719695029,5.894325691401225,51.49191176838193,221.22070876156053,-922.0078403828064,464.8292932050475
2025-09-01 23:43:48.256000,117.98178641443187,72.22705360780826,14.513126674126825,73.9844472450316,62.13129278074659,11.379981696038609,16.295369369186588,15.287835069935761,51.57562351458033,219.92295858927187,-921.3631823084181,462.95723518661623
2025-09-01 23:43:48.267125,124.7208116989141,73.50271134764986,18.738831013367538,75.77978591020265,62.64143868212674,14.645745296330867,17.695404585985187,17.656523688223672,51.70448440767254,218.76899904864132,-920.6197637938782,461.482912498216
2025-09-01 23:43:48.278250,125.4508647697613,67.51168345046248,14.764406791059093,69.61448015156292,55.035433663665096,9.751858565133585,11.295668841280643,13.008810066117778,51.89303199600061,217.84641041721972,-919.8038846726901,460.19328162675663
2025-09-01 23:43:48.289375,120.66335504635785,55.27265384951275,3.6175905689227434,56.659498372667294,40.65235359466261,-2.10678777735254,-1.474828831363161,2.5781485634537313,52.14716299982256,217.21989810412202,-918.989697347021,458.9050985855755
2025-09-01 23:43:48.300500,111.71963072497708,38.84505335941078,-12.509357970236021,39.21751289716266,21.933286126821418,-18.624174847528046,-18.1875208818098,-11.489635874929201,52.45887720458951,216.92521795340738,-918.2735089499281,457.4997735510284
2025-09-01 23:43:48.311625,100.3998690909688,20.711698470653825,-30.901734230290263,20.016501740804284,1.6952612555982318,-37.05197040291813,-36.10725485555522,-26.738936738233985,52.805179050180385,216.96529810759176,-917.7437960343715,455.9433004119923
2025-09-01 23:43:48.322750,88.37885319323112,3.100549863630207,-49.0473282828483,1.4509496784307476,-17.61943322723286,-54.91825901977891,-52.936855657816544,-41.038610202321486,53.14770854016693,217.30270926521132,-917.461383919442,454.31107981776506
2025-09-01 23:43:48.345000,76.84197363519797,-12.468122526682217,-65.14779844141138,-14.901559423850872,-34.40677840247483,-70.49568084937317,-67.32462369524245,-52.98580686908602,53.43352113839795,217.85608501477986,-917.4493920138499,452.79873109070775
2025-09-01 23:43:48.352500,66.40214316619902,-25.239933325722994,-78.22977152338049,-28.314898710500632,-47.91851145679367,-82.85693980905393,-78.89446619405385,-61.944599886404035,53.60376778384212,218.51237517254646,-917.6902582861793,451.6710575364861
2025-09-01 23:43:48.360000,57.250510091271195,-34.984276277316944,-87.92211224819037,-38.653954744970775,-57.96987900167298,-91.62195539269457,-87.83411285650062,-67.81641574438507,53.61176118561111,219.15225420242245,-918.128614192136,451.18424337185337
2025-09-01 23:43:48.367500,49.17456972585312,-41.822236495000915,-94.27075332100503,-46.294232274812096,-64.75926072050832,-96.77200028932508,-94.55246507178177,-70.87697682084281,53.43983561261616,219.67498656828627,-918.6738250575113,451.56755820378606
2025-09-01 23:43:48.375000,41.2452745078919,-46.35003814583011,-97.86163326596561,-52.45354647484319,-69.03391231077191,-98.77144706988236,-99.84142479603504,-71.91021721968457,53.102847548581394,220.01313605739162,-919.2009299310974,453.0385544845889
2025-09-01 23:43:48.382500,31.55796344510035,-49.783051143432786,-99.99628435752989,-59.46539039320517,-72.27108425341834,-98.7402664776521,-105.2191885733128,-72.40510129652756,52.63840205799225,220.13490386650474,-919.5654167294667,455.7472293763634
2025-09-01 23:43:48.390000,17.535999500371684,-53.74846984696621,-102.51252815429301,-70.40472252409894,-76.43942370587656,-98.30296968588617,-112.8419120390057,-74.40981581386964,52.09589760851756,220.03509172231628,-919.6418868039467,459.6425084736753
2025-09-01 23:43:48.405000,-3.216115409073421,-59.79538770532343,-107.28246647640091,-88.13386718402478,-83.40689713880111,-99.1581483215712,-124.91779462498076,-80.00722267174578,51.534731962305514,219.72003046794663,-919.3689720489109,464.37449223368446
2025-09-01 23:43:48.416375,-32.021741970773,-68.99523713066156,-115.7460889717433,-114.37714831096154,-94.42968414124402,-102.69980783524107,-143.0459400516231,-90.7461931736255,51.02646432497769,219.19782099872629,-918.7720558909584,469.3255675363399
2025-09-01 23:43:48.427750,-68.72743322705674,-81.8583988770687,-128.71753458199439,-149.34355979419567,-110.005030179828,-109.87985705349152,-167.857221925579,-107.33632523670482,50.64688118421698,218.482990367713,-917.9516602293724,473.75185756415874
2025-09-01 23:43:48.439125,-111.85612268632077,-98.44587099194047,-146.39427696725895,-191.87923895084074,-129.95625287061148,-121.20469359498455,-198.97403548875184,-129.59482760626412,50.456382452300105,217.61337694131453,-917.0508877904812,476.95615749641536
2025-09-01 23:43:48.450500,-159.00899111382878,-118.41960657157733,-168.3561392056107,-239.78857344389235,-153.47068292718248,-136.6610193378008,-235.068012896851,-156.4511442580004,50.48195242062229,216.6665622973533,-916.2245592124942,478.4303171794735
2025-09-01 23:43:48.461875,-207.28962357005668,-140.9721467428471,-193.48775502509656,-290.14607506281953,-179.06952583777533,-155.5482584178478,-273.924192797431,-185.96924716302777,50.714410158021565,215.76034724509586,-915.6164817958447,477.938492748115
2025-09-01 23:43:48.473250,-253.66203318968945,-164.7548393281336,-219.94244082555645,-339.5979463471607,-204.65604755263556,-176.37481116554167,-312.6006767086366,-215.49549830645608,51.12581779936521,215.03102075692823,-915.3400943164693,475.52782096649537
2025-09-01 23:43:48.496000,-295.17365873674663,-187.929713004522,-245.29726519458947,-384.6370828809815,-227.72285317943505,-196.98650832976102,-347.77111682011775,-242.0040465929959,51.69697780026021,214.59883935387776,-915.464618900186,471.46952801814876
2025-09-01 23:43:48.507250,-329.18158677570807,-208.46712155207928,-266.99783621431624,-421.98555962668684,-245.79320351818822,-215.01615307048195,-376.2996534488039,-262.6606621437681,52.43221780760596,214.53804639160617,-916.0096931697492,466.18798210991724
2025-09-01 23:43:48.518500,-353.75797736105466,-224.67699159716747,-283.014203517176,-449.1975286400231,-257.05149404342427,-228.54282440405206,-395.96110103772145,-275.495788236979,53.34584177824895,214.86628824894996,-916.9452244433737,460.23441908854886
2025-09-01 23:43:48.529750,-368.054459808345,-235.67336228753987,-292.37414665031133,-465.17905472286463,-260.80422375709315,-236.6081881624991,-405.96780251689165,-279.8550036892975,54.42889158664457,215.5602197593435,-918.1959425712109,454.2542335292584
2025-09-01 23:43:48.541000,-372.3115756702183,-241.4821784922319,-295.28048417558745,-470.2581581315768,-257.46561224685655,-239.314018236889,-407.00734575451594,-276.36707628125833,55.62134267991809,216.5883779514357,-919.6550049034565,448.88371492577005
2025-09-01 23:43:48.552250,-367.6244438678286,-242.86866353981117,-292.8938080667267,-465.9075690458154,-248.235445294076,-237.61172257620763,-400.9017190496191,-266.58682490837856,56.8093664702412,217.93588774147412,-921.2058311876743,444.6331394300011
2025-09-01 23:43:48.563500,-355.7434430353951,-241.12978980911797,-287.04692919717456,-454.424915203563,-234.80942769863356,-233.0518336722329,-390.2023579570366,-252.6448440248174,57.848633102306415,219.60106969860826,-922.7434472930429,441.8515772977134
2025-09-01 23:43:48.586000,-338.91634455532545,-237.89319377399232,-279.9507345797852,-438.6121721132343,-219.16414405528047,-227.52832387769467,-377.80243432341035,-236.9584187635467,58.59985770408438,221.57113770464616,-924.1877052262398,440.7727667998978
2025-09-01 23:43:48.597875,-319.6193515008798,-234.79693444537747,-273.76523000083364,-421.3328739268389,-203.2506755015102,-222.87777550353871,-366.42655886860894,-221.83609926133005,58.95997868489625,223.80067470314236,-925.4879555579096,441.54443661520776
2025-09-01 23:43:48.609750,-300.1447342023169,-233.04246804282374,-270.0328141203566,-404.9531057259256,-188.56539842124775,-220.34206572541018,-357.9959924271257,-208.9594213748089,58.87892652013956,226.2059532860024,-926.6214248631021,444.18303120656753
2025-09-01 23:43:48.621625,-282.1603198780199,-233.0205195562825,-269.21569123857216,-390.83200819194946,-175.78139483593546,-220.1532920526244,-353.14666597965913,-198.9834655219406,58.36266979426084,228.66854775759188,-927.5832155150594,448.5047884778761
2025-09-01 23:43:48.633500,-266.431657673731,-234.24367462963488,-270.6273934432134,-379.09545497692926,-164.67098328226777,-221.52527016890787,-351.2009896485724,-191.51083152791946,57.46919934688047,231.03884488156936,-928.3669011872131,454.08803562345054
2025-09-01 23:43:48.645375,-252.87944498726756,-235.64664915878177,-272.8346482539847,-368.86764181466134,-154.4018206094364,-223.0900980076845,-350.63198173933654,-185.46791094226666,56.29955401527351,233.14427880878847,-928.9463942888461,460.28551054791194
2025-09-01 23:43:48.657250,-240.94882922558983,-236.0866157779295,-274.31928107799064,-358.88011141555893,-144.0519807365576,-223.5338558083889,-349.77437448751937,-179.67921547392035,54.97980903326382,234.8124453198507,-929.2724657008906,466.2993780644405
2025-09-01 23:43:48.681000,-230.0636364146112,-234.77128525199194,-274.0322271922008,-348.1216377567045,-133.05174783582558,-222.07186231730822,-347.4070065974706,-173.32928889349256,53.63466642260664,235.90435725169843,-929.2827082829182,471.2913787083645
2025-09-01 23:43:48.691375,-219.92503913554683,-231.41343088243832,-271.5498850059134,-336.18704533108735,-121.32433869894281,-218.51947447224458,-342.9216484309129,-166.07536084144317,52.363513721561226,236.3405962041187,-928.9152344688295,474.5073643261216
2025-09-01 23:43:48.701750,-210.48783684170579,-226.07698827485055,-266.8339080842178,-323.1586932056029,-109.08276632157602,-213.00419800770325,-336.09057830579775,-157.81952320404108,51.2277955645954,236.11038514839186,-928.1223253827839,475.4486166007488
2025-09-01 23:43:48.712125,-201.6428208089688,-218.86691070996713,-259.8744930732357,-309.1391439257509,-96.45765138082625,-205.61004269431643,-326.71623364009656,-148.38972056396503,50.24679385925579,235.26629882404117,-926.8820865876796,474.03234418802765
2025-09-01 23:43:48.722500,-192.9219659715833,-209.7037164592028,-250.49418265836124,-293.83050356720025,-83.24421490394745,-196.20385205536707,-314.4340320249794,-137.38959183635407,49.39725845484939,233.91062928393714,-925.2043290488409,470.58070304531304
2025-09-01 23:43:48.732875,-183.5334448847378,-198.3072084876735,-238.3483927487066,-276.49315564565273,-68.91836680687734,-184.44766623892008,-298.72164535695197,-124.25444606851148,48.62025227409785,232.17784841765413,-923.1321931328104,465.63800248411223
2025-09-01 23:43:48.743250,-172.71781335286116,-184.33995364953944,-223.00138793564162,-256.25992118098293,-52.84888333201797,-169.87710156897725,-279.01931623376055,-108.36612373607083,47.838966386081694,230.21659046825997,-920.743707463953,459.8047291932447
2025-09-01 23:43:48.764000,-160.1469105373293,-167.61151963161709,-204.0366183413761,-232.54470911249155,-34.56571080795528,-152.02926930168738,-254.90356751958228,-89.1678752770914,46.98286403822483,228.1731026825665,-918.1515902847668,453.67944049410505
2025-09-01 23:43:48.772000,-146.0444495885918,-148.27597786922695,-181.29566753430015,-205.33096077244144,-14.000674595967624,-130.71096131053662,-226.3634788868383,-66.40063946208235,46.00905008982003,226.1758949074536,-915.4951487863475,447.82836829455084
2025-09-01 23:43:48.780000,-131.00269396937784,-126.9820634011745,-155.25331436122156,-175.2973076762375,8.329926364167495,-106.37689489692146,-194.16623853769414,-40.482392355916225,44.9158957817012,224.32488514688202,-912.9258429815949,442.7185096911425
2025-09-01 23:43:48.788000,-115.7862677924612,-104.90924297931406,-127.25992782140102,-143.77994962441306,31.26595637434396,-80.33820477562337,-160.0517168086783,-12.756163106962594,43.74894496680615,222.69746749608686,-910.6022304096269,438.6665389825936
2025-09-01 23:43:48.796000,-101.2646824876138,-83.59378842676391,-99.33619316008861,-112.52322483663876,53.178102449755784,-54.52357393412745,-126.44328060858014,14.710273259354075,42.59715817597374,221.37412580161885,-908.6976653798157,435.8643259946799
2025-09-01 23:43:48.804000,-88.31078080220065,-64.5400853834227,-73.54982186975916,-83.25154135477821,72.38777651451166,-30.859722320124444,-95.70887319810429,39.77159603052968,41.57589270600752,220.4592036462942,-907.3927421137636,434.4227151011181
2025-09-01 23:43:48.812000,-77.5192780465495,-48.75580559765901,-51.33343414228796,-57.17840765020801,87.69036417076961,-10.635850847435732,-69.38114737457343,60.93565409171175,40.801333063994036,220.07389167486292,-906.8354145876664,434.3568393754141
2025-09-01 23:43:48.828000,-68.84892439824048,-36.43133861326761,-33.129964451484675,-34.611651909418974,98.75041895281802,5.791807789571999,-47.795027373193776,77.73102585486188,40.36681656768893,220.32679341579188,-907.0930191085712,435.5480474725272
2025-09-01 23:43:48.838875,-61.49565150588154,-26.977106595454533,-18.549657932843157,-14.923444356491428,106.12533360073667,18.82556479963809,-30.344628071289925,90.54977541581842,40.3254916183222,221.2796887527067,-908.1275583880187,437.74311016829927
2025-09-01 23:43:48.849750,-54.20489346539038,-19.437775099543536,-6.879994840259388,2.986310649443534,110.86547900403477,29.153274702312004,-16.118733602931965,100.18879325017396,40.68162999182815,222.9216934889165,-909.8018969478771,440.5926522061451
2025-09-01 23:43:48.860625,-45.90746213535136,-13.00853077946616,2.4574273547605685,20.008686448427703,113.94739005573888,37.32380810793117,-4.3999282820590935,107.42307705369163,41.39568002129134,225.16086254933452,-911.902900241719,443.7154385848673
2025-09-01 23:43:48.871500,-36.31676768901135,-7.328226770648229,9.759049247430799,36.34819564507996,115.88224067733721,43.58452491266319,5.222527854751699,112.77169824180405,42.39884783535135,227.83807370469702,-914.1667731251194,446.79517416244374
2025-09-01 23:43:48.882375,-26.07950300595767,-2.475004072168047,15.08877538190284,51.47316566396674,116.64847638044273,47.90473430548339,12.923885388310367,116.4288220245156,43.60427228881053,230.761627972483,-916.3126125509731,449.6882214221979
2025-09-01 23:43:48.893250,-16.375829698424557,1.1856718631949124,18.321278940914038,64.43840106280771,115.86399959719833,50.03362384489867,18.66992757366683,118.30032248721808,44.9129583637201,233.75016664366947,-918.093530461456,452.4482513059394
2025-09-01 23:43:48.915000,-8.325575052938401,3.174482337933953,19.193564128012326,74.33269935185994,113.0443507650697,49.605139555684566,22.24456758144281,118.1494987183375,46.22186464513955,236.66301374897057,-919.3487591380497,455.20992392840697
2025-09-01 23:43:48.930000,-2.58749576815033,3.1119634705985004,17.492497251308937,80.64682157328645,107.88886638993195,46.37410575617654,23.428567137776916,115.84425858466902,47.43334966554878,239.40571139186542,-920.0304795910158,458.023991372501
2025-09-01 23:43:48.945000,0.8051122358409563,1.0027469294875817,13.376556006134619,83.52387700852294,100.58079407958373,40.5462486752351,22.355271398650004,111.62720175822,48.46178321129689,241.91702847702035,-920.1985156993441,460.7848464300013
2025-09-01 23:43:48.960000,2.4726568924768815,-2.526658810726195,7.679315280613614,83.87759044087893,91.97424218762016,33.043650658338244,19.898326982190305,106.3146783385621,49.239363130014645,244.15161222566985,-919.9917880778019,463.29911137787684
2025-09-01 23:43:48.975000,3.5943144105350004,-6.203947812360862,2.0120146565808548,83.32976505347477,83.5240397589242,25.544706192357914,17.838125401647474,101.33658327529187,49.72352923169456,246.06815182711765,-919.5860838665618,465.4228819095739
2025-09-01 23:43:48.990000,5.772523230449847,-8.295532833154365,-1.4235932944418324,84.03447312857524,77.04405093839314,20.251545112343873,18.63862719816173,98.55445696363141,49.904798236683206,247.6266035514212,-919.1490214217795,467.1137903104931
2025-09-01 23:43:49.005000,10.982855106651005,-6.863244808414607,-0.24264022354142825,88.49537934600514,74.48127935565145,19.478473617554265,24.92276292333349,99.90273771845474,49.81044310233486,248.79364138039963,-918.8080179841979,468.3393896717404
2025-09-01 23:43:49.035000,21.428690073434282,-0.07608881371495413,7.625190824016253,99.26113687442648,77.66280099932789,25.173423602817333,38.861516414478416,106.96727188594643,49.499349702459874,249.55096885754563,-918.6387160690851,468.9844889129264
2025-09-01 23:43:49.046625,39.067776923577945,13.348646293985952,23.42219022055965,118.35667467004085,87.87368108494815,38.4290311381721,61.61525858415143,120.58801673656605,49.05201318106923,249.89774830304782,-918.6642453818625,468.8805664132159
2025-09-01 23:43:49.058250,64.98741031780656,33.6501581056961,47.114260741144086,146.58426959581868,105.3416922090544,59.07360000465691,92.91525312036035,140.56042701423763,48.56110563854831,249.84383880973286,-918.8539110042489,467.9006384662881
2025-09-01 23:43:49.069875,98.87727428400116,59.67265592246374,77.1547072082085,182.92451325050388,128.84720878416977,85.4945168931855,130.8735461283445,165.50105380253757,48.11653915493311,249.4025848570917,-919.1189483933164,466.03481440886725
2025-09-01 23:43:49.081500,138.75018812967932,88.85244416692545,110.61081746294226,224.3329874853848,155.69315019351956,114.82489708600329,172.11393480006,192.93848666955037,47.78301860644237,248.5923184633043,-919.3129040589929,463.4486095274544
2025-09-01 23:43:49.093125,181.23363873565182,117.7114671122964,143.71353339115086,266.31394287084606,182.23632377891946,143.520663456631,212.31865827384956,219.71577650623703,47.58550242915399,247.44277420198875,-919.2550717763914,460.51768400838876
2025-09-01 23:43:49.104750,222.4990152899974,142.7765933847228,172.6960583312251,304.1617581204015,204.86400503627522,168.17081408184745,247.13231077265056,242.68166293237223,47.51293820344094,245.99860146619494,-918.783495561724,457.74222857837424
2025-09-01 23:43:49.128000,259.2661889751889,161.4624113872362,194.5936739792574,334.1490941403494,220.90721126854356,186.21583622637397,273.09192699489404,259.4002663779615,47.53328548831354,244.3208428085338,-917.8127229584059,455.51709269063525
2025-09-01 23:43:49.138875,289.29711647830595,172.45983428189854,207.67927874953978,354.087615114076,229.02732194561898,196.2802868431743,288.17850635345513,268.534335187773,47.6125176095216,242.49160275983152,-916.3655885361297,453.9622707229611
2025-09-01 23:43:49.149750,311.31900760006204,175.5932244785934,211.45036435765587,363.23585364353437,229.03773809944605,198.07995867558864,291.84940376999975,269.7919296435552,47.732210283132524,240.62251403867566,-914.5700694271511,452.9811757426045
2025-09-01 23:43:49.160625,324.71249300128704,171.4670668261129,206.37890903896235,361.8911575123407,221.49991057886956,192.14049549052854,284.77327522476656,263.6281158609807,47.89445371319288,238.8618307939002,-912.6324364003756,452.4179977475361
2025-09-01 23:43:49.171500,329.2924377501573,161.19545100447323,193.67757777119047,351.03191423410834,207.4328269046761,179.57375739934548,268.5525121799088,250.9618487024003,48.110164580485296,237.3920091335578,-910.8027303563273,452.14215068824177
2025-09-01 23:43:49.182375,325.2365362642746,146.2136474666282,175.09062776613894,332.09125646076205,188.1521204341622,161.90194629460655,245.44816813852785,232.98153494092142,48.38334213491896,236.4090258774497,-909.3374439415969,452.0814634986044
2025-09-01 23:43:49.193250,313.0644782212341,128.04344356699968,152.5928222350135,306.74796385476805,165.0931712705833,140.80592207486745,217.99225547295353,210.97225903167484,48.704832965203735,236.081589225667,-908.45810924266,452.24766820640923
2025-09-01 23:43:49.215000,293.6718618009958,108.06559786919236,128.0668185007047,276.7619732818034,139.65170476774793,117.86617917001473,188.5878071269978,186.18797990320667,49.05765627943308,236.50298527892036,-908.3132459202585,452.70620110657603
2025-09-01 23:43:49.226375,268.47036732883265,87.48296644869063,103.17701180196285,243.99899946811072,113.19849879763508,94.49676986673279,159.34421291533405,159.88183378574615,49.42834603112937,237.65589917379674,-908.9522886445802,453.4888446226845
2025-09-01 23:43:49.237750,239.525888889557,67.49687792407505,79.49550173019324,210.6133310607391,87.2560116470569,72.10103796990776,132.18958161517122,133.4794479676824,49.816055034169665,239.40582237325134,-910.3117670516567,454.5296742722568
2025-09-01 23:43:49.249125,209.48722418596364,49.48341686720967,58.66464577625348,179.1402528532455,63.60791103175422,52.22228211696927,109.00395375081638,108.6801605101713,50.23083641683689,241.5290701693325,-912.216002358587,455.66762792629027
2025-09-01 23:43:49.260500,181.25930671198464,34.94459215210316,42.332910136454004,152.30297504174268,44.13976149102058,36.44125916897344,91.49397106860653,87.27873491304881,50.679810618656425,243.7664180719196,-914.4011010925071,456.69211932234236
2025-09-01 23:43:49.271875,157.55298343034082,25.20843479557803,31.819623140799933,132.55481271792166,30.43497726368545,26.011391912782162,80.81472193323532,70.74997145132224,51.151543812844245,245.87816167624345,-916.564174379115,457.39832792128743
2025-09-01 23:43:49.283250,140.39824385537145,21.027666503791824,27.705237516897753,121.50178269073771,23.31507668577331,21.456807004993863,77.22044915098925,59.85245127790343,51.611279944034465,247.6788994130858,-918.425031698106,457.6328844341434
2025-09-01 23:43:49.306000,130.70994186911506,22.297185847562012,29.616829026331455,119.44205152539405,22.55227737936225,22.397990698114647,80.00451706280671,54.4915437031909,52.01050727568946,249.05014518111363,-919.7821568775233,457.3211295259981
2025-09-01 23:43:49.317250,128.17315756749144,28.098379152839613,36.377999787182596,125.33237955995666,26.959210138364732,27.740556693296128,87.7725764603165,53.91666798511547,52.30508935794788,249.94185638913874,-920.5485584496075,456.47438706205014
2025-09-01 23:43:49.328500,131.58079917922143,37.07770149840596,46.44433504375092,137.25103171076034,34.849898060436274,36.11466351630525,98.88529205829144,57.10013072515979,52.473201018243216,250.36710776340578,-920.7571275884897,455.1802434721561
2025-09-01 23:43:49.339750,139.2812512513479,47.86089238281151,58.29518568349369,152.94638305394864,44.51452654893648,46.234292067481825,111.75660367656204,62.981729597997,52.522618899755784,250.38567515538261,-920.5329642068267,453.5811727289562
2025-09-01 23:43:49.351000,149.3471935531995,59.21507014627516,70.53728079928047,170.03879594212057,54.367514524594256,56.96330361129584,124.82485585569732,70.43096244737137,52.47916827590404,250.0790885544586,-920.0448884541091,451.8475118574444
2025-09-01 23:43:49.362250,159.57405008489292,70.04105797319755,81.87395295173287,186.01054882209954,62.89991935784842,67.2574797094898,136.4515563979179,78.16786495749695,52.36298019114417,249.52821814611556,-919.4571993908296,450.1502771272118
2025-09-01 23:43:49.373500,167.63935269609956,79.43883794752011,91.22490737886018,198.38345720535682,68.76608717377104,76.24307470666258,145.10268784917264,84.92026170839186,52.173099933648764,248.80131260720435,-918.8961300518317,448.63807513509494
2025-09-01 23:43:49.396000,171.42860577449733,86.83009636139504,97.95369779301498,205.07428923830696,70.99239858583138,83.37989693607733,149.71821953628717,89.71384636398354,51.89365671517343,247.95354417414381,-918.4334501527646,447.4207995018347
2025-09-01 23:43:49.403250,169.26528594961985,91.92214641176001,101.91841686329393,204.58797038327796,69.03906140728327,88.46694295268595,149.88537390784634,91.99445848379956,51.512515196417176,247.03421905501705,-918.0834961770045,446.5612255273644
2025-09-01 23:43:49.410500,159.96580186531028,94.47713847022862,103.24767326088832,195.97564282831962,62.64939390289998,91.43385284197647,145.67834982326008,91.49954844332031,51.03142958853255,246.09320351951953,-917.8080580342245,446.0825286173235
2025-09-01 23:43:49.417750,142.93594642619817,94.13827016512597,102.06990517379735,178.85458455030883,51.734745977354244,92.13628694061269,137.4107526742767,88.08606092848267,50.4596540484283,245.17853654036617,-917.5270251593521,446.0136092014488
2025-09-01 23:43:49.425000,118.44694726338321,90.54576894403881,98.47269072799517,153.66083120940397,36.51197411403003,90.39527357218981,125.59600319336933,81.75110661397039,49.802101171728395,244.32551697964277,-917.1381435078366,446.4598721715221
2025-09-01 23:43:49.432250,87.92130079013681,83.68013827021683,92.71029478883291,121.95009549935578,17.80041040033601,86.27135147139425,111.11065834006267,72.84018748089059,49.05278211373074,243.54586050081934,-916.543054391619,447.61775031010797
2025-09-01 23:43:49.439500,53.973616772301654,74.17790452258167,85.45483775122284,86.48040607925878,-2.7865481471659783,80.346343812951,95.32449391959524,62.233572291352075,48.19499572877908,242.8274961052436,-915.6703741122241,449.68976967106516
2025-09-01 23:43:49.454000,20.086802708336286,63.39674064324195,77.87638295599568,50.92197039503603,-22.95298169622768,73.77999053277766,80.03388114321685,51.31813801145173,47.209448398301504,242.14989614134385,-914.4949387706027,452.7641138475125
2025-09-01 23:43:49.465375,-10.041474933163137,53.13023174826094,71.4306371873673,19.172964198068023,-40.190146203407714,68.03474767956018,67.18128008094729,41.683528724869895,46.08850938669126,241.5067809682315,-913.0531521037645,456.7323965048685
2025-09-01 23:43:49.476750,-33.26696780932,45.077842295012694,67.41558333893923,-5.498024163934902,-52.4424277029488,64.37563749561818,58.42894595775636,34.66766061802388,44.849837824472196,240.92186864018566,-911.4428863374415,461.2953669385485
2025-09-01 23:43:49.488125,-47.523798353731564,40.38807560484855,66.57505392951593,-21.03246233974923,-58.597062257910295,63.453287618862085,54.77449744928047,31.020414620034263,43.552239515653675,240.45487000979443,-909.8031173639088,466.0802060902585
2025-09-01 23:43:49.499500,-51.93330708934295,39.511861372449076,68.98014295645669,-26.651534757200878,-58.558242054690794,65.20025449368711,56.39869926122954,30.84113175198925,42.31822245926972,240.20302670490756,-908.2868023107349,470.79421942656444
2025-09-01 23:43:49.510875,-46.749695249701475,42.25250365239436,74.10530203322985,-22.72461003176173,-53.0848485690777,68.95078742331651,62.7073491219632,33.668684089328835,41.34524423048775,240.29482647261298,-907.0390865709591,475.302257769355
2025-09-01 23:43:49.522250,-33.38859850625668,47.79798101239167,80.90042774422187,-10.769333550412039,-43.660193642256424,73.57268535880284,72.41980853687323,38.54313947892631,40.88184093556547,240.86707722890114,-906.1811062390332,479.59902819664865
2025-09-01 23:43:49.545000,-14.322706594729617,54.79171129434156,87.8837116311905,6.631815929387766,-32.32626355494526,77.6111909273998,83.72963836609509,44.084760184839226,41.17044644244179,242.02526511298205,-905.7971102125659,483.695343376059
2025-09-01 23:43:49.560000,7.427527580243986,61.62268698116702,93.43885277729414,26.343948649983687,-21.286869887957664,79.61203308508411,94.67637042256469,48.79472257945411,42.38036721033242,243.80044184734956,-905.9239507789904,487.450422919518
2025-09-01 23:43:49.575000,28.99816165636698,66.88321364079911,96.31522713281537,45.44546650038836,-12.36448154534808,78.6151602647352,103.67465976769084,51.56517064044815,44.55655230056849,246.12075376617537,-906.5464253899783,490.4617785782335
2025-09-01 23:43:49.590000,48.12352737039859,69.71065229130433,96.0146068836247,61.72309705068557,-6.629756066244222,74.49732230661863,109.8569981187051,52.02513956542413,47.59935614605386,248.80806714351485,-907.6094731862191,492.1397179721861
2025-09-01 23:43:49.605000,63.172497382806306,69.83124650718874,92.79203709591722,73.68538807188956,-4.380330737835785,67.90276161529108,112.99230180426882,50.44550986310285,51.276595509866524,251.60162309002797,-909.0470467351441,491.9392901375608
2025-09-01 23:43:49.620000,73.04789353412161,67.4382329574374,87.41485026169158,80.40432269976833,-5.310563415185198,59.93253645171214,113.22060230746548,47.42087955778544,55.26038599491443,254.2042143922332,-910.7995245034692,489.60202306862595
2025-09-01 23:43:49.635000,77.21596509002453,63.125158040605825,80.98424612371369,81.52888016089567,-8.63651543033548,51.91404571586747,110.96567638736245,43.68307686758557,59.17804989215598,256.33535616243245,-912.7969088426373,485.2821493287082
2025-09-01 23:43:49.665000,75.82085610729186,57.861614376461944,74.83811712438545,77.41082898775562,-13.186557674715836,45.270200416472775,106.98830876972696,40.057094596371975,62.66832439362947,257.7729494387168,-914.9289677683964,479.4905537178382
2025-09-01 23:43:49.672625,69.67143001113403,52.82799777075766,70.33863811842178,69.0575475724744,-17.63215194807292,41.29188614024536,102.29305451659121,37.347548266143036,65.43653075191946,258.3780145526852,-917.0393408433013,472.87725980480366
2025-09-01 23:43:49.680250,60.038980542961475,49.07000718852099,68.50123596047582,57.83508656332895,-20.87059180136797,40.77944110121905,97.81947766611438,36.09981199200548,67.29846180569275,258.10653018280175,-918.9485202742758,465.96717480900077
2025-09-01 23:43:49.687875,48.46043038468607,47.19844479925804,69.69626604278602,45.17435195368106,-22.303215543401716,43.785288459094986,94.17079710695222,36.42467497673202,68.20125432282795,257.0105101354634,-920.4823625656068,458.9659954906796
2025-09-01 23:43:49.695500,36.70470912267875,47.348075430161785,73.63865552335862,32.49317591202315,-21.805965874755127,49.65733444299247,91.6011497548541,38.04597125983794,68.21734803949995,255.22976467382009,-921.4902507057309,451.71193320482655
2025-09-01 23:43:49.703125,26.716558824972722,49.29270893790613,79.5634685455915,21.166211678667278,-19.555819253869018,57.268483431154415,90.13965665423976,40.461767594992146,67.51578293867792,252.97700356878997,-921.8589455172314,443.8371863014503
2025-09-01 23:43:49.710750,20.25985406430705,52.48140898181596,86.35544226098975,12.311122604887371,-15.989251617878846,65.19747996859289,89.61274922094593,43.0261656780043,66.32129876380986,250.517251341388,-921.5331959837185,435.115055409896
2025-09-01 23:43:49.726000,18.35937626054696,56.01439091487634,92.63755671513086,6.518359602623015,-11.8558948051024,71.8649578699465,89.59698187749933,44.97634571326719,64.87444914442193,248.13980958114053,-920.5404756730945,425.8015384292616
2025-09-01 23:43:49.737750,21.012875995505368,58.79662804085757,97.01170597193801,3.80963404164421,-8.10115742113455,75.81261493018691,89.52012324286977,45.57552292502423,63.39890403053577,246.12009560149394,-919.0021303509496,416.7439258263745
2025-09-01 23:43:49.749500,27.474890055457333,59.93949957243839,98.47613750768856,3.8757042245492963,-5.503249677914451,76.13548870787913,88.93814800191419,44.38122346262461,62.07662428269982,244.67549922085126,-917.1147618335099,409.1607854489531
2025-09-01 23:43:49.761250,36.78407546248671,59.118278221748035,96.730067819279,6.3420069591225845,-4.35929822884249,72.76568991993786,87.71587357477442,41.39700277296958,61.034072328160654,243.93208840209806,-915.1078597509922,404.1975341586932
2025-09-01 23:43:49.773000,47.99382305241689,56.554596696371746,92.08553504051453,10.79589566519253,-4.543825629248334,66.33469961932462,85.87933157255321,36.92295973330287,60.34039726642438,243.91724465466248,-913.1989220825474,402.5085138840474
2025-09-01 23:43:49.784750,60.067356862845195,52.665296603595934,85.08665362518283,16.605786132580533,-5.876578935834972,57.728771253198005,83.2887946811014,31.25664649984659,60.013021081929246,244.57302168463775,-911.5578760168486,404.0678652151161
2025-09-01 23:43:49.796500,71.72873407283289,47.672854202805766,76.1520639779124,22.724051965604133,-8.488102151365883,47.666108467055345,79.44732541701683,24.503585833453073,60.02489011422223,245.77656059814353,-910.286488533089,408.26634255236024
2025-09-01 23:43:49.820000,81.42775089144952,41.40574379066313,65.41971038237142,27.618986703647288,-12.956836025605373,36.494334103647546,73.55754137881326,16.55897410216777,60.30880360812811,247.3651434513392,-909.4243524135699,414.21183974985354
2025-09-01 23:43:49.830625,87.51095674635044,33.405962377646816,52.841189920969384,29.51079397856706,-20.107058897508253,24.269387691064598,64.79221027284065,7.233517765507156,60.76146927681981,249.1656046732708,-908.976768176114,421.02324013860346
2025-09-01 23:43:49.841250,88.64642292247933,23.319629833997055,38.49925917562401,26.95256111074261,-30.51011646204512,11.08012284993026,52.708139195842,-3.485092977847825,61.25783341946814,251.0203441059183,-908.9353082832289,427.958842730579
2025-09-01 23:43:49.851875,84.3124602946505,11.329246597343117,22.96430024735748,19.426068345458187,-43.96407538733774,-2.5854838701580394,37.63416239628985,-15.150603158647241,61.677532995281176,252.80740664315542,-909.2793661067391,434.4059250108759
2025-09-01 23:43:49.862500,75.05618571372482,-1.6502098211012832,7.452977185567993,7.573262029700809,-59.256920821774685,-15.67535749226466,20.838027912587638,-26.745694459617535,61.93025190276304,254.45709118467195,-909.9777018485166,439.8453195647211
2025-09-01 23:43:49.873125,62.42508907777958,-14.064035723904203,-6.270428865118671,-6.953535845546537,-74.28896477371548,-26.659665571721312,4.411634144379463,-36.792035905440464,61.96935732101036,255.95858377276662,-910.9993811800219,443.87857415179485
2025-09-01 23:43:49.883750,48.67774298346723,-23.9668260859297,-16.145821125418948,-21.811485480745663,-86.43224153849293,-33.758405235382114,-9.052594136338683,-43.585505250215796,61.7967569584355,257.35020709308736,-912.3259725296185,446.30860353198034
2025-09-01 23:43:49.905000,36.38583861158317,-29.347309182803343,-20.153727509548848,-34.357923479747676,-93.01685023835901,-35.24940760241839,-16.92040874592964,-45.48888860686313,61.46371022237605,258.69895671192506,-913.9636177808046,447.1880740016144
2025-09-01 23:43:49.916250,27.957801279059627,-28.564484667158407,-16.757706553431852,-42.1553737587864,-91.9200469253359,-29.884368039536383,-17.08689179318438,-41.30134966268154,61.06229671569103,260.07762648110855,-915.9494215316994,446.7912208256415
2025-09-01 23:43:49.927500,25.138799310369382,-20.85557290701105,-5.398285682326706,-43.54251116084727,-82.16504138089222,-17.3499351295852,-8.562084733046419,-30.66306999323459,60.70192348504956,261.542406847051,-918.3279874572495,445.52646581901524
2025-09-01 23:43:49.938750,28.68656815841911,-6.669178810577941,13.198373144500684,-38.01545061045906,-64.27329845407469,1.4643202831430207,8.18485172398232,-14.295418636071508,60.47962542595027,263.10814968503485,-921.0864688875541,443.81213799597447
2025-09-01 23:43:49.950000,38.41691711294038,12.406535037417994,37.10246115386165,-26.20562083996612,-40.16866776497683,24.57306130494185,31.319111433269164,6.097204318403677,60.45932625963081,264.72102415579275,-924.0815747219527,441.9642874834518
2025-09-01 23:43:49.961250,53.537853928330954,34.03762937732531,63.56149597539996,-9.564698083497946,-12.726343567967374,49.27290923975751,58.05890725021733,28.181881425199492,60.6631371204807,266.24425657024256,-927.01544806917,440.1636750372405
2025-09-01 23:43:49.972500,72.9819727599852,55.5880417949639,89.43627785436473,9.965881407930025,14.767991008616367,72.56582085882425,85.15760475877684,49.39360878658931,61.06613108428435,267.4765768503718,-929.4828444939196,438.4934392281104
2025-09-01 23:43:49.995000,95.54717457860272,74.49068983998205,111.61322635012132,30.197811498356092,39.104927964721284,91.56520372819752,109.35209445043041,67.28610075893789,61.59219066884222,268.2016204474445,-931.0597366905754,437.0018780188151
2025-09-01 23:43:50.006375,119.89675697127575,88.61185209178443,127.46416358191586,48.958545314855584,57.62458517852621,103.94746659724413,127.83080277146745,79.8704344802435,62.12174201126948,268.24594399339367,-931.3942114700607,435.7779069561026
2025-09-01 23:43:50.017750,144.56388198283818,96.62207055014508,135.33337308352202,64.44641794484086,68.6783040667617,108.41218768513995,138.70058747788332,85.93450340063097,62.51881803627926,267.5218646015544,-930.2802202631411,434.98727637009677
2025-09-01 23:43:50.029125,167.9818013369793,98.1924247643035,134.8448982611993,75.52324119114135,71.86266917083607,104.93426405068872,141.26485399667766,85.21483485439926,62.668283785219636,266.0454352763222,-927.7029990045273,434.8189432305752
2025-09-01 23:43:50.040500,188.5020328511178,93.84474102040197,126.82008419642722,81.74303410304053,67.82153350021055,94.60956949032935,135.9356566402674,78.2911451933795,62.50677511320492,263.9333460798239,-923.8470358217785,435.3957910284447
2025-09-01 23:43:50.051875,204.46282973521846,84.55457587513565,112.83411522365547,83.1541188150649,57.741660196990765,79.16120657622156,123.83795796562977,66.259291693049,62.03587592648582,261.38189867054143,-919.0661366982276,436.71522054849936
2025-09-01 23:43:50.063250,214.35359485266758,71.35499789337418,94.64032043505185,80.02552301701662,42.8530369171309,60.36954655723256,106.32001309162514,50.354314500381804,61.315459429339846,258.6290199930999,-913.8256208544219,438.6065157633858
2025-09-01 23:43:50.086000,217.0278527612451,55.10547105789234,73.7214463924409,72.61319415660874,24.14990752677119,39.672347716603866,84.58685191191292,31.672842992699625,60.44461102384191,255.9105813460316,-908.6330090044802,440.6978272097982
2025-09-01 23:43:50.100750,211.93193430630768,36.498572737443865,51.183979733977054,61.1336903355114,2.42361014017197,18.103441729796398,59.661722531729126,11.137299631201907,59.5407449387472,253.4308124747824,-903.9711066741208,442.4650322875276
2025-09-01 23:43:50.115500,199.3135301008246,16.27837544152759,28.01981664151932,46.00357986143623,-21.44617567494338,-3.4333693067900963,32.69314342812103,-10.274753458869549,58.72206959362996,251.35459371489034,-900.2393543684772,443.41432846728634
2025-09-01 23:43:50.130250,180.30623901086898,-4.494456918232749,5.474036321298981,28.109447128618807,-46.15668629163252,-23.809777861587328,5.321304218929984,-31.2501569107796,58.08995353562331,249.8092418076364,-897.7068720976538,443.3136205388654
2025-09-01 23:43:50.145000,156.80463897302926,-24.31925205188233,-14.78881922700631,8.860541773277031,-69.83041746527844,-41.525146324148395,-20.205567359374587,-50.05651666282557,57.70762690611322,248.88362399605836,-896.4863328274838,442.3130028132483
2025-09-01 23:43:50.159750,131.1821271129115,-41.33165854556053,-30.7938408475714,-9.94066400466286,-90.12071132069005,-54.81928348238685,-41.22766239361306,-64.70202671287325,57.58326689981703,248.62847305588505,-896.5410497931525,440.86908966624026
2025-09-01 23:43:50.174500,105.99438500393126,-53.51244007185227,-40.5186094410968,-26.255445632684687,-104.50021807918317,-61.91822848197026,-55.059261467314805,-73.2275915461468,57.670776109491754,249.06378010279983,-897.7254239137574,439.5388062560547
2025-09-01 23:43:50.204000,83.72597511494439,-58.975415333073535,-42.21878649506879,-38.00758277179992,-110.65740617318235,-61.331626209502055,-59.45887522092838,-74.04053813410424,57.88972233667689,250.1861459110499,-899.8373591278752,438.78497820815426
2025-09-01 23:43:50.215250,66.5037753123614,-56.356035961596426,-34.83230506425569,-43.44939480208601,-106.99484953422215,-52.224531408449096,-53.16536487783669,-66.28127118542709,58.15381139662405,251.96629361209486,-902.6572940839367,438.8811867777694
2025-09-01 23:43:50.226500,55.75149604844338,-45.25236424826366,-18.411275836208407,-41.64485011989435,-93.14569270038317,-34.81598064588681,-36.376993686192044,-50.1766766499621,58.39588698143829,254.33621580134167,-905.9663405809926,439.92351965411683
2025-09-01 23:43:50.237750,51.95290593880585,-26.490866728130896,5.655598125307173,-32.77253574493308,-70.25073771388453,-10.581175557621624,-10.874368830545215,-27.199369955498405,58.57976474840359,257.1705473831849,-909.5482416827881,441.89307783450874
2025-09-01 23:43:50.249000,54.688927703231506,-2.022229176747237,34.81893749229962,-18.028492787846748,-40.795270551968144,17.919865686292123,20.33546828943025,0.12003742160227454,58.69604824154063,260.2729617481175,-913.1800044355728,444.68120027810085
2025-09-01 23:43:50.260250,62.838968379203614,25.45187563367975,65.818117853219,0.7109543505500998,-8.127843602857979,47.47406841642248,53.601594765375054,28.633779828477305,58.750646401907446,263.384865944858,-916.6221853256807,448.0641702940246
2025-09-01 23:43:50.271500,74.70219251726094,52.87361951158415,95.14770936397036,21.148409159806953,24.049299849950078,74.66917521067738,85.15927491602231,55.05109836684097,58.75745914178425,266.2208394756377,-919.6261207951711,451.697999478694
2025-09-01 23:43:50.294000,88.05752988148119,77.1844716458374,119.47898990195748,40.71235212415461,52.12633785056752,96.31454678942376,111.58391649975238,76.35960911968047,58.73572020017399,268.51590635640855,-921.9623352058418,455.16946923394596
2025-09-01 23:43:50.301500,100.46233445432435,95.75600203474225,136.12815097631076,56.86413647396229,73.09637953158297,109.92166038416701,130.24495364590808,90.23923334414853,58.702465749986416,270.06920429565287,-923.4541468787228,458.0757195456314
2025-09-01 23:43:50.309000,109.8765710123031,106.8946740193882,143.5469960447134,67.6984762664645,85.13798461678341,114.20876897408387,139.71788602286972,95.46295927393291,58.65963106934166,270.7742362698634,-924.0034834066295,460.0977183605427
2025-09-01 23:43:50.316500,115.2048413211106,110.17637383036407,141.6078007718778,72.4862219105129,87.96739100216153,109.37701659465505,139.9763407795619,92.12193945282323,58.5934611878492,270.6236643024006,-923.6146156079643,461.057664001883
2025-09-01 23:43:50.324000,116.33784771342833,106.38801274617238,131.50388351993803,71.70859107433769,82.68541722246042,96.97081537765179,132.2334196024366,81.51781713428684,58.4958450486333,269.6843240530045,-922.4155605050754,460.9691139300352
2025-09-01 23:43:50.331500,113.80870043229656,97.17746825704033,115.39871188063843,66.66410860716269,71.2815726901894,79.47200373519387,118.5611931973587,65.82086372897372,58.387836113667014,268.06071601464964,-920.6527496146884,460.05664756850877
2025-09-01 23:43:50.339000,108.44611825415089,84.67597543979869,96.08461096235894,59.07407299399722,56.16968777074735,59.9041547891847,101.54449900448054,47.72354814678964,58.321098669609334,265.87182059245447,-918.6427397993091,458.68950005001955
2025-09-01 23:43:50.354000,101.15667161695819,71.18122545879544,76.68404089604417,50.827953553776375,39.86661801045803,41.47965918651612,84.012346404031,30.128060876985437,58.3588747924773,263.2464233583433,-916.7002120315358,457.24467142698575
2025-09-01 23:43:50.365375,92.77754804946254,58.829614623842225,60.22769633530598,43.6855190746078,24.686342586998105,27.13380836691639,68.67962135845733,15.739588179494756,58.55660110665954,260.3258860773526,-915.073488619639,455.9929987734964
2025-09-01 23:43:50.376750,83.99401992448357,49.23325442379667,49.079958094218334,38.87455382250657,12.38969439049996,18.952968626613114,57.65322513235564,6.568005919789609,58.95269550532132,257.26669583991657,-913.9053148130727,455.060396631888
2025-09-01 23:43:50.388125,75.33603116790992,43.17931140204182,44.46947959023726,36.8325076834067,3.9066916124545186,17.778201847519707,52.042960411790425,3.57695992308529,59.56126316487623,254.2422965886196,-913.2255547093687,454.4539416279403
2025-09-01 23:43:50.399500,67.21903200343475,40.542609909756855,46.41255215106996,37.31020899604965,-0.7033743966310946,23.240849745977627,51.94674203496447,6.701804411677418,60.35984185254026,251.43859495241995,-912.9703042137203,454.127619488626
2025-09-01 23:43:50.410875,59.98081993329917,40.48521979486545,54.03688781432549,39.730351834672604,-2.018023980667474,34.17785619424873,56.79617735898686,15.192089643874617,61.27981633914787,249.0338818085659,-913.0103687941041,454.0271924338873
2025-09-01 23:43:50.422250,53.911479714870104,41.866630399657055,66.09322414993363,43.570775720739306,-0.8637004194347091,49.17955657761501,65.83412774976055,28.067263834541702,62.209858780371704,247.16940860008847,-913.1800616035757,454.06531655465426
2025-09-01 23:43:50.445000,49.289880913267204,43.67253447861958,81.41507457448118,48.62166427646072,2.035833680984557,67.02957162091761,78.46975597495562,44.471232919816245,63.01394895589654,245.92844272276295,-913.3078724163169,454.09054863401127
2025-09-01 23:43:50.452625,46.38202609509784,45.24422951768709,99.0992518534841,54.97375662808515,6.188660061980106,86.82915527998806,94.28408715338468,63.73093720660996,63.5561700096851,245.32967414216782,-913.2440417712868,453.9355007853582
2025-09-01 23:43:50.460250,45.34791470640214,46.20544993431708,118.30368681333749,62.70315413949751,11.172279052150865,107.74185012332838,112.6558817208745,85.06984981201701,63.72297276221126,245.33191603657457,-912.8806257480559,453.52914805000495
2025-09-01 23:43:50.467875,46.04235686131005,46.19187085043386,137.83596823059955,71.46506923033303,16.314676557504715,128.57139165104653,132.290833544971,107.1891306603836,63.44473321579542,245.8544111299172,-912.1729928874937,453.0056609505738
2025-09-01 23:43:50.475500,47.760410187944345,44.59907260321645,155.86154684315127,80.24485259839949,20.46292489318544,147.50219237863033,150.9971636237746,128.02796465907275,62.72166847852895,246.81193469230928,-911.1639981073353,452.72140559420575
2025-09-01 23:43:50.483125,49.09977311786859,40.493880801517776,169.93676261621783,87.34707238372668,21.992092188040914,162.16653213988891,165.8365905514749,144.87114338005347,61.64063258119675,248.14223697454858,-909.9895886849748,453.0927220985328
2025-09-01 23:43:50.490750,48.09127140119491,32.69911501507999,177.33895247241566,90.59054371999288,19.02856055244967,169.98003494287286,173.5757516851684,154.76169440424528,60.36341284555565,249.8039518972965,-908.8501978034786,454.29837506992874
2025-09-01 23:43:50.506000,42.57302144819121,20.0158081247884,175.56836290235643,87.67138797839554,9.800419774777456,168.62907286934052,171.3097731781035,155.08203658389775,59.090076904745075,251.75056566643462,-907.9611561562925,456.0647594778251
2025-09-01 23:43:50.517250,30.70566721667652,1.5825324446439617,162.9477170613366,76.69300093839043,-6.907308656905164,156.6476738368142,157.16704911069706,144.1926809997215,58.016787890958945,253.90177571405493,-907.506917251364,457.73473041562823
2025-09-01 23:43:50.528500,11.52562997226364,-22.66947887152896,139.22990569398064,56.8035913258183,-31.230635055209362,133.98624031715315,130.95945973900461,121.99903836708448,57.30147896471094,256.12932193940844,-907.6076008971197,458.59560362906143
2025-09-01 23:43:50.539750,-14.614079158969453,-51.644362903640385,105.99646463381018,28.70271307251773,-61.819194987626034,102.35394091444529,94.51780563810908,90.2431072481432,57.04224361197056,258.2671014098761,-908.2916066017222,458.22661989055416
2025-09-01 23:43:50.551000,-45.90526965851524,-83.03853887663163,66.59198088021355,-5.289069854983103,-95.80680465654896,65.10007575124328,51.497721595424196,52.334263759750165,57.27023674112409,260.1427303411567,-909.47908644204,456.6230322403918
2025-09-01 23:43:50.562250,-79.38071469385605,-113.75456407376092,25.504459855502144,-41.713512114385374,-129.3098985809521,26.567504697572826,6.692765894958477,12.683319381053874,57.95568951226988,261.61302768493033,-910.9934359993474,454.06637327076317
2025-09-01 23:43:50.573500,-111.59095968763421,-140.64512160919676,-12.623637240082324,-76.83469225480134,-158.3322922604601,-8.882403267372082,-34.91576464424282,-24.26099374922263,59.01964908327663,262.5880216875321,-912.6043468813816,450.91685859182405
2025-09-01 23:43:50.596000,-139.38000546856108,-161.2478781175424,-43.967801201383104,-107.50359955343309,-179.69337485830786,-37.781193829189085,-69.08875194223884,-54.892237785223585,60.34114624621695,263.04148986109965,-914.0848267101347,447.50301426975705
2025-09-01 23:43:50.603375,-160.41666722392964,-174.17454291506056,-66.10314044455187,-131.6461206480387,-191.55800394505965,-58.04417067509607,-92.94627321602107,-76.9176782087425,61.76228393946219,263.01034904875974,-915.2597200036373,444.13159886373927
2025-09-01 23:43:50.610750,-173.32357455707333,-179.047343537771,-78.05661572059228,-148.23337285560868,-193.41018326821936,-68.94586893791775,-105.10507959420893,-89.36695119355022,63.10832095258519,262.5823989974283,-916.0329848324565,441.14813121509945
2025-09-01 23:43:50.618125,-177.5067067258508,-176.16498252675245,-80.00330442941562,-156.9466976111583,-185.67750766128168,-70.786528591144,-105.45057434450447,-92.34071455698529,64.22232753063147,261.8737263582201,-916.3893321290872,438.9916451409719
2025-09-01 23:43:50.625500,-172.91790602642402,-166.1778165637543,-72.90276573461266,-157.85315667805625,-169.33842893736679,-64.53779132577392,-94.82287467763403,-86.73431793964363,64.98977451042472,261.0028425197255,-916.3713952597494,438.17630532690407
2025-09-01 23:43:50.632875,-159.92317905524186,-149.89561498949163,-58.20522757251816,-151.2095859948322,-145.65934742347918,-51.56861179445596,-74.77067941509706,-73.99988225478414,65.34352409383497,260.07150071660766,-916.047949545683,439.12850588919616
2025-09-01 23:43:50.640250,-139.27878143887682,-128.1804435404921,-37.56169634542046,-137.35125852339579,-116.0106474197198,-33.37737541607736,-47.292919102748925,-55.86937611716002,65.2641293818291,259.1584700572391,-915.4941690859622,441.94533154940257
2025-09-01 23:43:50.655000,-112.11394735036009,-101.89381498255388,-12.530050376022386,-116.65975242963407,-81.74046084527781,-11.334865624081093,-14.505108908083436,-34.03879599550712,64.7850535555176,258.32410922301125,-914.7862065840189,446.27563955816174
2025-09-01 23:43:50.666250,-79.89595222177267,-71.96490465181382,15.531373368853753,-89.69750946535937,-44.204354374163096,13.380956752779998,21.561939180021742,-10.017313612658448,63.996202726406345,257.6169610524238,-913.9996672341115,451.41988383372234
2025-09-01 23:43:50.677500,-44.46964091110534,-39.61910172444772,45.22306440438046,-57.5573968367305,-5.002484333201232,39.53515414315888,58.79769220076307,14.67856089004084,63.0349473687695,257.0762082609426,-913.2101393268767,456.54466695481744
2025-09-01 23:43:50.688750,-8.213707391136422,-6.6447881090759475,74.6919791370703,-22.2838535434859,33.72077396139431,65.4574540993321,94.65628068828757,38.16885354554334,62.059950467474344,256.733288483248,-912.4955717679059,460.88142376524786
2025-09-01 23:43:50.700000,25.868847280168687,24.546544930837396,101.4706755794042,12.967076406342821,69.20248464450505,88.92088372170267,126.0814660475867,58.124336314721205,61.21489319316821,256.61668715688404,-911.9310936029489,463.8696842909707
2025-09-01 23:43:50.711250,54.42113620680484,51.23580146208506,122.82560585443004,44.316649856813285,98.42113699826461,107.48784207324898,149.9450253120735,72.1575111879805,60.600481024456485,256.7533082417994,-911.5741649001372,465.2560098788107
2025-09-01 23:43:50.722500,74.36805384209258,71.00331982651178,136.46356971020768,68.01396811274522,118.78689801819452,119.16742140198025,163.78634594628144,78.48072232735076,60.26739121555556,257.15933153801944,-911.4524908397891,465.1389735007926
2025-09-01 23:43:50.745000,83.54910359031913,82.32727126725463,141.19156833611126,81.2914791145521,128.78235499331015,123.00973932357905,166.45640615025704,76.4445616860583,60.22193899083857,257.8269349295288,-911.56302537743,463.934928771225
2025-09-01 23:43:50.756125,81.03544869801415,84.86352983398602,137.1730381182073,82.81534549143011,128.21540936466477,119.30288504330512,158.34787970618976,66.67233795404628,60.43135434968371,258.7173405960175,-911.8772111194585,462.28582582882467
2025-09-01 23:43:50.767250,67.16008328157538,79.31853777083708,125.69855183665734,72.69361168137026,118.0539785830555,109.30056344997833,141.13811053580523,50.7667405673866,60.830342440372135,259.7621124201737,-912.3436547761231,460.9455992396294
2025-09-01 23:43:50.778375,43.48907419126334,67.1389330263113,108.72225491475116,52.30030542638963,100.11186295528687,94.74359587775018,117.29832729580974,30.84319370728979,61.334198599019146,260.87142184419713,-912.8890106517302,460.6459027117009
2025-09-01 23:43:50.789500,12.80818750964886,50.275325906090806,88.47087381271967,24.094677434388963,76.82018129828806,77.49071585904514,89.66531649172902,9.162567036669056,61.85387267840244,261.94946687159774,-913.4295034411799,461.93761800080404
2025-09-01 23:43:50.800625,-21.0998699974425,30.977008615356844,67.14946440416828,-8.678956801900796,50.9911570545474,59.28300131422453,61.06751320208448,-12.128755065626013,62.307539909565804,262.9122936250934,-913.898443456404,465.012847616469
2025-09-01 23:43:50.811750,-54.05474481442579,11.457116303757797,46.61352957131861,-42.54489816194296,25.39500541622076,41.500026993471415,33.90737997935795,-31.280050695214644,62.62906339232879,263.6993470343317,-914.2730460782252,469.5634238657625
2025-09-01 23:43:50.834000,-82.24921931706629,-6.492302613095766,28.06401190036917,-74.4367114698221,2.2712247203437346,24.942441443713694,9.850909736963308,-47.1978360040856,62.77358282736009,264.2770228134981,-914.5770274530995,474.8041840309985
2025-09-01 23:43:50.845625,-102.83254833386327,-21.69067617378734,11.984785283198985,-102.08986166817871,-16.9163560864154,9.84279160919259,-10.172687136305848,-59.49406763074037,62.719917029616084,264.640566033533,-914.8572887589942,479.697998611888
2025-09-01 23:43:50.857250,-114.11437746900785,-33.454145370092405,-1.5969366932378601,-124.03546130927147,-31.362151956691484,-3.828532531209125,-25.71098650556891,-68.25877247064973,62.47170178193588,264.8158443098361,-915.1538963599185,483.2502304610647
2025-09-01 23:43:50.868875,-115.42085743955046,-41.30572423077945,-12.723960389010173,-139.34868944493283,-40.619096698696055,-15.978942118951968,-36.50345050688286,-73.74145189763227,62.05738932778851,264.8514714141591,-915.4754429514367,484.73507735022724
2025-09-01 23:43:50.880500,-106.78422694549086,-44.73720770477665,-21.257234195484454,-147.40497502149609,-44.3641258313577,-26.20158137412415,-42.34088689380949,-76.14886571921701,61.52701185512464,264.7973443842237,-915.7822894982847,483.81243678418434
2025-09-01 23:43:50.892125,-88.67785371566453,-43.13887855735694,-26.810056220764245,-147.75342397867377,-42.30638222456574,-33.79925996890075,-43.036661605488426,-75.57448753232322,60.94666221780805,264.68402071210653,-915.988119250863,480.54504303289525
2025-09-01 23:43:50.903750,-61.896386880251875,-35.86944675878474,-28.768513203450944,-140.07993233700748,-34.187092718250064,-37.87617346106632,-38.41032320272546,-71.98854478699042,60.392594114062035,264.5164722874035,-915.9863947291626,475.34735972270954
2025-09-01 23:43:50.927000,-27.579363579753934,-22.425438329539315,-26.38295124411446,-124.26531402836645,-19.864869928656844,-37.458488323494954,-28.321393737764318,-65.29979309171384,59.94328075425209,264.2774494175677,-915.6859059440461,468.90988762653353
2025-09-01 23:43:50.941625,12.637116316271733,-2.7117595072129532,-19.0143299599323,-100.60632894619862,0.46964108050606235,-31.743442012370917,-12.868339274697862,-55.52285180275876,59.66814659978237,263.9322805190037,-915.0349058354228,462.10200370665996
2025-09-01 23:43:50.956250,56.446233185862155,22.632718427609518,-6.534425127477417,-70.16138641441145,25.97941123180588,-20.503137891314566,7.267844116301358,-43.00859647475142,59.615473160463104,263.4388566707209,-914.0319580371252,455.814913417648
2025-09-01 23:43:50.970875,100.85089300937533,52.00349382363846,10.296306151458761,-35.01602676046368,54.90794329192851,-4.469985494665485,30.53328030073782,-28.63712646010022,59.8030415457123,262.7680340196935,-912.7316052597366,450.76871884741684
2025-09-01 23:43:50.985500,142.38418405552525,82.84724271742417,29.686692007867627,1.7384125494650613,84.52768948421084,14.528124012496372,54.452383879922046,-13.871068628607238,60.215262872101825,261.92760279479745,-911.2461117902388,447.3782675603278
2025-09-01 23:43:51.000125,177.56222575543205,111.94531564352113,48.96714367406122,36.36553684133165,111.40055635063494,33.74903978199348,75.84127362133613,-0.6326953114835052,60.81094284003156,260.97929684798197,-909.7390150792431,445.7256581273658
2025-09-01 23:43:51.014750,203.42909408950223,135.83995435326773,64.9514511400761,65.02690746558851,131.85572763298663,49.93670139947085,91.22861860629112,8.945843376671117,61.53882885228981,260.04680930377884,-908.4044384391851,445.6212378780621
2025-09-01 23:43:51.044000,217.93999695963282,151.2985935749579,74.43753165740975,84.28771182452341,142.53054431763562,59.85285581114279,97.46235781958737,12.849452386323815,62.34618931768768,259.3105212726899,-907.4275554966005,446.71847835510914
2025-09-01 23:43:51.051500,220.13037083510744,155.8327347617556,74.82626891020023,91.58675565275779,140.951429728213,60.90893753600596,92.40778249026577,9.58230945219154,63.170685361606594,258.9756061993078,-906.9390070531643,448.6210872960939
2025-09-01 23:43:51.059000,210.23627865886687,148.26664957510857,64.7716430632241,85.76603924467635,126.14784091795029,51.806418340593616,75.52446240880491,-1.4061539135999954,63.929260580378745,259.2136644966016,-906.9897269839157,450.9237141856403
2025-09-01 23:43:51.066500,189.77704772972646,129.15772909474947,44.648453399619314,67.46777169577383,99.08861895366547,32.966305131226555,48.12250124082508,-19.440312192126402,64.52582058397766,260.10517739324433,-907.5533273804458,453.1887915786898
2025-09-01 23:43:51.074000,161.41218459821394,100.78676927341402,16.594040608034636,39.058968675506314,62.63991919901196,6.5150441944254105,13.182963617371026,-42.659538373907246,64.87791193846641,261.61480463485526,-908.5405073154561,454.9210364466438
2025-09-01 23:43:51.081500,128.4898760075785,66.6366896848657,-15.97660420647272,4.032935176615224,20.95967325847104,-24.23390565026408,-25.261342290068182,-68.4210517805743,64.94341329248057,263.6066865483632,-909.814725816535,455.64007414117754
2025-09-01 23:43:51.089000,94.43092068529508,30.56798964840303,-49.23141205266099,-33.83427572594897,-21.448099314833172,-55.62223752433991,-63.0165081441039,-93.92846509479949,64.73540777045633,265.8802609482584,-911.2091815845794,455.0729841456226
2025-09-01 23:43:51.104000,62.18360758563119,-3.9672977342611717,-79.80062661553927,-71.21635469660303,-60.637847139807754,-84.47022581742978,-96.5689829125568,-116.8296553693085,64.32427067707764,268.2066669173049,-912.548062674519,453.3040930656708
2025-09-01 23:43:51.119500,33.93713357929311,-34.37928121182908,-105.30340274025703,-105.59615120681977,-93.74673859830773,-108.54540536494703,-123.55661176309664,-135.53280929504368,63.822795318781395,270.3626719624052,-913.6744154933999,450.71180137317367
2025-09-01 23:43:51.135000,11.149934082792614,-58.96446920634469,-124.38102352024305,-135.1936746653542,-119.0284997797155,-126.55898090642805,-142.75398442689982,-149.16021663551385,63.35454073198464,272.16376058759147,-914.4775596507046,447.76265431485643
2025-09-01 23:43:51.150500,-5.21457642010852,-76.67084894325085,-136.4221942557155,-158.6514089849354,-135.58837517565,-137.88054892992375,-153.74989156439588,-157.2921149981476,63.022030626645694,273.48941058960736,-914.9066328843692,444.89410766682494
2025-09-01 23:43:51.166000,-14.44325841616002,-86.87307775397049,-141.27496426132262,-174.7633296173253,-143.11239018870458,-142.26344933653453,-156.61009805412343,-159.7326305275481,62.891608335331405,274.29182348909944,-914.9678874725664,442.56218148085367
2025-09-01 23:43:51.181500,-15.96708669702031,-89.26482329358691,-139.0571398772422,-182.40221608789466,-141.70156178758393,-139.6875110002179,-151.66054216939582,-156.3943372971537,62.992794189480584,274.5890148184953,-914.7150967244327,441.2954732546117
2025-09-01 23:43:51.197000,-9.403415285491269,-83.80652272153407,-130.01003829415978,-180.60665612051596,-131.74742054402012,-130.25767379500206,-139.3441619921948,-147.25241205708008,63.31937676405887,274.45233523077627,-914.2397194309962,441.6042715658904
2025-09-01 23:43:51.228000,5.3200813612216145,-70.70092322653058,-114.40577699207863,-168.75133913374628,-113.84607811623384,-114.16399526613361,-120.14035131370474,-132.35454332406186,63.82801224887983,273.99544956957004,-913.6562468159393,443.7676556367488
2025-09-01 23:43:51.238750,27.79006861239032,-50.47596713407059,-92.63581622528517,-146.81927722823883,-88.86452377676422,-91.81575141624289,-94.65904013930309,-111.97287196529275,64.44236591976752,273.36028656003765,-913.0760294051031,447.63697640003204
2025-09-01 23:43:51.249500,56.90018319716885,-24.20967279057953,-65.52086064898684,-115.76968251300455,-58.18812571221927,-64.15777334188708,-63.94946211145926,-86.90771293337137,65.07000168977635,272.69413627373217,-912.5776153493496,452.59442463590665
2025-09-01 23:43:51.260250,90.71325570256681,6.2472703939833965,-34.65070952348833,-77.79856285887998,-23.970985581798168,-32.95975908404186,-29.83109065983326,-58.75302562500191,65.62726689677007,272.1229180985525,-912.189579243429,457.72533074013853
2025-09-01 23:43:51.271000,126.51809790882,38.25398542116863,-2.4916142436891118,-36.250998523425686,10.835852863189466,-0.8415996386121138,5.010641887236858,-29.899712934338773,66.0597620995425,271.7305353119245,-911.8919012626658,462.1393502323662
2025-09-01 23:43:51.281750,161.08270804851165,68.60478876851228,27.81526106199076,4.7857327782370955,42.72670226911847,28.99187608947755,37.22808330143605,-3.2470999096037936,66.34897880884166,271.54932375508747,-911.6335330297711,465.26757896736115
2025-09-01 23:43:51.292500,190.996896197958,93.88167103254936,52.84977184959084,40.97758854258364,68.04129444823441,53.16195650633243,63.21056987303537,18.224956009701433,66.5050482265287,271.5613973320928,-911.3587163137149,466.9417635180499
2025-09-01 23:43:51.314000,213.04448217250584,110.86391081728932,69.39453310510955,68.22634765010855,83.44140919667917,68.57603855076454,79.59411372229322,31.892210313724902,66.55439303584926,271.70858008184655,-911.0285634577311,467.21126701107903
2025-09-01 23:43:51.322375,224.63671627518997,117.02966705123973,74.98856299235966,83.22050123292182,86.47536411336209,72.95376723264174,83.85268670736329,35.92806034869374,66.5298944289965,271.9087842077634,-910.6294730300086,466.0985374012922
2025-09-01 23:43:51.330750,224.30382438248958,111.13539036693831,68.51699765700718,84.07513210428273,76.1870127565174,65.39208624985817,74.8940806247271,29.7469732464743,66.46207952909435,272.0756731227193,-910.1718274966827,463.53682871678814
2025-09-01 23:43:51.339125,212.10782252874338,93.68174977272469,50.65514197383088,70.85878538632686,53.561433063621244,46.769490326742115,53.48929232395441,14.293068167171116,66.36882627926927,272.13452696376174,-909.6840603783211,459.51002599017386
2025-09-01 23:43:51.347500,189.76333007913772,66.98468813989204,23.905616655255976,45.695718510387614,21.5312353491574,19.72270469886978,22.313173307834834,-8.042750188821536,66.2486537177291,272.02871675578047,-909.2064408757932,454.2128510242791
2025-09-01 23:43:51.355875,160.3352800180743,34.70698928256598,-7.9064712588281925,12.293704903304532,-15.588174906336075,-11.907588023150232,-14.568260745156765,-33.93557730472656,66.0832636277922,271.72117251633176,-908.7904753048974,448.06118402500476
2025-09-01 23:43:51.364250,127.58791722317513,0.9886256499016182,-40.54320124245329,-24.945314324618252,-53.07792784790115,-43.98438863724252,-52.64309427859778,-59.90293207087301,65.84795066764781,271.1988441541897,-908.498994871562,441.54426997451526
2025-09-01 23:43:51.381000,95.23582024672523,-30.461750513487022,-70.29891661454594,-61.864663863801795,-86.81828029734467,-72.96319050203176,-87.88429062757129,-83.04506388026849,65.5239668589844,270.4792690964201,-908.3946599247773,435.0593001822639
2025-09-01 23:43:51.391500,66.37671863966531,-56.9382112035424,-94.58671041617916,-95.17005404934908,-113.90985787521305,-96.40703166504171,-117.26700102984069,-101.45007836373433,65.10674111991486,269.6118294517799,-908.5182503078564,428.87184751426105
2025-09-01 23:43:51.402000,43.25390426822823,-76.82386620838321,-112.00455677649116,-122.5650056751729,-132.7524620096867,-113.00933757214399,-138.82808372703167,-114.15714925654704,64.60792207531188,268.66880413584533,-908.8689615207727,423.2088325328033
2025-09-01 23:43:51.412500,27.275934268627964,-89.36456778992941,-122.05574121279977,-142.5678249632407,-142.76646821182564,-122.31389531652121,-151.4921116009476,-120.86510101811845,64.05562707890721,267.72581473605635,-909.3966209855182,418.36285812469043
2025-09-01 23:43:51.423000,19.110070139601447,-94.41325481715171,-124.82639682896009,-154.292809690763,-144.07393926096807,-124.41939023080901,-154.89812436603313,-121.65782541478788,63.494059652678466,266.83743062301835,-910.0121678011875,414.7025101361545
2025-09-01 23:43:51.433500,18.77153996518937,-92.24883760447612,-120.7476561748472,-157.29529895252801,-137.26692394779192,-119.7705694014252,-149.2821270085878,-116.83579519125105,62.973520212314085,266.02075170302777,-910.6128542469816,412.5930962996423
2025-09-01 23:43:51.444000,25.758898995241427,-83.40721667951328,-110.39784636290563,-151.43270840404594,-123.1918968804393,-108.97306535075597,-135.34372590762482,-106.81417940946905,62.527759346987196,265.2560858801482,-911.1064232718796,412.2931491702126
2025-09-01 23:43:51.465000,39.23364778636883,-68.52594022228469,-94.35912588955996,-136.77977755290127,-102.74746131757671,-92.64450675498215,-114.10314636640443,-92.09034113910472,62.153517369441545,264.50091767691157,-911.4250108107569,413.8773683994863
2025-09-01 23:43:51.472875,58.12084528999193,-48.33081676092405,-73.25186349553628,-113.72801361558581,-76.8604758033142,-71.44051020351196,-86.87029594070985,-73.31333571424118,61.81048463108316,263.7078789571362,-911.5340559141175,417.20634657887797
2025-09-01 23:43:51.480750,81.03545619633836,-23.838061628501773,-47.993254796723186,-83.30356690800257,-46.735339991027146,-46.307952614350306,-55.38503058078656,-51.449833364450825,61.44712343579939,262.8417742940272,-911.436950997978,421.94348508637097
2025-09-01 23:43:51.488625,106.08466281468843,3.367599876447564,-20.113608942678326,-47.55427363995906,-14.179509328805304,-18.782681518907285,-21.99002377474049,-27.965241533595986,61.04140542361896,261.8953480294684,-911.165335444022,427.6080415761372
2025-09-01 23:43:51.496500,130.7265563365955,31.052347640723664,8.168750402047962,-9.71352384613085,18.32353567779544,8.95903610876402,10.426670691112582,-4.829543261242547,60.631083850105725,260.902338664368,-910.7560480048313,433.6400429772731
2025-09-01 23:43:51.504375,151.95887581937765,56.637658930862834,34.310581422062455,26.188505643259514,47.94364365719176,34.45072536048471,38.905838625989794,15.828685595419119,60.310020396483516,259.9413880852012,-910.2344350430593,439.44596303828405
2025-09-01 23:43:51.512250,167.021482833109,77.83832375235386,56.138617685039776,56.33561971008933,72.15081800795109,55.58103633119718,61.21776520015715,32.34455949526386,60.1933466048412,259.1248908749485,-909.6182071803372,444.43704418267214
2025-09-01 23:43:51.528000,174.38604027175708,93.3304262852676,72.49557252042064,78.3162342845867,89.42428151672054,71.19869953595159,76.56352120515744,44.05758380728732,60.37485166306798,258.5736692007512,-908.9337228907871,448.105398145152
2025-09-01 23:43:51.539250,174.39153707712282,103.04670156833576,83.43211646046262,91.79009718791856,99.6203572762689,81.29655913566515,85.67292249918981,51.38819903799028,60.89318927862349,258.38275865506137,-908.2262068922868,450.1121682399777
2025-09-01 23:43:51.550500,168.98196247527363,107.89385180890304,89.81744063350072,98.18975181384185,103.70354433557797,86.65284819624716,90.17341665719482,55.37484544547707,61.715763743367766,258.5888832142331,-907.5565859607179,450.3202833422705
2025-09-01 23:43:51.561750,160.66518239318236,109.08805329596669,92.64913946960081,99.6343797519852,103.01795304639998,88.21159527938357,91.64934088746445,57.007500292759545,62.75147973507587,259.1603640210734,-906.9940531868567,448.7864359255893
2025-09-01 23:43:51.573000,151.40224945346458,107.53885787098997,92.50775877609405,97.7684510087305,98.6109145611703,86.61328204129174,90.96849370462272,56.79063285763911,63.88767357831868,260.0210680607188,-906.6122803171878,445.77546935789826
2025-09-01 23:43:51.584250,142.02524789890654,103.54904931870772,89.36746137325154,93.1460266778315,90.92122904538098,82.0316869652997,88.10602673180982,54.665529164916215,65.0238628456736,261.08727663188,-906.4846978938307,441.7909611797362
2025-09-01 23:43:51.595500,132.2448363944341,96.80941235870063,82.67717903386556,85.22899873239508,79.78499781691556,74.21135849414216,82.31624839143171,50.1388199432761,66.08568789059946,262.2883392481585,-906.6736802863455,437.5354963976109
2025-09-01 23:43:51.618000,121.0234007911782,86.59287507222831,71.58915477694562,72.77332058452575,64.64441051813354,62.61308023985855,72.46635232089328,42.48934830497915,67.0259216226165,263.5681861450599,-907.21752787829,433.7538928990979
2025-09-01 23:43:51.628875,107.12237733744712,72.11926939599316,55.32583399943964,54.45023420911433,44.9381334893385,46.705291572905004,57.49714356674484,31.06946569875049,67.8193711630883,264.8808314377793,-908.1226553061654,431.03377106082775
2025-09-01 23:43:51.639750,89.68977940429828,53.03586710642205,33.66826407180998,29.5886623412996,20.619540995496383,26.407110449451185,36.982468254719535,15.701714938536949,68.45303771983225,266.18654260299263,-909.3635024194974,429.6929320082271
2025-09-01 23:43:51.650625,68.74747667474857,29.829629956480144,7.387705541003677,-1.1847893925258066,-7.392612845731141,2.4967484459369382,11.595386847774312,-2.9805961155012883,68.91744517494303,267.44505041645675,-910.8859366581089,429.80710240393785
2025-09-01 23:43:51.661500,45.42992189453673,3.967552158359138,-21.61595850095913,-35.67730060530544,-37.06067392221155,-23.25904626642694,-16.756637721621022,-23.439490695779114,69.20471175124558,268.6031276777171,-912.6101336181722,431.29088789691957
2025-09-01 23:43:51.672375,21.88918266955753,-22.2559407445166,-50.52005302262837,-70.34185359275449,-65.43425433805464,-48.2989083756874,-45.162974855300384,-43.415885086677356,69.31122710682396,269.5853615808156,-914.433565497998,433.93322945272973
2025-09-01 23:43:51.683250,0.9127037507081985,-46.0292253257207,-75.98754534767421,-100.85322803906853,-89.09368892456723,-69.63823528317955,-70.15485593383987,-60.2742721638493,69.23877895955698,270.29948448775696,-916.2357522024629,437.40716521154184
2025-09-01 23:43:51.705000,-14.612422329080902,-64.41038469646072,-94.66006677234468,-122.86259458641291,-104.70075869970154,-84.31261384977132,-88.24754651969579,-71.41785524397903,68.99240495362385,270.654707707156,-917.8858835413813,441.31364485385524
2025-09-01 23:43:51.720375,-22.278764748564658,-74.82493301547005,-103.73676643532767,-132.82305545437893,-109.62380555920566,-89.91065103314445,-96.57089728543748,-74.770478965933,68.57909856550407,270.58116420083144,-919.254511219304,445.26382672329544
2025-09-01 23:43:51.735750,-20.70283018703607,-75.6594309240668,-101.60988947941755,-128.78091068128978,-102.58700017018994,-85.16710534865668,-93.53155463116155,-69.282843485586,68.00888834623021,270.04282647729315,-920.2287617788149,448.9377898961603
2025-09-01 23:43:51.751125,-9.907193068888848,-66.75531882280416,-88.3452562847278,-110.89656779896276,-84.13751366799254,-70.40400268560403,-79.28169869582958,-55.28249451794254,67.29623637918513,269.04458287190323,-920.722520488199,452.06842962443386
2025-09-01 23:43:51.766500,8.600231682295343,-49.56641412878318,-65.76933493319342,-81.47018192265331,-56.69547750889972,-47.593655005912964,-55.77663058698006,-34.49835825272114,66.4631348664164,267.63348524705435,-920.6712267050575,454.40410067567666
2025-09-01 23:43:51.781875,32.0605313851559,-26.947479598029453,-37.1757589804704,-44.52619568703787,-24.17969435258193,-20.05512775227908,-26.460961242353843,-9.79580793337548,65.54497708550504,265.8913672451776,-920.0225887520492,455.7197940505411
2025-09-01 23:43:51.797250,56.874423096338916,-2.7248544289321397,-6.836838357913011,-5.210859013337839,8.59262237399511,8.045311200855792,4.23702260656001,15.241790427313324,64.59524089717333,263.9205191339209,-918.7456642518764,455.8878763447014
2025-09-01 23:43:51.828000,79.06324494735887,18.842560945960805,20.596091789608394,30.863608601554937,36.58479291170349,32.302745921852,31.5374411834296,36.837805672282634,63.68482761751169,261.8283624737295,-916.854695645559,455.00502123168343
2025-09-01 23:43:51.839750,94.79245362707032,33.72891589933338,40.81275370630362,58.38891785856403,55.29948748573886,48.78481223298562,51.05462537360576,51.6267286496059,62.89361441545273,259.71475734508374,-914.4248291640685,453.49940267187475
2025-09-01 23:43:51.851500,101.01041593012542,38.92343667023425,50.603784404634055,73.26592126986493,61.603186852357744,54.75795654354504,59.53467221724573,57.217298988484906,62.2948045370168,257.66708259430516,-911.5936657715773,452.08680808294696
2025-09-01 23:43:51.863250,96.04756002516815,33.10245400894989,48.465182104985644,73.3879583261273,54.392402910744494,49.23118197565158,55.40476107669024,52.580697576102764,61.94183482666042,255.77391914520044,-908.5644235613162,451.54966453668305
2025-09-01 23:43:51.875000,79.84674867392661,16.84143778727665,34.837701437205816,58.89709437799803,34.757832771511744,33.112747782153555,38.99653557722626,38.192998797959504,61.86943748949249,254.15374420135893,-905.6149253815461,452.44719095025755
2025-09-01 23:43:51.886750,53.7252385436406,-7.753654206743721,11.85581262358179,31.803918080916127,5.528331720236781,8.877526768567465,12.353868320706766,15.868770101549153,62.10393174765574,252.9694150904858,-903.0870305455516,454.9017019508809
2025-09-01 23:43:51.898500,19.898119057914208,-37.774716780480894,-17.328534920618,-4.745236474330901,-29.5760469893804,-20.162512313183072,-21.35471605921174,-11.722480361189238,62.66662939191478,252.40748254791166,-901.3379288962188,458.53261517826184
2025-09-01 23:43:51.922000,-18.999384427278265,-70.25813759634894,-49.36008066000775,-47.20577561033787,-66.81720669591782,-50.68246446240546,-58.59189560403783,-41.6761875064593,63.56500518414681,252.63448126266658,-900.6724432895804,462.5161393840773
2025-09-01 23:43:51.930000,-60.273854446760296,-102.66776050007061,-81.27149432043957,-92.1461637482034,-103.02664195728691,-79.89991508606637,-96.03684265645839,-71.31559876614928,64.77882410798628,253.75278496193656,-901.2860050522949,465.7546957652115
2025-09-01 23:43:51.938000,-101.35178296909595,-132.99661343472488,-110.65690877901197,-136.43078313843617,-135.7660105661054,-105.68175900986192,-130.80272234216068,-98.33475382293261,66.24871931338025,255.76516823142885,-903.2247172674784,467.163424456366
2025-09-01 23:43:51.946000,-139.77901347665113,-159.61392401123163,-135.53353706660533,-177.1460082963167,-163.17733894419894,-126.34361782412886,-160.3706007917598,-120.70415131322268,67.87099080564859,258.54929650086325,-906.356540390886,466.0048663449362
2025-09-01 23:43:51.954000,-173.15560004963382,-181.10023435021898,-154.16753505917575,-211.47545739437632,-183.77599489369294,-140.44751966101003,-182.48308607508716,-136.55776587604527,69.5018973521545,261.85048957024105,-910.3635960334341,462.12899380362586
2025-09-01 23:43:51.962000,-199.16017114426097,-196.1880155376882,-165.03252388324677,-236.70825314989946,-196.3313625349362,-146.75694763904542,-195.17254826411803,-144.21386241188748,70.97426508797034,265.3058683780409,-914.7764346623718,456.0300227602414
2025-09-01 23:43:51.970000,-215.73044901480628,-203.77412890806065,-166.8803990751782,-250.41919018282087,-199.83071536838068,-144.29787343850782,-196.94163128077986,-142.32058098603292,72.12404285764339,268.50011774039206,-919.0497570563618,448.7208956856165
2025-09-01 23:43:51.986000,-221.3464841226421,-202.988688596936,-158.87466945541325,-250.7639110256169,-193.53095569624546,-132.47242825506262,-187.0094731283883,-130.06311531652509,72.81860631291883,271.0364329502861,-922.6522591194778,441.45966866425863
2025-09-01 23:43:51.996875,-215.34195388624022,-193.38743730338948,-140.8111037878434,-236.86233860199945,-177.17325572745654,-111.27257094973433,-165.52785586204496,-107.43595297884337,72.97776572152434,272.6017826596655,-925.1450010710386,435.41821441160835
2025-09-01 23:43:52.007750,-198.18771955557068,-175.2843835828341,-113.42688933979568,-209.22584177433308,-151.35554926253974,-81.59704362867619,-133.73594842509596,-75.54956909351164,72.58109922025501,273.0094243759775,-926.2390551790912,431.4275805336589
2025-09-01 23:43:52.018625,-171.6387112217896,-150.05325106068193,-78.63843991949616,-170.02288774006362,-117.83771889098624,-45.490314036663946,-94.01491686221705,-36.77644338899224,71.65968414656258,272.2123416292646,-925.8271674154206,429.86741760220264
2025-09-01 23:43:52.029500,-138.5867032727879,-120.12339099740119,-39.452612995689755,-122.91105048045392,-79.47652093547121,-6.041739514686634,-49.70395979270707,5.478782815697412,70.2786088412067,270.295412945951,-923.9835928939301,430.67822799464614
2025-09-01 23:43:52.040375,-102.56035073751477,-88.54874350144578,0.5519599622205194,-72.37448930533861,-39.71117256331604,33.1491022324645,-4.585931332866072,47.38578195460588,68.52305900221013,267.45594501785774,-920.9361432337578,433.45104437772613
2025-09-01 23:43:52.051250,-67.03648843514193,-58.30724799855164,38.00036056423258,-22.798356815110125,-1.8133363998131433,68.76373666623545,37.83007168147322,85.45797848685085,66.49374658704217,263.974201857257,-917.0228121468244,437.56365432294587
2025-09-01 23:43:52.073000,-34.86813261784982,-31.656386723113005,70.4209294680162,22.34128642273434,31.76681091976335,98.47063627131372,74.94457343974962,117.2031954779184,64.3055762403596,260.17500345863,-912.641961381461,442.35527493021067
2025-09-01 23:43:52.083125,-8.01829344788923,-9.834235265168886,96.56432530728358,60.839377671964634,59.675817328676935,121.22450147358624,105.35421540254153,141.40997699435104,62.08394522590572,256.38606235407065,-908.2028034417727,447.29838605372163
2025-09-01 23:43:52.093250,12.433091561769306,6.798387626748308,116.21593594467681,91.59475082191621,81.45679968471396,137.04048280302555,128.6874881890965,157.95408356158697,59.95861660109457,252.89973855698972,-904.0868597644625,452.0593305000777
2025-09-01 23:43:52.103375,26.081646562093773,18.307335925936357,129.6328474291144,114.12206022420082,97.04263858892293,146.408397786414,145.10505949159804,167.24255348075772,58.05334620982398,249.9464572599604,-900.6248443753601,456.43399261092094
2025-09-01 23:43:52.113500,32.85713051307643,24.7282360140223,136.96523274676974,128.08992813420394,106.28890848882449,149.7214069778929,154.75657867328584,169.6599949171057,56.46910056518717,247.68578872572886,-898.0788294265589,460.31018271633724
2025-09-01 23:43:52.123625,32.77643681711784,25.92319027612205,138.06043217919054,133.21194082481693,108.86016544458107,147.09076219242417,157.54824306623297,165.40609846642425,55.26718328861532,246.20819191081316,-896.6221231508657,463.71142347092825
2025-09-01 23:43:52.133750,26.012618065583524,21.834067636615746,132.7592475248318,129.5367552528235,104.5270629867273,138.6266747298273,153.3658572952257,154.77398989675464,54.46347610096857,245.53494701155577,-896.3224485125835,466.78490042026226
2025-09-01 23:43:52.154000,13.140030348400783,12.874336362865328,121.38153581520545,117.78496113920299,93.6033704188169,124.88622549199266,142.5028850021267,138.5329525270823,54.03615293047742,245.61670149849934,-897.1344472318992,469.6679244988378
2025-09-01 23:43:52.165250,-4.790279003713176,0.09001784182127998,104.97489802406072,99.34962194017183,77.13804831856812,107.08012022990695,125.88467153878018,118.04862495077506,53.937607853357356,246.3408067454886,-898.9037150538863,472.3458562491875
2025-09-01 23:43:52.176500,-26.444593317018715,-15.048343616257323,85.16674740067994,75.96603066513167,56.72512596476844,86.88690463760318,104.94375245928032,95.06857810773957,54.102144737977916,247.55106431351882,-901.3836829471829,474.6260004751634
2025-09-01 23:43:52.187750,-50.44761179899584,-31.012006975432303,63.82784581214448,49.389717361010945,34.17130339878908,66.09087659363838,81.36843312718113,71.40553703556397,54.45071256271007,249.0733509782385,-904.2633622277913,476.2501243179706
2025-09-01 23:43:52.199000,-75.46215328981327,-46.460017196878695,42.81099528214212,21.311290951958412,11.296064487704156,46.32203962369615,56.95668812412611,48.745051911192945,54.89811636260942,250.73857284167934,-907.2033653886152,477.0689158387703
2025-09-01 23:43:52.210250,-100.18228179109798,-60.36023836592822,23.751826068491223,-6.641865427374616,-10.195276454311127,28.89304761548589,33.49558352084131,28.52914927704511,55.36402539889125,252.39910128234823,-909.8793621633322,477.13592093803265
2025-09-01 23:43:52.221500,-123.42993369564702,-72.1345969869186,7.798545584367906,-33.05914151055711,-28.961173637095925,14.589055675725824,12.494445286090441,11.768805038003592,55.78377229924397,253.94089492253744,-912.0273354733552,476.63921323757666
2025-09-01 23:43:52.244000,-144.34287597567877,-81.8016735660975,-4.655401839044218,-57.012752048193,-44.330823255345905,3.467558419659234,-5.137475065932175,-1.1597054711309704,56.11334737254249,255.29289310433924,-913.4760935207687,475.7558559826683
2025-09-01 23:43:52.251500,-162.4632314118471,-89.92572862253296,-14.00090439669523,-78.167134501724,-56.38636632456873,-5.102846386401595,-19.2012355020484,-10.535141853381766,56.32725554538151,256.42858809592036,-914.1557289760258,474.55632087569927
2025-09-01 23:43:52.259000,-177.6075858618163,-97.27308113410817,-21.08419698966087,-96.55148844468808,-65.66265920935399,-12.059086289505235,-29.978825140192676,-17.033229931529505,56.41423498009703,257.3571191199803,-914.0887057653122,472.9772284052648
2025-09-01 23:43:52.266500,-189.59466575352735,-104.32272322481157,-26.675091183323485,-112.11044894844785,-72.62941679411321,-18.107454456571077,-37.816777695925424,-21.321804943026688,56.37735052655642,258.11021070614083,-913.3785092383582,470.8434656644614
2025-09-01 23:43:52.274000,-198.0434990837481,-110.94557068682028,-31.07869781509984,-124.3760694715414,-77.32526934139574,-23.393693553656902,-42.83414419585677,-23.77864888269431,56.239216335261304,258.7319063070098,-912.1989309560147,467.9597257691622
2025-09-01 23:43:52.281500,-202.42717164300169,-116.47789518478524,-34.14081850748633,-132.53927629652307,-79.40215544878068,-27.58876550776831,-44.96170299830805,-24.507955016794586,56.04613328911065,259.27380249965495,-910.7754320839857,464.23544614223204
2025-09-01 23:43:52.289000,-202.36726314804025,-120.13626648727795,-35.59596549497051,-135.8897515862635,-78.51747028350586,-30.288075158257012,-44.247833530356075,-23.597849030670332,55.86621125948124,259.7937934445649,-909.3523799526974,459.7285085344266
2025-09-01 23:43:52.304000,-197.95667017739365,-121.49864808120118,-35.47623574507385,-134.32037014390156,-74.76725607835193,-31.428047135294698,-41.1701221734923,-21.39716194231059,55.7819141320527,260.35120171832665,-908.1512154976161,454.57526936170086
2025-09-01 23:43:52.315250,-189.8782151031583,-120.7435476900707,-34.27894238761956,-128.54413523339204,-68.84285335247469,-31.431846756745493,-36.69227927255653,-18.58189302096171,55.876508766537285,260.99320202538803,-907.3340645399904,448.9250184444644
2025-09-01 23:43:52.326500,-179.23008785653093,-118.50545911815318,-32.7743004361139,-119.86138944599092,-61.79530766974459,-30.987760457574502,-31.985968169815635,-15.937262901456405,56.21337494658102,261.7364891152738,-906.9856222356517,442.9773393593713
2025-09-01 23:43:52.337750,-167.17758000033555,-115.49245583297022,-31.623711353712878,-109.64464406084446,-54.59199564624611,-30.658466399316936,-27.998478386983244,-14.018091763088574,56.81614095999676,262.5544560091643,-907.1149244578401,437.0595234503654
2025-09-01 23:43:52.349000,-154.65268982763303,-112.14852795295079,-31.09190650669626,-98.88376503165473,-47.776146213507474,-30.6186124725191,-25.13651320417837,-12.929455790642226,57.66309734485482,263.3788810545895,-907.6692158744731,431.6307753515699
2025-09-01 23:43:52.360250,-142.19933961320064,-108.48151650720534,-30.94542515030832,-87.96761961707263,-41.34199832601821,-30.590448011644842,-23.155051784953116,-12.299346913837862,58.69795344734481,264.1170225174912,-908.5518293346593,427.19859013128973
2025-09-01 23:43:52.371500,-129.9066420685907,-103.99979484239205,-30.450363517514678,-76.6431476182166,-34.72414673874233,-29.856060727180573,-21.187708799574278,-11.348924987719647,59.845115644294104,264.67731669062437,-909.6411039257146,424.2130676992553
2025-09-01 23:43:52.394000,-117.41418567716214,-97.74940834518853,-28.44575321570419,-64.09987630914033,-26.866128490444325,-27.321249401321737,-17.908823950624218,-9.01086839365274,61.020722679102946,264.99643099023564,-910.8084312313742,423.0120900827621
2025-09-01 23:43:52.401750,-104.07747966352804,-88.55737360774604,-23.591864054127765,-49.25769437132132,-16.49116132459826,-21.75245050948852,-11.882543032882253,-4.1641311484376065,62.14208271263225,265.0600389565284,-911.9313821205163,423.8299843700462
2025-09-01 23:43:52.409500,-89.32666814595311,-75.516432468089,-14.836723080288818,-31.283349193488682,-2.626356765742367,-12.23675858564201,-2.0704671506912486,3.986982790017301,63.13795477819268,264.90723876648383,-912.9026988281347,426.78623588645894
2025-09-01 23:43:52.417250,-73.09573057521025,-58.5107308718846,-1.9291929331604152,-10.131829310113794,14.827749739741103,1.31850891769824,11.692021737196175,15.5284168229971,63.95506719835884,264.61693849192386,-913.6423230034468,431.7909155524118
2025-09-01 23:43:52.425000,-56.11676943682975,-38.4857174585728,14.29040096787957,13.172481635243834,34.79681638721844,17.924658929576633,28.471780243758023,29.636037997289375,64.55919012271484,264.2868869274564,-914.1123910658409,438.44448028018985
2025-09-01 23:43:52.432750,-39.926345784784225,-17.366580729645644,31.920727228250907,36.60854475599779,55.12476085796603,35.580566669415525,46.312664728368176,44.61671609403628,64.93612691639689,264.0139427295785,-914.3240033262608,446.04611085541376
2025-09-01 23:43:52.440500,-26.596335116368774,2.245722423918621,48.25655962175413,57.46270149503169,72.93905807090913,51.55941227715272,62.49961720532692,58.12697632417449,65.09579636699895,263.8757118613164,-914.3306519800874,453.7259981841227
2025-09-01 23:43:52.456000,-18.34113242146888,17.475355859398892,60.18747108658829,72.72895035374655,85.13329070493411,62.81845372781908,73.93996662593689,67.51865582952286,65.0755766368641,263.91403671749646,-914.2160370616511,460.63927046258016
2025-09-01 23:43:52.467375,-17.113701922518135,25.66421143791204,64.74589770938168,79.60355430782269,88.93087488134854,66.54199114203021,77.68974101350034,70.31520760962617,64.93522708397964,264.12673128047606,-914.0804909622852,466.1195872299842
2025-09-01 23:43:52.478750,-24.19545576578076,24.959852842945793,59.789810001181536,76.10243488058703,82.5254100128102,60.799885726697205,71.62991303753692,64.78946616000967,64.73932797625312,264.4725388225956,-914.0193000062836,469.73009823445653
2025-09-01 23:43:52.490125,-39.79916299072718,14.856675669754408,44.653948709723934,61.666883629812105,65.65629933427526,45.15149183106251,55.14103614678403,50.4953006511299,64.53530241320254,264.88331299628203,-914.0911950545101,471.2838902437969
2025-09-01 23:43:52.501500,-62.80122307323126,-3.538431697451131,20.506975933378097,37.505392859119404,39.890990205438996,20.946119085641335,29.501525539281015,28.53971006602598,64.34180939693941,265.27369104686863,-914.291664660328,470.89825876311005
2025-09-01 23:43:52.512875,-90.74535172433562,-27.611481781195536,-9.72972404088902,6.534255704712916,8.49994934295852,-8.79977544831793,-2.185386286219309,1.4911865608889288,64.15269060823421,265.54799215933457,-914.5491114146106,468.99968118144955
2025-09-01 23:43:52.524250,-120.15889130646848,-53.63249414750936,-41.834750766458725,-27.032211827447345,-24.017112672235744,-39.86652139928869,-35.511371119212136,-27.00694945237981,63.94863905283794,265.6098715731927,-914.7459815905975,466.18585412455866
2025-09-01 23:43:52.547000,-147.1028447513059,-77.32347908743145,-70.975097926991,-58.331799706869276,-52.640722344540265,-67.50642770032057,-65.54380093415678,-52.82186108015583,63.70650423033093,265.37660950275404,-914.7523897439031,462.9921820293802
2025-09-01 23:43:52.554375,-167.8466906084949,-94.56727890835363,-92.55367593954391,-82.67254821303797,-72.7033247079438,-87.27574703796897,-87.68032253714833,-72.07563344228821,63.40261791348521,264.795589062673,-914.4618123497606,459.73713610825496
2025-09-01 23:43:52.561750,-179.55587477544861,-102.21563110077264,-103.12720768651874,-96.42707182447158,-80.82719795937993,-95.94281623196734,-98.48224000090028,-81.94532001732904,63.01356080854582,263.85842795605686,-913.823571587823,456.5445252815838
2025-09-01 23:43:52.569125,-180.81909308362174,-98.80656593415806,-101.16512195621789,-97.77139878519735,-75.68184990234555,-92.22537577522013,-96.37098336423989,-81.27336769714643,62.51691413427179,262.60847388358565,-912.8631760049838,453.44689244129466
2025-09-01 23:43:52.576500,-171.82162013223942,-84.86892259720925,-87.33219185700989,-86.95643693907434,-58.223683404109266,-77.02948724580358,-81.93077734322259,-70.73366985626359,61.889364380890534,261.1389114891847,-911.683111713813,450.4869894089769
2025-09-01 23:43:52.583875,-154.10401703822023,-62.617135693272004,-64.13113589313707,-65.98520938228211,-31.266799303164483,-53.044270735985656,-57.60789901600184,-52.476326565591116,61.10497657767147,259.57905368822475,-910.44586122035,447.80539512325174
2025-09-01 23:43:52.591250,-130.03057622327333,-35.17500472514478,-35.06048677027233,-37.87270708063264,1.4221659930970514,-23.868559131520755,-26.90969189616217,-29.411142115930037,60.143866900312254,258.0699172455159,-909.3431160442881,445.64346295459757
2025-09-01 23:43:52.606000,-102.1897112162369,-5.703156266784283,-3.6693461790877615,-5.817879661855371,36.10097395746787,6.944310257073979,6.507328642943772,-4.4391050488722,59.01099549268114,256.7382533518096,-908.5550739218314,444.24894891451794
2025-09-01 23:43:52.617125,-72.95798983620448,23.207071934890603,27.104063867135384,27.39629097460767,69.71251229773709,36.536453284788635,39.45479462754234,20.05935375415385,57.7501873734413,255.6801225353189,-908.2090598580547,443.7989741876398
2025-09-01 23:43:52.628250,-44.351093605309785,49.716663388885195,55.13168861508164,59.598592361561906,100.0578662369947,62.91334849684863,69.41786512907139,42.346240181779756,56.44305556478354,254.956503718605,-908.3510212294735,444.39563018362077
2025-09-01 23:43:52.639375,-18.062035013826236,72.63165644694492,78.98583645633158,89.11328408133748,125.64212745917123,84.78897120906986,94.5688695459886,61.21827039278334,55.19663776857933,254.5941684237799,-908.9405626089467,446.0781625394094
2025-09-01 23:43:52.650500,4.52456071623797,91.25040858067521,97.80383297359329,114.5955418215487,145.4927467245151,101.40372069332687,113.79964508681287,75.92800073551413,54.12612444155779,254.58476532240374,-909.8656560064546,448.8047101965918
2025-09-01 23:43:52.661625,22.408425266771992,105.22869673246853,111.1885224556127,134.96984629464768,159.0480507779174,112.4022902330399,126.70622319562814,86.15218654295042,53.33544718035954,254.8823326204308,-910.9630021740829,452.3966418760498
2025-09-01 23:43:52.672750,35.02684680759574,114.39097795272694,119.03742399337025,149.4388621201729,166.03491487910637,117.68276704817617,133.39581378875064,91.87213228806664,52.90109650639924,255.40441877423186,-912.0424250038152,456.45957257567136
2025-09-01 23:43:52.695000,42.21258366008946,118.53985927132524,121.33379587044934,157.5042414634487,166.3462975461479,117.23632288480003,134.20369698277193,93.19623081368756,52.86339288367662,256.04135618155254,-912.9213605871652,460.3439777705936
2025-09-01 23:43:52.706000,44.14454852361349,117.43769245808448,118.08638488669806,159.02871560543957,160.0550854323586,111.13888857016343,129.55449498733617,90.29491846102268,53.222866203639505,256.67648946137126,-913.4611256377183,463.23990528314846
2025-09-01 23:43:52.717000,41.38926407195975,111.04649409599253,109.52885723878641,154.39419412732573,147.63491619312973,99.77965427932484,120.08780207252376,83.52989302172195,53.940498374575334,257.2140629109103,-913.5897800481393,464.417212267727
2025-09-01 23:43:52.728000,34.9640231741969,99.89081619242818,96.45945689897228,144.66688490673067,130.24034850871476,84.17345904493658,106.91189278401782,73.66970928602663,54.94387590041324,257.6019774052777,-913.3068848540041,463.4779932308876
2025-09-01 23:43:52.739000,26.251338245444497,85.24759249726864,80.42118209258962,131.57009976138494,109.7569197015617,66.05756171512883,91.70197745357008,61.96184989211121,56.14016355908391,257.8383892674934,-912.6762258873609,460.4724075057901
2025-09-01 23:43:52.750000,16.72166577303466,68.95641276449382,63.488355584068195,117.19096777149262,88.47297266898867,47.597067908375294,76.45571976415945,49.910380928995814,57.43464636395881,257.9629691989163,-911.8131395911345,455.8535205483803
2025-09-01 23:43:52.761000,7.616337835256117,52.93125784534038,47.7123191446672,103.52277564083899,68.51636283697306,30.80823945351971,62.96559392804614,38.839053580246386,58.74724771360305,258.03972560279874,-910.8642589621694,450.3361778764412
2025-09-01 23:43:52.783000,-0.2440148724704637,38.6582085030057,34.52855171113483,92.01003908667356,51.34582427322059,17.003724491322252,52.28709892238852,29.491791761469404,60.01767273449047,258.1370737376776,-909.9772756815181,444.7354258144239
2025-09-01 23:43:52.794875,-6.481061202389967,26.944589035657525,24.4550198183162,83.29662091900776,37.54317183596072,6.557240078040441,44.52249464550455,21.906428326523532,61.20170571295182,258.30901789948024,-909.2708796305019,439.83553718625046
2025-09-01 23:43:52.806750,-11.084865725371206,17.981454275071343,17.19120174676472,77.26998484786704,26.957650261526624,-0.9311792909070542,38.99932922624068,15.58607828206833,62.26806563084046,258.5831509177753,-908.8188261636978,436.274637268475
2025-09-01 23:43:52.818625,-14.429078625538024,11.507547442792168,11.891822843523373,73.18007294809802,18.95383436638045,-6.310318800109454,34.573998240953514,9.746240391818338,63.19842166273718,258.9636549662575,-908.6516314801481,434.4175906637589
2025-09-01 23:43:52.830500,-17.448601754536778,6.86196072319197,7.352792011171508,69.60511132163055,12.50150452345345,-10.668342118742776,29.808247623629185,3.4573175480423015,63.987484255676456,259.44827912226737,-908.7660860082373,434.2847083099615
2025-09-01 23:43:52.842375,-21.695002154340823,3.049420625707984,2.1955828160617488,64.51321382952769,6.249379005317975,-15.168276170853888,23.15274730658434,-4.215220178620675,64.63991646065833,260.0442741725207,-909.1306077242427,435.59713579139896
2025-09-01 23:43:52.854250,-28.96727415983098,-0.9630046021009031,-4.749456869442351,55.77821092742692,-1.1350381829913492,-20.729226771257842,13.356833770988603,-13.929843802212108,65.16387256594999,260.77202509016394,-909.6886420259614,437.8631243531364
2025-09-01 23:43:52.878000,-40.665135242292905,-5.823616431721909,-13.987653773568976,41.9664168358932,-10.460340475031003,-27.656651189515927,-0.04096886724388668,-25.76373531965249,65.56602574913325,261.65844920197435,-910.3689820152276,440.44151803580274
2025-09-01 23:43:52.888875,-57.29032888013306,-11.566187614201173,-25.170268623833323,22.85320379050799,-21.717692361350128,-35.53169099038501,-16.509158133909448,-39.13854091431093,65.85286830892196,262.7249381833393,-911.0992319676528,442.6618732641658
2025-09-01 23:43:52.899750,-78.33315177265547,-17.721733022083537,-37.306728984005666,-0.6073533903842627,-34.18624985986582,-43.47530938915136,-34.755861949382535,-53.056157446526385,66.03696976595796,263.97429637399347,-911.8148958354274,444.0439884970653
2025-09-01 23:43:52.910625,-102.41074007210713,-23.58889059715151,-49.15523458389292,-26.63369979518077,-46.73670016641677,-50.54749580009093,-53.15190410311172,-66.42616405725839,66.1422523126043,265.38460403211775,-912.4686444128707,444.4904279967033
2025-09-01 23:43:52.921500,-127.42999811239333,-28.402512136960514,-59.500119911895645,-52.938515177472375,-58.04840694721053,-55.983689950936615,-70.02652269248497,-78.2365640293891,66.20255143838152,266.9137277291275,-913.0416907101035,444.3316699402289
2025-09-01 23:43:52.932375,-150.82466446911033,-31.435695409950903,-67.32758730626094,-77.03213282151472,-66.78514740398533,-59.28746127348078,-83.86464649758125,-87.61739281168431,66.25239992376677,268.5075947730597,-913.5461780988715,444.21966067419146
2025-09-01 23:43:52.943250,-170.02581569106542,-32.22272808016492,-72.06456681187893,-96.69386271974872,-71.92192756619211,-60.367903793454516,-93.6010033375083,-93.98856608010503,66.31543242938815,270.104316070978,-914.0161089551236,444.8968407957185
2025-09-01 23:43:52.965000,-183.0550546909862,-30.8472871818217,-73.83086025869144,-110.51081370722935,-73.13212367454346,-59.703740281154964,-98.94820270534635,-97.27410149344472,66.39757022611514,271.6349095238727,-914.4954050809512,446.90571810852646
2025-09-01 23:43:52.972875,-188.94001156447442,-28.03441177741934,-73.47379038256406,-118.16520048422424,-70.93468058478261,-58.31984436659177,-100.4875974373714,-97.9722040694092,66.48820584125905,273.0255343531388,-915.0204997697645,450.3839672024789
2025-09-01 23:43:52.980750,-187.74557873059433,-24.874065842987964,-72.23386072001212,-120.25549995011183,-66.42512499224655,-57.43042832435572,-99.35363272977352,-96.92594109203623,66.56757616043551,274.2009263629901,-915.5937708218676,455.05269540475535
2025-09-01 23:43:52.988625,-180.22121488734487,-22.253545159382263,-71.12978668333932,-117.69518092062485,-60.68979524870135,-57.850396728516145,-96.61160207979682,-94.85640380971003,66.61386816296283,275.08328719699637,-916.1631547635916,460.3281917076944
2025-09-01 23:43:52.996500,-167.30054543162595,-20.331880494484878,-70.40957379148584,-111.0370901075427,-54.253557187691555,-59.52138565450952,-92.69038577685815,-91.94133514286531,66.60570926966027,275.5870232223267,-916.6257776396302,465.4170536968903
2025-09-01 23:43:53.004375,-149.80780857644802,-18.441628464238892,-69.45726489968949,-100.20644170515207,-46.94327350088092,-61.50640945857484,-87.26623238091913,-87.75483676306771,66.5247786696343,275.62129588015654,-916.8554995982836,469.4147096532
2025-09-01 23:43:53.012250,-128.52737070526777,-15.505547270948647,-67.23229999161049,-84.83052516106352,-38.24998613644001,-62.486752942832574,-79.67387198656294,-81.62892479789085,66.36216241584683,275.1089633565157,-916.740966023577,471.51484273378804
2025-09-01 23:43:53.028000,-104.45962830044644,-10.667071964552822,-62.92246538240781,-64.86683720749603,-27.894749046144426,-61.42895117644352,-69.51738655140942,-73.1685614172126,66.12308308208958,274.0140874468017,-916.2192468767711,471.29009108505915
2025-09-01 23:43:53.038750,-78.97201792015694,-3.71631665579656,-56.37700730518671,-41.04048178777531,-16.183898625744156,-58.001905117018204,-57.04367744022899,-62.55956383667348,65.8262785630737,272.36237139640025,-915.2943296291776,468.88968171835216
2025-09-01 23:43:53.049500,-53.68790212421558,4.912849852322776,-48.09386645219193,-14.810253050974161,-3.9369998572311027,-52.54084515099405,-43.07100245123647,-50.502782819657206,65.50109170914416,270.2458635766685,-914.0349241969506,465.03737932800584
2025-09-01 23:43:53.060250,-30.179711197538342,14.46359505993645,-38.874452690153355,12.029573791888575,7.875824112749203,-45.69923146876091,-28.61377097248226,-37.898027021543754,65.18583267798508,267.8142219385851,-912.555942530519,460.80310303756426
2025-09-01 23:43:53.071000,-9.660326093503164,24.20605257663279,-29.435454962694035,37.80031459325837,18.48105269546729,-38.09030623659458,-14.500346369192991,-25.522581983226488,64.9276793225085,265.2581672818377,-910.9978639633933,457.2316267055327
2025-09-01 23:43:53.081750,7.211860244187968,33.673599375912666,-20.14199364040763,61.28186266311296,27.511368743546356,-30.055410444536733,-1.1299790132789387,-13.820976004041707,64.78153685304392,262.78588443410916,-909.5121785849622,454.9853850662231
2025-09-01 23:43:53.092500,20.420730089820175,42.82156758760331,-10.8572503600265,81.95944286917592,35.13968243980749,-21.516067470685165,11.654854049019272,-2.784054489852114,64.80441694272061,260.5918623104942,-908.2491380426876,454.1446394641663
2025-09-01 23:43:53.114000,30.57355638624961,52.10089052420721,-0.9162587984155257,100.12993721526546,42.121848323870466,-11.92030111610767,24.569567999890825,8.072188489858602,65.04288212320866,258.82388102038874,-907.3439489567007,454.252132622399
2025-09-01 23:43:53.122000,38.72776421235319,62.33779779551717,10.693384132057163,116.74415818689673,49.622676532639865,-0.40025716696361835,38.66984196392169,19.54508922720696,65.51685990015352,257.55873864844534,-906.9018377989863,454.58899680790313
2025-09-01 23:43:53.130000,46.0460811776419,74.35530329424071,24.899522208770065,132.94127800550646,58.76914760095736,13.805187817644578,54.88825305198576,32.37255920139292,66.21028980202868,256.7955642091453,-906.9825600318629,454.5338416728049
2025-09-01 23:43:53.138000,53.36802729481037,88.4632136466194,41.99700575245121,149.43694957098938,70.08378831910726,30.822812997501888,73.48985640842712,46.78664079521583,67.0732888507064,256.46713694046497,-907.5843167246524,453.8056334653305
2025-09-01 23:43:53.146000,60.89807503953279,104.1226700832172,61.30061958845475,166.10851819167874,83.13151826520934,49.838672267612736,93.76136463018749,62.25791616431694,68.0284884739729,256.46124885378595,-908.6322019773199,452.4833338828006
2025-09-01 23:43:53.154000,68.21280986957028,120.04373538522776,81.27027466962329,182.05693183589156,96.64674880314858,69.25535526605059,114.16757601163557,77.62327958936709,68.97646596262379,256.6446923431119,-909.9835354304824,450.86752085895813
2025-09-01 23:43:53.162000,74.59657368823187,134.68442987988928,100.06893868650735,196.09838971399037,109.0870916555489,87.25103167017669,132.91400112983763,91.54102959546488,69.80374671567222,256.88631549526065,-911.4535998544362,449.34155137050254
2025-09-01 23:43:53.178000,79.47862529542022,146.84836327304347,116.22503418978236,207.35419568038003,119.27564676804359,102.41972721774972,148.59942382023928,103.00713077285107,70.39640967092541,257.07532101897687,-912.8475365104933,448.29203915650385
2025-09-01 23:43:53.189750,82.70456419520988,156.0376472905249,129.03482255414363,215.58919652509258,126.76324881028658,114.14233047396627,160.6029674835084,111.64253284779281,70.65800076873813,257.1328296711026,-913.98603978652,448.027585711959
2025-09-01 23:43:53.201500,84.52727674293912,162.40082505291102,138.53430818363043,221.14678997519292,131.7470285591429,122.52732973372072,169.0335371846969,117.62296149972036,70.52733632528877,257.0205770356172,-914.7256703165327,448.68081862799806
2025-09-01 23:43:53.213250,85.40000618470546,166.40879226131185,145.16863729175066,224.60865428112567,134.69768521853345,128.06148194330683,174.37995445437275,121.37654019973101,69.99016937401647,256.7497716398883,-914.9762029888035,450.1612600827226
2025-09-01 23:43:53.225000,85.74565267848833,168.53341444921926,149.43893045466186,226.44735325739964,136.00005795390788,131.2577636606668,177.15475393957678,123.29126307278571,69.0808929348164,256.3838555313358,-914.7125541605064,452.190716278276
2025-09-01 23:43:53.236750,85.78863794544476,169.04292904720887,151.6605124358882,226.80426069912855,135.74308093766672,132.4302440298167,177.66652242002488,123.53939849413314,67.87532826376771,256.02642610107006,-913.9765892857268,454.3961668072122
2025-09-01 23:43:53.248500,85.43707536548146,167.8641474638347,151.79254422244964,225.370183199454,133.60917090702142,131.54584020088106,175.87751458755483,121.97852841943882,66.47953520224402,255.79593218140548,-912.8675198983539,456.4341956832394
2025-09-01 23:43:53.272000,84.23482926558309,164.52400606801854,149.34751511586921,221.39002621858904,128.86385272531197,128.15080541637727,171.3470306615737,118.12612469971654,65.01686890850544,255.79757219833783,-911.5270149829204,458.0972507101161
2025-09-01 23:43:53.282250,81.45491298171571,158.2732685191026,143.50549718755397,213.8815849401568,120.5466684620868,121.49031379128898,163.3666313017774,111.29476228246705,63.60785352428858,256.10137273062617,-910.1235512702821,459.32753585586045
2025-09-01 23:43:53.292500,76.37262754003176,148.4393680375052,133.51638603760554,202.08220274664527,107.90285386001163,110.9005063002932,151.35345993900984,100.93830135574783,62.34563824195317,256.7311553815248,-908.831422380265,460.14258321652335
2025-09-01 23:43:53.302750,68.63357202756026,134.88966450436945,119.25499475967537,185.95841324509183,90.89723462454546,96.33055759649527,135.36518254596444,87.08358296865023,61.28960241321363,257.66682274295897,-907.8036985356417,460.560669784311
2025-09-01 23:43:53.313000,58.5048662052399,118.3346386190255,101.58655697748524,166.47646801903912,70.49805257128138,78.65837701746335,116.40751676596054,70.57014157683312,60.48695456897317,258.85795373357087,-907.1479093205933,460.57783008364584
2025-09-01 23:43:53.323250,46.83549296065357,100.23969992476712,82.2555259628469,145.41449914795672,48.505253946648985,59.547026375808066,96.27249275949202,52.89865710838516,59.995515755197154,260.2411939232572,-906.9069776442858,460.1808939974461
2025-09-01 23:43:53.333500,34.74790096107632,82.36415816991071,63.332473767595154,124.79330456139024,26.99061260259562,40.90533268277686,76.96964383618128,35.75974685649257,59.87995389744228,261.75319505076175,-907.0470775398712,459.36993555889524
2025-09-01 23:43:53.354000,23.244959989084816,66.18616422578916,46.542855561475434,106.24382429992173,7.65747600404147,24.269856085910714,60.08575883604736,20.515384175610787,60.186537496125325,263.3335211024453,-907.4688796432566,458.18414706486095
2025-09-01 23:43:53.365250,12.947107488650358,52.53170839689014,32.84068983732055,90.63596450530223,-8.544556692889298,10.44863557770288,46.423458864907985,7.90542115892103,60.9188426123268,264.91758998521055,-908.0496673561051,456.74029390591147
2025-09-01 23:43:53.376500,4.074625402433606,41.57748375787627,22.402013000516334,78.10662697757664,-21.396831722737968,-0.42411682574997844,36.059486520868035,-1.906354545351658,62.026872109343586,266.4275956909928,-908.6917985697582,455.25813164191084
2025-09-01 23:43:53.387750,-3.3991971866571777,33.112075518204705,14.911836472820841,68.34694901387601,-31.12581540294477,-8.578399108172052,28.662775299719762,-9.070979695592849,63.40709203563411,267.7701622924353,-909.3450029783967,454.0129712604138
2025-09-01 23:43:53.399000,-9.587759261495728,26.802164858040683,9.87478551535669,60.888323756928344,-38.124765253576555,-14.325388319212191,23.793747466044096,-13.809784387332778,64.90957261169555,268.84290697234707,-909.9947806578427,453.21750602167424
2025-09-01 23:43:53.410250,-14.578634299306708,22.37866139329756,6.849422711512854,55.309650348532635,-42.761457088658325,-17.881385920077523,21.09802669531673,-16.267912662195165,66.35636301173548,269.5472426407599,-910.6355381230619,452.9063950802953
2025-09-01 23:43:53.421500,-18.331557549082277,19.808535341739116,5.664878756748365,51.44270827559845,-45.19084037662249,-19.20995673476524,20.473087262394568,-16.403591084173215,67.57230430579482,269.80515631889796,-911.2499268969107,452.89668874865595
2025-09-01 23:43:53.444000,-20.604626853591586,19.425698876585336,6.584749737276367,49.54017724328021,-45.19947790822316,-17.902818070158116,22.19102623399138,-13.921942823085525,68.41645758716938,269.5793543264493,-911.8006325990943,452.8729470237883
2025-09-01 23:43:53.451875,-20.987477845681845,21.877963999359157,10.262265394788985,50.241423598303044,-42.24456461654039,-13.259000770019536,26.831130096021976,-8.364571540564949,68.80179090823401,268.8914282554264,-912.232868153531,452.57990206434346
2025-09-01 23:43:53.459750,-19.079457610489538,27.817643158015027,17.40821326853465,54.255523671420036,-35.77380134298872,-4.638975514953382,34.94810488023958,0.6015885459361006,68.702492094632,267.8269051219698,-912.4885787799109,452.01491501909567
2025-09-01 23:43:53.467625,-14.729313593960244,37.482111964615775,28.329927793306492,61.916943797592054,-25.660383920614418,8.081633114383573,46.63646307371313,12.840162204475261,68.15248988691725,266.5224579145574,-912.5272239055599,451.49957397200154
2025-09-01 23:43:53.475500,-8.189824493187874,50.418722042307785,42.61927404392719,72.88171189773261,-12.467546590521925,24.24383733481937,61.26084406101033,27.5574820812343,67.23575938706938,265.1427584509608,-912.3370239444453,451.58370784120905
2025-09-01 23:43:53.483375,-0.14082291718987341,65.44195401387312,59.09268823404317,86.06034666563045,2.53952618339824,42.40585589774209,77.44212301090002,43.32827720602831,66.07142841618611,263.8561484732849,-911.9269402730811,452.8202401741263
2025-09-01 23:43:53.491250,8.360598315392599,80.73283407036581,75.88909852268753,99.6976701886497,17.507195610203375,60.493332062253984,93.19739280239932,58.24805579746316,64.80080002310363,262.8113022586968,-911.3116370126776,455.50842346262687
2025-09-01 23:43:53.507000,15.97702712169956,94.03378313107962,90.66688359605224,111.55303079506962,30.171288369505785,76.03431271190044,106.16967474044843,70.16480076531353,63.57678572125188,262.1153870401282,-910.5117077051702,459.5406757805162
2025-09-01 23:43:53.518000,21.276734462821484,102.99502761343618,100.95725248867622,119.24385533780489,38.18554746797444,86.53901119633662,114.00247975556725,77.03115817376337,62.54579384958318,261.819235993756,-909.5703516679763,464.4463141804507
2025-09-01 23:43:53.529000,23.03925742756139,105.70401633944728,104.71818221845551,120.78692063869698,39.66514048012095,90.05733416236747,114.89773269441172,77.38194419832384,61.817940082111974,261.9156128393288,-908.564454225745,469.5742977707631
2025-09-01 23:43:53.540000,20.614558473264843,101.26552741295758,100.96032099313628,115.20181893152011,33.805261493037904,85.76716256580639,108.20593126595571,70.79295066065214,61.438434393552946,262.34992315166755,-907.5975004602851,474.2610284382139
2025-09-01 23:43:53.551000,14.156248231098592,90.13408437748078,90.12951031266097,102.8740295555806,21.23553900486456,74.28786766306273,94.72174489515693,58.07868591934583,61.37689674048563,263.0362196306004,-906.7818239028597,477.91713456093737
2025-09-01 23:43:53.562000,4.559774028898788,73.96092375242765,73.97264967114528,85.4242882259405,3.8384148461681935,57.490284266624236,76.44943502189274,41.072217418086396,61.54038548331111,263.8719412271116,-906.2198614044778,480.08933037395144
2025-09-01 23:43:53.573000,-6.882822948075723,55.01627722532621,54.92130873262045,65.1210312955088,-15.904212990023947,37.866618691461795,55.92767322835304,22.060174254173898,61.80313734659394,264.7518474434079,-905.9866635570546,480.5378529298347
2025-09-01 23:43:53.595000,-18.917237826507602,35.49646631650363,35.32035519576079,44.150546696376324,-35.683623868043426,17.776251559348644,35.46266839589099,3.1418730965362367,62.037994071458094,265.58414062152195,-906.1124969710169,479.26347723340166
2025-09-01 23:43:53.602875,-30.627571804063663,17.04275129856564,16.881302498907132,24.1151645942818,-53.8771864677456,-1.0697243412750528,16.637172260340552,-14.189603923640169,62.138767843763475,266.30512735789745,-906.5702719784545,476.4053334966128
2025-09-01 23:43:53.610750,-41.49499892036358,0.6331215764537961,0.5615811618754244,5.943283956615686,-69.62237376186923,-17.69426957153558,0.26159037323717205,-29.101601834002906,62.036161854098154,266.8839361044377,-907.2796546356752,472.0882342890287
2025-09-01 23:43:53.618625,-51.284374498294646,-13.250120821256509,-13.235275710630763,-9.916188967864922,-82.57874066309047,-31.634321392351122,-13.380412420232657,-41.22784127275775,61.712182814642425,267.3129181176678,-908.130121536531,466.39471370362514
2025-09-01 23:43:53.626500,-59.910128509204085,-24.40714595455004,-24.405425302088226,-23.27065898385639,-92.65106739070836,-42.693481038025624,-24.271366171397926,-50.45796311656037,61.206676917883236,267.5895776709116,-909.0086406327144,459.49156581363593
2025-09-01 23:43:53.634375,-67.32887089764994,-32.75266191582846,-32.94371170171773,-34.00521591640415,-99.78586678560411,-50.76428007255452,-32.46937658602159,-56.78763720743086,60.607176199054756,267.7037343540465,-909.8205942065522,451.764995400296
2025-09-01 23:43:53.642250,-73.41892361538501,-38.143485930743054,-38.73931875232382,-41.88510377483143,-103.79433732859776,-55.652387926250796,-37.911010055725825,-60.169074159214226,60.02687535313144,267.63814480300186,-910.5078481283674,443.8356682680618
2025-09-01 23:43:53.658000,-77.87188394513616,-40.229765041722594,-41.40056882339084,-46.39052118891595,-104.22712094222616,-56.93615180943811,-40.241944445252244,-60.38317051213884,59.58251009386466,267.3778611504695,-911.0677506816538,436.4539477843492
2025-09-01 23:43:53.668875,-80.19303984312641,-38.467967177343546,-40.26548633079103,-46.74877105657319,-100.43317006624555,-54.01171768180272,-38.8407402890161,-57.06066013718615,59.37400939727516,266.9191399717443,-911.5588118022043,430.3474508919147
2025-09-01 23:43:53.679750,-79.86670168010463,-32.37253874152864,-34.6851243690291,-42.24216201074626,-91.8690742604711,-46.390048915771246,-33.11953201494539,-49.91864178822785,59.464270480117264,266.2740644414842,-912.0744014647274,426.09153322843093
2025-09-01 23:43:53.690625,-76.6105333897009,-21.877707151802493,-24.438863915805268,-32.64136392529122,-78.50473479693783,-34.0911704355789,-22.94714684172108,-39.08561479840717,59.86555610691218,265.47428781893944,-912.6922754997237,424.0501082587167
2025-09-01 23:43:53.701500,-70.56394281538799,-7.578362812802791,-10.023265628310982,-18.497197449897605,-61.063642567746285,-17.883332871011532,-8.928514636758962,-25.29582684876519,60.5361468362517,264.5766429600024,-913.4309662500197,424.37188210928673
2025-09-01 23:43:53.712375,-62.3472365144755,9.227300841778465,7.280849536797784,-1.1883308186818402,-41.0244195659767,0.7092198019015158,7.551367272557703,-9.881923490632635,61.38358124694108,263.6644743531105,-914.2371870945118,426.9665999332218
2025-09-01 23:43:53.723250,-53.04066418816579,26.615332654149935,25.480501580570596,17.183837253734655,-20.501025100689784,19.527644036514452,24.42970418685346,5.347685676457828,62.27699768088959,262.8374966683413,-915.0098664833041,431.43123801309696
2025-09-01 23:43:53.745000,-44.10315635247453,42.20827387321683,42.04397518158245,33.99716663300652,-2.05101821705725,35.98334797150319,39.172966095306016,18.297003352841106,63.073598029511366,262.19325043330986,-915.6482083971406,437.0040082050915
2025-09-01 23:43:53.756375,-37.175402876992,53.51022526040628,54.249242391878695,46.47590720461083,11.672480380218586,47.42310311568126,49.1552477497535,26.885478842686837,63.65305848095112,261.81002112420884,-916.0949244257685,442.66177830935646
2025-09-01 23:43:53.767750,-33.739493405228224,58.4154794296314,59.741127083499826,52.25642738771114,18.46268296976314,51.68634161375204,52.22225646626016,29.48713805334057,63.94708961016317,261.737382182649,-916.3496767864912,447.37889934088355
2025-09-01 23:43:53.779125,-34.742787207316915,55.71421382427922,57.123298858943386,49.96695562593038,17.117095380322475,47.67622081913601,47.24984169654469,25.362515222650448,63.95356833654483,261.9918467756461,-916.4514081464536,450.4119516165971
2025-09-01 23:43:53.790500,-40.36385215432863,45.35924543658265,46.3092218528776,39.54169867614577,7.741453321832396,35.668223988647554,34.42944062398994,14.867787367195444,63.72809093677935,262.55318016209856,-916.4474765086726,451.45521312744097
2025-09-01 23:43:53.801875,-49.977883764434054,28.465822228475105,28.555990443306378,22.218135516110337,-8.260761329596404,17.27383193900649,15.235974746077272,-0.601887316210729,63.354879778363276,263.364280095268,-916.3710598495715,450.6432847310777
2025-09-01 23:43:53.813250,-62.24637122262669,7.1734150298005765,6.30145500032347,0.3705572592889423,-28.380786363845523,-4.81373033532655,-7.771873532519794,-18.811573304793228,62.91317528094927,264.33973003064375,-916.2368605991961,448.4825937996299
2025-09-01 23:43:53.836000,-75.28510294436131,-15.59524865219346,-17.13627744399535,-22.762150148262148,-49.320994972701435,-27.192345129110386,-31.256912377929453,-36.96409122210989,62.457382199094305,265.38026770567933,-916.0484957869461,445.772488839779
2025-09-01 23:43:53.847625,-86.94814879213044,-36.54727309280662,-38.05233823620462,-43.542454692774726,-67.49554109728594,-46.266523287752804,-51.590565489610746,-52.10978070345495,62.01507148970119,266.38496832307595,-915.8054190138558,443.48551903935993
2025-09-01 23:43:53.859250,-95.2590980206309,-52.63869292960169,-53.07194141081803,-58.64500093884739,-79.73678852097818,-58.94130263190522,-65.56492608717791,-61.72305713965993,61.596470978580314,267.2574505133913,-915.5033996160188,442.551121184881
2025-09-01 23:43:53.870875,-98.90653102290943,-61.79256245903892,-59.96357362431803,-65.8760039895064,-84.06357554258794,-63.37160847866524,-71.18711816905532,-64.32639475368896,61.21006372365094,267.911246579915,-915.1302436051384,443.58318218785246
2025-09-01 23:43:53.882500,-97.58606131569196,-63.424457694566335,-58.22216071971301,-64.75490253530789,-80.18900350153365,-59.44134686917014,-68.21221629184446,-59.88399966515329,60.87832114133936,268.279062917215,-914.6653987172248,446.6971973726915
2025-09-01 23:43:53.894125,-91.98518033130546,-58.464471804777894,-49.08037837235518,-56.507520254962486,-69.46234925715167,-48.66951476871139,-58.088272793733246,-49.71494875730218,60.64416201775253,268.3203117285043,-914.0908699779731,451.5319232074186
2025-09-01 23:43:53.905750,-83.41514928596723,-48.84490725497252,-34.911563899729046,-43.44819112824147,-54.244353098678474,-33.559320036392464,-43.31168272224976,-35.94084335348588,60.56310453981754,268.0197839546058,-913.4053707224817,457.42698794679643
2025-09-01 23:43:53.929000,-73.30273004102895,-36.750597601931894,-18.356723576939938,-28.110120942116385,-37.05388376707449,-16.73225347164636,-26.546107461724635,-20.76207569239895,60.68646632944332,267.381121976944,-912.6295205047238,463.6035748740652
2025-09-01 23:43:53.939750,-62.79800030268593,-24.01347435759867,-1.6159598717462176,-12.573239349804174,-19.91412265304021,-0.26716642795170115,-9.947410833868231,-5.920622559109119,61.04573925878707,266.42415229878117,-911.8074528632449,469.27821689009954
2025-09-01 23:43:53.950500,-52.664424562057214,-11.897355192018841,13.808589928727342,1.7454413947800633,-4.162054290879964,14.490766186144372,5.037064594937043,7.441486813495963,61.642957666129675,265.1904367305977,-911.0107399024089,473.7596010642205
2025-09-01 23:43:53.961250,-43.44645507286681,-1.2716229206362197,26.921665076785107,13.873440072644566,9.319579153507936,26.688048158235436,17.441218059915034,18.578119931679243,62.446114494055436,263.7550481355714,-910.3315855460457,476.5706231407245
2025-09-01 23:43:53.972000,-35.70940493687574,7.093282268197836,36.90410774748755,22.955244512294325,19.77480908419896,35.62302423704778,26.461279240181877,26.868617681852264,63.39239357511444,262.2359986338102,-909.8592648798215,477.54726558840855
2025-09-01 23:43:53.982750,-30.09420544040013,12.444697467604161,43.01977114406378,28.184302835226152,26.506912415780683,40.66855973691923,31.40163038206247,31.7642840477741,64.40225262971273,260.78866942455267,-909.6572559000331,476.82944623711967
2025-09-01 23:43:53.993500,-27.1196120426165,14.280645814966727,44.85960575032105,29.08524253390272,29.141137853358824,41.519760112897266,31.945097874442226,32.99485978445152,65.39596148218521,259.58003892535913,-909.7543207428273,474.74758246108706
2025-09-01 23:43:54.015000,-26.896767625349998,12.695033819315718,42.691076781589715,25.90181057624467,27.975521451938544,38.525324173422405,28.49556109794244,30.8386583996541,66.30383045248864,258.7526983735485,-910.1446808672238,471.69851844627954
2025-09-01 23:43:54.022750,-28.98079018569986,8.538235756793867,37.59380248696456,19.751080887737306,24.101622410044495,32.797017602761294,22.275628060506854,26.208414348525917,67.073766040197,258.39559370824236,-910.7911293400424,468.0703237411543
2025-09-01 23:43:54.030500,-32.473638635338745,3.2304706860265218,31.220271596337525,12.37070740654958,19.141902018959183,25.954080889849962,15.038118932901188,20.436999280960805,67.67797607296727,258.5315426551937,-911.6320417032167,464.2079514172548
2025-09-01 23:43:54.038250,-36.31356144789352,-1.676368691298081,25.304152126171118,5.58882067425295,14.742131160352503,19.642830993964203,8.543550143981571,14.882283269026555,68.11022423349536,259.1203917157263,-912.5919923038308,460.3989740988046
2025-09-01 23:43:54.046000,-39.58330758834404,-4.940195841944016,21.19539345665493,0.8209387960563508,12.114510017203369,15.110124437253782,4.097618807705712,10.582697070181306,68.37277797413522,260.07124336120506,-913.5868255293138,456.85194453941347
2025-09-01 23:43:54.053750,-41.73437183853042,-5.9357082158985985,19.55692767492684,-1.2455463199767862,11.77030469925465,12.944261334568065,2.272487557565868,8.050083247590273,68.46661137232533,261.2591799061016,-914.5174526402299,453.6244430351652
2025-09-01 23:43:54.061500,-42.729001769345075,-4.833404314200367,20.189435519084384,-0.8177920977074856,13.388178862133998,12.932960992044263,2.759718074956399,7.1476674314192925,68.3918349274679,262.5457770479401,-915.2667823533981,450.5266500305398
2025-09-01 23:43:54.077000,-43.09361427825661,-2.629455501617347,22.001140484260453,0.9745501620309066,15.805857530504934,14.045208372428613,4.365550856147311,7.063839731885491,68.15194331001555,263.8004986309507,-915.7153672174845,447.1357107218945
2025-09-01 23:43:54.087875,-43.81498495955404,-0.9429987470210657,23.224731650339642,2.2906691340733656,17.239155544333844,14.630100386996496,5.258478934475446,6.478470634673244,67.75660557411904,264.9155067262574,-915.7661205709358,442.995884290002
2025-09-01 23:43:54.098750,-46.03994264725177,-1.5611199836305296,21.910421444167458,1.0828313812570807,15.782554720662606,12.871163860062953,3.4978163684938486,3.956167307767077,67.22202222057471,265.8119296879029,-915.3619936811383,437.89142370665957
2025-09-01 23:43:54.109625,-50.691847259681396,-5.897563852680184,16.523743766084962,-4.275199830568821,10.014197643384195,7.351425591961215,-2.3539131115888443,-1.5735734007541657,66.56909818074193,266.44411084834303,-914.4998496140697,432.01140182088454
2025-09-01 23:43:54.120500,-58.19772189479296,-14.613217076430034,6.382946614385822,-14.526403123473559,-0.5889611332309326,-2.5228895770839976,-12.824976383859644,-10.470645817110064,65.82206929004859,266.80394834346384,-913.245898946496,425.9243512985339
2025-09-01 23:43:54.131375,-68.38649685902237,-27.46404667770594,-8.157053344121275,-29.34716111182116,-15.517598321680952,-16.342319754173815,-27.41877375709504,-22.2575283329487,65.00882438279065,266.9196673037456,-911.7407689211511,420.4102049247891
2025-09-01 23:43:54.142250,-80.49125775840399,-43.28191408437787,-25.695543265842904,-47.35192436476019,-33.27006012505979,-32.686117172547846,-44.672817425209715,-35.65026367964808,64.16114993686737,266.84629255210854,-910.1820644587494,416.24875296881066
2025-09-01 23:43:54.164000,-93.23336455782739,-60.073827696348125,-43.92911887882719,-66.24066009647282,-51.524451275911915,-49.261058894275656,-62.334620920124884,-48.71458389731709,63.31386290451141,266.6519610775538,-908.7884771993141,414.03154254492654
2025-09-01 23:43:54.172500,-105.03270741175426,-75.33178460968665,-60.019157923301336,-83.1694349186736,-67.5190558886101,-63.26598040236381,-77.71957799402144,-59.191759252352156,62.50200431611414,266.40658155369516,-907.7575350131275,414.01831579799193
2025-09-01 23:43:54.181000,-114.35911490907782,-86.59024864514996,-71.19008646100725,-95.3810056470537,-78.66140951842836,-71.99932997950086,-88.28143767579388,-64.99650204555121,61.7561891324571,266.17551384096873,-907.2273202097913,416.071498882313
2025-09-01 23:43:54.189500,-120.13529800733188,-92.08188487082127,-75.3705277599678,-100.91180808776627,-83.18183085048504,-73.50911943410372,-92.23749970032873,-64.72341555929792,61.09928625754745,266.0143330541314,-907.2487619992821,419.72159194777976
2025-09-01 23:43:54.198000,-122.02838403239784,-91.22124792052992,-71.61714869373584,-99.0752965685995,-80.55265974554804,-66.99953130651004,-88.98712389764049,-57.93790899007814,60.54583516131573,265.96110886065554,-907.7736826399365,424.33767193606866
2025-09-01 23:43:54.206500,-120.53820440197254,-84.7656658761509,-60.26177026896076,-90.6018732611122,-71.58082342115215,-52.93908517482261,-79.22648834048097,-45.2220729492533,60.10159653048939,266.02923246284485,-908.6652022436745,429.30428048577704
2025-09-01 23:43:54.215000,-116.90797333338072,-74.69274997981191,-42.894244332323964,-77.52174765749122,-58.27450289899473,-33.013516607659135,-64.85157096669712,-28.10674739911092,59.76180007240513,266.2055003307364,-909.7322099238427,434.15381121767507
2025-09-01 23:43:54.232000,-112.90196765269324,-63.866420518409306,-22.20810867970533,-62.86054687799719,-43.54756331553368,-9.963632408749078,-48.706195270337055,-8.924652912988583,59.51033678597296,266.4542335426124,-910.7773875812154,438.6362048713678
2025-09-01 23:43:54.242750,-110.46353902737658,-55.50975706322871,-1.612294901189023,-50.12091650265198,-30.72606190868998,12.800010059251143,-34.1197842904262,9.51687031315098,59.322934281794545,266.7243329345694,-911.6405901202224,442.69528372799545
2025-09-01 23:43:54.253500,-111.2676928463707,-52.49637449731631,15.454601913300303,-42.524259882669966,-22.832125411410793,31.874073172502484,-24.19703793354217,24.505079459179335,59.174960783908084,266.9545550545037,-912.2208465772763,446.38886088233687
2025-09-01 23:43:54.264250,-116.24676458592275,-56.57026180077983,26.383459084132287,-42.142787008249115,-21.76736979994106,44.695047491396394,-21.00018066900201,34.10034979513941,59.05200419410064,267.0771703710605,-912.4723077515708,449.82231978910806
2025-09-01 23:43:54.275000,-125.2831052890506,-67.79437864387695,30.06896997583053,-49.28542068349823,-27.736248138322175,50.16865201247158,-24.976516189527352,37.61122884732129,58.95902858403008,267.0268500122108,-912.387549556735,453.08479950663775
2025-09-01 23:43:54.285750,-137.2758704978583,-84.57031111448626,27.025142141140837,-62.51461742552899,-39.274484613580675,48.749656631530165,-34.96911534687981,35.599918889950395,58.92241793255198,266.7564591097628,-911.9865715408197,456.1668573098792
2025-09-01 23:43:54.296500,-150.58519432498215,-104.26676107428241,18.8940160655344,-79.31104491742481,-53.90811311923244,41.95308239544726,-48.816189411530665,29.435561679289183,58.983136583414236,266.2513431716481,-911.3159330797245,458.8892190221776
2025-09-01 23:43:54.318000,-163.61036475556884,-124.11432103862995,7.668767466179258,-96.99985891782237,-69.06872426863505,31.619511569079172,-64.19135149465981,20.67494044114744,59.185982717105915,265.5343982640141,-910.4487633057325,460.870229973856
2025-09-01 23:43:54.325750,-175.2036370681449,-141.92686935221602,-4.945287691978608,-113.47269698717211,-82.79941493758474,19.33615596719035,-79.25264972731932,10.60022520829818,59.569674230787264,264.66126759244366,-909.4785309792076,461.5631482680045
2025-09-01 23:43:54.333500,-184.77292440209195,-156.39073224906048,-17.774467562119824,-127.45344007058306,-93.99323243337567,6.242653695355393,-92.85248430023806,0.09359311201313841,60.15648371058476,263.71073151279126,-908.5105310260665,460.3923912531544
2025-09-01 23:43:54.341250,-192.1460731112888,-166.95871945943387,-30.07936177092984,-138.3691252578152,-102.23005561299388,-6.852938839501316,-104.38296620104765,-10.233349235798174,60.94180936878258,262.77775849034,-907.6555014016517,456.9664534911914
2025-09-01 23:43:54.349000,-197.36925939241192,-173.57814093876613,-41.36030346259742,-146.07288113663367,-107.47309470113845,-19.293297616737934,-113.52321907738931,-19.87666402810436,61.89029181985969,261.97023063457374,-907.0207945164369,451.2882110942986
2025-09-01 23:43:54.356750,-200.53073706428395,-176.41493381937084,-51.185948270352704,-150.57562471781762,-109.79091184930351,-30.431691023103603,-120.03432404454861,-28.3317367405021,62.939827042591894,261.40082825900845,-906.6963383395289,443.8531798185064
2025-09-01 23:43:54.364500,-201.6141519993018,-175.60500403618846,-59.01048960931996,-151.7970600019165,-109.11843867673673,-39.48712695197544,-123.58062080983865,-34.989497889512,64.00846764820788,261.1691940793339,-906.7406673117125,435.5803916997574
2025-09-01 23:43:54.380000,-200.40638111327527,-171.07765137421185,-64.01706343299269,-149.38346254113603,-105.10151023508497,-45.43252603378884,-123.59848560825809,-39.055895068462554,65.00504717994606,261.3411382314538,-907.1704226045563,427.6425819485277
2025-09-01 23:43:54.391000,-196.52361066302316,-162.55046637135501,-65.13644173665142,-142.72695912890293,-97.14243182042883,-47.06181202390427,-119.33590558575878,-39.61168391029842,65.84521312162549,261.9343927323769,-907.9536251619464,421.29171445187393
2025-09-01 23:43:54.402000,-189.57603773359472,-149.74113548328987,-61.33313306204156,-131.24567183119348,-84.6850938683983,-43.317213728277764,-110.13496373532558,-35.879241711339574,66.4655634878788,262.91674129064523,-909.010083155754,417.68221274253585
2025-09-01 23:43:54.413000,-179.35815837343384,-132.6723328095105,-52.041559688309306,-114.7564789721036,-67.57384197805654,-33.74924173701321,-95.8154317851917,-27.587218823798974,66.82984712315164,264.2167098633417,-910.2233056426951,417.6466512168744
2025-09-01 23:43:54.424000,-165.9226941751213,-111.86627715510048,-37.50262486788895,-93.68920370679936,-46.25698106246294,-18.847056640127985,-76.9110474795993,-15.220626006990983,66.9300134585253,265.73802463102106,-911.4632883921146,421.4601018288473
2025-09-01 23:43:54.435000,-149.58322445346855,-88.39237189816758,-18.884249414061212,-69.11756893270423,-21.820007730161397,-0.10925404026857637,-54.70034384255154,-0.061751564200604035,66.78315036919365,267.3673437933572,-912.6114210698493,428.7261546725953
2025-09-01 23:43:54.446000,-130.97918149969848,-63.869293336904086,1.7590480858787956,-42.74756792885976,4.020364016487324,20.08249259582034,-31.14484338397098,15.919849701131756,66.42210821629185,268.97722173026966,-913.5767901977225,438.4835012440186
2025-09-01 23:43:54.468000,-111.17675145313049,-40.41837899933141,21.664452471143413,-16.872385568832435,28.96473480964891,38.73156255761067,-8.756195184190927,30.285658700240266,65.8851120630565,270.43708231833284,-914.3015114005765,449.4772908777372
2025-09-01 23:43:54.478750,-91.65647643520104,-20.447488384693536,37.74286292439785,5.841472898116052,50.36475567394346,52.6731681050669,9.707843286129716,40.496770856763284,65.21188916390078,271.63589461678225,-914.759909297183,460.42810302826126
2025-09-01 23:43:54.489500,-74.08172755336295,-6.18864423783592,47.206341490666134,22.84125159042857,65.73914007168666,59.22497566109261,21.786283677693074,44.46139935687308,64.44409757790487,272.50245671686633,-914.9550098620767,470.16513563680667
2025-09-01 23:43:54.500250,-59.8755703308113,0.9232126521083946,48.326318405089026,32.37394576510967,73.47120160208188,56.914054852520366,25.99255366076124,41.138298193654954,63.62439521349535,273.0090882115465,-914.9112852255872,477.6495578485657
2025-09-01 23:43:54.511000,-49.80888105273151,0.740748195941155,40.99096260246989,34.05135118623428,73.34798197307543,45.9584852668133,22.305338289754516,30.903105825632668,62.794397904354774,273.1604495329361,-914.6643921083576,482.0472477980469
2025-09-01 23:43:54.521750,-43.864030477043066,-5.566447729669733,26.708726010016846,28.920886238305346,66.58277423028379,28.190499457058717,12.140313070480534,15.425992358875899,61.99299611037967,272.9789616979913,-914.2573083581219,482.90288979487207
2025-09-01 23:43:54.532500,-41.45122594024827,-16.005544423510262,8.022463799295094,18.96550935550163,55.28082302816547,6.41703648730558,-2.216468606822716,-2.90454249559083,61.25352458606367,272.4959278898218,-913.7457251505243,480.2826621731578
2025-09-01 23:43:54.554000,-41.796723263211646,-28.488091039635318,-12.342657833952725,6.336447926445131,41.66633520732095,-16.457003003157286,-18.391979089858534,-21.715366355535657,60.5995848818842,271.75068163714775,-913.1954981581622,474.7992064056909
2025-09-01 23:43:54.565375,-44.24698578457264,-41.39586033136473,-32.18119088473411,-7.248586578145481,27.486017645808882,-38.13385394231519,-34.527416273982155,-39.20050636214297,60.04178616678443,270.79357082267984,-912.6631915357156,467.53717233873033
2025-09-01 23:43:54.576750,-48.33386591750164,-53.732501587576074,-50.07008617558557,-20.664227063442553,13.851802934784226,-57.173677414682125,-49.44437014926637,-54.27786473488678,59.57726899749551,269.68776050103037,-912.1786231348345,459.868405214707
2025-09-01 23:43:54.588125,-53.61495510364313,-64.86481968888187,-65.15966292359609,-33.122605901373475,1.4967456370921064,-72.77081804205046,-62.39127110861687,-66.37118315839497,59.193621920263695,268.50895164648745,-911.746043140295,453.1751228481343
2025-09-01 23:43:54.599500,-59.472909006720144,-74.13972990158341,-76.78670160270185,-43.824841132916916,-8.871766816532574,-84.35494515188526,-72.68263743724103,-75.08888589442724,58.8770429209927,267.3415264503103,-911.357211987893,448.59557167777314
2025-09-01 23:43:54.610875,-65.0927005678138,-80.75836207801471,-84.32583964894332,-51.88312707342445,-16.485156265547428,-91.42382535491411,-79.61335693881358,-80.11562729147714,58.619754543780644,266.26763474684276,-911.0035147913186,446.8516882706741
2025-09-01 23:43:54.622250,-69.66979687916513,-84.03029977831402,-87.42344406589565,-56.602476203556975,-20.777433232483492,-93.75105481422395,-82.7413566563669,-81.39349080987373,58.42207486687212,265.35219260281673,-910.6840144517831,448.12853749855856
2025-09-01 23:43:54.645000,-72.70815286983431,-83.78173040574298,-86.38087250374477,-57.89075480477708,-21.76762989146439,-91.74812873952311,-82.28010859198005,-79.39799228820584,58.29042988936192,264.6346154180468,-910.4113172569772,452.03311616093004
2025-09-01 23:43:54.652375,-74.21450733098875,-80.59864899659095,-82.33469692874448,-56.4715338472801,-20.2498129794224,-86.62896674173597,-79.25231468425244,-75.23443708775892,58.23364465176004,264.1328660099605,-910.2116493229674,457.69485578646743
2025-09-01 23:43:54.659750,-74.67411006408322,-75.73612981084423,-77.0390675431774,-53.71923282832306,-17.62347295479462,-80.17778312894066,-75.24149037828386,-70.40615260857565,58.256944900265026,263.85223592137913,-910.1134747810783,463.9910809445125
2025-09-01 23:43:54.667125,-74.8437641683963,-70.76034926893753,-72.35496465236665,-51.225147069372454,-15.460328799284028,-74.23612210628607,-71.8911713279093,-66.36531989432947,58.353291439999296,263.78946898527636,-910.1311055097619,469.8174050303845
2025-09-01 23:43:54.674500,-75.49792221428837,-67.12886461433403,-69.73912327193915,-50.36755769090667,-15.061314069745965,-70.21086677833512,-70.45234434502498,-64.11257376582921,58.496108740175075,263.9314592338113,-910.2587402463125,474.2853157473352
2025-09-01 23:43:54.681875,-77.20424990918485,-65.83351893952053,-69.90328535486901,-51.999076324796945,-17.13260914656313,-68.76323531130056,-71.50541909528498,-63.98020096662877,58.6413918499991,264.2519657191045,-910.4775096138895,476.76911150190193
2025-09-01 23:43:54.689250,-80.12978367387078,-67.1233341560927,-72.63007411592304,-56.19997198515891,-21.561286292623542,-69.64966247860633,-74.80134716748633,-65.55553106772601,58.741995296331694,264.7084269928698,-910.7602747506483,476.9031489735961
2025-09-01 23:43:54.704000,-83.91915458328353,-70.36305455124571,-76.75028326862355,-62.140249512294645,-27.330604653914133,-71.71644452219546,-79.22694838450474,-67.71990371880773,58.76449248274012,265.2407598192714,-911.0648931653978,474.66188362661313
2025-09-01 23:43:54.715500,-87.72856834627417,-74.13105812117743,-80.36359602224738,-68.19472227023064,-32.69209644810457,-73.13616956856598,-83.001064565224,-68.86640159429311,58.695435833437735,265.77667794405124,-911.3289646459627,470.447589867175
2025-09-01 23:43:54.727000,-90.46679775616103,-76.61954481520905,-81.3587302956848,-72.3910607023577,-35.655586743214414,-71.93917890204239,-84.17233137782549,-67.34759539316624,58.536903236219295,266.24690786513753,-911.4816422150468,465.0365449526015
2025-09-01 23:43:54.738500,-91.2013431385607,-76.26720560409939,-78.14595827491102,-73.10179293137098,-34.6983286785634,-66.73201748382779,-81.31940193005825,-62.068073364867814,58.30452281017547,266.6054606401454,-911.4668535504362,459.3723288657292
2025-09-01 23:43:54.750000,-89.54230858961375,-72.34275826549589,-70.28950156109036,-69.66951918484071,-29.37917932746568,-57.27506850364394,-74.1261847500788,-52.94918826132896,58.03495583451671,266.8450699961024,-911.2606213135142,454.31337156623056
2025-09-01 23:43:54.761500,-85.75499444852976,-65.12654814851389,-58.64888883896255,-62.58393828227686,-20.476853699671047,-44.55392832395952,-63.46304636385111,-40.96369621608938,57.793235581263275,267.00005712144866,-910.875143002102,450.4616345483416
2025-09-01 23:43:54.773000,-80.52191956124312,-55.59772950175848,-44.9247831956759,-53.09992871145322,-9.547133705838094,-30.28889531032979,-50.910803956261034,-27.69151796179226,57.66869709862265,267.132429198659,-910.3541726362192,448.13273012191837
2025-09-01 23:43:54.796000,-74.53825519286609,-44.87862152390327,-30.912197808039004,-42.574505795480306,1.804262383691019,-16.203775470567887,-38.044610785183764,-14.67085793407787,57.75989405456274,267.30508336177706,-909.7637709874273,447.41409649905324
2025-09-01 23:43:54.810625,-68.21748813855717,-33.786113160234855,-17.89793267857411,-31.950420361312332,12.490163092978584,-3.469776326626679,-25.903535970961006,-2.9252270704087677,58.15280049906235,267.5572858626832,-909.1783202841592,448.20624271588247
2025-09-01 23:43:54.825250,-61.654601510171155,-22.69966437176212,-6.465103209105521,-21.63961095530632,22.09214257964092,7.443056237607501,-14.885254255104936,7.122451622719344,58.893763180096435,267.8952151504916,-908.664552949386,450.22263125317875
2025-09-01 23:43:54.839875,-54.78041307605452,-11.711130697066023,3.3426186380793794,-11.716738606761753,30.663801866370626,16.57263298107071,-4.974653963090564,15.448387153361907,59.96163475547982,268.2937236665721,-908.2680178022534,453.0116245102323
2025-09-01 23:43:54.854500,-47.541514291714066,-0.8628897926626181,11.734697963159178,-2.1646599767793155,38.43564638580121,24.1671210969001,3.9658160604917962,22.18609619850048,61.25079402286285,268.6992852393435,-908.0037530168208,456.04060940301946
2025-09-01 23:43:54.869125,-40.036756974206476,9.641627945281481,18.90127617364966,6.922376512240863,45.54456020010382,30.41568804026077,11.964992322499306,27.439999724657763,62.580096577647836,269.0346711610119,-907.8533665705124,458.82710430617874
2025-09-01 23:43:54.883750,-32.63525158996533,19.255243296096975,24.75111052498663,15.128532811213601,51.7769031339298,35.20961962581572,18.730861692315354,31.11229102402165,63.732261138670424,269.2118380578282,-907.7701865892507,461.0558760187315
2025-09-01 23:43:54.913000,-26.04597271458306,26.983754440875455,28.715121960932652,21.558319584866144,56.394595942482226,37.98191346539216,23.50189409740731,32.769661232754395,64.50807081611215,269.1531751848317,-907.6911026516075,462.60957300408285
2025-09-01 23:43:54.921000,-21.25106561975172,31.48546034553432,29.75428611842059,24.896028194828542,58.20006936230352,37.741921317666204,25.107945756788233,31.663466344531873,64.7719745335877,268.8136335894725,-907.5525897397188,463.5287626648452
2025-09-01 23:43:54.929000,-19.25199569485059,31.448248468614512,26.679610674029014,23.78300755855667,55.92875713307699,33.39920979460401,22.33556890682288,26.995297217066195,64.47503362527188,268.1940055521592,-907.3075738876701,463.96366405248943
2025-09-01 23:43:54.937000,-20.66724578230039,26.169456329614714,18.743159158236825,17.433340056840706,48.87258284621814,24.33237519667764,14.522275454650519,18.382328002010702,63.65568795853875,267.34126920349684,-906.9393936356041,464.11611136648224
2025-09-01 23:43:54.945000,-25.361996565182757,16.054212364009434,6.197072062448745,6.17113223360336,37.40619164426618,10.903241331471259,2.0684040616350923,6.261405381191265,62.42811989933887,266.34051069207305,-906.469972813308,464.17937728681557
2025-09-01 23:43:54.953000,-32.374148589538386,2.668195789546132,-9.597104343747024,-8.50448885678935,23.032367259539136,-5.4812712566947726,-13.515168623461262,-8.089253326222929,60.96230985373812,265.3034778622405,-905.9594516902907,464.3104585677796
2025-09-01 23:43:54.961000,-40.23589657876198,-11.76393949366709,-26.6292637185631,-24.42718010079366,7.861383366994674,-22.852714602995253,-30.10670064412683,-22.972404926430947,59.45140627855018,264.3539851142477,-905.4957554262996,464.60452623132744
2025-09-01 23:43:54.977000,-47.50120844869752,-25.13539729089698,-42.96834029746483,-39.53836277633926,-6.162699616578213,-39.39240188115081,-45.708807507477914,-36.87118322710068,58.07106591535356,263.609767169763,-905.1766936477087,465.0497479047875
2025-09-01 23:43:54.988000,-53.176130180608205,-36.077143142935974,-57.33227493724771,-52.49154120717836,-17.844464550961387,-53.94933173140861,-59.005163979887826,-48.87487115774847,56.94546297970205,263.1628752507222,-905.0887714702395,465.51287585555895
2025-09-01 23:43:54.999000,-56.861368386902654,-44.13920583198441,-69.25550094912067,-62.81484977717566,-26.86313457326751,-66.14299619953904,-69.51159451270767,-58.745155261260635,56.12986476651629,263.0628795744158,-905.2855626874672,465.79064565950233
2025-09-01 23:43:55.010000,-58.63323450997731,-49.56899549112562,-78.89701278457076,-70.67870600987366,-33.51441893608989,-76.13464437072876,-77.38363006622158,-66.69926926776411,55.61620052253351,263.3076769570705,-905.7697518180979,465.70302938428165
2025-09-01 23:43:55.021000,-58.82821212137088,-52.940557483099546,-86.71192629363154,-76.53272676306342,-38.34761525914104,-84.31494026324378,-83.10590466355026,-73.12645450782018,55.363273534834555,263.8435993874526,-906.4837512945668,465.15410376120155
2025-09-01 23:43:55.032000,-57.833486478282175,-54.812381501150405,-93.12924314935131,-80.78294684474184,-41.85570878987116,-91.03053503478708,-87.18661699077171,-78.34804281024218,55.33304450443913,264.57474122329444,-907.3142858350999,464.10709342543635
2025-09-01 23:43:55.043000,-55.88449277641019,-55.44034339771643,-98.25202303604851,-83.5139373310511,-44.20535713913645,-96.32553491110438,-89.85746897753303,-82.40647272701247,55.50460075166092,265.3832004037641,-908.116901419554,462.53851901035284
2025-09-01 23:43:55.065000,-52.90395816431167,-54.58747551068102,-101.64501959305265,-84.2964948663684,-45.04267845552248,-99.74605119211141,-90.8477089830059,-84.91910536296368,55.86142978578473,266.156938453939,-908.7551171657801,460.44463647264286
2025-09-01 23:43:55.073250,-48.4779910492385,-51.53496568842061,-102.34834894143052,-82.21318839201007,-43.507267561104435,-100.3586980117774,-89.3825231175517,-85.11008409784807,56.37408779316267,266.8122191529654,-909.1338556686396,457.8527902271768
2025-09-01 23:43:55.081500,-42.04250364296398,-45.375275343672996,-99.21395285769057,-76.20351276928312,-38.56062690814044,-97.09136214732344,-84.50287942824293,-82.09788893498589,56.99393657919656,267.3006330623126,-909.2118638718446,454.8029431491017
2025-09-01 23:43:55.089750,-33.2489350852723,-35.53852237395964,-91.50884182977705,-65.66409872290104,-29.571548325452266,-89.32449673722347,-75.63164708928369,-75.37344425026497,57.65396145428602,267.605908683807,-908.9961652468638,451.3590569132599
2025-09-01 23:43:55.098000,-22.314078788670752,-22.279442608954653,-79.48063665624322,-50.98850684241989,-16.844191089270993,-77.411288431961,-63.07880139391424,-65.21153357192458,58.27440335515712,267.7416957674524,-908.5308364654919,447.6636618086844
2025-09-01 23:43:55.106250,-10.09232015850198,-6.7636146288731895,-64.4734031578694,-33.64715611524069,-1.6942088629843195,-62.73830350658386,-48.11745643934404,-52.71357096424965,58.77904273938054,267.7508290297147,-907.8893063485034,443.9654403612418
2025-09-01 23:43:55.114500,2.204416233009927,9.335178261505499,-48.46980938523228,-15.70538417328278,14.015302961191859,-47.24362258310643,-32.54621384224929,-39.42218065142225,59.11700088789371,267.69829602393924,-907.1705538442343,440.5842536518652
2025-09-01 23:43:55.131000,13.447703116331969,24.44627388630993,-33.35695743856741,0.9133723400330187,28.569044231920998,-32.70027663397519,-18.02007545530132,-26.754097892283326,59.27568476951402,267.6566737428042,-906.4929998882338,437.8337768403579
2025-09-01 23:43:55.141875,22.932211812595334,37.56499516500469,-20.34599947378774,14.991631321510711,40.917811050197315,-20.179471587982732,-5.542697219917515,-15.58318243611613,59.28024941992416,267.691007073072,-905.981232739848,435.93064902017403
2025-09-01 23:43:55.152750,30.473956528168056,48.381598344027154,-9.804391796455459,26.16497544946422,50.79591069724712,-9.933213042417878,4.641085420347437,-6.160716537697081,59.18288144583393,267.84834332720715,-905.7458306434958,434.94119988490036
2025-09-01 23:43:55.163625,36.30373454643135,57.12239611089503,-1.4595594935720153,34.709533652579765,58.496759918424104,-1.6356547221331306,12.806592598584043,1.694380787549239,59.04397510918508,268.15139421865615,-905.8604990649886,434.80337739569444
2025-09-01 23:43:55.174500,40.88065064253068,64.2805444886658,5.261817799657388,41.20346132831409,64.53246331104931,5.264474977787238,19.416561200702183,8.340994234543007,58.91273961265304,268.59522476412974,-906.342382295779,435.4021434020787
2025-09-01 23:43:55.185375,44.68277118651091,70.33063222139452,10.904205402773872,46.195507551993586,69.31189994904554,11.224912224377633,24.84069971812212,14.0816786388192,58.81887916208804,269.14941793727905,-907.1418519759811,436.6745740736512
2025-09-01 23:43:55.196250,47.97435503596903,75.42888965231963,15.670353427364152,49.88584520359849,72.85106425237241,16.3269177069117,29.105193011764207,18.926085545742346,58.77410539201638,269.76749075694386,-908.149208351186,438.70504332012973
2025-09-01 23:43:55.218000,50.61916689641593,79.18609894686153,19.189439681102616,51.896421634001726,74.59153107444793,20.08465988173894,31.703221091992727,22.422467630257852,58.773282098952635,270.3991638466364,-909.219297610667,441.7113887335771
2025-09-01 23:43:55.225875,52.06166823354574,80.67476226593051,20.5112516677337,51.29280629635984,73.47223532601603,21.477987712436015,31.616563677613545,23.69432085246795,58.794618229448716,270.9981412411693,-910.2017602713763,445.86918518842674
2025-09-01 23:43:55.233750,51.54779435340939,78.76066985255633,18.43214780523116,46.953418410227584,68.32992919490792,19.29996058471275,27.672487145132,21.74872217305778,58.805314620876224,271.52299664411936,-910.9654463450825,451.0776128853623
2025-09-01 23:43:55.241625,48.5391207065824,72.68220796552201,12.106905374933872,38.19718570793072,58.528480487638966,12.762501296562906,19.17075325816121,15.985145551583178,58.77465619817291,271.93560302892394,-911.4189682376405,456.8624400590073
2025-09-01 23:43:55.249500,43.105078929967796,62.580998679924576,1.6413027813181627,25.340075898086006,44.4902580148971,2.056884751855051,6.441296514764795,6.64619251763435,58.689622569606335,272.2027592847583,-911.5297834387648,462.49290349883665
2025-09-01 23:43:55.257375,36.014491915345026,49.612655852165155,-11.760439425804392,9.779488951703652,27.742742919293505,-11.536249217982945,-9.094520337224932,-5.112582878554723,58.562630339680545,272.3025484661175,-911.3321303106874,467.19148494767603
2025-09-01 23:43:55.265250,28.450343174875712,35.53586518305153,-26.23173980851796,-6.493299237877024,10.399540307957535,-26.10456799709535,-25.446256945326798,-17.62126407246191,58.42464573380165,272.2325894641525,-910.9135779636291,470.2814306578497
2025-09-01 23:43:55.281000,21.543621853918655,22.04964377161466,-39.96941343807083,-21.639061171681423,-5.6010521188060896,-39.83254926307428,-40.786925748765306,-29.32128485522321,58.3093371359744,272.01543808845787,-910.3838554788379,471.2376885825098
2025-09-01 23:43:55.292625,15.996059040079661,10.259644342022698,-51.8112353272905,-34.53470334359707,-19.06819318688107,-51.56932094564662,-53.94670665791158,-39.24954274631491,58.24057502392855,271.6975510251862,-909.8408962039329,469.7222543301963
2025-09-01 23:43:55.304250,11.958467651815859,0.5053594866860728,-61.40124051313988,-44.904899294055575,-29.69869287257777,-60.97401755774275,-64.49771826789437,-47.13962631312249,58.231106003887966,271.3407803847889,-909.3501543837194,465.6581217771628
2025-09-01 23:43:55.315875,9.154947725623504,-7.472522395793397,-68.98711507206175,-53.08897116130247,-37.84403698382347,-68.29038729407742,-72.55335826496483,-53.19360714206442,58.28909795926476,271.0078325093406,-908.9441902821488,459.29515084027673
2025-09-01 23:43:55.327500,7.1163266108752525,-14.21604710664056,-75.0868597050292,-59.68959689940365,-44.14574957890093,-74.00562383907435,-78.49628436151697,-57.77174501404507,58.42169095609862,270.7467169408682,-908.6344656235796,451.22159771703934
2025-09-01 23:43:55.339125,5.4216880697560175,-20.218274099455215,-80.1704675121885,-65.23679841594377,-49.18781077021791,-78.54591675838992,-82.7153838202127,-61.14201402839186,58.630602276496035,270.5806046754492,-908.4227007332602,442.31258300368984
2025-09-01 23:43:55.350750,3.916877116525381,-25.608396906999566,-84.3660290788096,-69.86962279015735,-53.182711883618865,-82.00488097730153,-85.33026692171751,-63.28212722688155,58.90472281986486,270.50616043076957,-908.3094192569184,433.5957764104479
2025-09-01 23:43:55.374000,2.852066706325029,-29.936352097454513,-87.250762506259,-73.1135656525149,-55.76000256956605,-83.94983799193577,-85.97590962491071,-63.76349827552868,59.217543300463475,270.5007480698147,-908.3038618793613,426.0314771316274
2025-09-01 23:43:55.384000,2.858878731879318,-32.18884726194896,-87.8591873507848,-73.90882451258076,-55.991250039075375,-83.43667649355949,-83.81189628927591,-61.80619518111082,59.534566578059206,270.53625337671934,-908.4329883072827,420.28535774083247
2025-09-01 23:43:55.394000,4.7469528688281954,-31.085278458744824,-84.97005878467911,-70.94929059889404,-52.70624257101641,-79.3045675443987,-77.830932623199,-56.53766391817157,59.827617480513716,270.59154435582144,-908.7388108676847,416.64421357868594
2025-09-01 23:43:55.404000,9.202025500607006,-25.53324333498699,-77.5596462434191,-63.18611531932235,-44.97285181927054,-70.63582108254168,-67.32104124834378,-47.35641396646982,60.08421495614781,270.65602949571183,-909.2567109516341,415.12322502984796
2025-09-01 23:43:55.414000,16.52464834720043,-15.029040276484738,-65.20376713778023,-50.245354842868565,-32.50111711697381,-57.14841407228749,-52.23614759615101,-34.225132585838494,60.303217025594385,270.72587798252056,-909.9838768167998,415.616741530546
2025-09-01 23:43:55.424000,26.48190148179552,0.10081786151157154,-48.31908439822338,-32.65367724419196,-15.846853679162617,-39.41110571183781,-33.39202968784552,-17.810958850785187,60.48243730252595,270.79902546511886,-910.8596930341521,417.96131219591086
2025-09-01 23:43:55.434000,38.2535609334468,18.59315381248687,-28.269050602257483,-11.914235583258723,3.5470924913154205,-18.91822484672376,-12.522599490007796,0.4883687977407076,60.61071267421101,270.8712484815568,-911.7727841949444,421.9135985335396
2025-09-01 23:43:55.454000,50.46890102006769,38.293699544320944,-7.318633146275261,9.577653640441214,23.44528426258252,1.9870981326816748,7.862249020398504,18.624799529595712,60.66915600101182,270.9327496340155,-912.590576061399,427.0876835754467
2025-09-01 23:43:55.465250,61.38296747329169,56.432813249338764,11.649759559119792,28.854926349495823,41.105013308791094,20.429919628335796,24.886228345549327,34.16385079327823,60.638942980285314,270.96643553388765,-913.1971022606352,432.94211302536536
2025-09-01 23:43:55.476500,69.21463433098936,70.14612186118552,25.68341036266533,42.94567776729734,53.785314089373095,33.574359439119775,35.90558402786748,44.76871440131398,60.509519268870925,270.9506062318562,-913.5260816483428,438.90095005332336
2025-09-01 23:43:55.487750,72.55243243109857,77.09485158846817,32.419628201073785,49.53329049109685,59.35210972018066,39.270559345363786,39.103520885022604,48.75992163226262,60.27863696479472,270.8671790722851,-913.5751223557768,444.5514261057801
2025-09-01 23:43:55.499000,70.66451483391663,75.95576551368325,30.610310404641016,47.4593196879592,56.74185175845747,36.51933899154332,33.88409752439215,45.50991972898058,59.943089211044374,270.71219197764526,-913.3891745433522,449.7647855360584
2025-09-01 23:43:55.510250,63.64712398336262,66.6848244620283,20.3895465410446,36.9557798484732,46.18070558351078,25.66923808251433,20.999425246303115,35.57936630596699,59.493116656784856,270.5011478735032,-913.0230927823147,454.64087243986035
2025-09-01 23:43:55.521500,52.45705885085345,50.599941390585755,3.3187180907546283,19.66268747578268,29.21777367996114,8.421638161743456,2.4696323681125776,20.65826942140009,58.921875374448575,270.2643844082539,-912.5119737675287,459.3157198192399
2025-09-01 23:43:55.544000,38.83690255132388,30.27481539428408,-17.779658990733594,-1.5456906703198536,8.583248230921447,-12.343547056245882,-18.66657253636778,3.3456277020288843,58.24253779927153,270.0359101424777,-911.8676690603244,463.779119890179
2025-09-01 23:43:55.551875,25.076359865190952,9.16587128109905,-39.25130877640552,-22.982298230647885,-12.202506706108217,-33.00000541018451,-38.80045249637731,-13.266093081019397,57.49718375151325,269.842939771278,-911.0959705834425,467.8185328131068
2025-09-01 23:43:55.559750,13.59051594812826,-9.035911695475106,-57.29694117449802,-40.82366408404714,-29.482014239199124,-49.86963151811793,-54.4014489134649,-26.184257783758007,56.75325389667687,269.7012024825254,-910.2162534888602,471.08556596072765
2025-09-01 23:43:55.567625,6.416467403368478,-21.169940543397196,-68.74229807960599,-51.88698254118831,-40.21525783373476,-59.984827760647036,-62.71643804619458,-33.12374226215753,56.09350932152914,269.61792912938853,-909.2713501127149,473.2140627916084
2025-09-01 23:43:55.575500,4.8055899035617005,-25.228343482920693,-71.63138966200499,-54.25025682973077,-42.574646746569215,-61.64026952485381,-62.280827537029005,-32.91640473672573,55.60380265047697,269.59964043805314,-908.3274074452169,473.9386059002574
2025-09-01 23:43:55.583375,9.005253399180313,-20.69403780208177,-65.53699061507054,-47.57362711026279,-36.24960915242868,-54.641973395435464,-53.1475950586792,-25.665424621974303,55.36095603747547,269.65738908231737,-907.4657871734768,473.19842239098114
2025-09-01 23:43:55.591250,18.205850606504786,-8.616895564344848,-51.6413773038278,-33.14694323722213,-22.504611642030955,-40.33601271819792,-36.899992728148916,-12.720643403127971,55.42216074815245,269.8051389228101,-906.7673333976919,471.1840739226817
2025-09-01 23:43:55.607000,30.64215518967242,8.55185019988622,-32.592027108475556,-13.69871744182764,-4.017281530035629,-21.437844657613976,-16.460673758411662,3.5008806874565095,55.81301738286226,270.0546246274709,-906.2933307523045,468.2622411555166
2025-09-01 23:43:55.618000,43.88939339988239,27.39175079191319,-12.067759226685377,7.053543180283537,15.562815623014066,-1.5930065277636052,4.375439872621224,19.901514903605943,56.5131260116429,270.4121295824055,-906.071704488202,464.8370867885932
2025-09-01 23:43:55.629000,55.363993331611326,44.214668930671166,5.969213632869671,25.139912341834723,32.36908817571656,15.36293950624546,21.711030407688664,33.326140786244096,57.44771974514667,270.87762354031247,-906.0948337047048,461.29263471998314
2025-09-01 23:43:55.640000,62.945793180117114,55.95047420953196,18.235403264075035,37.288267485051385,43.27038962523736,26.3372318945401,32.494519950085355,41.32887905743391,58.49529587652633,271.44043007952894,-906.3289728915802,458.0287682165053
2025-09-01 23:43:55.651000,65.50838807467758,60.9319045619474,22.97448506480119,41.769017662874695,46.67972640603095,29.77601979320608,35.30351921155189,42.80091809279892,59.51013908614835,272.0693149853448,-906.7288322246062,455.4812028910852
2025-09-01 23:43:55.662000,63.09432414258982,59.17514283163268,20.248259424200498,38.688038069131196,42.800635451284045,25.9071083706616,30.547871015530234,38.12155564802109,60.34986750715201,272.7090325757408,-907.248235028742,454.0434350266673
2025-09-01 23:43:55.673000,56.65624637490837,52.01019766196213,11.523962392977833,29.57095956583138,33.19149320035567,16.305779676031843,19.986277565870367,28.755237802719666,60.89996804351824,273.2937903584827,-907.8422356913378,453.91754866840336
2025-09-01 23:43:55.695000,47.552791261122515,41.33548872423993,-1.1264661464718502,16.542005338048607,19.95619607179894,3.0905922893593734,5.8854765616288125,16.566426223105125,61.09195040079405,273.76749915672724,-908.4648891585957,455.0073066651179
2025-09-01 23:43:55.702500,37.0757628039295,28.921397669000463,-15.751788275153553,1.571217094322389,5.011410188968022,-11.795541852899724,-9.715337201412284,3.229290886654664,60.912796540211076,274.09492194067195,-909.0706981492771,456.9112839650003
2025-09-01 23:43:55.710000,26.206772180468207,16.06404301931458,-30.857588476736996,-13.87801092658103,-10.249307929021779,-26.89571016317166,-25.322473755146746,-10.01103158631228,60.40310357957249,274.2611069162372,-909.6208504847931,458.99350880099075
2025-09-01 23:43:55.717500,15.651592127546357,3.660616336646509,-45.27452503636952,-28.735352011250523,-24.81683837233118,-41.072519741074295,-39.835141919778586,-22.186025254662514,59.643079536939396,274.26566584899405,-910.0877292887575,460.52393057112056
2025-09-01 23:43:55.725000,6.005614362716478,-7.5081289701781335,-57.798321068208004,-41.99724724065116,-37.709867426717175,-53.13791656711362,-52.19359872529307,-32.297893441333066,58.73028521687078,274.118225282902,-910.453525518489,460.8676147684936
2025-09-01 23:43:55.732500,-2.1835128435464912,-16.643120450285856,-67.05292666985852,-52.598040592102556,-47.83987031099875,-61.73696034807073,-61.2590586055139,-39.23416636951617,57.75854086097544,273.83687181866776,-910.705647911068,459.6350371167547
2025-09-01 23:43:55.740000,-8.537634364944491,-23.097826481923374,-71.80199805437832,-59.65304252187646,-54.28049960510035,-65.6830535634154,-66.09896851042863,-42.052388275001526,56.80681300122908,273.4477981267071,-910.8384112005225,456.73223133915087
2025-09-01 23:43:55.755000,-13.0274272938437,-26.701983643350392,-71.48440479191608,-62.86836555826501,-56.708616171019436,-64.49974469085494,-66.4448143925265,-40.42279266651838,55.93676583817548,272.984380970266,-910.8673471942079,452.3625411294731
2025-09-01 23:43:55.766250,-16.050677687240047,-27.97281015045107,-66.5745697836027,-62.78681619315055,-55.669511830362886,-58.76554244275861,-62.96144773385811,-34.8945225448913,55.191352862280226,272.4848661386811,-910.8412726174688,447.0354215567164
2025-09-01 23:43:55.777500,-18.348391812095137,-28.03978351132857,-58.52792387803333,-60.689335835985,-52.48390672699352,-50.02475868762613,-57.125454393069056,-26.797157091954155,54.59404937550803,271.98926442423976,-910.8315953663753,441.534462200678
2025-09-01 23:43:55.788750,-20.79586751851187,-28.308899922601995,-49.36411941986547,-58.21793080474911,-48.84962831201489,-40.334816163225405,-50.78265766821839,-17.851046720672183,54.152577052994275,271.537881517609,-910.9057585635583,436.78741165250096
2025-09-01 23:43:55.800000,-24.149091916750276,-30.048190665667054,-41.132257648894196,-56.918168381295324,-46.34420170777912,-31.71839937076308,-45.63596456749642,-9.720439042547197,53.86513751047889,271.17138057785394,-911.1066706024303,433.6627685193224
2025-09-01 23:43:55.811250,-28.803424451967306,-34.02531664772535,-35.424607580623615,-57.82325020345797,-45.988108763238834,-25.691975522576456,-42.831561036947974,-3.6463977357748414,53.7263237582601,270.9273604641807,-911.4460958660618,432.7649906478609
2025-09-01 23:43:55.822500,-34.604623432970385,-40.22499969431532,-32.97429956003474,-61.12507971185412,-47.925106105553404,-22.89070818165924,-42.66340053858585,-0.161637792105055,53.73423860089394,270.83170122390453,-911.9114753707408,434.3134128767932
2025-09-01 23:43:55.845000,-40.7746823561101,-47.71408448417902,-33.42026905933035,-66.01915770843915,-51.28698039034314,-22.859210521371033,-44.4366867423507,1.069770831496952,53.89867500423366,270.891911458792,-912.4841640934387,438.14285938669457
2025-09-01 23:43:55.856375,-46.01966439388898,-54.77554654198513,-35.375424103065264,-70.82345905057483,-54.340240566471344,-24.147967297415384,-46.58732376397072,1.1820366514355989,54.24274881288246,271.0986141092757,-913.1553380642644,443.7656555884736
2025-09-01 23:43:55.867750,-48.85904038881836,-59.37377831488152,-36.8614783149046,-73.42577145226383,-54.97635352115283,-24.78076657683327,-47.120107579117466,1.73985394499215,54.78940754868302,271.42961685447295,-913.9218183643529,450.435028822592
2025-09-01 23:43:55.879125,-48.12335014021114,-59.86654263159828,-36.037206232524845,-72.01106929494426,-51.47689251689992,-22.994708058014474,-44.30810984430773,4.135835344722092,55.537688372528905,271.8481750707227,-914.7603401880003,457.22773435419225
2025-09-01 23:43:55.890500,-43.397135527704364,-55.664056729098505,-31.932189882742957,-65.77927756999792,-43.23048841985457,-17.943204682455054,-37.37545468093362,9.017568024568549,56.447136125331,272.30054048147696,-915.5954861236735,463.2015207134804
2025-09-01 23:43:55.901875,-35.12755670649613,-47.428078066577,-24.761723217035538,-55.210640948364414,-30.95045643586005,-9.958027465279905,-26.763269768675173,16.084465778909568,57.44232815844676,272.7217859636922,-916.2836904913692,467.63657973598754
2025-09-01 23:43:55.913250,-24.334780665289056,-36.661982730361856,-15.632607333746554,-41.7063964891694,-16.245884598492232,-0.21725422999132354,-13.818499584996838,24.366196703831115,58.42971816865349,273.0404182641272,-916.6329267915403,470.22729671199465
2025-09-01 23:43:55.936000,-12.14542704297516,-24.97870072370954,-5.880387400290561,-26.893154953790738,-0.8698438444244474,9.921750814352299,-0.13871813834488864,32.7706626573546,59.31354020602275,273.17270873212703,-916.4590360008424,471.0682355715086
2025-09-01 23:43:55.947250,0.5635927677964492,-13.495680290352487,3.527421734577074,-12.04121756254037,13.893720977595624,19.488719510213993,13.033960536507097,40.553388883832795,60.00841060551563,273.0258195669867,-915.6562639677321,470.4900992693253
2025-09-01 23:43:55.958500,13.28022568210974,-2.6255444505804526,12.210165201470161,2.1525890565648638,27.460890632654095,28.07063079303879,25.078772911747663,47.44569798959481,60.449658710221016,272.5251777415401,-914.2488872483137,468.9250558178268
2025-09-01 23:43:55.969750,25.80881019861502,7.784125506553139,20.20688260848235,15.487384513267726,39.86019380085869,35.604877633663904,35.89077081351637,53.44368700314786,60.598425559767236,271.6480167987548,-912.3963422313064,466.83955806530287
2025-09-01 23:43:55.981000,38.19738749076482,18.191929889200043,27.66183889988118,28.092023690406403,51.5275956355322,42.05412181430051,45.60412683356863,58.507843155487926,60.44111499317347,270.440902501571,-910.3478850291327,464.6284716789329
2025-09-01 23:43:55.992250,50.65540653225128,29.09478750357482,34.5441129669016,40.22804583524946,63.05042467567334,47.15666975866637,54.30739317793457,62.37224692197246,59.98595999409219,269.01751831765296,-908.3722519502068,462.4490878797652
2025-09-01 23:43:56.003500,63.381242512180535,40.69453643633773,40.417983693786525,52.01271924904769,74.80596914697973,50.26393661673159,61.78116627085865,64.46180758879204,59.257228096960844,267.5398666664776,-906.6927476231789,460.1352792542176
2025-09-01 23:43:56.026000,76.27015389984331,52.531843712810385,44.30913735027985,63.11877120591609,86.56035727880051,50.28359688427271,67.31739699861859,63.884242125138265,58.28829842365281,266.1849572136609,-905.4429437445087,457.3174571256238
2025-09-01 23:43:56.040750,88.63420711605957,63.32292675713185,44.79958704704008,72.61491486573837,97.26494134378574,45.842036531523476,69.74263864900088,59.55296112071016,57.1195887403196,265.10263245649367,-904.6532633007149,453.707477096414
2025-09-01 23:43:56.055500,99.22903284815861,71.25587143514103,40.45094386436724,79.13944432376492,105.3052518558317,35.743193725851924,67.74888784212393,50.52739546223312,55.80376819003593,264.38181073081176,-904.274285826479,449.352492425117
2025-09-01 23:43:56.070250,106.72784949840042,74.73590610563542,30.48788882079733,81.48662389019121,109.23077185863842,19.61446153226614,60.50823582866018,36.52941486058705,54.410980402104116,264.04621341953697,-904.2203607337443,444.65349573178344
2025-09-01 23:43:56.085000,110.34032103459036,73.17723728521828,15.40451242082225,79.32649314393578,108.57628451059362,-1.5991952635347735,48.2721537901414,18.35607500008117,53.02685217918875,264.0791412981194,-904.4041755327036,440.12178615034406
2025-09-01 23:43:56.099750,110.1247486191948,67.3074746973338,-2.9437454273739534,73.52780851786362,104.1934840023884,-25.663707677888034,32.51004126743509,-2.145673394396948,51.743714961035934,264.45256958822716,-904.7482463897456,436.06299612967985
2025-09-01 23:43:56.114500,106.84208870697731,58.786846645955386,-21.88388888302994,65.83039013219894,97.85966126899955,-49.66469636301137,15.442029640070432,-22.588563901325283,50.64825598509016,265.1404910343031,-905.1794018841416,432.4290827234471
2025-09-01 23:43:56.144000,101.51442309206487,49.43247204035942,-38.79637336916287,58.11464006647973,91.46050913376718,-70.88244535006007,-0.7238337861177329,-40.75634345382122,49.807928030726934,266.11700883516033,-905.6225511537135,428.9132920018318
2025-09-01 23:43:56.151500,94.9648440998572,40.532679181574515,-51.87211880396592,51.717688773575944,86.24475292323609,-87.5156654427117,-14.41775471365302,-55.167060190890055,49.25917186456545,267.34739329706036,-906.0093926299427,425.19061553278374
2025-09-01 23:43:56.159000,87.56695349980578,32.57768045854893,-60.45264553831268,47.10888894599693,82.4956749900672,-98.96960950990743,-24.95853395374022,-65.2771605206991,49.001343220447815,268.7771670206103,-906.2983768183375,421.18894129561767
2025-09-01 23:43:56.166500,79.222932414425,25.413095431623244,-64.90321158557545,43.97580304244406,79.67789191539035,-105.68531040740643,-32.438136785462476,-71.33270868554942,49.00020346844033,270.3239213973509,-906.4826333635194,417.2730572310546
2025-09-01 23:43:56.174000,69.4532007878959,18.598375534087303,-66.19156084102724,41.58331122041542,76.8870423414721,-108.71305639747577,-37.39208312355053,-74.03666526345692,49.203272380799035,271.8783532169377,-906.5728717208477,414.20058644634184
2025-09-01 23:43:56.181500,57.59425773818883,11.777770070505273,-65.38141205345359,39.24398497706309,73.38184394282601,-109.22578109203812,-40.39252601941228,-74.18362687710294,49.56199907470682,273.3180019466771,-906.5710075526574,412.84437010372056
2025-09-01 23:43:56.189000,43.137847694721366,4.979152463051245,-63.193915863366826,36.75333864063788,69.02675127948724,-108.07447530112667,-41.67643453090995,-72.34921192236254,50.047952161803124,274.5285238685924,-906.4600829463282,413.8864518425675
2025-09-01 23:43:56.204000,26.083870964096604,-1.219063635176592,-59.76268117997967,34.62873469876348,64.50993118245243,-105.49319038620806,-40.966784333959616,-68.71756367114061,50.654717307501464,275.4222667728787,-906.2159717146785,417.65227478196095
2025-09-01 23:43:56.215375,7.126154018776316,-5.7120539320857935,-54.63667662208081,34.05087272453547,61.25942016532353,-101.0555641287358,-37.59904760733845,-63.09080288910854,51.38802945601612,275.94871784902944,-905.8258383563204,424.01654329171845
2025-09-01 23:43:56.226750,-12.435731559311687,-7.121364852401983,-46.997808507384185,36.53127114896717,61.05298925323985,-93.9103252747634,-30.861255765294203,-55.06572734232327,52.25041999847327,276.0984619388136,-905.3004117547154,432.3110928255986
2025-09-01 23:43:56.238125,-31.05732075935416,-4.226677802393531,-36.00552642869792,43.43493117013389,65.43327029396885,-83.20496741226067,-20.301011460706633,-44.30354674154856,53.22595585546788,275.9038026001074,-904.680932370071,441.37578359249954
2025-09-01 23:43:56.249500,-47.426207552158665,3.596596964621431,-21.15037215756156,55.525271594123666,75.16924651404779,-68.50737691329856,-5.879304729707213,-30.772022319486503,54.271224444063655,275.4365725772955,-904.0485955672847,449.8573325854792
2025-09-01 23:43:56.260875,-60.84310824515001,16.09575979205896,-2.545440022792626,72.62848616565653,89.94848277923441,-50.09129002768108,11.913574589542508,-14.913964532296289,55.31819573951145,274.80125742569624,-903.5321913870807,456.6103229064987
2025-09-01 23:43:56.272250,-71.38057149515325,32.054912966290175,18.872943106590647,93.46101757656844,108.31753159309518,-29.074897329225422,31.905308770785133,2.2394961601436068,56.28860977638067,274.12264354715035,-903.2945119761825,460.96412106571813
2025-09-01 23:43:56.295000,-79.80180919023168,49.391667977345406,41.30484304736112,115.69352984838234,127.84372417000431,-7.4125625597040115,52.18736190686541,19.064966029811863,57.11209297883667,273.5297753507447,-903.4935059775047,462.7634984429509
2025-09-01 23:43:56.302625,-87.30895798640266,65.44596835834317,62.28166748254559,136.29733113914372,145.49366365106496,12.313346229315547,70.31441225333718,33.540666741622374,57.74032067126659,273.1376310150719,-904.2413013217649,462.26406797141556
2025-09-01 23:43:56.310250,-95.22203509195178,77.44982747119168,79.09777722288084,152.12444604950616,158.1856376011363,27.345637717005893,83.75551290517444,43.64052523123132,58.15362826548751,273.02845936872166,-905.579985677092,459.98949731444725
2025-09-01 23:43:56.317875,-104.6961699179033,83.05949453515584,89.37721317078586,160.57303738364212,163.3745730318788,35.37133819274051,90.42509833225282,47.807386868318254,58.35979211326298,273.2385554626477,-907.4716637357913,456.5944733048426
2025-09-01 23:43:56.325500,-116.54941335286871,80.78698259453472,91.61320648965055,160.12765231408883,159.5031496239511,35.092513967637,89.08246040889073,45.33097991690311,58.39105496521367,273.7555723047652,-909.7991482921495,452.7379872081484
2025-09-01 23:43:56.333125,-131.1433288996414,70.30234764578496,85.56546906144638,150.65332597500947,146.29965703766263,26.57525533418544,79.58104328849643,36.542822663649396,58.3045514391766,274.52643437817557,-912.3831512631127,448.968960487698
2025-09-01 23:43:56.340750,-148.2198222673166,52.65078050552211,72.45369954252664,133.48262103207404,124.987385254246,11.340114260982114,63.07788220240683,22.840814034887366,58.17796452804455,275.47279327057487,-915.0140476518709,445.67678775098915
2025-09-01 23:43:56.356000,-166.75258982300429,30.287806181005067,54.88156851015059,111.33390787450583,98.32161775270399,-7.805170906150123,42.12958834924234,6.5544496069288005,58.091342740620696,276.50789008773637,-917.4844272952581,443.1587394636341
2025-09-01 23:43:56.367250,-184.98841733922444,6.758574455134554,36.45988604788941,87.97810505252282,70.25007897185887,-27.20514386981015,20.448914188703807,-9.371384699292207,58.10350089897547,277.5477125960061,-919.613620027266,441.70629997679146
2025-09-01 23:43:56.378500,-200.78275387616156,-14.023668184293124,21.12954252254107,67.55271227673805,45.11480163638616,-43.06512725161235,2.208941951314049,-21.90725983359483,58.237220091141864,278.5143149500605,-921.2619866250154,441.56391356546203
2025-09-01 23:43:56.389750,-212.14815445512963,-28.740436108918217,12.218308659272022,53.60121584321631,26.58666125779078,-52.356123858125194,-8.994402787379242,-28.65455467229415,58.47382096032558,279.3324705224234,-922.3301916570568,442.80750318420127
2025-09-01 23:43:56.401000,-217.78666089143107,-35.51728584941531,11.508707019717676,48.187278013804864,16.753577067586,-53.62889372763884,-11.136279776060602,-28.505004675179148,58.75198183187233,279.9215236993929,-922.7440855519859,445.3033132998286
2025-09-01 23:43:56.412250,-217.4045695115943,-34.27518368826468,18.839546812251438,51.510159980658784,15.762887182403752,-47.27676758879235,-4.1947354406256085,-21.864785870212767,58.97398998638216,280.19221823588254,-922.4431457886418,448.770415441037
2025-09-01 23:43:56.423500,-211.70767593119723,-26.450108808351462,32.50094456062434,62.17668593231487,22.13682192079024,-35.06146578791455,10.186697239631407,-10.301829313823294,59.021495244006594,280.0613049909454,-921.3911605373215,452.84133944015286
2025-09-01 23:43:56.446000,-202.05855147712478,-14.2668225510875,50.111273662163725,77.91761603325928,33.562642878938995,-19.235458239609073,29.504381796640136,4.128234835217414,58.775081507303334,279.4792069815863,-919.5995921144106,457.07856056879166
2025-09-01 23:43:56.453625,-189.9897403251421,0.07016344979769575,69.43102019016511,96.35401044328651,47.74227816348944,-1.7842865262159426,51.18032612433981,19.496901157149537,58.13551851867575,278.4516292457048,-917.1338699305039,461.00939282105463
2025-09-01 23:43:56.461250,-176.8812943974785,14.913698269970704,88.77924210794914,115.47760771856848,62.87885407861859,15.897773835553167,73.02891392607,34.32837854563042,57.050096095121,277.0460982130858,-914.0979648263486,464.2151097334141
2025-09-01 23:43:56.468875,-163.8553025028122,29.294156402057443,107.07771522093701,133.77744653917398,77.69557407400887,32.94338114341168,93.40555397606758,47.64380049549975,55.54387166552346,275.3892863669253,-910.6305981943419,466.3975529708281
2025-09-01 23:43:56.476500,-151.7608461899058,42.71413749673461,123.73641138644828,150.17043714151035,91.21467810014019,48.81929034504707,111.21020155205322,58.87396333115801,53.74505961005784,273.65888636035635,-906.9284479175814,467.3481397976979
2025-09-01 23:43:56.484125,-141.23304407778167,54.781430097579765,138.46804561893256,163.84749280181254,102.51560067237514,63.138441712755295,125.82759791703431,67.71491273069496,51.88562021513025,272.0629880232705,-903.2616639538963,466.9155207529981
2025-09-01 23:43:56.491750,-132.79741435930163,64.87127026711809,150.9933881647862,174.08275186092825,110.590668602077,75.42653689017273,136.9311981647435,73.90931152565403,50.26633985785538,270.80229616864295,-899.9501271992439,465.0866359559069
2025-09-01 23:43:56.507000,-126.91455958760749,72.01294687174887,160.71718479078342,180.12273360115424,114.38977015784283,84.86823193403366,144.15980679741642,77.00843382576444,49.19491052089567,270.0253851324636,-897.3100451754077,462.07939558314126
2025-09-01 23:43:56.525750,-123.9565889175717,75.03917889003296,166.5840660961534,181.23007242398617,113.0195245257523,90.21540710644533,146.88122686568892,76.2723804894662,48.9186529138969,269.7943310966516,-895.5946962176394,458.3109923057656
2025-09-01 23:43:56.544500,-124.12360559340273,72.91119605772987,167.2925111482235,176.87467803150213,106.00811021002826,90.05295881007505,144.2870120536595,70.86531685413564,49.57256378883729,270.0723591446577,-894.9453656053411,454.28211945827513
2025-09-01 23:43:56.563250,-127.26910206655636,65.15615053754128,161.86635133559588,167.0798189714369,93.61628808726313,83.43059165365295,135.83703204395837,60.33514517312195,51.148948045708174,270.7342927090056,-895.3617212826448,450.46905053893386
2025-09-01 23:43:56.582000,-132.74179715399438,52.26388128121519,150.28791279643028,152.78834194158296,77.07282342172378,70.53018061956648,121.76751081736343,45.095843389831806,53.48770265066054,271.5927102503198,-896.6959255973733,447.2517231621458
2025-09-01 23:43:56.600750,-139.42638320215988,35.748411874379485,133.7537613261328,135.9285213006974,58.496584821137795,52.87976173973073,103.30993068845031,26.54677888894359,56.29676475242958,272.4332573122577,-898.673482261079,444.86715281994304
2025-09-01 23:43:56.619500,-146.0551872143474,17.733945749982936,114.37818896219815,119.01330001231658,40.40492383496434,32.93911338737307,82.49329397874433,6.725829051738107,59.20795079929074,273.0507524948199,-900.9394544218869,443.36854984863305
2025-09-01 23:43:56.657000,-151.71447435394367,0.2648505096762118,94.56132160378796,104.40375614817785,24.935384389803332,13.338322172721783,61.64032973271197,-12.278575424848201,61.84789419187014,273.27163688346764,-903.1184588479433,442.60903771540995
2025-09-01 23:43:56.668250,-156.24414659027315,-15.292372059479638,76.36825889252145,93.54674356379111,13.128758103866089,-3.822281035366523,42.794466477379494,-28.848176833196735,63.898555012633864,272.96194551825437,-904.8756278593636,442.30523450409817
2025-09-01 23:43:56.679500,-160.1398421629745,-28.43624196122009,61.19674612493594,86.63497451511444,4.759301235125881,-17.30832382871385,27.361819300583555,-42.064103688849634,65.13813831620674,272.0397754319245,-905.9723815244205,442.17526021245834
2025-09-01 23:43:56.690750,-163.924267936097,-39.20687196579429,49.8608507785338,83.0051903917726,-1.0912720870276735,-26.595910461956382,16.142158264519544,-51.56577419208149,65.45727212243743,270.49647763916533,-906.3053963682613,442.08337067374026
2025-09-01 23:43:56.702000,-167.4968672495642,-47.64294874188455,42.9160871621607,81.96753371094358,-5.182852004024811,-31.434678200969625,9.614534847122398,-57.214654630114886,64.84709267181039,268.4067991397162,-905.9096602421228,442.130958703092
2025-09-01 23:43:56.713250,-170.09062893455055,-53.51781152928632,40.81946339055526,83.29569707198132,-7.728688112295334,-31.593622693486562,8.101885370108999,-58.90750634867991,63.374505927996324,265.91882788130613,-904.9253160013174,442.6264493022503
2025-09-01 23:43:56.724500,-170.8658119872703,-56.53412569351488,43.71567092927311,87.00590310213794,-8.685718230032483,-27.038702041908568,11.59505006433537,-56.71683325460136,61.166385909191916,263.23461116094336,-903.5520753782454,443.91078914261277
2025-09-01 23:43:56.747000,-169.52593049108341,-56.713517812713924,51.04991824856492,92.79209623674996,-8.295777824865024,-18.344398515707276,19.399205625975203,-51.20825124799597,58.40442053842139,260.5884763746301,-902.0095267949533,446.15001242586607
2025-09-01 23:43:56.754375,-166.4996306243155,-54.65046244577699,61.35760966518434,99.66812887187,-7.387626358595625,-6.947395131990616,29.935096007703812,-43.62316170713953,55.316767196759606,258.21927029043,-900.504886410928,449.2269533588427
2025-09-01 23:43:56.761750,-162.7307961475353,-51.447286353200504,72.46490237144037,106.08831846918666,-7.247445824684373,5.036009120303516,40.93596009518613,-35.693541513746794,52.15781386087053,256.33779861309466,-899.207554888806,452.73414527158627
2025-09-01 23:43:56.769125,-159.23655441396323,-48.275771742459334,82.11081781015237,110.52503725225978,-9.11155063106597,15.430000648464913,50.079503570408235,-29.118784314031547,49.18273230910083,255.10265157130632,-898.2355738403362,456.0114797403181
2025-09-01 23:43:56.776500,-156.60473104771117,-45.766639420550845,88.68383634245069,112.16619776950235,-13.567822309861741,22.721712349748046,55.77738527296754,-25.027179617657723,46.62843927131787,254.61273517821184,-897.6558551393857,458.2351105567667
2025-09-01 23:43:56.783875,-154.71869986137256,-43.70621666852228,91.5944107587277,111.20485783499859,-20.30061565837209,26.42109624735571,57.60958681396236,-23.7759627161143,44.69720524463298,254.9062647864498,-897.4879278479576,458.59723214945205
2025-09-01 23:43:56.791250,-152.8935564384065,-41.3347378602544,91.08718836998446,108.5007414670135,-28.384080447445122,26.88292421218541,56.123418941285735,-25.154100577039358,43.532045845339454,255.9546666147541,-897.7035260101316,456.571297096648
2025-09-01 23:43:56.806000,-150.3199549947957,-38.01413224533546,87.76027292226516,104.913289104986,-36.91262948229927,24.83737302048884,52.24024714394206,-28.750736385765528,43.18971097975539,257.65783996014153,-898.232062740889,452.16015938610906
2025-09-01 23:43:56.817125,-146.54957364354968,-33.780986172344775,82.1822141408373,100.76798117052577,-45.56022190815642,20.983833172803497,46.74533326588608,-34.202115846527924,43.62742580575814,259.8523033003073,-898.9797634472912,445.94927927618085
2025-09-01 23:43:56.828250,-141.71714593383402,-29.436491989220332,74.76455537571549,95.75491253999365,-54.68997219121291,15.812097628579773,40.12901702171909,-41.21059468682016,44.71033477069872,262.33080193280466,-899.8507705776584,438.8872994740103
2025-09-01 23:43:56.839375,-136.3452021802929,-26.16662804371733,65.79598772702515,89.26544993673359,-64.93552898155653,9.621394051729206,32.68641228112386,-49.45685617347595,46.23639871820994,264.86474672182146,-900.7598246378421,431.9268613664584
2025-09-01 23:43:56.850500,-130.96308131599076,-25.016228235250523,55.52456027654919,80.86927338519,-76.63876828522113,2.655772826139578,24.65075668156624,-58.55366359965124,47.973348891246374,267.22725278678774,-901.6424851881634,425.7440326254938
2025-09-01 23:43:56.861625,-125.91115631425757,-26.526163732490616,44.31525326143228,70.63216382717164,-89.56246542071791,-4.6954036341602645,16.324521060898753,-68.01019611076515,49.702401712681045,269.2203450780077,-902.4693649312247,420.6713556639353
2025-09-01 23:43:56.872750,-121.36652961519984,-30.569856581343387,32.88036842404862,59.22943277886636,-102.89007096340607,-11.703645794573255,8.269528120421676,-77.13242544887407,51.258609875667815,270.70210430979733,-903.2587846929358,416.8110441410885
2025-09-01 23:43:56.895000,-117.34883871893287,-36.29991808598194,22.409433357974166,47.94438153782512,-115.29423815283955,-17.23842606260762,1.4663196134048158,-84.93578920011815,52.55219078636841,271.6014391647106,-904.0780289322175,414.16590746259124
2025-09-01 23:43:56.906375,-113.61221679039676,-42.19403162198598,14.454902185849273,38.579856498877795,-124.99580292011582,-19.91624887025641,-2.716468340426073,-90.20162021517076,53.562899664425615,271.91791629940644,-905.0301568382046,412.69581863898446
2025-09-01 23:43:56.917750,-109.61115991528283,-46.31498335160175,10.569752385385023,33.153750613059806,-130.01599798732943,-18.453473179881875,-2.8563576697576214,-91.75337967875373,54.31494447024059,271.7148217745073,-906.2270852596373,412.3754853419327
2025-09-01 23:43:56.929125,-104.73846740830162,-46.9036610120165,11.752069173244298,33.25739341095103,-128.82240054812667,-12.161707819647788,1.8808044635860017,-88.92716314334365,54.845102134400975,271.10944751303214,-907.7475119988123,413.30136750117566
2025-09-01 23:43:56.940500,-98.70528843041161,-43.12407902672724,17.916081950377702,39.34411812989501,-121.08307786553168,-1.392025883036574,11.12498975990424,-81.99914720467247,55.175561788846636,270.2593961334116,-909.588433915849,415.72863303239694
2025-09-01 23:43:56.951875,-91.70363524291994,-35.44858184041235,27.78556463840055,50.48944761388985,-107.91546081775748,12.416845276521727,23.257342510546945,-72.22559728181416,55.302737882125065,269.3445821853982,-911.636046646774,419.9090853133854
2025-09-01 23:43:56.963250,-84.26454892139772,-25.35837770706214,39.37977544364313,64.79278393188258,-91.42772768000772,27.2447518672036,36.06326694043094,-61.39489096582218,55.20601287157176,268.5463279077309,-913.6770508712199,425.79579416610807
2025-09-01 23:43:56.986000,-77.04097524051203,-14.587823849523145,50.793543354822226,80.07336766771941,-73.93356376653708,41.255526857171574,47.625368695835434,-51.15800559071561,54.86815194572877,268.0252923009174,-915.4485711459946,432.8738933274839
2025-09-01 23:43:56.997375,-70.63914087066,-4.419968935049758,60.809650680613046,94.49485142781458,-57.29334454910596,53.35272428197969,56.930211661806695,-42.5173760567705,54.29516418856073,267.8993120867529,-916.7076169126515,440.3116257667943
2025-09-01 23:43:57.008750,-65.47445071404124,4.618302155331876,69.08976421658068,106.95439373584806,-42.5975705568271,63.3046211843001,63.9559516553058,-35.688056124340974,53.52866650619681,268.22586754544636,-917.2942310190888,447.31504492604233
2025-09-01 23:43:57.020125,-61.684240796858845,12.643402360075404,75.98326668712183,117.15429989656799,-30.189490387873906,71.53357747122607,69.32289581104993,-30.291427630949784,52.649209350399936,268.9996230589969,-917.1638187283429,453.3831493484953
2025-09-01 23:43:57.031500,-59.14493304991763,20.094056643848,82.16633828036137,125.39648564516975,-19.877559006945955,78.7722218856257,73.81989137642468,-25.675393344751978,51.7713506056312,270.1692413440647,-916.3790844665023,458.312362960526
2025-09-01 23:43:57.042875,-57.57009856827096,27.386561915366578,88.26919581784664,132.24622832009103,-11.219322207936893,85.69282809745548,78.05548617217896,-21.207644337035067,51.0312643595381,271.6616276992495,-915.0733681124433,462.0582319832905
2025-09-01 23:43:57.054250,-56.69696555695919,34.58468951631378,94.5227047776944,138.12765541996848,-3.9020265821213793,92.54159985572359,82.22758106914915,-16.531598324931224,50.565214178676115,273.3962019245274,-913.4020121415269,464.63083622061816
2025-09-01 23:43:57.077000,-56.56883551303955,41.1305194959569,100.48364173242527,142.8814134926842,1.8190992088890894,98.86338362789228,85.96510091845566,-11.7886595412785,50.479066310449134,275.28293382306316,-911.4969976011085,466.0922882967101
2025-09-01 23:43:57.087875,-57.69905264089858,45.79964798099636,104.96018386039371,145.52079680571947,4.92091703615336,103.44368101941122,88.30008869126334,-7.753795868042062,50.81860167556658,277.21318202359237,-909.4492860871496,466.5984499627142
2025-09-01 23:43:57.098750,-60.89337685227556,46.97457122265451,106.2199963687208,144.48894128360547,3.9120850109654683,104.5576585461298,87.8266095596913,-5.76240950680891,51.55308238118186,279.0569567593823,-907.3311661814586,466.394243925584
2025-09-01 23:43:57.109625,-66.9122428141957,43.09255932637522,102.47345109154014,138.33515995772208,-2.531276927197025,100.49564944884825,83.07459563188264,-7.311775240697338,52.57478085002205,280.671481536438,-905.2349690698655,465.7651907753997
2025-09-01 23:43:57.120500,-76.26654258399488,33.08240156830714,92.48180341383092,126.36240162927861,-14.98763434051441,90.16340781990807,73.04936239609478,-13.474218143814166,53.71174549768179,281.9174894082863,-903.2936333921151,464.9977152035666
2025-09-01 23:43:57.131375,-89.0450997514485,16.7799596594183,76.05021068808527,108.96693052957306,-32.9364851503935,73.53186262906227,57.69747837107216,-24.437355194181304,54.75399721992582,282.6799607487855,-901.6706330388123,464.33126649371286
2025-09-01 23:43:57.142250,-104.60442402020993,-4.716442887413937,54.2662587798034,87.72233398494883,-54.619064722691796,51.84632231734807,38.074268719464946,-39.29403348637623,55.49022842960912,282.8912744976317,-900.5318789383361,463.88139270653585
2025-09-01 23:43:57.164000,-121.3635100393807,-28.983326136621557,29.467977223078424,65.26099046385413,-77.19168282023892,27.573796838326587,16.247950909055422,-56.05476663824811,55.74308598903212,282.55051162480527,-900.0198548502096,463.56666475636496
2025-09-01 23:43:57.172000,-136.98691594538747,-52.642804359776235,4.930410920161075,44.90725140177549,-97.20218670206938,4.0633476017339945,-4.966881255353775,-71.92520122174453,55.39376413077348,281.7287799407319,-900.2371722592732,463.07943634687865
2025-09-01 23:43:57.180000,-148.8872175984476,-72.03701766270952,-15.715682101690058,30.07085106452591,-111.25082942422632,-15.052078356749666,-22.480594487796292,-83.86898406434855,54.39885067334864,280.55453986121927,-901.2355978045537,461.9583212235906
2025-09-01 23:43:57.188000,-154.8114923673886,-83.96651887060418,-29.216964194177294,23.534248981037685,-116.6684556812362,-26.57341675282795,-33.58087355326077,-89.31743122280372,52.803043153192434,279.18206628097306,-903.0134633314574,459.7834702088611
2025-09-01 23:43:57.196000,-153.2891415035606,-86.29886031431607,-33.397544666445285,26.869961373432474,-112.0491961664766,-28.37289022420758,-36.59305569141012,-86.76898233469792,50.74229926835689,277.75482262438805,-905.5235152020955,456.3856091563033
2025-09-01 23:43:57.204000,-143.85639803667672,-78.37131035754307,-27.6572398463406,40.1405391962001,-97.52761387214908,-19.83055311013075,-31.365627680393285,-76.08182927916181,48.42940697198472,276.3788623287493,-908.6754575642101,451.94171414956617
2025-09-01 23:43:57.212000,-127.12919713409882,-61.17120051321924,-13.149574397728705,61.84615059478646,-74.8103955427974,-2.037292202387922,-19.43792577402072,-58.45509275366525,46.1202716816337,275.1127189210597,-912.3184755222882,446.9528148628193
2025-09-01 23:43:57.228000,-104.73788932432295,-37.25000034565242,7.4168015017354465,89.0880167608766,-46.983620931917415,22.298041324325474,-3.7836858508670437,-36.18848839793723,44.07039559846042,273.96837152298895,-916.2168904602189,442.14271295724745
2025-09-01 23:43:57.240000,-79.10901002456067,-10.371295778354655,30.306602785358933,117.97595501698909,-18.108793977017594,49.283439600907826,11.852742720154705,-12.287045009634777,42.498714320998346,272.9186618165052,-920.0520944537147,438.2778011448978
2025-09-01 23:43:57.252000,-53.146523126184405,15.080564115939362,51.508696857257036,144.25984990932798,7.365123480806848,74.57656282401254,23.863621060266254,10.056961740279798,41.573145662781805,271.9102506989726,-923.4697982800342,435.96101711969703
2025-09-01 23:43:57.264000,-29.74994239831279,34.959718909586584,67.62192687013841,164.16320412956972,25.42840579518518,94.33034261888844,29.700311430738928,28.10102238669326,41.422082478431086,270.8736529100178,-926.1548400582418,435.51817322731597
2025-09-01 23:43:57.276000,-11.12656567999758,46.34886348338266,76.6689694311159,175.294922085647,33.51799307274227,106.11497267945555,28.52500485683497,40.18533975320869,42.157401179143214,269.72230856376376,-927.8957344745153,437.0004228019342
2025-09-01 23:43:57.288000,1.7761656406344104,48.23022023058263,78.42866227424788,177.213500175775,31.228311734083047,109.36198280149502,21.270419135835372,46.02632759897369,43.87802175325521,268.35238267294005,-928.6144214122172,440.21107116421365
2025-09-01 23:43:57.300000,9.293625171021649,41.456589329574776,74.05584739245195,171.249195957281,20.18332828107518,105.06278991620478,10.030997386634477,46.44725198564696,46.63956557670906,266.6596397794138,-928.3604345398027,444.71761106262045
2025-09-01 23:43:57.324000,12.524440332712706,28.09872226599008,65.26853733406081,159.7109330133246,3.1333922801451424,94.9953971394256,-2.8559364609098234,42.753612886878024,50.41338556033947,264.567120549532,-927.2794769849739,449.9077024785517
2025-09-01 23:43:57.331375,12.698793494939626,10.600722651277929,53.63659868979314,145.00510187987052,-17.065338729674608,81.01695810682577,-15.542234883405277,36.197096428783176,55.06877422650303,262.04590287594766,-925.5686003263671,455.1255043516902
2025-09-01 23:43:57.338750,10.890315225230298,-8.804540994842078,40.31383887707192,129.13842666498817,-37.99581360016615,64.75368425659677,-26.947005889982158,27.80343772348781,60.38465026217943,259.11890273190977,-923.4365990410848,459.8257286544923
2025-09-01 23:43:57.346125,8.174260693466147,-28.22064647138201,26.21291903210621,113.73119284570723,-57.67599963364621,47.67699890072544,-36.58196214716453,18.522889452713173,66.06423909944553,255.83919781765962,-921.0869045458152,463.65132525757866
2025-09-01 23:43:57.353500,5.904482506955297,-45.937958653602884,12.336631596700045,100.26954363561704,-74.35191844557886,31.299325796995447,-44.14937570247157,9.443578720633992,71.73451698876632,252.24692039821684,-918.7205607290854,466.43634470657855
2025-09-01 23:43:57.360875,5.660696517463422,-60.40698051349012,-0.13566444562613375,90.16053342637879,-86.50950262962387,17.14428535190036,-49.28965179577533,1.782734283851877,76.95366235358694,248.341029195714,-916.5414398797599,468.19644207277173
2025-09-01 23:43:57.368250,8.793376361713632,-70.51002841540894,-10.166467433697544,84.41338651677096,-93.21889749224242,6.384116929982518,-51.69825092389173,-3.4241365450308505,81.25494938034174,244.09655640109827,-914.7514071441684,469.11731810339774
2025-09-01 23:43:57.383000,15.938522773648499,-75.92255849914051,-17.33904360604194,83.19193567365254,-94.5215925646498,-0.5959478433822961,-51.475145657912265,-5.74964588411234,84.22027449214212,239.5093193798021,-913.5333837715926,469.51566211584566
2025-09-01 23:43:57.394875,26.796936208177563,-77.29383408052882,-22.13158345724936,85.58391105509907,-91.57794206570776,-4.371788885818372,-49.4002442297368,-5.623161522747737,85.55778018376303,234.63326372240763,-913.0243704092497,469.73271332823913
2025-09-01 23:43:57.406750,40.177172458644414,-76.16023773105088,-25.79170286413764,89.72134282261995,-86.53199382039429,-6.275330451036549,-46.89580999018042,-4.192688123009376,85.16059474520128,229.59618067179363,-913.2857881849254,469.9660929332621
2025-09-01 23:43:57.418625,54.259507611944514,-74.61179160820647,-29.88962428188961,93.20170666073646,-82.08850657581115,-7.951545276793392,-45.66564031959925,-2.874027205695849,83.12923102772126,224.58583563758302,-914.2836932428222,470.16953867025984
2025-09-01 23:43:57.430500,67.04878387448119,-74.76709080162134,-35.83328351825554,93.67451113966018,-80.82951299989594,-10.924101042340395,-47.22506582805791,-2.907231488871115,79.75411734878021,219.80639546267605,-915.8876265064499,470.12134492020704
2025-09-01 23:43:57.442375,76.91719466292592,-78.17692241802222,-44.50840710212526,89.44524644614441,-84.46361916341746,-16.25103150950101,-52.477568216986654,-5.079131266073828,75.46918055752617,215.4353913083268,-917.8867376112601,469.6060589282501
2025-09-01 23:43:57.454250,83.06909457636222,-85.34357132260845,-55.97380729296353,79.9800092990283,-93.26865125851793,-24.19259182140002,-61.35929257024331,-9.49725082287501,70.78624350680288,211.61067876666056,-920.0176977266017,468.59936491467596
2025-09-01 23:43:57.478000,85.7388587884812,-95.5169335751642,-69.23713941966153,66.17467243852222,-105.9142733647318,-33.95349078378282,-72.66409589840663,-15.409777545337636,66.21723452532615,208.43630525376165,-922.000661221004,467.3530197861006
2025-09-01 23:43:57.484875,86.06810535074256,-106.80606886082842,-82.34004517847156,50.258985650736506,-119.71839828814372,-43.74298610664356,-84.21956328269212,-21.29140455978245,62.199622349298025,205.98138807085655,-923.5780896056359,466.31461045225086
2025-09-01 23:43:57.491750,85.77422407173928,-116.57358119894677,-92.84895255758582,35.31798919511994,-131.261599087733,-51.27014489381829,-93.41494226496775,-25.281057470099793,59.04352122655027,204.26721446949156,-924.5524586519724,465.93854291434707
2025-09-01 23:43:57.498625,86.73063741047862,-122.05596048899564,-98.50116118871404,24.536870097771025,-137.20568758320724,-54.4372884273254,-97.87821758730617,-25.721502165040956,56.912629490557734,203.2565044234365,-924.82546614374,466.5214275062321
2025-09-01 23:43:57.505500,90.53508961864759,-121.04991804632033,-97.67800473539923,20.370426039614205,-135.10200283102841,-51.85125892699253,-96.04266813804445,-21.512137750256954,55.841252281208035,202.86059313340206,-924.4331623394442,468.1411927435183
2025-09-01 23:43:57.512375,98.11779812349322,-112.46053763147329,-89.66976908058311,23.88126872917407,-123.98605475275099,-43.05368002204769,-87.49195641474121,-12.273352509843358,55.771761603172024,202.9637652173861,-923.5511899839497,470.69283649823103
2025-09-01 23:43:57.519250,109.44637299169541,-96.60835106493622,-74.87819181667201,34.429890855854985,-104.65192762225645,-28.631237908752038,-73.13473404552069,1.5387210313760513,56.58947108352152,203.4446120739643,-922.4510313778472,473.94536447072085
2025-09-01 23:43:57.533000,123.46000532964209,-75.25753677325814,-54.93926111073253,49.78398705978984,-79.55087007120211,-10.259393825709552,-55.18939481809874,18.563346932347194,58.14780749363214,204.18366046159687,-921.4237731396512,477.53823862015736
2025-09-01 23:43:57.544125,138.32354715775574,-51.339431551684264,-32.61146411777308,66.60591629973693,-52.312568772830446,9.430051012401414,-36.8499421787822,36.61170860924771,60.28920314361619,205.0692076772316,-920.7080542504197,480.9279928852619
2025-09-01 23:43:57.555250,151.8593344899153,-28.405629899926986,-11.366562147846688,81.18294388220389,-27.011275316134203,27.23077278923601,-21.63550775195671,52.959761568267744,62.86091093999587,206.0040193748672,-920.4424834007733,483.3774770051076
2025-09-01 23:43:57.566375,161.91308383517605,-9.957688944065325,5.226693671940363,90.18712631718753,-7.407877212500492,39.93783328357583,-12.666057106107182,64.83630541125429,65.71586780607902,206.89882824343226,-920.6389082812918,484.0850420853396
2025-09-01 23:43:57.577500,166.58916123845097,1.1326868294871502,14.167348389156848,91.24721567516667,3.610873590464528,44.98190575781679,-12.131639319952775,69.99099872973201,68.69768456366535,207.65899063953128,-921.1793105672158,482.4734456323685
2025-09-01 23:43:57.588625,164.47575576740135,3.052778252074863,13.624166074840339,83.2654634537683,4.395265206793113,41.01522005018716,-20.963295650202213,67.2309327362773,71.62858734695864,208.18702839121238,-921.8535923546622,478.49193651560984
2025-09-01 23:43:57.599750,154.93151696923104,-4.5589931611111405,3.404374062906673,66.57197190148008,-5.139653676500653,28.355076807602867,-38.563542456448516,56.82842876835641,74.31637861706467,208.4004234365027,-922.4327690026164,472.6990415759748
2025-09-01 23:43:57.622000,138.3469458252998,-20.31748202523686,-14.84069459607478,42.953702459773446,-23.27767620691996,9.112858309062275,-62.67135624755525,40.64406189535303,76.57588557282271,208.2471148153235,-922.7406690918757,466.0445864664963
2025-09-01 23:43:57.632250,116.23217372607496,-41.196009388319304,-37.8167274564688,15.4376183603514,-46.66660629738325,-13.125746582841984,-89.60893767741776,21.84267475504297,78.25365522122935,207.7128867093363,-922.6926644081058,459.49141680630976
2025-09-01 23:43:57.642500,90.9928277094636,-63.21202829642217,-61.240913661046434,-12.308113242557852,-71.06035468637195,-34.04680702150655,-114.9985580522149,4.218959640211873,79.24529796561417,206.82288222175768,-922.2985134236177,453.6899894853276
2025-09-01 23:43:57.652750,65.35710905370564,-82.52118830805142,-80.87217372586218,-36.88782686928847,-92.44015698939121,-49.64452582382657,-134.80606895126624,-8.726072367724239,79.492443730566,205.6364231647036,-921.6496055520169,448.8630728505201
2025-09-01 23:43:57.663000,41.68936552607718,-96.4662603198143,-93.62039208100848,-56.020321523210065,-108.01813596564452,-57.24684264710078,-146.36973283107642,-14.671304648971823,78.9608393982743,204.23503229144438,-920.9079130402532,444.92510052994487
2025-09-01 23:43:57.673250,21.596822291839175,-104.07367990100985,-98.24187967231514,-68.8396148769601,-116.63180918066513,-56.1004348638619,-148.95132208523435,-12.967795861699852,77.62534440371023,202.70566341629186,-920.2877619489865,441.69932038763216
2025-09-01 23:43:57.683500,6.0112426058479755,-105.81345235472709,-95.30777863035804,-75.55924090937721,-118.435699576231,-47.28317679056739,-143.56476250578564,-4.55325667840731,75.48207626199373,201.1231643593009,-920.0147795261252,439.0691053880406
2025-09-01 23:43:57.704000,-4.497702238458386,-102.93251204608585,-86.57258691069536,-76.86874363125399,-114.26979681341606,-33.07038754821913,-132.28358638932792,8.604682580948753,72.5783739626036,199.5412997851724,-920.2715613062092,437.0179506034291
2025-09-01 23:43:57.715250,-9.60076526018203,-96.83416792850637,-74.14457652965527,-73.5278631676032,-105.18739867955838,-16.08038015592033,-117.45653457032718,24.226703965623425,69.0389395109251,197.9988071730084,-921.1554492705551,435.60024861991894
2025-09-01 23:43:57.726500,-9.380927027338958,-88.72543752034493,-59.84375597340343,-66.33664964900268,-92.30977568008763,1.4399134454611207,-101.15056166810133,40.27768697885263,65.08343555552153,196.53442949008155,-922.660419717544,434.8887889005424
2025-09-01 23:43:57.737750,-4.421384265880757,-79.46689635202787,-44.921055995213,-56.28101963405319,-76.80546770659204,17.958211010438983,-84.88683682440818,55.22620954738325,61.05390636490767,195.20119250702254,-924.6805906592649,434.9261967491751
2025-09-01 23:43:57.749000,4.475712558802452,-69.53049518806061,-30.076255783652293,-44.55890569198204,-59.77545067810681,32.65576890417666,-69.58454732123177,68.08418041802221,57.45144220635432,194.0764801342528,-927.0360345238087,435.69363133723084
2025-09-01 23:43:57.760250,16.64261256361574,-59.11586721990998,-15.63836009295571,-32.4630882248977,-42.13480627618033,45.23443493464625,-55.67192314569586,78.3388621983496,54.925987477162685,193.2625848233156,-929.519520285942,437.10041202380387
2025-09-01 23:43:57.771500,31.52522520660474,-48.47645769831901,-1.8336706067642146,-21.33087607701193,-24.73036686031798,55.62226361703983,-43.3560665979644,85.80382795779842,54.171458000361795,192.86631625171313,-931.9448982053981,438.9921718951997
2025-09-01 23:43:57.794000,48.33913229705604,-38.30461679450811,10.908383409863767,-12.646777786162666,-8.674413550959994,63.63857568376881,-32.94810825519728,90.38571962112246,55.762172512650054,192.9628957080669,-934.1725621641702,441.1719419460293
2025-09-01 23:43:57.801875,65.80731670368479,-29.906974904161828,21.72701571323136,-8.112685105584786,4.429182661173486,68.75735296993497,-25.09360597918242,91.86031360968634,60.008944143713144,193.5734560185139,-936.1093873300335,443.4358265788964
2025-09-01 23:43:57.809750,82.2439725643371,-24.984171030461454,29.376464942552836,-9.411748384159004,12.679788922631756,70.1745901680369,-20.751225501478284,89.86503590033918,66.88581741365797,194.66722852982335,-937.7017389205438,445.63200712749756
2025-09-01 23:43:57.817625,96.00975704323746,-25.007199446581556,32.676525246287355,-17.56658300926621,14.560108950788972,67.25681992813834,-20.782948741156243,84.22582652644942,76.04585483509723,196.16307853967604,-938.9298981396108,447.7129847482912
2025-09-01 23:43:57.825500,106.12497810886309,-30.47660625104408,31.159201932452245,-32.20440888461618,9.770117580107096,60.09603069716264,-25.32603046561148,75.39973375983497,86.91271199751965,197.9151402658601,-939.7940088852968,449.7155659585509
2025-09-01 23:43:57.833375,112.58710126524106,-40.58297727170902,25.41842005605919,-51.351399499166725,-0.42469161223387625,49.71060697116651,-33.46378839082511,64.61341412722398,98.79634168510725,199.7031647178592,-940.2927867639918,451.6573467985578
2025-09-01 23:43:57.841250,116.13140654440478,-53.53247562832817,16.893258918350103,-72.04789705214922,-13.661915068391988,37.72794430953562,-43.499376216327526,53.537134046967125,110.98228380602222,201.25277554776127,-940.4103256029747,453.39654304377325
2025-09-01 23:43:57.857000,117.69853826169471,-67.26576193886504,7.2851271100076564,-91.38909982162217,-27.409474656471247,25.79825578061535,-53.60098884023369,43.72831940869968,122.78914133351242,202.28757709855606,-940.1152406741379,454.5288604949841
2025-09-01 23:43:57.867875,118.03108786848969,-80.12627389862064,-2.0233708490574687,-107.37464019806674,-39.770620295138144,15.08458708549308,-62.396881223695146,36.17134162108255,133.61482123890116,202.59342663621408,-939.36607905226,454.4434865606133
2025-09-01 23:43:57.878750,117.60791423721045,-91.23935476516607,-10.298053774761108,-119.24694571195654,-49.850713961976105,6.039390224473455,-69.27187737651168,31.09784738127043,142.967422007671,202.06456624942987,-938.1224632051766,452.59581095727833
2025-09-01 23:43:57.889625,116.93935828232613,-100.57349113067562,-17.479704631150277,-127.34760049407593,-57.67512976623688,-1.5239404000635441,-74.3343488449532,28.086745315205906,150.44172983295377,200.7061804069871,-936.3694829793657,448.8400565718422
2025-09-01 23:43:57.900500,117.01553112233846,-108.74446787466519,-24.014029222824394,-132.7006802919725,-63.85072949233855,-8.208731716068785,-78.1588028179693,26.316593977998718,155.6383468022558,198.59561485898612,-934.1545218442461,443.57057477979276
2025-09-01 23:43:57.911375,119.49589823804597,-116.62090344835843,-30.565921448441124,-136.51366842876942,-69.15179789731754,-14.746855274869292,-81.43344048089139,24.876103428875485,158.1118522129707,195.83720298095915,-931.6094396597847,437.6038442317744
2025-09-01 23:43:57.922250,126.43743812768165,-124.82242458780364,-37.64351030405705,-139.72412417646953,-74.10436316395793,-21.642105933121538,-84.61916660414369,23.100255763435026,157.4310843628391,192.54320138706427,-928.9312968337813,431.9602539262734
2025-09-01 23:43:57.944000,139.77005426962623,-133.31289581875876,-45.25342556402971,-142.71751406955244,-78.67663984660804,-28.841818816078018,-87.7192468619525,20.835746672213144,153.32725449091402,188.83880781888067,-926.333933866922,427.6935019632103
2025-09-01 23:43:57.951875,160.82135129074803,-141.28379978457454,-52.74958823603961,-145.2652324225643,-82.20927539011976,-35.60616177447504,-90.19531595844145,18.51973792626304,145.8384832399687,184.869570063695,-924.0018308667405,425.752428195717
2025-09-01 23:43:57.959750,190.05059068114392,-147.38578182710043,-58.94854953389512,-146.64798618580096,-83.63482360393807,-40.683104926624424,-91.03500676156484,17.042760205864827,135.37835220243437,180.79457146864638,-922.0616502315385,426.80092321767654
2025-09-01 23:43:57.967625,227.0589334965067,-150.2557499949051,-62.53449264104163,-145.9755065608033,-81.9409128506521,-42.80999056361461,-89.06323703758055,17.400644347981842,122.70829794908525,176.75673270895874,-920.5758435223612,431.01577468627636
2025-09-01 23:43:57.975500,270.8189172668933,-149.13672744020147,-62.64264706908632,-142.65753639287337,-76.69142020811952,-41.34929242395499,-83.47853879906673,20.23247624662065,108.83534584159759,172.8386626299527,-919.5569877564734,437.98031783102135
2025-09-01 23:43:57.983375,319.89773423380433,-144.24465787482802,-59.263568102897075,-136.76756301760813,-68.31889409910191,-36.63429673165977,-74.2807441864316,25.52275180013035,94.86839531110425,169.03749316585177,-918.9859043512198,446.7575228113768
2025-09-01 23:43:57.991250,372.5196241826788,-136.6724050732834,-53.18433235470582,-129.05057600634686,-58.02685111181731,-29.77520911575399,-62.27547387308635,32.66606914691972,81.86450383359728,165.2848523053354,-918.8172340735707,456.1073493190921
2025-09-01 23:43:58.007000,426.6021523438322,-127.93072260076609,-45.56338823221249,-120.58541085908104,-47.35347929495049,-22.117061231173516,-48.69595537400397,40.79686339222581,70.69789339886584,161.49771392650365,-918.9797408040229,464.7508839551009
2025-09-01 23:43:58.018125,479.96790320443364,-119.38276869379914,-37.428285822283556,-112.29844791327125,-37.58686629056824,-14.710095659707237,-34.70594902176545,49.160966577536534,61.97570725742115,157.62610649265503,-919.3833320653056,471.60226040582313
2025-09-01 23:43:58.029250,530.6600412939413,-111.84095533680917,-29.345753451763272,-104.59235189153343,-29.32723132248848,-8.025141370046079,-21.055528058511022,57.343200386096875,56.0116962017523,153.68263156505344,-919.9275101272804,475.93502134228146
2025-09-01 23:43:58.040375,577.075473926244,-105.49361755119969,-21.395198873137378,-97.29913367676818,-22.421708446953176,-1.9688083719907443,-8.019527421951013,65.2563722846232,52.86781397866042,149.75945868755537,-920.5073329832555,477.49280902686286
2025-09-01 23:43:58.051500,617.8000275142018,-100.1003176288686,-13.390021472660258,-89.95027061674533,-16.23063774564318,3.8744627591561653,4.4533632016128335,72.94695922569623,52.44970518072555,146.03273545325925,-921.0258709362544,476.540400824381
2025-09-01 23:43:58.062625,651.3743807015499,-95.29168704653655,-5.191991471988567,-82.19946375274213,-10.05770505600076,9.886902527289099,16.479186011009606,80.35364888842807,54.5930467030542,142.74142605479528,-921.4128851560516,473.78568040868106
2025-09-01 23:43:58.073750,676.2551315603959,-90.88148693183203,3.0038773101866787,-74.24009538030083,-3.607377874379059,16.07986427355709,27.918363410503467,87.13048289671079,59.08470226167932,140.13869193135267,-921.6369737225808,470.1320837288346
2025-09-01 23:43:58.096000,690.9860678075936,-87.10909930530397,10.516117715733168,-67.05499955060202,2.6893451463776232,21.91315626025882,38.14230151453453,92.60301978784516,65.63014931509433,138.4366815015035,-921.7063954656306,466.36176523546544
2025-09-01 23:43:58.103500,694.4472529622778,-84.72358179837691,16.222012119053012,-62.347244860838344,7.612925373409004,26.326215693185052,46.043000695337355,95.86175383678344,73.81702791694006,137.76566069324198,-921.661446379248,462.92477254535663
2025-09-01 23:43:58.111000,686.0492856205191,-84.88355262438945,18.77759916795685,-62.14752431011068,9.384584007061624,27.95041445335171,50.2715592171567,95.94425631274905,83.1081794345917,138.15116476394994,-921.5639205236512,459.9327995228565
2025-09-01 23:43:58.118500,665.7507643799659,-88.88335382256268,16.922436490190655,-68.25362019263937,6.165317166720244,25.445376997702805,49.566305541857645,92.04431019538676,92.86622477890742,139.50718702211768,-921.496403487824,457.3014659339318
2025-09-01 23:43:58.126000,633.8610619397305,-97.75939216042096,9.786234641395803,-81.70567591390585,-3.301760859045988,17.875659866441023,43.05909814624382,83.69671915683448,102.39888490265525,141.6470935747879,-921.5731197415411,454.9040147671752
2025-09-01 23:43:58.133500,590.807138562845,-111.88623365072098,-2.814867101450869,-102.44173746138007,-19.17292130239892,5.059052997080063,30.563680549112643,70.94823280391411,111.02193278900778,144.31124229277083,-921.9377575277424,452.6583242866212
2025-09-01 23:43:58.141000,537.1598272266231,-130.6411183433224,-20.1028325891964,-129.16621142911,-40.289164962822575,-12.161681008714998,12.850362751458318,54.54198243820215,118.1366517840016,147.20703922044564,-922.7310764344595,450.5521287536468
2025-09-01 23:43:58.156000,474.0095827034589,-152.22997082174928,-40.21099745578894,-159.41584234778804,-64.2536379567195,-31.828709436107193,-8.242457231353843,36.034472680045916,123.30410474078414,150.05668193844738,-924.046513281774,448.6241987445559
2025-09-01 23:43:58.167125,403.4235117914842,-173.86202179449435,-60.35804948157965,-189.84011764744795,-87.77024462622323,-51.08451349411311,-30.02443767112604,17.692809777021214,126.29604025708822,152.6398247725505,-925.9002129493622,446.90603229049464
2025-09-01 23:43:58.178250,328.5668138006097,-192.3216419554101,-77.32835803018077,-216.7094912948144,-107.2203428768063,-66.70088204550889,-49.448377886627256,2.0989428279028988,127.1134948355978,154.8107575150895,-928.2208187472048,445.3627763385547
2025-09-01 23:43:58.189375,253.29107668492767,-204.66521273394466,-88.1196110899601,-236.57120299941076,-119.33301875944595,-75.76465868652136,-63.672545641579845,-8.434459178093412,125.96730380176321,156.48192699453986,-930.84830271977,443.90409672285466
2025-09-01 23:43:58.200500,181.3601686712805,-208.75216772828972,-90.5781447758961,-246.8813538172881,-121.76421218780507,-76.30635075458481,-70.54646976765389,-12.396278299254034,123.21966393555125,157.5916850507705,-933.5364762506347,442.4625086745558
2025-09-01 23:43:58.211625,115.6763697104853,-203.5936305975669,-83.88914553728499,-246.48487653838092,-113.54166330819425,-67.75097315821155,-69.01160389008838,-9.389922182186,119.306534223842,158.08609155224684,-935.9709499422316,441.0555268810723
2025-09-01 23:43:58.222750,57.811956889348735,-189.5934573869289,-68.83893031938477,-235.90620563011475,-95.38133156557917,-51.138427017165704,-59.39283540990639,-0.22570151804846764,114.66916760511324,157.9278368611817,-937.8112717046581,439.7857163819027
2025-09-01 23:43:58.245000,7.9616146444150315,-168.6222873176446,-47.77988803332325,-217.38875314747827,-69.75148036154279,-29.04512578441778,-43.47439020671968,13.175663810608853,109.70737692953149,157.11864560295749,-938.7460848001664,438.8083897103431
2025-09-01 23:43:58.256375,-34.76502257652619,-143.81588772561665,-24.27168841211851,-194.59015872994695,-40.54380157014326,-5.181369037962717,-24.27185847127928,28.07239723476461,104.75353605124474,155.71365234304568,-938.5481440138904,438.3218231343673
2025-09-01 23:43:58.267750,-71.84249191254669,-119.0356732409459,-2.417757176360797,-171.90365593871562,-12.34511782061945,16.30977528274501,-5.463378439100491,41.397379684451394,100.06347967853121,153.82098446157008,-937.1229538510347,438.587610311782
2025-09-01 23:43:58.279125,-104.65947636099905,-97.98949138443692,14.052691576174578,-153.4579991381118,10.599365260390439,31.792721103048258,9.499802486884276,50.4445349394866,95.82025998450344,151.5966328530728,-934.5400359418117,439.9013284592471
2025-09-01 23:43:58.290500,-133.80607966453476,-83.24445899646064,22.71638317529918,-142.04839972266325,25.46431288358512,39.04118165679925,18.34076092665481,53.55733853717268,92.14500336963461,149.24155717464433,-931.0322582201028,442.4586221600183
2025-09-01 23:43:58.301875,-158.70411214698868,-75.63893675906372,22.94119272491308,-138.50740272385104,31.468520454774627,37.6340066901434,20.444446386794752,50.45769794460568,89.10746770632778,146.9909385604854,-926.9577893378048,446.19632365262726
2025-09-01 23:43:58.313250,-177.85400158198414,-74.4201584341328,15.672753817617131,-141.8651708557278,29.716070228820342,28.668320849362043,16.609350319334897,42.033800186397016,86.73517976973754,145.0849166720685,-922.7367280206734,450.71770615780235
2025-09-01 23:43:58.336000,-189.50732752922235,-77.91782547814452,2.7618060577030543,-150.1076053350077,22.439088411473556,14.082944558549908,8.360986537436025,29.786543956220385,85.02650489384078,143.72826417500227,-918.7876669224107,455.35054030089276
2025-09-01 23:43:58.347250,-192.39064060732886,-84.32772333141597,-13.740130346736422,-161.05066677300576,12.090489220765255,-4.0190259160851785,-2.6811224592262803,15.276235665070796,83.96521573694844,143.05529279555213,-915.4810843940907,459.351752813547
2025-09-01 23:43:58.358500,-186.2538786125952,-92.27745358948937,-32.04661375794375,-172.98472679939752,0.6225227993740486,-23.819655031668386,-15.148566823400616,-0.20311504291720317,83.52382415861776,143.11319028354055,-913.1061426941294,462.1676065442597
2025-09-01 23:43:58.369750,-172.0886465361079,-101.021961737611,-50.81087366896457,-184.96697802517002,-10.881443701065818,-43.94746147221288,-28.020931503092932,-15.690733106029734,83.64934674838169,143.87672153349638,-911.8492941916442,463.56895248070407
2025-09-01 23:43:58.381000,-151.9323588761144,-110.31419373972862,-69.09749195734152,-196.765083075898,-22.166160252441795,-63.429402054843564,-40.60885816836673,-30.486249093260298,84.24369548974302,145.29330737021792,-911.7939067427877,463.60959172573314
2025-09-01 23:43:58.392250,-128.3904719331876,-120.09534736472442,-86.23359050113083,-208.5217986612389,-33.41328079378288,-81.52001213977086,-52.47658983596459,-44.033193310747365,85.15953948303085,147.32615943422232,-912.9345757054414,462.51623360203746
2025-09-01 23:43:58.403500,-104.09016980160675,-130.11815646735377,-101.5825606833128,-220.2748558436386,-44.68469383777774,-97.46212849566166,-63.267629105202275,-55.77523744185556,86.22021588188449,149.96262414302697,-915.1875048489529,460.58980749976274
2025-09-01 23:43:58.426000,-81.19728077712536,-139.63434241419128,-114.34105077741337,-231.53592521727225,-55.47025593002945,-110.30136943276979,-72.46997646950427,-65.02961222529994,87.25399781612732,153.19170146548475,-918.3968921938482,458.11330509525703
2025-09-01 23:43:58.436875,-61.123655038371965,-147.3182934303798,-123.4844622686546,-241.142996724928,-64.56179282017231,-118.88139011074051,-79.26567058240666,-70.96625646441665,88.12520663408587,156.97409365657467,-922.3473964441944,455.2895600381898
2025-09-01 23:43:58.447750,-44.56790232802641,-151.49709170127727,-127.90780807771563,-247.47350564961107,-70.29446310405774,-122.03998960137326,-82.59274957837891,-72.74922401561739,88.74912957930184,161.2197042143193,-926.7786197626069,452.27260752807376
2025-09-01 23:43:58.458625,-31.92619480261613,-150.55414036219747,-126.6995691152318,-248.8870024507952,-70.98859714306428,-118.92189931200409,-81.40653453005163,-69.78928503867954,89.09093678042898,165.7809776426896,-931.3947824814701,449.24304330398365
2025-09-01 23:43:58.469500,-23.87463838215964,-143.31132378395367,-119.41687035702118,-244.17533813958394,-65.37439962872077,-109.2634898711165,-74.99910911114722,-61.96554226321443,89.15674968398973,170.46673211105673,-935.8758797065435,446.39567407706147
2025-09-01 23:43:58.480375,-21.749517416550848,-129.35495485801243,-106.29092308552895,-232.94062262073766,-52.963034437734365,-93.57492107531986,-63.283604659597366,-49.74765249558921,88.98016804054878,175.07027281077978,-939.8996063100145,443.8474954538791
2025-09-01 23:43:58.491250,-27.482484628435238,-109.34579474123065,-88.38139743436153,-215.91032527566824,-34.40655329425141,-73.2533752137722,-47.034626392296396,-34.2615512524036,88.60594249928187,179.3979894325716,-943.1761006861323,441.59170601624976
2025-09-01 23:43:58.513000,-43.13746304361488,-85.19476870260732,-67.6506715417429,-195.07344542256646,-11.697846180708398,-50.59980554035042,-28.016763622860417,-17.292084990655727,88.07788922576793,183.2890518282861,-945.4904381690422,439.5532682946317
2025-09-01 23:43:58.520750,-70.26013167039754,-59.91394858998375,-46.84615083875223,-173.47312176839478,12.012069533489447,-28.61376797130344,-8.869455426142586,-1.129694704419895,87.43519977436898,186.62445522047713,-946.7382154035299,437.6815690568443
2025-09-01 23:43:58.528500,-109.25815173700546,-37.091882685915294,-29.069026993421087,-154.61603090169572,33.02664097845337,-10.47589498613905,7.353840634299577,11.82188085198399,86.71046365720775,189.32816834608298,-946.9358147970689,435.98677561855555
2025-09-01 23:43:58.536250,-158.96505291141935,-20.082744476160947,-17.004033980303447,-141.60007824088336,48.01438465491015,1.2403760347992108,17.978515759645855,19.657104502758926,85.9196194769039,191.3671166241947,-946.202997576762,434.53022014177884
2025-09-01 23:43:58.544000,-216.53840145345714,-11.139153744418758,-12.08377704356485,-136.26285394794584,54.91385762870859,5.339504095646338,21.54089683536183,21.559997966065733,85.04652456860182,192.75542186115786,-944.7331658218023,433.4368753228399
2025-09-01 23:43:58.551750,-277.81943296370986,-10.860307943614142,-14.105704479265475,-138.78642665375017,53.41348833913846,2.29054472276893,18.153993026801732,18.000621773306754,84.03932930142426,193.558102996138,-942.7628259804328,432.89718881845704
2025-09-01 23:43:58.559500,-338.05184554767106,-18.21521232807573,-21.566190495234142,-147.94073927278498,44.784877984195205,-6.179348986624003,9.154031481434137,10.399056394431513,82.82966553833651,193.88496418708618,-940.5414017493981,433.09960379007214
2025-09-01 23:43:58.575000,-392.6865085475665,-31.075846347739073,-32.44972687757783,-161.7322187510895,31.234691146512326,-17.90070989247367,-3.688830182610192,0.4999555547101021,81.36446308906048,193.87427937534395,-938.3020535825929,434.14917147017235
2025-09-01 23:43:58.586250,-438.083019398506,-46.969152140311,-44.98945457089541,-178.08945626896386,15.135612232236037,-31.015503819136555,-18.84290162464202,-10.20097777102031,79.63192820658536,193.67219537468725,-936.2358851588125,436.0550967595592
2025-09-01 23:43:58.597500,-471.989464254628,-63.72455789205365,-58.07154812614358,-195.325421828364,-1.5512129259813583,-44.366188683990764,-35.233333774159085,-20.776668155082593,77.67286892280079,193.41120062850004,-934.4717384435315,438.76743347725994
2025-09-01 23:43:58.608750,-493.68834085428136,-79.8297236023665,-71.2377333571331,-212.3031235527671,-17.528051740492238,-57.48597145371565,-52.11192955652014,-30.888103343784298,75.57970360719591,193.19014592988182,-933.0636557872726,442.17129840088603
2025-09-01 23:43:58.620000,-503.81190450521217,-94.48273718177256,-84.4344580473698,-228.3973015493998,-32.13573083094608,-70.33580460712574,-68.86737684794568,-40.57712004759412,73.48878503070031,193.06160845631592,-931.9857863518691,446.01259057571826
2025-09-01 23:43:58.631250,-503.9413938657817,-107.38749990327561,-97.65240884891153,-243.31894317158645,-45.12975200519502,-82.92586238787398,-84.87134477317598,-49.94698677723352,71.56741718848461,193.03414843359138,-931.1363324111293,449.8598538549483
2025-09-01 23:43:58.642500,-496.1249619165136,-118.39596369921018,-110.56075665170178,-256.8033089644944,-56.32450307340833,-94.92456655626593,-99.32217412097494,-58.84503101343356,69.99247530836543,193.09051287494236,-930.35963409058,453.2235948987622
2025-09-01 23:43:58.665000,-482.4736926282581,-127.19047238098784,-122.2892022813287,-268.28388534135087,-65.2684934335063,-105.42139992937985,-111.14546463514596,-66.67754104788902,68.92108697956024,193.2100328014054,-929.4878085983001,455.7873617222002
2025-09-01 23:43:58.672750,-464.91820242889963,-133.13228764375307,-131.4618457321651,-276.7527968070687,-71.11870292608684,-112.97743284648944,-119.03668046704848,-72.42788214916685,68.46103296512993,193.38062556355064,-928.3824217750166,457.5423528162215
2025-09-01 23:43:58.680500,-445.070848005237,-135.3130961255032,-136.48367486810344,-280.91904390640974,-72.77975521719773,-115.97201061959902,-121.69200156876163,-74.87804127227675,68.65093688013152,193.59606337635,-926.9602495584925,458.70547508667585
2025-09-01 23:43:58.688250,-424.19547004682386,-132.88279054489556,-136.0826150007494,-279.6883543369005,-69.33168788192185,-113.1933057168594,-118.2946436130398,-73.03781444879453,69.45761777766641,193.84262623540826,-925.2119171804509,459.5204230716382
2025-09-01 23:43:58.696000,-403.32571604422026,-125.57603853949578,-129.96467904585663,-272.7894620059789,-60.60695560647397,-104.47105105707483,-109.09992769599314,-66.66198973451412,70.7905947934137,194.08399724997133,-923.2181101788456,460.1003713461918
2025-09-01 23:43:58.703750,-383.40519815276804,-114.0506305539621,-119.14554901857059,-261.10809679621144,-47.51926185848181,-90.9519299030743,-95.60755523418725,-56.52465750550206,72.52461589480876,194.25740203327555,-921.1425285985447,460.4005695093316
2025-09-01 23:43:58.711500,-365.2742126447169,-99.7294617695936,-105.63079403699271,-246.4288229427605,-31.85672999682516,-74.77224300045805,-80.0378572096348,-44.20473417601698,74.5206864818768,194.28829596159997,-919.1903052049411,460.3185921841417
2025-09-01 23:43:58.727000,-349.5037713139218,-84.27145530978375,-91.6396785277186,-230.76614940413458,-15.676701279715532,-58.314451289843646,-64.47454612908204,-31.49993303663463,76.643787039845,194.11577216095122,-917.5526398008237,459.8177204382427
2025-09-01 23:43:58.738000,-336.23080988657176,-69.02958376853157,-78.85710329431843,-215.7220913886587,-0.6707118803282887,-43.462134203589905,-50.22274020707636,-19.81963499848721,78.7772154162262,193.71296010937752,-916.3616381387919,458.98454686723824
2025-09-01 23:43:58.749000,-325.13147921501144,-54.78388541532959,-68.08349130564618,-202.20433391232717,12.18178654004615,-31.21262118933807,-37.65623822411796,-9.879514488789129,80.83200150001858,193.09481863680514,-915.6660056823749,458.03101631292037
2025-09-01 23:43:58.760000,-315.5221609498443,-41.86650670238411,-59.43017858161733,-190.59958317551846,22.516661812142818,-21.833596850240856,-26.58369281384204,-1.8578650870803062,82.75544919666908,192.3195305444497,-915.4350870361126,457.26661691068574
2025-09-01 23:43:58.771000,-306.4701291986541,-30.522255327943185,-52.8842886251161,-181.1893066644172,30.194835227118695,-15.40206276659453,-16.89703103736088,4.133330496933262,84.54037042198827,191.49092216448108,-915.5868103575115,457.04962008507243
2025-09-01 23:43:58.782000,-296.8233175695678,-21.120932028442233,-48.73961129717238,-174.38072443345618,35.036300041277315,-12.21373058492991,-8.998239074640185,7.707096131529222,86.22323397442103,190.75638908118614,-916.016897988178,457.7136857854577
2025-09-01 23:43:58.793000,-285.1714423864412,-14.01045324316858,-47.520199872673246,-170.52663756594382,36.92763215786599,-12.691205829740712,-3.6652139957287537,8.311221684338852,87.8649192799828,190.288768749382,-916.6167465964234,459.47721202834913
2025-09-01 23:43:58.815000,-269.8488109265948,-9.19051196504625,-49.52313478292908,-169.54273677164812,36.134069435635006,-16.935181041643897,-1.5168519333203712,5.658467923693653,89.52488455500816,190.25255212247765,-917.2858072600085,462.3901872551463
2025-09-01 23:43:58.823125,-249.0974360337909,-6.096096045202155,-54.37661778607211,-170.66707410960188,33.51354566963461,-24.328271643455988,-2.504228880603814,0.09892133663985428,91.23677583524956,190.76854273725613,-917.9371528594245,466.3164632785341
2025-09-01 23:43:58.831250,-221.41242654320078,-3.670727808580177,-60.94774968930471,-172.5568888497801,30.42129309598536,-33.50738043343986,-5.788224735668549,-7.355638050399518,92.98446820824483,191.89167583056133,-918.4958000365817,470.8722217101439
2025-09-01 23:43:58.839375,-185.93595243458088,-0.7933483635571268,-67.74154733062173,-173.76305420975623,28.21912528285296,-42.8064265461655,-10.130283770855264,-15.408768739957116,94.68161768674722,193.6085441283842,-918.910054874279,475.34513109081615
2025-09-01 23:43:58.847500,-142.65462026109518,3.142142131410014,-73.57614320481034,-173.36215606997374,27.631270828036254,-50.92964346915364,-14.539444699838544,-23.013798865968656,96.16553520113516,195.8507017258738,-919.1820262946779,478.7299326038541
2025-09-01 23:43:58.855625,-92.31699498671773,7.9332823566906825,-78.02100743358825,-171.28190217899484,28.453610730137253,-57.350382741765,-18.664421202702563,-29.66702059462901,97.21778405337736,198.51145850837602,-919.3836649399889,479.9386696999319
2025-09-01 23:43:58.863750,-36.27681829688123,12.78897278579275,-81.29407337824492,-168.0911673657647,29.8286965701793,-62.17573573810887,-22.66178293017127,-35.29254753911285,97.61246173576458,201.45708393151224,-919.6304095072794,478.11564633026035
2025-09-01 23:43:58.880000,23.60298626119319,16.869239905064955,-83.80281754353358,-164.50666745516665,30.825225407093356,-65.7070635916018,-26.74033035106135,-39.913555094787476,97.17559430451618,204.53475004569233,-920.0276187968434,472.94211794156917
2025-09-01 23:43:58.891000,85.12654854851459,19.81129790370552,-85.69960873472331,-160.95714195015083,30.99773661079601,-68.05211271453557,-30.75732801496684,-43.382983830566225,95.83499158358671,207.5832747340834,-920.6248124943684,464.80730497784964
2025-09-01 23:43:58.902000,146.0747365611534,21.985552864659823,-86.6946085171165,-157.35664049190856,30.705623003828013,-68.9668806055574,-34.10998620394967,-45.30823209461898,93.64588577737062,210.4494367426722,-921.3987483334192,454.7376015224344
2025-09-01 23:43:58.913000,204.42599861272214,24.35331700512156,-86.17328632255219,-153.14921135652412,31.00615407513972,-67.9255507975521,-35.95505853522034,-45.14857359761719,90.7830737649481,213.01002936507834,-922.2629222118442,444.09622127242403
2025-09-01 23:43:58.924000,258.3590601332066,28.020925757989605,-83.49100272827363,-147.6042835887596,33.15174697937966,-64.31247375911036,-35.60541493492449,-42.37353200010121,87.50303276580968,215.19350889491218,-923.0900463480617,434.2399773466561
2025-09-01 23:43:58.935000,306.1790704907195,33.73372976514216,-78.28481828402197,-140.22289624634553,37.979535209080424,-57.673627037834954,-32.87363731027331,-36.63680967042616,84.09579964309162,216.9891073829747,-923.7411312040487,426.3141961515554
2025-09-01 23:43:58.946000,346.32078064411917,41.4943873442909,-70.72339861991222,-131.09297143704734,45.464803881183606,-48.025162308499944,-28.208057681598454,-27.996039846386658,80.84382032774144,218.43818908067126,-924.0999527356818,421.16842083714744
2025-09-01 23:43:58.968000,377.44705614058665,50.400316553278216,-61.633277952785726,-121.07083967682847,54.55761596680697,-36.11309149716959,-22.62463512476642,-17.10894611375636,77.98661992060562,219.61488967664016,-924.1026912190734,419.27856694399145
2025-09-01 23:43:58.978750,398.5980696004583,58.74530514286068,-52.434684299095146,-111.73129762799118,63.31529264093622,-23.45101733975118,-17.521419361313534,-5.253598704953356,75.68922221679483,220.6052414866582,-923.749520126276,420.6660620810168
2025-09-01 23:43:58.989500,409.36545989897843,64.39386583234965,-44.858707051329134,-105.06632792312473,69.31983965293854,-12.047938734985237,-14.392980539130573,5.907585920601749,74.03029440785413,221.4879260547489,-923.0970427215457,424.8932364664255
2025-09-01 23:43:59.000250,410.07649664512275,65.4189614492618,-40.435838451919395,-102.90275235277112,70.37501742436748,-3.819654810509571,-14.385937356410402,14.806850212778093,73.02492101654612,222.31420163523174,-922.235471207247,431.1645649151816
2025-09-01 23:43:59.011000,401.90859350801145,60.8345189800678,-39.88373045593081,-106.18991386275341,65.29056440474007,0.13658730318204512,-17.80540920278603,20.53167706884173,72.6691068411903,223.08803632790134,-921.2525621250096,438.48263970109394
2025-09-01 23:43:59.021750,386.8211909292755,51.01070253632919,-42.78166020619207,-114.59162977438193,54.31041690982757,-0.05123325661629796,-23.944603700489484,23.12019444145455,72.97302303101826,223.75861619114374,-920.1991306502842,445.79106841847454
2025-09-01 23:43:59.032500,367.27264988893785,37.47501144054224,-47.834619818825914,-126.68456087296732,38.904909033377464,-3.268114632877826,-31.438164706984704,23.35696573249402,73.9610822244602,224.2350575755496,-919.0789040863092,452.08573643806164
2025-09-01 23:43:59.054000,345.81160129847956,22.258994797894992,-53.564109469059645,-140.58870495034634,21.12169820524217,-8.108654849941379,-38.87672448014915,22.223806798365665,75.64391755077006,224.41574873390914,-917.8658595834181,456.5138335329606
2025-09-01 23:43:59.065250,324.6923409461486,7.197596770320724,-58.984485279179836,-154.62125277721682,2.906537174573825,-13.565127774203118,-45.31779519328584,20.372791164121093,77.98164190802882,224.2184390980525,-916.5326299109206,458.45771607226595
2025-09-01 23:43:59.076500,305.58856118439536,-6.5242257719544146,-63.923526177281325,-167.69585750997567,-14.34421599344639,-19.349862393426154,-50.52851496113765,17.892963912291922,80.8574009835558,223.60683020734913,-915.0768196317389,457.6100261229618
2025-09-01 23:43:59.087750,289.38964441557164,-18.489780426532597,-68.91105869265189,-179.40105508262653,-29.9383856426297,-25.78014324920986,-54.92821926977719,14.419176538699631,84.0787071226458,222.61566383980013,-913.5414963861707,454.0611822086968
2025-09-01 23:43:59.099000,276.11991849776246,-28.889811684792075,-74.80085934540134,-189.82963143958415,-43.79094216349816,-33.41949637495089,-59.29323651147473,9.435399015477604,87.41380189170765,221.36833591068523,-912.0235277563783,448.3371630090818
2025-09-01 23:43:59.110250,265.10613789068884,-38.17461727335612,-82.33444476396852,-199.27487243071442,-56.14587713503998,-42.69496128458379,-64.36015157041999,2.595896506447737,90.64471347676178,220.0719843405005,-910.658869319584,441.29223742907345
2025-09-01 23:43:59.121500,255.42868921974642,-46.61674885790966,-91.75251565409741,-207.87737561212887,-67.18637266186478,-53.56911559835283,-70.44924699420781,-6.009366607564146,93.60743333890944,218.98339848217284,-909.5859844961536,433.90313985160964
2025-09-01 23:43:59.144000,246.45933148682687,-53.94846293822507,-102.51826443442079,-215.3003196706762,-76.65216329257782,-65.30469692910951,-77.20013960652875,-15.668735477775185,96.20754992565928,218.35586066408024,-908.9062119609197,427.12927648482645
2025-09-01 23:43:59.151500,238.19669948451696,-59.2501950131061,-113.24089268989508,-220.57345677223924,-83.65490342937319,-76.41119263169763,-83.51164014162643,-25.00619257268988,98.41682228429829,218.38460194949997,-908.6608358319543,421.88679431509
2025-09-01 23:43:59.159000,231.25375626665513,-61.1795617438222,-121.92258881257736,-222.27762899380272,-86.85568838719664,-84.90445076221141,-87.77346933494333,-32.2115649991982,100.2581466930686,219.16812478750435,-908.8326905428322,418.99602911871114
2025-09-01 23:43:59.166500,226.49766806017723,-58.53221846905824,-126.60350428299023,-219.13791212305523,-85.04078445260258,-88.94756625852993,-88.42057169226484,-35.618470773360066,101.78472167668716,220.69551942191404,-909.3646329917029,419.00933744562724
2025-09-01 23:43:59.174000,224.4956476141538,-50.91723617781004,-126.1684038946552,-210.77949254457926,-77.86033194751774,-87.62618011361182,-84.61982546249968,-34.39390560285341,103.05868716007498,222.85742800688456,-910.1750740732934,422.03403671520886
2025-09-01 23:43:59.181500,225.13388190826274,-39.09436998930695,-120.78257666186929,-198.10621293134335,-66.21425269814854,-81.32306251576331,-76.65290877187425,-28.86225355860088,104.13422191866155,225.47172888099334,-911.1589217342311,427.719699898575
2025-09-01 23:43:59.189000,227.69653279679747,-24.70056286259252,-111.66553561660282,-182.9832336061007,-51.963673309692325,-71.41411786100338,-65.72154684404912,-20.245630216556478,105.0483921125792,228.31662425307246,-912.1858468766554,435.4279771390156
2025-09-01 23:43:59.204000,231.26196629240286,-9.595818365462321,-100.44384308617785,-167.48750691518597,-37.21093340419947,-59.57080889873901,-53.36408995006914,-10.068148524327388,105.819896872734,231.16511696598724,-913.1150262329847,444.45149565982996
2025-09-01 23:43:59.215250,235.05121667872143,4.742769777742223,-88.51252753515921,-153.21811993298917,-23.61712657093256,-47.14229007682725,-40.87968844615349,0.393439574041637,106.45441527634316,233.81422730131314,-913.8261065276417,454.15395447796953
2025-09-01 23:43:59.226500,238.57212011467735,17.546715169210113,-76.67157901635437,-140.93170051070493,-12.022863359350827,-34.86426309808633,-29.028998949219403,10.395492209201603,106.9520455671581,236.10383232655536,-914.2476614793409,464.01251089846954
2025-09-01 23:43:59.237750,241.63657569654953,28.784968981939155,-65.09429514829516,-130.50977585374656,-2.4062987860498324,-22.883713278370347,-18.031449996685936,19.730397360865144,107.3041998488108,237.92483257960149,-914.3679012973466,473.60915636311637
2025-09-01 23:43:59.249000,244.31870223773444,38.961148153785466,-53.53448167333259,-121.16849714617226,5.898188594303633,-10.979178575137242,-7.705275692645042,28.545103947338358,107.47455948481917,239.22118735808056,-914.2262417273406,482.61056295630345
2025-09-01 23:43:59.260250,246.8285511140559,48.7429291047736,-41.65495764395091,-111.85392689520204,13.795470350479064,1.1133101510965986,2.3216214178273984,37.067434356841325,107.38719009641235,239.9901732235707,-913.895172899994,490.7451672722033
2025-09-01 23:43:59.271500,249.2897811115574,58.50818832114569,-29.40778414179939,-101.77556311389365,21.91234806630937,13.327476418661561,12.28401098800044,45.29391760730491,106.94775656235862,240.2801527322179,-913.4649475752768,497.7665756992557
2025-09-01 23:43:59.294000,251.5083455355252,67.97953930260388,-17.3616874325914,-90.91172445652694,30.141369676817206,24.97301259262356,21.90769549681687,52.738224743877254,106.08663648762221,240.18196699630397,-913.0358297669319,503.4177790687594
2025-09-01 23:43:59.309000,252.88273879001733,76.13412526998692,-6.814532988613133,-80.2372857993941,37.47852435238687,34.68067597293337,30.20716734110273,58.37265741811554,104.79106478208502,239.8135164819278,-912.7121414051031,507.4390463557201
2025-09-01 23:43:59.324000,252.54102502004022,81.44138143303401,0.4043657287618949,-71.53265794710933,42.26522092713787,40.649626085414866,35.60437981373565,60.817259638676816,103.1119774080806,239.30383665509484,-912.5910272767644,509.6256142921883
2025-09-01 23:43:59.339000,249.59530646501995,82.30010905420116,2.3752047377111936,-66.87142808828544,42.71127717409438,41.10555507408226,36.34017422759113,58.70698499701362,101.15709650678954,238.78470397329008,-912.7468319462034,509.88716965753645
2025-09-01 23:43:59.354000,243.31724908066465,77.47069460464691,-2.3939810034288507,-68.03930541162764,37.44169478966021,34.792191656500826,31.015294108659667,51.101526773346436,99.08454247988992,238.38878320131627,-913.2177150271726,508.2592009436138
2025-09-01 23:43:59.369000,233.23624070475128,66.41418560042618,-14.48411007582524,-76.03756004998905,25.921865125154948,21.386971863813763,19.106321390813946,37.843708907550926,97.09436813256792,238.2428692640855,-913.9992618400936,504.8793762603802
2025-09-01 23:43:59.384000,219.31172181176913,49.572988995962554,-33.17933560961255,-90.67711332725322,8.764768612360585,1.8070530563209748,1.3481216307243873,19.81943951414135,95.40631467973304,238.45032721082242,-915.0489745294414,499.99393390871467
2025-09-01 23:43:59.414000,202.16792635536842,28.546749389949,-56.32132902142097,-110.3345758314755,-12.127821243057465,-21.69906682264425,-20.167450172592723,-0.9739405708262661,94.2227921655786,239.07111354491965,-916.3031510321573,493.99803186489834
2025-09-01 23:43:59.422000,183.20403535628964,6.000842172083734,-80.5636525762772,-132.0369487371359,-33.72252061470549,-45.81209424436745,-42.30789450764561,-21.664964732892845,93.69149026816025,240.11055352797302,-917.6962395096278,487.44717723897674
2025-09-01 23:43:59.430000,164.43847725111104,-14.773462629985415,-102.0085887502828,-151.94916923478485,-52.36204772520582,-66.74507108776248,-61.55139704215908,-39.054427677285986,93.88428432862749,241.52010958292,-919.1677881268141,481.0143804081498
2025-09-01 23:43:59.438000,148.08382091647178,-30.51903025653876,-117.00520894758803,-166.14392197460847,-64.50523372919594,-81.00298614598265,-74.69927346537064,-50.30166522721039,94.79688703504327,243.2033400335678,-920.6535275585333,475.38665648837434
2025-09-01 23:43:59.446000,135.98671402324922,-38.65983590188305,-122.85011737500407,-171.4132817682858,-67.47170292115996,-86.06665191521078,-79.4267514459513,-53.50525862831759,96.36116347541493,245.01991719385808,-922.0729722992853,471.1043901612556
2025-09-01 23:43:59.454000,129.1477419373769,-37.80032963844198,-118.27072009793275,-165.93679691973932,-60.01472494964002,-80.87295758741735,-74.64169054282104,-48.05172998703768,98.45920681821543,246.79475755665646,-923.3316064628737,468.4355985553631
2025-09-01 23:43:59.462000,127.44247942185211,-28.055293232352497,-103.69484549809853,-149.73920521821128,-42.671117947280415,-66.07258542431713,-60.71557320154596,-34.752226752479146,100.93595846036817,248.3417713306303,-924.3382581868059,467.3556288426752
2025-09-01 23:43:59.478000,129.55045481858653,-11.150481373631969,-81.2825478844312,-124.87196575711386,-17.8382515654388,-44.02838402529837,-39.57467928202056,-15.779761017820322,103.61607575884814,249.49381554570473,-925.0170468232776,467.56169319389335
2025-09-01 23:43:59.488875,133.15715825607904,9.813309769044361,-54.64273181670939,-95.18782037919308,10.544596631523705,-18.477863221871488,-14.532049690931908,5.633062665163522,106.32558428904171,250.1248869668054,-925.3050958044446,468.4886062677207
2025-09-01 23:43:59.499750,135.4118151258087,30.91844689758442,-28.26776818807621,-65.69338023506384,37.70802397123263,6.099737180472571,10.166063095268184,25.694459572387146,108.90607456208616,250.16217142354157,-925.1506363422315,469.4228462443886
2025-09-01 23:43:59.510625,133.25974510531725,48.06512438921446,-6.939393373140541,-41.803872427449285,58.82859611800265,25.145111484292052,29.844712287676657,40.534489928745884,111.2103206362426,249.58763824532807,-924.521134869259,469.73640833963566
2025-09-01 23:43:59.521500,123.36143350231835,57.4426871053262,4.716875680906375,-28.821583113025678,69.53908950981834,34.49695963439233,39.78786960691168,46.534909464462764,113.08687460146045,248.42851507540703,-923.4151545191273,469.09432806750476
2025-09-01 23:43:59.532375,102.06108207491408,55.93963826782988,2.744635960890977,-31.41306963075954,66.33147621193088,30.853633085040432,35.76120264324069,40.720694948466935,114.37680461164611,246.74776775043952,-921.8715408964299,467.5029337001901
2025-09-01 23:43:59.543250,66.05968098134709,41.70665085293439,-15.365891538787361,-52.72988472660394,47.176130951591894,12.410874853993736,14.875836187998956,21.376544099995545,114.9352045173325,244.64562670691754,-919.9745666641896,465.2316264904979
2025-09-01 23:43:59.565000,13.608534443830003,14.740991596647197,-49.91555747134863,-93.43286465031025,12.205831559472275,-20.54718799209171,-23.530314317428502,-11.377655778800639,114.66623206235487,242.26371535192393,-917.8508726440763,462.70370217287666
2025-09-01 23:43:59.572750,-54.63738433105996,-22.880828668335745,-98.69013849207384,-151.2626858538149,-36.01385964971979,-65.48140926930527,-77.4934260015288,-55.43313513491707,113.55357997829019,239.7745529333491,-915.6514189107531,460.369120316229
2025-09-01 23:43:59.580500,-135.71615037827124,-67.36942798038946,-157.33015927140383,-221.5186381198503,-92.92560989953195,-118.03748942003313,-142.75951354191832,-107.09724259221571,111.67468049894414,237.35239832284847,-913.520002076104,458.56551252168504
2025-09-01 23:43:59.588250,-225.32655454383075,-114.16428991844712,-220.33892001613972,-298.2936563827261,-153.06175745762832,-173.0410456710847,-213.77618577399312,-161.92981711127004,109.19185445670443,235.13901374906507,-911.5625710503775,457.43353135122027
2025-09-01 23:43:59.596000,-319.0090993370052,-159.07495792424893,-282.37463416922253,-375.84151776654846,-211.29797504690245,-225.7105719490181,-284.9358309077942,-215.69854941911248,106.32232526718944,233.2224209083213,-909.8331917955422,456.9194217343776
2025-09-01 23:43:59.603750,-412.74365654495165,-199.01403889677664,-339.24421727670415,-449.33208600694235,-263.63841228332427,-272.53962505628874,-351.5359142180925,-265.06655654369234,103.30127488061424,231.6355158414396,-908.3410744893021,456.8334869903032
2025-09-01 23:43:59.611500,-502.7942198160827,-232.02388022952007,-388.21307854379194,-514.8425869656991,-307.2860850584554,-311.49957143473114,-410.1358929090136,-307.76274590208646,100.35400719942531,230.36670919808225,-907.07001465045,456.9252299455271
2025-09-01 23:43:59.627000,-585.4299482685939,-256.8952039688276,-427.7379301864754,-569.1212341448771,-340.33282028373776,-341.70438032022446,-458.40082137942846,-342.34886682494147,97.68054014187248,229.37125477705766,-905.997573843588,456.9514672145805
2025-09-01 23:43:59.638375,-657.0783721965813,-272.84952173320767,-457.0362094505237,-609.5658352260174,-361.5200538191247,-362.9435079339933,-494.8050597507661,-367.94578417277415,95.44281704161106,228.58086963577068,-905.106075403595,456.72533760729937
2025-09-01 23:43:59.649750,-714.8098933566125,-279.4681188640049,-475.81470432699825,-634.3916444125576,-370.23639157267985,-375.3566796524424,-518.494462868458,-384.12682877565925,93.74805767793647,227.9175433426698,-904.3856551243327,456.1506802509263
2025-09-01 23:43:59.661125,-756.7529175738139,-276.7578280045492,-484.1872932390311,-642.8153625223455,-366.6184182101797,-379.27438231865375,-529.3009551211012,-390.88331871005045,92.63614612550315,227.3163388431949,-903.8379670511493,455.25830012363974
2025-09-01 23:43:59.672500,-782.249348799684,-265.2093309777306,-482.6642036197636,-635.1697920182089,-351.5631327372722,-375.16721625079794,-527.7701097303025,-388.5377026856135,92.08220554898666,226.75327068506374,-903.4866073678835,454.22355654738624
2025-09-01 23:43:59.683875,-791.8557030357726,-245.86977148031562,-472.208613945705,-612.9750608783012,-326.67386094459374,-363.7374020431683,-515.2119913617688,-377.7162719992778,92.01437308675122,226.26348288700225,-903.3833171584653,453.31710657539946
2025-09-01 23:43:59.695250,-787.2878247408714,-220.47983226206347,-454.41265430054835,-578.9758052111166,-294.2514032478382,-346.1725211951726,-493.8164392177344,-359.5394609521256,92.33819926295524,225.93412172602018,-903.5927926573677,452.81622121595467
2025-09-01 23:43:59.718000,-771.2407697616229,-191.53265032960365,-431.6733080185361,-537.0245751741453,-257.25949108125644,-324.4028481365725,-466.68736576283993,-335.90034079749785,92.95808337182595,225.87214463536532,-904.1595907084611,452.93270484240804
2025-09-01 23:43:59.725750,-747.060073163874,-162.0886548431267,-407.1479843946773,-491.72599887395137,-219.13606794052535,-301.130796867399,-437.6163216125549,-309.5128700547786,93.7883867462718,226.16424374985343,-905.0808093366209,453.7201275300305
2025-09-01 23:43:59.733500,-718.3277610060596,-135.34046989622635,-384.34252336335504,-447.8472641631141,-183.40177950769197,-279.47654052914885,-410.52291315510894,-283.521794894627,94.75367343730152,226.84814884599658,-906.3012869783254,454.9555529526268
2025-09-01 23:43:59.741250,-688.3428121276895,-113.96362172065881,-366.3081478972008,-409.4734769259895,-153.01544336935743,-262.21303964053016,-388.5965527952347,-260.7096241784899,95.78333867389367,227.90638907434337,-907.7308549394099,456.1342034162359
2025-09-01 23:43:59.749000,-659.5480882319717,-99.41001153042741,-354.72181677935674,-379.09468471126604,-129.61997409374493,-250.8727486179109,-373.43039952188667,-242.65831952129025,96.8060938296186,229.28243235928326,-909.274932773614,456.6646997562611
2025-09-01 23:43:59.756750,-633.2353654393332,-91.56265380595228,-349.43395583753994,-357.1633369111344,-113.16989766914052,-245.3035187762339,-364.66475824193253,-229.40702913141723,97.75020122900396,230.9064675103044,-910.8653611247178,456.14491693694333
2025-09-01 23:43:59.764500,-609.8201113710023,-89.03621150333711,-348.82567455260323,-342.43809414881497,-102.26992095328576,-244.00424794315876,-360.4213084264582,-219.8241358770406,98.5522214044053,232.71376014469146,-912.4787355971312,454.50166465151517
2025-09-01 23:43:59.780000,-589.5597018275638,-89.91153374863951,-350.693454385637,-332.8217054518552,-94.97823092375917,-244.96885196532662,-358.27132284186285,-212.37432015447706,99.16722708851394,234.64812541131437,-914.1351972920228,451.9091662828477
2025-09-01 23:43:59.794375,-573.293575159923,-92.47575172232733,-353.12772403769213,-326.22681675651387,-89.60688411450148,-246.5153835725391,-356.2051175504442,-205.8187336877192,99.57150004978801,236.65391313318736,-915.8756919188266,448.6388290197016
2025-09-01 23:43:59.808750,-562.7441176483073,-95.65079480028356,-355.02508841462907,-321.1500680873258,-85.19322756963224,-247.74055512590164,-353.1706360584411,-199.56560815492853,99.76067178610013,238.66564745570523,-917.7263968598652,445.0064105798089
2025-09-01 23:43:59.823125,-560.0635725548985,-98.95676799915708,-356.0693817545032,-316.69411265705867,-81.4533550633924,-248.45843739404643,-348.9709794287944,-193.54933763178306,99.75475577672303,240.6080395476723,-919.6719390880846,441.39463787524954
2025-09-01 23:43:59.837500,-566.7893270107263,-102.11456684716431,-356.25021289475853,-312.0461181439713,-78.28586707521872,-248.71743913061533,-343.63471797218534,-187.72972220456163,99.61162179023042,242.41143465582402,-921.6533426903031,438.2875414035297
2025-09-01 23:43:59.851875,-582.8664787825941,-104.61928307922489,-355.2751610642867,-305.88750690447546,-75.21308811738083,-248.23344748891873,-336.7286591001787,-181.5718083520858,99.43337562567214,244.03038243498426,-923.5845244845476,436.26781985250284
2025-09-01 23:43:59.866250,-606.2904847354021,-105.53728001050926,-352.24255006155266,-296.2137691599171,-71.10835728122854,-246.07835583594834,-327.07078617552304,-173.85151898412067,99.34985718242936,245.4496671901937,-925.3698309450282,435.87117117552395
2025-09-01 23:43:59.895000,-633.4058131538984,-103.54003217330201,-345.66819189085106,-280.5982120792825,-64.25285271992077,-240.71860970888332,-312.9231574294059,-162.82452748296913,99.48183177233881,246.67670087916068,-926.9147014572463,437.3157860939727
2025-09-01 23:43:59.902625,-659.6034835550774,-97.08141276833123,-333.7640189374319,-256.6781098202474,-52.61523095355769,-230.3065798101874,-292.45297467883427,-146.5961299385541,99.9011940236713,247.72994117246267,-928.1345023222841,440.3541462569639
2025-09-01 23:43:59.910250,-680.127995677377,-84.65221176651637,-314.83300741578853,-222.66633942545116,-34.25986400382396,-213.09186748843575,-264.19755535792217,-123.55178374604142,100.6058885519514,248.62961729587636,-928.9648497158007,444.39375110682397
2025-09-01 23:43:59.917875,-690.6940910683888,-65.05602786099452,-287.6209578213115,-177.71032510972958,-7.761922492995206,-187.80561999221732,-227.33340184372955,-92.72088843969324,101.52063407584296,249.38945611531017,-929.3680420545192,448.71107277847057
2025-09-01 23:43:59.925500,-687.7853327793501,-37.6484807701568,-251.51658573401684,-122.00371127131753,27.490381395607216,-153.89956880440778,-181.7154540770963,-53.95759005456341,102.52291666764484,250.0095530549461,-929.3339415885747,452.58896960381065
2025-09-01 23:43:59.933125,-668.8885303864942,-2.558172815962086,-206.69387638035087,-56.79918021449379,71.08117716245145,-111.69550411429104,-127.87573006814233,-7.991452752722727,103.4794424782367,250.476217269211,-928.8803861822751,455.4473837055101
2025-09-01 23:43:59.940750,-632.9430758385444,39.074062733877014,-154.33038958643465,15.488778937129313,121.36153866727682,-62.56695456053655,-67.17038833152037,43.518410236157216,104.27436627537236,250.770274522422,-928.0520458856256,456.9977572995084
2025-09-01 23:43:59.956000,-580.8511527427697,84.93831192589904,-96.8016191344314,91.1925061416013,175.3486188489858,-9.077672395583473,-1.9907005493573755,97.96427544051751,104.82170980416248,250.8779903362468,-926.9143878002943,457.2882461105836
2025-09-01 23:43:59.967375,-515.6672147712181,131.6543511760705,-37.63531283865443,165.57619400029955,228.92754177866632,45.12661495973203,64.21402483365802,151.95208672839857,105.06794293898447,250.79989953593685,-925.5484760079414,456.5892984257961
2025-09-01 23:43:59.978750,-442.2266217672948,175.19868709158544,18.884385019526324,233.4090358142634,277.4238164756362,95.77882088996694,127.26640160157862,201.71458750131512,104.99157539861942,250.55446800132307,-924.0499265705109,455.21572155117167
2025-09-01 23:43:59.990125,-366.15727899886446,211.57538721964707,68.42188133595457,289.8009561987865,316.39990988160935,138.71916411062023,182.91858999585048,243.70758666720891,104.59762386426162,250.17227145522082,-922.5231062056654,453.3961207159126
2025-09-01 23:44:00.001500,-292.51549642553715,237.54688051381714,107.40303966719986,331.04196009484065,342.4229653740077,170.65117468812085,227.6312175576301,275.1969498305896,103.90654012714913,249.68239338452622,-921.0672568689113,451.2651008947127
2025-09-01 23:44:00.012875,-224.64400982810784,251.2640151575344,133.69021272812734,355.24582182500416,353.6554289860065,189.7257897892312,259.2366475717715,294.68467845642886,102.94770273090961,249.10137466120455,-919.7642444309095,448.96962372088944
2025-09-01 23:44:00.024250,-163.7434330070426,252.6835038350132,147.0009727808167,362.7226417045081,350.24063383599105,195.90951319290065,277.36463246786394,302.1755828034902,101.7627951568453,248.43087096595343,-918.6700953842828,446.76737835999654
2025-09-01 23:44:00.047000,-109.15110733873718,243.6513155332254,149.02730120872477,356.0028758624979,334.39894508866587,191.09471455598094,283.5678304019585,299.2766139652003,100.41137322577681,247.66186854473492,-917.8070665369036,444.9928600182062
2025-09-01 23:44:00.054250,-59.033875387704924,227.586063305631,143.1761352269208,339.43397857795185,310.1207383026187,178.83887104409612,281.07253944611136,289.0076677257169,98.97128546403623,246.78433375960222,-917.1651108105731,443.9004340976186
2025-09-01 23:44:00.061500,-11.220120165930577,208.7961381304467,133.86769552839755,318.36241901035356,282.43415348543846,163.66118572070278,274.10528916836313,275.2212369758495,97.53289503551188,245.80079752443618,-916.7172067843495,443.5162493338861
2025-09-01 23:44:00.068750,36.00561036455401,191.49960470274362,125.45978656746857,297.9916243214976,256.30588754838607,149.96632511795917,266.853106187307,261.6855114379974,96.1869511802854,244.73551317566145,-916.4346497758752,443.6176325167568
2025-09-01 23:44:00.076000,83.30242923360717,178.78647310011831,121.13294885768362,282.1935412750631,235.44306130935905,140.93106844401174,262.37585299769637,251.13569439723156,95.0068846484852,243.63120902024457,-916.2900318865959,443.858428454142
2025-09-01 23:44:00.083250,130.08617900770034,172.0179513896452,122.27260940225374,272.8026089388075,221.55132461787866,137.8994236627209,262.00898588165626,244.7679428680448,94.03184750034944,242.53683980839173,-916.2501762671673,443.96033742629754
2025-09-01 23:44:00.090500,174.86846553853178,170.9698960089458,128.62799698826683,269.73906855046386,214.43979386433006,140.56574886172876,265.5434617526323,242.41539788683664,93.26032408182363,241.49699451982167,-916.26938119227,443.83339135257904
2025-09-01 23:44:00.105000,215.91015475296172,174.48730069403803,138.99452801521963,271.7464674295369,212.77383735959853,147.67619861902702,271.9249143410514,243.1653398584703,92.65749417754655,240.54859309926422,-916.2901657996773,443.556516166131
2025-09-01 23:44:00.116250,251.7933726982173,181.1932070511478,151.95046690665987,277.2372751254828,214.93748447949991,157.77351002024506,279.9900346156851,245.98296121908368,92.16927467135008,239.72411040900926,-916.247153928679,443.2845146785013
2025-09-01 23:44:00.127500,281.6914044499609,189.9614745424991,166.3504191172999,284.8760781686168,219.6022225154661,169.69054885460457,288.9223833834248,250.08634126953504,91.73616415684901,239.0580620293009,-916.0698057619053,443.1764266464442
2025-09-01 23:44:00.138750,305.40511343608244,200.07456113316746,181.5180860590338,293.7981091470001,225.906227301967,182.72380293181894,298.36181347017975,255.05603350617355,91.30739611201787,238.59055936332754,-915.6912575446696,443.3905498922949
2025-09-01 23:44:00.150000,323.2900137790856,211.12953478177093,197.20140200752226,303.5534856666336,233.35830235427304,196.54867088808274,308.26798583196677,260.75915986891863,90.85536397170395,238.36272260619654,-915.0661646399656,444.12821998672564
2025-09-01 23:44:00.161250,336.06489510036806,222.7931314739083,213.33947965384647,313.87427449908256,241.58254107802858,210.96216397770746,318.646641701357,267.1449411227458,90.38362759239193,238.40518598559186,-914.1876410853178,445.63879485869114
2025-09-01 23:44:00.172500,344.4730603437997,234.49748081251303,229.69843820674978,324.3082686346192,249.95790141967694,225.5444399501619,329.2181314800549,273.97061821667035,89.92165522302169,238.7251889906529,-913.0951814661993,448.14535486566336
2025-09-01 23:44:00.195000,348.92870214516574,245.21567963833402,245.53886293526747,333.85490373841856,257.29255278220995,239.38902533342704,339.1630923416298,280.5780246238832,89.50808968967192,239.29789027930806,-911.8741157261517,451.75676662249145
2025-09-01 23:44:00.210000,349.371515522047,253.44607884394543,259.5029948722111,340.8343800026756,261.7583844932322,251.05052162937517,347.08663035237817,285.84208223506533,89.17471889033257,240.0647345045463,-910.6507719084668,456.39560394157814
2025-09-01 23:44:00.225000,345.4195942772051,257.45218030593236,269.82427510507915,343.1497641872446,261.2136069729622,258.7869163961913,351.2705970342221,288.35713510905265,88.94275015752461,240.9380580897356,-909.5811771956039,461.74316962909586
2025-09-01 23:44:00.240000,336.7431272849965,255.77673201291998,274.87800524549846,338.9469960052024,253.88153691600309,261.10738510087947,350.21890839594636,286.8684663421333,88.82905559118595,241.81304196846213,-908.8238675417663,467.2691251344719
2025-09-01 23:44:00.255000,323.49256097372955,247.89413370889497,273.885606643275,327.42527240087014,239.1383879482626,257.4361942472128,343.31126810787123,280.7899154533146,88.85107854665397,242.58972470531253,-908.5003825759178,472.3496332455453
2025-09-01 23:44:00.270000,306.55338781852953,234.5877088838474,267.32337096111206,309.29673137042056,217.93700903313007,248.452303139057,331.1391070986844,270.47114128770323,89.02513860239588,243.19845357615608,-908.663844032125,476.385886285478
2025-09-01 23:44:00.285000,287.4769350443145,217.72660796376474,256.7189037292221,286.563661951595,192.54857052018747,235.81648418033095,315.2319497069386,257.0169018415359,89.35941281305429,243.61481288350885,-909.289010563674,478.8923664791811
2025-09-01 23:44:00.315000,268.1173150955306,199.574607317026,243.9960441606054,261.7915490525376,165.7881949059901,221.47897951136085,297.3692356347439,241.806849032514,89.84072769039555,243.8580240166094,-910.2821629378493,479.5690250728027
2025-09-01 23:44:00.326500,250.09802778404546,182.04259618006373,230.7842142999079,237.30402835812723,140.14816517056818,206.9948066256983,278.95753784737155,226.0032450982884,90.41984466014966,243.9779091434479,-911.5060999489731,478.34591377821687
2025-09-01 23:44:00.338000,234.33065541911654,166.22823017869038,217.99352749196999,214.6119860028994,117.18811329762234,193.1424220415729,260.77604447091574,210.24787543584824,91.01365677549865,244.0366186548846,-912.8150222670142,475.3779416204926
2025-09-01 23:44:00.349500,220.86112486974486,152.35064820604518,205.73953550900464,194.2055033726773,97.34417918710605,179.91593967485784,243.04263005299978,194.61915307577794,91.53327642768892,244.0876525128134,-914.0821609166851,470.96890989994006
2025-09-01 23:44:00.361000,209.09183794482297,139.97986089571327,193.55481727244418,175.69875764133948,80.12321787668643,166.80116063251842,225.61848805026312,178.79969157041657,91.91876961342179,244.1576035281243,-915.2003346079526,465.4549432333376
2025-09-01 23:44:00.372500,198.18449159980514,128.42542283369488,180.78572190433516,158.25175509968062,64.55885156200333,153.2000756217963,208.28410614247906,162.37663349055546,92.15528606514539,244.24052911092758,-916.065049655947,459.16491784824905
2025-09-01 23:44:00.384000,187.46393594728139,117.1832591264508,167.06869896782953,141.14358105789952,49.7916385110423,138.8776970759187,191.08821314912407,145.2165108404313,92.26500361924582,244.30687368996627,-916.5704588954792,452.4947005820312
2025-09-01 23:44:00.407000,176.72774714490484,106.30548307760849,152.730958539366,124.29010643296398,35.58582624871909,124.29395320334703,174.6617345493168,127.78773863743946,92.28578645212565,244.31691110442983,-916.6279780296915,445.9299482944631
2025-09-01 23:44:00.417875,166.39759488411843,96.55670978508303,138.94344106706524,108.50413807627218,22.599106470324067,110.69529435333763,160.30082738031817,111.26325000239301,92.24881609054812,244.23066905826408,-916.1914408885485,439.90421190682025
2025-09-01 23:44:00.428750,157.42215692760047,89.26077209907844,127.50529383369584,95.35848330093503,12.26033217722056,99.86572309751477,149.67500196604084,97.29896441455995,92.16222971694901,244.01679243462812,-915.2706534834284,434.64024704679986
2025-09-01 23:44:00.439625,150.84283546683832,85.77729841195513,120.21442114203947,86.56294753292278,6.153629369339227,93.4855503769271,144.16084373700897,87.46118838574066,92.0048293585495,243.66723237139834,-913.9323947005674,430.1812939000658
2025-09-01 23:44:00.450500,147.18784614723117,86.78190981071623,118.03282212612328,83.06090420396723,5.126764280940124,92.31451265547453,144.0873167741646,82.49331126075755,91.73305304665,243.21626672466795,-912.3015908691332,426.6010913919182
2025-09-01 23:44:00.461375,146.12672375432476,91.83495453612856,120.58119775824204,84.45163039769469,8.741535894836938,95.73828520172344,148.41465530095073,81.89717884758785,91.30028131961389,242.74825496790194,-910.5644057206702,424.1600404147267
2025-09-01 23:44:00.472250,146.62893495008984,99.56276373128317,126.3450481796282,89.1739536757434,15.47703964849861,102.0352110103864,155.12418768989355,84.16111645231474,90.67994074857893,242.38208752408082,-908.9569573417232,423.2404458854034
2025-09-01 23:44:00.494000,147.44949506763197,108.26172729270614,133.40510045301116,95.24603558277035,23.45094003065422,109.15006117232471,162.05078396244423,87.44961888382342,89.88139360405526,242.23990620802897,-907.7262923544406,424.17309104286227
2025-09-01 23:44:00.501875,147.61110614241457,116.52330965196985,140.2007729259756,101.03565649736291,31.140675389781773,115.48166287128889,167.64979054835055,90.30151248051592,88.95365135780602,242.41472740198887,-907.0734004080115,427.1383235494794
2025-09-01 23:44:00.509750,146.6554223291794,123.58607965518874,145.93449787174904,105.66461168037263,37.73953956326107,120.29158916619424,171.3221642272136,91.98463986311359,87.9774411193699,242.94634774683374,-907.1076243505908,432.12799008493073
2025-09-01 23:44:00.517625,144.5667591094813,129.24060082637143,150.43501230085798,108.87759781846812,43.00033124880192,123.54346638771415,173.16375369156864,92.36177648156634,87.04665727293883,243.81365741371957,-907.8325182638495,438.8787705911644
2025-09-01 23:44:00.525500,141.4580477214771,133.38041717507036,153.63473223636402,110.53362321885236,46.734552846688786,125.33910864660857,173.36183410532254,91.42893198687776,86.24335348634708,244.94705208069936,-909.1565745743777,446.8265923321414
2025-09-01 23:44:00.533375,137.32121299146743,135.64767088874092,155.16325278305774,110.22468371260946,48.467253124082575,125.48120946668696,171.76758142036638,88.96738576922644,85.61718247546987,246.25115852386168,-910.9125039869455,455.1808291543065
2025-09-01 23:44:00.541250,132.06013107464202,135.52216184185357,154.4290933409851,107.40106001148824,47.59707692856395,123.54509033199696,167.9840963599089,84.6108094688023,85.179530709526,247.623068781078,-912.8801748824528,463.07399608440835
2025-09-01 23:44:00.557000,125.69760636066258,132.72247399153946,151.05568574423677,101.84387296613569,43.87511558730877,119.31097125678727,161.80058893338622,78.19556796544991,84.91210000145809,248.96193296741532,-914.8183280057198,469.6856913268895
2025-09-01 23:44:00.568000,118.54825620195075,127.57577697277131,145.29185634499888,94.0606752990063,37.7888604853539,113.15863642489327,153.58603963322324,70.07102764244964,84.78024603612343,250.17396464891348,-916.5045613661449,474.3728618381287
2025-09-01 23:44:00.579000,111.27121967126094,121.13500948296056,138.1407898768036,85.35157362071953,30.61960067849716,106.16679126452857,144.39415422317026,61.1669531917239,84.74219270595289,251.17535167707354,-917.7726010949134,476.8533714156726
2025-09-01 23:44:00.590000,104.77143691840611,114.97824077829804,131.1566434793935,77.53638120155246,24.158642091828618,99.88084869455918,135.7444687803684,52.792583243708314,84.75502201130588,251.89462631674553,-918.535431385573,477.3321699099599
2025-09-01 23:44:00.601000,99.96290100677716,110.77320493652026,126.01984730673884,72.4714186663386,20.208882396751807,95.8765029859723,129.20589564932317,46.27209021655776,84.78309438111592,252.27647163703062,-918.7895823736822,476.4520327639081
2025-09-01 23:44:00.612000,97.49097191339891,109.78697850566837,124.06239456862521,71.51705623563625,20.058101338112778,95.29698261224998,125.95371827236848,42.566003231982734,84.80606330964258,252.28608949272888,-918.6042869248034,475.09319118975293
2025-09-01 23:44:00.623000,97.51783326623578,112.49379985465453,125.87358862030976,75.09363178528525,24.070324651281943,98.48842647619323,126.41624822756448,41.98618105895898,84.81771593512582,251.91398251706127,-918.1046148217235,474.1115516819381
2025-09-01 23:44:00.645000,99.62637205853962,118.3694707703381,131.0696098606067,82.45030838247934,31.487874124287835,104.80758453597994,130.08012213960828,44.06028354498158,84.81621641091245,251.18550373237372,-917.4520948165085,474.1088516920055
2025-09-01 23:44:00.656250,102.86450993973652,125.92578762847646,138.2838789051401,91.73378207327777,40.50494339172325,112.65667277551506,135.50673862075053,47.5766040110687,84.79655732718159,250.1730506295669,-916.8169342975042,475.3091284807714
2025-09-01 23:44:00.667500,105.94505604341269,133.03319692700134,145.4355858100104,100.39685310537638,48.66057875645768,119.8016914633324,140.61983408156073,50.84046692497738,84.75128276800038,248.99701108968932,-916.3402240155999,477.5437046663982
2025-09-01 23:44:00.678750,107.60605394842689,137.55122726297932,150.32666522892825,105.94731600270995,53.565512765901545,124.01053348791615,143.30927471148215,52.166354537651515,84.67403995394923,247.8064710870863,-916.100693936178,480.31360389618783
2025-09-01 23:44:00.690000,107.03533572072676,138.0887414631573,151.4167804124032,106.82146834467792,53.75277584889126,123.838355647839,142.18468044106586,50.47910159716956,84.56072844846959,246.74721822874213,-916.1073805066441,482.93072576344247
2025-09-01 23:44:00.701250,104.12351070701928,134.47228723169277,148.3371345632572,102.88182243091812,49.163382222520006,119.11247259050296,137.03768331364066,45.68127566368261,84.41341775393838,245.93144306437873,-916.3252210601365,484.72708204560183
2025-09-01 23:44:00.712500,99.35721984216966,127.61284796522992,141.80559954176465,95.19460409782795,40.9320133283178,110.7893406004129,128.7031460568796,38.533098211156634,84.25134759192223,245.4168952990414,-916.712261196357,485.2490639870549
2025-09-01 23:44:00.735000,93.41879994489933,118.90055249738079,133.06417449519674,85.2919163643376,30.66082570247043,100.32724892678527,118.47071931829336,30.15775173582554,84.12036166375289,245.19712347278426,-917.2319941846421,484.33130192088913
2025-09-01 23:44:00.750625,86.77271896152413,109.54472010064326,123.22884679360861,74.42907640567772,19.670142577807635,88.99543817490121,107.44137973840635,21.4960367098774,84.08938538796967,245.20733445964504,-917.8335930298775,482.04368407665345
2025-09-01 23:44:00.766250,79.49051969166818,100.18824319012133,112.87005916273012,63.19484809428787,8.59424117292345,77.45308259772493,96.1342285410246,12.974417709105726,84.2317892605326,245.3487861242247,-918.4354344816046,478.6023884382556
2025-09-01 23:44:00.781875,71.33624546520446,90.85539194326455,101.93976015270385,51.515671404773954,-2.6178395743905227,65.6980190273708,84.43915896763367,4.4749738957028455,84.59791698793587,245.52164361962318,-918.9396724343648,474.3065141015567
2025-09-01 23:44:00.797500,61.97175967061068,81.13092139265783,89.98187707780318,38.907442149113784,-14.448672726783483,53.29996700938589,71.83440510842718,-4.4645428034907555,85.19047249178011,245.65050299935203,-919.2658164706223,469.49720265770486
2025-09-01 23:44:00.813125,51.18987647747986,70.49265534375391,76.51093600985689,24.8598480803549,-27.426254291315995,39.795473824644084,57.76296185656821,-14.324195954471586,85.95402305905219,245.69511292944935,-919.3761094487287,464.52458150958284
2025-09-01 23:44:00.828750,39.15245880364687,58.73309395113297,61.45576251113862,9.288065092949122,-41.66274215658667,25.13612041262444,42.09194299456645,-25.23253848111167,86.7819746776221,245.6472853453596,-919.2746119049767,459.7177647664806
2025-09-01 23:44:00.860000,26.56277451532034,46.31070950145574,45.511553966430554,-7.099867067304627,-56.47811112494504,10.02762895269814,25.4980729332754,-36.6899719586535,87.53823959680854,245.51904771794182,-918.9799857149131,455.3583320305746
2025-09-01 23:44:00.876500,14.66197493932453,34.447078168500134,30.219360529203442,-22.710299236536656,-70.32195641357355,-4.011360773191062,9.562810513365674,-47.52481008295899,88.0894707602332,245.33007597667356,-918.4971894026572,451.6596534313925
2025-09-01 23:44:00.893000,5.006419732422457,24.912872593774672,17.704277787747145,-35.31722157428329,-81.06415246455092,-14.923695037991973,-3.5132466063302905,-56.11162385209562,88.33967777995096,245.10175661562764,-917.8174936269708,448.7543695878859
2025-09-01 23:44:00.909500,-0.8938723891330277,19.598961097793968,10.177173431353271,-42.56990371806658,-86.5256780219174,-20.614370319972945,-11.450421985491168,-60.76675417781973,88.25557904444179,244.85938600838585,-916.9438697043852,446.6995150246141
2025-09-01 23:44:00.926000,-1.9251823221934448,20.03800453011942,9.396840766890149,-42.563669279102385,-85.02598690170805,-19.48583551818726,-12.462733644986688,-60.18442168302231,87.87519673253405,244.6375855766022,-915.9127536285382,445.5222149109008
2025-09-01 23:44:00.942500,2.3817598934326716,26.99413901189855,16.22014773175166,-34.3288824062274,-75.81282564002157,-10.879369269092054,-5.734237382718235,-53.80867224297396,87.2988032699495,244.48243878369118,-914.7954886762153,445.29396607904994
2025-09-01 23:44:00.959000,11.701864120148306,40.16694465061324,30.2714091741061,-18.194090518845027,-59.36187900742415,4.6176344801928595,8.243827365783213,-42.091557170504124,86.66496834568792,244.44786189061247,-913.6873928211231,446.14319413200303
2025-09-01 23:44:00.992000,24.86681579078108,58.0652614464458,49.79679423627877,4.041104478981549,-37.503315532792165,25.06289435916836,27.563470915456634,-26.58021107617341,86.11564395866289,244.58757878743523,-912.6968802839223,448.1471765533041
2025-09-01 23:44:01.001125,39.964210036752384,78.12802057158605,71.82189492147468,29.240075082198718,-13.273848327874719,47.346969965557165,49.12138028226553,-9.75796312687142,85.75853389118677,244.94434724897266,-911.9333603502291,451.1915130421511
2025-09-01 23:44:01.010250,54.61672327347024,97.12243134547867,92.64609236225887,53.42428496712545,9.55274807969856,67.70636530488021,69.16274580339888,5.381901791239984,85.64198786899964,245.53855071269453,-911.4857535289556,454.92395252830727
2025-09-01 23:44:01.019375,66.40817896024038,111.74810211554998,108.54598856642141,72.53203910525382,27.170978091197593,82.44771953058111,84.00000778655019,15.934471062233438,85.75264015394448,246.36025276766352,-911.3955418391647,458.8216673604892
2025-09-01 23:44:01.028500,73.35256912513678,119.28450329843122,116.48411254215381,83.2164306200746,36.48725465656185,88.67116214578667,90.70707363494972,19.67587501019492,86.03053186942255,247.3681821332581,-911.640694885783,462.3126008068833
2025-09-01 23:44:01.037625,74.2908570584421,118.1377617154622,114.68908087532151,83.49213056312726,35.73451619465673,84.83846774502027,87.67208756098161,15.522562545064229,86.3900114885262,248.4940729350193,-912.1409066065744,464.8953805977625
2025-09-01 23:44:01.046750,69.14023286110402,108.21552735022162,103.04880720860494,73.15283478667155,24.88069431481983,71.12739152479934,74.97048725269725,3.805598356541739,86.73834934594514,249.647354854247,-912.779731515173,466.22726771738064
2025-09-01 23:44:01.065000,58.942704066312345,91.05428524711064,83.2345870128409,53.88634258978548,5.74282692193243,49.505678016781246,54.47123775909642,-13.709104813577285,86.98866608604226,250.72124668785088,-913.4328691417933,466.1765001410101
2025-09-01 23:44:01.072875,45.686024742668174,69.61396133835133,58.47448990079146,29.00993218879904,-18.285549630907475,23.457335228371374,29.56878071589396,-34.10724824017997,87.06791531526832,251.60841345334129,-913.99394671016,464.84654360125285
2025-09-01 23:44:01.080750,31.908079995925938,47.70492254412896,32.94629193462523,2.8162680533385482,-42.9098365954754,-2.662645565472079,4.509382441723137,-53.89834322512143,86.92323692702138,252.22645551036143,-914.3905536749688,462.5407850949215
2025-09-01 23:44:01.088625,20.11531979512374,29.086434233882922,10.795961845028415,-20.420208799699097,-63.94721557132774,-24.632671434686088,-16.63721826773271,-69.83047065909648,86.53057932742524,252.5398292167067,-914.5857386346605,459.6512175776349
2025-09-01 23:44:01.096500,12.146059669682385,16.47761092948969,-4.985890539365795,-37.535621654812424,-78.40697831878889,-39.48653052196783,-31.082253022661934,-79.75658414429066,85.90598433161345,252.56587166432877,-914.5712543379052,456.57631939447896
2025-09-01 23:44:01.104375,8.774865632878274,10.954485578346867,-13.256166648550774,-47.152841629076015,-85.12276092032565,-46.18887289230763,-37.93801811399931,-83.11332654113475,85.11158999823427,252.3649252191501,-914.3655630901815,453.7388152026448
2025-09-01 23:44:01.112250,9.789406593186484,12.045215509511062,-14.575648384402362,-49.575567478494804,-84.60160282453107,-45.477046283581586,-38.000067075157276,-80.723666870697,84.24636115683553,252.0216826336591,-914.0166503366042,451.56093518963974
2025-09-01 23:44:01.128000,14.424997680589486,18.34367133616384,-10.457633644703323,-46.095165045433674,-78.30429138698011,-39.090457942963006,-32.947995882945214,-74.13195651140518,83.42271579435926,251.62371051764805,-913.5979214284548,450.2880146557501
2025-09-01 23:44:01.138875,21.798361020717977,28.210297280030055,-2.549079986272277,-38.22334439164917,-67.86948678212602,-28.920231072075733,-24.507952591142754,-64.90717133915395,82.74064321942011,251.24192398263082,-913.1926902256041,449.8302398556492
2025-09-01 23:44:01.149750,31.11078730882054,40.26767203427301,7.8938414164417665,-27.208372332859916,-54.63523862851131,-16.455734547029564,-13.938414166549755,-54.20466498577042,82.26839678468431,250.91916582270142,-912.8735726724256,449.82862410327647
2025-09-01 23:44:01.160625,41.68015111344953,53.613474450451655,20.156242555705997,-13.88670663420711,-39.50145645556697,-2.6117130569301517,-1.9138103308302419,-42.652323048622335,82.03123556714306,250.67247793080932,-912.6870749040729,449.897178161974
2025-09-01 23:44:01.171500,52.93336200534286,67.78026805228397,33.939152257635115,1.2358214750317507,-23.017199880081716,12.170858284149432,11.308879852746118,-30.47221840289648,82.00722905489273,250.50795651384297,-912.6501853975433,449.8314603878438
2025-09-01 23:44:01.182375,64.36240243025073,82.50281389272116,49.071195407329036,17.751590571091715,-5.611220940424445,27.653624137773292,25.574499269257426,-17.739535548059507,82.13170517603568,250.4369599759823,-912.7554658010672,449.6450597090976
2025-09-01 23:44:01.193250,75.41121361042777,97.38648624873136,65.12655905111524,35.02730713506162,12.088123649340911,43.419691175690176,40.45100965226933,-4.726127537432433,82.31281861538925,250.48109901533996,-912.9765217507356,449.46632978468654
2025-09-01 23:44:01.215000,85.35405886349382,111.62208546412273,81.0786319126101,51.933864923279806,28.98011098875843,58.52764253699117,54.920993240757916,7.7930058187454705,82.45480985793496,250.66450991228444,-913.2732546212907,449.4198738439296
2025-09-01 23:44:01.223000,93.27161463777544,123.88917788023917,95.1861065432902,66.79637967205832,43.43514292838002,71.40233979748292,67.31356218787893,18.460190470357293,82.47986306232701,251.0025240431613,-913.6026765644747,449.5572758493232
2025-09-01 23:44:01.231000,98.19115907766891,132.53900459643518,105.26666337309268,77.65315804911181,53.552875366799725,80.09377163740315,75.59039263881978,25.599372571176364,82.34258560328936,251.49691370478067,-913.9337757877147,449.82469492882586
2025-09-01 23:44:01.239000,99.39632891261107,136.09994026343324,109.38444172196658,82.83131488222642,57.74397341218647,82.92308775682557,77.99917768567454,27.8016225268052,82.03652916889823,252.14098502377604,-914.2529801480521,450.08300051229423
2025-09-01 23:44:01.247000,96.78927120891397,133.95027104351323,106.68886165873697,81.63706433880337,55.429439889362776,79.27524603354134,73.85132896994918,24.59250013972978,81.59161158096262,252.92656797178677,-914.55279006656,450.2007139286226
2025-09-01 23:44:01.255000,91.05065190352084,126.71564985368228,97.86118192133166,74.70684554254483,47.395644939682256,70.00617625339648,63.91236510244573,16.745172361928883,81.06126070204637,253.84225708567857,-914.8170935984523,450.1399646274948
2025-09-01 23:44:01.263000,83.43390710284427,116.05101480450335,84.82548227969356,63.727977840979946,35.50167712457718,57.12473576805081,50.09384966826058,5.984534096956453,80.5049422173545,254.86661466454933,-915.0201302695115,449.9514663947472
2025-09-01 23:44:01.279000,75.31783566087324,103.95728595031238,69.94365528461326,50.738089639936454,21.944194700917013,42.98502576375783,34.67379101055775,-5.7087335781669495,79.97466735353188,255.96802296666732,-915.1361879186375,449.7242240712728
2025-09-01 23:44:01.289875,67.78332138013306,92.07246070306108,55.19573835972228,37.44826381367044,8.535884254390039,29.49176245695521,19.525235601900913,-16.76637149051583,79.50700353277556,257.11073523682853,-915.14545643974,449.5734950638915
2025-09-01 23:44:01.300750,61.38462363203393,81.26069599422371,41.699018132162415,24.867883438064446,-3.6998665611927026,17.647253791716995,5.6859531442599724,-26.387261226351935,79.11989152858891,258.2581728547609,-915.0327542010158,449.6539545065722
2025-09-01 23:44:01.311625,56.13272098068755,71.56812487786644,29.643911840871414,13.258130358309373,-14.56966379715484,7.50356219511675,-6.667378337173829,-34.54155485767434,78.81895387737904,259.3689491878931,-914.7876850192371,450.12410443062674
2025-09-01 23:44:01.322500,51.62544214779999,62.4442808204314,18.53849165410961,2.3154402045882034,-24.49288526807953,-1.5792553521140487,-17.96522626726787,-41.74173390302491,78.61136705282559,260.38771580218287,-914.408415283565,451.0686424502773
2025-09-01 23:44:01.333375,47.27701130797348,53.11674040297404,7.630544269039743,-8.49353895712515,-34.13388274425934,-10.490424418951822,-28.844918011839468,-48.68836318201727,78.51251744121927,261.2400392948673,-913.9037566247459,452.481088600801
2025-09-01 23:44:01.344250,42.61880774722297,43.043061537022886,-3.597170988718083,-19.502418253533502,-43.95343581312761,-19.84565500159752,-39.69705601469936,-55.85966089072683,78.53816291764187,261.8412581779962,-913.2955835012497,454.3458843520186
2025-09-01 23:44:01.366000,37.57234136574507,32.30951033815454,-15.015960131453996,-30.463476684652793,-53.815968922366075,-29.550318544491034,-50.30261958321219,-63.17024391904863,78.69138726581761,262.1179256505382,-912.6268703785773,456.71306141487855
2025-09-01 23:44:01.373750,32.56593439282637,21.808132648013004,-25.69841587662797,-40.39061473307668,-62.82684598683948,-38.645434510829595,-59.71051771541633,-69.85110726767178,78.95343503347843,262.03224876854017,-911.969580124923,459.63400170442526
2025-09-01 23:44:01.381500,28.455629764424028,13.111230708480287,-34.0770183547639,-47.69134619428571,-69.46626687415589,-45.510766374471125,-66.39356052728775,-74.60884998008073,79.27980302206072,261.6001040999488,-911.4222948980057,462.98306992897585
2025-09-01 23:44:01.389250,26.286632239281083,8.082349310729292,-38.3247594346768,-50.534728443458064,-71.9660369916511,-48.3088829659529,-68.61561941342909,-75.98726280422473,79.60353568524712,260.89072016122236,-911.0969713300728,466.3386624796111
2025-09-01 23:44:01.397000,26.955699964037457,8.343886834978282,-36.82535736603726,-47.349858712667555,-68.82240942661753,-45.47640241030228,-64.90716420790977,-72.78105833790632,79.85043223878716,260.0015053916777,-911.0981099288789,469.04579938943345
2025-09-01 23:44:01.404750,30.86322835917171,14.750422562221848,-28.650942081831154,-37.342951801807416,-59.32286231451005,-36.168346994794796,-54.56220405814102,-64.40076712112096,79.96276959324014,259.02219150293945,-911.493908442683,470.4274755048083
2025-09-01 23:44:01.412500,37.67073697228498,27.005300530370217,-13.982738989652988,-20.916133811463276,-43.94783376230484,-20.635464057547164,-38.05712535983062,-51.15769253394623,79.91489089693637,258.0119136738007,-912.287358735354,470.02002614403216
2025-09-01 23:44:01.428000,46.273022070449585,43.54677653512895,5.667012761878617,0.16717128382179847,-24.485446840173886,-0.4218863954751907,-17.224625447449576,-34.39532446971618,79.70958855834337,256.9984400954437,-913.4056895976297,467.72114243610525
2025-09-01 23:44:01.439500,55.01126988624381,61.77107319967023,27.583424620696082,22.984042691863507,-3.7772017369448845,21.770041251314606,4.954369959747105,-16.358319350046177,79.36572959082483,255.9925543713491,-914.7145800441417,463.827800205907
2025-09-01 23:44:01.451000,62.02008930875902,78.52548960576436,48.32229089669247,43.97577313682359,14.813244899086678,42.54969746005128,24.90339395409876,0.2053773244223377,78.91261586640252,255.0067853925122,-916.0450466858857,458.9695649555948
2025-09-01 23:44:01.462500,65.54028724091266,90.70745170912701,64.3634668148481,59.630594925882235,28.026158310292008,58.48126003389762,39.15499783729248,12.576842980183446,78.39063255309262,254.06906891214527,-917.2196062128347,453.9045123997961
2025-09-01 23:44:01.474000,64.12834133988312,95.82451522205163,72.76507568492865,67.15752485511848,33.28513013342267,66.72157236679564,44.9952554486038,18.578120342697876,77.84831908837985,253.2240594004006,-918.0743840482922,449.2333553732507
2025-09-01 23:44:01.485500,56.854335619672725,92.4569662049461,71.72395538443337,65.04284072071606,29.178912407568227,65.56715621454926,40.94123778870374,16.994040911179468,77.33434278350293,252.52155127245456,-918.481909166004,445.2293144668064
2025-09-01 23:44:01.497000,43.558817703535524,80.59759094947131,60.9899043869031,53.42315231508633,15.824940368989722,54.86571760311096,27.05810952349382,7.873035532171697,76.8916301594079,251.9999394885863,-918.3771195678298,441.8977722661306
2025-09-01 23:44:01.520000,25.053852289271312,61.78592688190718,42.03950022995159,34.18390984053847,-4.983348099246889,36.1860666388296,5.112050808534334,-7.3786820850304125,76.55628511719462,251.6744648167207,-917.778396295662,439.16279008015744
2025-09-01 23:44:01.530625,3.100366057642484,38.9352843171902,17.911163852949517,10.689736539127916,-29.982043654617467,12.634410891938476,-21.548916799414464,-26.183232710775066,76.35529623113396,251.53404414510044,-916.7890375460954,437.028177710716
2025-09-01 23:44:01.541250,-19.902517486225424,15.80092936807542,-7.3425529934352545,-12.885265116161989,-55.05869203786487,-11.71983833427143,-48.54216571708214,-45.258793151972945,76.29873938211158,251.5446268137882,-915.5711245828894,435.63822031371285
2025-09-01 23:44:01.551875,-41.51149559879062,-3.9107188710514507,-29.577415720755138,-32.576422692765455,-76.25357621847614,-32.77515097302055,-71.46724351135255,-61.34599067683689,76.3710916517115,251.65726516939364,-914.3043627444337,435.21356493634323
2025-09-01 23:44:01.562500,-59.97292111609517,-17.580924748248062,-45.63607032517535,-45.71727813005409,-90.8688907762567,-47.44444230176495,-87.10196504208703,-72.02614697585983,76.52882727581475,251.8196873153845,-913.1562757889337,435.9110404752272
2025-09-01 23:44:01.573125,-74.70181203303596,-24.342824117118706,-54.06836307583844,-51.5502151495331,-98.11891074546895,-54.31654796631843,-94.17580519087296,-76.2388912679831,76.70606558291591,251.98612389336546,-912.2702953140117,437.7078236654662
2025-09-01 23:44:01.583750,-86.18698097488074,-24.97572566732779,-55.11733770101084,-51.00909448129164,-98.93249421981136,-53.60495242481658,-93.3165099454245,-74.23060267337192,76.82586948160647,252.1200051570235,-911.7546957239114,440.34249155489886
2025-09-01 23:44:01.605000,-95.4620762873654,-21.193756079108404,-50.12514894294823,-45.9140799972536,-95.13656862059047,-46.568899903860334,-86.34789446199751,-67.07621628482153,76.81522487461234,252.1916302660889,-911.6662266474553,443.2933510133536
2025-09-01 23:44:01.616125,-103.53437035470067,-14.818564084917417,-40.78881271725699,-38.10971587285434,-88.57370102094973,-34.82211122406723,-75.42258414400375,-56.109913776211194,76.62306160073611,252.17686901622298,-911.9994768320557,445.82917943316136
2025-09-01 23:44:01.627250,-111.03618508819949,-7.2143180506317,-28.581306980019228,-28.909278954275223,-80.53852940057509,-19.811494583748683,-62.36379146866309,-42.50418692560586,76.23680961265256,252.05869172794516,-912.6870495998032,447.1870710164477
2025-09-01 23:44:01.638375,-118.17602098183741,0.8971099846295297,-14.470879514784922,-18.937933830499787,-71.6208413871812,-2.572522228351725,-48.36797262955859,-27.087493130658693,75.68373674561354,251.82933615535327,-913.6052225422827,446.83222397505153
2025-09-01 23:44:01.649500,-124.92852201301734,9.320785358935728,1.0545067453605022,-8.293651326027993,-61.8563286031465,16.24794807257885,-34.04659206144566,-10.388507967331693,75.00735110974496,251.49173783849363,-914.5843872643569,444.6556872358457
2025-09-01 23:44:01.660625,-131.30580361618914,18.09882868112,17.728208172571353,3.1013185256793108,-51.06698027798462,36.170175963204684,-19.706252362903268,7.155968618907327,74.23444078086229,251.0604768150949,-915.4318620478685,441.0113034280616
2025-09-01 23:44:01.671750,-137.56695396308015,27.13908905090684,35.12925968244081,15.079114844185916,-39.297457280714376,56.558701508074904,-5.740731787741319,24.930320329734364,73.36116586931978,250.5618365608843,-915.9684237748603,436.6234103990058
2025-09-01 23:44:01.694000,-144.30027175491708,35.887305911400006,52.35605038358632,26.89611116346578,-27.186387131860762,76.33772960855732,7.036571594293636,41.935588327875706,72.36718849238646,250.03127886315949,-916.0661222019431,432.42494435451124
2025-09-01 23:44:01.701625,-152.35590994904865,43.20146045013765,67.9079828983974,37.15577220735665,-16.084112594404445,93.88748312048762,17.28484235982764,56.750216066404036,71.2419088802804,249.50744915714378,-915.6714666463587,429.33594691184805
2025-09-01 23:44:01.709250,-162.62255380961489,47.54171615911332,79.87981037469035,44.06136228107981,-7.815951751604279,107.23748888148315,23.354761899866727,67.723556185971,70.00360912244567,249.02541615586355,-914.8069510755258,428.03775681847213
2025-09-01 23:44:01.716875,-175.65715603280955,47.511913471768935,86.52720772026751,46.00387659505031,-4.081973346148852,114.6331513287429,23.878354911783592,73.45094586998539,68.71160906526542,248.61565206355087,-913.5580774181199,428.86690991343715
2025-09-01 23:44:01.724500,-191.26663938846525,42.576910134835565,87.0335398630491,42.31315013236169,-5.685240402112766,115.29498450671686,18.52066388077752,73.38144759843236,67.48014464811374,248.31103416102346,-912.059244880039,431.8623685363374
2025-09-01 23:44:01.732125,-208.29945776585944,33.488569625394526,81.96935966383221,33.716528866597464,-12.0640601816628,109.85055898574164,8.342119415005621,68.14159543140526,66.48132116472242,248.15224613985356,-910.481163233789,436.84309151750574
2025-09-01 23:44:01.739750,-224.86781772121756,22.0566784801246,73.06291079373781,22.13188555344017,-21.49510823206049,100.07906604460214,-4.56577325863939,59.29264553242799,65.91834391933052,248.18201002324273,-909.0129474338786,443.4087529719178
2025-09-01 23:44:01.755000,-238.91603844731785,10.422096924074983,62.45998771607308,9.928966304207094,-31.81435710620279,88.16531888335383,-17.870215251681866,48.69389121587207,65.97766709078353,248.43312402046197,-907.8376064021321,450.91603852865217
2025-09-01 23:44:01.766125,-248.82182216700977,0.30554445247587614,51.945431946283556,-0.8760465394914235,-41.189529271637426,75.92784785324416,-29.711179801492385,37.86864757282607,66.78423627148356,248.92031930276818,-907.106773739268,458.5334629804523
2025-09-01 23:44:01.777250,-253.7512645749109,-7.396898794079945,42.49916961018419,-9.096984235319084,-48.56420878270239,64.39345587685797,-39.07954076652654,27.681558771306882,68.37575740122125,249.63775232660848,-906.9202954780916,465.3804634170707
2025-09-01 23:44:01.788375,-253.6356183404545,-12.522561503736782,34.38602760184807,-14.335743138320423,-53.5944827693972,53.918163014873485,-45.75607343571842,18.465037077924364,70.6999321529066,250.55855074109965,-907.3110105513655,470.6867205187249
2025-09-01 23:44:01.799500,-248.84177926745255,-15.1821214516334,27.678086338127564,-16.533980413552506,-56.189302906818,44.72393164940566,-49.8833992846227,10.463448075953771,73.62785068949134,251.63490524346298,-908.2341172227674,473.92632762639136
2025-09-01 23:44:01.810625,-239.8237114462926,-15.342732855586254,22.729374040997683,-15.556263782434987,-56.093433662048774,37.34586586406729,-51.522866471625996,4.1791973965430556,76.97334057897487,252.80197833002563,-909.5701028532856,474.917320586305
2025-09-01 23:44:01.821750,-227.02046133167764,-12.801895420635708,20.168012793448387,-11.187149170945421,-52.90012750027451,32.57142377820944,-50.54280099744796,0.2919120566625275,80.51277116476487,253.98751775193074,-911.1493130851815,473.86602742366375
2025-09-01 23:44:01.844000,-211.00635475242262,-7.503815757880638,20.46197717271218,-3.492719059358721,-46.44355873563626,30.960364575069487,-46.8653588475592,-0.7482712512453265,84.00418140914566,255.12071451707774,-912.7867098694982,471.3184474615201
2025-09-01 23:44:01.851750,-192.7078851421954,0.09756004749708053,23.44646308732352,6.79378423826162,-37.22523469847004,32.35614845876478,-40.837919930310555,0.8917305486277526,87.20717862440854,256.1343302675811,-914.3084866088338,468.01666833392517
2025-09-01 23:44:01.859500,-173.48961172388,8.880486134486874,28.129133039554826,18.152903564767655,-26.575806740803845,35.71227876575212,-33.44838410176059,4.2984676041445775,89.90308427780846,256.9662556226651,-915.5675315404096,464.7094167239956
2025-09-01 23:44:01.867250,-155.0047226965517,17.193046254213282,32.84704627984337,28.508909120656543,-16.456624973470802,39.29206350085291,-26.239218714178772,7.975510130862689,91.90864019817354,257.5700793657307,-916.4556387687799,462.0082695211856
2025-09-01 23:44:01.875000,-138.85725576497288,23.217336443412364,35.668927615382366,35.70153441424143,-8.996663175824086,41.108724249613466,-20.96919942063084,10.204939318139314,93.08092484500378,257.93194309095156,-916.9159623877896,460.3529892236619
2025-09-01 23:44:01.882750,-126.2263484349487,25.433185612919573,34.91213665565709,38.03952882295948,-5.928182132584815,39.46193671358589,-19.14848752176103,9.496731721402886,93.32511398045703,258.08089830420164,-916.9511675598801,460.0165644092218
2025-09-01 23:44:01.890500,-117.58046793717132,23.07862008219384,29.66764662865124,34.813547008790636,-8.057950635325623,33.46597437705607,-21.55886303150832,5.03284219236423,92.61297452459428,258.0834026129877,-916.6169042381831,461.044224989207
2025-09-01 23:44:01.906000,-112.55088181441279,16.484126572807135,20.182302719154325,26.629022526842693,-14.920781978252505,23.418445215734373,-27.90007587753043,-3.0187220742041907,91.00004421508052,258.0220089549139,-915.9939653512849,463.14830943628124
2025-09-01 23:44:01.917125,-109.99610591585797,7.141264303469788,7.943783163014994,15.408974145968639,-24.75966186828936,10.851610917336634,-36.71375794807739,-13.439832319414796,88.62609481456094,257.96782666741296,-915.1532997039438,465.6707132047901
2025-09-01 23:44:01.928250,-108.25610387131155,-2.585575588358782,-4.618732485018194,3.9893174618431884,-34.90470774716186,-1.809737267582004,-45.68319117430689,-24.223466417732865,85.69710391252244,257.96289800955844,-914.1409729033533,467.6988756019822
2025-09-01 23:44:01.939375,-105.58977376680403,-10.133087561586274,-14.850517621351555,-4.685315643136193,-42.54926508519184,-11.985671716115368,-52.34558327077021,-33.19257832415137,82.45657749756788,258.0240509116694,-912.9930628773484,468.3049504227091
2025-09-01 23:44:01.950500,-100.70922180684467,-13.623020013548595,-20.81634826783801,-8.540742748802337,-45.707654240364846,-17.862118852328347,-55.01667972035493,-38.79512594619264,79.15631858155122,258.16288912378525,-911.7631647641454,466.7738779882869
2025-09-01 23:44:01.961625,-93.15011230362727,-12.478872770254618,-21.947834930887844,-7.003196619851865,-43.83262430786502,-18.98170048191022,-53.389721226719274,-40.613354185125395,76.03429040970374,258.4026021593941,-910.5346940980323,462.7616519505461
2025-09-01 23:44:01.972750,-83.25584651780501,-7.385697406125214,-18.977827969691766,-0.8977386413447033,-37.70860387476952,-16.12979666067429,-48.40934066055383,-39.268352618890965,73.29929918677072,258.7791761221895,-909.4086460059247,456.43635444668365
2025-09-01 23:44:01.995000,-71.84394383485532,0.29435974443765023,-13.31136347108394,8.207272542768129,-28.79819457644368,-10.692594794362922,-41.601769074999986,-35.88181153494084,71.11530617829328,259.33178993703336,-908.4829044744147,448.56584988349016
2025-09-01 23:44:02.002625,-59.798119256250956,9.218956926923026,-6.300859745233855,18.742865717850588,-18.51316654974947,-3.952435394476941,-34.342258654912804,-31.48672129489484,69.58447812013605,260.08949968132015,-907.8364914033691,440.40418848822685
2025-09-01 23:44:02.010250,-47.771681989059694,18.533009591503134,1.2346302740117279,29.64253824700217,-7.745819065325172,3.353785586964748,-27.38960634252625,-26.659165433765242,68.73777028564037,261.05590076180937,-907.5181141949906,433.3469650538335
2025-09-01 23:44:02.017875,-36.06020051504383,28.000450232907795,9.145218896398688,40.508546502659264,3.242568730854538,11.126275120465204,-20.767970646858416,-21.44556044787968,68.5360253056759,262.1976318796618,-907.5396716287398,428.53305481775885
2025-09-01 23:44:02.025500,-24.617953755520873,37.857671297038436,17.793992145382884,51.494399916705326,14.656497153443016,19.714618912949913,-13.927641320780259,-15.522073907462145,68.87794956382362,263.44648134444674,-907.8781250320983,426.58961525470784
2025-09-01 23:44:02.033125,-13.19203290865982,48.4922154979165,27.70145503596436,62.99389479912493,26.849423938557212,29.560114482899905,-6.107552222672048,-8.495885090087251,69.6165387046281,264.7162846258409,-908.4837140756198,427.572661881058
2025-09-01 23:44:02.040750,-1.5550462467117565,60.05497082540009,39.08740866068186,75.22263936764081,39.942973988549156,40.769738870899715,3.1706427424337864,-0.26857405819407504,70.5849515631295,265.9240296983343,-909.2888711306881,431.05833400507225
2025-09-01 23:44:02.056000,10.250946144241178,72.13747308758943,51.47189904739298,87.83679427308562,53.495662216941774,52.76449576042298,13.650439281424212,8.669780044147727,71.6250578282346,267.0036053609685,-910.2168020549901,436.33249474584943
2025-09-01 23:44:02.067250,21.78480822191712,83.63208085313677,63.527073950308605,99.76214515219068,66.36524921728046,64.15923885835292,24.16249832239889,17.16162927474248,72.6107190896178,267.9087638198014,-911.1928434285908,442.60104863893355
2025-09-01 23:44:02.078500,32.23412836197013,92.83597810472259,73.26470174469766,109.31120960471283,76.83554800322393,72.94824599673767,32.82221010960223,23.562831153036555,73.46021331412622,268.6089385325304,-912.1534176867309,449.12119772202584
2025-09-01 23:44:02.089750,40.567763070293395,97.80331971771216,78.48164270489418,114.53912285622327,82.96966436260023,76.94024037111403,37.501936339955805,26.108748061714003,74.13366958254184,269.0831944837184,-913.0403768616263,455.2452618081674
2025-09-01 23:44:02.101000,45.78532800314817,96.85442037179656,77.29816472011066,113.72192492014653,83.08490413871718,74.29121526148131,36.37004791136087,23.34563787338832,74.61754927077911,269.3163554827658,-913.7831849858665,460.4739146963031
2025-09-01 23:44:02.112250,47.220472286458154,89.0703617059644,68.66258836786098,105.84945533224386,76.23649221777173,64.00577902355043,28.345078898394007,14.537904538657578,74.90733839642097,269.2996737861682,-914.2906635060878,464.55216870177617
2025-09-01 23:44:02.123500,44.81712625979249,74.64817336504288,52.753885381331145,91.05245914819432,62.618707026860974,46.33748668658412,13.45013034349554,-0.018860592403572813,75.0000617977658,269.03481155812767,-914.4676550972907,467.50264941571606
2025-09-01 23:44:02.146000,39.29294364237243,55.05718353970009,31.18407114901023,70.848697897355,43.7743845425238,22.989988738042197,-6.934583532115642,-18.871982760981606,74.89832440431466,268.5381817413707,-914.2478087245922,469.5162574006257
2025-09-01 23:44:02.157125,32.094223821489315,32.915445378965074,6.88313694350713,48.05611617879282,22.4767082113499,-3.001488045312982,-30.05942806961186,-39.54262865561319,74.61850204984289,267.8447846465252,-913.6203073416297,470.7830014719458
2025-09-01 23:44:02.168250,25.08795772902837,11.513139817252377,-16.40090986238427,26.275125132711533,2.2009279473259613,-27.78755209645026,-52.228546987965714,-58.94517069810785,74.19488524825073,267.0093963102874,-912.6360414958997,471.3942841193988
2025-09-01 23:44:02.179375,20.076590230768197,-5.982418181897736,-34.98332122072373,8.980745355702641,-13.752374494579815,-47.62664473887508,-69.70020692137246,-74.10444655890325,73.67886410438983,266.10094147594975,-911.3967507176162,471.34529999231484
2025-09-01 23:44:02.190500,18.324275977559257,-17.40624033831052,-46.28038864593099,-1.4829045801901162,-23.192684489967675,-59.9617835835994,-79.77664794002469,-82.9929080918499,73.13954644479287,265.18908009322683,-910.038903762033,470.5891641756467
2025-09-01 23:44:02.201625,20.28843051762615,-22.13091236652457,-49.48386480615868,-4.493697129119328,-25.566352323747683,-64.0904408532568,-81.51458047382324,-85.05255526114274,72.66620160601757,264.3278914650371,-908.7170964574848,469.0971044760521
2025-09-01 23:44:02.212750,25.672954718564505,-20.950238092858335,-45.4772504792196,-1.004201128438348,-21.789070933620234,-61.0319006375193,-75.66348701768634,-81.08717319617104,72.3609219446757,263.54662786475666,-907.5846058882707,466.9013471053173
2025-09-01 23:44:02.235000,33.746085164430376,-15.44877113230849,-36.139193064482384,7.1637917721167295,-13.563970680564902,-52.77538264717564,-63.99507755041859,-72.66899324777842,72.3158319507405,262.8535379221571,-906.7705563780681,464.11261130071136
2025-09-01 23:44:02.246375,43.7295073708774,-7.279334435866457,-23.509215128257036,18.132190790850245,-2.6170922980721203,-41.40843817892661,-48.515659884943716,-61.46741166051762,72.5859650031924,262.24690797931726,-906.3584264799223,460.90542049590124
2025-09-01 23:44:02.257750,55.08569624910068,2.328953838786427,-9.193318383825895,30.542583180134923,9.829063164873153,-28.50332455800747,-30.93206399803871,-48.801431324917246,73.17193452324787,261.7244256351391,-906.3736741433253,457.4629562769336
2025-09-01 23:44:02.269125,67.60793181054633,12.749975613907866,5.857360630951419,43.76076817072484,23.229671562572307,-14.902736825085087,-12.453421961309592,-35.49519850456693,74.02014179485865,261.28704785150956,-906.7864899131813,453.9152209266498
2025-09-01 23:44:02.280500,81.29056645991928,23.885521993845153,21.247621981831994,57.73409821709466,37.56517427646518,-0.8651888529792653,6.167194392929781,-21.975783557737376,75.04139412340744,260.9353699761666,-907.525575687249,450.3410674165285
2025-09-01 23:44:02.291875,96.06143773403127,35.89935657705907,36.836297689177,72.61587277096736,52.963011527895674,13.56560959294086,24.43679998806755,-8.51690868861104,76.1372330511536,260.66145855329273,-908.4905147042593,446.8339075230341
2025-09-01 23:44:02.303250,111.52463476738431,48.818119289105844,52.34202523793805,88.31100511052475,69.24181504025702,28.12130873900805,41.81252181238011,4.464697361144038,77.21849881803982,260.4469872453757,-909.5594265045418,443.55055483109743
2025-09-01 23:44:02.326000,126.82233845301208,62.13619311155513,67.00408754119272,104.12019608531867,85.56278326761009,41.97018688524674,57.384616618152926,16.177662826049787,78.21154589880172,260.2726884831483,-910.599102284325,440.7001114343458
2025-09-01 23:44:02.337000,140.65555068946523,74.62557489987141,79.4697405835324,118.62846031404683,100.34393972322212,53.64084778416873,69.72800997203596,25.412268950059655,79.0564411032029,260.13035376744995,-911.4773905971011,438.5046172675024
2025-09-01 23:44:02.348000,151.475908155271,84.47379771388093,87.9738357846252,129.88366408743056,111.48871062394656,61.25226652520054,77.05387509882978,30.717092422529063,79.70230116007947,260.02801071830424,-912.0725072215071,437.1789625758962
2025-09-01 23:44:02.359000,157.80151091663475,89.6925880345257,90.71909356582498,135.79566813934127,116.84235761934045,62.93778142095512,77.64446689344867,30.710095704210723,80.10525943660483,259.9885258580222,-912.2835157216995,436.92270397210893
2025-09-01 23:44:02.370000,158.52300823527938,88.61574931150386,86.30723596301245,134.61279268887,114.69188300270899,57.300715982052964,70.37416188861016,24.417717007038327,80.22858224089437,260.0455596748186,-912.0479705770055,437.8766871283405
2025-09-01 23:44:02.381000,153.12138362709302,80.34379104375277,74.13823282616838,125.36796998206216,104.1870541478565,43.81962862129123,55.10824066924854,11.597441429034385,80.04164852208291,260.2375659569877,-911.3617219131883,440.0573352449343
2025-09-01 23:44:02.392000,141.83230914865027,65.08055760982045,54.75185237477099,108.25606133307087,85.67073971276541,23.17752269106799,32.913223555067766,-6.98376341894305,79.52491654794414,260.59946222206446,-910.2905418440749,443.29997729637796
2025-09-01 23:44:02.414000,125.74601129472848,44.2965038029169,30.01826256164163,84.85794095828088,60.859343316208616,-2.5825394352646645,6.057532945010992,-29.418000317755013,78.68421876536325,261.15363468645705,-908.967910937253,447.19714929263375
2025-09-01 23:44:02.421625,106.75909875476715,20.63122030005903,3.0232519916986407,58.07481758092768,32.74669316309254,-30.220669020661177,-22.21991884953409,-52.81384140936708,77.55826198149589,261.9021089617039,-907.5808302547242,451.09542074118815
2025-09-01 23:44:02.429250,87.35645999155885,-2.476148949162402,-22.404872096958915,31.727783785119694,5.189160960776752,-55.81935262384415,-48.13068130566317,-73.77565012532283,76.20903425183644,262.82027201407544,-906.3438443212242,454.2590963923146
2025-09-01 23:44:02.436875,70.28114046623419,-21.335408757587366,-42.410421811063735,9.918579593555554,-17.737886879185375,-75.53399973648116,-67.88193450614017,-89.06609512814227,74.708026554445,263.85194537159316,-905.4533986430789,456.1526237510763
2025-09-01 23:44:02.444500,58.154500309972384,-32.608638358678945,-53.86487146222031,-3.6911765126224916,-32.45626509082476,-86.36020921256268,-78.28984258312823,-96.24082637663102,73.12878664792731,264.9078163274033,-905.0318540016054,456.6656413233351
2025-09-01 23:44:02.452125,53.075165732557466,-33.895443751757,-54.984586926258764,-6.558908566487127,-36.538764229308015,-86.7300419317268,-77.39170203213656,-94.11662794477066,71.54184281157836,265.87285424611525,-905.0978298945712,456.1426240238488
2025-09-01 23:44:02.459750,56.217363851314204,-24.25878946129581,-45.71886515866863,2.181511075240099,-29.221276541701197,-76.85161684527496,-64.94972978735466,-83.03375503536178,70.01144915551103,266.6253627237422,-905.580292587868,455.2252892435171
2025-09-01 23:44:02.475000,67.50683492193029,-4.576306376225418,-27.85083601059053,21.40343592003237,-11.679173134273894,-58.75435293776183,-42.66354615721494,-64.88479090524558,68.59716713536744,267.06075174014234,-906.3549756306182,454.6406093035738
2025-09-01 23:44:02.486250,85.5107372946828,22.461681950010448,-4.749268482692463,48.066223623256576,13.066814251118982,-35.99362495012239,-13.944807504042917,-42.857008014611246,67.3557121644285,267.1089924104719,-907.2829622643811,455.01287977802383
2025-09-01 23:44:02.497500,107.65659990457772,52.82374863668021,19.259647423762384,77.77146870347272,40.7074078488197,-12.987788291851981,16.72898386675492,-20.852244685712805,66.33709948828437,266.7410419022791,-908.2456771879905,456.6883527282922
2025-09-01 23:44:02.508750,130.80573793669313,82.06589313321601,39.87142091952145,105.7641165892641,66.6425761894184,5.981847667580676,44.789417446578206,-2.618098652345218,65.57690945554806,265.96841274090815,-909.1662938030482,459.6175227067421
2025-09-01 23:44:02.520000,152.02619814838758,106.46840688600624,53.90556225286682,128.12508918513043,87.15300597266098,17.866626395974084,66.66444346812028,9.18380076473986,65.09242731926784,264.8414157866866,-910.011121350944,463.38088940891015
2025-09-01 23:44:02.531250,169.21473419680652,123.85852613941167,60.02286883025841,142.62432264366137,100.20373493817712,21.526577253507856,80.507266268762,13.539199534777055,64.88688476350646,263.4449727044654,-910.7774027395864,467.368419658826
2025-09-01 23:44:02.542500,181.28829456055837,133.7140693298123,58.671360253115715,148.82202133964796,105.4905157185943,17.62483112755397,86.19488208926148,10.987095622711667,64.9565195893644,261.88763836765986,-911.4731598864774,471.032413308706
2025-09-01 23:44:02.565000,187.99340062490324,136.66126710752783,51.41335817671647,147.53924067774813,103.88123669577337,7.920833201257142,84.73813765204906,3.0306729711888614,65.29352198964537,260.28481443555586,-912.0952155926907,474.07634970011816
2025-09-01 23:44:02.572750,189.5825257879786,133.80407017656756,40.10634404226189,140.14749338369703,96.70753609480121,-5.564102108003341,77.55360891512738,-8.555648781829197,65.8854478461372,258.7407159729445,-912.6186147590472,476.4657181222632
2025-09-01 23:44:02.580500,186.53608289098403,126.22026036165344,26.29592721449266,128.01832958998375,85.23521682588196,-21.15594014776997,65.9335599645169,-22.24079882099328,66.71495126824215,257.3343842969558,-913.0008813910063,478.27963953650635
2025-09-01 23:44:02.588250,179.36871779160268,114.72894381556873,10.949236383622218,112.24127149996235,70.41010172225108,-37.78274927084401,50.82374171027031,-36.96943580815341,67.76280068236997,256.1197925518112,-913.191354714143,479.5444829015195
2025-09-01 23:44:02.596000,168.5237062032063,99.89967145673361,-5.491169952477168,93.59592233366187,52.85465890232784,-54.90866244402913,32.87340892079257,-52.1256992547683,69.01537564305791,255.14370385860406,-913.1423397958745,480.1606663505976
2025-09-01 23:44:02.603750,154.4012796769969,82.2413754178167,-22.820502931821515,72.73768879097163,33.07048989421098,-72.25271318624205,12.671265034854638,-67.30592682570726,70.46809242185674,254.46424999178083,-912.825057903279,479.911598718542
2025-09-01 23:44:02.611500,137.53159094593218,62.4997536633666,-40.67278370841581,50.51367569240271,11.767397875726793,-89.41035692063444,-8.93007342618057,-82.01291859042423,72.11299877518292,254.15057747615452,-912.2455714674995,478.51805698093733
2025-09-01 23:44:02.627000,118.78425391125738,41.934852765514364,-58.17327209645963,28.238843384408764,-9.843575977807449,-105.52687824993349,-30.542006149843836,-95.41067321528207,73.9166118919518,254.26421852787178,-911.4526566465812,475.74920884519645
2025-09-01 23:44:02.638000,99.47207140848967,22.408224025339614,-73.80761961498187,7.759649477455355,-29.960999166312547,-119.17555602167138,-50.173722330223335,-106.25514464426556,75.80736347788468,254.835196891659,-910.5369062201975,471.56838609089954
2025-09-01 23:44:02.649000,81.28066264626882,6.1870101417804495,-85.57987055282264,-8.74161186149597,-46.37144607369284,-128.500845787415,-65.44150066262418,-113.03664588695801,77.68203138885777,255.84328577647528,-909.6216104290876,466.2387390560608
2025-09-01 23:44:02.660000,66.03616992677789,-4.471212517607288,-91.41016057183319,-19.125329757854992,-56.84806001249695,-131.57973879583554,-74.00551250455196,-114.28681194199685,79.42588734675464,257.21202170003363,-908.8421024990968,460.3245679700391
2025-09-01 23:44:02.671000,55.38206095791153,-7.792397785249699,-89.6392843121654,-21.738469341790545,-59.64465895938738,-126.89591801486938,-74.09505013978176,-108.9470554796744,80.93655373817555,258.82015854769486,-908.3173860552006,454.56913255422086
2025-09-01 23:44:02.682000,50.45430364506622,-2.897578882595453,-79.49642334368251,-15.825017706963488,-53.947946214865325,-113.80649228419355,-64.97477134316357,-96.70199560063341,82.14098951815198,260.52583528743224,-908.1261908314566,449.7255473800246
2025-09-01 23:44:02.693000,51.622415088865914,9.887602529066383,-61.440616674303676,-1.8319276251214418,-40.195728314711396,-92.89820630458193,-47.26489141765822,-78.22223406337076,82.99872485883735,262.1912621771673,-908.2951053886441,446.4382426973963
2025-09-01 23:44:02.715000,58.3483835407823,28.882873367464423,-37.30556585789331,18.468879762318746,-20.188458842990787,-66.13558836789879,-23.046765774270135,-55.25521389827445,83.4958495974325,263.69899331730795,-908.7989675437857,445.1268187513532
2025-09-01 23:44:02.723750,69.1903010313679,51.16893866169775,-10.16517919157874,42.11308734165318,3.060712589734122,-36.71792645134951,4.324220234663733,-30.492456065824857,83.6406375669738,264.96015647404704,-909.5692231783379,445.81812822498745
2025-09-01 23:44:02.732500,81.98016954930434,73.05295351593902,16.140087967841243,65.37239169458486,25.769443283721277,-8.593306406538932,30.75656601608935,-7.1619183136415305,83.46318917680897,265.9198143539955,-910.5043104374976,448.0844143750397
2025-09-01 23:44:02.741250,94.26671143152231,90.90267547630859,37.83289281016366,84.53027464588165,44.17675438884431,14.393431585010184,52.31587065337673,11.669044258074857,83.01005349176965,266.556943020197,-911.4810285297489,451.2197338794009
2025-09-01 23:44:02.750000,104.00020451986761,102.14622800126065,52.20186878843115,96.88461604330732,55.55970706469444,29.524551627588515,66.25367848259104,23.907182504732603,82.3292334977729,266.87185861357665,-912.3713143907212,454.5018820188312
2025-09-01 23:44:02.758750,110.10848872469677,105.92051916566807,58.28160969050279,101.47500728316817,58.959631037018,35.87706501114767,71.65669996195705,28.93599378113868,81.45778114373553,266.8697634049413,-913.0650986366068,457.33720493814246
2025-09-01 23:44:02.767500,112.54638956606648,102.95908424180062,56.801669793858686,99.04418357590802,55.11804604579559,34.23171047132858,69.33899181593999,27.504497201068112,80.4244086336554,266.5579350694042,-913.491130085213,459.2828529847208
2025-09-01 23:44:02.785000,111.84179323805023,94.88630799558334,49.53086463841757,91.31581861499986,45.73739167151888,26.39468803241495,61.14632118492783,21.159401433577226,79.2597315961187,265.95613346073407,-913.6255155926112,460.06475099398193
2025-09-01 23:44:02.795750,108.60118330217695,83.44376162073395,38.477828697209695,80.12528657987723,32.649881776042776,14.417038730840517,49.14621750129227,11.607314085322058,78.00089993911686,265.1056667658647,-913.4855548548178,459.67159067289543
2025-09-01 23:44:02.806500,103.29231394956047,69.99652796424765,25.30329869170145,66.85352596261306,17.315388826119477,0.048656283484313056,35.04513514525601,0.26685896808573073,76.69095081018224,264.06915357470353,-913.1156771427732,458.4536599853097
2025-09-01 23:44:02.817250,96.2035580254455,55.34641204637729,11.065211573704103,52.263764261696814,0.6621834665615574,-15.491165973777118,19.940450255230555,-11.91427222065309,75.37751110733339,262.9234343324112,-912.5727683477198,457.08853714060564
2025-09-01 23:44:02.828000,87.43895566377597,39.775973334582126,-3.7398846286580607,36.62500834288073,-16.85816022186979,-31.488263766054615,4.3706568134603385,-24.412864773053993,74.10968572186107,261.75208792985836,-911.9143125215722,456.39386821817345
2025-09-01 23:44:02.838750,77.02084013025312,23.29535965274137,-18.93097054675042,20.007644331499428,-35.03636862897189,-47.52970639841913,-11.433411621393725,-36.92960826756317,72.93561421344748,260.64294745270183,-911.193033614822,457.0659771022175
2025-09-01 23:44:02.849500,65.16701249525612,6.038210619008609,-34.28802447995583,2.678984719563393,-53.51386940290637,-63.187673749549184,-27.223701361313854,-49.11241743180584,71.90637478990607,259.68965489188895,-910.4593979543228,459.4339893346288
2025-09-01 23:44:02.871000,52.575037732067905,-11.35780896244752,-49.22188264517515,-14.53417690782853,-71.40026035234676,-77.71710291309333,-42.473651171450975,-60.311863274551754,71.08094529993573,258.9880972067119,-909.7658537081487,463.3231076039557
2025-09-01 23:44:02.881385,40.47382682275189,-27.56760470569123,-62.61154159621401,-30.105285204292983,-87.1270628803262,-89.91373920445766,-56.232341713265335,-69.48748947974384,70.52118313691325,258.62104795871664,-909.1663633629638,468.07406895512565
2025-09-01 23:44:02.891771,30.402151607329277,-40.71779400527178,-72.89699673267782,-42.016703440716206,-98.66298040679251,-98.2205091643438,-67.12059835491948,-75.33484713575251,70.27700470157427,258.63747179825776,-908.7112486352395,472.70164613759596
2025-09-01 23:44:02.902156,23.774943219248218,-48.94040837343964,-78.49473522493201,-48.35705901202903,-104.12011259389106,-101.14706168370087,-73.645982699587,-76.66269106250631,70.37089946715736,259.03834202890135,-908.4383325671271,476.15832124993597
2025-09-01 23:44:02.912541,21.330003872074595,-51.19725401985957,-78.45834731264434,-48.13796653905204,-102.57657115148295,-97.91627223851258,-74.87376934570779,-72.91966195735414,70.78860580027546,259.774529030353,-908.3594823988,477.6143466983975
2025-09-01 23:44:02.922927,22.74558263337052,-47.85058363215251,-72.97379414116556,-41.83128697434238,-94.61762733321775,-88.92669555469874,-70.9914171846205,-64.52898663284128,71.47915048782903,260.7565567308247,-908.4458330274754,476.61897925268806
2025-09-01 23:44:02.933312,26.727539884173293,-40.54492483916133,-63.27720446463898,-31.21655485231717,-82.18631091775295,-75.63928403250515,-63.25944209148994,-52.73318670657463,72.36402706837873,261.87282495643285,-908.6219226332953,473.12326847407115
