timestamp,CH1,CH2,CH3,CH4,CH5,CH6,CH7,CH8,X,Y,Z,TEMP
2025-09-01 23:47:43.399000,-0.009780120847270531,-0.014092958102859762,-0.013918702052128883,-0.014724636286759194,-0.01328702386822945,-0.01415830412188384,-0.014724636286759194,-0.010825657151655798,0.002680862318936585,0.037755477658356906,-0.0998621213803878,0.050042763286816255
2025-09-01 23:47:43.406000,-0.09468602726400849,-0.1347074211965465,-0.13292824024297342,-0.1393517683777087,-0.12708588271303645,-0.1345659570687134,-0.14013592060599764,-0.10305222031326279,0.025919880914264323,0.37077238950250363,-0.9819358457598326,0.4921782376140701
2025-09-01 23:47:43.413000,-0.4507688033114031,-0.6368396473848009,-0.6302759696659329,-0.6548533783267662,-0.6035944504557579,-0.634315559650245,-0.6624349434941884,-0.49155523776172155,0.12367125890744463,1.7970843540871377,-4.765094780164848,2.4170706221396845
2025-09-01 23:47:43.420000,-1.4247665196376544,-2.0167475783718536,-2.011839573927854,-2.0729677053820286,-1.9268312537973467,-2.0109913345470063,-2.1090217475775783,-1.593734286342341,0.3949730431401608,5.826237363260605,-15.465428343859035,8.010199646939691
2025-09-01 23:47:43.427000,-3.3982455880191202,-4.870873237712438,-4.9239010666585035,-5.036709754996324,-4.700146694280155,-4.885100018182655,-5.151257146654389,-3.991496893061141,0.9650302654781234,14.43172078333746,-38.343356171836135,20.354957484144183
2025-09-01 23:47:43.434000,-6.56601443202797,-9.631757815511234,-9.914442444557944,-10.08183758159241,-9.389485827788596,-9.759491119947558,-10.360308162950728,-8.257498850154928,1.94756610159765,29.485881295214252,-78.39907104108777,42.59045040672601
2025-09-01 23:47:43.441000,-10.725636211695893,-16.262259804479235,-17.11568076316617,-17.33009047850419,-16.00138053314374,-16.712826791396388,-17.890612195790297,-14.667614130163406,3.408214979098989,52.18327295834006,-138.83085095015704,76.80274758069525
2025-09-01 23:47:43.455000,-15.180832072499085,-24.046488132799805,-25.980271605691648,-26.241553791309386,-23.846559983973826,-25.15407243618531,-27.22226574478112,-22.92308388656189,5.341781896556785,82.66762330454286,-220.0316442411561,123.24324202072154
2025-09-01 23:47:43.466125,-18.801226602121098,-31.596762135552886,-35.21868120019757,-35.56320607785606,-31.525794209892485,-33.781007883196146,-37.098540200634396,-32.042657808088386,7.668418036183842,119.93319243655777,-319.31209015173374,180.1920807932971
2025-09-01 23:47:43.477250,-20.264538863431614,-37.13559627287457,-43.03253528960935,-43.56045404690255,-37.211246716586345,-40.83619358419959,-45.747276679055126,-40.528529938851726,10.24848219076007,161.97746188068234,-431.29361716446124,244.3390541172508
2025-09-01 23:47:43.488375,-18.477638069821314,-39.03901303814611,-47.64960678131701,-48.54108218355206,-39.21501211476908,-44.64804739246855,-51.4015923063872,-46.812879356721,12.911682334110987,206.12847138749467,-548.789558566655,311.38192441609965
2025-09-01 23:47:43.499500,-13.016295349444077,-36.45513519156174,-47.97043854565341,-49.485577168577514,-36.63745461461479,-44.2456058714142,-52.94135780695872,-49.813847526364604,15.491087224738974,249.45067055247895,-663.9341682893487,376.6444389549988
2025-09-01 23:47:43.510625,-4.310581878568984,-29.631939726513178,-43.94926726619684,-46.39859725467134,-29.703895779949363,-39.68362335764539,-50.28600271601115,-49.275134292836,17.848464808766234,289.14583373636134,-769.3083781561293,435.65335699525434
2025-09-01 23:47:43.521750,6.543214459549414,-19.72790524436016,-36.4673762387796,-40.148120676569995,-19.569310453181135,-31.875322702501233,-44.30562875780813,-45.68527861613906,19.882605842097185,322.8921025683505,-858.8627616733772,484.6434956572533
2025-09-01 23:47:43.544000,18.206106679602996,-8.264209623602355,-26.828708005313658,-31.953814899651164,-7.763857942600734,-22.086792936784306,-36.34852470245225,-39.89142675040075,21.52559913654386,349.0844681460158,-928.5278882281202,520.9500463538856
2025-09-01 23:47:43.551875,29.523674191819964,3.433836320961806,-16.21230326625398,-22.865558033900115,4.374704262817735,-11.424072020917302,-27.652326132106033,-32.6906358253114,22.738733886896622,366.9568176137477,-976.4816411671568,543.2634700747296
2025-09-01 23:47:43.559750,39.793366291783634,14.559239340988173,-5.345974044882828,-13.465856151778947,16.038395243573248,-0.5554331770161415,-18.92161915875924,-24.60190846174441,23.513600709585052,376.5834630818972,-1003.0965752047395,551.7035970621895
2025-09-01 23:47:43.567625,48.820028074477634,24.840181919455166,5.522763079028506,-3.847398714797028,26.9952719118681,10.284330771918723,-10.254504135190974,-15.855862068488348,23.874035331318883,378.77267803861037,-1010.6236436527337,547.6843163797331
2025-09-01 23:47:43.575500,56.79235783499643,34.325180912915734,16.444273212570206,6.210477960218806,37.4180407908646,21.111284201872177,-1.3698170547268715,-6.525422073032294,23.871657073121316,374.87905546364505,-1002.690815265191,533.6268709867597
2025-09-01 23:47:43.583375,64.04646510026863,43.08018846606733,27.502006599115123,16.96133965673946,47.59115443518876,31.94881912183993,8.052542213055906,3.2939012403067527,23.574134237345575,366.5763351648282,-983.7119416232795,512.5869119345067
2025-09-01 23:47:43.591250,70.8020884278773,50.922662690712116,38.55332599555007,28.378318880510847,57.57990232222758,42.58833360066179,18.057047188003406,13.309694255982656,23.0525487991783,355.63412361370223,-958.3020084060437,487.83694155362343
2025-09-01 23:47:43.607000,76.97000115607734,57.270319871953696,49.04057304665919,39.90485152945083,66.9787202150777,52.41511827786529,28.18751939078305,22.903049994159996,22.374447262974034,343.7269520160242,-930.7718215595011,462.4900331789023
2025-09-01 23:47:43.618000,82.09555881211246,61.14809666121766,57.93660268943815,50.38558704893259,74.85152521117838,60.37337440816155,37.39407662984877,31.08863473999081,21.60280670736566,332.2882275248249,-904.742839918746,439.22749287850604
2025-09-01 23:47:43.629000,85.45352708874276,61.35926755895103,63.86727936318322,58.23909663114815,79.89820488208157,65.11436214352736,44.134863897808486,36.609574898832655,20.796470918715105,322.41344711774667,-882.8990299680132,420.11216908823815
2025-09-01 23:47:43.640000,86.26364895427028,56.76558745862388,65.38547779506709,61.82208271488344,80.7808599376162,65.28830724299524,46.701212111852385,38.158474481263035,20.01339701845703,314.81283851948086,-866.8811516906236,406.46908565203046
2025-09-01 23:47:43.651000,83.94213758135383,46.58283228806061,61.3048958106501,59.84132654198855,76.47739492535369,59.8713531679402,43.660151822043,34.64769695623473,19.321901643480537,309.80996305184306,-857.3188135898099,398.84792386856327
2025-09-01 23:47:43.662000,78.31294608516897,30.65037835874448,51.028773727400605,51.70046081533707,66.58278607765695,48.459692891033114,34.2698310577944,25.484285157529975,18.812831053288694,307.37874349556114,-853.9759423329281,397.07460355790283
2025-09-01 23:47:43.673000,69.76450312526231,9.678543958229177,34.845844999997034,37.75319372730421,51.56023189108873,31.51341915118337,18.800001144953843,10.842436962464863,18.59659009719018,307.2088939261498,-855.9653860666713,400.3785972710324
2025-09-01 23:47:43.695000,59.33145070949783,-14.599527303572577,14.106067098700466,19.42221954300804,32.89489572039473,10.480324690238932,-1.3182108096309313,-8.154617636678836,18.779254475788576,308.7902663132999,-861.9874248028049,407.5780527504347
2025-09-01 23:47:43.702625,48.63066855329278,-39.51680458241635,-8.849920334326475,-0.9033295617487491,13.021988208430628,-12.306230415656383,-23.616971642261003,-29.4845735941859,19.427905163001945,311.50618096882783,-870.563404646693,417.3065447751102
2025-09-01 23:47:43.710250,39.59799664046573,-61.86774090216036,-31.05297849148904,-20.238745944263854,-5.0541827885325405,-33.99160676898306,-45.00846272219429,-50.55336784564006,20.542391858787845,314.72452449361873,-880.242781827337,428.23256405394966
2025-09-01 23:47:43.717875,34.078224218610046,-78.49372024793364,-49.46222806460036,-35.5650797011118,-18.36860313950162,-51.73133253370823,-62.37170873456253,-68.68685795567438,22.04502130971734,317.8785193483439,-889.7570558991263,439.19524180078554
2025-09-01 23:47:43.725500,33.421471063682155,-86.84540852059123,-61.534928319657546,-44.40476682718504,-24.608994912154287,-63.21325786887581,-73.12735943925779,-81.61076685498419,23.789049068123823,320.53117942374985,-898.1090118784081,449.2447573606049
2025-09-01 23:47:43.733125,38.207119855558766,-85.41408523941782,-65.69174878817569,-45.28365693375143,-22.564709370678965,-67.06707555739058,-75.70007076055005,-87.83865883815547,25.582525333932004,322.4136315276498,-904.6115156281378,457.64443934632885
2025-09-01 23:47:43.740750,48.11363263041,-74.04556776928135,-61.64514681996788,-38.04296240197396,-12.38414927716542,-63.149732738462255,-69.84578399336206,-86.96635334570098,27.223215967280474,323.4287619399929,-908.8926800430752,463.8616333812105
2025-09-01 23:47:43.756000,61.92995676061001,-54.09802499896276,-50.529391034340364,-23.949521620357892,4.371271860884899,-52.654828677235,-56.78171220709969,-79.81384985602779,28.53666653522019,323.62253770300543,-910.874936807208,467.5569732060577
2025-09-01 23:47:43.767250,77.72556465996679,-28.328261203059775,-34.75110932097375,-5.530623920472627,24.93354215669677,-37.95956368674996,-39.032887273845596,-68.32251161306763,29.40538444680841,323.135514590062,-910.7315102112814,468.6086305297166
2025-09-01 23:47:43.778500,93.1962518470031,-0.42130498231346947,-17.52554816159008,13.908231484090642,45.84635154176409,-22.164770646757844,-19.950267220852083,-55.16339197741187,29.779189258240844,322.1514491872051,-908.8203853959443,467.16322562111657
2025-09-01 23:47:43.789750,106.18573480615224,25.828084076308198,-2.1087671101635643,31.071932434609323,63.78721013901342,-8.3405433013082,-2.9158846880183553,-43.06800142974414,29.66757652332033,320.8576661444131,-905.5996282460932,463.6457623874411
2025-09-01 23:47:43.801000,115.24497620651512,47.44959037177558,9.088047659554045,43.556120570528144,76.45911996764409,1.3221040028281603,9.553471574394944,-34.0621536359888,29.124926833815742,319.42297142621084,-901.5412730686545,458.69697861528323
2025-09-01 23:47:43.812250,119.89909654181639,62.88345882237368,15.063756327084873,50.360064556384955,83.06849605740656,6.019553185367239,16.362057473764857,-28.999436218698023,28.238586371513065,317.9913541658901,-897.0678357464216,453.0586113179583
2025-09-01 23:47:43.823500,120.43374413884355,71.92958095777718,16.147647212853244,51.74171074103508,84.10713838231854,6.212604944223449,17.751465427914383,-27.65976416253571,27.12190460941251,316.68588581393834,-892.525495742951,447.43062850035983
2025-09-01 23:47:43.846000,117.43254236370356,75.24397959142715,13.416878064583068,48.62496966984942,80.69301940336373,3.038209015268141,14.730488215249833,-29.25388220646039,25.907239807063043,315.61369847500725,-888.1887146101047,442.3461342187237
2025-09-01 23:47:43.857125,111.42854545319175,73.78359339823244,8.0262845074369,42.00792931311197,73.94980562192714,-2.3397933554748054,8.425929263157748,-32.96483160029715,24.733194165524843,314.86365258690523,-884.2765004892718,438.13170931905404
2025-09-01 23:47:43.868250,102.79330799254042,68.43787024859351,0.7705625403769556,32.6497538148843,64.69119744607737,-9.14716518657063,-0.327025415835906,-38.272104107460805,23.727330521762823,314.49415717955765,-880.9588054704191,434.9545853386054
2025-09-01 23:47:43.879375,91.76057954182419,59.81712886778971,-8.032252535447116,21.03240430527216,53.376370690565324,-17.110567052082718,-11.071342878053182,-45.00601989050293,22.99172344366609,314.5164808404684,-878.3461786036653,432.8837236707499
2025-09-01 23:47:43.890500,78.46718594885817,48.10705277541007,-18.41555622963373,7.458454082612676,40.18439543538359,-26.34072114421796,-23.597533333214116,-53.219359415732356,22.595396273023482,314.8858124008615,-876.4768101035258,431.9188246766513
2025-09-01 23:47:43.901625,63.029094312841416,33.092995747325816,-30.500822292526934,-7.783231527853437,25.164506475252647,-37.071431558505914,-37.72047611042387,-62.97274218728979,22.5709658019787,315.50974855025026,-875.317249890581,431.98938749522534
2025-09-01 23:47:43.912750,45.71704827115982,14.490419063431252,-44.173085719327666,-24.18660381826803,8.506520550649793,-49.322462387119344,-53.028815235818186,-74.09311506678318,22.912820217207628,316.2718331207165,-874.7739816612825,432.929453522043
2025-09-01 23:47:43.935000,27.17186760162304,-7.557771381374667,-58.80936054913922,-40.81067868240531,-9.139067525990034,-62.61269384619362,-68.6901409289979,-85.98932385488023,23.579746080253823,317.0604812985386,-874.7045166768238,434.45808212894633
2025-09-01 23:47:43.946500,8.505732521756029,-32.132245441642574,-73.1926839764236,-56.21530364129824,-26.488461058628147,-75.85973795999517,-83.41856113548049,-97.61357805737805,24.505349896685527,317.7970922763344,-874.931692975308,436.22207656663306
2025-09-01 23:47:43.958000,-8.84572982057669,-57.57541789399093,-85.68425903377104,-68.67882041208746,-41.78141323066522,-87.5314561503508,-95.67269910425931,-107.61216000519586,25.610767328962275,318.46587702410926,-875.276049565184,437.89616112933584
2025-09-01 23:47:43.969500,-23.547869822975468,-81.98573266139233,-94.64300475370479,-76.75132593638536,-53.30604275064368,-96.0419448411772,-104.0974189419511,-114.66656802476527,26.809676935786396,319.1531615796831,-875.6104264258387,439.26634180672943
2025-09-01 23:47:43.981000,-34.90798309251298,-103.97909531482924,-98.97192588897396,-79.95924179560622,-60.08708555204965,-100.28257830123059,-108.10265959212288,-117.93975115164126,28.005468956639202,320.0846419318783,-875.9174890917942,440.2532061974588
2025-09-01 23:47:43.992500,-43.27053665992054,-123.30488003561366,-98.5867018409967,-79.25636314852467,-62.38935689639217,-100.09362505202795,-108.33635145759148,-117.46009778390301,29.09142889285578,321.6175252455113,-876.3146013186899,440.8900945339352
2025-09-01 23:47:44.004000,-50.09239947111251,-141.00667996211556,-94.65146143892744,-76.97046214463336,-61.823173884519996,-96.51834234986217,-106.844852052104,-114.31896788179458,29.962058534597972,324.1626546973811,-877.0274721969093,441.2822154846839
2025-09-01 23:47:44.027000,-57.68037547447339,-159.1362188760916,-89.52539356225589,-76.35228310213645,-61.07099119777443,-91.76629939491713,-106.86426092607826,-110.63689700758758,30.530967421110667,328.06928629295174,-878.3298098096072,441.56340993993933
2025-09-01 23:47:44.037875,-68.70668548042134,-180.2090228290448,-86.40404431128653,-80.95925697394385,-63.36550127201795,-88.86273534012427,-112.27060992308219,-109.26411805574965,30.74395064210669,333.52409431593304,-880.4721313888093,441.8601431327676
2025-09-01 23:47:44.048750,-85.67414306877156,-206.55632563054564,-88.65914885087207,-93.99407684947691,-71.83604217022251,-90.99468061610952,-126.74404935937635,-113.1826897631106,30.582083001017708,340.4899663102397,-883.6072683680727,442.2670935916336
2025-09-01 23:47:44.059625,-110.42247466915332,-239.62334109545728,-98.94462300558278,-117.61705698168998,-88.784342007156,-100.62762477431995,-152.76593604502605,-124.66644237065712,30.05778375785658,348.6836440923475,-887.7218387969622,442.8279517066043
2025-09-01 23:47:44.070500,-143.68800185349605,-279.33621123469817,-118.32800592071051,-152.32974397686914,-115.02529978731611,-118.66262637763865,-190.7457143615905,-144.48256735998316,29.20878721093865,357.58818829225055,-892.5952230720743,443.4996359498993
2025-09-01 23:47:44.081375,-184.79898654957265,-323.87919449171665,-145.8949582114473,-196.70022544117714,-149.59774716598653,-144.09073594608134,-238.72394661454888,-171.5731881395483,28.093901787588734,366.5102956407045,-897.8084324245054,444.10516148376325
2025-09-01 23:47:44.092250,-231.68525539418016,-370.1342644626847,-179.0900888221154,-247.6491040786323,-190.06470037539367,-174.38580452844266,-292.88453747921386,-203.41396814114668,26.79031857896508,374.68635206979627,-902.8087151727366,444.347205778923
2025-09-01 23:47:44.114000,-281.30570435604204,-414.59323319094995,-214.5760366086127,-301.211513875095,-233.2668836705877,-206.37722017448743,-348.6095566386722,-236.80488034924164,25.388855877898088,381.4093262989687,-907.0120292482136,443.93013366303705
2025-09-01 23:47:44.122000,-330.3361363599026,-454.2654059469702,-249.1440494590534,-353.4402970652824,-276.1365167998687,-237.1264328097492,-401.54781849653796,-268.6828822348187,23.986335375926068,386.13721326055554,-909.9150055385205,442.7136865789954
2025-09-01 23:47:44.130000,-375.7483779419342,-487.1639971632257,-280.3096715117954,-401.05771248858537,-316.1781333949494,-264.45856128160625,-448.2962728482061,-296.65198886690223,22.679162317710844,388.5605687507544,-911.1899772663882,440.778859504792
2025-09-01 23:47:44.138000,-415.0144329620544,-512.2023816853164,-306.3889480231194,-441.59103899195964,-351.42125875733603,-286.9609476572879,-486.50739000177435,-319.05314822821197,21.566173171836642,388.6177388481554,-910.7387458938523,438.3631288829285
2025-09-01 23:47:44.146000,-446.03458824066644,-528.7153818809411,-326.1310723979917,-473.0979369543937,-380.0364078895965,-303.55308378392704,-514.5346813050129,-334.65324819272115,20.76379142672194,386.45830027879606,-908.6904190506042,435.7188307514258
2025-09-01 23:47:44.154000,-467.13113455490327,-536.1204784431033,-338.38077566892025,-493.95648172589745,-400.1277612990863,-313.13382423343256,-531.1033544891314,-342.3834579871963,20.415926260449996,382.3818759998917,-905.351654171395,433.0229204359604
2025-09-01 23:47:44.162000,-477.2624356922322,-534.0396060293035,-342.1931323739496,-503.0435766163831,-410.01427231869275,-314.7239680324651,-535.420757367844,-341.48051401156334,20.67324785442997,376.7849282760478,-901.136185481784,430.43658952200883
2025-09-01 23:47:44.178000,-476.27080124586274,-522.7063362804854,-337.2925053283287,-500.12952406786354,-408.7858485812602,-307.9636032821732,-527.6121608550659,-331.9019414212489,21.643974517913776,370.1219718688341,-896.4976904135768,428.2457689396075
2025-09-01 23:47:44.188875,-464.96914053063455,-503.28876423211256,-324.47111470255527,-486.1524788890486,-396.731794862866,-293.53851829283496,-509.0741922120617,-314.64643749799535,23.34572652879129,362.87081540221806,-891.8740879050281,426.9070377550639
2025-09-01 23:47:44.199750,-445.0879245197828,-477.90969289937954,-305.64966208355276,-463.2177922648626,-375.43388584518357,-273.2554794130122,-482.46070424135144,-291.74950570356486,25.68246368527498,355.4970953300557,-887.6407464757481,426.9361376835999
2025-09-01 23:47:44.210625,-419.1391189711771,-449.3232255050543,-283.54472057763655,-434.32643313766323,-347.5260228430722,-249.71858208528909,-451.24787223117596,-265.9284998522421,28.45156243844279,348.42098075404596,-884.0721101318502,428.7310150609711
2025-09-01 23:47:44.221500,-390.1372239534745,-420.3491105584516,-261.0687826058396,-402.9077340906657,-316.21908065901374,-225.7399764791436,-419.0293487324166,-240.00255713868327,31.376134271513163,341.9887769469049,-881.3197248899469,432.42255245894
2025-09-01 23:47:44.232375,-361.13674635458534,-393.2788398879434,-240.68021578472667,-372.25092819085785,-284.7135758895358,-203.70142325862093,-388.79500171072215,-216.29117732364404,34.15313589225632,336.4512196375219,-879.4121181826989,437.7960099988326
2025-09-01 23:47:44.243250,-334.69063410764227,-369.4457355589587,-223.86500793219503,-344.9289355702854,-255.61906504429956,-185.0456526344232,-362.39832001229996,-196.16433252201216,36.50468985771533,331.95187516011134,-878.2693328247082,444.3132416111026
2025-09-01 23:47:44.265000,-312.4056194449892,-349.0405871840441,-210.86320716204744,-322.33823065359377,-230.50601535509063,-170.010081898425,-340.3162429882843,-179.83764513154046,38.22153877769974,328.52720000754465,-877.7267710453849,451.22670431876224
2025-09-01 23:47:44.272750,-294.7328109541833,-331.1921060968906,-200.70973600756201,-304.5032082878113,-209.71140268143742,-157.66932736728938,-321.73659311186,-166.44968176684418,39.19274818968006,326.1174554660029,-877.5713429815775,457.7402832210074
2025-09-01 23:47:44.280500,-281.0561850823881,-314.28255618961185,-191.58367079824518,-290.23560538452534,-192.45970914810795,-146.2787780801152,-304.9422156583488,-154.39667010071946,39.41817756575222,324.59285686971435,-877.5887571646608,463.17352929886755
2025-09-01 23:47:44.288250,-270.05417470868554,-296.3683523422778,-181.33669548262532,-277.5851415822067,-177.24824792447924,-133.79846464676174,-287.85522350960645,-141.80357661126965,38.99933071860882,323.80392207133116,-877.6173919365771,467.0741884281664
2025-09-01 23:47:44.296000,-260.19639484174166,-275.56388960731323,-168.0200724075148,-264.40753258534727,-162.35765158180655,-118.42414667912306,-268.54793118350347,-126.97488534406943,38.10835518994363,323.64749398976164,-877.5987213585829,469.24772628618814
2025-09-01 23:47:44.303750,-250.17833088273176,-250.4033081064886,-150.3248237756774,-248.93544829872002,-146.3659950086178,-99.03004136925661,-245.63872678978296,-108.76226184479272,36.944488226589804,324.1101995768504,-877.6006276257257,469.7408297463354
2025-09-01 23:47:44.311500,-239.20015176476278,-220.2488695111272,-127.92885409569585,-230.28843201248372,-128.5854605274552,-75.49814877477492,-218.61551122554724,-86.85841182874026,35.69304211779967,325.25789943256916,-877.7944272607573,468.8008809211152
2025-09-01 23:47:44.327000,-227.11621327030204,-185.64153888822784,-101.69248407331811,-208.7783822544848,-109.31477192036671,-48.87101059089236,-188.07208628311412,-61.97045765231286,34.49887795236315,327.1828518996215,-878.3920293339522,466.7959512201895
2025-09-01 23:47:44.338000,-214.44700730869198,-148.38194210074388,-73.60592744547199,-185.86384433186834,-89.8058919060954,-21.246397363411383,-155.74439723351165,-35.776701824229754,33.45624333438499,329.9446624398113,-879.5691400915614,464.12243259998115
2025-09-01 23:47:44.349000,-202.19751730142548,-111.24102713097749,-46.4480786407402,-163.7558309294487,-71.9397452725313,4.600733402154022,-124.24699649790314,-10.620701893246997,32.609039395868514,333.53099983516086,-881.4065141241823,461.1496235242363
2025-09-01 23:47:44.360000,-191.5144704525138,-77.39376633565436,-23.206736996682206,-144.8199600724759,-57.717223583995576,25.796183623309467,-96.51236320360009,11.005022178925106,31.955136922142223,337.8449263448023,-883.8761887238189,458.20991238443224
2025-09-01 23:47:44.371000,-183.32398491627268,-49.78117335971746,-6.409150409122518,-130.96687734273624,-48.724155132341686,39.998330532821214,-75.08438200713432,27.043500311458292,31.45272317494662,342.7121299486976,-886.8734408523876,455.59442642217834
2025-09-01 23:47:44.382000,-178.0729577252093,-30.552830013129526,2.449228584938194,-123.1826848491678,-45.69901968612621,45.92604213032293,-61.49556600197072,36.35822404496161,31.032778911895768,347.8988976005633,-890.2598087420843,453.51902813660644
2025-09-01 23:47:44.393000,-175.6032078418087,-20.646553756574374,3.246977493658032,-121.27428244808961,-48.27539891451378,43.674093257525996,-55.89559373444634,39.00141787056688,30.619831101680653,353.1398448762381,-893.882026807235,452.07182361910844
2025-09-01 23:47:44.415000,-175.14849605041493,-19.567425608901836,-2.706228370904384,-123.86231805798923,-54.94980431778485,34.754347159217815,-56.99441550422987,36.22323092853496,30.152536193900133,358.1738760620226,-897.5686011042945,451.1678757916585
2025-09-01 23:47:44.422875,-175.45212144180024,-25.449315058499447,-12.900018219318294,-128.62690868990938,-63.303663563978645,21.84815135992147,-62.30940322542404,30.238560142446474,29.59370510104612,362.7736779763143,-901.1264002125565,450.56954234735815
2025-09-01 23:47:44.430750,-174.99496298832156,-35.4424224763085,-24.12211677670242,-132.77477569933833,-70.47205066575998,8.288311228857,-68.68158369593701,23.7783546280738,28.928980336690884,366.75613037663425,-904.3471554179049,450.01423636989387
2025-09-01 23:47:44.438625,-172.32331676944756,-46.40484406489634,-33.18511393534802,-133.68523568717404,-73.8203110360982,-2.6797655665000417,-73.00255835144706,19.467123253320725,28.162527212274327,369.9791721564379,-907.0205939846145,449.3498056821114
2025-09-01 23:47:44.446500,-166.42404286705653,-55.71173227457612,-37.68945446131022,-129.59457386598692,-71.65497922382569,-8.655859256106707,-72.95087269466262,19.204232240957168,27.317985218983274,372.3372413896259,-908.9517728523643,448.5621996382787
2025-09-01 23:47:44.454375,-156.9765213899071,-61.800834893817,-36.4696281012737,-119.9954354858468,-63.61505061196028,-8.511640189967496,-67.40399658437289,23.84076360317905,26.442546140710448,373.7616683233798,-909.9841702976144,447.72448943261554
2025-09-01 23:47:44.462250,-144.315617626075,-64.18684698167289,-29.52242639897233,-105.51061415628737,-50.509261999600724,-2.2995180616527784,-56.353206886828964,33.287610233142985,25.605741283493657,374.2282611471867,-910.0260635763482,446.94119753118605
2025-09-01 23:47:44.478000,-129.14879308487065,-63.06137042946455,-17.576208482299066,-87.37257286498905,-33.75345886049035,9.191460289478044,-40.48498283657203,46.89757520952885,24.889824108144865,373.7701284928338,-909.0714164772698,446.3102636012078
2025-09-01 23:47:44.489000,-112.23499302911424,-58.810430727374225,-1.6235463572196853,-66.86075839830275,-14.776350680512895,24.909078334534968,-20.73465709682797,63.85050047828094,24.374917505925623,372.486415384016,-907.2095664179963,445.90066796191684
2025-09-01 23:47:44.500000,-94.17012474915161,-51.69236152525099,17.375875815057107,-44.94500087525306,5.34728329808548,43.82122958439637,2.002247800463313,83.37675234275022,24.126322131336526,370.53418984122453,-904.617372089107,445.73580747288787
2025-09-01 23:47:44.511000,-75.25505099562702,-41.716238379338556,38.61669970257999,-22.145769334965788,26.014380912049358,65.00109769662512,27.008176205097193,104.82698969042046,24.1911651432679,368.0985798426602,-901.5214292512946,445.7592046632057
2025-09-01 23:47:44.522000,-55.409640870077865,-28.66725117951956,61.476993729197304,1.47825868142943,47.05415979617108,87.62981195761058,53.801153030800876,127.67192342052458,24.60129913101264,365.352946352555,-898.1356706863933,445.7873387896001
2025-09-01 23:47:44.533000,-34.22874197623558,-12.292146471003393,85.45253309093526,26.19319683229275,68.54567315011995,110.94733084268171,82.07603269114139,151.43477607623785,25.37279858785079,362.43149585665134,-894.6066097147809,445.52185906290117
2025-09-01 23:47:44.544000,-11.238660580572123,7.360875620625478,109.9459116172957,52.262656446391624,90.49925087316453,134.09437476275025,111.46283655892621,175.51032340588833,26.500055169070837,359.4278132334711,-890.9923731413426,444.6694553321423
2025-09-01 23:47:44.566000,13.763991761736103,29.61341454114521,133.99593734476963,79.5649023202512,112.54302288813388,155.90512320929736,141.19979862901494,198.9438023595612,27.949692883744778,356.41278355108324,-887.2767889174022,443.0931611439561
2025-09-01 23:47:44.577125,40.43048227231599,53.034123492610604,156.14743909134592,107.34718189271793,133.76536247154314,174.83895933204653,169.94200985704245,220.34557259945666,29.658183937728833,353.45508730467265,-883.4065124578659,440.8760972913171
2025-09-01 23:47:44.588250,67.75525013676177,75.64181430525815,174.6261567659775,134.24653878651642,152.79835139198738,189.1990938725828,195.89662720810685,238.07641703045172,31.53398321129284,350.6328192692197,-879.3375060932893,438.26229786964416
2025-09-01 23:47:44.599375,94.32021662256197,95.51801647351287,187.86616395581208,158.6855635604372,168.23534503559858,197.64725720172297,217.35487689627533,250.71590199978328,33.46130598410178,348.03334837281136,-875.0831329977576,435.5416950761579
2025-09-01 23:47:44.610500,118.86285548430247,111.66157026700054,195.18140761213914,179.54266326058087,179.28306858575394,199.79546538698867,233.404540272547,257.6137554188875,35.30317986642011,345.7426518316657,-870.7555200082588,432.9792402531897
2025-09-01 23:47:44.621625,140.76770539776865,124.51844634495568,197.11652069654485,196.63897780750514,186.1970884944866,196.46438042681154,244.3261729601763,259.15372394649506,36.91046244398463,343.8301505070547,-866.5788780641387,430.81213907075255
2025-09-01 23:47:44.632750,160.11536423261913,135.74887454084973,195.19719755570605,210.66163349091846,190.14225227708116,189.38718681194052,251.37010260162208,256.5368151548443,38.144238244975284,342.3382050793471,-862.8588175002399,429.2573566622383
2025-09-01 23:47:44.655000,177.3515975870929,147.42740837423625,191.30054045037764,222.64404961717054,192.62555653122337,180.57720830284956,256.1304077319584,251.2751586055554,38.90525821014867,341.2806466949132,-859.9205333980519,428.4927342308057
2025-09-01 23:47:44.666250,192.88940933649684,161.20519431172906,187.06001804086074,233.4025586421597,194.90398072081837,171.7442542221069,259.94486746480777,244.72431552016187,39.15709475442424,340.64733651399615,-858.0415805657958,428.62595180342703
2025-09-01 23:47:44.677500,206.8829185554884,177.8016835382729,183.53547007650926,243.2227936003837,197.64280287296947,163.98328633642913,263.5804971639684,237.8389105342341,38.935944880018276,340.40952618130063,-857.3949205830384,429.6790224005846
2025-09-01 23:47:44.688750,219.22326541131739,196.91258540691206,181.16220968992513,251.8614620323813,200.88088009233914,157.74740816864596,267.2312434637368,231.1577733672787,38.34549853016754,340.52535673396926,-858.0162675449776,431.61710454133856
2025-09-01 23:47:44.700000,229.66017438057324,217.43374706581977,179.8920027771527,258.76129531409555,204.21131391957815,153.00174899424357,270.705131137484,224.93152255762274,37.53674016513927,340.94724326425086,-859.8103644040582,434.4142282255651
2025-09-01 23:47:44.711250,237.96180516896996,237.86700878273672,179.44854811407956,263.37088698290415,207.08299243413404,149.47784798053144,273.6777632632595,219.31777265688265,36.67711646270258,341.62753339632417,-862.5869975794873,438.07668071713795
2025-09-01 23:47:44.722500,244.1050285180018,256.81051573029094,179.64524738276708,265.50783082568785,209.16333176772616,146.99007420753387,275.98731554167676,214.59421768645763,35.91841482323305,342.5200889392875,-866.0978835592407,442.567181582912
2025-09-01 23:47:44.745000,248.45783840159186,273.40430863284297,180.6680473160472,265.6501003429566,210.6433667925921,145.71743117318314,277.9413896718389,211.31798812240342,35.37071709614965,343.5831642698891,-870.0614699272862,447.6978517110748
2025-09-01 23:47:44.752375,251.84451802926503,287.5701190866997,183.1963085352301,265.0024678972121,212.33398184743092,146.31399374363158,280.48693822632725,210.35834417523563,35.087899034833654,344.78396266987545,-874.1834498815823,453.0972229018888
2025-09-01 23:47:44.759750,255.4172950084372,299.95817306831304,188.28593565290868,265.2733611831035,215.4879898674255,149.77699281850843,285.082531287702,212.75402508950373,35.07004709406355,346.10011412106866,-878.1785757997052,458.2691786477593
2025-09-01 23:47:44.767125,260.3748483073368,311.64211959882516,197.0414302673571,268.2416663452225,221.41463940112885,157.11970353131676,293.2831873102177,219.4070317047327,35.273964484217366,347.5249701538235,-881.7905963471464,462.69588214810767
2025-09-01 23:47:44.774500,267.65824259567427,323.6961801436369,210.20616982644142,275.28330981160263,231.05063159569852,168.98665947469829,306.22268450652206,230.7277215121639,35.61206228375358,349.08374347024767,-884.8067437916408,465.93898395297936
2025-09-01 23:47:44.781875,277.7244567006065,336.79124781597625,227.80378593488743,286.9915541809498,244.63012965051914,185.31933541431673,324.1798920908832,246.35325123606867,35.94313563276254,350.84414705319875,-887.0641119412337,467.70646798714955
2025-09-01 23:47:44.789250,290.39017892088935,350.88458705966866,248.89650584521237,302.93402402434594,261.48901337237555,205.1138376552588,346.3058540819548,264.9895113073836,36.08107683140455,352.90010309749846,-888.4483363195874,467.86177891938803
2025-09-01 23:47:44.804000,304.7284605055837,365.06149186291645,271.52800382017057,321.57824385209454,280.01067864319316,226.352244724671,370.56177333236764,284.43806753213033,35.83232165483316,355.3326328965968,-888.8937906032868,466.3967830669877
2025-09-01 23:47:44.815500,319.1141338319721,377.6187154106002,292.93779104365564,340.4586172557448,297.78051384616737,246.22432107799293,393.9607873168564,301.8860133960947,35.046596955071074,358.1697031870765,-888.3924912393716,463.4297814481662
2025-09-01 23:47:44.827000,331.5222658240059,386.42487389182577,310.0471816282432,356.6159609403117,311.9975834796744,261.64331792861344,413.1277427083963,314.42409467323955,33.65821055496449,361.36183832584567,-887.0065424057897,459.2356604819464
2025-09-01 23:47:44.838500,340.00151643938574,389.43899606137705,320.0635407214497,367.1904106476886,320.0449123706057,269.87101313812803,424.99130212271587,319.601967056017,31.706662020761474,364.77966904611395,-884.8781020417249,454.2483222243494
2025-09-01 23:47:44.850000,343.12268266908717,385.1956656778192,320.9978662039929,369.9699227429063,320.02730560413306,269.01784708740615,427.35908000531225,315.8282037095102,29.337284443773115,368.2319119567927,-882.2336506380567,449.00576167727843
2025-09-01 23:47:44.861500,340.29184072438926,373.168894638057,312.0255608031186,363.81526536337685,311.1793538360183,258.36416529283514,419.3025456611534,302.61004175171485,26.781679398535534,371.4967274692992,-879.372679349438,444.06344795372286
2025-09-01 23:47:44.873000,331.9319632652888,354.02219054203215,293.73125540804995,348.98310063826233,294.14029873632796,238.57604850702066,401.40215118132454,280.7181614667375,24.31807993122561,374.35768751188664,-876.6324691406326,439.9088997393384
2025-09-01 23:47:44.896000,319.51285507302447,329.6933995103963,268.1894514240432,327.2744058174601,271.02835092467984,211.7712375481486,375.802091988426,252.2268406847864,22.22157905252545,376.6387039527307,-874.3361847763723,436.88975303305887
2025-09-01 23:47:44.903500,305.3576172156159,303.2056344777863,238.745318898997,301.85361234813695,245.19475473550537,181.29254925768427,345.9510750465743,220.29679664995618,20.71792974297064,378.2352717859257,-872.7430297241696,435.15091175508417
2025-09-01 23:47:44.911000,292.1895265905293,278.1432908123063,209.42910135272604,276.65820125236,220.60404476693444,151.12408263623774,315.98604954104036,188.64672196834698,19.949113034823057,379.135494055483,-872.0164196075427,434.60262408477445
2025-09-01 23:47:44.918500,282.4589890237524,257.8212089229976,184.06951355751698,255.45671432043684,200.90273265646715,125.01886622140182,289.8294395156152,160.77160393450157,19.954893803216372,379.4181000969616,-872.2116526966013,434.96899592714146
2025-09-01 23:47:44.926000,277.64391747442073,244.38408979106265,165.3747680187646,240.84881391718116,188.4636682266203,105.60711640555077,270.2660432421907,139.14452103685488,20.672571181316926,379.22242028237946,-873.2752020777536,435.91317964145435
2025-09-01 23:47:44.933500,277.88480646111907,238.30359968829237,154.4240451961298,233.7089938347984,183.8892501920244,93.91678830958831,258.4409871517874,124.78899392831141,21.953540977571947,378.70480897806516,-875.0548352866177,437.17278879720004
2025-09-01 23:47:44.941000,282.1694627778142,238.5663968499062,150.8102991190829,233.35016887186387,186.226409516358,89.53170287671121,253.9906767145252,117.4184334599887,23.59127065775573,378.00399189142826,-877.3255513713591,438.63673363814075
2025-09-01 23:47:44.956000,288.8895448827426,243.35206313097288,153.22127900981684,238.17404679742435,193.65251267344877,91.17332486673507,255.56455919263541,115.94511556554389,25.353346622785768,377.2283412563885,-879.8275507763934,440.3207640014631
2025-09-01 23:47:44.967250,296.4197980299467,250.76158459999644,160.0644368463981,246.370162130313,204.1937724936113,97.31464218673797,261.3984186870102,119.01080946660943,27.013776808040287,376.4608908618403,-882.3035118481155,442.26856770865163
2025-09-01 23:47:44.978500,303.49073294084627,259.2944352050368,169.8848099782424,256.38026784041085,216.18789764956367,106.57197667703826,269.78605964503816,125.31641275994278,28.38731336192623,375.7624416676379,-884.5248841212651,444.45737205246445
2025-09-01 23:47:44.989750,309.2892674121429,268.0024298193641,181.5143749902513,267.0547702654948,228.42450424220402,117.82064467424158,279.3712645396748,133.71166447334906,29.365634461233874,375.1549392203714,-886.3043029877214,446.7362774423888
2025-09-01 23:47:45.001000,313.3490941512722,276.40227390536336,194.01625697084887,277.5698362207803,240.05486859776695,130.11676385744076,289.1959607572804,143.13716696126374,29.944754324132965,374.592433154328,-887.4966807603092,448.784630768818
2025-09-01 23:47:45.012250,315.3707826418035,284.2588860544549,206.5197279310551,287.2219775913198,250.39874873162245,142.5334619386435,298.5276669498252,152.52580454264074,30.22617149928884,373.9502078560975,-887.9962563924206,450.1259425837969
2025-09-01 23:47:45.023500,315.08460494514117,291.3143524056653,218.0267139767605,295.20517473477156,258.73433458868345,153.98861871761687,306.58525175119394,160.7171631648188,30.38473574712922,373.0515544216123,-887.7390090543346,450.25136201690646
2025-09-01 23:47:45.046000,312.17763896203616,297.038296511665,227.2869929915888,300.47142598229954,264.1462387978565,163.14630163295783,312.33331364093215,166.42969270972995,30.61795114873663,371.7193585997169,-886.7127669086029,448.8218726090348
2025-09-01 23:47:45.053500,306.2676482123737,300.5080387754221,232.83848353732827,301.7531292365525,265.51150397616783,168.47810477772887,314.486583067712,168.3500968360416,31.099305763042324,369.82733350121237,-884.9684855320846,445.82321106269904
2025-09-01 23:47:45.061000,296.96073522349303,300.5235984937034,233.26587459644293,297.7914935505945,261.6945569015795,168.54033697986534,311.77456938307995,165.38055178430767,31.94543208472697,367.33556712152955,-882.6276205782813,441.57421126275756
2025-09-01 23:47:45.068500,284.06309464484156,295.9629094121243,227.66111046937303,287.776547860545,251.97559964344973,162.45069910559127,303.4097545474775,157.0172086445026,33.196423178527226,364.305145646102,-879.8843173345897,436.63845611631757
2025-09-01 23:47:45.076000,267.8767164864736,286.1961262702148,216.0982311064091,271.8324053033427,236.5405798951083,150.36360202074204,289.54178804864625,143.68831723582565,34.811291784791266,360.8922964002003,-876.9971944979764,431.75964664707556
2025-09-01 23:47:45.083500,249.33685277766833,271.2931407240915,199.78475314499653,251.19551273855842,216.6653842702579,133.59733087065896,271.3756537404583,126.78372288139607,36.681437297097155,357.32589138973515,-874.2637064804934,427.82131908731446
2025-09-01 23:47:45.091000,229.8397835274333,251.90867314731193,180.7152309819779,227.89570572775438,194.39638749123367,114.25212105035435,250.8154302396705,108.27154281540047,38.657696213074,353.8736929253569,-871.980817883884,425.73494986250523
2025-09-01 23:47:45.106000,210.86194203414118,228.95790942558529,161.01666014592308,204.13413823384937,171.92080895581452,94.53111777577134,229.8358433695303,90.09563111692042,40.58098378926175,350.8034373435205,-870.403853622792,426.237685380505
2025-09-01 23:47:45.117375,193.57968536700056,203.29738301679237,142.34189091027156,181.7024799400949,150.97817575543183,76.12902123984207,209.92720978802598,73.66363022275226,42.30873266953295,348.3435465229891,-869.7093796801989,429.69148576690156
2025-09-01 23:47:45.128750,178.63922460011872,175.56745013921758,125.55589756885558,161.66128109170123,132.54334427812174,59.92569821755772,191.84144519588037,59.62333112113034,43.732981932136425,346.64837967787975,-869.9667677145136,435.9785656267469
2025-09-01 23:47:45.140125,166.11326067237778,146.20845177452358,110.7514750540516,144.3046231555248,116.80811743376623,46.00960850890625,175.64255831539015,47.927104768408284,44.78534777486718,345.77715690770606,-871.1289345786894,444.508275012067
2025-09-01 23:47:45.151500,155.59976204022686,115.57095944731736,97.48631144414176,129.31957982679765,103.35608004308224,33.92046382078,160.92270331860504,38.0580655903429,45.429381111078605,345.69432582804734,-873.0456668344049,454.3098574169197
2025-09-01 23:47:45.162875,146.4300944597433,84.08301391742455,85.13136158509467,116.07261629238297,91.45641742873849,23.005144530097105,147.0943895121924,29.327000664182403,45.65194325716541,346.28836386336354,-875.4899453919526,464.19923557855475
2025-09-01 23:47:45.174250,137.96439119115004,52.46892963481597,73.25778942635955,103.98867288220418,80.44711862417718,12.810585080684568,133.73893262559542,21.205427890194116,45.46172083092022,347.3979087531077,-878.1870811072076,472.9898562894981
2025-09-01 23:47:45.197000,129.87946723955145,21.93096901449596,61.9504372072025,92.90759001342946,70.09744086353949,3.3938377624278466,120.92156537529442,13.6089125919798,44.89045276158619,348.83629365142406,-880.8446646141311,479.69713300040496
2025-09-01 23:47:45.208125,122.32349739630695,-5.839659443114223,51.916656202901315,83.25650157933552,60.790448461962235,-4.584209328561012,109.32403380120387,7.006983856570737,43.99240327002296,350.41250214955016,-883.1853831774288,483.7053079002784
2025-09-01 23:47:45.219250,115.85936142722419,-28.906192464910294,44.3087553258271,75.93029063845178,53.412888788325034,-10.057737211999557,100.08461226191406,2.2767309085110297,42.84312219899714,351.94967290792044,-884.9815168589062,484.85890728283937
2025-09-01 23:47:45.230375,111.16732851120358,-45.59785211511941,40.24813324816191,71.85233244847707,48.91464466125278,-12.039057215592642,94.32580164024968,0.29297106595864186,41.53914593876187,353.2998167636746,-886.0853610250708,483.4201341682521
2025-09-01 23:47:45.241500,108.6188561714705,-55.12059980677858,40.22731196618877,71.39090730441357,47.714747964173924,-10.189865766731934,92.56159446735421,1.4201656784464969,40.199202124133194,354.3519083552626,-886.447676826646,479.8970186648222
2025-09-01 23:47:45.252625,108.01805903442485,-57.885832272267784,43.7779037761157,74.03521020358087,49.37200351626472,-5.104149917641575,94.37908329720726,5.241298022977508,38.9628794792989,355.0348544951678,-886.1189582770784,474.85487693639755
2025-09-01 23:47:45.263750,108.71115204089644,-55.309949822230706,49.65540486165664,78.59132667822402,52.781653726691054,1.915323068371823,98.62746451837535,10.72664781963253,37.97919977570228,355.3208341982703,-885.2348651560759,468.8262963685173
2025-09-01 23:47:45.286000,109.94238241343872,-49.24245762216155,56.38319399596905,83.72874497420463,56.71379541735729,9.409647166768233,103.94189226461296,16.69514357187783,37.384483386880014,355.22994851496327,-883.9899459281261,462.32457961836815
2025-09-01 23:47:45.297750,111.19462972045004,-41.37288512542384,62.79446856582962,88.50512884413513,60.3176418456985,16.287388849822474,109.24948775212786,22.256305761316998,37.277219398693795,354.8304900599258,-882.6042874526408,455.8893268828689
2025-09-01 23:47:45.309500,112.34745966472828,-32.86398398115918,68.31995395687908,92.61745039529059,63.34960391206688,22.079304151684756,114.02081995221553,27.023902221831484,37.699139257225475,354.2295162125791,-881.2905062224598,450.0879724894616
2025-09-01 23:47:45.321250,113.61337029272761,-24.286871293624582,72.97718234437045,96.33176955668873,66.07907007344252,26.894441016174667,118.23286127646449,31.07773645723544,38.632683847285485,353.5516007580778,-880.2277577970126,445.41849255896375
2025-09-01 23:47:45.333000,115.31526632017143,-15.797445554838886,77.16085695584847,100.19120487122076,68.9748847346853,31.19100172963792,122.15518601093008,34.77463169984733,40.01941115341872,352.9091695479768,-879.5432182596986,442.1615498703583
2025-09-01 23:47:45.344750,117.62718055039713,-7.433200562955622,81.33783170310502,104.63853292592752,72.3388973102601,35.46822120996222,126.06208002377963,38.500952095386864,41.78710718506858,352.37710715280366,-879.2986919400859,440.3209166545174
2025-09-01 23:47:45.356500,120.37929307157948,0.5830871845778911,85.70569813622016,109.67252686161738,76.02513502928137,39.93373914584572,129.9064353047329,42.40347887640654,43.86700753719266,351.9845393387084,-879.4863991326209,439.694146058324
2025-09-01 23:47:45.380000,122.97312848600998,7.632418152360629,89.91074900038271,114.6520889121112,79.31857999553122,44.238754458543106,133.0619553159123,46.15869972916534,46.194527196360305,351.7235619346948,-880.0403031392742,439.98433486741726
2025-09-01 23:47:45.390625,124.42762576857761,12.661453646919435,92.96464022974207,118.32489056576422,80.99461206710654,47.412274432107786,134.3246337330284,48.8954904755437,48.69807489947247,351.5643397589864,-880.8576107739293,440.88132995233025
2025-09-01 23:47:45.401250,123.5657925615853,14.355422935304558,93.43504434616995,119.08499965503458,79.55950263805,48.06483791144903,132.22756464800415,49.365403486947805,51.28524732110857,351.46794736204663,-881.8178539786562,442.10696053021104
2025-09-01 23:47:45.411875,119.29975081790529,11.478931636281533,89.83224422260521,115.37741572160044,73.62241407526878,44.78676323740218,125.47882404209297,46.312549167098894,53.838498578948204,351.39474664918424,-882.7952084390871,443.4367346215171
2025-09-01 23:47:45.422500,110.91757191242098,3.2520535613742307,81.01282080626042,106.10688927880886,62.27532145572962,36.557741088513566,113.28229916178496,38.86115687165238,56.22591898354548,351.3096544219878,-883.6679465606693,444.70657671434753
2025-09-01 23:47:45.433125,98.30482423139277,-10.35392629008294,66.50259396997266,90.96239109662964,45.389841861457,23.06023846688354,95.51267161356067,26.799170713380963,58.32092669295888,351.18616445366405,-884.3287849645639,445.81044327323013
2025-09-01 23:47:45.443750,82.07954379055356,-28.442076127401382,46.74865381821028,70.6377165731008,23.810034807265055,4.901308220474854,72.8811779168211,10.75065417350883,60.02365160527121,351.0082989632405,-884.6961631254247,446.69275723965495
2025-09-01 23:47:45.465000,63.60083638989264,-49.1788109760768,23.254655119507063,46.89160766845041,-0.6106780606109821,-16.304020060517498,47.09120008965446,-7.789078069761378,61.27913203575356,350.76791042560154,-884.7222636170791,447.33831525597554
2025-09-01 23:47:45.472875,44.8105897842423,-69.99680891933723,-1.518505937709322,22.368763297475976,-25.205284200328716,-38.09123623213494,20.786165430489103,-26.61095761068309,62.08324730159979,350.45842668165034,-884.393030919563,447.761451663593
2025-09-01 23:47:45.480750,27.91958214030012,-88.00049633361829,-24.534626594154332,0.1749465861902302,-46.92845527532804,-57.565536649988935,-2.842742793208774,-43.14981538662193,62.473078457269025,350.0707046484453,-883.7237698094444,447.9956478943185
2025-09-01 23:47:45.488625,15.000561834591503,-100.4768343376572,-42.751222173522855,-16.69744701401085,-62.92946713325158,-71.96118704063578,-20.691796242383948,-54.96922177268449,62.51396486419033,349.5964106465173,-882.762502121071,448.08435373077
2025-09-01 23:47:45.496500,7.58309241258235,-105.38099744471133,-53.70176997343567,-25.939656018260532,-71.1010893770684,-79.16096865820391,-30.39595443382809,-60.23704953179445,62.29353626770471,349.0371779111384,-881.6016446191386,448.0734725264002
2025-09-01 23:47:45.504375,6.333882101185022,-101.72890915502248,-55.976414375196946,-26.386892620678562,-70.50131931129927,-78.09129983183644,-30.828571329729467,-58.09371522683568,61.91643278886743,348.41187705978643,-880.3784224141758,448.01286645668586
2025-09-01 23:47:45.512250,10.873959363888819,-89.866449750293,-49.558496896755486,-18.31718018351743,-61.60955878350806,-68.998130739195,-22.386534230749135,-48.886551771543736,61.491506386576525,347.7590262859735,-879.252158370043,447.9871623718874
2025-09-01 23:47:45.528000,19.783923712418233,-71.52797020896071,-35.94060532457472,-3.5044813154850556,-46.34470599187752,-53.539258872333136,-7.0105795053264135,-34.21788202164175,61.11407608130982,347.13510970187247,-878.3704297106015,448.17487860323115
2025-09-01 23:47:45.538875,30.833695566463366,-49.60244922839508,-17.92556877976384,15.050855733455132,-27.775327157187252,-34.58000457391284,12.112191988869064,-16.727396646952762,60.8494735253388,346.6060003942824,-877.8410010989999,448.87351792260904
2025-09-01 23:47:45.549750,41.42041452151047,-27.606227732128108,0.9162363241502017,33.71169089073717,-9.528502438053685,-15.651968986151502,31.167626223699614,0.4131228110959846,60.72134422739676,346.2323837546449,-877.718462254331,450.4255569719968
2025-09-01 23:47:45.560625,49.14979162928154,-8.914482851689637,17.068946134928034,49.03820142698433,5.029414189508072,-0.13413094529974876,46.57648873385897,14.223495398379438,60.70619917529502,346.0589279579992,-878.0078489469062,453.07827484954885
2025-09-01 23:47:45.571500,52.40236388455955,4.0497918037474365,27.932573040098184,58.63117410999088,13.615119704776893,9.602911507792289,55.846856475314304,22.639338113453384,60.736672792320206,346.1126900574889,-878.6789745719933,456.86983036429876
2025-09-01 23:47:45.582375,50.63100444959767,10.287102624435745,32.325666351384854,61.58807506233554,15.465781765160866,12.677956731898835,58.02673028101551,24.901781589612735,60.71775565630068,346.4041342570987,-879.6791535040769,461.5868198743186
2025-09-01 23:47:45.593250,44.25082768360249,10.116226171092478,30.402690944896136,58.356253092261255,11.172836558084795,9.569570446264372,53.56003415793263,21.435587308496828,60.554273844867964,346.92411511876753,-880.9371506031938,466.8101026831961
2025-09-01 23:47:45.615000,34.25055132965057,4.659066939855045,23.156568993869712,50.17732468178261,2.1026490154208597,1.5585106918397307,43.73756855203335,13.372862145976208,60.17869386955365,347.63967891868487,-882.3631446988943,472.0552072180484
2025-09-01 23:47:45.622875,21.776609017066413,-4.726808653788892,11.8649488208171,38.49328499123416,-10.21884539539559,-9.87307066278703,30.10121367483139,2.038866447413889,59.570249839665685,348.4951964611735,-883.8549110918672,476.92983122234693
2025-09-01 23:47:45.630750,7.859611325526329,-16.82518861075319,-2.2688468946872966,24.56523906214436,-24.496696342069644,-23.416757295780716,14.055113104663057,-11.371970386793828,58.762057146534566,349.41963189879795,-885.3113123882766,481.21715570333157
2025-09-01 23:47:45.638625,-6.683265068706672,-30.689310714207522,-18.235582535641765,9.355484771259803,-39.77545203359652,-38.04989006802979,-3.262048004514769,-25.89202460004793,57.8326854907967,350.33264342701835,-886.6440176084287,484.9252803947928
2025-09-01 23:47:45.646500,-21.22453641285779,-45.58136805557035,-35.19183878375796,-6.4148036733048235,-55.35632406805788,-52.99645518039055,-20.94009676363044,-40.74442269927992,56.883036819881774,351.1450332950691,-887.783440724081,488.3292159058077
2025-09-01 23:47:45.654375,-35.23512207490948,-60.80928608569014,-52.35525858791303,-22.117004060021266,-70.62563887980616,-67.6139893820714,-38.18240542354514,-55.24841927971042,56.00844007921959,351.7628009374607,-888.6814514958855,491.8603283247445
2025-09-01 23:47:45.662250,-48.14284883298427,-75.52795937194102,-68.8396509635629,-37.01037961078512,-84.84547997451095,-81.21238540448081,-54.139224595686514,-68.67878552215592,55.27691240966957,352.1051838221704,-889.3097826011149,495.79852227326836
2025-09-01 23:47:45.678000,-59.19456498608422,-88.59321006392591,-83.497230475934,-50.062823612878226,-96.98391142685028,-92.86910405502312,-67.75783621881467,-80.13183759271718,54.71886139061599,352.12981736471124,-889.6520781153997,499.98504449026854
2025-09-01 23:47:45.689875,-67.44976578443105,-98.57747142479413,-94.89401197447651,-59.93486951167936,-105.71434514693104,-101.37766868766664,-77.7648257083757,-88.50277581575257,54.328672347157905,351.84857054344855,-889.6922531971984,503.75385108528997
2025-09-01 23:47:45.701750,-71.97110271368456,-103.98459397453107,-101.49365152982688,-65.19508373679137,-109.65149474739022,-105.41308014538276,-82.84159339069643,-92.63939107705559,54.07595560771622,351.3262369027679,-889.4086059335754,506.1152700685608
2025-09-01 23:47:45.713625,-72.08962858223906,-103.57614998274602,-101.99830081270811,-64.67555747268977,-107.71984721309963,-103.85927427122229,-81.93571098344276,-91.62660601560587,53.921838241855305,350.6634149650785,-888.7869768335275,506.1316540538013
2025-09-01 23:47:45.725500,-67.58180915430661,-96.67761580802879,-95.70514341789372,-57.79735849769976,-99.46333159625472,-96.15180105204901,-74.57428735209406,-85.07056013202279,53.83293731219214,349.9681760498244,-887.8506885992327,503.3124036408823
2025-09-01 23:47:45.737375,-58.75091311141416,-83.40573024941159,-82.77393586882461,-44.79019941430768,-85.224763298156,-82.53302424834452,-61.10068806900483,-73.28950732905312,53.78689065303582,349.32672111396937,-886.6827107265625,497.7996575940582
2025-09-01 23:47:45.749250,-46.477339872104196,-64.80654187520143,-64.37332984909743,-26.819845956877387,-66.23678009906438,-64.19144792452566,-42.82022169569526,-57.40204388142586,53.769179193436976,348.7857870300154,-885.4208381582554,490.26942667824653
2025-09-01 23:47:45.773000,-32.21826265251168,-42.8539478848398,-42.66280106275753,-5.986173411702848,-44.60579389059973,-43.24151612759399,-21.98904869881352,-39.29325711999386,53.765921065394544,348.35161060544306,-884.2301700089375,481.69958958400264
2025-09-01 23:47:45.783125,-17.888179470206833,-20.25086820974659,-20.551308401572374,14.886465907342325,-23.110011625275252,-22.48274847393396,-1.5564516060686422,-21.402754388859666,53.75883175565716,348.00038192916253,-883.2700003087343,473.17465914429965
2025-09-01 23:47:45.793250,-5.578144877200799,-0.005791945800097349,-1.2071585921641705,32.7090974291739,-4.759459159200033,-4.914163760105276,15.357168998484644,-6.303905965534323,53.72630721588041,347.69194660269227,-882.6714948127812,465.7329180313342
2025-09-01 23:47:45.803375,2.8885475541849766,15.211012406736884,12.647642355345031,44.814648905911326,7.870142533293013,6.9536756976528915,26.177244855716523,3.882887435349977,53.64997939229528,347.38082445543876,-882.529090712372,460.2154721164096
2025-09-01 23:47:45.813500,6.444467274510636,23.761312553541906,19.450635150863253,49.66780131232641,13.332306664614132,11.775138899892013,29.559855784828468,8.050355724355471,53.52263192164042,347.02321972310256,-882.8942003716015,457.15904467681855
2025-09-01 23:47:45.823625,5.04376064290683,25.411780828800627,19.135036820856914,47.215075431513085,11.647626630664492,9.663832260784678,25.67865464520483,6.328521743349597,53.3529187571064,346.58294330127495,-883.7673602400411,456.7562948771539
2025-09-01 23:47:45.833750,-0.472888231715166,21.14966942003518,12.880255396114718,38.655036539488634,4.060906013746636,1.9213040656298532,15.935035623694523,-0.16989676579494314,53.16454948811287,346.0393399140731,-885.0967396852449,458.85291396959553
2025-09-01 23:47:45.854000,-8.808110594715052,12.599523612428277,2.4813590796935303,25.813798253826693,-7.5944885663825055,-9.585749714657664,2.3070367636756157,-9.892880063431399,52.99032663462896,345.39628232108606,-886.7839668189441,462.9770009774844
2025-09-01 23:47:45.869625,-18.670126702484097,1.4047376350561325,-10.285546556145103,10.506587594318955,-21.538090391895754,-23.03727855062672,-13.285614563882817,-21.36374231780136,52.86362055490484,344.687680616635,-888.6938325343333,468.40254032718383
2025-09-01 23:47:45.885250,-29.065995608990942,-11.154898051576183,-24.057197053069494,-5.848789291889229,-36.42207943409422,-37.03744775457377,-29.360995582979296,-33.47191523592808,52.812213629301844,343.9743684859747,-890.6687912755849,474.2383937942067
2025-09-01 23:47:45.900875,-39.36732053344235,-24.239119420764567,-37.99361129236157,-22.322218348428514,-51.40647961344818,-50.72582434456172,-44.97551266973711,-45.529064807384586,52.858899267610774,343.32914807153196,-892.5445725658385,479.5506597376583
2025-09-01 23:47:45.916500,-49.20753979162106,-37.30412277818365,-51.687994633164244,-38.366056953346806,-66.03065359005905,-63.70139395930013,-59.64173475483043,-57.18307541904751,53.02626107841594,342.811907841086,-894.1597096722079,483.5075976830352
2025-09-01 23:47:45.932125,-58.3041967555,-49.864983328492364,-64.95040048696536,-53.60576576082428,-79.97929912272153,-75.81984784573143,-73.13099023825303,-68.24701581741432,53.33691831734679,342.44419292188167,-895.3608868259789,485.5059507081238
2025-09-01 23:47:45.947750,-66.28074006085834,-61.259232888527336,-77.50612863134282,-67.58024710298474,-92.81187964634042,-86.8906020603464,-85.19323769283953,-78.45505535268624,53.80659663364598,342.19725737862797,-896.0128445304038,485.25399422993144
2025-09-01 23:47:45.979000,-72.5557850519925,-70.50564823450945,-88.71720719895195,-79.53463309184181,-103.76235147925986,-96.38047847827248,-95.29481120013916,-87.2307539232166,54.43774070447468,342.00283553689,-896.016610602286,482.8157784164997
2025-09-01 23:47:45.989750,-76.35197467043669,-76.3316682718637,-97.49062989664336,-88.38556676676934,-111.71669487520862,-103.30439191085269,-102.52182350099338,-93.62099662989333,55.21905752930259,341.7802482502591,-895.3303533359903,478.6090445803751
2025-09-01 23:47:46.000500,-76.84897581285914,-77.4037172098235,-102.48206039180741,-92.91987447830728,-115.42129844511842,-106.42955161958088,-105.75169580769125,-96.4959544294062,56.12768296976548,341.46298529783047,-893.9831666356793,473.33064880241625
2025-09-01 23:47:46.011250,-73.48038662069212,-72.76734488290724,-102.58502785328389,-92.22096259079494,-113.91906666570033,-104.7732646065633,-104.09587645296921,-94.9895471183475,57.13021304764333,341.0152552495769,-892.0755940637521,467.8096691730399
2025-09-01 23:47:46.022000,-66.26720941149361,-62.34814945132378,-97.49247832133243,-86.15874867551267,-107.0462390791686,-98.15367464324162,-97.41890566145626,-88.975481075782,58.18298941012273,340.43924311262367,-889.7660610790275,462.8223064772443
2025-09-01 23:47:46.032750,-55.95346608605173,-47.168300402312816,-87.95356386344912,-75.60440318687037,-95.6470695275389,-87.41434568355109,-86.572579876819,-79.25719433110635,59.23351761537235,339.77500051146313,-887.2482903178437,458.92555436343184
2025-09-01 23:47:46.043500,-43.808691382615976,-29.072557483764257,-75.52720678327566,-62.17388265602397,-81.31619848571974,-74.15027176726556,-73.16419907180894,-67.32018523911968,60.22538333014532,339.0926390480831,-884.7271869982908,456.3721662735496
2025-09-01 23:47:46.065000,-31.22614376088206,-10.139464191156124,-62.02130952319241,-47.67577708315205,-65.85089408394218,-60.14361503800067,-59.05521917761394,-54.820729819241144,61.10867058903901,338.4764294721626,-882.3960300254193,455.12317527529115
2025-09-01 23:47:46.072875,-19.351699152639185,7.885116052987296,-48.95327472235448,-33.592868885796825,-50.740183756701654,-46.84456550484966,-45.877935044372315,-43.10842674741881,61.852953424230776,338.00437033443234,-880.4159242335695,454.9228113837363
2025-09-01 23:47:46.080750,-8.875093932973618,23.916714885201294,-37.23461061370329,-20.79874365150009,-36.88527889948898,-35.09049521001939,-34.689666549315824,-32.96625537790993,62.45364877489807,337.73002804280145,-878.9018835775142,455.3953305772276
2025-09-01 23:47:46.088625,0.011293115030119628,37.58496494536235,-27.10899008973318,-9.532471688369418,-24.570991208397828,-25.07723413165067,-25.801171317845395,-24.578579016326618,62.924004376821344,337.67239700525,-877.9203126442877,456.1375822860888
2025-09-01 23:47:46.096500,7.524941231679134,49.07674098299632,-18.28357766265803,0.4397467587287689,-13.619298365748582,-16.503416533430705,-18.830743179171698,-17.648939788937952,63.27659372746885,337.81611622049536,-877.4981425916985,456.7923677751097
2025-09-01 23:47:46.104375,14.096275876286922,58.838364414338685,-10.20749567194016,9.535295677267175,-3.670502437411237,-8.835144098986474,-13.005478583954071,-11.634547642954141,63.50875552795329,338.1192662098654,-877.6372990111374,457.0961262046154
2025-09-01 23:47:46.112250,20.091135780364965,67.20068980737685,-2.4535931354307503,17.991524495305736,5.459200181316866,-1.656616258276619,-7.628149627169187,-6.08328903764933,63.60075956104661,338.523786003266,-878.3218734112501,456.9005484786343
2025-09-01 23:47:46.128000,25.55221926394605,74.05845293979156,4.928064983592135,25.556772135353754,13.475194073821301,5.009035990330848,-2.5106159761822866,-0.9569299598874706,63.521345999388586,338.9660157371021,-879.5060664170128,456.1788310295798
2025-09-01 23:47:46.138750,30.08947812939423,78.76323077680232,11.25273570279697,31.396663869674608,19.519967555480928,10.556873211846348,1.8333026151726928,3.2252016098678093,63.234881901392214,339.385739238945,-881.0901285371859,455.0425982117432
2025-09-01 23:47:46.149500,32.978588387444894,80.29222635289916,15.317289003688956,34.28321501857805,22.37289949571259,13.901371095291852,4.317029215472922,5.496191108490937,62.711166390917015,339.7326025856099,-882.9135399897079,453.76804468817375
2025-09-01 23:47:46.160250,33.4115518449793,77.60063179118266,15.739722382281247,32.982644214737476,20.843715905194646,13.78281157291606,3.6504891114712126,4.743679897976071,61.93518010226167,339.9725307466165,-884.7851058675095,452.7694792204769
2025-09-01 23:47:46.171000,30.779684522841766,69.98854426226762,11.385826476207171,26.66508323824918,14.176036519639046,9.16436989610171,-1.2264158759495227,0.06832749718012737,60.91127650647586,340.0961561749,-886.5376772759245,452.49499848791095
2025-09-01 23:47:46.181750,24.90809330681195,57.39069659923257,1.7614964026291144,15.216722721948251,2.3453414851821877,-0.3910047918744477,-10.771419344028303,-8.895347594117563,59.664084100628884,340.1235139276408,-888.0769421337292,453.3144301764877
2025-09-01 23:47:46.192500,16.215279704082562,40.57904237085311,-12.695872567916837,-0.5706631936680435,-13.766484008904873,-14.431921660137988,-24.569591254194275,-21.73240063519792,58.241764911812204,340.09761451883674,-889.4003407078948,455.4371516971429
2025-09-01 23:47:46.214000,5.758880609597624,21.223620103909916,-30.501616892868782,-18.969816667621807,-32.3584623776212,-31.499745696617254,-41.22355769926639,-37.141124989887395,56.720092677775845,340.07004655796106,-890.5827162778992,458.8385149209506
2025-09-01 23:47:46.221500,-4.879119121370658,1.7266315629941735,-49.26564890980503,-37.50904302617919,-50.92194247623313,-49.27066331495343,-58.48829159703783,-53.05428486716492,55.197996632408405,340.0889081211878,-891.7392058786261,463.23575598188415
2025-09-01 23:47:46.229000,-13.867724900535368,-15.175691210492761,-66.10182836101706,-53.386345445397076,-66.67112570925802,-64.97041895083471,-73.66760631936161,-67.00663013285798,53.7777894084534,340.1920883317215,-892.9776338193616,468.1559142508348
2025-09-01 23:47:46.236500,-19.500341177036262,-26.93636667885268,-78.19933225715764,-64.00691498035134,-77.08206234740987,-75.94136497278457,-84.16928525549365,-76.64705502122523,52.53784538000308,340.4008140354681,-894.3556398031224,473.0274398104004
2025-09-01 23:47:46.244000,-20.56123168282942,-31.685347517581295,-83.38142333930364,-67.48695185639816,-80.37616707288278,-80.17320005184835,-88.05031437102465,-80.22202113517238,51.513879502663386,340.71177677000935,-895.8583331688151,477.21795845057017
2025-09-01 23:47:46.251500,-16.594034227026068,-28.582936341439243,-80.53345556373152,-63.028391204133136,-75.85976578152258,-76.69026056415133,-84.44711105708399,-76.92241482637665,50.69575233178839,341.0932457371601,-897.4017219839748,480.05456916248625
2025-09-01 23:47:46.259000,-8.027236506186288,-18.021408708341895,-69.8701951880049,-51.1439849716502,-64.1127275740951,-65.78697261405428,-73.8381070925797,-67.08655144522659,50.03516643145189,341.49117481887345,-898.8558465735192,480.9378193460303
2025-09-01 23:47:46.274000,3.8656570659174516,-1.642153142668265,-52.997535065567796,-33.68017984775591,-46.98288000680392,-49.075835119097235,-58.03520321433314,-52.23869464682859,49.459080339851496,341.8433854102347,-900.076834057926,479.57577986219815
2025-09-01 23:47:46.285500,17.169959511425954,17.883793017520663,-32.69066417504488,-13.56673653865946,-27.326819254371532,-29.270465023869217,-39.84038222864583,-34.886619251458384,48.888212547271465,342.0923694666242,-900.9366215824047,476.18022159265263
2025-09-01 23:47:46.297000,29.665899037856516,37.327271636274496,-12.355054265902366,5.714283199399327,-8.495025466457694,-9.66146743180363,-22.44500362754421,-18.024079574916207,48.258235050953196,342.1913232957245,-901.3423227302625,471.4380832770795
2025-09-01 23:47:46.308500,39.246692406928865,53.58309408781181,4.762247807736215,20.868896921200736,6.380440248538928,6.66312393938445,-8.710427576295793,-4.401991422065799,47.53522573066112,342.10565057500816,-901.2432960690484,466.2631472389131
2025-09-01 23:47:46.320000,44.31653573587593,64.37394175580788,16.36376861701547,29.531409237483775,15.096308875984068,17.60392532550069,-0.5324765324304405,4.174516274309655,46.7189018680267,341.8134342522505,-900.6302272821675,461.4996059957315
2025-09-01 23:47:46.331500,44.014031564504755,68.64366327823586,21.51514665303159,30.67158260767888,16.752972827127152,22.44516962657188,1.429550263950426,7.168422572347528,45.83599242751048,341.30744289104894,-899.5314822851966,457.7287749624817
2025-09-01 23:47:46.343000,38.178587399408755,66.46149909798741,20.491292506548024,24.48716912656762,11.621696074459974,21.66668685734699,-2.463968945431826,5.1120240723199215,44.92946928840051,340.59702791868204,-898.0051124606435,455.2038787595931
2025-09-01 23:47:46.366000,27.138118907064868,58.601293034262504,14.256201628038536,11.940796810092698,0.6774486910478336,16.38770053439628,-11.347852479616968,-0.9014019422700814,44.04595589664266,339.7040638742266,-896.1240112756082,453.8647091464785
2025-09-01 23:47:46.374625,11.48116299499296,46.09470607175524,3.9441534969218695,-5.734814210729581,-14.88359515949842,7.821377883231744,-24.335619587479936,-9.703523541849473,43.22323122346325,338.6542635712275,-893.9650047701358,453.41194176098264
2025-09-01 23:47:46.383250,-8.061006344689343,29.955071492235646,-9.424418881989432,-27.328986937150226,-33.92037823902556,-3.02083290292835,-40.72091985189751,-20.3173111910203,42.48525879133446,337.472405688317,-891.61480957765,453.4284083596132
2025-09-01 23:47:46.391875,-30.611531128770725,11.113415308723976,-24.97987308411061,-51.70456199783203,-55.38038746087495,-15.363470193248938,-59.87060006319866,-31.997429091268632,41.85286781642835,336.1811688594864,-889.1823192610401,453.49018292299945
2025-09-01 23:47:46.400500,-55.11452717304782,-9.50979726803043,-41.91154517344918,-77.72105157875671,-78.20768330091789,-28.562480667326554,-81.00979296770316,-44.143748558513245,41.3645431371332,334.79624565653256,-886.7928641756198,453.24951838052004
2025-09-01 23:47:46.409125,-80.33085555276651,-30.88353666639022,-59.33655377243611,-104.12821372528717,-101.23730290280169,-41.95057597281497,-103.07034204917966,-56.161270932869726,41.087252955808495,333.32106979459707,-884.5618727119685,452.53333121502703
2025-09-01 23:47:46.417750,-104.8456909290752,-51.743548124697455,-76.15596408091223,-129.46076344079543,-123.10368517720075,-54.664901938609106,-124.61191016944029,-67.29925642796184,41.10527490276381,331.75115093088834,-882.5708524674623,451.44334650643634
2025-09-01 23:47:46.435000,-127.09706484136252,-70.54140214391984,-90.9572958658738,-151.99225276798228,-142.20428566204814,-65.53152569560731,-143.82189346448754,-76.54125943261697,41.49600278416271,330.0879951429107,-880.8626878600501,450.3698198814442
2025-09-01 23:47:46.445125,-145.4823242578561,-85.54719469740841,-102.05721699759722,-169.83245874331215,-156.7938826143841,-73.10426515998009,-158.6553158131316,-82.63818356058577,42.30703258435736,328.35367602199926,-879.451031542597,449.85249425328647
2025-09-01 23:47:46.455250,-158.56059491347048,-95.1035792215231,-107.73441814875017,-181.190500763349,-165.23118793273864,-75.89735330853033,-167.1425127861799,-84.3188817960413,43.540045520810196,326.5993640318668,-878.3328161848427,450.32153272964786
2025-09-01 23:47:46.465375,-165.28770673527214,-97.92982007320246,-106.60860831852925,-184.71870632251105,-166.29735131233863,-72.75567586906323,-167.80538584274052,-80.62038326949167,45.141395180136705,324.9092978041544,-877.5048713919641,451.8774850790029
2025-09-01 23:47:46.475500,-165.19517349388136,-93.36610685747968,-98.03517187943636,-179.79938316045593,-159.46192700607222,-63.22212077636268,-160.04307043908355,-71.20904931289213,46.998745363104604,323.4033366040797,-876.9867580053897,454.2797328622511
2025-09-01 23:47:46.485625,-158.49695261635438,-81.54201331817316,-82.3935229445943,-166.72520183692566,-145.0556695433144,-47.784154927207005,-144.3749127172304,-56.590954760947,48.946450975527114,322.23017049303866,-876.8336645071697,457.12359717194374
2025-09-01 23:47:46.495750,-146.16310515846772,-63.50008559718417,-61.21505604014797,-146.81322528777517,-124.38175389597362,-27.964620205490746,-122.52724354111531,-38.19087990229866,50.78593586722383,321.54114216780664,-877.1202173897307,460.03753443549397
2025-09-01 23:47:46.516000,-129.94158127808336,-41.23318150409927,-37.1071842238469,-122.42500530120591,-99.72795957739572,-6.230152684341711,-97.35018243057858,-18.284204401140354,52.31977248371469,321.4525709624773,-877.902200274175,462.7984598280383
2025-09-01 23:47:46.526875,-112.2295614668562,-17.54055130814329,-13.41657008385983,-96.77023089347382,-74.16884808098573,14.332926454929689,-72.47439519166117,0.28596388727790084,53.38677964432235,322.0155106003146,-879.1822234807779,465.3446860782791
2025-09-01 23:47:46.537750,-95.72809739329627,4.344436030749409,6.3495567659181695,-73.42845428808702,-51.11044946433327,30.559714807494558,-51.673281901779596,14.62663808586425,53.88708821820917,323.2039577564248,-880.8988296550529,467.68710021984987
2025-09-01 23:47:46.548625,-82.96144551233662,21.279318281280656,19.153039866371437,-55.7298929532922,-33.695953702810925,39.78370653015971,-38.14112716239664,22.360029258653544,53.79444848847612,324.9221488670849,-882.9445663396813,469.7962723148838
2025-09-01 23:47:46.559500,-75.83038568873127,30.72999473511481,22.86782630613733,-46.23662101459233,-24.273547799658328,40.22307379499929,-34.00035153564139,21.964567633015974,53.15804837841134,327.02472904708793,-885.2032502778483,471.5828562721682
2025-09-01 23:47:46.570375,-75.2864716541199,31.194286834470333,16.519885388920873,-46.38112684601601,-24.008322135950106,31.173637202895282,-40.08293072004791,12.887355994334808,52.097098452586955,329.340036329318,-887.5810937720817,472.97361223573097
2025-09-01 23:47:46.581250,-81.13765123971591,22.5189839647065,0.45343732008488485,-56.185377545344956,-32.62885906403639,13.152470408145762,-55.82226460586473,-4.3737203149034265,50.786347732141316,331.69136097364157,-890.0123050108477,473.94328815398734
2025-09-01 23:47:46.603000,-92.037149482784,6.02686014327685,-23.595373856762098,-74.12652917922772,-48.38252024531855,-12.025606686887869,-79.24024620091966,-28.197361434011693,49.42870097604345,333.91664619414746,-892.4443993695713,474.42613088338214
2025-09-01 23:47:46.614625,-105.70786895555518,-15.65449904439624,-52.66145780594294,-97.30980443117741,-68.29505481171556,-41.39873715484075,-107.16456210775583,-55.94488642645801,48.21942108681782,335.88537393816915,-894.8188591433388,474.25614396973117
2025-09-01 23:47:46.626250,-119.37221954578472,-39.080496426775056,-83.03497677745567,-122.00179439001579,-88.7314310481831,-71.33741914149161,-135.7580465223357,-84.36281610108941,47.310744736118416,337.508899985223,-897.0589664303716,473.28985309128063
2025-09-01 23:47:46.637875,-130.31923215728443,-60.72962941647151,-111.02398524661504,-144.4347746068208,-106.18189083453582,-98.31145041567954,-161.29878940326103,-110.23756422533963,46.782406333316196,338.741624930134,-899.0748038507612,471.5989441652688
2025-09-01 23:47:46.649500,-136.48938120567078,-77.79273099207859,-133.75700404547555,-161.63184148312718,-118.06444606700387,-119.68928832654602,-180.9537341243745,-131.072254644538,46.62577812530091,339.5730066608324,-900.7851662519511,469.51135714115856
2025-09-01 23:47:46.661125,-136.8434144865795,-88.65934047888742,-149.64357215700642,-171.88947496767304,-123.17773354822364,-134.16745813345148,-193.18896227535956,-145.46747833354533,46.751356225668715,340.0145792245352,-902.1398051337648,467.47004076167366
2025-09-01 23:47:46.672750,-131.33665702188887,-92.88696820874063,-158.29287299686015,-174.7251078872007,-121.58546963440195,-141.62978391517942,-197.67362244283066,-153.05896877819322,47.018823239797044,340.0892211659513,-903.1272616836692,465.8716235922908
2025-09-01 23:47:46.696000,-120.58376231446113,-90.8044321467237,-160.0724754149808,-170.45935298802166,-114.10748846292171,-142.64292610319103,-194.8795369171442,-154.16181865347653,47.27718730250689,339.82767609460933,-903.7701024775308,465.00266932134326
2025-09-01 23:47:46.703375,-105.47379219950807,-83.08989960243036,-155.65627419965182,-159.77984058755382,-101.79680361539982,-137.9692549231134,-185.67875480687317,-149.3997765212482,47.40163738176936,339.2719914999389,-904.1172103752143,465.0079859537324
2025-09-01 23:47:46.710750,-86.95018859729271,-70.54580858321282,-145.77309087046623,-143.51387816997968,-85.66172741061831,-128.32793529491994,-171.08773555798757,-139.4955858180975,47.31855785712285,338.4790711795142,-904.2348542583067,465.8168794447514
2025-09-01 23:47:46.718125,-65.97097110881546,-54.04745588604346,-131.1404073225362,-122.57957165803613,-66.62178369279714,-114.37818210036392,-152.13172687385497,-125.2023372911632,47.01540179082663,337.51104054727324,-904.187620913623,467.1112694579316
2025-09-01 23:47:46.725500,-43.50404599582006,-34.53357755756271,-112.4795793551231,-97.96373517843686,-45.535702840983966,-96.78482987404834,-129.7692163356422,-107.27914886627812,46.53517396890304,336.4083817058377,-904.0071943991469,468.423330938478
2025-09-01 23:47:46.732875,-20.5041586326133,-13.029092998960081,-90.60563094177883,-70.72387813320279,-23.25628392258472,-76.32872098283536,-104.91927027844831,-86.52708878198936,45.9567533715171,335.1668185654571,-903.666712047145,469.3128754931953
2025-09-01 23:47:46.740250,2.04915479395142,9.236070947027844,-66.61893179103674,-42.10697578428475,-0.7720134554982858,-54.08530294791556,-78.64063067693301,-63.941490856349525,45.368454617307556,333.7414039429441,-903.0810352050719,469.5134902240151
2025-09-01 23:47:46.755000,23.064745952300292,30.688183418893125,-42.08752355327367,-13.712944218511126,20.628987295587404,-31.577821892331734,-52.34512943608959,-40.88765593908189,44.847354588585894,332.07402732906104,-902.1327835018365,468.9747865379969
2025-09-01 23:47:46.766125,41.32310500766861,49.426789339171535,-19.039043235616834,12.484615480317705,39.33764364037668,-10.746108093470335,-27.84458194458891,-19.121126565653494,44.45249491285471,330.12393731357605,-900.7060706569558,467.816730990032
2025-09-01 23:47:46.777250,55.59873584068854,63.488427775665514,0.3151506408165685,34.35377599127318,53.627500953511884,6.335792713186593,-7.131664770866624,-0.5612204433133302,44.23056746654454,327.8897755345669,-898.7196219186857,466.2446295435915
2025-09-01 23:47:46.788375,64.89158582258533,71.2943355318468,14.037311709727048,49.99828824261603,62.02354903215837,17.90834850717062,8.033652224054174,13.111962468070683,44.221776282888484,325.426121214346,-896.1758971224589,464.4451028673385
2025-09-01 23:47:46.799500,68.67329959511609,72.10253028342089,20.908945680450174,58.177360302120924,63.68599093025311,22.951944658116663,16.545956480151148,20.851383774766212,44.452668832471524,322.85665914510486,-893.2269014292494,462.522928935951
2025-09-01 23:47:46.810625,67.06711509491322,66.29181201528841,20.723705702901867,58.62326309439262,58.686674332794524,21.450766658864534,18.24570552317292,22.492803148792525,44.92115400009561,320.3720510795923,-890.2067326899007,460.54266779090324
2025-09-01 23:47:46.821750,60.93417172696911,55.4138745178129,14.406513304562779,52.21002139021855,48.13825356409403,14.481819418825479,14.047227610800377,18.847006140137523,45.59175151957075,318.2011845295459,-887.5856149809058,458.61336348027623
2025-09-01 23:47:46.844000,51.839436595712556,42.01432053893536,3.951045937195258,40.93194948192052,34.14419159783397,4.131396299444683,5.877856576001404,11.635008089325744,46.407037360699256,316.5640938448207,-885.8628196807691,456.90039225628436
2025-09-01 23:47:46.851625,41.85397297467,29.233851758299508,-7.8657533802036435,27.633785955307808,19.520440420496058,-6.802699363437738,-3.609183155095619,3.2324647339098145,47.30444485474786,315.6261951956286,-885.4483524393626,455.5564980263506
2025-09-01 23:47:46.859250,33.18032400192123,20.217814293310123,-18.01375906753675,15.472717016959429,7.270551222851654,-15.354110169784153,-11.548952007390646,-3.7942077674683814,48.22629055877997,315.4705044860619,-886.5681046361495,454.6539202173004
2025-09-01 23:47:46.866875,27.65105854704731,17.39901778809505,-23.92872014628928,7.179882178274129,-0.12592593127685373,-19.11407202797499,-15.540053934671858,-7.303021811735534,49.12325987746909,316.09963833265937,-889.2093803468546,454.1663734453508
2025-09-01 23:47:46.874500,26.26579931173153,21.85563540776046,-24.188908074386884,4.363186651641457,-1.3789440749365995,-16.88816059392121,-14.262334003060742,-6.135792243387507,49.95996714160562,317.4653900410896,-893.1182829545656,453.9898631807836
2025-09-01 23:47:46.882125,29.01351937045353,33.08106453013538,-18.78980527596971,7.217009757804153,3.3544730401359986,-8.925420318705399,-7.709281570661845,-0.3248519499763099,50.72235674197956,319.5007299989304,-897.8510559425612,453.9861488696123
2025-09-01 23:47:46.889750,35.0834481237675,49.326700866334306,-8.85920557025661,14.796519968958187,12.777957411648414,3.4098202087024934,3.0977330387855115,9.168104082433066,51.41787955973288,322.1292693189114,-902.8635237415073,454.0399999787068
2025-09-01 23:47:46.905000,43.305101782211494,68.30219091460049,3.965919420886277,25.62840257657256,25.101897421046882,18.284743778970466,16.69340938521378,20.9849918480882,52.065970028445406,325.254629403731,-907.6110488258099,454.0805471586363
2025-09-01 23:47:46.916375,52.56689774296973,87.86163412169982,18.13516384391037,38.29057669315042,38.65727441674591,34.00158696046414,31.699710271364886,33.86410635870726,52.68508668232503,328.7492492965508,-911.6344509000704,454.0098958883686
2025-09-01 23:47:46.927750,62.05552445787152,106.42121659290015,32.51514505057135,51.73374823535244,52.238393484054775,49.32823606316426,47.0916645985244,46.89362260205708,53.283937606622096,332.4550782009112,-914.616975396015,453.60415550721325
2025-09-01 23:47:46.939125,71.28758644039873,123.05354250580673,46.41738465892725,65.32406226022134,65.14970650389769,63.52817937039635,62.19891787398715,59.51368787244978,53.859075121164814,336.19378012900006,-916.4024345647156,452.5315148777562
2025-09-01 23:47:46.950500,80.0017862632882,137.358043798405,59.43434676369757,78.71748264116675,77.07660693720904,76.20548200679849,76.5678161748819,71.37996884367048,54.39434349318294,339.77789829619,-916.9731308956685,450.51673565596946
2025-09-01 23:47:46.961875,87.99596922050755,149.22161072564975,71.21760116098028,91.65668579187403,87.87341197471883,87.08529508113553,89.78088929867172,82.19063346966614,54.86006741067123,343.02123485264985,-916.4063870326939,447.53641024163414
2025-09-01 23:47:46.973250,94.95639112097474,158.53311882464,81.2839952362334,103.72388555166731,97.29521158579074,95.80162553951753,101.27768090707791,91.5275845593374,55.21520796626228,345.7525438828123,-914.836875919775,443.90615170083004
2025-09-01 23:47:46.996000,100.3270924535311,164.93800980581895,88.91459403058043,114.13068631905608,104.75770651976119,101.76746924559353,110.24846566214498,98.76716894432872,55.413932584096095,347.8323860326331,-912.4360545177132,440.1969601384011
2025-09-01 23:47:47.003500,103.29289620522873,167.7525620430864,93.19328279667091,121.68149965071851,109.2754102248897,104.19492603007778,115.68235215147736,103.11319608397382,55.414798692366304,349.16835820006446,-909.4027974229415,437.03288980646624
2025-09-01 23:47:47.011000,102.94307837935062,166.13142420670712,93.21326922871437,125.01193771687095,109.68540227131643,102.29867965943717,116.60491887871254,103.78127503900095,55.19023814712171,349.7230077804679,-905.9529525882837,434.8875007841892
2025-09-01 23:47:47.018500,98.61655056241595,159.4944796582724,88.4541614212876,123.0890878651984,105.13106336152572,95.6734680485462,112.47722112381108,100.32594229149666,54.7350851246327,349.5090899751866,-902.2967450528923,433.991063822148
2025-09-01 23:47:47.026000,90.27893826311295,148.01296138824378,79.18265229556333,115.75112091288158,95.57233378894362,84.68687576026898,103.58126661303099,92.97378734623057,54.07231850437838,348.57443217200273,-898.6069104188828,434.38394225384167
2025-09-01 23:47:47.033500,78.67426485182582,132.79439676798157,66.56760897226029,103.92019016915786,81.97191592067489,70.58126462126577,91.09514238926428,82.70988961972384,53.250436022467134,346.98975772345466,-894.9984395495608,435.99890058800963
2025-09-01 23:47:47.041000,65.12610568877966,115.59337125626149,52.3461960527522,89.31424655378508,66.00628489912394,55.13299599325361,76.73312124280307,70.99180533621579,52.331168600556644,344.84860409154385,-891.533756224023,438.6488439452097
2025-09-01 23:47:47.056000,51.12005670470412,98.24477858623548,38.23494930568203,73.85335014808469,49.49594043188904,40.06639336779139,62.1629661934887,59.24887318652864,51.377405132896875,342.27197611496706,-888.2419371818456,441.989848436163
2025-09-01 23:47:47.067125,37.90262477433876,82.15936508095625,25.436017318940056,59.10529657133803,33.885065816788526,26.56876562782244,48.54133826178599,48.4641529317849,50.448988144145034,339.40550891130096,-885.1369407707615,445.57027245728193
2025-09-01 23:47:47.078250,26.255009962146605,68.10063182807185,14.451188556437307,45.998115814225926,19.990441117871857,15.121668304001162,36.367155874941126,39.03287820495051,49.603130248661735,336.40811002516284,-882.2382043175404,448.9348499084823
2025-09-01 23:47:47.089375,16.468881952477563,56.2484386332372,5.18451966872834,34.82382420533084,8.03611120257123,5.628902114488023,25.612824521438224,30.868696555017323,48.893942509263304,333.44310058420706,-879.603503526274,451.7101934790827
2025-09-01 23:47:47.100500,8.457672795572059,46.405840893137004,-2.8089988684439,25.419380142831248,-2.1516426642887465,-2.320671322236072,15.96551043398236,23.608950600355243,48.36793270760455,330.68009299740646,-877.3636799827573,453.6518166528559
2025-09-01 23:47:47.111625,1.9391536794676207,38.24422675184639,-10.020062419176792,17.428036366916967,-10.8874246875939,-9.164595824035889,7.092561762799179,16.849517690172938,48.05492690906714,328.2986857117298,-875.726756241922,454.65859259971955
2025-09-01 23:47:47.122750,-3.3430394527031595,31.571200636804146,-16.664193908398786,10.600161634926241,-18.337696923812143,-15.082412443027748,-1.072683741931675,10.404375239272124,47.95912843011525,326.4777902245934,-874.9320994923003,454.76936011026044
2025-09-01 23:47:47.145000,-7.420434459459855,26.561001454978634,-22.43871289160425,5.05086325810128,-24.275443465015144,-19.78755328958282,-8.102350501718096,4.508569717104734,48.057415325022184,325.36780147936895,-875.1737106811186,454.16298314328776
2025-09-01 23:47:47.156250,-10.015148323347656,23.821017815800573,-26.47931057837695,1.3501689163511208,-28.01292367668642,-22.50020899141919,-13.042509244689095,-0.14852731256177243,48.30622738772736,325.0580277322425,-876.5315357967548,453.14866614751816
2025-09-01 23:47:47.167500,-10.628296677866373,24.218113447702546,-27.56623525883388,0.36913690840449925,-28.593018590121034,-22.150054353355177,-14.653145123954186,-2.596835429370186,48.65174165737817,325.555781654324,-878.9387815667025,452.0921799321549
2025-09-01 23:47:47.178750,-8.782682294062504,28.517402856073915,-24.52552766408958,2.9203922700827816,-25.17580043287944,-17.75545123681653,-11.852824036840886,-1.9149697700631942,49.03892025212353,326.78841792256316,-882.1923223037439,451.2664996587566
2025-09-01 23:47:47.190000,-4.312557904745134,36.994752288014446,-16.67639264534034,9.36028932078164,-17.436953414075433,-8.826939098559393,-4.175369699749612,2.4106529050106262,49.41798331819304,328.6265682405243,-885.995927149244,450.7166849540969
2025-09-01 23:47:47.201250,2.4405960039173205,49.1743217044451,-4.182479590998817,19.32029499734961,-5.824624318050688,4.3344373561284835,7.922830552862893,10.206770172410698,49.746793337382016,330.91219913034445,-890.0158812846879,450.2689122055182
2025-09-01 23:47:47.212500,10.58320946834251,63.73835500273468,11.743010212941902,31.589079085489846,8.352228805179303,20.467297268845392,22.923057509937177,20.428020571445952,49.989940596070724,333.47662700530157,-893.9328213489732,449.6957388484151
2025-09-01 23:47:47.235000,18.680919206713128,78.58771448994946,28.81752901513021,44.087030497643006,22.970988328168062,37.334977907426435,38.27261369714446,31.09999133434223,50.11837585416085,336.1505439422267,-897.4834162310983,448.88025830901745
2025-09-01 23:47:47.246250,24.742988761122216,91.04916763192499,43.9451831991036,53.9780453484525,35.29002192168911,51.96417166542025,50.6717102608425,39.523652745698996,50.11213864917398,338.7754158975638,-900.4839192743117,447.8598522813064
2025-09-01 23:47:47.257500,26.33306306338388,98.21388390172073,53.75654044059314,58.05255069486064,42.33116072676831,61.16611307896414,56.64028960427542,42.787693936436064,49.96703144673987,341.2182474089485,-902.829336645183,446.79345800077743
2025-09-01 23:47:47.268750,20.988984386386782,97.24272157662665,55.21637290059623,53.328211556004774,41.35838110150082,62.14308523829414,53.12410740885749,38.36965925449543,49.70337766054902,343.386010944017,-904.4802292688968,445.9054598985691
2025-09-01 23:47:47.280000,6.836595923158025,85.50138390381774,46.045141897383516,37.6087301106758,30.271333456415523,52.916570018398566,37.85344313376966,24.533743541435758,49.36998184862179,345.23501933427224,-905.4561379828687,445.4198544500165
2025-09-01 23:47:47.291250,-16.862448751929996,60.75704940212058,24.985640771101853,9.896537578118673,7.9184693773638495,32.57233517306284,9.52533148078437,0.5146087738825861,49.03702599825487,346.7700156947949,-905.8347355362353,445.53450263175375
2025-09-01 23:47:47.302500,-49.405458089654225,21.707972728138927,-7.914895065819835,-29.296333544571766,-25.574238951081245,1.475583418827083,-31.936285080915475,-33.328436040320575,48.77872195279089,348.0302282597486,-905.7388539994945,446.42617392440013
2025-09-01 23:47:47.325000,-88.68425466136301,-31.362171743055633,-51.069699537835156,-77.83462333628736,-68.57485447959246,-38.57900672059928,-85.0762811693372,-75.37487813090712,48.65318360106625,349.0655963739384,-905.3043574034344,448.208328835971
2025-09-01 23:47:47.336375,-131.57227349182722,-96.25735557539052,-101.39540621116332,-132.20341356063636,-118.04270520438108,-84.47320609257106,-146.84198303976572,-122.81036059382198,48.68891771220835,349.9137650820429,-904.6443121685488,450.86064422234693
2025-09-01 23:47:47.347750,-174.57784933182424,-169.11244435380766,-154.76861788754925,-188.13547891304955,-170.03728254355414,-132.23941808777482,-212.95678004714208,-172.03974713541675,48.88174141867322,350.58957164325557,-903.8290751447624,454.1999502399909
2025-09-01 23:47:47.359125,-214.5575155295878,-245.12684596258273,-206.8244002397659,-241.43324685950216,-220.5011024922621,-177.82642448095433,-278.677274608816,-219.36456585200904,49.19794738163568,351.086009471914,-902.8854283826078,457.9014695352695
2025-09-01 23:47:47.370500,-249.18851619331505,-319.4413470080629,-253.79054969812145,-288.61756501421354,-265.9855637772267,-217.86842144633297,-339.6182788116989,-261.6303641369862,49.58011716380917,351.3763459375577,-901.8055450777857,461.56609962794903
2025-09-01 23:47:47.381875,-277.04989707030705,-387.7788757167529,-292.9825899127162,-327.16234224016745,-304.0182241815039,-250.11451788544818,-392.29480424127365,-296.5681454937704,49.9574552348765,351.41699194353805,-900.5612895521551,464.8058291442752
2025-09-01 23:47:47.393250,-297.44143201208016,-446.7241320740846,-322.83425202942055,-355.41403996128554,-333.0811546340283,-273.4092427260024,-434.27449033769466,-322.79555841930267,50.26128843337548,351.15839939852873,-899.1242994406346,467.29552899790804
2025-09-01 23:47:47.416000,-310.15899382237353,-493.77150532250533,-342.65403529323623,-372.4337265393666,-352.3948250145565,-287.40822792415094,-464.091468658058,-339.64813979532425,50.44165647644018,350.562123633227,-897.4866885080639,468.7870744569115
2025-09-01 23:47:47.423500,-315.35918304938093,-527.3278167041856,-352.37471721261045,-377.91210583010945,-361.727255842236,-292.2931750837245,-481.130563173411,-347.0313871208535,50.47873053657806,349.615221754271,-895.6751547639935,469.09428561992576
2025-09-01 23:47:47.431000,-313.5401189428898,-546.7654250311668,-352.4287090901427,-372.19115763031897,-361.3421938937367,-288.62940032915134,-485.57845811812456,-345.37010121735284,50.38537406188266,348.3372213455459,-893.7559617874289,468.05455195953107
2025-09-01 23:47:47.438500,-305.5584279658872,-552.4542174639896,-343.7003811969187,-356.2876766637135,-352.01784769507253,-277.3304557695779,-478.3622368673096,-335.5736053761776,50.2070282259864,346.7784885559414,-891.8286218587945,465.53100251276817
2025-09-01 23:47:47.446000,-292.5567876207331,-545.6380664959017,-327.44703503751487,-331.76880590505704,-334.98393908795333,-259.6234477967276,-460.96656352726313,-318.909198193808,50.025512484274806,345.01022008794996,-890.0073678346638,461.5039866909293
2025-09-01 23:47:47.453500,-275.7940458134996,-528.2036452652949,-305.20756495128825,-300.52951556022583,-311.7915229194881,-237.00572717037417,-435.22486859679117,-296.8453019066917,49.95675172930284,343.1102316976249,-888.3964726942017,456.18827958127565
2025-09-01 23:47:47.461000,-256.51431145502255,-502.5262527969223,-278.79265625812627,-264.6705036647033,-284.2625639322287,-211.2482573729776,-403.2617663463398,-271.00370686187676,50.13002062101134,341.1502726935294,-887.0664452121679,450.09193812463093
2025-09-01 23:47:47.476000,-235.94906069506928,-471.42915599396997,-250.3290779942502,-226.51914167431815,-254.53047690060674,-184.41718185450975,-367.5524120440469,-243.21004711160472,50.65586795724147,339.18835867768536,-886.0356352125049,443.97966797245454
2025-09-01 23:47:47.487125,-215.38728750274657,-438.1082184149981,-222.22046017428212,-188.63990674721865,-225.01976749022396,-158.8052300710285,-330.8995590373102,-215.4987220664905,51.59965812664365,337.2697984842095,-885.26660884862,438.6911313700376
2025-09-01 23:47:47.498250,-196.14860721527916,-405.84929335228304,-196.90253176498376,-153.64248196312587,-198.20314456379455,-136.6689091776001,-296.1716177720479,-189.93442431888263,52.96882566688291,335.43824558221354,-884.6855750505789,434.85526982234376
2025-09-01 23:47:47.509375,-179.34323924703054,-377.48204687987146,-176.36530806484456,-123.69983404517977,-176.10130021979853,-119.74931302881154,-265.7761020198346,-168.20675205548324,54.712061002277714,333.7475923720356,-884.2168108664376,432.71911147086587
2025-09-01 23:47:47.520500,-165.5515435246974,-354.7799194731225,-161.61510621278327,-99.97783017024743,-159.75232668038953,-108.76284030563673,-241.0564980913801,-151.15496156579357,56.72574006564286,332.2611866979565,-883.8116887975651,432.2206347961463
2025-09-01 23:47:47.531625,-154.74116919294295,-338.2043155206614,-152.43575842829796,-82.41094939874624,-149.02994495078477,-103.22344874449868,-222.00659290761956,-138.56707026287154,58.86589334868258,331.0368865298057,-883.458057945323,433.1649817870883
2025-09-01 23:47:47.542750,-146.51701294897975,-327.16832017744866,-147.67557461998533,-70.03455617644372,-142.94660320165985,-101.78417064049692,-207.58066208582412,-129.47763000118692,60.9693914433472,330.10939168988915,-883.1706643229185,435.31772228766306
2025-09-01 23:47:47.565000,-140.44653207275906,-320.5821183576161,-145.89271977274706,-61.59769036713959,-140.19285180903515,-102.88908764294376,-196.44146206379202,-122.80472167421392,62.88470587361004,329.48067680983615,-882.9722109539041,438.3978898148406
2025-09-01 23:47:47.573500,-136.18541741322292,-317.3162255520922,-145.96480578989016,-55.995605298309535,-139.56374136933078,-105.35082338092857,-187.67794440480625,-117.9230325207669,64.50003291994143,329.12134540910205,-882.8748666507039,442.05884700172726
2025-09-01 23:47:47.582000,-133.39156809625155,-316.4102040177311,-147.36162011663572,-52.33631580705334,-140.11503628265572,-108.59033222469513,-181.09132437200637,-114.84136087376694,65.75401902410188,328.9814984586647,-882.8705522501003,445.91479321394024
2025-09-01 23:47:47.590500,-131.60689270159355,-317.09544195839914,-150.03648261217668,-49.83164902801433,-141.1317565343341,-112.51472620540008,-176.98047836034544,-113.93525610259184,66.62718558008994,329.0113825561874,-882.9368026721404,449.6150868790695
2025-09-01 23:47:47.599000,-130.22787033734608,-318.77184244166403,-154.1057095785308,-47.748816535155704,-142.061933756057,-117.20027985077517,-175.68001890734237,-115.46811489785375,67.12347441669279,329.18829473371585,-883.0565104128065,452.92887010276274
2025-09-01 23:47:47.607500,-128.54547668320387,-320.965418778084,-159.4948348069469,-45.422390969674524,-142.45628099318438,-122.55425490201739,-177.13210159201222,-119.18369756607112,67.25311935984688,329.5328648875429,-883.2368637516091,455.77737448466604
2025-09-01 23:47:47.616000,-125.80204295627767,-323.2169100139272,-165.657595275408,-42.207141434249095,-141.86892813930868,-128.05690127936043,-180.6222160915367,-124.12559522576849,67.02494646594899,330.0993539896132,-883.5108005647202,458.16876738325544
2025-09-01 23:47:47.633000,-121.25319426286339,-324.9292111979339,-171.4671366299326,-37.36641037200233,-139.73465606867762,-132.668858155488,-184.7393980683606,-128.7126018012643,66.44969836020947,330.9469662466391,-883.9193127238233,460.06603509985337
2025-09-01 23:47:47.643750,-114.2750142803573,-325.29953840772333,-175.34987561415628,-30.040115518119727,-135.33580567024205,-134.96593612694124,-187.59426412930486,-131.03595463773073,65.54930937004097,332.1103303006203,-884.4887657071839,461.321505016154
2025-09-01 23:47:47.654500,-104.56008320082364,-323.4642955776848,-175.68198538796352,-19.438828988493473,-127.97258058222371,-133.5236215641471,-187.29759885739517,-129.36354097595836,64.36572208641013,333.58033846166416,-885.2164653594903,461.7652398811216
2025-09-01 23:47:47.665250,-92.30107269588339,-318.85129039012395,-171.36834708287765,-5.209457892660006,-117.30432883069679,-127.46399458201567,-182.5854564263048,-122.73767373444652,62.96473994498969,335.30050475172567,-886.0691261235125,461.33589599634513
2025-09-01 23:47:47.676000,-78.14191254186868,-311.5145748342411,-162.31113369233273,12.307491653486144,-103.63188609887783,-116.87172328492055,-173.2581877087915,-111.32120342971523,61.43319838077714,337.178388464603,-886.9968617112683,460.1095261844475
2025-09-01 23:47:47.686750,-62.885846560525344,-302.1713201097569,-149.4346569346682,32.150810608155254,-87.88332120323683,-102.77535831420188,-160.12944065046946,-96.22639489940866,59.871148616166316,339.1037061123422,-887.9572953032496,458.2297726558169
2025-09-01 23:47:47.697500,-47.221686034612894,-291.8961607725162,-134.2431029688444,53.07582579535443,-71.29782744872502,-86.70092769151974,-144.53889839780356,-78.96637489889525,58.38095711107314,340.96480593895757,-888.9299404662904,455.828783229946
2025-09-01 23:47:47.719000,-31.64415684893991,-281.68729433489244,-118.21330485549937,73.9323877950898,-55.0080931323113,-70.09587048748308,-127.76271150704117,-60.89796748430493,57.0545031682797,342.6618398961057,-889.9076620155319,453.0140154116672
2025-09-01 23:47:47.726375,-16.48682189089641,-272.1431464507666,-102.36235623503181,93.92361593273294,-39.72870322140617,-53.935181315944746,-110.64130260353544,-42.920912938140624,55.96186663581387,344.11744829611973,-890.87562211522,449.9169404397579
2025-09-01 23:47:47.733750,-1.8996906996584233,-263.3626071044899,-87.12408673178565,112.73165766437576,-25.633843831335284,-38.62848699876844,-93.51426694247529,-25.453857396416282,55.14231968810717,345.2833944070404,-891.7967482168439,446.73243044207504
2025-09-01 23:47:47.741125,12.312824273446793,-255.05335649324658,-72.41636623889396,130.6389956479815,-12.34223891729775,-24.11806986506696,-76.2852142645128,-8.511896212179252,54.5928787850001,346.1397592636124,-892.6121480642597,443.70880270588884
2025-09-01 23:47:47.748500,26.914777027411283,-246.75091664736763,-57.7389378212764,148.70142843374424,1.0848470423412138,-10.005369867056883,-58.43968055445713,8.260363149047791,54.257962066550704,346.6868577318471,-893.2534126314434,441.0984671030962
2025-09-01 23:47:47.755875,43.255769616266804,-238.07081130026606,-42.331253794982054,168.71102704306162,16.00413358709601,4.293622438462991,-39.11172276213767,25.53527403763455,54.03603254098256,346.9369570251124,-893.6610339228199,439.0826998524004
2025-09-01 23:47:47.763250,62.87101748081242,-228.97037082325875,-25.483084623375998,192.67946617511484,33.745038507824084,19.286238034005205,-17.367815401715795,44.09003469441729,53.808808704197915,346.91164146346114,-893.8026955687486,437.70729643475613
2025-09-01 23:47:47.778000,86.82012901136824,-219.96053491397652,-6.915160653690691,222.02439660135582,55.014136102467994,35.0928753084863,7.36267602958708,64.45634882888481,53.477716781966684,346.64227613537065,-893.685992357457,436.8904147384811
2025-09-01 23:47:47.789375,115.14341820083682,-212.1531579236873,12.972320896394425,256.91358430249176,79.49689777503397,51.26240818355795,34.940795322461256,86.61285860794442,52.989137191626035,346.16954667017524,-893.3666903962195,436.5004224478133
2025-09-01 23:47:47.800750,146.65985107644354,-207.11623297471124,33.10039412657714,296.03665869702127,105.83158135541285,66.82010434136825,64.3979030899321,109.88291455914027,52.34105193776224,345.5406870368895,-892.9477021515623,436.43000655776416
2025-09-01 23:47:47.812125,179.0402311441991,-206.72913897146876,51.874657286877515,336.7331222294538,131.82435389270557,80.45304030698536,93.97864014285591,133.0054465980582,51.57331085463048,344.8014636515179,-892.5495395157112,436.61493890985884
2025-09-01 23:47:47.823500,209.01408075382545,-213.19202491763298,67.36613077440815,375.3014735059857,154.70416435294604,90.67503666695484,121.24692671489213,154.25796119813967,50.74937576545387,343.983631505989,-892.2542722104345,437.0040054828197
2025-09-01 23:47:47.834875,232.78206803147097,-228.92058143246098,77.57043130804949,407.53053313152367,171.47980001427126,96.0246647682232,143.37533070451047,171.68161975804236,49.94013415745131,343.09728496682504,-892.0624403907252,437.53010694278936
2025-09-01 23:47:47.846250,246.74565011013323,-255.9923558348614,80.86986746555343,429.53428816671743,179.54662656554953,95.42978056802117,157.75238537005444,183.5101737934385,49.216872824525566,342.13492439434225,-891.8927947198852,438.10865930070526
2025-09-01 23:47:47.869000,248.35928125939594,-295.3310910143324,76.56757315758227,438.6627723724317,177.38460325496334,88.63456140906975,162.71005948921277,188.67856061585996,48.64985651216778,341.0840469543662,-891.617586312994,438.6203779139588
2025-09-01 23:47:47.879500,236.74276690837527,-346.11944291683216,65.19901474642363,434.1088856880967,165.00256379294623,76.42344762996677,157.9962475864215,187.14168701496396,48.30256769461008,339.94209307566564,-891.1123995338377,438.89508541393604
2025-09-01 23:47:47.890000,212.8595093934264,-405.7136105242965,48.46696505202723,417.01922959601757,143.94847611272183,60.50220403487856,144.80958075890945,179.85921464162195,48.22068492262615,338.72923618790753,-890.3022847764779,438.79805862846104
2025-09-01 23:47:47.900500,179.31291656011578,-469.9750671089655,28.920518901542405,390.20063748998314,116.9924942861343,43.15476200662999,125.53283571173887,168.55780040155946,48.424837729014726,337.49666890154185,-889.1887389510335,438.3989889371552
2025-09-01 23:47:47.911000,139.91241669194972,-533.8026059759696,9.585788325252352,357.628992370488,87.69707584465799,26.885187018121165,103.3840865248215,155.46220108063758,48.9098603876487,336.3291047501213,-887.8506867049565,438.05812048281257
2025-09-01 23:47:47.921500,99.07299370644273,-591.8198497147338,-6.455294050832697,323.8232861975118,59.90466248833825,14.061373745013896,81.97187490971463,142.9878990243254,49.64554855726605,335.33730142368,-886.4240794688283,438.32287320043326
2025-09-01 23:47:47.932000,61.01889065226719,-639.2487085736202,-16.634103447204478,293.0588268666367,37.061412387454055,6.473007334493891,64.65358655847842,133.29712843773342,50.5782308640221,334.63779407320686,-885.069710870471,439.6909471466996
2025-09-01 23:47:47.953000,28.952774205169003,-672.7743936724713,-19.484778226241428,268.56010554509976,21.5135495900924,4.898957817158986,53.83991724298336,127.81171441233472,51.6369928486577,334.3260380576344,-883.9410836560986,442.3991503410572
2025-09-01 23:47:47.964500,4.675654877935593,-691.0634687650258,-14.974915357057917,251.9807370507291,14.11792107509897,8.915427522771797,50.54641165970619,126.91455535943803,52.746215661431116,334.45264726368225,-883.1650425370973,446.36566717467406
2025-09-01 23:47:47.976000,-11.068978538693464,-694.7289697377147,-4.386059888088334,243.44375090761903,14.383412973957093,17.099071364964384,54.4009698572219,130.00751326724676,53.839598884010286,335.0094933986565,-882.8346264739679,451.26817789540326
2025-09-01 23:47:47.987500,-17.870793982587962,-685.7749359922275,10.25867872991985,242.16699151411768,21.043769157133713,27.598817983805297,64.12063152014487,135.92083463086232,54.86550337022217,335.93299864045645,-882.9968806458982,456.6417584914112
2025-09-01 23:47:47.999000,-15.084566844345103,-666.8041387330065,26.954028949491526,247.3075802097346,32.714166522296914,38.813188808676664,78.1959423927125,143.44364777264,55.78053276981612,337.12664553340653,-883.6310323152059,461.94138602376495
2025-09-01 23:47:48.010500,-1.7377012879836897,-640.4150121418286,44.21930627953588,258.45378629514073,48.255787192920884,49.785694425025994,95.34047031391393,151.659485694078,56.54154795868755,338.4878230073147,-884.6379813038936,466.603630078892
2025-09-01 23:47:48.022000,23.03613019968973,-609.0316298522314,61.12242958696211,275.4955833150807,66.71582320779919,60.1378616956336,114.47971974276032,159.96194137397413,57.1037349516172,339.9206460010301,-885.8574899169196,470.12832666022143
2025-09-01 23:47:48.045000,59.26160367056353,-575.0389545132463,76.98705697864536,298.1094650694586,87.02931291926362,69.71001191807476,134.47508816370507,167.86524789271303,57.419354890117404,341.33545579639014,-887.1050770683726,472.1566566065509
2025-09-01 23:47:48.052375,105.47253333220083,-540.919062217819,91.10841336251438,325.2589327156942,107.78735213672877,78.22659476645448,153.93345015696164,174.8123960602833,57.436014470286196,342.6488904191324,-888.2112877864214,472.5211372887362
2025-09-01 23:47:48.059750,158.50685459130966,-509.1803856485034,102.67184121328262,354.99631233591333,127.25534986323876,85.18651912774264,171.2681649550199,180.12462117087316,57.106043693322334,343.7914325489493,-889.0553254228809,471.2663257265864
2025-09-01 23:47:48.067125,213.82794933914948,-482.06798252936926,110.81408248000633,384.62980925992747,143.56266691074467,89.9270048995442,184.87801829998313,183.0456756248065,56.407770518615195,344.71766271858826,-889.5894698208095,468.6629208234914
2025-09-01 23:47:48.074500,266.1523522880943,-461.1918554428506,114.67970953169271,411.0775868141368,154.86635923381084,91.70565139988332,193.246185844933,182.7555775685894,55.36171361366515,345.4117555657166,-889.8433398899332,465.21593801003644
2025-09-01 23:47:48.081875,310.21768333141523,-447.22353081150897,113.52496386758037,431.28999253900446,159.51613891691855,89.82558909418134,195.04410300595458,178.4297268301741,54.032102332585765,345.88625673881836,-889.9025240674166,461.6101771833115
2025-09-01 23:47:48.089250,341.6511379221133,-439.73716950236474,106.99511975793148,442.79329670072906,156.386440318638,83.91103995677969,189.43534100579447,169.49539961543334,52.51831002169833,346.17744957406876,-889.8745861762079,458.5594180008015
2025-09-01 23:47:48.104000,357.76000896155483,-437.2350444103212,95.4658001146795,444.26252286491865,145.30461162207376,74.23534351723046,176.48152414057802,155.99222349145472,50.94086461623487,346.3391180247131,-889.8595462278033,456.601684850842
2025-09-01 23:47:48.115375,357.97413910241306,-437.39827443816233,80.19461395279234,435.8580951710293,127.29975709494812,61.86405676727243,157.35437259622032,138.77733398458426,49.42485617280378,346.4322698580055,-889.9339293827788,455.9044648574556
2025-09-01 23:47:48.126750,343.8205096592642,-437.52610847774815,63.16406769274352,419.16220032802437,104.50592193852216,48.49596443890573,134.20315679201465,119.43521203447453,48.08623506712883,346.5100327716371,-890.1502963994637,456.16320014414595
2025-09-01 23:47:48.138125,318.51878544279094,-434.9539770615282,46.73523541300669,396.7636877646679,79.81849954341025,36.12035739502612,109.80111425019919,99.99042680240929,47.025793261320935,346.60247480955576,-890.5391696240983,456.6700873732943
2025-09-01 23:47:48.149500,286.3679842185795,-427.26877620440433,33.30638151522232,371.6763729768387,56.498076818669695,26.688872630402614,87.17919783625206,82.60708282636102,46.32836100735178,346.70840532392987,-891.0957039849181,456.5260018004432
2025-09-01 23:47:48.160875,252.0195896024647,-412.4708227284735,24.984150014598246,346.7499568039279,37.72463691158055,21.8217417185783,69.24773018766766,69.29086639196801,46.05879429364075,346.79834744718687,-891.7639888797265,454.8955271632959
2025-09-01 23:47:48.172250,219.70429167104942,-389.318809916821,23.178759915889753,324.1461741518145,26.01983054792807,22.467467716249693,58.300620161232594,61.513528481668565,46.25183777263178,346.8262355854554,-892.4463878806054,451.2396182680294
2025-09-01 23:47:48.195000,192.57899653479237,-357.75872615782913,28.21798269696591,304.9591544747505,22.67417078855661,28.595641560302546,55.5046921816471,59.84156635179381,46.902824599415176,346.7433540527745,-893.0321230347562,445.48810212599585
2025-09-01 23:47:48.202500,172.37836661691014,-319.13433617541284,39.20780193551051,289.1170289706363,27.46606641530188,39.12556144702868,60.639398339822414,63.779322231108985,47.965425674463475,346.5106674411132,-893.4219507788255,438.1001018969356
2025-09-01 23:47:48.210000,159.4432372169242,-275.97483801982435,54.28711108548431,275.680126564402,38.85515972039839,52.219161888954886,72.26218957037324,71.96540154146955,49.355987918717375,346.10872044610136,-893.5445833611319,429.9967430820583
2025-09-01 23:47:48.217500,153.07861561452486,-231.33682678822626,71.24330365644697,263.4720864123215,54.60938703500204,65.88955303298017,88.25576323686488,82.6854093536287,50.963378735228275,345.5436481021372,-893.36704004412,422.41000644316966
2025-09-01 23:47:48.225000,152.06459585559656,-187.95453434868503,88.21576596362208,251.7220152778415,72.56295594461632,78.6487993970815,106.49610425073716,94.44629745802658,52.66386658163898,344.8470835466016,-892.8935215541167,416.6791857940515
2025-09-01 23:47:48.232500,155.06100272795797,-147.67111994056694,104.08627547739304,240.33483479063878,91.08529712609386,89.81572434335865,125.3115056634528,106.26848810469886,54.336311152718004,344.0688495388632,-892.1535102482435,414.00875307056606
2025-09-01 23:47:48.240000,160.75582367465526,-111.42739660652624,118.38097168710605,229.69168092525922,109.07717895924942,99.33830155282072,143.5637595364364,117.58174973829705,55.87307692057343,343.26419837901165,-891.1895936919859,415.2383718855916
2025-09-01 23:47:48.255000,167.81713315251807,-79.63907335936435,130.88396392771295,220.22703531190257,125.68311380435662,107.35096161017816,160.4377914553933,127.92587551482609,57.188818374089315,342.4809474070345,-890.05167901305,420.69071045519865
2025-09-01 23:47:48.270250,174.83003382063285,-52.58949377720622,141.29118864991497,212.0949188820124,140.04215457612887,113.80886719789353,175.18156750469785,136.7108550755044,58.229913037319925,341.751794630202,-888.7962588549125,430.12836582722787
2025-09-01 23:47:48.285500,180.3653962248683,-30.60287267018188,149.0828583869558,205.0541737043066,151.23870310480712,118.3750285582364,186.98302075261623,143.14792350983052,58.98101951154519,341.0936621144583,-887.487791049441,442.8067725986724
2025-09-01 23:47:48.300750,183.10281896917346,-14.03356060263629,153.54755341305776,198.46716135777945,158.34124047297877,120.47013315754604,194.93888535878446,146.308212580641,59.462685184321465,340.5150863191494,-886.1998766416581,457.57588398771065
2025-09-01 23:47:48.316000,181.8176075840665,-3.2150457398656074,153.81439530764465,191.27847226188948,160.37422148982887,119.32280547050982,197.99491639213286,145.2165371000731,59.71911112143571,340.0302270363441,-885.0122697390655,472.99608187691035
2025-09-01 23:47:48.331250,175.32771543861148,1.643286549299261,148.94970183523188,182.09605737507854,156.35037763211642,114.07382719801728,194.9745446260391,139.0011829497177,59.802894467139716,339.6700571221441,-884.0005242009637,487.48839241152234
2025-09-01 23:47:48.346500,162.66692143652546,0.6926976450165182,138.26366562056074,169.55848108505813,145.5617015256976,104.08023470867529,184.89051916173463,127.17208145821492,59.7640713742377,339.4825784494771,-883.2224116337845,499.5419801871684
2025-09-01 23:47:48.377000,143.44847124544577,-5.28905436484466,121.74004407596222,152.8549165069723,128.00460575579504,89.33292754254771,167.43660673477277,109.94548184264777,59.64419427970883,339.52599597844863,-882.7101658785854,507.94011419930814
2025-09-01 23:47:48.387625,118.1328320340848,-14.821226466094997,100.31394595311063,132.0727659968702,104.62730029524036,70.71409365200367,143.33626479657775,88.4086148024419,59.47318236334983,339.85969423711515,-882.471413684389,511.93616881197784
2025-09-01 23:47:48.398250,88.02165775938549,-25.943795491702677,75.7950424618556,108.17711997577942,77.22650731743484,49.894153134919605,114.31962558899382,64.3767490680478,59.269447087860414,340.53076452689425,-882.4946348874395,511.3311888453249
2025-09-01 23:47:48.408875,55.01790552223439,-36.65644473391977,50.450989235131544,82.66066744148624,48.059310902482025,28.89642008223381,82.75323235104395,39.97720752482314,59.04482104007846,341.5594288702781,-882.7565220011869,506.4267117776257
2025-09-01 23:47:48.419500,21.31443674194518,-45.33237735566067,26.489410209609044,57.10467559230348,19.413423002217904,9.587493822981935,51.169707801869684,17.187270058287766,58.81218879046491,342.9329597826282,-883.2289153505451,497.87706456841204
2025-09-01 23:47:48.430125,-10.846363524771283,-50.88344659653691,5.726891883325925,32.92441352804329,-6.63887144240017,-6.615222687941312,21.955231564519817,-2.424158068879282,58.590995978020935,344.6081730067426,-883.8797149755766,486.54410367160074
2025-09-01 23:47:48.440750,-39.31201252764228,-52.649564326224244,-10.454243348076497,11.379073458574727,-28.274570672163183,-18.73386695079622,-2.7456828264244666,-17.689536193084166,58.40764471257567,346.51588686678264,-884.6680380727058,473.4361189987236
2025-09-01 23:47:48.462000,-62.11916831010076,-50.170271113536856,-20.986079601420982,-6.299822399510028,-43.87562404281906,-26.057606714221784,-21.033182358617363,-27.707805375487013,58.29010470434024,348.5668733857879,-885.5432363671923,459.68480963662535
2025-09-01 23:47:48.469750,-77.62940585062806,-43.03851388872013,-25.03412445516508,-18.874895353098548,-52.06557929257846,-28.01933508600395,-31.32559866568994,-31.773230485078702,58.25802084735211,350.6606245007895,-886.4525844011685,446.47158728866714
2025-09-01 23:47:48.477500,-84.73467334712574,-30.938610345346607,-22.07206476510241,-25.278093278035293,-51.903388226159144,-24.249544436603358,-32.56896108105296,-29.465498158767485,58.31392627911268,352.6935094330894,-887.3494868538914,434.8881924946051
2025-09-01 23:47:48.485250,-83.06105004966005,-13.7751560496578,-12.041479050841126,-24.905132541217945,-43.13366314709908,-14.737182797858901,-24.464283280195065,-20.815033301306475,58.44238208827929,354.5619840991751,-888.1898811259375,425.7700609502634
2025-09-01 23:47:48.493000,-73.02286503199626,8.274376853595829,4.561895461045499,-17.82633938440715,-26.29522670354301,0.07530052165293567,-7.532691634667177,-6.379421738600754,58.61681757595647,356.1613797251585,-888.9145283864427,419.5673460943043
2025-09-01 23:47:48.500750,-55.69830936668365,34.756343066578474,26.689853522527184,-4.844748097975413,-2.656184869066985,19.286054174191896,16.964371956629417,12.78792235059461,58.806935785069356,357.3889165119363,-889.4314690674888,416.32002173895074
2025-09-01 23:47:48.508500,-32.681131734371824,64.83890726256872,52.73951527749575,12.520357752073606,25.881426486760386,41.51573138430329,47.09325746402642,35.17866327557435,58.982994013911934,358.15911799118624,-889.6199083147611,415.71516002132984
2025-09-01 23:47:48.524000,-6.010272915838302,97.14305570823349,80.56579028662964,32.101982093885766,56.85631183194571,64.88877294213727,80.29509225789481,58.870734155084975,59.11981410300142,358.42435934709084,-889.3661483919439,417.1606308093061
2025-09-01 23:47:48.535375,21.915842929297092,129.70696483302362,107.62991278353418,51.288643073833406,87.41798155709937,87.15199274984904,113.56189986400152,81.66933543568852,59.20056469833379,358.1840767563564,-888.6170539194367,419.90783288183354
2025-09-01 23:47:48.546750,48.54311055956644,160.20390687643942,131.32909399830965,67.40156739450903,114.67141622728742,105.99725901869844,143.8084644437187,101.39620886262395,59.21702507047376,357.4774613946542,-887.415340745298,423.24600803582115
2025-09-01 23:47:48.558125,71.39050083210573,186.302873072099,149.35760756576983,78.0865020227393,136.04519170677187,119.436450187258,168.26076905591253,116.19182569648929,59.169043994168035,356.3669403320006,-885.8918338859162,426.6381019053093
2025-09-01 23:47:48.569500,88.16509031698509,205.97282035544353,159.91003794396414,81.51151336065213,149.4770797345263,126.01493595078871,184.64295862111447,124.65043424943147,59.06805690969627,354.92190518410405,-884.2253771003002,429.71647726415847
2025-09-01 23:47:48.580875,96.85656513818509,217.72429698826477,161.78659600944135,76.44098593390007,153.50185790182036,124.89838085849392,191.2568697592459,125.84717172075347,58.94173138266139,353.21207058643677,-882.5994190054291,432.2427618702196
2025-09-01 23:47:48.592250,95.98411800295055,220.89501307901813,154.5911579371474,62.414653812689814,147.46227609169267,116.01631504791459,187.20443863004257,119.45939383775625,58.83283140744174,351.31412638557003,-881.1714718967153,434.1207898982037
2025-09-01 23:47:48.615000,84.9561618971571,215.91302037053956,138.99494464601992,40.024176991376095,131.80369726390458,100.2518342786824,172.73148673869562,105.9911511782601,58.79054000606217,349.32307260406895,-880.0549459149786,435.4319308977962
2025-09-01 23:47:48.622500,64.35614753462033,204.3385383495342,116.82871466974282,11.029658667228206,108.1936794407048,79.46859215827291,149.4026397159803,86.88373306460356,58.859172348395056,347.355558600115,-879.3104607908006,436.424055604903
2025-09-01 23:47:48.630000,35.9927741872948,188.60111691892132,90.83273547874855,-21.87859749139803,79.29955356481858,56.2279095335628,119.89330588041989,64.32556828696104,59.06969706894683,345.541810397561,-878.9475493502883,437.394172367037
2025-09-01 23:47:48.637500,2.691711750279981,171.58891675655758,64.16156465446095,-55.58059364332335,48.33323159610743,33.30770380627884,87.50728526182057,40.83684782108762,59.43377296132392,344.0123070939198,-878.939183700117,438.4994376359931
2025-09-01 23:47:48.645000,-32.064765953495105,156.29870184641806,39.889657633167275,-87.0503043914982,18.59708385116372,13.272248557057623,55.690162820420305,18.86512283131428,59.939623986743364,342.8844361260165,-879.2454993296714,439.6554990579267
2025-09-01 23:47:48.652500,-64.60663115854764,145.50736184857428,20.59772919468181,-113.80750685638314,-6.925863510579177,-1.844828411408145,27.602667728526793,0.470918671053864,60.55385783765586,342.24994635740626,-879.832762191901,440.6176902680337
2025-09-01 23:47:48.660000,-91.66328716210023,141.32393872860652,7.974814484460697,-134.3096254307051,-26.01510809984704,-10.843169127410734,5.663477892798545,-12.96887614956662,61.22923627720424,342.16506235683454,-880.6755138925436,441.1528002087349
2025-09-01 23:47:48.675000,-110.9397410953243,144.72308185382417,2.4945747891803602,-148.20651838350415,-37.60270898188836,-13.61177095387291,-8.867031509622766,-21.008672957711795,61.913182771899386,342.6452517330793,-881.743144970838,441.1597401879518
2025-09-01 23:47:48.686375,-121.4631552846922,155.32428522654524,3.351433706847603,-156.32383522660274,-41.905006176943395,-11.155999124000111,-16.041379423497034,-24.178713371217125,62.55666411456647,343.66276068724056,-882.9822190447424,440.7026778310857
2025-09-01 23:47:48.697750,-123.56158659496799,171.59304591371796,8.783061175778162,-160.30984036561208,-40.17387202548005,-5.263212200908338,-16.983545646395473,-23.718053849579864,63.123184080401664,345.14537201824714,-884.308941217964,439.99463871499614
2025-09-01 23:47:48.709125,-118.47872949325912,191.45535150152736,16.71647418592185,-162.01259146472978,-34.117794720221134,2.12871352353811,-13.340255104458516,-21.05282567829778,63.58963136827627,346.9780794618215,-885.6189411902668,439.33543234192655
2025-09-01 23:47:48.720500,-107.81254768428253,213.05688005250457,25.443477068797566,-162.83093587769548,-25.2552388541325,9.56539271253963,-6.703110396310757,-17.268675884137007,63.93541059750133,349.0105976316563,-886.8080968262792,438.99526006490066
2025-09-01 23:47:48.731875,-93.09538868279625,235.22440484405752,33.963216434516276,-163.3734379601993,-14.560513027398512,16.359667042606794,1.7269407560338952,-12.87991391012318,64.13146114810714,351.07286742672943,-887.7915718333971,439.1151516904696
2025-09-01 23:47:48.743250,-75.7018472489371,257.4027382046677,41.8719666714476,-163.5782677607737,-2.555969361466941,22.420047842062377,11.14925617835212,-7.985781147886101,64.14060701089973,352.99461766507784,-888.5102059165943,439.6976618575037
2025-09-01 23:47:48.766000,-56.976426916304526,279.2605232442848,49.00043285007588,-163.12845610827566,10.332821139467368,27.84044992089705,20.95562560071951,-2.617632138143952,63.926759566380895,354.62092200035613,-888.9244617672075,440.65672301104667
2025-09-01 23:47:48.773875,-38.34062362037256,300.324904116413,55.10328694952447,-161.84571166549267,23.480104156060285,32.56798167570503,30.5165172006661,3.001831554145368,63.46509962788684,355.8226573278222,-889.0095780642895,441.8658856193191
2025-09-01 23:47:48.781750,-21.249881580150003,319.85576539972675,59.78722691552909,-159.85003715180665,36.01211017702489,36.33403608298686,39.143780294057905,8.441219733202544,62.74979554366481,356.50617228207557,-888.7602362409706,443.18993134184655
2025-09-01 23:47:48.789625,-7.0685434231361155,336.90494739371434,62.627340689664955,-157.51878260431795,46.93734905991948,38.7849463601465,46.210131825098514,13.222875122181616,61.80000504446516,356.62173263973995,-888.1966588990198,444.4978764745635
2025-09-01 23:47:48.797500,3.011488870917533,350.4055164999624,63.282093628494714,-155.3886236666381,55.278745563662994,39.60989420747014,51.24542768825671,16.968404437699512,60.66534314604702,356.16774163786556,-887.3648309253837,445.6546568326497
2025-09-01 23:47:48.805375,8.043669827130934,359.3115762838347,61.546871096233446,-153.9937627281176,60.20908514338589,38.60482273607513,53.943181130874905,19.43687944529557,59.42741531385963,355.1917010069367,-886.3342421958077,446.53498896181884
2025-09-01 23:47:48.813250,7.535378455543823,362.89007543781435,57.431367756532694,-153.56370696887325,61.289983879277216,35.76245491798309,54.18000822041705,20.53726257064974,58.19110969316129,353.7887225082608,-885.194520510337,447.11417300591245
2025-09-01 23:47:48.829000,1.7769380986184733,361.0726189298005,51.28031113306887,-153.69419526444975,58.74313321399496,31.400445366295468,52.11931121197746,20.394861519109583,57.065966677950534,352.09465416722315,-884.0461348458944,447.57873403202336
2025-09-01 23:47:48.843500,-7.977992756415614,354.6325252865061,43.843433308302544,-153.27670858781724,53.535261944725505,26.21426908774876,48.32364268154776,19.42807813718804,56.14505338220061,350.2720132833833,-882.9853760085398,448.32819043113375
2025-09-01 23:47:48.858000,-19.796416774487373,345.0007651281017,36.15827723243592,-150.91789699799662,47.10020968673672,21.125707698792915,43.68328595298564,18.27949973285096,55.48761780867847,348.4900691173643,-882.0916126545386,449.82839103163644
2025-09-01 23:47:48.872500,-31.83150820587911,333.71600274790535,29.186548706500353,-145.7787509133588,40.7276057388934,16.913240927009554,39.04339670181565,17.491352982247744,55.10839884435216,346.9027779716014,-881.42483125722,452.3950639475437
2025-09-01 23:47:48.887000,-43.13991435847985,321.801296771571,23.38937336273224,-138.3556805798706,34.95217234179455,13.833799410492375,34.72792897813905,17.08819461439621,54.97516177780619,345.6310010206546,-881.0328798728594,456.03226044011046
2025-09-01 23:47:48.901500,-53.992266827348274,309.5039763700005,18.57840162060411,-130.62647560725475,29.37852227426164,11.536176111763574,30.354966065016452,16.42936122262665,55.01642184243872,344.7529128010916,-880.957653591184,460.41535364179424
2025-09-01 23:47:48.916000,-65.5109959178328,296.55807123233336,14.168683768165714,-125.4160382344656,23.06195125207263,9.342682892679463,25.106687690846883,14.492294128240308,55.140136329168854,344.29989577195863,-881.2317536561811,465.0244725218828
2025-09-01 23:47:48.945000,-78.96012792078072,282.7137238989727,9.625469513971344,-125.37932652253215,15.151612515921258,6.682279885851358,18.23871980470566,10.37425770575028,55.25717453221027,344.25573655978434,-881.8678923062014,469.35804173584336
2025-09-01 23:47:48.956375,-95.12538278933641,268.15125716224554,4.800358824154646,-132.15228190539122,5.383447696662237,3.391778265948554,9.48829623901719,3.6808922315286488,55.29819310653069,344.56177564019566,-882.8462678688933,473.10536588014577
2025-09-01 23:47:48.967750,-114.0046216246921,253.5751603609885,-0.003043389541254918,-145.97973902422964,-5.796023587477536,-0.25218489466263705,-0.8072306724347552,-5.3625185870026035,55.218511261091905,345.1287241295753,-884.1052183410527,476.17384265027147
2025-09-01 23:47:48.979125,-134.75251106234228,240.0660383601569,-4.16218180587099,-165.7509024789108,-17.376377891817594,-3.6821015521354306,-11.806784960572287,-15.993573246740487,54.99615838876806,345.8525085620748,-885.5449000261578,478.5710416492149
2025-09-01 23:47:48.990500,-155.74852443998108,228.88285714030016,-6.898715262765928,-189.22125540277253,-27.982306158325937,-6.195187524901515,-22.304133214883944,-27.033483683309058,54.63123254102584,346.63387439205724,-887.0484421387106,480.2432987882645
2025-09-01 23:47:49.001875,-174.82468260936685,221.24157468939694,-7.453290301281972,-213.39728380471183,-36.10856966754363,-7.105175831798348,-30.91652211094651,-37.06319874876502,54.148251799114476,347.3993316462012,-888.5083923823602,480.9938271705904
2025-09-01 23:47:49.013250,-189.73360560244262,217.99726012096312,-5.349034732923337,-235.1542394864521,-40.485040698303,-5.9780171643540765,-36.421323620774274,-44.74692621287421,53.59645589220956,348.1131063448728,-889.8424951780428,480.54147322772894
2025-09-01 23:47:49.036000,-198.7222868484227,219.31436994459182,-0.6738400195137286,-251.93454950458826,-40.48041486672709,-2.8863909596114663,-38.14991227566667,-49.2179783714756,53.043970935925145,348.7727530716867,-890.9957015839298,478.6675928164133
2025-09-01 23:47:49.047500,-200.9434980080377,224.52790419205823,5.814864892944256,-262.2295151720343,-36.31268162551316,1.509942947064612,-36.20238755278985,-50.30787840069654,52.566522771721424,349.3929812007835,-891.9337218958029,475.34532002381627
2025-09-01 23:47:49.059000,-196.53388825351752,232.3265258217946,12.902084899876455,-265.65570834022384,-28.90959849719784,6.18606759617323,-31.315633178664886,-48.46391791880692,52.232400087493026,349.9865565489908,-892.6329759017858,470.8048565211067
2025-09-01 23:47:49.070500,-186.38010611479874,241.21558228050895,19.406275910573047,-262.64602064792666,-19.45716841347128,10.217532460049599,-24.411304026313804,-44.393150667007866,52.085183088257025,350.5492606504727,-893.0711269811993,465.5266752885958
2025-09-01 23:47:49.082000,-171.75691430359484,250.01759789409587,24.685611022457895,-253.99299829545737,-8.900762311509741,13.221791982625087,-16.095697700618086,-38.68029875728908,52.13090498228699,351.0547843439301,-893.2228717929779,460.14070638911323
2025-09-01 23:47:49.093500,-154.03685032592824,258.11187371878475,28.818167058859352,-240.56398873349102,2.2745343902959587,15.468563721844989,-6.480018184624088,-31.64238754572598,52.33946847273011,351.46100980541866,-893.0635661229967,455.2538831592305
2025-09-01 23:47:49.105000,-134.54283520108748,265.31880082236034,32.35154854002379,-223.3114271429279,13.891422769198277,17.593336696306384,4.560820290593246,-23.4612495713847,52.660091179139634,351.7217611219473,-892.5779928597985,451.2760110311278
2025-09-01 23:47:49.128000,-114.50235714552414,271.59680877062,35.84244336395055,-203.41888608201864,25.75545694306876,20.1423827983219,16.93928601365722,-14.430107521059611,53.039688874790464,351.7976553643138,-891.7708893871971,448.3109434118659
2025-09-01 23:47:49.138875,-95.02455944049153,276.80184107678895,39.50671641278587,-182.34869714407776,37.43282003273387,23.257766997948877,30.0729686876527,-5.102454719421953,53.43708127811215,351.6651333927538,-890.6794510310518,446.18929483375484
2025-09-01 23:47:49.149750,-77.06428733336955,280.6349468216231,43.14503127412876,-161.71432756821497,48.24537554766265,26.648668467067417,42.92282755238271,3.758844859204721,53.83244759300049,351.32319588205667,-889.3842659648075,444.6377997066424
2025-09-01 23:47:49.160625,-61.48301933160529,282.67623579958155,46.23152276940665,-143.13391082006856,57.33212827857656,29.719088762878485,54.17594219005465,11.30289924871797,54.22952346761694,350.79498459206025,-888.0079563291388,443.4159472193962
2025-09-01 23:47:49.171500,-49.29271633971397,282.35972382539103,47.97393927540507,-128.22289112275953,63.60514940446792,31.65218570103748,62.33719201246725,16.614497729340062,54.64771104138863,350.1234641624148,-886.6938515252144,442.3129471442893
2025-09-01 23:47:49.182375,-41.841162678863476,278.98545526557933,47.40464367657527,-118.57786114313399,65.75300214093325,31.504246171517536,65.82900303028794,18.739283348403585,55.10719859483596,349.36340842660513,-885.5700569549401,441.12577810923875
2025-09-01 23:47:49.193250,-40.619448343003825,271.94838393243344,43.66989970440577,-115.51127530657622,62.53960806882654,28.471348410617942,63.3287240082629,16.898522835557664,55.615408711621406,348.57232717425643,-884.7164430001619,439.7077804100156
2025-09-01 23:47:49.215000,-46.75808197842843,261.10693602795044,36.42932403251524,-119.61534712379078,53.30161149821001,22.25184671642358,54.2463976229238,10.81760510839829,56.16164759422939,347.8028023122906,-884.1507475320323,437.9926979797493
2025-09-01 23:47:49.222500,-60.555642828083926,247.02637906708776,26.087763761035795,-130.46708438201253,38.304583324901145,13.24669560733741,39.00860009268393,0.9080458323916529,56.72014752940051,347.09923454282256,-883.8354966665937,435.9611740513793
2025-09-01 23:47:49.230000,-81.27701521138749,230.92432446880798,13.707992482101256,-146.6717157044278,18.74943448038876,2.455318855118278,18.97321758924939,-11.828642876426482,57.25803569793195,346.5019071925367,-883.6975061110428,433.63980909424953
2025-09-01 23:47:49.237500,-107.20678274293502,214.3798359583947,0.7307878807637143,-166.15685003602354,-3.4790791517024457,-8.80637641414084,-3.8695610056496577,-26.042681638572976,57.744821759942404,346.0554551839979,-883.6521453881122,431.1200426556483
2025-09-01 23:47:49.245000,-135.83819306761742,198.9997283389706,-11.276694866482744,-186.50233962161872,-26.1046524051703,-19.146085894077547,-27.167191301661,-40.227613221874826,58.159037762713965,345.81156120624576,-883.6256827813547,428.5178526298099
2025-09-01 23:47:49.252500,-164.19299514832068,186.12708443612382,-20.836072865403683,-205.26413603735696,-46.764754845881974,-27.289029238307865,-48.46674080944463,-52.884167119067975,58.48881545825314,345.8200617572764,-883.5703984668073,425.93013170131405
2025-09-01 23:47:49.260000,-189.31826465776138,176.5635405364788,-26.853291142482696,-220.37603241919174,-63.42636686844901,-32.346846554793224,-65.61469707613033,-62.782051561760916,58.72758615385774,346.1138341941128,-883.4702178026848,423.4898139380356
2025-09-01 23:47:49.275000,-208.85074216518635,170.35558322821907,-28.935163729503124,-230.56471242309894,-74.83277049550829,-34.10095289242625,-77.2120079971833,-69.26410404434488,58.86859324636319,346.69634486844234,-883.3363330944825,421.46090664231735
2025-09-01 23:47:49.286375,-221.4244104161892,166.78298726331167,-27.51813301607329,-235.5670886681995,-80.74233665774479,-33.090569271601375,-82.87249802467254,-72.39222002318515,58.90151551892137,347.5374518643007,-883.195587338117,420.226832273603
2025-09-01 23:47:49.297750,-226.76787584091565,164.6185273405043,-23.68730493487562,-236.00558887866734,-81.80874409569935,-30.39307552288034,-83.13373123252616,-72.8140159257186,58.81281479099187,348.57770122821523,-883.0776850642468,420.15890899762223
2025-09-01 23:47:49.309125,-225.51057337036266,162.54854806295324,-18.782031292322362,-232.98387059732627,-79.18343565854067,-27.209296799284537,-79.09812983944195,-71.43567694862635,58.58905558348727,349.7353048993675,-883.0036357479684,421.4787496572907
2025-09-01 23:47:49.320500,-218.8365704526547,159.54608888641525,-14.005493455537206,-227.6097174639308,-74.06526774132941,-24.480292492226685,-72.02275384926827,-69.09944299862885,58.220981080362144,350.9109773966743,-882.9749879258432,424.19186376825576
2025-09-01 23:47:49.331875,-208.10222440356182,155.1062931188941,-10.147302486897946,-220.60768217474595,-67.34770164630127,-22.64561244376777,-62.99939256186772,-66.36104974845483,57.70653861226962,351.99492448775516,-882.9694218718603,428.091631823694
2025-09-01 23:47:49.343250,-194.4945665468392,149.3856019241728,-7.399626311131004,-212.0965288980218,-59.39348843325074,-21.52268921918043,-52.73919342069562,-63.34870105161388,57.052679009870296,352.8831816408488,-882.9489952742117,432.8088297400292
2025-09-01 23:47:49.366000,-178.85303846275394,143.22818858591899,-5.294253597429152,-201.60994064303787,-49.98363511631306,-20.326374341195663,-41.48821822002619,-59.74695871616072,56.27637489364468,353.5003592659064,-882.8760692792428,437.8839766289956
2025-09-01 23:47:49.376875,-161.79696784421174,137.96646118320356,-2.8654436422755007,-188.4273569468334,-38.53112997105954,-17.90750366913737,-29.15741388550926,-55.01425920830569,55.40414402229597,353.8165718609328,-882.7268099878692,442.84379325255065
2025-09-01 23:47:49.387750,-144.14763198365094,134.938847305689,0.9202707583026211,-172.1548164728475,-24.56623030666694,-13.216654507594635,-15.686938038587451,-48.804026748498046,54.47017103628156,353.85112930675444,-882.4990386829807,447.2752132139768
2025-09-01 23:47:49.398625,-127.32806153527676,134.86956413074958,6.604362343733818,-153.2917295989856,-8.314016187393273,-5.839840985597791,-1.4957850675536433,-41.34895652807382,53.51519512121545,353.6655319177077,-882.2150854321519,450.90872235071754
2025-09-01 23:47:49.409500,-113.33416594451012,137.44435117700593,13.838955995410037,-133.41846784552865,8.961506192844352,3.666968037430007,12.254075805516647,-33.55721117891114,52.58560465192543,353.34977682145995,-881.9173271992231,453.69935722869093
2025-09-01 23:47:49.420375,-104.2377556572698,141.36529541718508,21.414257055865047,-114.84258322110371,25.110090638854214,13.86931897555693,23.79052642451364,-26.76201570969446,51.72804013526817,353.0041119096661,-881.6555933987248,455.82329805874195
2025-09-01 23:47:49.431250,-101.55849755005451,144.85746323565766,27.70834461307873,-99.90080931639972,37.709592048362516,22.945958520342028,31.223543579066337,-22.272082821342007,50.97941760332669,352.72117357523064,-881.474280953066,457.5293792297342
2025-09-01 23:47:49.453000,-105.82325700948547,146.32444634005864,31.285664336466183,-90.28058536698934,44.815638715633995,29.30510010126761,33.137802936022325,-20.948090780684076,50.36069614451649,352.57469395812143,-881.4090554592278,458.9459373141357
2025-09-01 23:47:49.464375,-116.44391062330098,144.8187434982168,31.338246774449846,-86.65482714763499,45.47221060797584,32.02008575864052,29.017897779233465,-22.970865681159953,49.88000953231277,352.6152398313641,-881.4911447755854,460.02054189048215
2025-09-01 23:47:49.475750,-131.8973389398516,140.17102337933122,27.825187161045935,-88.72175229316443,39.80952191391372,30.942911600061947,19.361490545219528,-27.85441281851363,49.5416314441553,352.8676869049691,-881.7484673892972,460.6295120916383
2025-09-01 23:47:49.487125,-150.03625710914744,132.89105451570543,21.382719809897708,-95.46584029313595,28.865910649688722,26.58438559095062,5.527635599467762,-34.621427277536895,49.35470525447887,353.32618772294325,-882.2005099401739,460.7237361044421
2025-09-01 23:47:49.498500,-168.35893624636503,124.03400301159058,13.161662565780746,-105.38624886525446,14.365942116367147,19.93962728401126,-10.514055019993807,-42.00376390065157,49.33689696287995,353.94877980239556,-882.8541623333493,460.38210811016677
2025-09-01 23:47:49.509875,-184.2909563236457,115.01413803973216,4.599752399713378,-116.70035711288179,-1.545733220528904,12.279498718693432,-26.50220961896305,-48.660996819562826,49.51033437359212,354.65893004528937,-883.70610198072,459.7751773418715
2025-09-01 23:47:49.521250,-195.59204117167945,107.2550535541037,-2.9432170872538936,-127.67127578422004,-16.72879727988361,4.829791056088502,-40.338129511906196,-53.48289034702274,49.892391585671454,355.3576650428685,-884.7466071302362,459.0920600767894
2025-09-01 23:47:49.544000,-200.7919699457957,101.77012905725549,-8.589202289693105,-137.00526714274739,-29.535460295677822,-1.5872447797604965,-50.569829620490715,-55.89459932813925,50.486929194390605,355.9418121964178,-885.9533581506121,458.4519464735598
2025-09-01 23:47:49.551500,-199.44691086304914,98.91265269146434,-12.155078121068865,-144.0913478100573,-39.10504273404033,-6.738096980933531,-56.65464580585562,-55.97793475544706,51.27957316529797,356.32269839191565,-887.2737722167926,457.85903398209655
2025-09-01 23:47:49.559000,-192.09044005998294,98.43774702007691,-14.044210061760081,-148.92609768095295,-45.30483916441154,-10.862822909808914,-58.858434334230914,-54.32346531371529,52.23764327926321,356.4407876851603,-888.6101275184858,457.26282637830616
2025-09-01 23:47:49.566500,-179.90591146434426,99.80374253065331,-14.906042786644573,-151.763488563739,-48.40168019585053,-14.35453590183525,-57.8910088509911,-51.71130750373811,53.31387632477606,356.26908574896464,-889.8229994931123,456.65997755661226
2025-09-01 23:47:49.574000,-164.28833361719956,102.50822755273953,-15.278150100717664,-152.70075666760852,-48.70600821687461,-17.452077979777997,-54.506655057329034,-48.791198071307214,54.45289232577859,355.8034350105674,-890.7550747380843,456.12000171384045
2025-09-01 23:47:49.581500,-146.47178096822947,106.32313468708972,-15.334802334559056,-151.41290721798083,-46.341449138819776,-20.051381145252027,-49.19731995339307,-45.840478311481576,55.59963553524005,355.05111727185783,-891.2631145280618,455.7257809986726
2025-09-01 23:47:49.589000,-127.28998208242959,111.41525657738023,-14.739940744321949,-147.08877615803237,-41.132491501326584,-21.60334277362522,-41.98322420121128,-42.61151218177754,56.7072419233937,354.03051633718655,-891.2448891544491,455.5032335173673
2025-09-01 23:47:49.604000,-107.08524608908935,118.34594835881289,-12.626231240264913,-138.52592196575264,-32.5985785834928,-21.107647194169335,-32.35548297463212,-38.330724572558736,57.739002318145324,352.78101609282896,-890.6587216533846,455.3688968762305
2025-09-01 23:47:49.615250,-85.78736358950712,127.9076219605698,-7.7835974150185905,-124.39971282411081,-20.106460476563857,-17.296691475398763,-19.48608521641898,-31.917371454432917,58.662919135569354,351.37164752099574,-889.5368347105111,455.0931742044364
2025-09-01 23:47:49.626500,-63.14733583182301,140.7809169170144,0.915140408058351,-103.71971019961921,-3.2041533960781354,-9.054211473825736,-2.704258924736948,-22.398774597941408,59.44658716029709,349.90021867256684,-887.9877779585275,454.33222176854485
2025-09-01 23:47:49.637750,-39.05986977216879,157.10293248330484,13.983714974118993,-76.3229941513989,17.95875557863333,4.062978913131067,17.968888044127198,-9.375862254426947,60.06063328929485,348.4844134014948,-886.1840662959511,452.7656593086782
2025-09-01 23:47:49.649000,-13.864827851047327,176.17069100584902,30.96572795383848,-43.15768462222894,42.349297913976095,21.48993917166359,41.54131537479744,6.709093828531566,60.48849885944278,347.24915292369394,-884.339160994731,450.25150844527815
2025-09-01 23:47:49.660250,11.556833925922513,196.5048499169315,50.49428771427428,-6.209804727902122,68.13644621567423,41.741760006441226,66.22248113014749,24.684282631624324,60.73348299478748,346.31167288546584,-882.6804681924025,446.86497721311656
2025-09-01 23:47:49.671500,36.02160568688752,216.27929196123048,70.74706793589878,31.92310262205513,93.15932486353422,62.8874572190236,89.94247579689707,43.07126413901165,60.81691410783413,345.7659819564434,-881.4192427980728,442.80797159651263
2025-09-01 23:47:49.694000,58.45794672172116,233.87381031420327,90.02130256718903,68.65546061413896,115.52647688874863,83.13057119298281,110.90590307383565,60.56178186429512,60.7687052692646,345.6686682911243,-880.7159522168871,438.305714152922
2025-09-01 23:47:49.701750,78.17163712838143,248.252627634939,107.1265073592999,101.92258181905667,134.02011153135732,101.19600656422604,127.94707537944757,76.29970511709769,60.61750923403151,346.027036142286,-880.6489498069047,433.5766766501198
2025-09-01 23:47:49.709500,94.8227516921296,259.0090057409668,121.4468008960354,130.34535326483532,148.13656989502806,116.37833261344583,140.62280312692926,89.8705479337433,60.38644503679946,346.7938381686343,-881.1995720484792,428.85952572979534
2025-09-01 23:47:49.717250,108.22693938182778,266.1347419565703,132.73188255246376,153.14432365459942,157.84061343801469,128.32588084246936,149.06115738747167,101.10316407008034,60.09382446690641,347.87440707137057,-882.25836592218,424.46159394992213
2025-09-01 23:47:49.725000,118.16124695491239,269.71200651359567,140.81019759378867,169.9981252286298,163.2452897662048,136.76734237992574,153.6573281685395,109.86699597081275,59.755238388860064,349.145329303645,-883.6508866733797,420.7666648726387
2025-09-01 23:47:49.732750,124.28476629602889,269.6754520588212,145.37903837547591,180.86023765173235,164.36559889996002,141.33045071806563,154.75179708882035,115.94319273375717,59.385097093678965,350.4776575591793,-885.1760916400053,418.13486529516206
2025-09-01 23:47:49.740500,126.18983701296693,265.68976453146735,145.91245247497307,185.74045795795388,160.98816945987429,141.47587657784794,152.3909553407571,118.95898515586113,58.997357708672915,351.7577565360722,-886.6391599025444,416.77744044427294
2025-09-01 23:47:49.756000,123.520901720516,257.16760632606673,141.68796269600338,184.58791240906802,152.67746851000135,136.52868171882824,146.24772144009847,118.38908746651789,58.605505423066774,352.9004087324582,-887.8680038268491,416.7362324017605
2025-09-01 23:47:49.767125,116.08831420693215,243.44995998850837,131.94267041150164,177.34323587377597,138.94145763521158,125.81673476269705,135.7595666914379,113.64321047832254,58.223363030819534,353.8510382007087,-888.7255506033156,417.94418955700723
2025-09-01 23:47:49.778250,103.98987953485162,224.12891828265816,116.162189687275,164.10741397321536,119.54107530163279,108.94272512115435,120.46082323186795,104.26495958825167,57.868690348776106,354.5797145880769,-889.1276984790802,420.2861578428905
2025-09-01 23:47:49.789375,87.72813582300884,199.39755630362993,94.4232924013467,145.33301800123735,94.81200609530723,86.12827172271726,100.35672871650193,90.21270206721982,57.56700711020977,355.0741891996541,-889.0566302784953,423.6154403311065
2025-09-01 23:47:49.800500,68.17432492758017,170.21872860451,67.58142538710823,121.88134214122886,65.77348741782754,58.40809726226789,76.0989448337606,72.04203887425437,57.35013592023799,355.33667392405647,-888.5582811314746,427.6979117909597
2025-09-01 23:47:49.811625,46.314346267425705,138.18007902121533,37.14291685118774,94.85824479285392,33.925703514535044,27.491091783097552,48.84930032813834,50.82206332422422,57.24906237947614,355.3825423320517,-887.7259729581473,432.1369988812727
2025-09-01 23:47:49.822750,22.931382855622463,105.11071628804531,4.894172089700635,65.34098598891916,0.8636413050892268,-4.641576135450428,19.953933308992173,27.848589572793138,57.28682526842825,355.2362588771087,-886.6774668905276,436.39513182672
2025-09-01 23:47:49.845000,-1.5671850769964493,72.66425923365125,-27.504261522648175,34.174881503023165,-32.08296141089346,-36.17708106742146,-9.37855208285862,4.343347709439707,57.475349481871255,354.92558756101135,-885.5348378278981,439.9043660525037
2025-09-01 23:47:49.852500,-27.05225257574163,42.073962757388784,-58.763861933010034,1.9632509161160785,-64.00035821943507,-65.73983336649245,-38.23844751077106,-18.71255620296126,57.81427517225335,354.4805795729132,-884.4153291261974,442.15326152508476
2025-09-01 23:47:49.860000,-53.34283520042667,14.187441410405466,-87.94368496296497,-30.723112544450515,-94.24719082360033,-92.3744797455594,-65.92571669904316,-40.54574729237869,58.28907904835473,353.9365949637166,-883.4276732310849,442.77072992318597
2025-09-01 23:47:49.867500,-79.85735011837187,-10.29529351904402,-114.21493211545793,-63.0495060767219,-122.12773882567667,-115.31020116939324,-91.67930176909685,-60.42447321845719,58.86852403933251,353.33382360707776,-882.6634662750199,441.67391384703967
2025-09-01 23:47:49.875000,-105.45038755003051,-30.582881146512765,-136.61307540525513,-93.73376804866275,-146.6179797482952,-133.71063901032247,-114.42472008681106,-77.51096551064879,59.50284604084972,352.7128131967604,-882.186465495297,439.1627016070489
2025-09-01 23:47:49.882500,-128.472724681899,-45.69249789556336,-153.93345432455453,-121.05501072984408,-166.29463724746182,-146.56231053705466,-132.6954906393232,-90.81604071913786,60.12452182247827,352.111098644192,-882.0281232689374,435.84896362570305
2025-09-01 23:47:49.890000,-146.9839407204947,-54.48976136379695,-164.789782864822,-143.00783877262592,-179.45823618529312,-152.7177916566519,-144.74966521761883,-99.24131820094085,60.65150956487297,351.5612387415934,-882.1889821515539,432.4954141061559
2025-09-01 23:47:49.905000,-159.05056099414293,-55.828579323854555,-167.7952870646963,-157.55554809876642,-184.38821160136538,-151.05768578806175,-148.83415631467295,-101.69639058951009,60.992867419412676,351.0874439608288,-882.6377163414679,429.84292587054495
2025-09-01 23:47:49.916375,-163.0947517227333,-48.79690502911097,-161.8568253008433,-162.98812744406345,-179.71173676379453,-140.76726847008405,-143.5671999372906,-97.32215583128493,61.06178006168391,350.70291628357336,-883.3048874011406,428.43612852109425
2025-09-01 23:47:49.927750,-158.2399576610324,-33.05961788071296,-146.55552895705844,-158.3587603448188,-164.8458085151525,-121.7002170659057,-128.38184004168832,-85.80806511329091,60.79818364447153,350.4132200590616,-884.083934111694,428.516680532612
2025-09-01 23:47:49.939125,-144.52335222990152,-9.151733415077882,-122.45557589405625,-143.8235377160627,-140.3205281658935,-94.66575197397611,-103.84267873512023,-67.65321544996218,60.19086621294921,350.22334455501425,-884.8515007879595,430.05959765973887
2025-09-01 23:47:49.950500,-122.87330645378371,21.46519106678983,-91.15071629186981,-120.67985982502194,-107.77864482876173,-61.447237302102835,-71.6462156617312,-44.19899761563635,59.28430698660876,350.1397938740903,-885.4987878578962,432.89584055579655
2025-09-01 23:47:49.961875,-94.94397863028142,56.56675506283335,-55.070117392269694,-91.1370225277473,-69.71716413839283,-24.57990450242922,-34.3638658048829,-17.454142085347538,58.16545149611638,350.1660398719365,-885.9546813140694,436.8012930731731
2025-09-01 23:47:49.973250,-62.962859001426025,93.38993447993431,-17.217812872821604,-58.02800835152853,-29.196044637788663,12.929002419612443,4.863355110817596,10.135550894406293,56.94100416558515,350.2972879173018,-886.190292383212,441.48985117561705
2025-09-01 23:47:49.996000,-29.576932183100443,128.87093615822786,19.096891757599412,-24.549092891352338,10.42899149257806,47.87711233452354,42.618899044432894,35.92341232052897,55.719672129313935,350.5183402489603,-886.2089062869052,446.5337172278431
2025-09-01 23:47:50.007375,2.417257205412717,159.9782951106116,50.62756823014257,6.06628745689516,45.8598070668503,77.23067211655025,75.59231435168057,57.37923619652225,54.602847179916076,350.8034829640933,-886.0334883971678,451.3278816055123
2025-09-01 23:47:50.018750,30.480899431013228,184.17878851732448,74.70201387769814,31.014931431592643,74.34375890830367,98.61322141290623,101.09136746462903,72.51704090562116,53.67886883040565,351.1168831458021,-885.7005801943666,455.2026345942569
2025-09-01 23:47:50.030125,52.75729374283075,199.90547074167966,89.74018107726548,48.42000071486934,94.15442844373389,110.77551502453858,117.5464685662233,80.30532925966727,53.016846641322154,351.41533214945184,-885.258158212909,457.6228471836581
2025-09-01 23:47:50.041500,68.34883604049928,206.8139629059921,95.55268157583262,57.643470359968,104.84918577068838,113.83268098232044,124.78810423703537,80.87168254542054,52.65911984853978,351.65461729778724,-884.7592419431529,458.33076810802515
2025-09-01 23:47:50.052875,77.3653287397211,205.7599281475399,93.32692140016682,59.32208276078906,107.24320363355602,109.20164041529267,124.01364699268537,75.4441197782787,52.61548934568973,351.79583712685377,-884.2506302452246,457.3771372159873
2025-09-01 23:47:50.064250,80.7633102527356,198.60422840789485,85.38060898649441,55.166610500870696,103.20128612974251,99.32998168153209,117.54123179706288,66.10586257135331,52.86420493884825,351.8094922502352,-883.7650394224831,455.0701626266351
2025-09-01 23:47:50.087000,80.0683804889061,187.93698669817513,74.7805078181841,47.60047850003204,95.33093255048917,87.30865291604276,108.4558628265873,55.43592063103475,53.35947412419766,351.6800542020022,-883.3210008061432,451.8836969581672
2025-09-01 23:47:50.098500,77.0925268246689,176.70255917767508,64.85012665678533,39.326061352867654,86.57456885541326,76.38854831307881,100.12683526065342,46.077549772474164,54.039079020062566,351.411642773992,-882.9272686053276,448.3551834768758
2025-09-01 23:47:50.110000,73.66674374236261,167.6742080294191,58.554241224422945,32.87009811518793,79.68063711008524,69.38843351910032,95.53838210236547,40.27182872466005,54.82820548285596,351.03190274092213,-882.5876298587049,444.99411209642983
2025-09-01 23:47:50.121500,71.3658521100328,162.83801612764012,57.824550117816884,30.154750893269508,76.62309031163352,68.06195011048342,96.54019751895554,39.39205353270464,55.64484121696949,350.59083376567827,-882.3013849885259,442.21314978631074
2025-09-01 23:47:50.133000,71.30661339404135,162.92615216693247,63.069403958036524,32.235103550595454,78.1841787228086,72.66794455295015,103.34550868765443,43.61345908118261,56.41311459688496,350.15158922862736,-882.0561862365304,440.28703874093515
2025-09-01 23:47:50.144500,74.09815098914353,167.36318765879747,73.16257756447534,39.29953823531835,83.91697166708256,82.01607187328047,114.58713760391628,51.93517688292811,57.0787210306136,349.7742171553595,-881.8198093134464,439.3389309585856
2025-09-01 23:47:50.156000,79.84817916515316,174.64735703812173,85.94040064562385,50.820079184095874,92.47812312414821,93.98343967840208,127.89896562035176,62.58703429917934,57.614786017402515,349.5003674621376,-881.542294260856,439.35007069773303
2025-09-01 23:47:50.179000,88.09511127831075,182.92102544224102,98.92375689590745,65.69072350530881,102.105406490604,106.2075564396923,140.68346010366693,73.60003684616476,58.017560409162975,349.3468714459233,-881.1701891238275,440.18654891043013
2025-09-01 23:47:50.189875,97.72710888871461,190.44264985460765,109.93685558313274,82.33351186229714,111.01025706101905,116.64058180112688,150.73938355033428,83.28245731528864,58.301272038731774,349.3078996365473,-880.6660912046808,441.6360373124156
2025-09-01 23:47:50.200750,107.06301397896553,195.8124607012504,117.4245261762129,98.8311868721975,117.58853740473108,123.79967672066935,156.5696021872692,90.43722976677287,58.49613126232311,349.3621366261867,-880.0272481443797,443.4333943448826
2025-09-01 23:47:50.211625,114.13990364711823,197.98481100433568,120.44312548927483,113.09784067168174,120.48815701806967,126.73201041168049,157.33374228492582,94.29467032402675,58.64334455430808,349.484791299549,-879.2972612784439,445.2431643254114
2025-09-01 23:47:50.222500,117.06545692121435,196.1993937765765,118.47001146771478,123.04876910180256,118.62770436052222,124.85634407434631,152.58938166876024,94.29925615840853,58.78311344014964,349.6613881028645,-878.5658441200072,446.6369857797214
2025-09-01 23:47:50.233375,114.28606820199477,189.9189962984421,111.20813405442009,126.75544978446862,111.21746542114509,117.82624603548263,142.04266908041387,89.93571544395188,58.94150888819321,349.89422221340516,-877.9559582757762,447.17880564130326
2025-09-01 23:47:50.244250,104.74440504412203,178.7819671762833,98.46294931982365,122.60741761261129,97.77603343939595,105.44565505378205,125.4331824028471,80.6790311802109,59.12341205035678,350.1976785250999,-877.6009787430704,446.6306850155635
2025-09-01 23:47:50.266000,87.97175279177456,162.5805068700542,80.11438749036354,109.49365613822137,78.1450218859447,87.64323981990921,102.57506728430641,66.06984138939501,59.31351850318037,350.5877661284814,-877.6183909504149,445.12985092364863
2025-09-01 23:47:50.273625,64.16554363036238,141.32496964923786,56.22780994008826,87.01764140618178,52.55882226973658,64.56364783012786,73.55607182188866,45.91315319651318,59.484943936507854,351.07074040586065,-878.0888223796876,443.18423791927023
2025-09-01 23:47:50.281250,34.29186086001229,115.45615834508291,27.32529614914819,55.763459575833615,21.830827090401467,36.81074619370972,39.06373711708849,20.578245305725446,59.611644309191846,351.6332442062069,-879.0428462285461,441.4740367895173
2025-09-01 23:47:50.288875,0.20509643093728006,86.16396583703138,-5.286823419257075,17.541205867458164,-12.394954627901061,5.739677886518661,0.7021387714596843,-8.717214963318478,59.67619652959888,352.23768009817115,-880.4512970521426,440.59221991412744
2025-09-01 23:47:50.296500,-35.34599593528437,55.590840978501014,-39.38038410714825,-24.59921007858532,-47.5462870119504,-26.443422456851366,-38.9372753733657,-39.849252845948676,59.667582241724155,352.8254228701039,-882.2202845944993,440.8791077019047
2025-09-01 23:47:50.304125,-69.02929938381425,26.64086704788362,-72.07364831630561,-66.78628591282401,-80.41799057108314,-56.97195122368544,-76.62512389602546,-70.10670105747866,59.573542553246504,353.3265960296472,-884.1992471148358,442.3989939189791
2025-09-01 23:47:50.311750,-97.56822314835937,2.3549452167503566,-100.46164373796653,-105.13045391515207,-107.84970565711657,-83.14191313211631,-109.18393760971053,-96.80643301973328,59.37723632384347,353.671724977421,-886.203551078351,444.9791205679077
2025-09-01 23:47:50.327000,-118.42405110961288,-14.852404351222473,-122.30714382508287,-136.56745586223357,-127.47313492140037,-102.96696897508163,-134.20312566510665,-117.9170339055995,59.06168230120358,353.80122755106794,-888.042834113059,448.2110132666616
2025-09-01 23:47:50.337070,-130.20423817657002,-23.70730035043412,-136.45995346163835,-159.3373876005894,-138.16073511101737,-115.5415093674639,-150.44767845926413,-132.39720770694396,58.614573130201244,353.6733261780595,-889.5477706981394,451.453316642608
2025-09-01 23:47:50.347140,-132.70496715233256,-24.1435025884164,-142.86074988205664,-172.97247465625313,-140.01487675587984,-120.98355168801142,-157.83324827385997,-140.15401422282093,58.0279685545272,353.2733352907592,-890.5936815711926,453.97022482301884
2025-09-01 23:47:50.357209,-126.72205845872836,-17.018213722123466,-142.25318756003605,-177.99551994592235,-134.0196311665891,-120.10286870429222,-157.1208613306219,-141.78206002836205,57.300409938565814,352.62541782035566,-891.1201611444191,455.1915540305639
2025-09-01 23:47:50.367279,-113.76759288559303,-3.726029344891445,-135.84098076231047,-175.5615518329697,-121.61453422209226,-114.04346313313779,-149.59143655293505,-138.29817743762277,56.447607114663086,351.8012138276571,-891.1425303786242,454.896684238673
2025-09-01 23:47:50.377349,-95.68499312482004,14.145490737628462,-124.99034322194221,-167.09097218723784,-104.34051835619621,-103.99861597166199,-136.7935411342543,-130.90168907754017,55.5130137448172,350.9141239966988,-890.7473746985535,453.1929635195005
2025-09-01 23:47:50.387419,-74.1857231957741,35.11606241459673,-110.94324860677848,-153.87363406060607,-83.55350887869348,-90.96094363835194,-120.2766942840768,-120.69353959792969,54.56742208410701,350.0965422212133,-890.0705665697307,450.3743925716675
